date,gross_return,transaction_cost,net_return,equity,one_way_turnover,equity_exposure,etf_weight,cash_weight,holding_count,holdings,return_weights,asset_weights,target_drift_due_to_trade_lock,pending_execution,walk_forward_recipe_id,walk_forward_validation_fold,walk_forward_transition
2024-09-04,-0.007785467128027634,0.0005096327953325408,-0.008295099923360175,0.9917049000766398,0.7280468504750582,0.7280468504750582,0.27195314952494176,0.0,11,"[""002463"", ""002594"", ""300133"", ""301291"", ""600900"", ""600938"", ""601872"", ""601899"", ""601939"", ""688008"", ""688183""]","{""515180"": 1.0}","{""002463"": 0.04948589418273246, ""002594"": 0.09150313572307892, ""300133"": 0.047414411120778016, ""301291"": 0.05144020038868097, ""515180"": 0.27195314952494176, ""600900"": 0.13145699963333807, ""600938"": 0.05593975250859322, ""601872"": 0.05076327914054158, ""601899"": 0.05714136441413208, ""601939"": 0.09568713285727273, ""688008"": 0.07079221871058204, ""688183"": 0.02642246179532812}",0.13953495200507218,True,s1_stable_all7_30_vol_target,f3,True
2024-09-05,-0.0001545515561974671,4.81673189713398e-06,-0.00015936828809460108,0.9915468537644195,0.0032335744804353646,0.7280468504750582,0.27195314952494176,0.0,11,"[""002463"", ""002594"", ""300133"", ""301291"", ""600900"", ""600938"", ""601872"", ""601899"", ""601939"", ""688008"", ""688183""]","{""002463"": 0.04948589418273246, ""002594"": 0.09150313572307892, ""300133"": 0.047414411120778016, ""301291"": 0.05144020038868097, ""515180"": 0.27195314952494176, ""600900"": 0.13145699963333807, ""600938"": 0.05593975250859322, ""601872"": 0.05076327914054158, ""601899"": 0.05714136441413208, ""601939"": 0.09568713285727273, ""688008"": 0.07079221871058204, ""688183"": 0.02642246179532812}","{""002463"": 0.04948589418273246, ""002594"": 0.09150313572307892, ""300133"": 0.047414411120778016, ""301291"": 0.05144020038868097, ""515180"": 0.27195314952494176, ""600900"": 0.13145699963333807, ""600938"": 0.05593975250859322, ""601872"": 0.05076327914054158, ""601899"": 0.05714136441413208, ""601939"": 0.09568713285727273, ""688008"": 0.07079221871058204, ""688183"": 0.02642246179532812}",0.13953495200507218,True,s1_stable_all7_30_vol_target,f3,False
2024-09-06,-0.001959062575814599,6.472013552088662e-06,-0.0019655345893666875,0.9895979341263679,0.004350450851673094,0.7280468504750582,0.27195314952494176,0.0,11,"[""002463"", ""002594"", ""300133"", ""301291"", ""600900"", ""600938"", ""601872"", ""601899"", ""601939"", ""688008"", ""688183""]","{""002463"": 0.04948589418273246, ""002594"": 0.09150313572307892, ""300133"": 0.047414411120778016, ""301291"": 0.05144020038868097, ""515180"": 0.27195314952494176, ""600900"": 0.13145699963333807, ""600938"": 0.05593975250859322, ""601872"": 0.05076327914054158, ""601899"": 0.05714136441413208, ""601939"": 0.09568713285727273, ""688008"": 0.07079221871058204, ""688183"": 0.02642246179532812}","{""002463"": 0.04948589418273246, ""002594"": 0.09150313572307892, ""300133"": 0.047414411120778016, ""301291"": 0.05144020038868097, ""515180"": 0.27195314952494176, ""600900"": 0.13145699963333807, ""600938"": 0.05593975250859322, ""601872"": 0.05076327914054158, ""601899"": 0.05714136441413208, ""601939"": 0.09568713285727273, ""688008"": 0.07079221871058204, ""688183"": 0.02642246179532812}",0.13953495200507218,True,s1_stable_all7_30_vol_target,f3,False
2024-09-09,-0.018713989883496443,1.0049045350135337e-05,-0.018724038928846578,0.9710686638838796,0.008173410543499186,0.7280468504750582,0.27195314952494176,0.0,11,"[""002463"", ""002594"", ""300133"", ""301291"", ""600900"", ""600938"", ""601872"", ""601899"", ""601939"", ""688008"", ""688183""]","{""002463"": 0.04948589418273246, ""002594"": 0.09150313572307892, ""300133"": 0.047414411120778016, ""301291"": 0.05144020038868097, ""515180"": 0.27195314952494176, ""600900"": 0.13145699963333807, ""600938"": 0.05593975250859322, ""601872"": 0.05076327914054158, ""601899"": 0.05714136441413208, ""601939"": 0.09568713285727273, ""688008"": 0.07079221871058204, ""688183"": 0.02642246179532812}","{""002463"": 0.04948589418273246, ""002594"": 0.09150313572307892, ""300133"": 0.047414411120778016, ""301291"": 0.05144020038868097, ""515180"": 0.27195314952494176, ""600900"": 0.13145699963333807, ""600938"": 0.05593975250859322, ""601872"": 0.05076327914054158, ""601899"": 0.05714136441413208, ""601939"": 0.09568713285727273, ""688008"": 0.07079221871058204, ""688183"": 0.02642246179532812}",0.13953495200507218,True,s1_stable_all7_30_vol_target,f3,False
2024-09-10,-0.006914123852358417,6.3441046510653986e-06,-0.0069204679570094825,0.9643484143114152,0.004768372903367577,0.7280468504750582,0.27195314952494176,0.0,11,"[""002463"", ""002594"", ""300133"", ""301291"", ""600900"", ""600938"", ""601872"", ""601899"", ""601939"", ""688008"", ""688183""]","{""002463"": 0.04948589418273246, ""002594"": 0.09150313572307892, ""300133"": 0.047414411120778016, ""301291"": 0.05144020038868097, ""515180"": 0.27195314952494176, ""600900"": 0.13145699963333807, ""600938"": 0.05593975250859322, ""601872"": 0.05076327914054158, ""601899"": 0.05714136441413208, ""601939"": 0.09568713285727273, ""688008"": 0.07079221871058204, ""688183"": 0.02642246179532812}","{""002463"": 0.04948589418273246, ""002594"": 0.09150313572307892, ""300133"": 0.047414411120778016, ""301291"": 0.05144020038868097, ""515180"": 0.27195314952494176, ""600900"": 0.13145699963333807, ""600938"": 0.05593975250859322, ""601872"": 0.05076327914054158, ""601899"": 0.05714136441413208, ""601939"": 0.09568713285727273, ""688008"": 0.07079221871058204, ""688183"": 0.02642246179532812}",0.13953495200507218,True,s1_stable_all7_30_vol_target,f3,False
2024-09-11,-0.0019922535818571755,6.825788318059609e-06,-0.001999079370175235,0.9624206052907041,0.004579378385565084,0.7280468504750582,0.27195314952494176,0.0,11,"[""002463"", ""002594"", ""300133"", ""301291"", ""600900"", ""600938"", ""601872"", ""601899"", ""601939"", ""688008"", ""688183""]","{""002463"": 0.04948589418273246, ""002594"": 0.09150313572307892, ""300133"": 0.047414411120778016, ""301291"": 0.05144020038868097, ""515180"": 0.27195314952494176, ""600900"": 0.13145699963333807, ""600938"": 0.05593975250859322, ""601872"": 0.05076327914054158, ""601899"": 0.05714136441413208, ""601939"": 0.09568713285727273, ""688008"": 0.07079221871058204, ""688183"": 0.02642246179532812}","{""002463"": 0.04948589418273246, ""002594"": 0.09150313572307892, ""300133"": 0.047414411120778016, ""301291"": 0.05144020038868097, ""515180"": 0.27195314952494176, ""600900"": 0.13145699963333807, ""600938"": 0.05593975250859322, ""601872"": 0.05076327914054158, ""601899"": 0.05714136441413208, ""601939"": 0.09568713285727273, ""688008"": 0.07079221871058204, ""688183"": 0.02642246179532812}",0.13953495200507218,True,s1_stable_all7_30_vol_target,f3,False
2024-09-12,-0.005462207602600711,1.91248630016699e-05,-0.005481332465602381,0.9571452579813595,0.013532195559585292,0.7280468504750582,0.27195314952494176,0.0,11,"[""002463"", ""002594"", ""300133"", ""301291"", ""600900"", ""600938"", ""601872"", ""601899"", ""601939"", ""688008"", ""688183""]","{""002463"": 0.04948589418273246, ""002594"": 0.09150313572307892, ""300133"": 0.047414411120778016, ""301291"": 0.05144020038868097, ""515180"": 0.27195314952494176, ""600900"": 0.13145699963333807, ""600938"": 0.05593975250859322, ""601872"": 0.05076327914054158, ""601899"": 0.05714136441413208, ""601939"": 0.09568713285727273, ""688008"": 0.07079221871058204, ""688183"": 0.02642246179532812}","{""002463"": 0.04948589418273246, ""002594"": 0.09150313572307892, ""300133"": 0.047414411120778016, ""301291"": 0.05144020038868097, ""515180"": 0.27195314952494176, ""600900"": 0.13145699963333807, ""600938"": 0.05593975250859322, ""601872"": 0.05076327914054158, ""601899"": 0.05714136441413208, ""601939"": 0.09568713285727273, ""688008"": 0.07079221871058204, ""688183"": 0.02642246179532812}",0.13953495200507218,True,s1_stable_all7_30_vol_target,f3,False
2024-09-13,0.004177018690026946,8.8127775467009e-06,0.004168205912480245,0.9611348365047799,0.005902844483084332,0.7280468504750582,0.27195314952494176,0.0,11,"[""002463"", ""002594"", ""300133"", ""301291"", ""600900"", ""600938"", ""601872"", ""601899"", ""601939"", ""688008"", ""688183""]","{""002463"": 0.04948589418273246, ""002594"": 0.09150313572307892, ""300133"": 0.047414411120778016, ""301291"": 0.05144020038868097, ""515180"": 0.27195314952494176, ""600900"": 0.13145699963333807, ""600938"": 0.05593975250859322, ""601872"": 0.05076327914054158, ""601899"": 0.05714136441413208, ""601939"": 0.09568713285727273, ""688008"": 0.07079221871058204, ""688183"": 0.02642246179532812}","{""002463"": 0.04948589418273246, ""002594"": 0.09150313572307892, ""300133"": 0.047414411120778016, ""301291"": 0.05144020038868097, ""515180"": 0.27195314952494176, ""600900"": 0.13145699963333807, ""600938"": 0.05593975250859322, ""601872"": 0.05076327914054158, ""601899"": 0.05714136441413208, ""601939"": 0.09568713285727273, ""688008"": 0.07079221871058204, ""688183"": 0.02642246179532812}",0.13953495200507218,True,s1_stable_all7_30_vol_target,f3,False
2024-09-18,0.005837797527812698,1.0387763469066607e-05,0.005827409764343631,0.9667357630358787,0.0075865388830965615,0.7280468504750582,0.27195314952494176,0.0,11,"[""002463"", ""002594"", ""300133"", ""301291"", ""600900"", ""600938"", ""601872"", ""601899"", ""601939"", ""688008"", ""688183""]","{""002463"": 0.04948589418273246, ""002594"": 0.09150313572307892, ""300133"": 0.047414411120778016, ""301291"": 0.05144020038868097, ""515180"": 0.27195314952494176, ""600900"": 0.13145699963333807, ""600938"": 0.05593975250859322, ""601872"": 0.05076327914054158, ""601899"": 0.05714136441413208, ""601939"": 0.09568713285727273, ""688008"": 0.07079221871058204, ""688183"": 0.02642246179532812}","{""002463"": 0.04948589418273246, ""002594"": 0.09150313572307892, ""300133"": 0.047414411120778016, ""301291"": 0.05144020038868097, ""515180"": 0.27195314952494176, ""600900"": 0.13145699963333807, ""600938"": 0.05593975250859322, ""601872"": 0.05076327914054158, ""601899"": 0.05714136441413208, ""601939"": 0.09568713285727273, ""688008"": 0.07079221871058204, ""688183"": 0.02642246179532812}",0.13953495200507218,True,s1_stable_all7_30_vol_target,f3,False
2024-09-19,0.00776365428912351,8.757684305729288e-05,0.007676077446066217,0.9741565016228241,0.06976747600253592,0.7470203353083538,0.25297966469164634,0.0,12,"[""002463"", ""002594"", ""300133"", ""301291"", ""600150"", ""600900"", ""600938"", ""601872"", ""601899"", ""601939"", ""688008"", ""688183""]","{""002463"": 0.04948589418273246, ""002594"": 0.09150313572307892, ""300133"": 0.047414411120778016, ""301291"": 0.05144020038868097, ""515180"": 0.27195314952494176, ""600900"": 0.13145699963333807, ""600938"": 0.05593975250859322, ""601872"": 0.05076327914054158, ""601899"": 0.05714136441413208, ""601939"": 0.09568713285727273, ""688008"": 0.07079221871058204, ""688183"": 0.02642246179532812}","{""002463"": 0.04603338824787464, ""002594"": 0.08511919289736222, ""300133"": 0.04410642733073476, ""301291"": 0.047851347442498034, ""515180"": 0.25297966469164634, ""600150"": 0.06976747600253602, ""600900"": 0.1222855765660538, ""600938"": 0.052036977167862146, ""601872"": 0.04722165328129382, ""601899"": 0.05315475564361697, ""601939"": 0.08901128311190148, ""688008"": 0.06585322429052523, ""688183"": 0.024579033326094648}",3.2612801348363973e-16,False,s1_stable_all7_30_vol_target,f3,False
2024-09-20,-0.004383417308072153,0.0,-0.004383417308072153,0.9698863671528396,0.0,0.7447578330055852,0.2552421669944149,0.0,12,"[""002463"", ""002594"", ""300133"", ""301291"", ""600150"", ""600900"", ""600938"", ""601872"", ""601899"", ""601939"", ""688008"", ""688183""]","{""002463"": 0.04603338824787464, ""002594"": 0.08511919289736222, ""300133"": 0.04410642733073476, ""301291"": 0.047851347442498034, ""515180"": 0.25297966469164634, ""600150"": 0.06976747600253602, ""600900"": 0.1222855765660538, ""600938"": 0.052036977167862146, ""601872"": 0.04722165328129382, ""601899"": 0.05315475564361697, ""601939"": 0.08901128311190148, ""688008"": 0.06585322429052523, ""688183"": 0.024579033326094648}","{""002463"": 0.0446711473878085, ""002594"": 0.08427194276589887, ""300133"": 0.04557755306346974, ""301291"": 0.047686783087142595, ""515180"": 0.2552421669944149, ""600150"": 0.06621592752217785, ""600900"": 0.12194090803189102, ""600938"": 0.053470167024515285, ""601872"": 0.04750790098547397, ""601899"": 0.0548578422651545, ""601939"": 0.08829567159823133, ""688008"": 0.06565289531897595, ""688183"": 0.024609093954845552}",0.0,False,s1_stable_all7_30_vol_target,f3,False
2024-09-23,-0.004510785676452983,0.0,-0.004510785676452983,0.9655114176200995,0.0,0.7445244010306206,0.25547559896937955,0.0,12,"[""002463"", ""002594"", ""300133"", ""301291"", ""600150"", ""600900"", ""600938"", ""601872"", ""601899"", ""601939"", ""688008"", ""688183""]","{""002463"": 0.0446711473878085, ""002594"": 0.08427194276589887, ""300133"": 0.04557755306346974, ""301291"": 0.047686783087142595, ""515180"": 0.2552421669944149, ""600150"": 0.06621592752217785, ""600900"": 0.12194090803189102, ""600938"": 0.053470167024515285, ""601872"": 0.04750790098547397, ""601899"": 0.0548578422651545, ""601939"": 0.08829567159823133, ""688008"": 0.06565289531897595, ""688183"": 0.024609093954845552}","{""002463"": 0.04440196127676839, ""002594"": 0.08484655258595275, ""300133"": 0.04523433646833805, ""301291"": 0.046505041396262034, ""515180"": 0.25547559896937955, ""600150"": 0.0624297268344724, ""600900"": 0.12235338785243896, ""600938"": 0.05342656068827714, ""601872"": 0.048037966612773805, ""601899"": 0.056620968140585155, ""601939"": 0.08939108495906824, ""688008"": 0.06610086443913435, ""688183"": 0.025175949776549255}",0.0,False,s1_stable_all7_30_vol_target,f3,False
2024-09-24,0.010268237829883212,0.0,0.010268237829883212,0.9754255184836904,0.0,0.7432376055151926,0.2567623944848075,0.0,12,"[""002463"", ""002594"", ""300133"", ""301291"", ""600150"", ""600900"", ""600938"", ""601872"", ""601899"", ""601939"", ""688008"", ""688183""]","{""002463"": 0.04440196127676839, ""002594"": 0.08484655258595275, ""300133"": 0.04523433646833805, ""301291"": 0.046505041396262034, ""515180"": 0.25547559896937955, ""600150"": 0.0624297268344724, ""600900"": 0.12235338785243896, ""600938"": 0.05342656068827714, ""601872"": 0.048037966612773805, ""601899"": 0.056620968140585155, ""601939"": 0.08939108495906824, ""688008"": 0.06610086443913435, ""688183"": 0.025175949776549255}","{""002463"": 0.04426187061820664, ""002594"": 0.08299706711203318, ""300133"": 0.0453187316989222, ""301291"": 0.04536388242874365, ""515180"": 0.2567623944848075, ""600150"": 0.06315603534860505, ""600900"": 0.12240376111627381, ""600938"": 0.05392841105021461, ""601872"": 0.048562405351167334, ""601899"": 0.05689115921824238, ""601939"": 0.09054730113871369, ""688008"": 0.06499570990312621, ""688183"": 0.024811270530943782}",0.0,False,s1_stable_all7_30_vol_target,f3,False
2024-09-25,0.05178567076306859,0.0,0.05178567076306859,1.0259385832377823,0.0,0.7398075598005064,0.2601924401994936,0.0,12,"[""002463"", ""002594"", ""300133"", ""301291"", ""600150"", ""600900"", ""600938"", ""601872"", ""601899"", ""601939"", ""688008"", ""688183""]","{""002463"": 0.04426187061820664, ""002594"": 0.08299706711203318, ""300133"": 0.0453187316989222, ""301291"": 0.04536388242874365, ""515180"": 0.2567623944848075, ""600150"": 0.06315603534860505, ""600900"": 0.12240376111627381, ""600938"": 0.05392841105021461, ""601872"": 0.048562405351167334, ""601899"": 0.05689115921824238, ""601939"": 0.09054730113871369, ""688008"": 0.06499570990312621, ""688183"": 0.024811270530943782}","{""002463"": 0.04610391062324621, ""002594"": 0.08050123248138959, ""300133"": 0.04541553830491048, ""301291"": 0.045007508874955936, ""515180"": 0.2601924401994936, ""600150"": 0.06207708866666643, ""600900"": 0.11853002970115369, ""600938"": 0.05375675904300778, ""601872"": 0.048171112298164634, ""601899"": 0.057086950913821925, ""601939"": 0.09171671354925523, ""688008"": 0.0642159615983957, ""688183"": 0.027224753745538798}",0.0,False,s1_stable_all7_30_vol_target,f3,False
2024-09-26,0.001036452441787951,0.0,0.001036452441787951,1.0270019197875035,0.0,0.7411617783832869,0.25883822161671316,0.0,12,"[""002463"", ""002594"", ""300133"", ""301291"", ""600150"", ""600900"", ""600938"", ""601872"", ""601899"", ""601939"", ""688008"", ""688183""]","{""002463"": 0.04610391062324621, ""002594"": 0.08050123248138959, ""300133"": 0.04541553830491048, ""301291"": 0.045007508874955936, ""515180"": 0.2601924401994936, ""600150"": 0.06207708866666643, ""600900"": 0.11853002970115369, ""600938"": 0.05375675904300778, ""601872"": 0.048171112298164634, ""601899"": 0.057086950913821925, ""601939"": 0.09171671354925523, ""688008"": 0.0642159615983957, ""688183"": 0.027224753745538798}","{""002463"": 0.04487387002992437, ""002594"": 0.08232539608366225, ""300133"": 0.047091261998981636, ""301291"": 0.04482801964470721, ""515180"": 0.25883822161671316, ""600150"": 0.0642387783089878, ""600900"": 0.11893400952684037, ""600938"": 0.05299815229909748, ""601872"": 0.046271558383575495, ""601899"": 0.05768501532605981, ""601939"": 0.09096805795414564, ""688008"": 0.06324920243112502, ""688183"": 0.027698456396179825}",0.0,False,s1_stable_all7_30_vol_target,f3,False
2024-09-27,0.031497647265228995,0.0,0.031497647265228995,1.0593500639976834,0.0,0.7368659612723609,0.2631340387276391,0.0,12,"[""002463"", ""002594"", ""300133"", ""301291"", ""600150"", ""600900"", ""600938"", ""601872"", ""601899"", ""601939"", ""688008"", ""688183""]","{""002463"": 0.04487387002992437, ""002594"": 0.08232539608366225, ""300133"": 0.047091261998981636, ""301291"": 0.04482801964470721, ""515180"": 0.25883822161671316, ""600150"": 0.0642387783089878, ""600900"": 0.11893400952684037, ""600938"": 0.05299815229909748, ""601872"": 0.046271558383575495, ""601899"": 0.05768501532605981, ""601939"": 0.09096805795414564, ""688008"": 0.06324920243112502, ""688183"": 0.027698456396179825}","{""002463"": 0.044154860335439305, ""002594"": 0.08258541905547331, ""300133"": 0.04782447340912742, ""301291"": 0.04421783277553524, ""515180"": 0.2631340387276391, ""600150"": 0.0638956867384761, ""600900"": 0.11611074135028034, ""600938"": 0.05005693043519746, ""601872"": 0.04643663088007672, ""601899"": 0.05857815404531163, ""601939"": 0.09085195010400153, ""688008"": 0.06487129937228021, ""688183"": 0.027281982771161662}",0.0,False,s1_stable_all7_30_vol_target,f3,False
2024-09-30,0.03799713939032721,0.0,0.03799713939032721,1.0996023360425553,0.0,0.7436613512043768,0.2563386487956233,0.0,12,"[""002463"", ""002594"", ""300133"", ""301291"", ""600150"", ""600900"", ""600938"", ""601872"", ""601899"", ""601939"", ""688008"", ""688183""]","{""002463"": 0.044154860335439305, ""002594"": 0.08258541905547331, ""300133"": 0.04782447340912742, ""301291"": 0.04421783277553524, ""515180"": 0.2631340387276391, ""600150"": 0.0638956867384761, ""600900"": 0.11611074135028034, ""600938"": 0.05005693043519746, ""601872"": 0.04643663088007672, ""601899"": 0.05857815404531163, ""601939"": 0.09085195010400153, ""688008"": 0.06487129937228021, ""688183"": 0.027281982771161662}","{""002463"": 0.0454873536663055, ""002594"": 0.0846103609013663, ""300133"": 0.05033765871700851, ""301291"": 0.0472052483815755, ""515180"": 0.2563386487956233, ""600150"": 0.06536261088200332, ""600900"": 0.11022060679855274, ""600938"": 0.050116905894665005, ""601872"": 0.049919426626744076, ""601899"": 0.05653612691535642, ""601939"": 0.08374089172113663, ""688008"": 0.07025628114310233, ""688183"": 0.02986787955656045}",0.0,False,s1_stable_all7_30_vol_target,f3,False
2024-10-08,0.18244935619908068,0.0,0.18244935619908068,1.3002240743285247,0.0,0.7458546505208125,0.2541453494791875,0.0,12,"[""002463"", ""002594"", ""300133"", ""301291"", ""600150"", ""600900"", ""600938"", ""601872"", ""601899"", ""601939"", ""688008"", ""688183""]","{""002463"": 0.0454873536663055, ""002594"": 0.0846103609013663, ""300133"": 0.05033765871700851, ""301291"": 0.0472052483815755, ""515180"": 0.2563386487956233, ""600150"": 0.06536261088200332, ""600900"": 0.11022060679855274, ""600938"": 0.050116905894665005, ""601872"": 0.049919426626744076, ""601899"": 0.05653612691535642, ""601939"": 0.08374089172113663, ""688008"": 0.07025628114310233, ""688183"": 0.02986787955656045}","{""002463"": 0.04582291882497438, ""002594"": 0.08361838675971038, ""300133"": 0.05502141447797964, ""301291"": 0.050814586835285634, ""515180"": 0.2541453494791875, ""600150"": 0.06428104434429935, ""600900"": 0.10423846295389903, ""600938"": 0.05002661402795233, ""601872"": 0.048002515934878684, ""601899"": 0.05288814187790253, ""601939"": 0.07804847807256284, ""688008"": 0.08054551317261684, ""688183"": 0.032546573238750855}",0.0,False,s1_stable_all7_30_vol_target,f3,False
2024-10-09,-0.08346350924098796,0.0,-0.08346350924098796,1.1917028102854508,0.0,0.7498230065667979,0.2501769934332022,0.0,12,"[""002463"", ""002594"", ""300133"", ""301291"", ""600150"", ""600900"", ""600938"", ""601872"", ""601899"", ""601939"", ""688008"", ""688183""]","{""002463"": 0.04582291882497438, ""002594"": 0.08361838675971038, ""300133"": 0.05502141447797964, ""301291"": 0.050814586835285634, ""515180"": 0.2541453494791875, ""600150"": 0.06428104434429935, ""600900"": 0.10423846295389903, ""600938"": 0.05002661402795233, ""601872"": 0.048002515934878684, ""601899"": 0.05288814187790253, ""601939"": 0.07804847807256284, ""688008"": 0.08054551317261684, ""688183"": 0.032546573238750855}","{""002463"": 0.04978732655241043, ""002594"": 0.08492050539664305, ""300133"": 0.05535523392466487, ""301291"": 0.04804885732118835, ""515180"": 0.2501769934332022, ""600150"": 0.0647974720614643, ""600900"": 0.10226961988804835, ""600938"": 0.04975368704904307, ""601872"": 0.046890316801282965, ""601899"": 0.0516003996594178, ""601939"": 0.08019841300399023, ""688008"": 0.08315872267564073, ""688183"": 0.0330424522330037}",0.0,False,s1_stable_all7_30_vol_target,f3,False
2024-10-10,-0.03937028520187143,0.0,-0.03937028520187143,1.1447851307686407,0.0,0.7565035976848058,0.24349640231519432,0.0,12,"[""002463"", ""002594"", ""300133"", ""301291"", ""600150"", ""600900"", ""600938"", ""601872"", ""601899"", ""601939"", ""688008"", ""688183""]","{""002463"": 0.04978732655241043, ""002594"": 0.08492050539664305, ""300133"": 0.05535523392466487, ""301291"": 0.04804885732118835, ""515180"": 0.2501769934332022, ""600150"": 0.0647974720614643, ""600900"": 0.10226961988804835, ""600938"": 0.04975368704904307, ""601872"": 0.046890316801282965, ""601899"": 0.0516003996594178, ""601939"": 0.08019841300399023, ""688008"": 0.08315872267564073, ""688183"": 0.0330424522330037}","{""002463"": 0.05194833166622559, ""002594"": 0.08697539745708953, ""300133"": 0.051519185224276016, ""301291"": 0.047435052208587535, ""515180"": 0.24349640231519432, ""600150"": 0.06439329186041896, ""600900"": 0.10496473081410182, ""600938"": 0.04884368881102543, ""601872"": 0.044033072691040974, ""601899"": 0.05142246051255515, ""601939"": 0.08278152607906356, ""688008"": 0.09002822269528725, ""688183"": 0.03215863766513398}",0.0,False,s1_stable_all7_30_vol_target,f3,False
2024-10-11,0.005751636217341388,0.0,0.005751636217341388,1.1513695183878434,0.0,0.7474455628611445,0.25255443713885567,0.0,12,"[""002463"", ""002594"", ""300133"", ""301291"", ""600150"", ""600900"", ""600938"", ""601872"", ""601899"", ""601939"", ""688008"", ""688183""]","{""002463"": 0.05194833166622559, ""002594"": 0.08697539745708953, ""300133"": 0.051519185224276016, ""301291"": 0.047435052208587535, ""515180"": 0.24349640231519432, ""600150"": 0.06439329186041896, ""600900"": 0.10496473081410182, ""600938"": 0.04884368881102543, ""601872"": 0.044033072691040974, ""601899"": 0.05142246051255515, ""601939"": 0.08278152607906356, ""688008"": 0.09002822269528725, ""688183"": 0.03215863766513398}","{""002463"": 0.0477923885796715, ""002594"": 0.08761799157852251, ""300133"": 0.04907323622695107, ""301291"": 0.0456359980678017, ""515180"": 0.25255443713885567, ""600150"": 0.06695528766739202, ""600900"": 0.10671351636087927, ""600938"": 0.05175477779464065, ""601872"": 0.04536514517777285, ""601899"": 0.053082339778313205, ""601939"": 0.08522353908894685, ""688008"": 0.07746797543350102, ""688183"": 0.030763367106751854}",0.0,False,s1_stable_all7_30_vol_target,f3,False
2024-10-14,-0.021378284869710024,0.0,-0.021378284869710024,1.1267552128334473,0.0,0.7480588710704419,0.25194112892955833,0.0,12,"[""002463"", ""002594"", ""300133"", ""301291"", ""600150"", ""600900"", ""600938"", ""601872"", ""601899"", ""601939"", ""688008"", ""688183""]","{""002463"": 0.0477923885796715, ""002594"": 0.08761799157852251, ""300133"": 0.04907323622695107, ""301291"": 0.0456359980678017, ""515180"": 0.25255443713885567, ""600150"": 0.06695528766739202, ""600900"": 0.10671351636087927, ""600938"": 0.05175477779464065, ""601872"": 0.04536514517777285, ""601899"": 0.053082339778313205, ""601939"": 0.08522353908894685, ""688008"": 0.07746797543350102, ""688183"": 0.030763367106751854}","{""002463"": 0.050012028708420676, ""002594"": 0.08575571115684692, ""300133"": 0.04731884400296069, ""301291"": 0.04242048940190104, ""515180"": 0.25194112892955833, ""600150"": 0.06557094789534959, ""600900"": 0.10912471738819451, ""600938"": 0.052150438552350596, ""601872"": 0.046018975622930086, ""601899"": 0.05344328508831066, ""601939"": 0.08887273740978044, ""688008"": 0.07585456596412384, ""688183"": 0.03151612987927284}",0.0,False,s1_stable_all7_30_vol_target,f3,False
2024-10-15,0.018987531065760493,0.0,0.018987531065760493,1.14814951244063,0.0,0.7477076246918204,0.2522923753081797,0.0,12,"[""002463"", ""002594"", ""300133"", ""301291"", ""600150"", ""600900"", ""600938"", ""601872"", ""601899"", ""601939"", ""688008"", ""688183""]","{""002463"": 0.050012028708420676, ""002594"": 0.08575571115684692, ""300133"": 0.04731884400296069, ""301291"": 0.04242048940190104, ""515180"": 0.25194112892955833, ""600150"": 0.06557094789534959, ""600900"": 0.10912471738819451, ""600938"": 0.052150438552350596, ""601872"": 0.046018975622930086, ""601899"": 0.05344328508831066, ""601939"": 0.08887273740978044, ""688008"": 0.07585456596412384, ""688183"": 0.03151612987927284}","{""002463"": 0.049753107326296495, ""002594"": 0.08544085602125764, ""300133"": 0.047669893436930164, ""301291"": 0.04379606765033213, ""515180"": 0.2522923753081797, ""600150"": 0.06369077298204102, ""600900"": 0.10740540299223948, ""600938"": 0.0498841425645635, ""601872"": 0.04602181534237721, ""601899"": 0.05290463831301152, ""601939"": 0.09025724701428785, ""688008"": 0.0757295589310603, ""688183"": 0.0351541221174231}",0.0,False,s1_stable_all7_30_vol_target,f3,False
2024-10-16,-0.039036449359087746,0.0,-0.039036449359087746,1.10332983214158,0.0,0.7439215032762524,0.25607849672374783,0.0,12,"[""002463"", ""002594"", ""300133"", ""301291"", ""600150"", ""600900"", ""600938"", ""601872"", ""601899"", ""601939"", ""688008"", ""688183""]","{""002463"": 0.049753107326296495, ""002594"": 0.08544085602125764, ""300133"": 0.047669893436930164, ""301291"": 0.04379606765033213, ""515180"": 0.2522923753081797, ""600150"": 0.06369077298204102, ""600900"": 0.10740540299223948, ""600938"": 0.0498841425645635, ""601872"": 0.04602181534237721, ""601899"": 0.05290463831301152, ""601939"": 0.09025724701428785, ""688008"": 0.0757295589310603, ""688183"": 0.0351541221174231}","{""002463"": 0.04852266874621426, ""002594"": 0.08521228872260699, ""300133"": 0.04816313875713711, ""301291"": 0.04318370113616585, ""515180"": 0.25607849672374783, ""600150"": 0.06397212797150317, ""600900"": 0.10972567028156133, ""600938"": 0.05048644112108651, ""601872"": 0.04431014799420789, ""601899"": 0.053626421672914294, ""601939"": 0.0896643925269063, ""688008"": 0.07401734055096573, ""688183"": 0.033037163794982935}",0.0,False,s1_stable_all7_30_vol_target,f3,False
2024-10-17,0.01778846867692745,0.0,0.01778846867692745,1.1229563803009501,0.0,0.7418491088536987,0.2581508911463016,0.0,12,"[""002463"", ""002594"", ""300133"", ""301291"", ""600150"", ""600900"", ""600938"", ""601872"", ""601899"", ""601939"", ""688008"", ""688183""]","{""002463"": 0.04852266874621426, ""002594"": 0.08521228872260699, ""300133"": 0.04816313875713711, ""301291"": 0.04318370113616585, ""515180"": 0.25607849672374783, ""600150"": 0.06397212797150317, ""600900"": 0.10972567028156133, ""600938"": 0.05048644112108651, ""601872"": 0.04431014799420789, ""601899"": 0.053626421672914294, ""601939"": 0.0896643925269063, ""688008"": 0.07401734055096573, ""688183"": 0.033037163794982935}","{""002463"": 0.04792035584645959, ""002594"": 0.08358080667788433, ""300133"": 0.04913323592861535, ""301291"": 0.0434282365618477, ""515180"": 0.2581508911463016, ""600150"": 0.06387193002303455, ""600900"": 0.10752694200127874, ""600938"": 0.050436026485061215, ""601872"": 0.04428003021530464, ""601899"": 0.054024755626365877, ""601939"": 0.09001035563619983, ""688008"": 0.0736646628706712, ""688183"": 0.03397177098097566}",0.0,False,s1_stable_all7_30_vol_target,f3,False
2024-10-18,-0.01195786156998018,0.0,-0.01195786156998018,1.1095282233561854,0.0,0.7433438242343224,0.25665617576567773,0.0,12,"[""002463"", ""002594"", ""300133"", ""301291"", ""600150"", ""600900"", ""600938"", ""601872"", ""601899"", ""601939"", ""688008"", ""688183""]","{""002463"": 0.04792035584645959, ""002594"": 0.08358080667788433, ""300133"": 0.04913323592861535, ""301291"": 0.0434282365618477, ""515180"": 0.2581508911463016, ""600150"": 0.06387193002303455, ""600900"": 0.10752694200127874, ""600938"": 0.050436026485061215, ""601872"": 0.04428003021530464, ""601899"": 0.054024755626365877, ""601939"": 0.09001035563619983, ""688008"": 0.0736646628706712, ""688183"": 0.03397177098097566}","{""002463"": 0.04886095928493121, ""002594"": 0.08369187756426227, ""300133"": 0.05124275331988149, ""301291"": 0.04316113070374473, ""515180"": 0.25665617576567773, ""600150"": 0.06236853933890631, ""600900"": 0.1071625772044755, ""600938"": 0.050962229202517445, ""601872"": 0.04399412487629968, ""601899"": 0.054239273474367876, ""601939"": 0.09037362641562878, ""688008"": 0.07196103185361823, ""688183"": 0.03532570099568896}",0.0,False,s1_stable_all7_30_vol_target,f3,False
2024-10-21,0.04235052277379984,0.0,0.04235052277379984,1.1565173236476052,0.0,0.7501110497684054,0.24988895023159477,0.0,12,"[""002463"", ""002594"", ""300133"", ""301291"", ""600150"", ""600900"", ""600938"", ""601872"", ""601899"", ""601939"", ""688008"", ""688183""]","{""002463"": 0.04886095928493121, ""002594"": 0.08369187756426227, ""300133"": 0.05124275331988149, ""301291"": 0.04316113070374473, ""515180"": 0.25665617576567773, ""600150"": 0.06236853933890631, ""600900"": 0.1071625772044755, ""600938"": 0.050962229202517445, ""601872"": 0.04399412487629968, ""601899"": 0.054239273474367876, ""601939"": 0.09037362641562878, ""688008"": 0.07196103185361823, ""688183"": 0.03532570099568896}","{""002463"": 0.051278177696412894, ""002594"": 0.0841163068587213, ""300133"": 0.05023164312361248, ""301291"": 0.043649642835150104, ""515180"": 0.24988895023159477, ""600150"": 0.062273488184968306, ""600900"": 0.10296448649539472, ""600938"": 0.048634608033939555, ""601872"": 0.04417769648808961, ""601899"": 0.054402266651341506, ""601939"": 0.08670176149107255, ""688008"": 0.08006970811906411, ""688183"": 0.04161126379063822}",0.0,False,s1_stable_all7_30_vol_target,f3,False
2024-10-22,-0.006406407004369626,0.00026778345730405254,-0.0066741904616736784,1.1487985067573558,0.2231528810867104,0.5307764123720851,0.46922358762791494,0.0,12,"[""002463"", ""002594"", ""300133"", ""301291"", ""600150"", ""600900"", ""600938"", ""601872"", ""601899"", ""601939"", ""688008"", ""688183""]","{""002463"": 0.051278177696412894, ""002594"": 0.0841163068587213, ""300133"": 0.05023164312361248, ""301291"": 0.043649642835150104, ""515180"": 0.24988895023159477, ""600150"": 0.062273488184968306, ""600900"": 0.10296448649539472, ""600938"": 0.048634608033939555, ""601872"": 0.04417769648808961, ""601899"": 0.054402266651341506, ""601939"": 0.08670176149107255, ""688008"": 0.08006970811906411, ""688183"": 0.04161126379063822}","{""002463"": 0.03389545049759263, ""002594"": 0.04854343964013372, ""300133"": 0.02867302480914185, ""301291"": 0.0356684896025139, ""515180"": 0.46922358762791494, ""600150"": 0.04553497414708207, ""600900"": 0.09629563621504568, ""600938"": 0.04447671255238928, ""601872"": 0.039326702140319865, ""601899"": 0.048217440817603714, ""601939"": 0.06086594200510084, ""688008"": 0.026960897937686332, ""688183"": 0.0223177020074752}",0.0,False,s1_stable_all7_30_vol_target,f3,False
2024-10-23,0.00615808287555291,0.0,0.00615808287555291,1.1558729031692792,0.0,0.5288708039824844,0.4711291960175155,0.0,12,"[""002463"", ""002594"", ""300133"", ""301291"", ""600150"", ""600900"", ""600938"", ""601872"", ""601899"", ""601939"", ""688008"", ""688183""]","{""002463"": 0.03389545049759263, ""002594"": 0.04854343964013372, ""300133"": 0.02867302480914185, ""301291"": 0.0356684896025139, ""515180"": 0.46922358762791494, ""600150"": 0.04553497414708207, ""600900"": 0.09629563621504568, ""600938"": 0.04447671255238928, ""601872"": 0.039326702140319865, ""601899"": 0.048217440817603714, ""601939"": 0.06086594200510084, ""688008"": 0.026960897937686332, ""688183"": 0.0223177020074752}","{""002463"": 0.03324736923498986, ""002594"": 0.04820628384658232, ""300133"": 0.029934989087111147, ""301291"": 0.03639011098194732, ""515180"": 0.4711291960175155, ""600150"": 0.04518568876375153, ""600900"": 0.0961477016912352, ""600938"": 0.04413812447323238, ""601872"": 0.03944328338591331, ""601899"": 0.04783690808076566, ""601939"": 0.06041120403480488, ""688008"": 0.02671825004021051, ""688183"": 0.02121089036194031}",0.0,False,s1_stable_all7_30_vol_target,f3,False
2024-10-24,-0.0033029590233865265,0.0,-0.0033029590233865265,1.1520551023338683,0.0,0.5273095267184904,0.47269047328150954,0.0,12,"[""002463"", ""002594"", ""300133"", ""301291"", ""600150"", ""600900"", ""600938"", ""601872"", ""601899"", ""601939"", ""688008"", ""688183""]","{""002463"": 0.03324736923498986, ""002594"": 0.04820628384658232, ""300133"": 0.029934989087111147, ""301291"": 0.03639011098194732, ""515180"": 0.4711291960175155, ""600150"": 0.04518568876375153, ""600900"": 0.0961477016912352, ""600938"": 0.04413812447323238, ""601872"": 0.03944328338591331, ""601899"": 0.04783690808076566, ""601939"": 0.06041120403480488, ""688008"": 0.02671825004021051, ""688183"": 0.02121089036194031}","{""002463"": 0.032537675588278046, ""002594"": 0.04903221103222052, ""300133"": 0.02847178790642706, ""301291"": 0.03756090951563803, ""515180"": 0.47269047328150954, ""600150"": 0.045595130249037184, ""600900"": 0.09639251010010991, ""600938"": 0.044067966522497136, ""601872"": 0.03909604787318008, ""601899"": 0.04656699946945158, ""601939"": 0.06052891407209341, ""688008"": 0.026109641485473754, ""688183"": 0.02134973290408369}",0.0,False,s1_stable_all7_30_vol_target,f3,False
2024-10-25,-0.0028090614174825926,0.0,-0.0028090614174825926,1.1488189087950882,0.0,0.528196481564374,0.4718035184356259,0.0,12,"[""002463"", ""002594"", ""300133"", ""301291"", ""600150"", ""600900"", ""600938"", ""601872"", ""601899"", ""601939"", ""688008"", ""688183""]","{""002463"": 0.032537675588278046, ""002594"": 0.04903221103222052, ""300133"": 0.02847178790642706, ""301291"": 0.03756090951563803, ""515180"": 0.47269047328150954, ""600150"": 0.045595130249037184, ""600900"": 0.09639251010010991, ""600938"": 0.044067966522497136, ""601872"": 0.03909604787318008, ""601899"": 0.04656699946945158, ""601939"": 0.06052891407209341, ""688008"": 0.026109641485473754, ""688183"": 0.02134973290408369}","{""002463"": 0.034144727331797, ""002594"": 0.048380904899446256, ""300133"": 0.028592166671027933, ""301291"": 0.03835449793242937, ""515180"": 0.4718035184356259, ""600150"": 0.04444508626375421, ""600900"": 0.09644197378845437, ""600938"": 0.04400845803131448, ""601872"": 0.03854715234775998, ""601899"": 0.04618249212227833, ""601939"": 0.060782141778027224, ""688008"": 0.02668702254262127, ""688183"": 0.02162985785546363}",0.0,False,s1_stable_all7_30_vol_target,f3,False
2024-10-28,0.0024533783271712154,0.0,0.0024533783271712154,1.1516373962077706,0.0,0.5300888553297954,0.46991114467020456,0.0,12,"[""002463"", ""002594"", ""300133"", ""301291"", ""600150"", ""600900"", ""600938"", ""601872"", ""601899"", ""601939"", ""688008"", ""688183""]","{""002463"": 0.034144727331797, ""002594"": 0.048380904899446256, ""300133"": 0.028592166671027933, ""301291"": 0.03835449793242937, ""515180"": 0.4718035184356259, ""600150"": 0.04444508626375421, ""600900"": 0.09644197378845437, ""600938"": 0.04400845803131448, ""601872"": 0.03854715234775998, ""601899"": 0.04618249212227833, ""601939"": 0.060782141778027224, ""688008"": 0.02668702254262127, ""688183"": 0.02162985785546363}","{""002463"": 0.03455165601830142, ""002594"": 0.04906936793341988, ""300133"": 0.03397254638872348, ""301291"": 0.038560797585781556, ""515180"": 0.46991114467020456, ""600150"": 0.04446620982213286, ""600900"": 0.09450756241865814, ""600938"": 0.04278491431622831, ""601872"": 0.038512578068333324, ""601899"": 0.0454407266777241, ""601939"": 0.060303317724514006, ""688008"": 0.026664566594538457, ""688183"": 0.021254611781439864}",0.0,False,s1_stable_all7_30_vol_target,f3,False
2024-10-29,0.006039268637736613,0.0,0.006039268637736613,1.1585924438167328,0.0,0.5255770817344718,0.4744229182655281,0.0,12,"[""002463"", ""002594"", ""300133"", ""301291"", ""600150"", ""600900"", ""600938"", ""601872"", ""601899"", ""601939"", ""688008"", ""688183""]","{""002463"": 0.03455165601830142, ""002594"": 0.04906936793341988, ""300133"": 0.03397254638872348, ""301291"": 0.038560797585781556, ""515180"": 0.46991114467020456, ""600150"": 0.04446620982213286, ""600900"": 0.09450756241865814, ""600938"": 0.04278491431622831, ""601872"": 0.038512578068333324, ""601899"": 0.0454407266777241, ""601939"": 0.060303317724514006, ""688008"": 0.026664566594538457, ""688183"": 0.021254611781439864}","{""002463"": 0.03276969789443465, ""002594"": 0.0487748037905757, ""300133"": 0.03572055138813101, ""301291"": 0.03765799407149788, ""515180"": 0.4744229182655281, ""600150"": 0.044821390246660035, ""600900"": 0.09394023212098816, ""600938"": 0.04231286954109213, ""601872"": 0.037865542752441514, ""601899"": 0.04536679791157769, ""601939"": 0.05912110096240474, ""688008"": 0.026392189966826057, ""688183"": 0.020833911087842254}",0.0,False,s1_stable_all7_30_vol_target,f3,False
2024-10-30,-0.015229960205060919,0.0,-0.015229960205060919,1.1409471270035196,0.0,0.5279197729715035,0.47208022702849645,0.0,12,"[""002463"", ""002594"", ""300133"", ""301291"", ""600150"", ""600900"", ""600938"", ""601872"", ""601899"", ""601939"", ""688008"", ""688183""]","{""002463"": 0.03276969789443465, ""002594"": 0.0487748037905757, ""300133"": 0.03572055138813101, ""301291"": 0.03765799407149788, ""515180"": 0.4744229182655281, ""600150"": 0.044821390246660035, ""600900"": 0.09394023212098816, ""600938"": 0.04231286954109213, ""601872"": 0.037865542752441514, ""601899"": 0.04536679791157769, ""601939"": 0.05912110096240474, ""688008"": 0.026392189966826057, ""688183"": 0.020833911087842254}","{""002463"": 0.03243241085996137, ""002594"": 0.048551424258092404, ""300133"": 0.032996404528184885, ""301291"": 0.03784002742825407, ""515180"": 0.47208022702849645, ""600150"": 0.04462061361298543, ""600900"": 0.09606387579705995, ""600938"": 0.042681483208136674, ""601872"": 0.03742562734414807, ""601899"": 0.04629919287889937, ""601939"": 0.05986885828110894, ""688008"": 0.026163275194149908, ""688183"": 0.02297657958052248}",0.0,False,s1_stable_all7_30_vol_target,f3,False
2024-10-31,-0.002177490847951849,0.0,-0.002177490847951849,1.1384627250764725,0.0,0.5302476186237046,0.4697523813762954,0.0,12,"[""002463"", ""002594"", ""300133"", ""301291"", ""600150"", ""600900"", ""600938"", ""601872"", ""601899"", ""601939"", ""688008"", ""688183""]","{""002463"": 0.03243241085996137, ""002594"": 0.048551424258092404, ""300133"": 0.032996404528184885, ""301291"": 0.03784002742825407, ""515180"": 0.47208022702849645, ""600150"": 0.04462061361298543, ""600900"": 0.09606387579705995, ""600938"": 0.042681483208136674, ""601872"": 0.03742562734414807, ""601899"": 0.04629919287889937, ""601939"": 0.05986885828110894, ""688008"": 0.026163275194149908, ""688183"": 0.02297657958052248}","{""002463"": 0.032438114806606175, ""002594"": 0.04849570167858774, ""300133"": 0.0313657341555871, ""301291"": 0.04093732582293936, ""515180"": 0.4697523813762954, ""600150"": 0.04472993212155705, ""600900"": 0.09724457432979093, ""600938"": 0.041881731650353506, ""601872"": 0.037688669063262195, ""601899"": 0.04556184475364001, ""601939"": 0.05999950665773779, ""688008"": 0.026843078467302085, ""688183"": 0.023061405116340652}",0.0,False,s1_stable_all7_30_vol_target,f3,False
2024-11-01,-0.008875540598139688,0.0,-0.008875540598139688,1.1283582529405876,0.0,0.529052629910411,0.4709473700895889,0.0,12,"[""002463"", ""002594"", ""300133"", ""301291"", ""600150"", ""600900"", ""600938"", ""601872"", ""601899"", ""601939"", ""688008"", ""688183""]","{""002463"": 0.032438114806606175, ""002594"": 0.04849570167858774, ""300133"": 0.0313657341555871, ""301291"": 0.04093732582293936, ""515180"": 0.4697523813762954, ""600150"": 0.04472993212155705, ""600900"": 0.09724457432979093, ""600938"": 0.041881731650353506, ""601872"": 0.037688669063262195, ""601899"": 0.04556184475364001, ""601939"": 0.05999950665773779, ""688008"": 0.026843078467302085, ""688183"": 0.023061405116340652}","{""002463"": 0.03225260615331412, ""002594"": 0.047478695929520726, ""300133"": 0.03369176263677743, ""301291"": 0.040264484037149925, ""515180"": 0.4709473700895889, ""600150"": 0.04325030364029112, ""600900"": 0.0963442974104244, ""600938"": 0.04239276666041217, ""601872"": 0.038026171895714445, ""601899"": 0.044978116655039826, ""601939"": 0.060284145737408354, ""688008"": 0.026415408903205716, ""688183"": 0.023673870251152772}",0.0,False,s1_stable_all7_30_vol_target,f3,False
2024-11-04,0.007847104186554913,0.0,0.007847104186554913,1.1372125977111713,0.0,0.5259959677836914,0.4740040322163086,0.0,12,"[""002463"", ""002594"", ""300133"", ""301291"", ""600150"", ""600900"", ""600938"", ""601872"", ""601899"", ""601939"", ""688008"", ""688183""]","{""002463"": 0.03225260615331412, ""002594"": 0.047478695929520726, ""300133"": 0.03369176263677743, ""301291"": 0.040264484037149925, ""515180"": 0.4709473700895889, ""600150"": 0.04325030364029112, ""600900"": 0.0963442974104244, ""600938"": 0.04239276666041217, ""601872"": 0.038026171895714445, ""601899"": 0.044978116655039826, ""601939"": 0.060284145737408354, ""688008"": 0.026415408903205716, ""688183"": 0.023673870251152772}","{""002463"": 0.031276771537234994, ""002594"": 0.04756662424292122, ""300133"": 0.03087261594477444, ""301291"": 0.03878936620012348, ""515180"": 0.4740040322163086, ""600150"": 0.04321252233021809, ""600900"": 0.09735147439732571, ""600938"": 0.04278791520190445, ""601872"": 0.038698469453888246, ""601899"": 0.046480177878615775, ""601939"": 0.060817535311880874, ""688008"": 0.025215465663637134, ""688183"": 0.02292702962116698}",0.0,False,s1_stable_all7_30_vol_target,f3,False
2024-11-05,0.006201441879992093,0.0,0.006201441879992093,1.144264955541072,0.0,0.5266900183097382,0.47330998169026195,0.0,12,"[""002463"", ""002594"", ""300133"", ""301291"", ""600150"", ""600900"", ""600938"", ""601872"", ""601899"", ""601939"", ""688008"", ""688183""]","{""002463"": 0.031276771537234994, ""002594"": 0.04756662424292122, ""300133"": 0.03087261594477444, ""301291"": 0.03878936620012348, ""515180"": 0.4740040322163086, ""600150"": 0.04321252233021809, ""600900"": 0.09735147439732571, ""600938"": 0.04278791520190445, ""601872"": 0.038698469453888246, ""601899"": 0.046480177878615775, ""601939"": 0.060817535311880874, ""688008"": 0.025215465663637134, ""688183"": 0.02292702962116698}","{""002463"": 0.032144147711736355, ""002594"": 0.04858320025874238, ""300133"": 0.03064200683764378, ""301291"": 0.04152815559427935, ""515180"": 0.47330998169026195, ""600150"": 0.04300561865337236, ""600900"": 0.09611976890817793, ""600938"": 0.04198783231281779, ""601872"": 0.037617861089713545, ""601899"": 0.045906078200236594, ""601939"": 0.06035965489267119, ""688008"": 0.025499232628723327, ""688183"": 0.02329646122162351}",0.0,False,s1_stable_all7_30_vol_target,f3,False
2024-11-06,0.017406399460589698,0.0,0.017406399460589698,1.164182488445974,0.0,0.5289497312134362,0.47105026878656375,0.0,12,"[""002463"", ""002594"", ""300133"", ""301291"", ""600150"", ""600900"", ""600938"", ""601872"", ""601899"", ""601939"", ""688008"", ""688183""]","{""002463"": 0.032144147711736355, ""002594"": 0.04858320025874238, ""300133"": 0.03064200683764378, ""301291"": 0.04152815559427935, ""515180"": 0.47330998169026195, ""600150"": 0.04300561865337236, ""600900"": 0.09611976890817793, ""600938"": 0.04198783231281779, ""601872"": 0.037617861089713545, ""601899"": 0.045906078200236594, ""601939"": 0.06035965489267119, ""688008"": 0.025499232628723327, ""688183"": 0.02329646122162351}","{""002463"": 0.032222590600601626, ""002594"": 0.04838106317613444, ""300133"": 0.03146567075433685, ""301291"": 0.042365959879544744, ""515180"": 0.47105026878656375, ""600150"": 0.04367164415187059, ""600900"": 0.09454834116476551, ""600938"": 0.041681350321704315, ""601872"": 0.03750636112095049, ""601899"": 0.04622326269421214, ""601939"": 0.05957186867099106, ""688008"": 0.026643166878494343, ""688183"": 0.02466845179983011}",0.0,False,s1_stable_all7_30_vol_target,f3,False
2024-11-07,-0.014701425481730365,0.0,-0.014701425481730365,1.1470673463449501,0.0,0.5248838253794833,0.47511617462051664,0.0,12,"[""002463"", ""002594"", ""300133"", ""301291"", ""600150"", ""600900"", ""600938"", ""601872"", ""601899"", ""601939"", ""688008"", ""688183""]","{""002463"": 0.032222590600601626, ""002594"": 0.04838106317613444, ""300133"": 0.03146567075433685, ""301291"": 0.042365959879544744, ""515180"": 0.47105026878656375, ""600150"": 0.04367164415187059, ""600900"": 0.09454834116476551, ""600938"": 0.041681350321704315, ""601872"": 0.03750636112095049, ""601899"": 0.04622326269421214, ""601939"": 0.05957186867099106, ""688008"": 0.026643166878494343, ""688183"": 0.02466845179983011}","{""002463"": 0.03149243967537898, ""002594"": 0.04700091014585121, ""300133"": 0.03169374831012695, ""301291"": 0.042825885509617266, ""515180"": 0.47511617462051664, ""600150"": 0.04344592309815195, ""600900"": 0.09436513335992608, ""600938"": 0.042169503397306275, ""601872"": 0.03782597285014548, ""601899"": 0.04424450690812057, ""601939"": 0.059632271432840576, ""688008"": 0.02606670801725967, ""688183"": 0.02412082267475834}",0.0,False,s1_stable_all7_30_vol_target,f3,False
2024-11-08,0.026605839476065124,0.0,0.026605839476065124,1.1775860360300399,0.0,0.5245719084967624,0.47542809150323767,0.0,12,"[""002463"", ""002594"", ""300133"", ""301291"", ""600150"", ""600900"", ""600938"", ""601872"", ""601899"", ""601939"", ""688008"", ""688183""]","{""002463"": 0.03149243967537898, ""002594"": 0.04700091014585121, ""300133"": 0.03169374831012695, ""301291"": 0.042825885509617266, ""515180"": 0.47511617462051664, ""600150"": 0.04344592309815195, ""600900"": 0.09436513335992608, ""600938"": 0.042169503397306275, ""601872"": 0.03782597285014548, ""601899"": 0.04424450690812057, ""601939"": 0.059632271432840576, ""688008"": 0.02606670801725967, ""688183"": 0.02412082267475834}","{""002463"": 0.03134468573537089, ""002594"": 0.0476916016557578, ""300133"": 0.032126540677352024, ""301291"": 0.04291117700135285, ""515180"": 0.47542809150323767, ""600150"": 0.04359031451353983, ""600900"": 0.09350827856834175, ""600938"": 0.041223211193595115, ""601872"": 0.03766393602745851, ""601899"": 0.04485865956414458, ""601939"": 0.05873241122286085, ""688008"": 0.027170543878325435, ""688183"": 0.023750548458662753}",0.0,False,s1_stable_all7_30_vol_target,f3,False
2024-11-11,-0.019036840570737835,0.0,-0.019036840570737835,1.1551685184038087,0.0,0.5241708897716165,0.47582911022838353,0.0,12,"[""002463"", ""002594"", ""300133"", ""301291"", ""600150"", ""600900"", ""600938"", ""601872"", ""601899"", ""601939"", ""688008"", ""688183""]","{""002463"": 0.03134468573537089, ""002594"": 0.0476916016557578, ""300133"": 0.032126540677352024, ""301291"": 0.04291117700135285, ""515180"": 0.47542809150323767, ""600150"": 0.04359031451353983, ""600900"": 0.09350827856834175, ""600938"": 0.041223211193595115, ""601872"": 0.03766393602745851, ""601899"": 0.04485865956414458, ""601939"": 0.05873241122286085, ""688008"": 0.027170543878325435, ""688183"": 0.023750548458662753}","{""002463"": 0.0313517468647403, ""002594"": 0.046666465422535545, ""300133"": 0.03167124892308212, ""301291"": 0.04293167335872537, ""515180"": 0.47582911022838353, ""600150"": 0.04356505672548314, ""600900"": 0.09392420359453926, ""600938"": 0.04092737589198851, ""601872"": 0.03797777641535624, ""601899"": 0.04416215483190049, ""601939"": 0.05888501312195522, ""688008"": 0.027589065391425274, ""688183"": 0.02451910922988508}",0.0,False,s1_stable_all7_30_vol_target,f3,False
2024-11-12,-2.1157885050040293e-05,0.0,-2.1157885050040293e-05,1.1551440774810828,0.0,0.5263671860610747,0.4736328139389254,0.0,12,"[""002463"", ""002594"", ""300133"", ""301291"", ""600150"", ""600900"", ""600938"", ""601872"", ""601899"", ""601939"", ""688008"", ""688183""]","{""002463"": 0.0313517468647403, ""002594"": 0.046666465422535545, ""300133"": 0.03167124892308212, ""301291"": 0.04293167335872537, ""515180"": 0.47582911022838353, ""600150"": 0.04356505672548314, ""600900"": 0.09392420359453926, ""600938"": 0.04092737589198851, ""601872"": 0.03797777641535624, ""601899"": 0.04416215483190049, ""601939"": 0.05888501312195522, ""688008"": 0.027589065391425274, ""688183"": 0.02451910922988508}","{""002463"": 0.03226628768016173, ""002594"": 0.047496014839781345, ""300133"": 0.03402923355768429, ""301291"": 0.042269942919580875, ""515180"": 0.4736328139389254, ""600150"": 0.043542432493777546, ""600900"": 0.0939998093957601, ""600938"": 0.04036371437327274, ""601872"": 0.03839566508844452, ""601899"": 0.042168627135231916, ""601939"": 0.05847492724083465, ""688008"": 0.030269802011230307, ""688183"": 0.02309072932531473}",0.0,False,s1_stable_all7_30_vol_target,f3,False
2024-11-13,-0.012728296866632275,0.0,-0.012728296866632275,1.1404410607391715,0.0,0.5239856069537391,0.47601439304626103,0.0,12,"[""002463"", ""002594"", ""300133"", ""301291"", ""600150"", ""600900"", ""600938"", ""601872"", ""601899"", ""601939"", ""688008"", ""688183""]","{""002463"": 0.03226628768016173, ""002594"": 0.047496014839781345, ""300133"": 0.03402923355768429, ""301291"": 0.042269942919580875, ""515180"": 0.4736328139389254, ""600150"": 0.043542432493777546, ""600900"": 0.0939998093957601, ""600938"": 0.04036371437327274, ""601872"": 0.03839566508844452, ""601899"": 0.042168627135231916, ""601939"": 0.05847492724083465, ""688008"": 0.030269802011230307, ""688183"": 0.02309072932531473}","{""002463"": 0.03207329087372788, ""002594"": 0.0477581780829551, ""300133"": 0.033253864108401754, ""301291"": 0.042782427185647134, ""515180"": 0.47601439304626103, ""600150"": 0.04285169683968778, ""600900"": 0.09297466285552691, ""600938"": 0.04095137057191961, ""601872"": 0.03858891834934357, ""601899"": 0.04222166769005267, ""601939"": 0.05872884729606995, ""688008"": 0.02863385829804463, ""688183"": 0.02316682480236209}",0.0,False,s1_stable_all7_30_vol_target,f3,False
2024-11-14,0.011813600307710455,0.0,0.011813600307710455,1.1539137756052456,0.0,0.5262303185724978,0.4737696814275022,0.0,12,"[""002463"", ""002594"", ""300133"", ""301291"", ""600150"", ""600900"", ""600938"", ""601872"", ""601899"", ""601939"", ""688008"", ""688183""]","{""002463"": 0.03207329087372788, ""002594"": 0.0477581780829551, ""300133"": 0.033253864108401754, ""301291"": 0.042782427185647134, ""515180"": 0.47601439304626103, ""600150"": 0.04285169683968778, ""600900"": 0.09297466285552691, ""600938"": 0.04095137057191961, ""601872"": 0.03858891834934357, ""601899"": 0.04222166769005267, ""601939"": 0.05872884729606995, ""688008"": 0.02863385829804463, ""688183"": 0.02316682480236209}","{""002463"": 0.03306306650177017, ""002594"": 0.04752248705916882, ""300133"": 0.03414550966303724, ""301291"": 0.04270017933899025, ""515180"": 0.4737696814275022, ""600150"": 0.04441384591156222, ""600900"": 0.09362100132285948, ""600938"": 0.04080566498199538, ""601872"": 0.03843660251356327, ""601899"": 0.041643133406955274, ""601939"": 0.05812550280658251, ""688008"": 0.028781703055321867, ""688183"": 0.022971622010691323}",0.0,False,s1_stable_all7_30_vol_target,f3,False
2024-11-15,-0.016074568887459496,0.0,-0.016074568887459496,1.1353651091290906,0.0,0.5244763921499156,0.47552360785008435,0.0,12,"[""002463"", ""002594"", ""300133"", ""301291"", ""600150"", ""600900"", ""600938"", ""601872"", ""601899"", ""601939"", ""688008"", ""688183""]","{""002463"": 0.03306306650177017, ""002594"": 0.04752248705916882, ""300133"": 0.03414550966303724, ""301291"": 0.04270017933899025, ""515180"": 0.4737696814275022, ""600150"": 0.04441384591156222, ""600900"": 0.09362100132285948, ""600938"": 0.04080566498199538, ""601872"": 0.03843660251356327, ""601899"": 0.041643133406955274, ""601939"": 0.05812550280658251, ""688008"": 0.028781703055321867, ""688183"": 0.022971622010691323}","{""002463"": 0.03239611773915593, ""002594"": 0.047446049204446665, ""300133"": 0.03323993225993055, ""301291"": 0.04100551945932507, ""515180"": 0.47552360785008435, ""600150"": 0.0443009764963529, ""600900"": 0.09522540567997415, ""600938"": 0.041286491561275875, ""601872"": 0.037973359786434596, ""601899"": 0.041453804621561265, ""601939"": 0.05957730674976608, ""688008"": 0.027920108907997083, ""688183"": 0.022651319683695464}",0.0,False,s1_stable_all7_30_vol_target,f3,False
2024-11-18,-0.004881775705872453,0.0,-0.004881775705872453,1.129822511322049,0.0,0.521391666727088,0.47860833327291197,0.0,12,"[""002463"", ""002594"", ""300133"", ""301291"", ""600150"", ""600900"", ""600938"", ""601872"", ""601899"", ""601939"", ""688008"", ""688183""]","{""002463"": 0.03239611773915593, ""002594"": 0.047446049204446665, ""300133"": 0.03323993225993055, ""301291"": 0.04100551945932507, ""515180"": 0.47552360785008435, ""600150"": 0.0443009764963529, ""600900"": 0.09522540567997415, ""600938"": 0.041286491561275875, ""601872"": 0.037973359786434596, ""601899"": 0.041453804621561265, ""601939"": 0.05957730674976608, ""688008"": 0.027920108907997083, ""688183"": 0.022651319683695464}","{""002463"": 0.031137112984562294, ""002594"": 0.046891902006003426, ""300133"": 0.033688947804478855, ""301291"": 0.04039806431309255, ""515180"": 0.47860833327291197, ""600150"": 0.04373590935929459, ""600900"": 0.09490223645267673, ""600938"": 0.04077604507504423, ""601872"": 0.03864699843097323, ""601899"": 0.04212325972048541, ""601939"": 0.060290127146386395, ""688008"": 0.026905390418915286, ""688183"": 0.02189567301517503}",0.0,False,s1_stable_all7_30_vol_target,f3,False
2024-11-19,0.003911459382658589,0.0,0.003911459382658589,1.1342417661846986,0.0,0.5176388700950394,0.48236112990496066,0.0,12,"[""002463"", ""002594"", ""300133"", ""301291"", ""600150"", ""600900"", ""600938"", ""601872"", ""601899"", ""601939"", ""688008"", ""688183""]","{""002463"": 0.031137112984562294, ""002594"": 0.046891902006003426, ""300133"": 0.033688947804478855, ""301291"": 0.04039806431309255, ""515180"": 0.47860833327291197, ""600150"": 0.04373590935929459, ""600900"": 0.09490223645267673, ""600938"": 0.04077604507504423, ""601872"": 0.03864699843097323, ""601899"": 0.04212325972048541, ""601939"": 0.060290127146386395, ""688008"": 0.026905390418915286, ""688183"": 0.02189567301517503}","{""002463"": 0.030191211754237446, ""002594"": 0.04649135867527768, ""300133"": 0.02932584689713887, ""301291"": 0.0419277900982076, ""515180"": 0.48236112990496066, ""600150"": 0.04328973567230896, ""600900"": 0.09543217886849667, ""600938"": 0.04151338837031469, ""601872"": 0.038010968263800446, ""601899"": 0.042655555487923685, ""601939"": 0.06039035317450502, ""688008"": 0.026029168263058126, ""688183"": 0.022381314569770185}",0.0,False,s1_stable_all7_30_vol_target,f3,False
2024-11-20,0.0010580056242323738,0.0,0.0010580056242323738,1.1354418003525613,0.0,0.519270996033504,0.48072900396649604,0.0,12,"[""002463"", ""002594"", ""300133"", ""301291"", ""600150"", ""600900"", ""600938"", ""601872"", ""601899"", ""601939"", ""688008"", ""688183""]","{""002463"": 0.030191211754237446, ""002594"": 0.04649135867527768, ""300133"": 0.02932584689713887, ""301291"": 0.0419277900982076, ""515180"": 0.48236112990496066, ""600150"": 0.04328973567230896, ""600900"": 0.09543217886849667, ""600938"": 0.04151338837031469, ""601872"": 0.038010968263800446, ""601899"": 0.042655555487923685, ""601939"": 0.06039035317450502, ""688008"": 0.026029168263058126, ""688183"": 0.022381314569770185}","{""002463"": 0.03111350489594783, ""002594"": 0.04633267973052759, ""300133"": 0.0294980916624048, ""301291"": 0.0429925411803458, ""515180"": 0.48072900396649604, ""600150"": 0.04269302823825057, ""600900"": 0.09521897386386098, ""600938"": 0.0414864052507273, ""601872"": 0.037970794949187626, ""601899"": 0.04345108814816812, ""601939"": 0.05982436426685012, ""688008"": 0.026290130992622358, ""688183"": 0.022399392854610862}",0.0,False,s1_stable_all7_30_vol_target,f3,False
2024-11-21,0.003578469794396837,0.0,0.003578469794396837,1.1395049445384184,0.0,0.5187484909762953,0.4812515090237048,0.0,12,"[""002463"", ""002594"", ""300133"", ""301291"", ""600150"", ""600900"", ""600938"", ""601872"", ""601899"", ""601939"", ""688008"", ""688183""]","{""002463"": 0.03111350489594783, ""002594"": 0.04633267973052759, ""300133"": 0.0294980916624048, ""301291"": 0.0429925411803458, ""515180"": 0.48072900396649604, ""600150"": 0.04269302823825057, ""600900"": 0.09521897386386098, ""600938"": 0.0414864052507273, ""601872"": 0.037970794949187626, ""601899"": 0.04345108814816812, ""601939"": 0.05982436426685012, ""688008"": 0.026290130992622358, ""688183"": 0.022399392854610862}","{""002463"": 0.030571859137198076, ""002594"": 0.04624236001799509, ""300133"": 0.03064849802044581, ""301291"": 0.04257921649635773, ""515180"": 0.4812515090237048, ""600150"": 0.04251692812752099, ""600900"": 0.09558842515526773, ""600938"": 0.04172560418923833, ""601872"": 0.038077007483024256, ""601899"": 0.04257407020948653, ""601939"": 0.05969444335481291, ""688008"": 0.02631451568910931, ""688183"": 0.022215563095838487}",0.0,False,s1_stable_all7_30_vol_target,f3,False
2024-11-22,-0.0002149567389678757,0.0,-0.0002149567389678757,1.1392600002715028,0.0,0.5193907292007895,0.48060927079921045,0.0,12,"[""002463"", ""002594"", ""300133"", ""301291"", ""600150"", ""600900"", ""600938"", ""601872"", ""601899"", ""601939"", ""688008"", ""688183""]","{""002463"": 0.030571859137198076, ""002594"": 0.04624236001799509, ""300133"": 0.03064849802044581, ""301291"": 0.04257921649635773, ""515180"": 0.4812515090237048, ""600150"": 0.04251692812752099, ""600900"": 0.09558842515526773, ""600938"": 0.04172560418923833, ""601872"": 0.038077007483024256, ""601899"": 0.04257407020948653, ""601939"": 0.05969444335481291, ""688008"": 0.02631451568910931, ""688183"": 0.022215563095838487}","{""002463"": 0.030383354460022344, ""002594"": 0.045767620982136166, ""300133"": 0.030938668366385282, ""301291"": 0.04298933037325246, ""515180"": 0.48060927079921045, ""600150"": 0.0426573779578612, ""600900"": 0.09601952414300134, ""600938"": 0.041734575317450784, ""601872"": 0.03790395115968677, ""601899"": 0.042987677717419535, ""601939"": 0.05954045113122225, ""688008"": 0.026324111823666518, ""688183"": 0.022144085768684905}",0.0,False,s1_stable_all7_30_vol_target,f3,False
2024-11-25,-0.025023242130211468,0.0,-0.025023242130211468,1.1107520214354443,0.0,0.5189108029141397,0.4810891970858603,0.0,12,"[""002463"", ""002594"", ""300133"", ""301291"", ""600150"", ""600900"", ""600938"", ""601872"", ""601899"", ""601939"", ""688008"", ""688183""]","{""002463"": 0.030383354460022344, ""002594"": 0.045767620982136166, ""300133"": 0.030938668366385282, ""301291"": 0.04298933037325246, ""515180"": 0.48060927079921045, ""600150"": 0.0426573779578612, ""600900"": 0.09601952414300134, ""600938"": 0.041734575317450784, ""601872"": 0.03790395115968677, ""601899"": 0.042987677717419535, ""601939"": 0.05954045113122225, ""688008"": 0.026324111823666518, ""688183"": 0.022144085768684905}","{""002463"": 0.02971254522346908, ""002594"": 0.0465239842211585, ""300133"": 0.031358762347422076, ""301291"": 0.041958617778158756, ""515180"": 0.4810891970858603, ""600150"": 0.04229522159683437, ""600900"": 0.09741206049859581, ""600938"": 0.04246036642350324, ""601872"": 0.037141757077063985, ""601899"": 0.043202045922299315, ""601939"": 0.06029859735907891, ""688008"": 0.025299095700112902, ""688183"": 0.021247748766442805}",0.0,False,s1_stable_all7_30_vol_target,f3,False
2024-11-26,-0.005013707402837257,0.0,-0.005013707402837257,1.105183035802857,0.0,0.5191770643174765,0.48082293568252354,0.0,12,"[""002463"", ""002594"", ""300133"", ""301291"", ""600150"", ""600900"", ""600938"", ""601872"", ""601899"", ""601939"", ""688008"", ""688183""]","{""002463"": 0.02971254522346908, ""002594"": 0.0465239842211585, ""300133"": 0.031358762347422076, ""301291"": 0.041958617778158756, ""515180"": 0.4810891970858603, ""600150"": 0.04229522159683437, ""600900"": 0.09741206049859581, ""600938"": 0.04246036642350324, ""601872"": 0.037141757077063985, ""601899"": 0.043202045922299315, ""601939"": 0.06029859735907891, ""688008"": 0.025299095700112902, ""688183"": 0.021247748766442805}","{""002463"": 0.02897410646388566, ""002594"": 0.04625374468505551, ""300133"": 0.03239375233863187, ""301291"": 0.04347703820594736, ""515180"": 0.48082293568252354, ""600150"": 0.04255756684364113, ""600900"": 0.09678719239789271, ""600938"": 0.042084275419707454, ""601872"": 0.03764029898952843, ""601899"": 0.041990283339034595, ""601939"": 0.06086039616595356, ""688008"": 0.02529666118967022, ""688183"": 0.02086174827852798}",0.0,False,s1_stable_all7_30_vol_target,f3,False
2024-11-27,0.0014719612295696395,0.0,0.0014719612295696395,1.1068098223831369,0.0,0.5183486329844855,0.4816513670155144,0.0,12,"[""002463"", ""002594"", ""300133"", ""301291"", ""600150"", ""600900"", ""600938"", ""601872"", ""601899"", ""601939"", ""688008"", ""688183""]","{""002463"": 0.02897410646388566, ""002594"": 0.04625374468505551, ""300133"": 0.03239375233863187, ""301291"": 0.04347703820594736, ""515180"": 0.48082293568252354, ""600150"": 0.04255756684364113, ""600900"": 0.09678719239789271, ""600938"": 0.042084275419707454, ""601872"": 0.03764029898952843, ""601899"": 0.041990283339034595, ""601939"": 0.06086039616595356, ""688008"": 0.02529666118967022, ""688183"": 0.02086174827852798}","{""002463"": 0.029692876187235366, ""002594"": 0.046064817645326384, ""300133"": 0.03109516134274403, ""301291"": 0.04211921906585991, ""515180"": 0.4816513670155144, ""600150"": 0.042617887060588465, ""600900"": 0.09618393419757605, ""600938"": 0.042022420046626124, ""601872"": 0.03746060416720554, ""601899"": 0.04237461469099612, ""601939"": 0.061801250734935996, ""688008"": 0.025150024763734614, ""688183"": 0.021765823081656928}",0.0,False,s1_stable_all7_30_vol_target,f3,False
2024-11-28,0.015652774825177594,0.0,0.015652774825177594,1.124134467307195,0.0,0.5204814259511777,0.47951857404882225,0.0,12,"[""002463"", ""002594"", ""300133"", ""301291"", ""600150"", ""600900"", ""600938"", ""601872"", ""601899"", ""601939"", ""688008"", ""688183""]","{""002463"": 0.029692876187235366, ""002594"": 0.046064817645326384, ""300133"": 0.03109516134274403, ""301291"": 0.04211921906585991, ""515180"": 0.4816513670155144, ""600150"": 0.042617887060588465, ""600900"": 0.09618393419757605, ""600938"": 0.042022420046626124, ""601872"": 0.03746060416720554, ""601899"": 0.04237461469099612, ""601939"": 0.061801250734935996, ""688008"": 0.025150024763734614, ""688183"": 0.021765823081656928}","{""002463"": 0.030273201533782816, ""002594"": 0.0456724330422035, ""300133"": 0.033448845183992194, ""301291"": 0.04189841630379386, ""515180"": 0.47951857404882225, ""600150"": 0.04265065203451213, ""600900"": 0.09617675309848922, ""600938"": 0.0415795310065511, ""601872"": 0.03657714240397207, ""601899"": 0.042014339413852304, ""601939"": 0.06135601240951053, ""688008"": 0.026195346995265274, ""688183"": 0.022638752525252718}",0.0,False,s1_stable_all7_30_vol_target,f3,False
2024-11-29,-0.008114951630183284,0.0,-0.008114951630183284,1.1150121704791751,0.0,0.5173202455242272,0.4826797544757728,0.0,12,"[""002463"", ""002594"", ""300133"", ""301291"", ""600150"", ""600900"", ""600938"", ""601872"", ""601899"", ""601939"", ""688008"", ""688183""]","{""002463"": 0.030273201533782816, ""002594"": 0.0456724330422035, ""300133"": 0.033448845183992194, ""301291"": 0.04189841630379386, ""515180"": 0.47951857404882225, ""600150"": 0.04265065203451213, ""600900"": 0.09617675309848922, ""600938"": 0.0415795310065511, ""601872"": 0.03657714240397207, ""601899"": 0.042014339413852304, ""601939"": 0.06135601240951053, ""688008"": 0.026195346995265274, ""688183"": 0.022638752525252718}","{""002463"": 0.029731901923106565, ""002594"": 0.04467848318800376, ""300133"": 0.03252211801811735, ""301291"": 0.04062463137961461, ""515180"": 0.4826797544757728, ""600150"": 0.042084836464774504, ""600900"": 0.0972305468761564, ""600938"": 0.04174769383286712, ""601872"": 0.03582701411712219, ""601899"": 0.042210484023460206, ""601939"": 0.06194321429922617, ""688008"": 0.026284913509280347, ""688183"": 0.02243440789249794}",0.0,False,s1_stable_all7_30_vol_target,f3,False
2024-12-02,0.006851723463692869,0.0,0.006851723463692869,1.1226519255299505,0.0,0.5175779662068509,0.482422033793149,0.0,12,"[""002463"", ""002594"", ""300133"", ""301291"", ""600150"", ""600900"", ""600938"", ""601872"", ""601899"", ""601939"", ""688008"", ""688183""]","{""002463"": 0.029731901923106565, ""002594"": 0.04467848318800376, ""300133"": 0.03252211801811735, ""301291"": 0.04062463137961461, ""515180"": 0.4826797544757728, ""600150"": 0.042084836464774504, ""600900"": 0.0972305468761564, ""600938"": 0.04174769383286712, ""601872"": 0.03582701411712219, ""601899"": 0.042210484023460206, ""601939"": 0.06194321429922617, ""688008"": 0.026284913509280347, ""688183"": 0.02243440789249794}","{""002463"": 0.03051114307213959, ""002594"": 0.044972612657539164, ""300133"": 0.03328746247030597, ""301291"": 0.04023820632867832, ""515180"": 0.482422033793149, ""600150"": 0.042028606056436456, ""600900"": 0.09637951055927749, ""600938"": 0.0419077885410285, ""601872"": 0.03564451589408077, ""601899"": 0.04227504098515873, ""601939"": 0.060759858693008796, ""688008"": 0.02704526653427164, ""688183"": 0.0225279544149255}",0.0,False,s1_stable_all7_30_vol_target,f3,False
2024-12-03,0.010848110251971094,0.0001540048045804387,0.010694105447390656,1.134657683602284,0.10533742728880749,0.5079201442093022,0.4920798557906978,0.0,12,"[""002463"", ""002594"", ""002709"", ""300133"", ""300408"", ""301291"", ""600150"", ""600900"", ""600938"", ""601939"", ""688008"", ""688183""]","{""002463"": 0.03051114307213959, ""002594"": 0.044972612657539164, ""300133"": 0.03328746247030597, ""301291"": 0.04023820632867832, ""515180"": 0.482422033793149, ""600150"": 0.042028606056436456, ""600900"": 0.09637951055927749, ""600938"": 0.0419077885410285, ""601872"": 0.03564451589408077, ""601899"": 0.04227504098515873, ""601939"": 0.060759858693008796, ""688008"": 0.02704526653427164, ""688183"": 0.0225279544149255}","{""002463"": 0.033753643396546386, ""002594"": 0.04739360492483288, ""002709"": 0.0263188766787427, ""300133"": 0.022011247348638085, ""300408"": 0.04074560484049712, ""301291"": 0.03139299573067186, ""515180"": 0.4920798557906978, ""600150"": 0.04435615318811544, ""600900"": 0.09531308205981147, ""600938"": 0.052604588808738986, ""601939"": 0.06673424135334445, ""688008"": 0.02526146737554261, ""688183"": 0.022034638503820213}",0.0,False,s1_stable_all7_30_vol_target,f3,False
2024-12-04,0.005330616696292431,0.0,0.005330616696292431,1.140706108795071,0.0,0.504788855546057,0.4952111444539429,0.0,12,"[""002463"", ""002594"", ""002709"", ""300133"", ""300408"", ""301291"", ""600150"", ""600900"", ""600938"", ""601939"", ""688008"", ""688183""]","{""002463"": 0.033753643396546386, ""002594"": 0.04739360492483288, ""002709"": 0.0263188766787427, ""300133"": 0.022011247348638085, ""300408"": 0.04074560484049712, ""301291"": 0.03139299573067186, ""515180"": 0.4920798557906978, ""600150"": 0.04435615318811544, ""600900"": 0.09531308205981147, ""600938"": 0.052604588808738986, ""601939"": 0.06673424135334445, ""688008"": 0.02526146737554261, ""688183"": 0.022034638503820213}","{""002463"": 0.03360189240682571, ""002594"": 0.04655891175853416, ""002709"": 0.02512647745117314, ""300133"": 0.021624799170704666, ""300408"": 0.04001185219731676, ""301291"": 0.030079565682508642, ""515180"": 0.4952111444539429, ""600150"": 0.043687613803745494, ""600900"": 0.09602616413219038, ""600938"": 0.05401634673944429, ""601939"": 0.06749478116408969, ""688008"": 0.02518648189454795, ""688183"": 0.021373969144976177}",0.0,False,s1_stable_all7_30_vol_target,f3,False
2024-12-05,0.0003905330284408688,0.0,0.0003905330284408688,1.1411515922062996,0.0,0.5038345307059866,0.49616546929401334,0.0,12,"[""002463"", ""002594"", ""002709"", ""300133"", ""300408"", ""301291"", ""600150"", ""600900"", ""600938"", ""601939"", ""688008"", ""688183""]","{""002463"": 0.03360189240682571, ""002594"": 0.04655891175853416, ""002709"": 0.02512647745117314, ""300133"": 0.021624799170704666, ""300408"": 0.04001185219731676, ""301291"": 0.030079565682508642, ""515180"": 0.4952111444539429, ""600150"": 0.043687613803745494, ""600900"": 0.09602616413219038, ""600938"": 0.05401634673944429, ""601939"": 0.06749478116408969, ""688008"": 0.02518648189454795, ""688183"": 0.021373969144976177}","{""002463"": 0.03316245232632654, ""002594"": 0.045841844265325046, ""002709"": 0.024429815417299897, ""300133"": 0.020780499622552743, ""300408"": 0.03930997836096015, ""301291"": 0.0296274358948938, ""515180"": 0.49616546929401334, ""600150"": 0.04354679378487681, ""600900"": 0.09764957271236156, ""600938"": 0.05455147088277792, ""601939"": 0.0685823857188617, ""688008"": 0.024358902985625187, ""688183"": 0.021993378734125234}",0.0,False,s1_stable_all7_30_vol_target,f3,False
2024-12-06,0.0026945010802306535,0.0,0.0026945010802306535,1.1442264264042064,0.0,0.5059308975361976,0.49406910246380237,0.0,12,"[""002463"", ""002594"", ""002709"", ""300133"", ""300408"", ""301291"", ""600150"", ""600900"", ""600938"", ""601939"", ""688008"", ""688183""]","{""002463"": 0.03316245232632654, ""002594"": 0.045841844265325046, ""002709"": 0.024429815417299897, ""300133"": 0.020780499622552743, ""300408"": 0.03930997836096015, ""301291"": 0.0296274358948938, ""515180"": 0.49616546929401334, ""600150"": 0.04354679378487681, ""600900"": 0.09764957271236156, ""600938"": 0.05455147088277792, ""601939"": 0.0685823857188617, ""688008"": 0.024358902985625187, ""688183"": 0.021993378734125234}","{""002463"": 0.033833226842603814, ""002594"": 0.045463134009943916, ""002709"": 0.024253681082064195, ""300133"": 0.022391879971149505, ""300408"": 0.0393502000540131, ""301291"": 0.03020662507533845, ""515180"": 0.49406910246380237, ""600150"": 0.042849638837675064, ""600900"": 0.09709268608410619, ""600938"": 0.05421285967071709, ""601939"": 0.06886098688450125, ""688008"": 0.024591009485143037, ""688183"": 0.02282496953894194}",0.0,False,s1_stable_all7_30_vol_target,f3,False
2024-12-09,0.013012696428041001,0.0,0.013012696428041001,1.1591158975359466,0.0,0.5058749476187915,0.4941250523812085,0.0,12,"[""002463"", ""002594"", ""002709"", ""300133"", ""300408"", ""301291"", ""600150"", ""600900"", ""600938"", ""601939"", ""688008"", ""688183""]","{""002463"": 0.033833226842603814, ""002594"": 0.045463134009943916, ""002709"": 0.024253681082064195, ""300133"": 0.022391879971149505, ""300408"": 0.0393502000540131, ""301291"": 0.03020662507533845, ""515180"": 0.49406910246380237, ""600150"": 0.042849638837675064, ""600900"": 0.09709268608410619, ""600938"": 0.05421285967071709, ""601939"": 0.06886098688450125, ""688008"": 0.024591009485143037, ""688183"": 0.02282496953894194}","{""002463"": 0.033550432642338736, ""002594"": 0.045469683115614924, ""002709"": 0.024323859799864258, ""300133"": 0.023245690649818292, ""300408"": 0.04019596189138525, ""301291"": 0.031373447884926284, ""515180"": 0.4941250523812085, ""600150"": 0.04245761322965087, ""600900"": 0.09515507949110723, ""600938"": 0.05296887538346655, ""601939"": 0.0682506024448232, ""688008"": 0.02503305367519134, ""688183"": 0.023850647410604508}",0.0,False,s1_stable_all7_30_vol_target,f3,False
2024-12-10,0.02031803774122348,0.0,0.02031803774122348,1.1826668580885342,0.0,0.5053793175840605,0.4946206824159394,0.0,12,"[""002463"", ""002594"", ""002709"", ""300133"", ""300408"", ""301291"", ""600150"", ""600900"", ""600938"", ""601939"", ""688008"", ""688183""]","{""002463"": 0.033550432642338736, ""002594"": 0.045469683115614924, ""002709"": 0.024323859799864258, ""300133"": 0.023245690649818292, ""300408"": 0.04019596189138525, ""301291"": 0.031373447884926284, ""515180"": 0.4941250523812085, ""600150"": 0.04245761322965087, ""600900"": 0.09515507949110723, ""600938"": 0.05296887538346655, ""601939"": 0.0682506024448232, ""688008"": 0.02503305367519134, ""688183"": 0.023850647410604508}","{""002463"": 0.03298735565509103, ""002594"": 0.04680233516852054, ""002709"": 0.024641192785819853, ""300133"": 0.022262455883252378, ""300408"": 0.04146885645607028, ""301291"": 0.031210254851571764, ""515180"": 0.4946206824159394, ""600150"": 0.042734690675193365, ""600900"": 0.09422177058303462, ""600938"": 0.05315259003636724, ""601939"": 0.06707064012164611, ""688008"": 0.025245407459911204, ""688183"": 0.023581767907582107}",0.0,False,s1_stable_all7_30_vol_target,f3,False
2024-12-11,-0.022611932636711324,0.0,-0.022611932636711324,1.1559244747617652,0.0,0.5026224069364644,0.4973775930635355,0.0,12,"[""002463"", ""002594"", ""002709"", ""300133"", ""300408"", ""301291"", ""600150"", ""600900"", ""600938"", ""601939"", ""688008"", ""688183""]","{""002463"": 0.03298735565509103, ""002594"": 0.04680233516852054, ""002709"": 0.024641192785819853, ""300133"": 0.022262455883252378, ""300408"": 0.04146885645607028, ""301291"": 0.031210254851571764, ""515180"": 0.4946206824159394, ""600150"": 0.042734690675193365, ""600900"": 0.09422177058303462, ""600938"": 0.05315259003636724, ""601939"": 0.06707064012164611, ""688008"": 0.025245407459911204, ""688183"": 0.023581767907582107}","{""002463"": 0.031655104458894134, ""002594"": 0.04606068256903826, ""002709"": 0.023680131048422138, ""300133"": 0.022777499159888526, ""300408"": 0.04084004181533914, ""301291"": 0.030643020409343746, ""515180"": 0.4973775930635355, ""600150"": 0.042562617240117416, ""600900"": 0.0953084844366927, ""600938"": 0.05334743121291389, ""601939"": 0.06898889571829239, ""688008"": 0.024483968710908854, ""688183"": 0.022274530156613237}",0.0,False,s1_stable_all7_30_vol_target,f3,False
2024-12-12,0.0070262681375456775,0.0,0.0070262681375456775,1.164046310068193,0.0,0.5030925358275579,0.49690746417244197,0.0,12,"[""002463"", ""002594"", ""002709"", ""300133"", ""300408"", ""301291"", ""600150"", ""600900"", ""600938"", ""601939"", ""688008"", ""688183""]","{""002463"": 0.031655104458894134, ""002594"": 0.04606068256903826, ""002709"": 0.023680131048422138, ""300133"": 0.022777499159888526, ""300408"": 0.04084004181533914, ""301291"": 0.030643020409343746, ""515180"": 0.4973775930635355, ""600150"": 0.042562617240117416, ""600900"": 0.0953084844366927, ""600938"": 0.05334743121291389, ""601939"": 0.06898889571829239, ""688008"": 0.024483968710908854, ""688183"": 0.022274530156613237}","{""002463"": 0.03183439203907125, ""002594"": 0.045420760188256505, ""002709"": 0.023341142807554765, ""300133"": 0.023411559969743635, ""300408"": 0.041029329126501715, ""301291"": 0.032431530483119385, ""515180"": 0.49690746417244197, ""600150"": 0.042277780566168204, ""600900"": 0.09482440814637026, ""600938"": 0.05362534443850516, ""601939"": 0.0675975069073354, ""688008"": 0.024526192658306918, ""688183"": 0.022772588496624713}",0.0,False,s1_stable_all7_30_vol_target,f3,False
2024-12-13,0.0014230018684524585,0.0,0.0014230018684524585,1.1657027501423853,0.0,0.502300664906275,0.49769933509372494,0.0,12,"[""002463"", ""002594"", ""002709"", ""300133"", ""300408"", ""301291"", ""600150"", ""600900"", ""600938"", ""601939"", ""688008"", ""688183""]","{""002463"": 0.03183439203907125, ""002594"": 0.045420760188256505, ""002709"": 0.023341142807554765, ""300133"": 0.023411559969743635, ""300408"": 0.041029329126501715, ""301291"": 0.032431530483119385, ""515180"": 0.49690746417244197, ""600150"": 0.042277780566168204, ""600900"": 0.09482440814637026, ""600938"": 0.05362534443850516, ""601939"": 0.0675975069073354, ""688008"": 0.024526192658306918, ""688183"": 0.022772588496624713}","{""002463"": 0.03179803566318849, ""002594"": 0.04555904584629506, ""002709"": 0.0233730452399027, ""300133"": 0.022480853359790453, ""300408"": 0.04084988290415815, ""301291"": 0.031627283095044915, ""515180"": 0.49769933509372494, ""600150"": 0.04222982055078796, ""600900"": 0.09573747633419549, ""600938"": 0.05338160649906404, ""601939"": 0.06813757252368069, ""688008"": 0.024170410709205534, ""688183"": 0.022955632180961517}",0.0,False,s1_stable_all7_30_vol_target,f3,False
2024-12-16,-0.006218224353747112,0.0,-0.006218224353747112,1.15845414891222,0.0,0.5078536955477164,0.4921463044522835,0.0,12,"[""002463"", ""002594"", ""002709"", ""300133"", ""300408"", ""301291"", ""600150"", ""600900"", ""600938"", ""601939"", ""688008"", ""688183""]","{""002463"": 0.03179803566318849, ""002594"": 0.04555904584629506, ""002709"": 0.0233730452399027, ""300133"": 0.022480853359790453, ""300408"": 0.04084988290415815, ""301291"": 0.031627283095044915, ""515180"": 0.49769933509372494, ""600150"": 0.04222982055078796, ""600900"": 0.09573747633419549, ""600938"": 0.05338160649906404, ""601939"": 0.06813757252368069, ""688008"": 0.024170410709205534, ""688183"": 0.022955632180961517}","{""002463"": 0.03304242018960105, ""002594"": 0.0450461462828653, ""002709"": 0.02355203192090118, ""300133"": 0.024454188775979862, ""300408"": 0.0413936189612485, ""301291"": 0.03203460458544106, ""515180"": 0.4921463044522835, ""600150"": 0.041433383038864714, ""600900"": 0.09757267406935367, ""600938"": 0.05327308479737963, ""601939"": 0.06874680423572731, ""688008"": 0.024913097942573896, ""688183"": 0.022391640747780238}",0.0,False,s1_stable_all7_30_vol_target,f3,False
2024-12-17,0.004825921708416524,0.0,0.004825921708416524,1.1640447579376607,0.0,0.507967198271156,0.4920328017288439,0.0,12,"[""002463"", ""002594"", ""002709"", ""300133"", ""300408"", ""301291"", ""600150"", ""600900"", ""600938"", ""601939"", ""688008"", ""688183""]","{""002463"": 0.03304242018960105, ""002594"": 0.0450461462828653, ""002709"": 0.02355203192090118, ""300133"": 0.024454188775979862, ""300408"": 0.0413936189612485, ""301291"": 0.03203460458544106, ""515180"": 0.4921463044522835, ""600150"": 0.041433383038864714, ""600900"": 0.09757267406935367, ""600938"": 0.05327308479737963, ""601939"": 0.06874680423572731, ""688008"": 0.024913097942573896, ""688183"": 0.022391640747780238}","{""002463"": 0.03272366450046464, ""002594"": 0.04456525426891058, ""002709"": 0.022385458638351525, ""300133"": 0.023649486998571643, ""300408"": 0.04044485683535118, ""301291"": 0.030994967408718502, ""515180"": 0.4920328017288439, ""600150"": 0.04146491827792453, ""600900"": 0.09909411716987088, ""600938"": 0.05433846410102238, ""601939"": 0.06969068364882808, ""688008"": 0.024865668695946, ""688183"": 0.02374965772719608}",0.0,False,s1_stable_all7_30_vol_target,f3,False
2024-12-18,0.003411345939812747,0.0,0.003411345939812747,1.1680157172964118,0.0,0.5111349859571982,0.4888650140428016,0.0,12,"[""002463"", ""002594"", ""002709"", ""300133"", ""300408"", ""301291"", ""600150"", ""600900"", ""600938"", ""601939"", ""688008"", ""688183""]","{""002463"": 0.03272366450046464, ""002594"": 0.04456525426891058, ""002709"": 0.022385458638351525, ""300133"": 0.023649486998571643, ""300408"": 0.04044485683535118, ""301291"": 0.030994967408718502, ""515180"": 0.4920328017288439, ""600150"": 0.04146491827792453, ""600900"": 0.09909411716987088, ""600938"": 0.05433846410102238, ""601939"": 0.06969068364882808, ""688008"": 0.024865668695946, ""688183"": 0.02374965772719608}","{""002463"": 0.03378220532942762, ""002594"": 0.04578480942354329, ""002709"": 0.02268817545976477, ""300133"": 0.02188313251140205, ""300408"": 0.04035131976972789, ""301291"": 0.030511261581651055, ""515180"": 0.4888650140428016, ""600150"": 0.04301680906942109, ""600900"": 0.09893752157367675, ""600938"": 0.05438363476076345, ""601939"": 0.07008861350050045, ""688008"": 0.02383824019445421, ""688183"": 0.025869262782865606}",0.0,False,s1_stable_all7_30_vol_target,f3,False
2024-12-19,-0.0028755289740144,0.0,-0.0028755289740144,1.1646570542592218,0.0,0.5086007030086812,0.4913992969913187,0.0,12,"[""002463"", ""002594"", ""002709"", ""300133"", ""300408"", ""301291"", ""600150"", ""600900"", ""600938"", ""601939"", ""688008"", ""688183""]","{""002463"": 0.03378220532942762, ""002594"": 0.04578480942354329, ""002709"": 0.02268817545976477, ""300133"": 0.02188313251140205, ""300408"": 0.04035131976972789, ""301291"": 0.030511261581651055, ""515180"": 0.4888650140428016, ""600150"": 0.04301680906942109, ""600900"": 0.09893752157367675, ""600938"": 0.05438363476076345, ""601939"": 0.07008861350050045, ""688008"": 0.02383824019445421, ""688183"": 0.025869262782865606}","{""002463"": 0.03318639241511598, ""002594"": 0.04567917468763788, ""002709"": 0.0223736899087237, ""300133"": 0.02178772573060114, ""300408"": 0.04096372136315864, ""301291"": 0.029691614198388373, ""515180"": 0.4913992969913187, ""600150"": 0.042437511203363504, ""600900"": 0.09878887315470472, ""600938"": 0.054016442979253364, ""601939"": 0.07029073655005495, ""688008"": 0.024011652247992347, ""688183"": 0.025373168569686598}",0.0,False,s1_stable_all7_30_vol_target,f3,False
2024-12-20,0.0001370698395702685,0.0,0.0001370698395702685,1.1648166936148034,0.0,0.5139149203592306,0.4860850796407694,0.0,12,"[""002463"", ""002594"", ""002709"", ""300133"", ""300408"", ""301291"", ""600150"", ""600900"", ""600938"", ""601939"", ""688008"", ""688183""]","{""002463"": 0.03318639241511598, ""002594"": 0.04567917468763788, ""002709"": 0.0223736899087237, ""300133"": 0.02178772573060114, ""300408"": 0.04096372136315864, ""301291"": 0.029691614198388373, ""515180"": 0.4913992969913187, ""600150"": 0.042437511203363504, ""600900"": 0.09878887315470472, ""600938"": 0.054016442979253364, ""601939"": 0.07029073655005495, ""688008"": 0.024011652247992347, ""688183"": 0.025373168569686598}","{""002463"": 0.034034939268550585, ""002594"": 0.0462011624015538, ""002709"": 0.022283797940934158, ""300133"": 0.022075308557225767, ""300408"": 0.041398967338218406, ""301291"": 0.03162158694644019, ""515180"": 0.4860850796407694, ""600150"": 0.04306219892543677, ""600900"": 0.09859453941305367, ""600938"": 0.05394616564987025, ""601939"": 0.06982638584836486, ""688008"": 0.024910537973780452, ""688183"": 0.025959330095801668}",0.0,False,s1_stable_all7_30_vol_target,f3,False
2024-12-23,-0.002962446957367417,0.0,-0.002962446957367417,1.1613659859449135,0.0,0.5158536506962894,0.4841463493037107,0.0,12,"[""002463"", ""002594"", ""002709"", ""300133"", ""300408"", ""301291"", ""600150"", ""600900"", ""600938"", ""601939"", ""688008"", ""688183""]","{""002463"": 0.034034939268550585, ""002594"": 0.0462011624015538, ""002709"": 0.022283797940934158, ""300133"": 0.022075308557225767, ""300408"": 0.041398967338218406, ""301291"": 0.03162158694644019, ""515180"": 0.4860850796407694, ""600150"": 0.04306219892543677, ""600900"": 0.09859453941305367, ""600938"": 0.05394616564987025, ""601939"": 0.06982638584836486, ""688008"": 0.024910537973780452, ""688183"": 0.025959330095801668}","{""002463"": 0.033939983713401484, ""002594"": 0.04559162805691022, ""002709"": 0.022491519523271525, ""300133"": 0.022273368984768824, ""300408"": 0.04206363223545461, ""301291"": 0.03133504557698905, ""515180"": 0.4841463493037107, ""600150"": 0.04260641463556469, ""600900"": 0.09881495562871383, ""600938"": 0.054316656928051946, ""601939"": 0.06985143009204514, ""688008"": 0.025896649384376583, ""688183"": 0.02667236593674146}",0.0,False,s1_stable_all7_30_vol_target,f3,False
2024-12-24,0.0006393880376534945,0.0,0.0006393880376534945,1.1621085494636643,0.0,0.5146604109327334,0.48533958906726676,0.0,12,"[""002463"", ""002594"", ""002709"", ""300133"", ""300408"", ""301291"", ""600150"", ""600900"", ""600938"", ""601939"", ""688008"", ""688183""]","{""002463"": 0.033939983713401484, ""002594"": 0.04559162805691022, ""002709"": 0.022491519523271525, ""300133"": 0.022273368984768824, ""300408"": 0.04206363223545461, ""301291"": 0.03133504557698905, ""515180"": 0.4841463493037107, ""600150"": 0.04260641463556469, ""600900"": 0.09881495562871383, ""600938"": 0.054316656928051946, ""601939"": 0.06985143009204514, ""688008"": 0.025896649384376583, ""688183"": 0.02667236593674146}","{""002463"": 0.03341949827842786, ""002594"": 0.045461760929174165, ""002709"": 0.02235748445061044, ""300133"": 0.02090881443865783, ""300408"": 0.04089889421807181, ""301291"": 0.030248821147948832, ""515180"": 0.48533958906726676, ""600150"": 0.04310178318063906, ""600900"": 0.09976662416928385, ""600938"": 0.05596250541698174, ""601939"": 0.07117412728792501, ""688008"": 0.025333917468453315, ""688183"": 0.026026179946559497}",0.0,False,s1_stable_all7_30_vol_target,f3,False
2024-12-25,0.012560136638055351,0.0,0.012560136638055351,1.1767047916331803,0.0,0.5162288447039294,0.4837711552960707,0.0,12,"[""002463"", ""002594"", ""002709"", ""300133"", ""300408"", ""301291"", ""600150"", ""600900"", ""600938"", ""601939"", ""688008"", ""688183""]","{""002463"": 0.03341949827842786, ""002594"": 0.045461760929174165, ""002709"": 0.02235748445061044, ""300133"": 0.02090881443865783, ""300408"": 0.04089889421807181, ""301291"": 0.030248821147948832, ""515180"": 0.48533958906726676, ""600150"": 0.04310178318063906, ""600900"": 0.09976662416928385, ""600938"": 0.05596250541698174, ""601939"": 0.07117412728792501, ""688008"": 0.025333917468453315, ""688183"": 0.026026179946559497}","{""002463"": 0.0336910886299274, ""002594"": 0.04634209241347794, ""002709"": 0.022187590242918245, ""300133"": 0.020309524232103526, ""300408"": 0.042693612977394026, ""301291"": 0.029799969875630022, ""515180"": 0.4837711552960707, ""600150"": 0.04277117794351982, ""600900"": 0.09978186193650347, ""600938"": 0.05628489976271721, ""601939"": 0.07191170345839332, ""688008"": 0.025373319573500537, ""688183"": 0.025082003657843886}",0.0,False,s1_stable_all7_30_vol_target,f3,False
2024-12-26,-0.0009435569411228935,0.0,-0.0009435569411228935,1.1755945036593822,0.0,0.5139152453108339,0.48608475468916623,0.0,12,"[""002463"", ""002594"", ""002709"", ""300133"", ""300408"", ""301291"", ""600150"", ""600900"", ""600938"", ""601939"", ""688008"", ""688183""]","{""002463"": 0.0336910886299274, ""002594"": 0.04634209241347794, ""002709"": 0.022187590242918245, ""300133"": 0.020309524232103526, ""300408"": 0.042693612977394026, ""301291"": 0.029799969875630022, ""515180"": 0.4837711552960707, ""600150"": 0.04277117794351982, ""600900"": 0.09978186193650347, ""600938"": 0.05628489976271721, ""601939"": 0.07191170345839332, ""688008"": 0.025373319573500537, ""688183"": 0.025082003657843886}","{""002463"": 0.03293926873480387, ""002594"": 0.045926225053568595, ""002709"": 0.021294480604093894, ""300133"": 0.019831415186053178, ""300408"": 0.04216607108043949, ""301291"": 0.02933429585175458, ""515180"": 0.48608475468916623, ""600150"": 0.042367058380479806, ""600900"": 0.09976861846245227, ""600938"": 0.05648341967012298, ""601939"": 0.07261038815839511, ""688008"": 0.025397283356497224, ""688183"": 0.025796720772172835}",0.0,False,s1_stable_all7_30_vol_target,f3,False
2024-12-27,0.002735180710359075,0.0,0.002735180710359075,1.1788099670689955,0.0,0.5170927864597133,0.4829072135402867,0.0,12,"[""002463"", ""002594"", ""002709"", ""300133"", ""300408"", ""301291"", ""600150"", ""600900"", ""600938"", ""601939"", ""688008"", ""688183""]","{""002463"": 0.03293926873480387, ""002594"": 0.045926225053568595, ""002709"": 0.021294480604093894, ""300133"": 0.019831415186053178, ""300408"": 0.04216607108043949, ""301291"": 0.02933429585175458, ""515180"": 0.48608475468916623, ""600150"": 0.042367058380479806, ""600900"": 0.09976861846245227, ""600938"": 0.05648341967012298, ""601939"": 0.07261038815839511, ""688008"": 0.025397283356497224, ""688183"": 0.025796720772172835}","{""002463"": 0.03522904880489383, ""002594"": 0.04594428705823092, ""002709"": 0.02108625406141227, ""300133"": 0.019568506379714568, ""300408"": 0.04254113398564148, ""301291"": 0.030143669026994585, ""515180"": 0.4829072135402867, ""600150"": 0.042035832378290804, ""600900"": 0.09774572263239892, ""600938"": 0.056101546208857024, ""601939"": 0.07178328008575706, ""688008"": 0.028059461878053155, ""688183"": 0.026854043959468787}",0.0,False,s1_stable_all7_30_vol_target,f3,False
2024-12-30,-0.0004922778658898305,0.0,-0.0004922778658898305,1.1782296650141173,0.0,0.5157434148081753,0.48425658519182474,0.0,12,"[""002463"", ""002594"", ""002709"", ""300133"", ""300408"", ""301291"", ""600150"", ""600900"", ""600938"", ""601939"", ""688008"", ""688183""]","{""002463"": 0.03522904880489383, ""002594"": 0.04594428705823092, ""002709"": 0.02108625406141227, ""300133"": 0.019568506379714568, ""300408"": 0.04254113398564148, ""301291"": 0.030143669026994585, ""515180"": 0.4829072135402867, ""600150"": 0.042035832378290804, ""600900"": 0.09774572263239892, ""600938"": 0.056101546208857024, ""601939"": 0.07178328008575706, ""688008"": 0.028059461878053155, ""688183"": 0.026854043959468787}","{""002463"": 0.03496527201220762, ""002594"": 0.04603250076882138, ""002709"": 0.021053720866731518, ""300133"": 0.019630373543214324, ""300408"": 0.04137441869878324, ""301291"": 0.03204112450206126, ""515180"": 0.48425658519182474, ""600150"": 0.04319530484356676, ""600900"": 0.0989020304127729, ""600938"": 0.056315653032796224, ""601939"": 0.07154891034279398, ""688008"": 0.02569724370580316, ""688183"": 0.024986862078622916}",0.0,False,s1_stable_all7_30_vol_target,f3,False
2024-12-31,0.007521373421507505,0.0,0.007521373421507505,1.1870915703009863,0.0,0.5127391057383927,0.4872608942616072,0.0,12,"[""002463"", ""002594"", ""002709"", ""300133"", ""300408"", ""301291"", ""600150"", ""600900"", ""600938"", ""601939"", ""688008"", ""688183""]","{""002463"": 0.03496527201220762, ""002594"": 0.04603250076882138, ""002709"": 0.021053720866731518, ""300133"": 0.019630373543214324, ""300408"": 0.04137441869878324, ""301291"": 0.03204112450206126, ""515180"": 0.48425658519182474, ""600150"": 0.04319530484356676, ""600900"": 0.0989020304127729, ""600938"": 0.056315653032796224, ""601939"": 0.07154891034279398, ""688008"": 0.02569724370580316, ""688183"": 0.024986862078622916}","{""002463"": 0.034835043306706094, ""002594"": 0.04533228933316314, ""002709"": 0.0211095411417305, ""300133"": 0.01961342682702787, ""300408"": 0.041281843211998716, ""301291"": 0.03273620781144174, ""515180"": 0.4872608942616072, ""600150"": 0.04246832529192779, ""600900"": 0.09741861551323217, ""600938"": 0.057211393999760995, ""601939"": 0.07146096650736106, ""688008"": 0.024775963749396758, ""688183"": 0.024495489044645876}",0.0,False,s1_stable_all7_30_vol_target,f3,False
2025-01-02,-0.009966046093314652,0.0,-0.009966046093314652,1.1752609609943814,0.0,0.5100628337839002,0.4899371662160998,0.0,12,"[""002463"", ""002594"", ""002709"", ""300133"", ""300408"", ""301291"", ""600150"", ""600900"", ""600938"", ""601939"", ""688008"", ""688183""]","{""002463"": 0.034835043306706094, ""002594"": 0.04533228933316314, ""002709"": 0.0211095411417305, ""300133"": 0.01961342682702787, ""300408"": 0.041281843211998716, ""301291"": 0.03273620781144174, ""515180"": 0.4872608942616072, ""600150"": 0.04246832529192779, ""600900"": 0.09741861551323217, ""600938"": 0.057211393999760995, ""601939"": 0.07146096650736106, ""688008"": 0.024775963749396758, ""688183"": 0.024495489044645876}","{""002463"": 0.03358275237158506, ""002594"": 0.04546182913460163, ""002709"": 0.020622848548242506, ""300133"": 0.018999264084988036, ""300408"": 0.041162147148100306, ""301291"": 0.0314069260109009, ""515180"": 0.4899371662160998, ""600150"": 0.042391099602515, ""600900"": 0.09879348062025442, ""600938"": 0.057766533087887734, ""601939"": 0.07200004836576913, ""688008"": 0.023913033775374265, ""688183"": 0.023962871033681117}",0.0,False,s1_stable_all7_30_vol_target,f3,False
2025-01-03,-0.024100896767879604,0.0,-0.024100896767879604,1.1469361178981368,0.0,0.5086206361744148,0.4913793638255851,0.0,12,"[""002463"", ""002594"", ""002709"", ""300133"", ""300408"", ""301291"", ""600150"", ""600900"", ""600938"", ""601939"", ""688008"", ""688183""]","{""002463"": 0.03358275237158506, ""002594"": 0.04546182913460163, ""002709"": 0.020622848548242506, ""300133"": 0.018999264084988036, ""300408"": 0.041162147148100306, ""301291"": 0.0314069260109009, ""515180"": 0.4899371662160998, ""600150"": 0.042391099602515, ""600900"": 0.09879348062025442, ""600938"": 0.057766533087887734, ""601939"": 0.07200004836576913, ""688008"": 0.023913033775374265, ""688183"": 0.023962871033681117}","{""002463"": 0.033924768178865666, ""002594"": 0.044656838640340285, ""002709"": 0.0201842256529371, ""300133"": 0.01890510130275371, ""300408"": 0.040443725889631375, ""301291"": 0.031457313769738454, ""515180"": 0.4913793638255851, ""600150"": 0.04170170585844693, ""600900"": 0.1001316146692203, ""600938"": 0.05821403821159737, ""601939"": 0.07202330459090349, ""688008"": 0.02391719785668069, ""688183"": 0.023060801553299433}",0.0,False,s1_stable_all7_30_vol_target,f3,False
2025-01-06,-0.008325566626656742,0.0,-0.008325566626656742,1.137387224832057,0.0,0.50871723982287,0.49128276017712996,0.0,12,"[""002463"", ""002594"", ""002709"", ""300133"", ""300408"", ""301291"", ""600150"", ""600900"", ""600938"", ""601939"", ""688008"", ""688183""]","{""002463"": 0.033924768178865666, ""002594"": 0.044656838640340285, ""002709"": 0.0201842256529371, ""300133"": 0.01890510130275371, ""300408"": 0.040443725889631375, ""301291"": 0.031457313769738454, ""515180"": 0.4913793638255851, ""600150"": 0.04170170585844693, ""600900"": 0.1001316146692203, ""600938"": 0.05821403821159737, ""601939"": 0.07202330459090349, ""688008"": 0.02391719785668069, ""688183"": 0.023060801553299433}","{""002463"": 0.03493763942203158, ""002594"": 0.045106285044197586, ""002709"": 0.019909083909556483, ""300133"": 0.017738251341354462, ""300408"": 0.04017375555840057, ""301291"": 0.03140145589276299, ""515180"": 0.49128276017712996, ""600150"": 0.04093423741435516, ""600900"": 0.10056492564956288, ""600938"": 0.059389605216251945, ""601939"": 0.07123092360585123, ""688008"": 0.023777986246468978, ""688183"": 0.02355309052207607}",0.0,False,s1_stable_all7_30_vol_target,f3,False
2025-01-07,-0.0030516027795368674,0.0,-0.0030516027795368674,1.1339163708153497,0.0,0.5068284615288947,0.49317153847110523,0.0,12,"[""002463"", ""002594"", ""002709"", ""300133"", ""300408"", ""301291"", ""600150"", ""600900"", ""600938"", ""601939"", ""688008"", ""688183""]","{""002463"": 0.03493763942203158, ""002594"": 0.045106285044197586, ""002709"": 0.019909083909556483, ""300133"": 0.017738251341354462, ""300408"": 0.04017375555840057, ""301291"": 0.03140145589276299, ""515180"": 0.49128276017712996, ""600150"": 0.04093423741435516, ""600900"": 0.10056492564956288, ""600938"": 0.059389605216251945, ""601939"": 0.07123092360585123, ""688008"": 0.023777986246468978, ""688183"": 0.02355309052207607}","{""002463"": 0.035519267222618264, ""002594"": 0.04513246760682135, ""002709"": 0.019256490789550187, ""300133"": 0.017466924791904336, ""300408"": 0.04038729994933635, ""301291"": 0.03297235121567543, ""515180"": 0.49317153847110523, ""600150"": 0.04047412660351809, ""600900"": 0.10005557482448181, ""600938"": 0.05728929452837003, ""601939"": 0.07172922270491561, ""688008"": 0.023402216640433862, ""688183"": 0.023143224651269362}",0.0,False,s1_stable_all7_30_vol_target,f3,False
2025-01-08,0.008786264513798032,0.0,0.008786264513798032,1.1438792599858592,0.0,0.5115054929725655,0.48849450702743447,0.0,12,"[""002463"", ""002594"", ""002709"", ""300133"", ""300408"", ""301291"", ""600150"", ""600900"", ""600938"", ""601939"", ""688008"", ""688183""]","{""002463"": 0.035519267222618264, ""002594"": 0.04513246760682135, ""002709"": 0.019256490789550187, ""300133"": 0.017466924791904336, ""300408"": 0.04038729994933635, ""301291"": 0.03297235121567543, ""515180"": 0.49317153847110523, ""600150"": 0.04047412660351809, ""600900"": 0.10005557482448181, ""600938"": 0.05728929452837003, ""601939"": 0.07172922270491561, ""688008"": 0.023402216640433862, ""688183"": 0.023143224651269362}","{""002463"": 0.036838735014995745, ""002594"": 0.045026735260825845, ""002709"": 0.019376120139295454, ""300133"": 0.017664477550015004, ""300408"": 0.04057425258829057, ""301291"": 0.03359414412042672, ""515180"": 0.48849450702743447, ""600150"": 0.04122049139723033, ""600900"": 0.09841088069898657, ""600938"": 0.057964114415801495, ""601939"": 0.07267881720999804, ""688008"": 0.023775326701037595, ""688183"": 0.024381397875662125}",0.0,False,s1_stable_all7_30_vol_target,f3,False
2025-01-09,0.005588924285465264,0.0,0.005588924285465264,1.150272314561634,0.0,0.515738538947219,0.484261461052781,0.0,12,"[""002463"", ""002594"", ""002709"", ""300133"", ""300408"", ""301291"", ""600150"", ""600900"", ""600938"", ""601939"", ""688008"", ""688183""]","{""002463"": 0.036838735014995745, ""002594"": 0.045026735260825845, ""002709"": 0.019376120139295454, ""300133"": 0.017664477550015004, ""300408"": 0.04057425258829057, ""301291"": 0.03359414412042672, ""515180"": 0.48849450702743447, ""600150"": 0.04122049139723033, ""600900"": 0.09841088069898657, ""600938"": 0.057964114415801495, ""601939"": 0.07267881720999804, ""688008"": 0.023775326701037595, ""688183"": 0.024381397875662125}","{""002463"": 0.03812778614438667, ""002594"": 0.044109703634759245, ""002709"": 0.01879584164340175, ""300133"": 0.017405804700246285, ""300408"": 0.04031526391459014, ""301291"": 0.03621712187282067, ""515180"": 0.484261461052781, ""600150"": 0.04100367198861428, ""600900"": 0.09885256209212001, ""600938"": 0.05740850370353239, ""601939"": 0.07420883920005868, ""688008"": 0.023840520849851048, ""688183"": 0.025452919202837865}",0.0,False,s1_stable_all7_30_vol_target,f3,False
2025-01-10,-0.01108860177739061,0.0,-0.01108860177739061,1.1375174029299027,0.0,0.5183677307946438,0.4816322692053561,0.0,12,"[""002463"", ""002594"", ""002709"", ""300133"", ""300408"", ""301291"", ""600150"", ""600900"", ""600938"", ""601939"", ""688008"", ""688183""]","{""002463"": 0.03812778614438667, ""002594"": 0.044109703634759245, ""002709"": 0.01879584164340175, ""300133"": 0.017405804700246285, ""300408"": 0.04031526391459014, ""301291"": 0.03621712187282067, ""515180"": 0.484261461052781, ""600150"": 0.04100367198861428, ""600900"": 0.09885256209212001, ""600938"": 0.05740850370353239, ""601939"": 0.07420883920005868, ""688008"": 0.023840520849851048, ""688183"": 0.025452919202837865}","{""002463"": 0.03739965227538885, ""002594"": 0.04460430298815295, ""002709"": 0.019706759445399093, ""300133"": 0.018087862174352806, ""300408"": 0.04138804686720993, ""301291"": 0.03605193649556824, ""515180"": 0.4816322692053561, ""600150"": 0.040420494280497675, ""600900"": 0.09940558915734005, ""600938"": 0.057816149790839516, ""601939"": 0.07436111841388701, ""688008"": 0.024030241579067285, ""688183"": 0.025095577326940465}",0.0,False,s1_stable_all7_30_vol_target,f3,False
2025-01-13,-0.01761601322382206,0.0,-0.01761601322382206,1.1174788813175618,0.0,0.5167628927061354,0.48323710729386465,0.0,12,"[""002463"", ""002594"", ""002709"", ""300133"", ""300408"", ""301291"", ""600150"", ""600900"", ""600938"", ""601939"", ""688008"", ""688183""]","{""002463"": 0.03739965227538885, ""002594"": 0.04460430298815295, ""002709"": 0.019706759445399093, ""300133"": 0.018087862174352806, ""300408"": 0.04138804686720993, ""301291"": 0.03605193649556824, ""515180"": 0.4816322692053561, ""600150"": 0.040420494280497675, ""600900"": 0.09940558915734005, ""600938"": 0.057816149790839516, ""601939"": 0.07436111841388701, ""688008"": 0.024030241579067285, ""688183"": 0.025095577326940465}","{""002463"": 0.03695875758740835, ""002594"": 0.04437204297635112, ""002709"": 0.019403987492151803, ""300133"": 0.01722823540152973, ""300408"": 0.04180853842166857, ""301291"": 0.0349150577896127, ""515180"": 0.48323710729386465, ""600150"": 0.03956547224226271, ""600900"": 0.10122581108689482, ""600938"": 0.05926797575744193, ""601939"": 0.07370384003969259, ""688008"": 0.02322359116306219, ""688183"": 0.025089582748058892}",0.0,False,s1_stable_all7_30_vol_target,f3,False
2025-01-14,-0.0025417357064061873,0.0,-0.0025417357064061873,1.1146385453437622,0.0,0.5182730373852927,0.4817269626147073,0.0,12,"[""002463"", ""002594"", ""002709"", ""300133"", ""300408"", ""301291"", ""600150"", ""600900"", ""600938"", ""601939"", ""688008"", ""688183""]","{""002463"": 0.03695875758740835, ""002594"": 0.04437204297635112, ""002709"": 0.019403987492151803, ""300133"": 0.01722823540152973, ""300408"": 0.04180853842166857, ""301291"": 0.0349150577896127, ""515180"": 0.48323710729386465, ""600150"": 0.03956547224226271, ""600900"": 0.10122581108689482, ""600938"": 0.05926797575744193, ""601939"": 0.07370384003969259, ""688008"": 0.02322359116306219, ""688183"": 0.025089582748058892}","{""002463"": 0.03680220220296737, ""002594"": 0.045060939622659266, ""002709"": 0.019918446242329812, ""300133"": 0.017879435641551256, ""300408"": 0.041051250817363535, ""301291"": 0.03552485265867035, ""515180"": 0.4817269626147073, ""600150"": 0.03989436991263211, ""600900"": 0.10148375597307178, ""600938"": 0.05930949522878205, ""601939"": 0.07294127813337138, ""688008"": 0.023505268299041187, ""688183"": 0.024901742652852592}",0.0,False,s1_stable_all7_30_vol_target,f3,False
2025-01-15,0.0145572692372989,0.00037307545825770674,0.014184193779041194,1.1304487944645067,0.3727359171575664,0.75,0.25,0.0,12,"[""002281"", ""002463"", ""002594"", ""002709"", ""300133"", ""300408"", ""301291"", ""600938"", ""601939"", ""688008"", ""688183"", ""688676""]","{""002463"": 0.03680220220296737, ""002594"": 0.045060939622659266, ""002709"": 0.019918446242329812, ""300133"": 0.017879435641551256, ""300408"": 0.041051250817363535, ""301291"": 0.03552485265867035, ""515180"": 0.4817269626147073, ""600150"": 0.03989436991263211, ""600900"": 0.10148375597307178, ""600938"": 0.05930949522878205, ""601939"": 0.07294127813337138, ""688008"": 0.023505268299041187, ""688183"": 0.024901742652852592}","{""002281"": 0.04036110018243871, ""002463"": 0.057758225190187994, ""002594"": 0.09236516503776211, ""002709"": 0.04172445186162826, ""300133"": 0.02990394255380909, ""300408"": 0.07984943972920379, ""301291"": 0.040895652053779596, ""515180"": 0.25, ""600938"": 0.11086085838002499, ""601939"": 0.13595325832799057, ""688008"": 0.04598248890177879, ""688183"": 0.0370473631964077, ""688676"": 0.037298054584988395}",0.0,False,s1_stable_all7_30_vol_target,f3,False
2025-01-16,-0.005396489327515124,0.0,-0.005396489327515124,1.1243483396098768,0.0,0.7478392170258622,0.2521607829741378,0.0,12,"[""002281"", ""002463"", ""002594"", ""002709"", ""300133"", ""300408"", ""301291"", ""600938"", ""601939"", ""688008"", ""688183"", ""688676""]","{""002281"": 0.04036110018243871, ""002463"": 0.057758225190187994, ""002594"": 0.09236516503776211, ""002709"": 0.04172445186162826, ""300133"": 0.02990394255380909, ""300408"": 0.07984943972920379, ""301291"": 0.040895652053779596, ""515180"": 0.25, ""600938"": 0.11086085838002499, ""601939"": 0.13595325832799057, ""688008"": 0.04598248890177879, ""688183"": 0.0370473631964077, ""688676"": 0.037298054584988395}","{""002281"": 0.040114114115875246, ""002463"": 0.0544143444710822, ""002594"": 0.09235258506644319, ""002709"": 0.04146255199744993, ""300133"": 0.03037178957421023, ""300408"": 0.08023829497004585, ""301291"": 0.039452205032819994, ""515180"": 0.2521607829741378, ""600938"": 0.11303400384646435, ""601939"": 0.13740053121415152, ""688008"": 0.04669232313995217, ""688183"": 0.03572276908238408, ""688676"": 0.03658370451498344}",0.0,False,s1_stable_all7_30_vol_target,f3,False
2025-01-17,0.002020540132321551,0.0,0.002020540132321551,1.1266201305527674,0.0,0.7465415735633707,0.2534584264366294,0.0,12,"[""002281"", ""002463"", ""002594"", ""002709"", ""300133"", ""300408"", ""301291"", ""600938"", ""601939"", ""688008"", ""688183"", ""688676""]","{""002281"": 0.040114114115875246, ""002463"": 0.0544143444710822, ""002594"": 0.09235258506644319, ""002709"": 0.04146255199744993, ""300133"": 0.03037178957421023, ""300408"": 0.08023829497004585, ""301291"": 0.039452205032819994, ""515180"": 0.2521607829741378, ""600938"": 0.11303400384646435, ""601939"": 0.13740053121415152, ""688008"": 0.04669232313995217, ""688183"": 0.03572276908238408, ""688676"": 0.03658370451498344}","{""002281"": 0.041083566359636364, ""002463"": 0.05403266730967334, ""002594"": 0.09176338007470847, ""002709"": 0.04133253441767374, ""300133"": 0.02991843017016506, ""300408"": 0.07901329962097785, ""301291"": 0.04014041318980864, ""515180"": 0.2534584264366294, ""600938"": 0.11363158561982753, ""601939"": 0.1385398495933686, ""688008"": 0.04567227056044244, ""688183"": 0.035081015097928755, ""688676"": 0.036332561549159925}",0.0,False,s1_stable_all7_30_vol_target,f3,False
2025-01-20,0.012053623276711284,0.0,0.012053623276711284,1.1401999851824096,0.0,0.7495602796065187,0.2504397203934815,0.0,12,"[""002281"", ""002463"", ""002594"", ""002709"", ""300133"", ""300408"", ""301291"", ""600938"", ""601939"", ""688008"", ""688183"", ""688676""]","{""002281"": 0.041083566359636364, ""002463"": 0.05403266730967334, ""002594"": 0.09176338007470847, ""002709"": 0.04133253441767374, ""300133"": 0.02991843017016506, ""300408"": 0.07901329962097785, ""301291"": 0.04014041318980864, ""515180"": 0.2534584264366294, ""600938"": 0.11363158561982753, ""601939"": 0.1385398495933686, ""688008"": 0.04567227056044244, ""688183"": 0.035081015097928755, ""688676"": 0.036332561549159925}","{""002281"": 0.04076855074942464, ""002463"": 0.05517112975441116, ""002594"": 0.09252053865045815, ""002709"": 0.04198668677335076, ""300133"": 0.03016479292170122, ""300408"": 0.08122385064274291, ""301291"": 0.04153657121382987, ""515180"": 0.2504397203934815, ""600938"": 0.11162568291053512, ""601939"": 0.1354903184877972, ""688008"": 0.04621777630673409, ""688183"": 0.036225827433491425, ""688676"": 0.03662855376204216}",0.0,False,s1_stable_all7_30_vol_target,f3,False
2025-01-21,0.0026861657928045567,0.0,0.0026861657928045567,1.1432627513795628,0.0,0.7512199917787384,0.24878000822126173,0.0,12,"[""002281"", ""002463"", ""002594"", ""002709"", ""300133"", ""300408"", ""301291"", ""600938"", ""601939"", ""688008"", ""688183"", ""688676""]","{""002281"": 0.04076855074942464, ""002463"": 0.05517112975441116, ""002594"": 0.09252053865045815, ""002709"": 0.04198668677335076, ""300133"": 0.03016479292170122, ""300408"": 0.08122385064274291, ""301291"": 0.04153657121382987, ""515180"": 0.2504397203934815, ""600938"": 0.11162568291053512, ""601939"": 0.1354903184877972, ""688008"": 0.04621777630673409, ""688183"": 0.036225827433491425, ""688676"": 0.03662855376204216}","{""002281"": 0.041188710286972935, ""002463"": 0.0568428638121521, ""002594"": 0.09429360995581229, ""002709"": 0.041988541138438064, ""300133"": 0.03029865327473115, ""300408"": 0.08035142911878448, ""301291"": 0.042155178740777746, ""515180"": 0.24878000822126173, ""600938"": 0.10770659321176865, ""601939"": 0.1344294623392083, ""688008"": 0.04669991905750897, ""688183"": 0.03747426779496658, ""688676"": 0.037790763047617165}",0.0,False,s1_stable_all7_30_vol_target,f3,False
2025-01-22,-0.0007196009494493291,0.0,-0.0007196009494493291,1.1424400584182,0.0,0.7522282451073734,0.24777175489262682,0.0,12,"[""002281"", ""002463"", ""002594"", ""002709"", ""300133"", ""300408"", ""301291"", ""600938"", ""601939"", ""688008"", ""688183"", ""688676""]","{""002281"": 0.041188710286972935, ""002463"": 0.0568428638121521, ""002594"": 0.09429360995581229, ""002709"": 0.041988541138438064, ""300133"": 0.03029865327473115, ""300408"": 0.08035142911878448, ""301291"": 0.042155178740777746, ""515180"": 0.24878000822126173, ""600938"": 0.10770659321176865, ""601939"": 0.1344294623392083, ""688008"": 0.04669991905750897, ""688183"": 0.03747426779496658, ""688676"": 0.037790763047617165}","{""002281"": 0.042159285348843535, ""002463"": 0.05829530606831187, ""002594"": 0.09436151258986343, ""002709"": 0.041309387783824314, ""300133"": 0.030277506813911465, ""300408"": 0.08082431305762142, ""301291"": 0.04226570226147617, ""515180"": 0.24777175489262682, ""600938"": 0.1048127638176447, ""601939"": 0.13400247937607593, ""688008"": 0.048078769949687336, ""688183"": 0.03596106172379284, ""688676"": 0.03988015631632035}",0.0,False,s1_stable_all7_30_vol_target,f3,False
2025-01-23,0.01233026683376359,0.0,0.01233026683376359,1.1565266491800767,0.0,0.7572010288357301,0.24279897116427018,0.0,12,"[""002281"", ""002463"", ""002594"", ""002709"", ""300133"", ""300408"", ""301291"", ""600938"", ""601939"", ""688008"", ""688183"", ""688676""]","{""002281"": 0.042159285348843535, ""002463"": 0.05829530606831187, ""002594"": 0.09436151258986343, ""002709"": 0.041309387783824314, ""300133"": 0.030277506813911465, ""300408"": 0.08082431305762142, ""301291"": 0.04226570226147617, ""515180"": 0.24777175489262682, ""600938"": 0.1048127638176447, ""601939"": 0.13400247937607593, ""688008"": 0.048078769949687336, ""688183"": 0.03596106172379284, ""688676"": 0.03988015631632035}","{""002281"": 0.04267677259335703, ""002463"": 0.062367769401539305, ""002594"": 0.09320618825908025, ""002709"": 0.040580187722627614, ""300133"": 0.029951166045782164, ""300408"": 0.08020667819337796, ""301291"": 0.044513765166074123, ""515180"": 0.24279897116427018, ""600938"": 0.10434029979858526, ""601939"": 0.13168044015484467, ""688008"": 0.049593141278431875, ""688183"": 0.037771710865816, ""688676"": 0.04031290935621385}",0.0,False,s1_stable_all7_30_vol_target,f3,False
2025-01-24,-0.012064567613210724,0.0,-0.012064567613210724,1.1425736552245636,0.0,0.7518614608736318,0.24813853912636852,0.0,12,"[""002281"", ""002463"", ""002594"", ""002709"", ""300133"", ""300408"", ""301291"", ""600938"", ""601939"", ""688008"", ""688183"", ""688676""]","{""002281"": 0.04267677259335703, ""002463"": 0.062367769401539305, ""002594"": 0.09320618825908025, ""002709"": 0.040580187722627614, ""300133"": 0.029951166045782164, ""300408"": 0.08020667819337796, ""301291"": 0.044513765166074123, ""515180"": 0.24279897116427018, ""600938"": 0.10434029979858526, ""601939"": 0.13168044015484467, ""688008"": 0.049593141278431875, ""688183"": 0.037771710865816, ""688676"": 0.04031290935621385}","{""002281"": 0.039663991591541714, ""002463"": 0.061506353179628916, ""002594"": 0.09148913720359478, ""002709"": 0.04016051382598793, ""300133"": 0.030402846812165728, ""300408"": 0.07989755426178514, ""301291"": 0.04402422299871995, ""515180"": 0.24813853912636852, ""600938"": 0.10451561387238341, ""601939"": 0.13695459701524493, ""688008"": 0.048107994501436775, ""688183"": 0.037002902765718874, ""688676"": 0.038135732845423674}",0.0,False,s1_stable_all7_30_vol_target,f3,False
2025-01-27,0.002803980973096146,0.0,0.002803980973096146,1.1457774100141742,0.0,0.7511740208244974,0.24882597917550286,0.0,12,"[""002281"", ""002463"", ""002594"", ""002709"", ""300133"", ""300408"", ""301291"", ""600938"", ""601939"", ""688008"", ""688183"", ""688676""]","{""002281"": 0.039663991591541714, ""002463"": 0.061506353179628916, ""002594"": 0.09148913720359478, ""002709"": 0.04016051382598793, ""300133"": 0.030402846812165728, ""300408"": 0.07989755426178514, ""301291"": 0.04402422299871995, ""515180"": 0.24813853912636852, ""600938"": 0.10451561387238341, ""601939"": 0.13695459701524493, ""688008"": 0.048107994501436775, ""688183"": 0.037002902765718874, ""688676"": 0.038135732845423674}","{""002281"": 0.03940329306178676, ""002463"": 0.058688465909065964, ""002594"": 0.09210041383550628, ""002709"": 0.0412346980771706, ""300133"": 0.03173155469244868, ""300408"": 0.08270151449881168, ""301291"": 0.04419421371527356, ""515180"": 0.24882597917550286, ""600938"": 0.10259995648313146, ""601939"": 0.1365716526996109, ""688008"": 0.04866845348523354, ""688183"": 0.03530578045157596, ""688676"": 0.037974023914882}",0.0,False,s1_stable_all7_30_vol_target,f3,False
2025-02-05,-0.005352782193289066,0.0,-0.005352782193289066,1.1396443130963776,0.0,0.7464623755458584,0.2535376244541419,0.0,12,"[""002281"", ""002463"", ""002594"", ""002709"", ""300133"", ""300408"", ""301291"", ""600938"", ""601939"", ""688008"", ""688183"", ""688676""]","{""002281"": 0.03940329306178676, ""002463"": 0.058688465909065964, ""002594"": 0.09210041383550628, ""002709"": 0.0412346980771706, ""300133"": 0.03173155469244868, ""300408"": 0.08270151449881168, ""301291"": 0.04419421371527356, ""515180"": 0.24882597917550286, ""600938"": 0.10259995648313146, ""601939"": 0.1365716526996109, ""688008"": 0.04866845348523354, ""688183"": 0.03530578045157596, ""688676"": 0.037974023914882}","{""002281"": 0.037831941473571294, ""002463"": 0.05624510906250289, ""002594"": 0.0938266603688142, ""002709"": 0.04102075216680274, ""300133"": 0.032806801410536754, ""300408"": 0.08161380309034821, ""301291"": 0.04389629257950183, ""515180"": 0.2535376244541419, ""600938"": 0.10425381092307162, ""601939"": 0.1388818445668519, ""688008"": 0.04818274120246389, ""688183"": 0.033563391053967585, ""688676"": 0.03433922764742543}",0.0,False,s1_stable_all7_30_vol_target,f3,False
2025-02-06,-0.025698986204870256,0.0,-0.025698986204870256,1.110356609615655,0.0,0.7450689484057795,0.25493105159422064,0.0,12,"[""002281"", ""002463"", ""002594"", ""002709"", ""300133"", ""300408"", ""301291"", ""600938"", ""601939"", ""688008"", ""688183"", ""688676""]","{""002281"": 0.037831941473571294, ""002463"": 0.05624510906250289, ""002594"": 0.0938266603688142, ""002709"": 0.04102075216680274, ""300133"": 0.032806801410536754, ""300408"": 0.08161380309034821, ""301291"": 0.04389629257950183, ""515180"": 0.2535376244541419, ""600938"": 0.10425381092307162, ""601939"": 0.1388818445668519, ""688008"": 0.04818274120246389, ""688183"": 0.033563391053967585, ""688676"": 0.03433922764742543}","{""002281"": 0.038471875120431806, ""002463"": 0.05303776865771591, ""002594"": 0.09632856228073637, ""002709"": 0.04141995195488098, ""300133"": 0.03314166251369767, ""300408"": 0.08286754238082994, ""301291"": 0.04012347788635665, ""515180"": 0.25493105159422064, ""600938"": 0.10541225304399217, ""601939"": 0.1405690587005815, ""688008"": 0.048786704373385385, ""688183"": 0.03234572678955629, ""688676"": 0.0325643647036149}",0.0,False,s1_stable_all7_30_vol_target,f3,False
2025-02-07,0.024304327850243394,0.0,0.024304327850243394,1.1373430806864386,0.0,0.750919073845487,0.24908092615451313,0.0,12,"[""002281"", ""002463"", ""002594"", ""002709"", ""300133"", ""300408"", ""301291"", ""600938"", ""601939"", ""688008"", ""688183"", ""688676""]","{""002281"": 0.038471875120431806, ""002463"": 0.05303776865771591, ""002594"": 0.09632856228073637, ""002709"": 0.04141995195488098, ""300133"": 0.03314166251369767, ""300408"": 0.08286754238082994, ""301291"": 0.04012347788635665, ""515180"": 0.25493105159422064, ""600938"": 0.10541225304399217, ""601939"": 0.1405690587005815, ""688008"": 0.048786704373385385, ""688183"": 0.03234572678955629, ""688676"": 0.0325643647036149}","{""002281"": 0.03807527619414368, ""002463"": 0.05255911624124017, ""002594"": 0.10663485290853789, ""002709"": 0.042643820085331345, ""300133"": 0.032614234853110755, ""300408"": 0.08287599151818582, ""301291"": 0.04064775294991278, ""515180"": 0.24908092615451313, ""600938"": 0.10315638709084504, ""601939"": 0.13600603661009958, ""688008"": 0.049036371175399864, ""688183"": 0.03414699934020207, ""688676"": 0.03252223487847798}",0.0,False,s1_stable_all7_30_vol_target,f3,False
2025-02-10,0.010080398204422514,0.0,0.010080398204422514,1.1488079518348024,0.0,0.7508464018713789,0.24915359812862142,0.0,12,"[""002281"", ""002463"", ""002594"", ""002709"", ""300133"", ""300408"", ""301291"", ""600938"", ""601939"", ""688008"", ""688183"", ""688676""]","{""002281"": 0.03807527619414368, ""002463"": 0.05255911624124017, ""002594"": 0.10663485290853789, ""002709"": 0.042643820085331345, ""300133"": 0.032614234853110755, ""300408"": 0.08287599151818582, ""301291"": 0.04064775294991278, ""515180"": 0.24908092615451313, ""600938"": 0.10315638709084504, ""601939"": 0.13600603661009958, ""688008"": 0.049036371175399864, ""688183"": 0.03414699934020207, ""688676"": 0.03252223487847798}","{""002281"": 0.03875679962302761, ""002463"": 0.05362075044533019, ""002594"": 0.10788652797118127, ""002709"": 0.04428910374474651, ""300133"": 0.03228875138166003, ""300408"": 0.08033285600601808, ""301291"": 0.04095959820382217, ""515180"": 0.24915359812862142, ""600938"": 0.10241025573254144, ""601939"": 0.13343332596166396, ""688008"": 0.04989862571466169, ""688183"": 0.034268605500346716, ""688676"": 0.032701201586379146}",0.0,False,s1_stable_all7_30_vol_target,f3,False
2025-02-11,0.004322592545093196,0.0,0.004322592545093196,1.1537737805231474,0.0,0.7530944965000961,0.2469055034999042,0.0,12,"[""002281"", ""002463"", ""002594"", ""002709"", ""300133"", ""300408"", ""301291"", ""600938"", ""601939"", ""688008"", ""688183"", ""688676""]","{""002281"": 0.03875679962302761, ""002463"": 0.05362075044533019, ""002594"": 0.10788652797118127, ""002709"": 0.04428910374474651, ""300133"": 0.03228875138166003, ""300408"": 0.08033285600601808, ""301291"": 0.04095959820382217, ""515180"": 0.24915359812862142, ""600938"": 0.10241025573254144, ""601939"": 0.13343332596166396, ""688008"": 0.04989862571466169, ""688183"": 0.034268605500346716, ""688676"": 0.032701201586379146}","{""002281"": 0.038660453368113114, ""002463"": 0.05320827376415784, ""002594"": 0.11155738958684551, ""002709"": 0.04332808603490279, ""300133"": 0.033638787639759325, ""300408"": 0.08078736470437368, ""301291"": 0.03907224416120595, ""515180"": 0.2469055034999042, ""600938"": 0.10237252464020553, ""601939"": 0.13337767343660675, ""688008"": 0.049159341713243196, ""688183"": 0.03526251275582307, ""688676"": 0.032669844694859326}",0.0,False,s1_stable_all7_30_vol_target,f3,False
2025-02-12,0.00306237515441015,0.0,0.00306237515441015,1.1573070686824314,0.0,0.7530668713827366,0.24693312861726374,0.0,12,"[""002281"", ""002463"", ""002594"", ""002709"", ""300133"", ""300408"", ""301291"", ""600938"", ""601939"", ""688008"", ""688183"", ""688676""]","{""002281"": 0.038660453368113114, ""002463"": 0.05320827376415784, ""002594"": 0.11155738958684551, ""002709"": 0.04332808603490279, ""300133"": 0.033638787639759325, ""300408"": 0.08078736470437368, ""301291"": 0.03907224416120595, ""515180"": 0.2469055034999042, ""600938"": 0.10237252464020553, ""601939"": 0.13337767343660675, ""688008"": 0.049159341713243196, ""688183"": 0.03526251275582307, ""688676"": 0.032669844694859326}","{""002281"": 0.03960393869819446, ""002463"": 0.0534777741260736, ""002594"": 0.10729086896833291, ""002709"": 0.04150158540838099, ""300133"": 0.033069542771365826, ""300408"": 0.08090728344186188, ""301291"": 0.03874192378417009, ""515180"": 0.24693312861726374, ""600938"": 0.10366722245619443, ""601939"": 0.13779635664208423, ""688008"": 0.04885788553900624, ""688183"": 0.03534610148539028, ""688676"": 0.0328063880616817}",0.0,False,s1_stable_all7_30_vol_target,f3,False
2025-02-13,0.018151873390518714,0.0,0.018151873390518714,1.178314360067107,0.0,0.757661134278741,0.2423388657212594,0.0,12,"[""002281"", ""002463"", ""002594"", ""002709"", ""300133"", ""300408"", ""301291"", ""600938"", ""601939"", ""688008"", ""688183"", ""688676""]","{""002281"": 0.03960393869819446, ""002463"": 0.0534777741260736, ""002594"": 0.10729086896833291, ""002709"": 0.04150158540838099, ""300133"": 0.033069542771365826, ""300408"": 0.08090728344186188, ""301291"": 0.03874192378417009, ""515180"": 0.24693312861726374, ""600938"": 0.10366722245619443, ""601939"": 0.13779635664208423, ""688008"": 0.04885788553900624, ""688183"": 0.03534610148539028, ""688676"": 0.0328063880616817}","{""002281"": 0.04045409092039656, ""002463"": 0.05275700950348213, ""002594"": 0.10985557827402834, ""002709"": 0.04215945614790333, ""300133"": 0.03418790785738051, ""300408"": 0.081243816513656, ""301291"": 0.043569772821947544, ""515180"": 0.2423388657212594, ""600938"": 0.09937220298264977, ""601939"": 0.13737105268461114, ""688008"": 0.0483382429214195, ""688183"": 0.034622023849303546, ""688676"": 0.03372997980196268}",0.0,False,s1_stable_all7_30_vol_target,f3,False
2025-02-14,-0.004615518087293857,0.0,-0.004615518087293857,1.1728758288256993,0.0,0.7559591324812364,0.24404086751876408,0.0,12,"[""002281"", ""002463"", ""002594"", ""002709"", ""300133"", ""300408"", ""301291"", ""600938"", ""601939"", ""688008"", ""688183"", ""688676""]","{""002281"": 0.04045409092039656, ""002463"": 0.05275700950348213, ""002594"": 0.10985557827402834, ""002709"": 0.04215945614790333, ""300133"": 0.03418790785738051, ""300408"": 0.081243816513656, ""301291"": 0.043569772821947544, ""515180"": 0.2423388657212594, ""600938"": 0.09937220298264977, ""601939"": 0.13737105268461114, ""688008"": 0.0483382429214195, ""688183"": 0.034622023849303546, ""688676"": 0.03372997980196268}","{""002281"": 0.0392707773639535, ""002463"": 0.0513655318500096, ""002594"": 0.11046937480741112, ""002709"": 0.04186457209387992, ""300133"": 0.03874070228756703, ""300408"": 0.08034395339501671, ""301291"": 0.04063966745080563, ""515180"": 0.24404086751876408, ""600938"": 0.1002691089547309, ""601939"": 0.13919848869665236, ""688008"": 0.046661410815858874, ""688183"": 0.03478256339979776, ""688676"": 0.032352981365553}",0.0,False,s1_stable_all7_30_vol_target,f3,False
2025-02-17,0.01477210888028736,0.0,0.01477210888028736,1.1902016782721698,0.0,0.7593216933342283,0.2406783066657721,0.0,12,"[""002281"", ""002463"", ""002594"", ""002709"", ""300133"", ""300408"", ""301291"", ""600938"", ""601939"", ""688008"", ""688183"", ""688676""]","{""002281"": 0.0392707773639535, ""002463"": 0.0513655318500096, ""002594"": 0.11046937480741112, ""002709"": 0.04186457209387992, ""300133"": 0.03874070228756703, ""300408"": 0.08034395339501671, ""301291"": 0.04063966745080563, ""515180"": 0.24404086751876408, ""600938"": 0.1002691089547309, ""601939"": 0.13919848869665236, ""688008"": 0.046661410815858874, ""688183"": 0.03478256339979776, ""688676"": 0.032352981365553}","{""002281"": 0.03821337876862973, ""002463"": 0.05107845469281527, ""002594"": 0.11356292332256689, ""002709"": 0.04184820852841701, ""300133"": 0.04085741317584851, ""300408"": 0.07835668026170212, ""301291"": 0.043545011863405175, ""515180"": 0.2406783066657721, ""600938"": 0.09806714356404139, ""601939"": 0.13717216651751077, ""688008"": 0.049494595015944, ""688183"": 0.032937315900289664, ""688676"": 0.034188401723057746}",0.0,False,s1_stable_all7_30_vol_target,f3,False
2025-02-18,0.00213293947106031,0.0,0.00213293947106031,1.1927403064102788,0.0,0.7607817274310383,0.2392182725689621,0.0,12,"[""002281"", ""002463"", ""002594"", ""002709"", ""300133"", ""300408"", ""301291"", ""600938"", ""601939"", ""688008"", ""688183"", ""688676""]","{""002281"": 0.03821337876862973, ""002463"": 0.05107845469281527, ""002594"": 0.11356292332256689, ""002709"": 0.04184820852841701, ""300133"": 0.04085741317584851, ""300408"": 0.07835668026170212, ""301291"": 0.043545011863405175, ""515180"": 0.2406783066657721, ""600938"": 0.09806714356404139, ""601939"": 0.13717216651751077, ""688008"": 0.049494595015944, ""688183"": 0.032937315900289664, ""688676"": 0.034188401723057746}","{""002281"": 0.040479797972271546, ""002463"": 0.05326810953222468, ""002594"": 0.11181996488617815, ""002709"": 0.0412769316673191, ""300133"": 0.037642810831139156, ""300408"": 0.0784409705914708, ""301291"": 0.04460412031303496, ""515180"": 0.2392182725689621, ""600938"": 0.09688373204972102, ""601939"": 0.13637851032059184, ""688008"": 0.04875501955723479, ""688183"": 0.03497337098821595, ""688676"": 0.036258388721636316}",0.0,False,s1_stable_all7_30_vol_target,f3,False
2025-02-19,-0.010840984981989555,0.0,-0.010840984981989555,1.1798098266610713,0.0,0.7587348401295069,0.24126515987049363,0.0,12,"[""002281"", ""002463"", ""002594"", ""002709"", ""300133"", ""300408"", ""301291"", ""600938"", ""601939"", ""688008"", ""688183"", ""688676""]","{""002281"": 0.040479797972271546, ""002463"": 0.05326810953222468, ""002594"": 0.11181996488617815, ""002709"": 0.0412769316673191, ""300133"": 0.037642810831139156, ""300408"": 0.0784409705914708, ""301291"": 0.04460412031303496, ""515180"": 0.2392182725689621, ""600938"": 0.09688373204972102, ""601939"": 0.13637851032059184, ""688008"": 0.04875501955723479, ""688183"": 0.03497337098821595, ""688676"": 0.036258388721636316}","{""002281"": 0.03962951716402534, ""002463"": 0.05557408527513102, ""002594"": 0.1137367792836604, ""002709"": 0.04146341383455815, ""300133"": 0.033978156184344466, ""300408"": 0.07743934851917998, ""301291"": 0.04284177403636009, ""515180"": 0.24126515987049363, ""600938"": 0.09822146135848424, ""601939"": 0.13838038903558986, ""688008"": 0.04827697183699016, ""688183"": 0.034587518663091954, ""688676"": 0.0346054249380912}",0.0,False,s1_stable_all7_30_vol_target,f3,False
2025-02-20,0.006586802651380284,0.0,0.006586802651380284,1.1875810011554468,0.0,0.761265499047347,0.23873450095265353,0.0,12,"[""002281"", ""002463"", ""002594"", ""002709"", ""300133"", ""300408"", ""301291"", ""600938"", ""601939"", ""688008"", ""688183"", ""688676""]","{""002281"": 0.03962951716402534, ""002463"": 0.05557408527513102, ""002594"": 0.1137367792836604, ""002709"": 0.04146341383455815, ""300133"": 0.033978156184344466, ""300408"": 0.07743934851917998, ""301291"": 0.04284177403636009, ""515180"": 0.24126515987049363, ""600938"": 0.09822146135848424, ""601939"": 0.13838038903558986, ""688008"": 0.04827697183699016, ""688183"": 0.034587518663091954, ""688676"": 0.0346054249380912}","{""002281"": 0.04046550024278535, ""002463"": 0.055319053580970765, ""002594"": 0.11622207266571934, ""002709"": 0.041478268145861814, ""300133"": 0.035037104123436545, ""300408"": 0.07781515246372067, ""301291"": 0.04407811504623538, ""515180"": 0.23873450095265353, ""600938"": 0.0967564368596071, ""601939"": 0.13747486920262783, ""688008"": 0.048423715154281226, ""688183"": 0.0333734229447755, ""688676"": 0.03482178861732549}",0.0,False,s1_stable_all7_30_vol_target,f3,False
2025-02-21,0.005576387991042273,0.0,0.005576387991042273,1.1942034135886799,0.0,0.7631573606668345,0.2368426393331661,0.0,12,"[""002281"", ""002463"", ""002594"", ""002709"", ""300133"", ""300408"", ""301291"", ""600938"", ""601939"", ""688008"", ""688183"", ""688676""]","{""002281"": 0.04046550024278535, ""002463"": 0.055319053580970765, ""002594"": 0.11622207266571934, ""002709"": 0.041478268145861814, ""300133"": 0.035037104123436545, ""300408"": 0.07781515246372067, ""301291"": 0.04407811504623538, ""515180"": 0.23873450095265353, ""600938"": 0.0967564368596071, ""601939"": 0.13747486920262783, ""688008"": 0.048423715154281226, ""688183"": 0.0333734229447755, ""688676"": 0.03482178861732549}","{""002281"": 0.04137571774296039, ""002463"": 0.05579547285817685, ""002594"": 0.11639015179255222, ""002709"": 0.040963660405157316, ""300133"": 0.03463729332726147, ""300408"": 0.08005837337441431, ""301291"": 0.04500962389602845, ""515180"": 0.2368426393331661, ""600938"": 0.09676503260353013, ""601939"": 0.136211422892136, ""688008"": 0.04802849234260693, ""688183"": 0.03353122583882538, ""688676"": 0.03439089359318503}",0.0,False,s1_stable_all7_30_vol_target,f3,False
2025-02-24,0.0116990852596303,0.0,0.0116990852596303,1.2081745011415954,0.0,0.7673932283471196,0.23260677165288088,0.0,12,"[""002281"", ""002463"", ""002594"", ""002709"", ""300133"", ""300408"", ""301291"", ""600938"", ""601939"", ""688008"", ""688183"", ""688676""]","{""002281"": 0.04137571774296039, ""002463"": 0.05579547285817685, ""002594"": 0.11639015179255222, ""002709"": 0.040963660405157316, ""300133"": 0.03463729332726147, ""300408"": 0.08005837337441431, ""301291"": 0.04500962389602845, ""515180"": 0.2368426393331661, ""600938"": 0.09676503260353013, ""601939"": 0.136211422892136, ""688008"": 0.04802849234260693, ""688183"": 0.03353122583882538, ""688676"": 0.03439089359318503}","{""002281"": 0.04268417579590741, ""002463"": 0.05472315763171053, ""002594"": 0.12110065882337703, ""002709"": 0.04226432201430248, ""300133"": 0.035577460563934495, ""300408"": 0.07948372567128065, ""301291"": 0.045104004819190364, ""515180"": 0.23260677165288088, ""600938"": 0.09333669954092269, ""601939"": 0.1324900451409379, ""688008"": 0.05057079131574666, ""688183"": 0.03377549713222811, ""688676"": 0.036282689897581315}",0.0,False,s1_stable_all7_30_vol_target,f3,False
2025-02-25,-0.01958404445541034,0.0,-0.01958404445541034,1.1845135580013453,0.0,0.7619833665600583,0.23801663343994223,0.0,12,"[""002281"", ""002463"", ""002594"", ""002709"", ""300133"", ""300408"", ""301291"", ""600938"", ""601939"", ""688008"", ""688183"", ""688676""]","{""002281"": 0.04268417579590741, ""002463"": 0.05472315763171053, ""002594"": 0.12110065882337703, ""002709"": 0.04226432201430248, ""300133"": 0.035577460563934495, ""300408"": 0.07948372567128065, ""301291"": 0.045104004819190364, ""515180"": 0.23260677165288088, ""600938"": 0.09333669954092269, ""601939"": 0.1324900451409379, ""688008"": 0.05057079131574666, ""688183"": 0.03377549713222811, ""688676"": 0.036282689897581315}","{""002281"": 0.042370025315916854, ""002463"": 0.05234476640146485, ""002594"": 0.11864329388158135, ""002709"": 0.042954066855470756, ""300133"": 0.033884667119015555, ""300408"": 0.0812399711199002, ""301291"": 0.04458744813345738, ""515180"": 0.23801663343994223, ""600938"": 0.09398411851635106, ""601939"": 0.13446298775286075, ""688008"": 0.05131205563279704, ""688183"": 0.03048887764212855, ""688676"": 0.03571108818911389}",0.0,False,s1_stable_all7_30_vol_target,f3,False
2025-02-26,-0.0037143617958872942,0.0,-0.0037143617958872942,1.1801138460947946,0.0,0.7635865697219953,0.2364134302780051,0.0,12,"[""002281"", ""002463"", ""002594"", ""002709"", ""300133"", ""300408"", ""301291"", ""600938"", ""601939"", ""688008"", ""688183"", ""688676""]","{""002281"": 0.042370025315916854, ""002463"": 0.05234476640146485, ""002594"": 0.11864329388158135, ""002709"": 0.042954066855470756, ""300133"": 0.033884667119015555, ""300408"": 0.0812399711199002, ""301291"": 0.04458744813345738, ""515180"": 0.23801663343994223, ""600938"": 0.09398411851635106, ""601939"": 0.13446298775286075, ""688008"": 0.05131205563279704, ""688183"": 0.03048887764212855, ""688676"": 0.03571108818911389}","{""002281"": 0.042742313577903035, ""002463"": 0.051856694758266174, ""002594"": 0.11989811790376495, ""002709"": 0.0434021978922001, ""300133"": 0.034634898604845414, ""300408"": 0.07999919947909127, ""301291"": 0.04400347330278754, ""515180"": 0.2364134302780051, ""600938"": 0.09252190136810226, ""601939"": 0.13378113798047264, ""688008"": 0.053898737212391995, ""688183"": 0.03042437399586538, ""688676"": 0.03642352364630455}",0.0,False,s1_stable_all7_30_vol_target,f3,False
2025-02-27,0.013728340628974116,0.0,0.013728340628974116,1.1963148509549526,0.0,0.7633863878660729,0.23661361213392743,0.0,12,"[""002281"", ""002463"", ""002594"", ""002709"", ""300133"", ""300408"", ""301291"", ""600938"", ""601939"", ""688008"", ""688183"", ""688676""]","{""002281"": 0.042742313577903035, ""002463"": 0.051856694758266174, ""002594"": 0.11989811790376495, ""002709"": 0.0434021978922001, ""300133"": 0.034634898604845414, ""300408"": 0.07999919947909127, ""301291"": 0.04400347330278754, ""515180"": 0.2364134302780051, ""600938"": 0.09252190136810226, ""601939"": 0.13378113798047264, ""688008"": 0.053898737212391995, ""688183"": 0.03042437399586538, ""688676"": 0.03642352364630455}","{""002281"": 0.04408137361466597, ""002463"": 0.05200363329289881, ""002594"": 0.12133553334002854, ""002709"": 0.04432228488684811, ""300133"": 0.033509374665134664, ""300408"": 0.07960418113193053, ""301291"": 0.043254446454760426, ""515180"": 0.23661361213392743, ""600938"": 0.09192973611685114, ""601939"": 0.13246961681064356, ""688008"": 0.05382112219992484, ""688183"": 0.029753339898728356, ""688676"": 0.037301745453658025}",0.0,False,s1_stable_all7_30_vol_target,f3,False
2025-02-28,-0.0032346421334386068,0.0,-0.0032346421334386068,1.1924452005331954,0.0,0.759964118577167,0.24003588142283347,0.0,12,"[""002281"", ""002463"", ""002594"", ""002709"", ""300133"", ""300408"", ""301291"", ""600938"", ""601939"", ""688008"", ""688183"", ""688676""]","{""002281"": 0.04408137361466597, ""002463"": 0.05200363329289881, ""002594"": 0.12133553334002854, ""002709"": 0.04432228488684811, ""300133"": 0.033509374665134664, ""300408"": 0.07960418113193053, ""301291"": 0.043254446454760426, ""515180"": 0.23661361213392743, ""600938"": 0.09192973611685114, ""601939"": 0.13246961681064356, ""688008"": 0.05382112219992484, ""688183"": 0.029753339898728356, ""688676"": 0.037301745453658025}","{""002281"": 0.041542778368429144, ""002463"": 0.04854818258099102, ""002594"": 0.1182087054393977, ""002709"": 0.0457157809291783, ""300133"": 0.032547869847592205, ""300408"": 0.08323179232762454, ""301291"": 0.042635297242101994, ""515180"": 0.24003588142283347, ""600938"": 0.0937489464591633, ""601939"": 0.13340132228597718, ""688008"": 0.0547103005962738, ""688183"": 0.02836500897501928, ""688676"": 0.03730813352541847}",0.0,False,s1_stable_all7_30_vol_target,f3,False
2025-03-03,-0.018128446102287813,0.0,-0.018128446102287813,1.1708280219853975,0.0,0.7568840161824276,0.24311598381757277,0.0,12,"[""002281"", ""002463"", ""002594"", ""002709"", ""300133"", ""300408"", ""301291"", ""600938"", ""601939"", ""688008"", ""688183"", ""688676""]","{""002281"": 0.041542778368429144, ""002463"": 0.04854818258099102, ""002594"": 0.1182087054393977, ""002709"": 0.0457157809291783, ""300133"": 0.032547869847592205, ""300408"": 0.08323179232762454, ""301291"": 0.042635297242101994, ""515180"": 0.24003588142283347, ""600938"": 0.0937489464591633, ""601939"": 0.13340132228597718, ""688008"": 0.0547103005962738, ""688183"": 0.02836500897501928, ""688676"": 0.03730813352541847}","{""002281"": 0.04193174758515545, ""002463"": 0.04655223645711637, ""002594"": 0.11970053801732002, ""002709"": 0.04624723642809114, ""300133"": 0.031513794885616335, ""300408"": 0.0819124892095858, ""301291"": 0.042466419925535875, ""515180"": 0.24311598381757277, ""600938"": 0.09611532092886299, ""601939"": 0.13484215470804897, ""688008"": 0.05277556524163635, ""688183"": 0.027281897444658275, ""688676"": 0.03554461535080008}",0.0,False,s1_stable_all7_30_vol_target,f3,False
2025-03-04,-0.0265772872900557,0.0,-0.0265772872900557,1.1397105892778439,0.0,0.7514364869836768,0.24856351301632362,0.0,12,"[""002281"", ""002463"", ""002594"", ""002709"", ""300133"", ""300408"", ""301291"", ""600938"", ""601939"", ""688008"", ""688183"", ""688676""]","{""002281"": 0.04193174758515545, ""002463"": 0.04655223645711637, ""002594"": 0.11970053801732002, ""002709"": 0.04624723642809114, ""300133"": 0.031513794885616335, ""300408"": 0.0819124892095858, ""301291"": 0.042466419925535875, ""515180"": 0.24311598381757277, ""600938"": 0.09611532092886299, ""601939"": 0.13484215470804897, ""688008"": 0.05277556524163635, ""688183"": 0.027281897444658275, ""688676"": 0.03554461535080008}","{""002281"": 0.0393039363076675, ""002463"": 0.04298432824813419, ""002594"": 0.11318124782874059, ""002709"": 0.04819807190987802, ""300133"": 0.032072737680964025, ""300408"": 0.0855064632435671, ""301291"": 0.04343837363147293, ""515180"": 0.24856351301632362, ""600938"": 0.09567944029400913, ""601939"": 0.13799869733852324, ""688008"": 0.051743182528117646, ""688183"": 0.026715931039462935, ""688676"": 0.034614076933139525}",0.0,False,s1_stable_all7_30_vol_target,f3,False
2025-03-05,0.005659975838814126,0.0,0.005659975838814126,1.146161323676397,0.0,0.7526381742298743,0.24736182577012616,0.0,12,"[""002281"", ""002463"", ""002594"", ""002709"", ""300133"", ""300408"", ""301291"", ""600938"", ""601939"", ""688008"", ""688183"", ""688676""]","{""002281"": 0.0393039363076675, ""002463"": 0.04298432824813419, ""002594"": 0.11318124782874059, ""002709"": 0.04819807190987802, ""300133"": 0.032072737680964025, ""300408"": 0.0855064632435671, ""301291"": 0.04343837363147293, ""515180"": 0.24856351301632362, ""600938"": 0.09567944029400913, ""601939"": 0.13799869733852324, ""688008"": 0.051743182528117646, ""688183"": 0.026715931039462935, ""688676"": 0.034614076933139525}","{""002281"": 0.040430409316324, ""002463"": 0.045865782637861244, ""002594"": 0.11488562526338117, ""002709"": 0.04619330393182411, ""300133"": 0.03321982221000105, ""300408"": 0.08439382556668008, ""301291"": 0.04343361668752068, ""515180"": 0.24736182577012616, ""600938"": 0.09266606312399278, ""601939"": 0.1368739655986526, ""688008"": 0.05421009502381339, ""688183"": 0.025349003753436773, ""688676"": 0.03511666111638644}",0.0,False,s1_stable_all7_30_vol_target,f3,False
2025-03-06,0.015496526025220298,0.00010397279663134296,0.015392553228588955,1.163803672859636,0.07036468560455879,0.75,0.25,0.0,12,"[""002281"", ""002463"", ""002594"", ""002709"", ""300133"", ""300408"", ""301291"", ""600938"", ""601939"", ""688008"", ""688183"", ""688676""]","{""002281"": 0.040430409316324, ""002463"": 0.045865782637861244, ""002594"": 0.11488562526338117, ""002709"": 0.04619330393182411, ""300133"": 0.03321982221000105, ""300408"": 0.08439382556668008, ""301291"": 0.04343361668752068, ""515180"": 0.24736182577012616, ""600938"": 0.09266606312399278, ""601939"": 0.1368739655986526, ""688008"": 0.05421009502381339, ""688183"": 0.025349003753436773, ""688676"": 0.03511666111638644}","{""002281"": 0.04155338586607459, ""002463"": 0.04807801614022538, ""002594"": 0.06899646978070587, ""002709"": 0.06874692764454346, ""300133"": 0.03894661234841732, ""300408"": 0.07724678316187329, ""301291"": 0.045477701209016175, ""515180"": 0.25, ""600938"": 0.1141047246589332, ""601939"": 0.12264383727628872, ""688008"": 0.053615080601156134, ""688183"": 0.03506894110037297, ""688676"": 0.03552152021239288}",0.0,False,s1_stable_all7_30_vol_target,f3,False
2025-03-07,0.0015875925829096733,0.0,0.0015875925829096733,1.1656513189386308,0.0,0.7507924654303134,0.24920753456968658,0.0,12,"[""002281"", ""002463"", ""002594"", ""002709"", ""300133"", ""300408"", ""301291"", ""600938"", ""601939"", ""688008"", ""688183"", ""688676""]","{""002281"": 0.04155338586607459, ""002463"": 0.04807801614022538, ""002594"": 0.06899646978070587, ""002709"": 0.06874692764454346, ""300133"": 0.03894661234841732, ""300408"": 0.07724678316187329, ""301291"": 0.045477701209016175, ""515180"": 0.25, ""600938"": 0.1141047246589332, ""601939"": 0.12264383727628872, ""688008"": 0.053615080601156134, ""688183"": 0.03506894110037297, ""688676"": 0.03552152021239288}","{""002281"": 0.0412923403048418, ""002463"": 0.04798726722843942, ""002594"": 0.06863920302447495, ""002709"": 0.06802940604641042, ""300133"": 0.04036414145548358, ""300408"": 0.0777165120538428, ""301291"": 0.04476533779367508, ""515180"": 0.24920753456968658, ""600938"": 0.11517577053307906, ""601939"": 0.1209235877696544, ""688008"": 0.05387092673444806, ""688183"": 0.03616074779224018, ""688676"": 0.03586722469372371}",0.0,False,s1_stable_all7_30_vol_target,f3,False
2025-03-10,-0.005616857757470496,0.0,-0.005616857757470496,1.1591040212853447,0.0,0.7485879267798008,0.25141207322019915,0.0,12,"[""002281"", ""002463"", ""002594"", ""002709"", ""300133"", ""300408"", ""301291"", ""600938"", ""601939"", ""688008"", ""688183"", ""688676""]","{""002281"": 0.0412923403048418, ""002463"": 0.04798726722843942, ""002594"": 0.06863920302447495, ""002709"": 0.06802940604641042, ""300133"": 0.04036414145548358, ""300408"": 0.0777165120538428, ""301291"": 0.04476533779367508, ""515180"": 0.24920753456968658, ""600938"": 0.11517577053307906, ""601939"": 0.1209235877696544, ""688008"": 0.05387092673444806, ""688183"": 0.03616074779224018, ""688676"": 0.03586722469372371}","{""002281"": 0.040214414672996544, ""002463"": 0.04748326940365842, ""002594"": 0.06844170051088017, ""002709"": 0.06722369548470009, ""300133"": 0.03964998355323433, ""300408"": 0.07759968558749696, ""301291"": 0.044555682872612905, ""515180"": 0.25141207322019915, ""600938"": 0.11648102134705209, ""601939"": 0.12114629436657252, ""688008"": 0.05391472719874742, ""688183"": 0.035493188348554985, ""688676"": 0.036384263433294414}",0.0,False,s1_stable_all7_30_vol_target,f3,False
2025-03-11,-0.007835394687669655,0.0,-0.007835394687669655,1.150021983794509,0.0,0.7464016665715452,0.25359833342845495,0.0,12,"[""002281"", ""002463"", ""002594"", ""002709"", ""300133"", ""300408"", ""301291"", ""600938"", ""601939"", ""688008"", ""688183"", ""688676""]","{""002281"": 0.040214414672996544, ""002463"": 0.04748326940365842, ""002594"": 0.06844170051088017, ""002709"": 0.06722369548470009, ""300133"": 0.03964998355323433, ""300408"": 0.07759968558749696, ""301291"": 0.044555682872612905, ""515180"": 0.25141207322019915, ""600938"": 0.11648102134705209, ""601939"": 0.12114629436657252, ""688008"": 0.05391472719874742, ""688183"": 0.035493188348554985, ""688676"": 0.036384263433294414}","{""002281"": 0.040302512749819275, ""002463"": 0.04748977716204192, ""002594"": 0.0668387301636109, ""002709"": 0.06734336402494276, ""300133"": 0.03871363836264936, ""300408"": 0.07657191342306538, ""301291"": 0.04375584121460819, ""515180"": 0.25359833342845495, ""600938"": 0.116791819957917, ""601939"": 0.12117506770049666, ""688008"": 0.05396740738427685, ""688183"": 0.036897708750658134, ""688676"": 0.0365538856774587}",0.0,False,s1_stable_all7_30_vol_target,f3,False
2025-03-12,0.01366702180198879,0.0,0.01366702180198879,1.1657393593197949,0.0,0.7478400378113335,0.25215996218866665,0.0,12,"[""002281"", ""002463"", ""002594"", ""002709"", ""300133"", ""300408"", ""301291"", ""600938"", ""601939"", ""688008"", ""688183"", ""688676""]","{""002281"": 0.040302512749819275, ""002463"": 0.04748977716204192, ""002594"": 0.0668387301636109, ""002709"": 0.06734336402494276, ""300133"": 0.03871363836264936, ""300408"": 0.07657191342306538, ""301291"": 0.04375584121460819, ""515180"": 0.25359833342845495, ""600938"": 0.116791819957917, ""601939"": 0.12117506770049666, ""688008"": 0.05396740738427685, ""688183"": 0.036897708750658134, ""688676"": 0.0365538856774587}","{""002281"": 0.040040162314656076, ""002463"": 0.048797910958366594, ""002594"": 0.06777050055389086, ""002709"": 0.06714531437851819, ""300133"": 0.04026248297693054, ""300408"": 0.07573688864900494, ""301291"": 0.04328311713608078, ""515180"": 0.25215996218866665, ""600938"": 0.11732019561056709, ""601939"": 0.11999901456133354, ""688008"": 0.05318524947489378, ""688183"": 0.03609427753982974, ""688676"": 0.03820492365726131}",0.0,False,s1_stable_all7_30_vol_target,f3,False
2025-03-13,0.001754936803619837,1.7069679003611782e-19,0.0017549368036198368,1.1677851582248935,1.0755285551056204e-16,0.7490727322611944,0.2509272677388055,1.1102230246251565e-16,12,"[""002281"", ""002463"", ""002594"", ""002709"", ""300133"", ""300408"", ""301291"", ""600938"", ""601939"", ""688008"", ""688183"", ""688676""]","{""002281"": 0.040040162314656076, ""002463"": 0.048797910958366594, ""002594"": 0.06777050055389086, ""002709"": 0.06714531437851819, ""300133"": 0.04026248297693054, ""300408"": 0.07573688864900494, ""301291"": 0.04328311713608078, ""515180"": 0.25215996218866665, ""600938"": 0.11732019561056709, ""601939"": 0.11999901456133354, ""688008"": 0.05318524947489378, ""688183"": 0.03609427753982974, ""688676"": 0.03820492365726131}","{""002281"": 0.040071325751450095, ""002463"": 0.05014941120324215, ""002594"": 0.06715223079231, ""002709"": 0.06729765858485914, ""300133"": 0.04004429270050485, ""300408"": 0.0744417332491252, ""301291"": 0.04532264802947031, ""515180"": 0.2509272677388055, ""600938"": 0.11821433500420313, ""601939"": 0.11963648664278081, ""688008"": 0.052520527914054656, ""688183"": 0.03525478843985757, ""688676"": 0.03896729394933649}",3.2612801348363973e-16,False,s1_stable_all7_30_vol_target,f4,True
2025-03-14,-0.008635639915138516,0.0,-0.008635639915138516,1.1577005861002203,0.0,0.7452912695934216,0.2547087304065783,1.1198940261783475e-16,12,"[""002281"", ""002463"", ""002594"", ""002709"", ""300133"", ""300408"", ""301291"", ""600938"", ""601939"", ""688008"", ""688183"", ""688676""]","{""002281"": 0.040071325751450095, ""002463"": 0.05014941120324215, ""002594"": 0.06715223079231, ""002709"": 0.06729765858485914, ""300133"": 0.04004429270050485, ""300408"": 0.0744417332491252, ""301291"": 0.04532264802947031, ""515180"": 0.2509272677388055, ""600938"": 0.11821433500420313, ""601939"": 0.11963648664278081, ""688008"": 0.052520527914054656, ""688183"": 0.03525478843985757, ""688676"": 0.03896729394933649}","{""002281"": 0.03847875690240011, ""002463"": 0.04935637297192082, ""002594"": 0.06873911874533822, ""002709"": 0.06553507395051927, ""300133"": 0.03875474934899055, ""300408"": 0.07487156453183973, ""301291"": 0.04500921290508197, ""515180"": 0.2547087304065783, ""600938"": 0.11984912795331346, ""601939"": 0.1209858895344258, ""688008"": 0.05097390940619099, ""688183"": 0.034932905817162144, ""688676"": 0.03780458752623855}",0.0,False,s1_stable_all7_30_vol_target,f4,False
2025-03-17,0.02437599922883521,0.0,0.02437599922883521,1.1859206946942213,0.0,0.749210469548365,0.25078953045163477,1.0932450848335177e-16,12,"[""002281"", ""002463"", ""002594"", ""002709"", ""300133"", ""300408"", ""301291"", ""600938"", ""601939"", ""688008"", ""688183"", ""688676""]","{""002281"": 0.03847875690240011, ""002463"": 0.04935637297192082, ""002594"": 0.06873911874533822, ""002709"": 0.06553507395051927, ""300133"": 0.03875474934899055, ""300408"": 0.07487156453183973, ""301291"": 0.04500921290508197, ""515180"": 0.2547087304065783, ""600938"": 0.11984912795331346, ""601939"": 0.1209858895344258, ""688008"": 0.05097390940619099, ""688183"": 0.034932905817162144, ""688676"": 0.03780458752623855}","{""002281"": 0.038844638433001906, ""002463"": 0.050397314883316606, ""002594"": 0.0719309481960013, ""002709"": 0.06517190726182268, ""300133"": 0.03894726082242662, ""300408"": 0.07452564725037221, ""301291"": 0.0443281859964847, ""515180"": 0.25078953045163477, ""600938"": 0.11891680493603314, ""601939"": 0.1185568465608824, ""688008"": 0.05114785654898198, ""688183"": 0.03665795173114238, ""688676"": 0.03978510692789915}",0.0,False,s1_stable_all7_30_vol_target,f4,False
2025-03-18,-0.002223852176879014,0.0,-0.002223852176879014,1.1832833823757196,0.0,0.7474806295865887,0.25251937041341116,1.0956817190095036e-16,12,"[""002281"", ""002463"", ""002594"", ""002709"", ""300133"", ""300408"", ""301291"", ""600938"", ""601939"", ""688008"", ""688183"", ""688676""]","{""002281"": 0.038844638433001906, ""002463"": 0.050397314883316606, ""002594"": 0.0719309481960013, ""002709"": 0.06517190726182268, ""300133"": 0.03894726082242662, ""300408"": 0.07452564725037221, ""301291"": 0.0443281859964847, ""515180"": 0.25078953045163477, ""600938"": 0.11891680493603314, ""601939"": 0.1185568465608824, ""688008"": 0.05114785654898198, ""688183"": 0.03665795173114238, ""688676"": 0.03978510692789915}","{""002281"": 0.03908503322727994, ""002463"": 0.05002259383904088, ""002594"": 0.07328192641396675, ""002709"": 0.06531716297689641, ""300133"": 0.038791196814295915, ""300408"": 0.07348616685004528, ""301291"": 0.0424992394421024, ""515180"": 0.25251937041341116, ""600938"": 0.11829390351768354, ""601939"": 0.11927202101094124, ""688008"": 0.05087909871850541, ""688183"": 0.0375057450497853, ""688676"": 0.03904654172604564}",0.0,False,s1_stable_all7_30_vol_target,f4,False
2025-03-19,0.0007445246431551222,0.0,0.0007445246431551222,1.1841643660137344,0.0,0.7486435024181913,0.2513564975818084,1.0948665638717345e-16,12,"[""002281"", ""002463"", ""002594"", ""002709"", ""300133"", ""300408"", ""301291"", ""600938"", ""601939"", ""688008"", ""688183"", ""688676""]","{""002281"": 0.03908503322727994, ""002463"": 0.05002259383904088, ""002594"": 0.07328192641396675, ""002709"": 0.06531716297689641, ""300133"": 0.038791196814295915, ""300408"": 0.07348616685004528, ""301291"": 0.0424992394421024, ""515180"": 0.25251937041341116, ""600938"": 0.11829390351768354, ""601939"": 0.11927202101094124, ""688008"": 0.05087909871850541, ""688183"": 0.0375057450497853, ""688676"": 0.03904654172604564}","{""002281"": 0.038856141089562465, ""002463"": 0.05038617763321968, ""002594"": 0.07245981191543324, ""002709"": 0.06556808815217317, ""300133"": 0.03876233729895055, ""300408"": 0.07422814307666316, ""301291"": 0.041775214383312734, ""515180"": 0.2513564975818084, ""600938"": 0.11697355794632336, ""601939"": 0.11873268768214827, ""688008"": 0.05174039052892109, ""688183"": 0.041242693387096664, ""688676"": 0.03791825932438697}",0.0,False,s1_stable_all7_30_vol_target,f4,False
2025-03-20,-0.0014324863323674122,0.0,-0.0014324863323674122,1.1824680667441432,0.0,0.7473065166479274,0.25269348335207237,1.096437195168112e-16,12,"[""002281"", ""002463"", ""002594"", ""002709"", ""300133"", ""300408"", ""301291"", ""600938"", ""601939"", ""688008"", ""688183"", ""688676""]","{""002281"": 0.038856141089562465, ""002463"": 0.05038617763321968, ""002594"": 0.07245981191543324, ""002709"": 0.06556808815217317, ""300133"": 0.03876233729895055, ""300408"": 0.07422814307666316, ""301291"": 0.041775214383312734, ""515180"": 0.2513564975818084, ""600938"": 0.11697355794632336, ""601939"": 0.11873268768214827, ""688008"": 0.05174039052892109, ""688183"": 0.041242693387096664, ""688676"": 0.03791825932438697}","{""002281"": 0.03807299830010567, ""002463"": 0.04888163185171296, ""002594"": 0.07552209093949076, ""002709"": 0.06492893984532916, ""300133"": 0.03779718613092662, ""300408"": 0.0732838778065864, ""301291"": 0.04149733232170861, ""515180"": 0.25269348335207237, ""600938"": 0.11802991781578792, ""601939"": 0.11995591924581599, ""688008"": 0.05172725869595496, ""688183"": 0.03959267666886835, ""688676"": 0.038016687025639914}",0.0,False,s1_stable_all7_30_vol_target,f4,False
2025-03-21,-0.009830501625689811,0.0,-0.009830501625689811,1.1708438124916887,0.0,0.7461782881905988,0.25382171180940083,1.1073227330959752e-16,12,"[""002281"", ""002463"", ""002594"", ""002709"", ""300133"", ""300408"", ""301291"", ""600938"", ""601939"", ""688008"", ""688183"", ""688676""]","{""002281"": 0.03807299830010567, ""002463"": 0.04888163185171296, ""002594"": 0.07552209093949076, ""002709"": 0.06492893984532916, ""300133"": 0.03779718613092662, ""300408"": 0.0732838778065864, ""301291"": 0.04149733232170861, ""515180"": 0.25269348335207237, ""600938"": 0.11802991781578792, ""601939"": 0.11995591924581599, ""688008"": 0.05172725869595496, ""688183"": 0.03959267666886835, ""688676"": 0.038016687025639914}","{""002281"": 0.037805866057639984, ""002463"": 0.04829562768261019, ""002594"": 0.07492199851071324, ""002709"": 0.06432819499066962, ""300133"": 0.03758335949814413, ""300408"": 0.0738542355288038, ""301291"": 0.04061648942492085, ""515180"": 0.25382171180940083, ""600938"": 0.1216445933579235, ""601939"": 0.12069112874587028, ""688008"": 0.05057815097382418, ""688183"": 0.03919883539849406, ""688676"": 0.03665980802098503}",0.0,False,s1_stable_all7_30_vol_target,f4,False
2025-03-24,-0.010981696850891055,0.0,-0.010981696850891055,1.1579859606831635,0.0,0.7437587639501934,0.25624123604980625,1.119618038988941e-16,12,"[""002281"", ""002463"", ""002594"", ""002709"", ""300133"", ""300408"", ""301291"", ""600938"", ""601939"", ""688008"", ""688183"", ""688676""]","{""002281"": 0.037805866057639984, ""002463"": 0.04829562768261019, ""002594"": 0.07492199851071324, ""002709"": 0.06432819499066962, ""300133"": 0.03758335949814413, ""300408"": 0.0738542355288038, ""301291"": 0.04061648942492085, ""515180"": 0.25382171180940083, ""600938"": 0.1216445933579235, ""601939"": 0.12069112874587028, ""688008"": 0.05057815097382418, ""688183"": 0.03919883539849406, ""688676"": 0.03665980802098503}","{""002281"": 0.03679533027815928, ""002463"": 0.04831955970760558, ""002594"": 0.07262758677114936, ""002709"": 0.06361311641720344, ""300133"": 0.03715687378970391, ""300408"": 0.0737404102572393, ""301291"": 0.04140335465688418, ""515180"": 0.25624123604980625, ""600938"": 0.12274325082123454, ""601939"": 0.12126326374567586, ""688008"": 0.05017911069269834, ""688183"": 0.03878709306225206, ""688676"": 0.03712981375038752}",0.0,False,s1_stable_all7_30_vol_target,f4,False
2025-03-25,0.009486076062118012,0.0,0.009486076062118012,1.168970703585069,0.0,0.7451789680305938,0.2548210319694058,1.1090970599182846e-16,12,"[""002281"", ""002463"", ""002594"", ""002709"", ""300133"", ""300408"", ""301291"", ""600938"", ""601939"", ""688008"", ""688183"", ""688676""]","{""002281"": 0.03679533027815928, ""002463"": 0.04831955970760558, ""002594"": 0.07262758677114936, ""002709"": 0.06361311641720344, ""300133"": 0.03715687378970391, ""300408"": 0.0737404102572393, ""301291"": 0.04140335465688418, ""515180"": 0.25624123604980625, ""600938"": 0.12274325082123454, ""601939"": 0.12126326374567586, ""688008"": 0.05017911069269834, ""688183"": 0.03878709306225206, ""688676"": 0.03712981375038752}","{""002281"": 0.03639507161957834, ""002463"": 0.04875002244814838, ""002594"": 0.0721348606869525, ""002709"": 0.06355474754505507, ""300133"": 0.03611935077162471, ""300408"": 0.07346081892598512, ""301291"": 0.041571818151499566, ""515180"": 0.2548210319694058, ""600938"": 0.12308786712777883, ""601939"": 0.12164527753284236, ""688008"": 0.04981633673751517, ""688183"": 0.04137194034469217, ""688676"": 0.03727085613892162}",0.0,False,s1_stable_all7_30_vol_target,f4,False
2025-03-26,-0.004615807905914121,0.0,-0.004615807905914121,1.163574959369679,0.0,0.7420127917983799,0.2579872082016197,1.1142401785434928e-16,12,"[""002281"", ""002463"", ""002594"", ""002709"", ""300133"", ""300408"", ""301291"", ""600938"", ""601939"", ""688008"", ""688183"", ""688676""]","{""002281"": 0.03639507161957834, ""002463"": 0.04875002244814838, ""002594"": 0.0721348606869525, ""002709"": 0.06355474754505507, ""300133"": 0.03611935077162471, ""300408"": 0.07346081892598512, ""301291"": 0.041571818151499566, ""515180"": 0.2548210319694058, ""600938"": 0.12308786712777883, ""601939"": 0.12164527753284236, ""688008"": 0.04981633673751517, ""688183"": 0.04137194034469217, ""688676"": 0.03727085613892162}","{""002281"": 0.03560966385649912, ""002463"": 0.04781068304742416, ""002594"": 0.07083880317855973, ""002709"": 0.0638494644076563, ""300133"": 0.03554589279964109, ""300408"": 0.07558115524328586, ""301291"": 0.040373345727160836, ""515180"": 0.2579872082016197, ""600938"": 0.12441113843437789, ""601939"": 0.1228208015264323, ""688008"": 0.05014294840017537, ""688183"": 0.039035020359836275, ""688676"": 0.03599387481733098}",0.0,False,s1_stable_all7_30_vol_target,f4,False
2025-03-27,-0.003985566437926734,0.0,-0.003985566437926734,1.1589374540636033,0.0,0.7417774354058848,0.25822256459411486,1.118698827042702e-16,12,"[""002281"", ""002463"", ""002594"", ""002709"", ""300133"", ""300408"", ""301291"", ""600938"", ""601939"", ""688008"", ""688183"", ""688676""]","{""002281"": 0.03560966385649912, ""002463"": 0.04781068304742416, ""002594"": 0.07083880317855973, ""002709"": 0.0638494644076563, ""300133"": 0.03554589279964109, ""300408"": 0.07558115524328586, ""301291"": 0.040373345727160836, ""515180"": 0.2579872082016197, ""600938"": 0.12441113843437789, ""601939"": 0.1228208015264323, ""688008"": 0.05014294840017537, ""688183"": 0.039035020359836275, ""688676"": 0.03599387481733098}","{""002281"": 0.0358385332844044, ""002463"": 0.046963563748172094, ""002594"": 0.07239236886333529, ""002709"": 0.06359489406198662, ""300133"": 0.03568813021365298, ""300408"": 0.07620124845236219, ""301291"": 0.04080700744981798, ""515180"": 0.25822256459411486, ""600938"": 0.12415347362761867, ""601939"": 0.12269839512630307, ""688008"": 0.05037787660611946, ""688183"": 0.03704983307920537, ""688676"": 0.03601211089290663}",0.0,False,s1_stable_all7_30_vol_target,f4,False
2025-03-28,0.0009786842609691225,0.0,0.0009786842609691225,1.160071687909343,0.0,0.7422289576739568,0.25777104232604275,1.1176050445755962e-16,12,"[""002281"", ""002463"", ""002594"", ""002709"", ""300133"", ""300408"", ""301291"", ""600938"", ""601939"", ""688008"", ""688183"", ""688676""]","{""002281"": 0.0358385332844044, ""002463"": 0.046963563748172094, ""002594"": 0.07239236886333529, ""002709"": 0.06359489406198662, ""300133"": 0.03568813021365298, ""300408"": 0.07620124845236219, ""301291"": 0.04080700744981798, ""515180"": 0.25822256459411486, ""600938"": 0.12415347362761867, ""601939"": 0.12269839512630307, ""688008"": 0.05037787660611946, ""688183"": 0.03704983307920537, ""688676"": 0.03601211089290663}","{""002281"": 0.036195731060598105, ""002463"": 0.046756919276275656, ""002594"": 0.074348843386912, ""002709"": 0.06329491802652712, ""300133"": 0.03585142059243933, ""300408"": 0.07640441998851556, ""301291"": 0.040640250123848747, ""515180"": 0.25777104232604275, ""600938"": 0.12201939433719079, ""601939"": 0.12303838613023596, ""688008"": 0.05221220257783435, ""688183"": 0.03636029148097291, ""688676"": 0.03510618069260629}",0.0,False,s1_stable_all7_30_vol_target,f4,False
2025-03-31,-0.008646249869422112,0.0,-0.008646249869422112,1.1500414182292364,0.0,0.7413862757802371,0.2586137242197625,1.127352415248733e-16,12,"[""002281"", ""002463"", ""002594"", ""002709"", ""300133"", ""300408"", ""301291"", ""600938"", ""601939"", ""688008"", ""688183"", ""688676""]","{""002281"": 0.036195731060598105, ""002463"": 0.046756919276275656, ""002594"": 0.074348843386912, ""002709"": 0.06329491802652712, ""300133"": 0.03585142059243933, ""300408"": 0.07640441998851556, ""301291"": 0.040640250123848747, ""515180"": 0.25777104232604275, ""600938"": 0.12201939433719079, ""601939"": 0.12303838613023596, ""688008"": 0.05221220257783435, ""688183"": 0.03636029148097291, ""688676"": 0.03510618069260629}","{""002281"": 0.03541148572071039, ""002463"": 0.04597086030197813, ""002594"": 0.07371913023831404, ""002709"": 0.06281893379615149, ""300133"": 0.03651395070508164, ""300408"": 0.07607044555870106, ""301291"": 0.04043713605904971, ""515180"": 0.2586137242197625, ""600938"": 0.12201772729960006, ""601939"": 0.12364751687319071, ""688008"": 0.05234975981696404, ""688183"": 0.037297662947024204, ""688676"": 0.035131666463471586}",0.0,False,s1_stable_all7_30_vol_target,f4,False
2025-04-01,0.009966544411500279,0.0,0.009966544411500279,1.161503357099083,0.0,0.7453299653614996,0.25467003463849996,1.116227484451609e-16,12,"[""002281"", ""002463"", ""002594"", ""002709"", ""300133"", ""300408"", ""301291"", ""600938"", ""601939"", ""688008"", ""688183"", ""688676""]","{""002281"": 0.03541148572071039, ""002463"": 0.04597086030197813, ""002594"": 0.07371913023831404, ""002709"": 0.06281893379615149, ""300133"": 0.03651395070508164, ""300408"": 0.07607044555870106, ""301291"": 0.04043713605904971, ""515180"": 0.2586137242197625, ""600938"": 0.12201772729960006, ""601939"": 0.12364751687319071, ""688008"": 0.05234975981696404, ""688183"": 0.037297662947024204, ""688676"": 0.035131666463471586}","{""002281"": 0.03597090907324004, ""002463"": 0.0466555061101925, ""002594"": 0.07255773771776199, ""002709"": 0.06165615712549017, ""300133"": 0.037093835963237225, ""300408"": 0.07716205337264281, ""301291"": 0.04108791806820709, ""515180"": 0.25467003463849996, ""600938"": 0.12322588509901315, ""601939"": 0.12503054732463717, ""688008"": 0.053365534164178836, ""688183"": 0.03680165895698344, ""688676"": 0.034722222385915213}",0.0,False,s1_stable_all7_30_vol_target,f4,False
2025-04-02,-0.004710804988924415,0.0,-0.004710804988924415,1.1560317412898082,0.0,0.7421271200355638,0.25787287996443575,1.1215107026648546e-16,12,"[""002281"", ""002463"", ""002594"", ""002709"", ""300133"", ""300408"", ""301291"", ""600938"", ""601939"", ""688008"", ""688183"", ""688676""]","{""002281"": 0.03597090907324004, ""002463"": 0.0466555061101925, ""002594"": 0.07255773771776199, ""002709"": 0.06165615712549017, ""300133"": 0.037093835963237225, ""300408"": 0.07716205337264281, ""301291"": 0.04108791806820709, ""515180"": 0.25467003463849996, ""600938"": 0.12322588509901315, ""601939"": 0.12503054732463717, ""688008"": 0.053365534164178836, ""688183"": 0.03680165895698344, ""688676"": 0.034722222385915213}","{""002281"": 0.03584989250800846, ""002463"": 0.04659774197081064, ""002594"": 0.07040327175277515, ""002709"": 0.0616070840022466, ""300133"": 0.036424180898617084, ""300408"": 0.07712920355269842, ""301291"": 0.040382180626617595, ""515180"": 0.25787287996443575, ""600938"": 0.125424905527607, ""601939"": 0.12408378302502507, ""688008"": 0.052525260037521074, ""688183"": 0.03637166447878284, ""688676"": 0.03532795165485389}",0.0,False,s1_stable_all7_30_vol_target,f4,False
2025-04-03,-0.009690167267305295,0.0,-0.009690167267305295,1.1448296003503957,0.0,0.7392004354013635,0.260799564598636,1.1324846685305746e-16,12,"[""002281"", ""002463"", ""002594"", ""002709"", ""300133"", ""300408"", ""301291"", ""600938"", ""601939"", ""688008"", ""688183"", ""688676""]","{""002281"": 0.03584989250800846, ""002463"": 0.04659774197081064, ""002594"": 0.07040327175277515, ""002709"": 0.0616070840022466, ""300133"": 0.036424180898617084, ""300408"": 0.07712920355269842, ""301291"": 0.040382180626617595, ""515180"": 0.25787287996443575, ""600938"": 0.125424905527607, ""601939"": 0.12408378302502507, ""688008"": 0.052525260037521074, ""688183"": 0.03637166447878284, ""688676"": 0.03532795165485389}","{""002281"": 0.036987654556793634, ""002463"": 0.0463282026161395, ""002594"": 0.06921567577387429, ""002709"": 0.06203779158669243, ""300133"": 0.03632874096537112, ""300408"": 0.07822557830765743, ""301291"": 0.04008866870096037, ""515180"": 0.260799564598636, ""600938"": 0.12109458240604891, ""601939"": 0.1262301017835049, ""688008"": 0.05183849858632347, ""688183"": 0.03553333732222649, ""688676"": 0.035291602795770954}",0.0,False,s1_stable_all7_30_vol_target,f4,False
2025-04-07,-0.06616034102923957,0.0,-0.06616034102923957,1.0690872835708456,0.0,0.7259071887184378,0.2740928112815616,1.2127185407597193e-16,12,"[""002281"", ""002463"", ""002594"", ""002709"", ""300133"", ""300408"", ""301291"", ""600938"", ""601939"", ""688008"", ""688183"", ""688676""]","{""002281"": 0.036987654556793634, ""002463"": 0.0463282026161395, ""002594"": 0.06921567577387429, ""002709"": 0.06203779158669243, ""300133"": 0.03632874096537112, ""300408"": 0.07822557830765743, ""301291"": 0.04008866870096037, ""515180"": 0.260799564598636, ""600938"": 0.12109458240604891, ""601939"": 0.1262301017835049, ""688008"": 0.05183849858632347, ""688183"": 0.03553333732222649, ""688676"": 0.035291602795770954}","{""002281"": 0.036901203309854656, ""002463"": 0.042348834484688756, ""002594"": 0.06943308605567461, ""002709"": 0.060461349684740436, ""300133"": 0.03685957163299391, ""300408"": 0.07737566157532816, ""301291"": 0.038297731565107546, ""515180"": 0.2740928112815616, ""600938"": 0.11662456432466212, ""601939"": 0.13700324454254398, ""688008"": 0.04981798941112479, ""688183"": 0.028807064532034663, ""688676"": 0.03197688759968423}",0.0,False,s1_stable_all7_30_vol_target,f4,False
2025-04-08,-0.02994895522701464,0.0,-0.02994895522701464,1.0370692363814116,0.0,0.7292459195879238,0.27075408041207566,1.2501595120115807e-16,12,"[""002281"", ""002463"", ""002594"", ""002709"", ""300133"", ""300408"", ""301291"", ""600938"", ""601939"", ""688008"", ""688183"", ""688676""]","{""002281"": 0.036901203309854656, ""002463"": 0.042348834484688756, ""002594"": 0.06943308605567461, ""002709"": 0.060461349684740436, ""300133"": 0.03685957163299391, ""300408"": 0.07737566157532816, ""301291"": 0.038297731565107546, ""515180"": 0.2740928112815616, ""600938"": 0.11662456432466212, ""601939"": 0.13700324454254398, ""688008"": 0.04981798941112479, ""688183"": 0.028807064532034663, ""688676"": 0.03197688759968423}","{""002281"": 0.03734723531182637, ""002463"": 0.0408123430852909, ""002594"": 0.06905198193297937, ""002709"": 0.060427995967990006, ""300133"": 0.034062572420212704, ""300408"": 0.07821147816636181, ""301291"": 0.03772657414629974, ""515180"": 0.27075408041207566, ""600938"": 0.12219516487616032, ""601939"": 0.14071851600497418, ""688008"": 0.049823696292576186, ""688183"": 0.02923789815614147, ""688676"": 0.029630463227110767}",0.0,False,s1_stable_all7_30_vol_target,f4,False
2025-04-09,-0.01206139864084371,0.0,-0.01206139864084371,1.02456073090326,0.0,0.7223343295582157,0.2776656704417837,1.265422274513491e-16,12,"[""002281"", ""002463"", ""002594"", ""002709"", ""300133"", ""300408"", ""301291"", ""600938"", ""601939"", ""688008"", ""688183"", ""688676""]","{""002281"": 0.03734723531182637, ""002463"": 0.0408123430852909, ""002594"": 0.06905198193297937, ""002709"": 0.060427995967990006, ""300133"": 0.034062572420212704, ""300408"": 0.07821147816636181, ""301291"": 0.03772657414629974, ""515180"": 0.27075408041207566, ""600938"": 0.12219516487616032, ""601939"": 0.14071851600497418, ""688008"": 0.049823696292576186, ""688183"": 0.02923789815614147, ""688676"": 0.029630463227110767}","{""002281"": 0.03353079418284211, ""002463"": 0.0373896561180718, ""002594"": 0.06946202211870695, ""002709"": 0.05881942531522814, ""300133"": 0.03498332129719817, ""300408"": 0.07375413509789036, ""301291"": 0.03781781013384499, ""515180"": 0.2776656704417837, ""600938"": 0.12539617405978293, ""601939"": 0.14399887417026555, ""688008"": 0.04926868063237651, ""688183"": 0.029130711494143088, ""688676"": 0.02878272493786514}",0.0,False,s1_stable_all7_30_vol_target,f4,False
2025-04-10,0.048522342683859604,0.0,0.048522342683859604,1.0742748177885737,0.0,0.731744659451033,0.26825534054896644,1.2068624797011397e-16,12,"[""002281"", ""002463"", ""002594"", ""002709"", ""300133"", ""300408"", ""301291"", ""600938"", ""601939"", ""688008"", ""688183"", ""688676""]","{""002281"": 0.03353079418284211, ""002463"": 0.0373896561180718, ""002594"": 0.06946202211870695, ""002709"": 0.05881942531522814, ""300133"": 0.03498332129719817, ""300408"": 0.07375413509789036, ""301291"": 0.03781781013384499, ""515180"": 0.2776656704417837, ""600938"": 0.12539617405978293, ""601939"": 0.14399887417026555, ""688008"": 0.04926868063237651, ""688183"": 0.029130711494143088, ""688676"": 0.02878272493786514}","{""002281"": 0.03574034333173804, ""002463"": 0.042444128681099764, ""002594"": 0.06934153388541678, ""002709"": 0.05994928457203448, ""300133"": 0.03598604395391209, ""300408"": 0.07256849672875203, ""301291"": 0.04074497708643939, ""515180"": 0.26825534054896644, ""600938"": 0.12524415991172114, ""601939"": 0.13617610992632082, ""688008"": 0.05160404227290945, ""688183"": 0.031586767731577245, ""688676"": 0.03035877136911176}",0.0,False,s1_stable_all7_30_vol_target,f4,False
2025-04-11,-0.005547860057711336,0.0,-0.005547860057711336,1.0683148914359593,0.0,0.7298158190462092,0.27018418095379027,1.213595336796377e-16,12,"[""002281"", ""002463"", ""002594"", ""002709"", ""300133"", ""300408"", ""301291"", ""600938"", ""601939"", ""688008"", ""688183"", ""688676""]","{""002281"": 0.03574034333173804, ""002463"": 0.042444128681099764, ""002594"": 0.06934153388541678, ""002709"": 0.05994928457203448, ""300133"": 0.03598604395391209, ""300408"": 0.07256849672875203, ""301291"": 0.04074497708643939, ""515180"": 0.26825534054896644, ""600938"": 0.12524415991172114, ""601939"": 0.13617610992632082, ""688008"": 0.05160404227290945, ""688183"": 0.031586767731577245, ""688676"": 0.03035877136911176}","{""002281"": 0.03454269092119632, ""002463"": 0.040776935030404825, ""002594"": 0.070257926018475, ""002709"": 0.0593246206231573, ""300133"": 0.03683241974675015, ""300408"": 0.07411482988882352, ""301291"": 0.039575055873119255, ""515180"": 0.27018418095379027, ""600938"": 0.12392123069587771, ""601939"": 0.1357703994862559, ""688008"": 0.05391497969929113, ""688183"": 0.03148477652539259, ""688676"": 0.02929995453746543}",0.0,False,s1_stable_all7_30_vol_target,f4,False
2025-04-14,0.02057090423875239,0.0,0.02057090423875239,1.0902910947645215,0.0,0.7344145622738293,0.26558543772617027,1.1891337796873627e-16,12,"[""002281"", ""002463"", ""002594"", ""002709"", ""300133"", ""300408"", ""301291"", ""600938"", ""601939"", ""688008"", ""688183"", ""688676""]","{""002281"": 0.03454269092119632, ""002463"": 0.040776935030404825, ""002594"": 0.070257926018475, ""002709"": 0.0593246206231573, ""300133"": 0.03683241974675015, ""300408"": 0.07411482988882352, ""301291"": 0.039575055873119255, ""515180"": 0.27018418095379027, ""600938"": 0.12392123069587771, ""601939"": 0.1357703994862559, ""688008"": 0.05391497969929113, ""688183"": 0.03148477652539259, ""688676"": 0.02929995453746543}","{""002281"": 0.03575786558614174, ""002463"": 0.043079911152161234, ""002594"": 0.07427504532996858, ""002709"": 0.05975539557111786, ""300133"": 0.035720996930713206, ""300408"": 0.07519556361479188, ""301291"": 0.039326925276450195, ""515180"": 0.26558543772617027, ""600938"": 0.12072745098479443, ""601939"": 0.1331969059958862, ""688008"": 0.053994296578806784, ""688183"": 0.03328993230986682, ""688676"": 0.030094272943130305}",0.0,False,s1_stable_all7_30_vol_target,f4,False
2025-04-15,0.005290250795073414,0.0,0.005290250795073414,1.0960590080954609,0.0,0.7341267733608752,0.2658732266391244,1.1828760686248468e-16,12,"[""002281"", ""002463"", ""002594"", ""002709"", ""300133"", ""300408"", ""301291"", ""600938"", ""601939"", ""688008"", ""688183"", ""688676""]","{""002281"": 0.03575786558614174, ""002463"": 0.043079911152161234, ""002594"": 0.07427504532996858, ""002709"": 0.05975539557111786, ""300133"": 0.035720996930713206, ""300408"": 0.07519556361479188, ""301291"": 0.039326925276450195, ""515180"": 0.26558543772617027, ""600938"": 0.12072745098479443, ""601939"": 0.1331969059958862, ""688008"": 0.053994296578806784, ""688183"": 0.03328993230986682, ""688676"": 0.030094272943130305}","{""002281"": 0.03514624426345764, ""002463"": 0.04144590205680302, ""002594"": 0.07417319570576335, ""002709"": 0.05947689318097506, ""300133"": 0.03726352249265006, ""300408"": 0.07517771548566593, ""301291"": 0.039541956285780104, ""515180"": 0.2658732266391244, ""600938"": 0.12222237088114749, ""601939"": 0.13476779219754775, ""688008"": 0.05337668350496373, ""688183"": 0.031921618211973674, ""688676"": 0.02961287909414735}",0.0,False,s1_stable_all7_30_vol_target,f4,False
2025-04-16,-0.004455182193237823,0.0,-0.004455182193237823,1.091175865519856,0.0,0.731878864397713,0.26812113560228656,1.1881695805828062e-16,12,"[""002281"", ""002463"", ""002594"", ""002709"", ""300133"", ""300408"", ""301291"", ""600938"", ""601939"", ""688008"", ""688183"", ""688676""]","{""002281"": 0.03514624426345764, ""002463"": 0.04144590205680302, ""002594"": 0.07417319570576335, ""002709"": 0.05947689318097506, ""300133"": 0.03726352249265006, ""300408"": 0.07517771548566593, ""301291"": 0.039541956285780104, ""515180"": 0.2658732266391244, ""600938"": 0.12222237088114749, ""601939"": 0.13476779219754775, ""688008"": 0.05337668350496373, ""688183"": 0.031921618211973674, ""688676"": 0.02961287909414735}","{""002281"": 0.03481980369339717, ""002463"": 0.040870206721491456, ""002594"": 0.07285154605948131, ""002709"": 0.05992363931132026, ""300133"": 0.035165290936024066, ""300408"": 0.07475503909266695, ""301291"": 0.039112000913018856, ""515180"": 0.26812113560228656, ""600938"": 0.12303680192532045, ""601939"": 0.1370008869003843, ""688008"": 0.05332427645769374, ""688183"": 0.031846567968816186, ""688676"": 0.02917280441809819}",0.0,False,s1_stable_all7_30_vol_target,f4,False
2025-04-17,-0.011162369504710144,0.0,-0.011162369504710144,1.0789957573143014,0.0,0.7282101894298436,0.27178981057015583,1.201582083792336e-16,12,"[""002281"", ""002463"", ""002594"", ""002709"", ""300133"", ""300408"", ""301291"", ""600938"", ""601939"", ""688008"", ""688183"", ""688676""]","{""002281"": 0.03481980369339717, ""002463"": 0.040870206721491456, ""002594"": 0.07285154605948131, ""002709"": 0.05992363931132026, ""300133"": 0.035165290936024066, ""300408"": 0.07475503909266695, ""301291"": 0.039112000913018856, ""515180"": 0.26812113560228656, ""600938"": 0.12303680192532045, ""601939"": 0.1370008869003843, ""688008"": 0.05332427645769374, ""688183"": 0.031846567968816186, ""688676"": 0.02917280441809819}","{""002281"": 0.03474054643601929, ""002463"": 0.03980774819867149, ""002594"": 0.07227388385003264, ""002709"": 0.05895651446689246, ""300133"": 0.03524263711865599, ""300408"": 0.07350912074723519, ""301291"": 0.037049755044090374, ""515180"": 0.27178981057015583, ""600938"": 0.125183061173766, ""601939"": 0.1395364398243982, ""688008"": 0.05268169596977303, ""688183"": 0.031338384332512695, ""688676"": 0.02789040226779629}",0.0,False,s1_stable_all7_30_vol_target,f4,False
2025-04-18,0.002514226882912701,0.0001861595410341292,0.0023280673418785715,1.0815077320989304,0.13536405833638393,0.75,0.25,0.0,12,"[""002281"", ""002594"", ""002709"", ""300017"", ""300133"", ""300408"", ""301291"", ""600938"", ""601939"", ""603629"", ""688008"", ""688676""]","{""002281"": 0.03474054643601929, ""002463"": 0.03980774819867149, ""002594"": 0.07227388385003264, ""002709"": 0.05895651446689246, ""300133"": 0.03524263711865599, ""300408"": 0.07350912074723519, ""301291"": 0.037049755044090374, ""515180"": 0.27178981057015583, ""600938"": 0.125183061173766, ""601939"": 0.1395364398243982, ""688008"": 0.05268169596977303, ""688183"": 0.031338384332512695, ""688676"": 0.02789040226779629}","{""002281"": 0.050732628522851195, ""002594"": 0.058472508930500815, ""002709"": 0.07102578371178635, ""300017"": 0.03320050184064207, ""300133"": 0.04189099451841193, ""300408"": 0.07837349582809117, ""301291"": 0.04923781718048554, ""515180"": 0.25, ""600938"": 0.09455715315458348, ""601939"": 0.13926905364465597, ""603629"": 0.03760324444701356, ""688008"": 0.05786396550519191, ""688676"": 0.03777285271578597}",0.0,False,s1_stable_all7_30_vol_target,f4,False
2025-04-21,0.007028361340111523,0.0,0.007028361340111523,1.089108959232246,0.0,0.7509629210034704,0.2490370789965297,0.0,12,"[""002281"", ""002594"", ""002709"", ""300017"", ""300133"", ""300408"", ""301291"", ""600938"", ""601939"", ""603629"", ""688008"", ""688676""]","{""002281"": 0.050732628522851195, ""002594"": 0.058472508930500815, ""002709"": 0.07102578371178635, ""300017"": 0.03320050184064207, ""300133"": 0.04189099451841193, ""300408"": 0.07837349582809117, ""301291"": 0.04923781718048554, ""515180"": 0.25, ""600938"": 0.09455715315458348, ""601939"": 0.13926905364465597, ""603629"": 0.03760324444701356, ""688008"": 0.05786396550519191, ""688676"": 0.03777285271578597}","{""002281"": 0.05157513200515941, ""002594"": 0.057742802185072724, ""002709"": 0.07127795912606719, ""300017"": 0.0333939779721955, ""300133"": 0.04111813201496463, ""300408"": 0.07906355803025598, ""301291"": 0.048957098138683985, ""515180"": 0.2490370789965297, ""600938"": 0.09430351517358505, ""601939"": 0.14075057745505365, ""603629"": 0.03742815806594492, ""688008"": 0.057779209391251134, ""688676"": 0.037572801445236184}",0.0,False,s1_stable_all7_30_vol_target,f4,False
2025-04-22,0.003490397915429888,0.0,0.003490397915429888,1.0929103828732263,0.0,0.7526083224555702,0.24739167754442987,0.0,12,"[""002281"", ""002594"", ""002709"", ""300017"", ""300133"", ""300408"", ""301291"", ""600938"", ""601939"", ""603629"", ""688008"", ""688676""]","{""002281"": 0.05157513200515941, ""002594"": 0.057742802185072724, ""002709"": 0.07127795912606719, ""300017"": 0.0333939779721955, ""300133"": 0.04111813201496463, ""300408"": 0.07906355803025598, ""301291"": 0.048957098138683985, ""515180"": 0.2490370789965297, ""600938"": 0.09430351517358505, ""601939"": 0.14075057745505365, ""603629"": 0.03742815806594492, ""688008"": 0.057779209391251134, ""688676"": 0.037572801445236184}","{""002281"": 0.051833772298514685, ""002594"": 0.058007757551120635, ""002709"": 0.07252060585812561, ""300017"": 0.03432081278370659, ""300133"": 0.042172165227932525, ""300408"": 0.07961786064331433, ""301291"": 0.04906272788553443, ""515180"": 0.24739167754442987, ""600938"": 0.09361110020114273, ""601939"": 0.13781601924470654, ""603629"": 0.03840549869774519, ""688008"": 0.057443095038718486, ""688676"": 0.037796907025008375}",0.0,False,s1_stable_all7_30_vol_target,f4,False
2025-04-23,0.010309964553912808,0.0,0.010309964553912808,1.1041782501812525,0.0,0.7537832324263912,0.24621676757360866,0.0,12,"[""002281"", ""002594"", ""002709"", ""300017"", ""300133"", ""300408"", ""301291"", ""600938"", ""601939"", ""603629"", ""688008"", ""688676""]","{""002281"": 0.051833772298514685, ""002594"": 0.058007757551120635, ""002709"": 0.07252060585812561, ""300017"": 0.03432081278370659, ""300133"": 0.042172165227932525, ""300408"": 0.07961786064331433, ""301291"": 0.04906272788553443, ""515180"": 0.24739167754442987, ""600938"": 0.09361110020114273, ""601939"": 0.13781601924470654, ""603629"": 0.03840549869774519, ""688008"": 0.057443095038718486, ""688676"": 0.037796907025008375}","{""002281"": 0.05185881713247749, ""002594"": 0.0621330081530507, ""002709"": 0.07299555238892116, ""300017"": 0.034035098849909025, ""300133"": 0.042097259770024084, ""300408"": 0.07811764651412006, ""301291"": 0.048859981538355246, ""515180"": 0.24621676757360866, ""600938"": 0.09357757105491384, ""601939"": 0.13866834555680008, ""603629"": 0.03727638178222845, ""688008"": 0.056990666674549904, ""688676"": 0.03717290301104123}",0.0,False,s1_stable_all7_30_vol_target,f4,False
2025-04-24,0.001423630733296737,0.0,0.001423630733296737,1.1057501922732482,0.0,0.7552884637611533,0.24471153623884664,0.0,12,"[""002281"", ""002594"", ""002709"", ""300017"", ""300133"", ""300408"", ""301291"", ""600938"", ""601939"", ""603629"", ""688008"", ""688676""]","{""002281"": 0.05185881713247749, ""002594"": 0.0621330081530507, ""002709"": 0.07299555238892116, ""300017"": 0.034035098849909025, ""300133"": 0.042097259770024084, ""300408"": 0.07811764651412006, ""301291"": 0.048859981538355246, ""515180"": 0.24621676757360866, ""600938"": 0.09357757105491384, ""601939"": 0.13866834555680008, ""603629"": 0.03727638178222845, ""688008"": 0.056990666674549904, ""688676"": 0.03717290301104123}","{""002281"": 0.05140025382160982, ""002594"": 0.061290539132804724, ""002709"": 0.07241513796827038, ""300017"": 0.03408335900414785, ""300133"": 0.04150499531841134, ""300408"": 0.07842750875541785, ""301291"": 0.05144325855833483, ""515180"": 0.24471153623884664, ""600938"": 0.09296431163304138, ""601939"": 0.13734346674034997, ""603629"": 0.03819854948807242, ""688008"": 0.05824538958907821, ""688676"": 0.03797169375161459}",0.0,False,s1_stable_all7_30_vol_target,f4,False
2025-04-25,-0.00508963011278619,0.0,-0.00508963011278619,1.1001223327974352,0.0,0.7528754834988246,0.2471245165011754,0.0,12,"[""002281"", ""002594"", ""002709"", ""300017"", ""300133"", ""300408"", ""301291"", ""600938"", ""601939"", ""603629"", ""688008"", ""688676""]","{""002281"": 0.05140025382160982, ""002594"": 0.061290539132804724, ""002709"": 0.07241513796827038, ""300017"": 0.03408335900414785, ""300133"": 0.04150499531841134, ""300408"": 0.07842750875541785, ""301291"": 0.05144325855833483, ""515180"": 0.24471153623884664, ""600938"": 0.09296431163304138, ""601939"": 0.13734346674034997, ""603629"": 0.03819854948807242, ""688008"": 0.05824538958907821, ""688676"": 0.03797169375161459}","{""002281"": 0.05043024615759431, ""002594"": 0.06118861559496398, ""002709"": 0.07165321455846986, ""300017"": 0.0340634399432944, ""300133"": 0.041122718414292374, ""300408"": 0.07749271328939467, ""301291"": 0.050846727947714866, ""515180"": 0.2471245165011754, ""600938"": 0.0940030192831368, ""601939"": 0.14063696416177912, ""603629"": 0.037000611958869396, ""688008"": 0.056900674281990735, ""688676"": 0.037536537907324106}",0.0,False,s1_stable_all7_30_vol_target,f4,False
2025-04-28,0.0006067304785983774,0.0,0.0006067304785983774,1.1007898105469303,0.0,0.7532187328052345,0.24678126719476548,0.0,12,"[""002281"", ""002594"", ""002709"", ""300017"", ""300133"", ""300408"", ""301291"", ""600938"", ""601939"", ""603629"", ""688008"", ""688676""]","{""002281"": 0.05043024615759431, ""002594"": 0.06118861559496398, ""002709"": 0.07165321455846986, ""300017"": 0.0340634399432944, ""300133"": 0.041122718414292374, ""300408"": 0.07749271328939467, ""301291"": 0.050846727947714866, ""515180"": 0.2471245165011754, ""600938"": 0.0940030192831368, ""601939"": 0.14063696416177912, ""603629"": 0.037000611958869396, ""688008"": 0.056900674281990735, ""688676"": 0.037536537907324106}","{""002281"": 0.05052047171472015, ""002594"": 0.060670448439181915, ""002709"": 0.07182739913600428, ""300017"": 0.03420458545760739, ""300133"": 0.041276055764494515, ""300408"": 0.07675587417888474, ""301291"": 0.05102757741361633, ""515180"": 0.24678126719476548, ""600938"": 0.09454901050828782, ""601939"": 0.13958069105764964, ""603629"": 0.03727108212566208, ""688008"": 0.05763176451797106, ""688676"": 0.037903772491154605}",0.0,False,s1_stable_all7_30_vol_target,f4,False
2025-04-29,-0.00302590568604278,0.0,-0.00302590568604278,1.0974589244000583,0.0,0.7528577080327449,0.24714229196725518,0.0,12,"[""002281"", ""002594"", ""002709"", ""300017"", ""300133"", ""300408"", ""301291"", ""600938"", ""601939"", ""603629"", ""688008"", ""688676""]","{""002281"": 0.05052047171472015, ""002594"": 0.060670448439181915, ""002709"": 0.07182739913600428, ""300017"": 0.03420458545760739, ""300133"": 0.041276055764494515, ""300408"": 0.07675587417888474, ""301291"": 0.05102757741361633, ""515180"": 0.24678126719476548, ""600938"": 0.09454901050828782, ""601939"": 0.13958069105764964, ""603629"": 0.03727108212566208, ""688008"": 0.05763176451797106, ""688676"": 0.037903772491154605}","{""002281"": 0.05077074285123269, ""002594"": 0.05950483033829478, ""002709"": 0.07051735115079048, ""300017"": 0.03398381666240232, ""300133"": 0.04140133229128446, ""300408"": 0.07663170264936417, ""301291"": 0.05020826055204675, ""515180"": 0.24714229196725518, ""600938"": 0.09616658202021065, ""601939"": 0.1426015127504673, ""603629"": 0.03700612281333784, ""688008"": 0.056627099288247086, ""688676"": 0.0374383546650663}",0.0,False,s1_stable_all7_30_vol_target,f4,False
2025-04-30,0.0026056213725877816,0.0,0.0026056213725877816,1.1003184868290123,0.0,0.7534999937174577,0.24650000628254237,0.0,12,"[""002281"", ""002594"", ""002709"", ""300017"", ""300133"", ""300408"", ""301291"", ""600938"", ""601939"", ""603629"", ""688008"", ""688676""]","{""002281"": 0.05077074285123269, ""002594"": 0.05950483033829478, ""002709"": 0.07051735115079048, ""300017"": 0.03398381666240232, ""300133"": 0.04140133229128446, ""300408"": 0.07663170264936417, ""301291"": 0.05020826055204675, ""515180"": 0.24714229196725518, ""600938"": 0.09616658202021065, ""601939"": 0.1426015127504673, ""603629"": 0.03700612281333784, ""688008"": 0.056627099288247086, ""688676"": 0.0374383546650663}","{""002281"": 0.05003451572774229, ""002594"": 0.05864613290419417, ""002709"": 0.07103080916247402, ""300017"": 0.03509333299565075, ""300133"": 0.042126031741705906, ""300408"": 0.07527488423078274, ""301291"": 0.05022726272743055, ""515180"": 0.24650000628254237, ""600938"": 0.09370474494199656, ""601939"": 0.1407737947842466, ""603629"": 0.04139429094790488, ""688008"": 0.05766434729331459, ""688676"": 0.03752984626001463}",0.0,False,s1_stable_all7_30_vol_target,f4,False
2025-05-06,0.007250186943117627,0.0,0.007250186943117627,1.108296001555491,0.0,0.7568110398710833,0.2431889601289167,0.0,12,"[""002281"", ""002594"", ""002709"", ""300017"", ""300133"", ""300408"", ""301291"", ""600938"", ""601939"", ""603629"", ""688008"", ""688676""]","{""002281"": 0.05003451572774229, ""002594"": 0.05864613290419417, ""002709"": 0.07103080916247402, ""300017"": 0.03509333299565075, ""300133"": 0.042126031741705906, ""300408"": 0.07527488423078274, ""301291"": 0.05022726272743055, ""515180"": 0.24650000628254237, ""600938"": 0.09370474494199656, ""601939"": 0.1407737947842466, ""603629"": 0.04139429094790488, ""688008"": 0.05766434729331459, ""688676"": 0.03752984626001463}","{""002281"": 0.051942110132717885, ""002594"": 0.05907276619509794, ""002709"": 0.07319989404442072, ""300017"": 0.03606208522645376, ""300133"": 0.042649112992221225, ""300408"": 0.07550664396189533, ""301291"": 0.051176681014885705, ""515180"": 0.2431889601289167, ""600938"": 0.09219178804074102, ""601939"": 0.13606356236792777, ""603629"": 0.04048110596518683, ""688008"": 0.059718643949761376, ""688676"": 0.038746645979773786}",0.0,False,s1_stable_all7_30_vol_target,f4,False
2025-05-07,0.020167790365824553,0.0,0.020167790365824553,1.130647882978144,0.0,0.7604888953074035,0.23951110469259648,0.0,12,"[""002281"", ""002594"", ""002709"", ""300017"", ""300133"", ""300408"", ""301291"", ""600938"", ""601939"", ""603629"", ""688008"", ""688676""]","{""002281"": 0.051942110132717885, ""002594"": 0.05907276619509794, ""002709"": 0.07319989404442072, ""300017"": 0.03606208522645376, ""300133"": 0.042649112992221225, ""300408"": 0.07550664396189533, ""301291"": 0.051176681014885705, ""515180"": 0.2431889601289167, ""600938"": 0.09219178804074102, ""601939"": 0.13606356236792777, ""603629"": 0.04048110596518683, ""688008"": 0.059718643949761376, ""688676"": 0.038746645979773786}","{""002281"": 0.05344397081250299, ""002594"": 0.05872078969186623, ""002709"": 0.07387165048125814, ""300017"": 0.0365148740505468, ""300133"": 0.0427316577970097, ""300408"": 0.07329898214964313, ""301291"": 0.0539230938169007, ""515180"": 0.23951110469259648, ""600938"": 0.0919738910143857, ""601939"": 0.13416150445096126, ""603629"": 0.041102010909505875, ""688008"": 0.061112293711378704, ""688676"": 0.03963417642144422}",0.0,False,s1_stable_all7_30_vol_target,f4,False
2025-05-08,-0.010426130144155714,0.0,-0.010426130144155714,1.1188596010029996,0.0,0.7572042961258648,0.24279570387413515,0.0,12,"[""002281"", ""002594"", ""002709"", ""300017"", ""300133"", ""300408"", ""301291"", ""600938"", ""601939"", ""603629"", ""688008"", ""688676""]","{""002281"": 0.05344397081250299, ""002594"": 0.05872078969186623, ""002709"": 0.07387165048125814, ""300017"": 0.0365148740505468, ""300133"": 0.0427316577970097, ""300408"": 0.07329898214964313, ""301291"": 0.0539230938169007, ""515180"": 0.23951110469259648, ""600938"": 0.0919738910143857, ""601939"": 0.13416150445096126, ""603629"": 0.041102010909505875, ""688008"": 0.061112293711378704, ""688676"": 0.03963417642144422}","{""002281"": 0.05313942444917291, ""002594"": 0.0579413452882905, ""002709"": 0.07306549043341751, ""300017"": 0.03594447079262735, ""300133"": 0.04201258772837666, ""300408"": 0.07415883411589, ""301291"": 0.051771565403806674, ""515180"": 0.24279570387413515, ""600938"": 0.09183552098101014, ""601939"": 0.1371672179036644, ""603629"": 0.04063982723435834, ""688008"": 0.06028077612746316, ""688676"": 0.03924723566778713}",0.0,False,s1_stable_all7_30_vol_target,f4,False
2025-05-09,0.007475537336261974,0.0,0.007475537336261974,1.1272236777243327,0.0,0.7574949217740429,0.242505078225957,0.0,12,"[""002281"", ""002594"", ""002709"", ""300017"", ""300133"", ""300408"", ""301291"", ""600938"", ""601939"", ""603629"", ""688008"", ""688676""]","{""002281"": 0.05313942444917291, ""002594"": 0.0579413452882905, ""002709"": 0.07306549043341751, ""300017"": 0.03594447079262735, ""300133"": 0.04201258772837666, ""300408"": 0.07415883411589, ""301291"": 0.051771565403806674, ""515180"": 0.24279570387413515, ""600938"": 0.09183552098101014, ""601939"": 0.1371672179036644, ""603629"": 0.04063982723435834, ""688008"": 0.06028077612746316, ""688676"": 0.03924723566778713}","{""002281"": 0.05335857888659714, ""002594"": 0.0582035740560517, ""002709"": 0.07333094907250881, ""300017"": 0.03570936156788718, ""300133"": 0.04210706626319975, ""300408"": 0.07339125658028448, ""301291"": 0.05137525702637825, ""515180"": 0.242505078225957, ""600938"": 0.09189997274824886, ""601939"": 0.1382987396914499, ""603629"": 0.04089159477439416, ""688008"": 0.05924770947671976, ""688676"": 0.03968086163032286}",0.0,False,s1_stable_all7_30_vol_target,f4,False
2025-05-12,-0.0002026568384965349,0.0,-0.0002026568384965349,1.1269952381375268,0.0,0.7566901458348084,0.24330985416519135,0.0,12,"[""002281"", ""002594"", ""002709"", ""300017"", ""300133"", ""300408"", ""301291"", ""600938"", ""601939"", ""603629"", ""688008"", ""688676""]","{""002281"": 0.05335857888659714, ""002594"": 0.0582035740560517, ""002709"": 0.07333094907250881, ""300017"": 0.03570936156788718, ""300133"": 0.04210706626319975, ""300408"": 0.07339125658028448, ""301291"": 0.05137525702637825, ""515180"": 0.242505078225957, ""600938"": 0.09189997274824886, ""601939"": 0.1382987396914499, ""603629"": 0.04089159477439416, ""688008"": 0.05924770947671976, ""688676"": 0.03968086163032286}","{""002281"": 0.05379417859742924, ""002594"": 0.058911106547028295, ""002709"": 0.07389850007872971, ""300017"": 0.035337308455971835, ""300133"": 0.04124496453694736, ""300408"": 0.07227587140330598, ""301291"": 0.051580267306651495, ""515180"": 0.24330985416519135, ""600938"": 0.09168301264021643, ""601939"": 0.1397493996324996, ""603629"": 0.04041445965151497, ""688008"": 0.05881258624953245, ""688676"": 0.038988490734981084}",0.0,False,s1_stable_all7_30_vol_target,f4,False
2025-05-13,0.013784893550334,0.0,0.013784893550334,1.142530747526986,0.0,0.7590668577224652,0.24093314227753468,0.0,12,"[""002281"", ""002594"", ""002709"", ""300017"", ""300133"", ""300408"", ""301291"", ""600938"", ""601939"", ""603629"", ""688008"", ""688676""]","{""002281"": 0.05379417859742924, ""002594"": 0.058911106547028295, ""002709"": 0.07389850007872971, ""300017"": 0.035337308455971835, ""300133"": 0.04124496453694736, ""300408"": 0.07227587140330598, ""301291"": 0.051580267306651495, ""515180"": 0.24330985416519135, ""600938"": 0.09168301264021643, ""601939"": 0.1397493996324996, ""603629"": 0.04041445965151497, ""688008"": 0.05881258624953245, ""688676"": 0.038988490734981084}","{""002281"": 0.05322566230104155, ""002594"": 0.05988604902895277, ""002709"": 0.07595501817854733, ""300017"": 0.03523094495519561, ""300133"": 0.04108491056403126, ""300408"": 0.07262239876637766, ""301291"": 0.05140677115101653, ""515180"": 0.24093314227753468, ""600938"": 0.09082366482384438, ""601939"": 0.13738140259702283, ""603629"": 0.041370790273480285, ""688008"": 0.05975428273172509, ""688676"": 0.04032496235122986}",0.0,False,s1_stable_all7_30_vol_target,f4,False
2025-05-14,-0.004586206347074712,0.0,-0.004586206347074712,1.1372908657609495,0.0,0.7564592372348931,0.24354076276510678,0.0,12,"[""002281"", ""002594"", ""002709"", ""300017"", ""300133"", ""300408"", ""301291"", ""600938"", ""601939"", ""603629"", ""688008"", ""688676""]","{""002281"": 0.05322566230104155, ""002594"": 0.05988604902895277, ""002709"": 0.07595501817854733, ""300017"": 0.03523094495519561, ""300133"": 0.04108491056403126, ""300408"": 0.07262239876637766, ""301291"": 0.05140677115101653, ""515180"": 0.24093314227753468, ""600938"": 0.09082366482384438, ""601939"": 0.13738140259702283, ""603629"": 0.041370790273480285, ""688008"": 0.05975428273172509, ""688676"": 0.04032496235122986}","{""002281"": 0.05313180143821133, ""002594"": 0.05862107137028059, ""002709"": 0.07428275202950654, ""300017"": 0.034547585973626546, ""300133"": 0.040756549531531766, ""300408"": 0.07360316542882436, ""301291"": 0.05089638387905597, ""515180"": 0.24354076276510678, ""600938"": 0.09135884767263833, ""601939"": 0.1383276423680503, ""603629"": 0.04107804627771109, ""688008"": 0.05962470296235935, ""688676"": 0.0402306883030969}",0.0,False,s1_stable_all7_30_vol_target,f4,False
2025-05-15,0.0013959093464642285,0.0,0.0013959093464642285,1.1388784207101135,0.0,0.7558640536238128,0.2441359463761871,0.0,12,"[""002281"", ""002594"", ""002709"", ""300017"", ""300133"", ""300408"", ""301291"", ""600938"", ""601939"", ""603629"", ""688008"", ""688676""]","{""002281"": 0.05313180143821133, ""002594"": 0.05862107137028059, ""002709"": 0.07428275202950654, ""300017"": 0.034547585973626546, ""300133"": 0.040756549531531766, ""300408"": 0.07360316542882436, ""301291"": 0.05089638387905597, ""515180"": 0.24354076276510678, ""600938"": 0.09135884767263833, ""601939"": 0.1383276423680503, ""603629"": 0.04107804627771109, ""688008"": 0.05962470296235935, ""688676"": 0.0402306883030969}","{""002281"": 0.05274247380027865, ""002594"": 0.05959223233320635, ""002709"": 0.07438955849951065, ""300017"": 0.03462453915235663, ""300133"": 0.03989562079575801, ""300408"": 0.0733284932781599, ""301291"": 0.050295879182199986, ""515180"": 0.2441359463761871, ""600938"": 0.09251371116607406, ""601939"": 0.1382912390421822, ""603629"": 0.0405241821641384, ""688008"": 0.05956447453638055, ""688676"": 0.04010164967356741}",0.0,False,s1_stable_all7_30_vol_target,f4,False
2025-05-16,-0.015376040486144084,0.0,-0.015376040486144084,1.121366980004479,0.0,0.7530008553202591,0.2469991446797408,0.0,12,"[""002281"", ""002594"", ""002709"", ""300017"", ""300133"", ""300408"", ""301291"", ""600938"", ""601939"", ""603629"", ""688008"", ""688676""]","{""002281"": 0.05274247380027865, ""002594"": 0.05959223233320635, ""002709"": 0.07438955849951065, ""300017"": 0.03462453915235663, ""300133"": 0.03989562079575801, ""300408"": 0.0733284932781599, ""301291"": 0.050295879182199986, ""515180"": 0.2441359463761871, ""600938"": 0.09251371116607406, ""601939"": 0.1382912390421822, ""603629"": 0.0405241821641384, ""688008"": 0.05956447453638055, ""688676"": 0.04010164967356741}","{""002281"": 0.051277363947031085, ""002594"": 0.060856409923916215, ""002709"": 0.07388485447627474, ""300017"": 0.033958123738250565, ""300133"": 0.03865195634226055, ""300408"": 0.07381825567381213, ""301291"": 0.04852663089507583, ""515180"": 0.2469991446797408, ""600938"": 0.09293241420806934, ""601939"": 0.1407685425691092, ""603629"": 0.0396227292386498, ""688008"": 0.059371200560825246, ""688676"": 0.03933237374698436}",0.0,False,s1_stable_all7_30_vol_target,f4,False
2025-05-19,-0.0020413375307990864,0.0,-0.0020413375307990864,1.1190778915023971,0.0,0.7534468235731838,0.24655317642681598,0.0,12,"[""002281"", ""002594"", ""002709"", ""300017"", ""300133"", ""300408"", ""301291"", ""600938"", ""601939"", ""603629"", ""688008"", ""688676""]","{""002281"": 0.051277363947031085, ""002594"": 0.060856409923916215, ""002709"": 0.07388485447627474, ""300017"": 0.033958123738250565, ""300133"": 0.03865195634226055, ""300408"": 0.07381825567381213, ""301291"": 0.04852663089507583, ""515180"": 0.2469991446797408, ""600938"": 0.09293241420806934, ""601939"": 0.1407685425691092, ""603629"": 0.0396227292386498, ""688008"": 0.059371200560825246, ""688676"": 0.03933237374698436}","{""002281"": 0.05164367928384898, ""002594"": 0.06311895942978289, ""002709"": 0.07399317174791391, ""300017"": 0.03399575429505324, ""300133"": 0.038847925611832715, ""300408"": 0.07256831908297799, ""301291"": 0.04827069101943568, ""515180"": 0.24655317642681598, ""600938"": 0.09237120181591506, ""601939"": 0.1399421704715164, ""603629"": 0.0400910859024549, ""688008"": 0.059500408854721895, ""688676"": 0.03910345605773017}",0.0,False,s1_stable_all7_30_vol_target,f4,False
2025-05-20,-0.0002472753713633022,0.0,-0.0002472753713633022,1.1188011711011914,0.0,0.7520538210503636,0.2479461789496362,0.0,12,"[""002281"", ""002594"", ""002709"", ""300017"", ""300133"", ""300408"", ""301291"", ""600938"", ""601939"", ""603629"", ""688008"", ""688676""]","{""002281"": 0.05164367928384898, ""002594"": 0.06311895942978289, ""002709"": 0.07399317174791391, ""300017"": 0.03399575429505324, ""300133"": 0.038847925611832715, ""300408"": 0.07256831908297799, ""301291"": 0.04827069101943568, ""515180"": 0.24655317642681598, ""600938"": 0.09237120181591506, ""601939"": 0.1399421704715164, ""603629"": 0.0400910859024549, ""688008"": 0.059500408854721895, ""688676"": 0.03910345605773017}","{""002281"": 0.05091952212671845, ""002594"": 0.06239269001472185, ""002709"": 0.07431125326022134, ""300017"": 0.03409967999792814, ""300133"": 0.03914987187597001, ""300408"": 0.07238921297738299, ""301291"": 0.04902996339994168, ""515180"": 0.2479461789496362, ""600938"": 0.09239404858859156, ""601939"": 0.13981755590995082, ""603629"": 0.0397466692886851, ""688008"": 0.05904918678915329, ""688676"": 0.03875416682109838}",0.0,False,s1_stable_all7_30_vol_target,f4,False
2025-05-21,0.0034081371841454084,0.0,0.0034081371841454084,1.1226141989740868,0.0,0.7525167006808541,0.2474832993191456,0.0,12,"[""002281"", ""002594"", ""002709"", ""300017"", ""300133"", ""300408"", ""301291"", ""600938"", ""601939"", ""603629"", ""688008"", ""688676""]","{""002281"": 0.05091952212671845, ""002594"": 0.06239269001472185, ""002709"": 0.07431125326022134, ""300017"": 0.03409967999792814, ""300133"": 0.03914987187597001, ""300408"": 0.07238921297738299, ""301291"": 0.04902996339994168, ""515180"": 0.2479461789496362, ""600938"": 0.09239404858859156, ""601939"": 0.13981755590995082, ""603629"": 0.0397466692886851, ""688008"": 0.05904918678915329, ""688676"": 0.03875416682109838}","{""002281"": 0.050628114803891566, ""002594"": 0.06389608739513836, ""002709"": 0.0739734899448292, ""300017"": 0.03436462986872739, ""300133"": 0.039774393444382966, ""300408"": 0.0712050518609421, ""301291"": 0.047544776840001975, ""515180"": 0.2474832993191456, ""600938"": 0.09290800255375689, ""601939"": 0.13902528392500152, ""603629"": 0.04021669513592586, ""688008"": 0.05950646041999035, ""688676"": 0.03947371448826595}",0.0,False,s1_stable_all7_30_vol_target,f4,False
2025-05-22,-0.001147179944657513,0.0,-0.001147179944657513,1.121326358479436,0.0,0.7503338649482907,0.2496661350517091,0.0,12,"[""002281"", ""002594"", ""002709"", ""300017"", ""300133"", ""300408"", ""301291"", ""600938"", ""601939"", ""603629"", ""688008"", ""688676""]","{""002281"": 0.050628114803891566, ""002594"": 0.06389608739513836, ""002709"": 0.0739734899448292, ""300017"": 0.03436462986872739, ""300133"": 0.039774393444382966, ""300408"": 0.0712050518609421, ""301291"": 0.047544776840001975, ""515180"": 0.2474832993191456, ""600938"": 0.09290800255375689, ""601939"": 0.13902528392500152, ""603629"": 0.04021669513592586, ""688008"": 0.05950646041999035, ""688676"": 0.03947371448826595}","{""002281"": 0.049820538778311226, ""002594"": 0.06496283417959227, ""002709"": 0.07499849323579656, ""300017"": 0.03376874949742173, ""300133"": 0.03947005893255266, ""300408"": 0.07054407748311502, ""301291"": 0.04640145189479264, ""515180"": 0.2496661350517091, ""600938"": 0.09376450751507759, ""601939"": 0.13934382291116937, ""603629"": 0.039287128248948686, ""688008"": 0.05934235873328351, ""688676"": 0.03862984353822941}",0.0,False,s1_stable_all7_30_vol_target,f4,False
2025-05-23,-0.0036923379426472397,0.0,-0.0036923379426472397,1.1171860426199318,0.0,0.7499802882163016,0.25001971178369814,0.0,12,"[""002281"", ""002594"", ""002709"", ""300017"", ""300133"", ""300408"", ""301291"", ""600938"", ""601939"", ""603629"", ""688008"", ""688676""]","{""002281"": 0.049820538778311226, ""002594"": 0.06496283417959227, ""002709"": 0.07499849323579656, ""300017"": 0.03376874949742173, ""300133"": 0.03947005893255266, ""300408"": 0.07054407748311502, ""301291"": 0.04640145189479264, ""515180"": 0.2496661350517091, ""600938"": 0.09376450751507759, ""601939"": 0.13934382291116937, ""603629"": 0.039287128248948686, ""688008"": 0.05934235873328351, ""688676"": 0.03862984353822941}","{""002281"": 0.049576661025724354, ""002594"": 0.06504162397943913, ""002709"": 0.07317494343351137, ""300017"": 0.03325619454432588, ""300133"": 0.039382127521336935, ""300408"": 0.07137560809045689, ""301291"": 0.04591088652471148, ""515180"": 0.25001971178369814, ""600938"": 0.09454770453411854, ""601939"": 0.14017914929931793, ""603629"": 0.03900927899636566, ""688008"": 0.05978781208991008, ""688676"": 0.038738298177083366}",0.0,False,s1_stable_all7_30_vol_target,f4,False
2025-05-26,-0.01336486803991385,0.0,-0.01336486803991385,1.1022549985842829,0.0,0.7491044315129444,0.2508955684870554,0.0,12,"[""002281"", ""002594"", ""002709"", ""300017"", ""300133"", ""300408"", ""301291"", ""600938"", ""601939"", ""603629"", ""688008"", ""688676""]","{""002281"": 0.049576661025724354, ""002594"": 0.06504162397943913, ""002709"": 0.07317494343351137, ""300017"": 0.03325619454432588, ""300133"": 0.039382127521336935, ""300408"": 0.07137560809045689, ""301291"": 0.04591088652471148, ""515180"": 0.25001971178369814, ""600938"": 0.09454770453411854, ""601939"": 0.14017914929931793, ""603629"": 0.03900927899636566, ""688008"": 0.05978781208991008, ""688676"": 0.038738298177083366}","{""002281"": 0.04931926315655691, ""002594"": 0.06639305676147979, ""002709"": 0.07260129400891019, ""300017"": 0.03270485142029278, ""300133"": 0.03920345154446169, ""300408"": 0.07085347029429123, ""301291"": 0.044679935477847314, ""515180"": 0.2508955684870554, ""600938"": 0.09602916884348087, ""601939"": 0.14062344495951268, ""603629"": 0.038079907408086394, ""688008"": 0.059265597661419575, ""688676"": 0.03935098997660497}",0.0,False,s1_stable_all7_30_vol_target,f4,False
2025-05-27,-0.003097697479190034,0.0,-0.003097697479190034,1.0988405460537436,0.0,0.749681035237236,0.2503189647627639,0.0,12,"[""002281"", ""002594"", ""002709"", ""300017"", ""300133"", ""300408"", ""301291"", ""600938"", ""601939"", ""603629"", ""688008"", ""688676""]","{""002281"": 0.04931926315655691, ""002594"": 0.06639305676147979, ""002709"": 0.07260129400891019, ""300017"": 0.03270485142029278, ""300133"": 0.03920345154446169, ""300408"": 0.07085347029429123, ""301291"": 0.044679935477847314, ""515180"": 0.2508955684870554, ""600938"": 0.09602916884348087, ""601939"": 0.14062344495951268, ""603629"": 0.038079907408086394, ""688008"": 0.059265597661419575, ""688676"": 0.03935098997660497}","{""002281"": 0.05018652537133205, ""002594"": 0.06224699189745001, ""002709"": 0.07304490815138212, ""300017"": 0.03332515541995875, ""300133"": 0.04033727293287661, ""300408"": 0.07051631703154401, ""301291"": 0.04582915744707557, ""515180"": 0.2503189647627639, ""600938"": 0.09608593817035616, ""601939"": 0.1404119283684687, ""603629"": 0.03897268501645613, ""688008"": 0.05893581892647295, ""688676"": 0.039788336503862924}",0.0,False,s1_stable_all7_30_vol_target,f4,False
2025-05-28,-0.004485811598352967,0.0,-0.004485811598352967,1.0939113543875152,0.0,0.7489423284800035,0.25105767151999625,0.0,12,"[""002281"", ""002594"", ""002709"", ""300017"", ""300133"", ""300408"", ""301291"", ""600938"", ""601939"", ""603629"", ""688008"", ""688676""]","{""002281"": 0.05018652537133205, ""002594"": 0.06224699189745001, ""002709"": 0.07304490815138212, ""300017"": 0.03332515541995875, ""300133"": 0.04033727293287661, ""300408"": 0.07051631703154401, ""301291"": 0.04582915744707557, ""515180"": 0.2503189647627639, ""600938"": 0.09608593817035616, ""601939"": 0.1404119283684687, ""603629"": 0.03897268501645613, ""688008"": 0.05893581892647295, ""688676"": 0.039788336503862924}","{""002281"": 0.04974406408619344, ""002594"": 0.06194222066144624, ""002709"": 0.0736806515304352, ""300017"": 0.0333125016946215, ""300133"": 0.040279842222005015, ""300408"": 0.06982637279608063, ""301291"": 0.04508337556563503, ""515180"": 0.25105767151999625, ""600938"": 0.09643799942649563, ""601939"": 0.1413703285577496, ""603629"": 0.03887046092546007, ""688008"": 0.059439655294458014, ""688676"": 0.03895485571942319}",0.0,False,s1_stable_all7_30_vol_target,f4,False
2025-05-29,-0.0038101885040329434,0.0,-0.0038101885040329434,1.0897433459205967,0.0,0.7473960045905753,0.25260399540942446,0.0,12,"[""002281"", ""002594"", ""002709"", ""300017"", ""300133"", ""300408"", ""301291"", ""600938"", ""601939"", ""603629"", ""688008"", ""688676""]","{""002281"": 0.04974406408619344, ""002594"": 0.06194222066144624, ""002709"": 0.0736806515304352, ""300017"": 0.0333125016946215, ""300133"": 0.040279842222005015, ""300408"": 0.06982637279608063, ""301291"": 0.04508337556563503, ""515180"": 0.25105767151999625, ""600938"": 0.09643799942649563, ""601939"": 0.1413703285577496, ""603629"": 0.03887046092546007, ""688008"": 0.059439655294458014, ""688676"": 0.03895485571942319}","{""002281"": 0.05006855532247892, ""002594"": 0.06000941039090105, ""002709"": 0.0723356576092759, ""300017"": 0.03311303319033249, ""300133"": 0.03991167178489267, ""300408"": 0.0700709632077355, ""301291"": 0.04551994768923662, ""515180"": 0.25260399540942446, ""600938"": 0.09757838289763662, ""601939"": 0.14158409006895598, ""603629"": 0.03877661062122295, ""688008"": 0.06007360624140341, ""688676"": 0.03835407556650317}",0.0,False,s1_stable_all7_30_vol_target,f4,False
2025-05-30,0.005849224041315081,0.0,0.005849224041315081,1.0961174988984186,0.0,0.7482822698330904,0.25171773016690935,0.0,12,"[""002281"", ""002594"", ""002709"", ""300017"", ""300133"", ""300408"", ""301291"", ""600938"", ""601939"", ""603629"", ""688008"", ""688676""]","{""002281"": 0.05006855532247892, ""002594"": 0.06000941039090105, ""002709"": 0.0723356576092759, ""300017"": 0.03311303319033249, ""300133"": 0.03991167178489267, ""300408"": 0.0700709632077355, ""301291"": 0.04551994768923662, ""515180"": 0.25260399540942446, ""600938"": 0.09757838289763662, ""601939"": 0.14158409006895598, ""603629"": 0.03877661062122295, ""688008"": 0.06007360624140341, ""688676"": 0.03835407556650317}","{""002281"": 0.05063876472226164, ""002594"": 0.05922781009997517, ""002709"": 0.07278925094316056, ""300017"": 0.03337544596206192, ""300133"": 0.0406940947354849, ""300408"": 0.07098202355468394, ""301291"": 0.04608056317297612, ""515180"": 0.25171773016690935, ""600938"": 0.09632464117515668, ""601939"": 0.14011065885848298, ""603629"": 0.03892965958280958, ""688008"": 0.06065719719810194, ""688676"": 0.038472159827935}",0.0,False,s1_stable_all7_30_vol_target,f4,False
2025-06-03,-0.005119824052165658,0.0,-0.005119824052165658,1.0905055701635586,0.0,0.7465964348781807,0.25340356512181916,0.0,12,"[""002281"", ""002594"", ""002709"", ""300017"", ""300133"", ""300408"", ""301291"", ""600938"", ""601939"", ""603629"", ""688008"", ""688676""]","{""002281"": 0.05063876472226164, ""002594"": 0.05922781009997517, ""002709"": 0.07278925094316056, ""300017"": 0.03337544596206192, ""300133"": 0.0406940947354849, ""300408"": 0.07098202355468394, ""301291"": 0.04608056317297612, ""515180"": 0.25171773016690935, ""600938"": 0.09632464117515668, ""601939"": 0.14011065885848298, ""603629"": 0.03892965958280958, ""688008"": 0.06065719719810194, ""688676"": 0.038472159827935}","{""002281"": 0.04911898036971412, ""002594"": 0.0585568368867264, ""002709"": 0.07224116061487236, ""300017"": 0.03273057072623071, ""300133"": 0.04012371344594152, ""300408"": 0.07125745681065018, ""301291"": 0.046003470301437296, ""515180"": 0.25340356512181916, ""600938"": 0.09828117095600744, ""601939"": 0.14115841010865343, ""603629"": 0.03730994200807735, ""688008"": 0.06155095089364692, ""688676"": 0.03826377175622295}",0.0,False,s1_stable_all7_30_vol_target,f4,False
2025-06-04,0.008277322828075672,0.0,0.008277322828075672,1.0995320368136172,0.0,0.7482894718444018,0.2517105281555981,0.0,12,"[""002281"", ""002594"", ""002709"", ""300017"", ""300133"", ""300408"", ""301291"", ""600938"", ""601939"", ""603629"", ""688008"", ""688676""]","{""002281"": 0.04911898036971412, ""002594"": 0.0585568368867264, ""002709"": 0.07224116061487236, ""300017"": 0.03273057072623071, ""300133"": 0.04012371344594152, ""300408"": 0.07125745681065018, ""301291"": 0.046003470301437296, ""515180"": 0.25340356512181916, ""600938"": 0.09828117095600744, ""601939"": 0.14115841010865343, ""603629"": 0.03730994200807735, ""688008"": 0.06155095089364692, ""688676"": 0.03826377175622295}","{""002281"": 0.04945349527286257, ""002594"": 0.059460073130790846, ""002709"": 0.07238890273135082, ""300017"": 0.032623858716961586, ""300133"": 0.040865182329722964, ""300408"": 0.07089526485114213, ""301291"": 0.0458875981753302, ""515180"": 0.2517105281555981, ""600938"": 0.09747434434044655, ""601939"": 0.14064765955430744, ""603629"": 0.037486777432055314, ""688008"": 0.06306850085929727, ""688676"": 0.03803781445013405}",0.0,False,s1_stable_all7_30_vol_target,f4,False
2025-06-05,0.006751643586382605,0.00015299877447157064,0.006598644811911034,1.1067874581838675,0.10262660453867539,0.75,0.25,0.0,12,"[""002281"", ""002594"", ""300017"", ""300133"", ""300408"", ""301291"", ""600938"", ""601899"", ""601939"", ""603629"", ""688008"", ""688676""]","{""002281"": 0.04945349527286257, ""002594"": 0.059460073130790846, ""002709"": 0.07238890273135082, ""300017"": 0.032623858716961586, ""300133"": 0.040865182329722964, ""300408"": 0.07089526485114213, ""301291"": 0.0458875981753302, ""515180"": 0.2517105281555981, ""600938"": 0.09747434434044655, ""601939"": 0.14064765955430744, ""603629"": 0.037486777432055314, ""688008"": 0.06306850085929727, ""688676"": 0.03803781445013405}","{""002281"": 0.05753947267829626, ""002594"": 0.05699130279531408, ""300017"": 0.04370162039582854, ""300133"": 0.0462413230059458, ""300408"": 0.08442585971298285, ""301291"": 0.05057983739092124, ""515180"": 0.25, ""600938"": 0.08586880229514965, ""601899"": 0.05961254676799802, ""601939"": 0.13071261304458923, ""603629"": 0.03563583274906239, ""688008"": 0.057460998755643346, ""688676"": 0.04122979040826856}",0.0,False,s1_stable_all7_30_vol_target,f4,False
2025-06-06,0.008849442789285296,0.0,0.008849442789285296,1.1165819104749641,0.0,0.7533314246218338,0.24666857537816614,0.0,12,"[""002281"", ""002594"", ""300017"", ""300133"", ""300408"", ""301291"", ""600938"", ""601899"", ""601939"", ""603629"", ""688008"", ""688676""]","{""002281"": 0.05753947267829626, ""002594"": 0.05699130279531408, ""300017"": 0.04370162039582854, ""300133"": 0.0462413230059458, ""300408"": 0.08442585971298285, ""301291"": 0.05057983739092124, ""515180"": 0.25, ""600938"": 0.08586880229514965, ""601899"": 0.05961254676799802, ""601939"": 0.13071261304458923, ""603629"": 0.03563583274906239, ""688008"": 0.057460998755643346, ""688676"": 0.04122979040826856}","{""002281"": 0.059604746388974374, ""002594"": 0.05627180165457421, ""300017"": 0.044296981496759355, ""300133"": 0.04596724427027519, ""300408"": 0.08471837948964672, ""301291"": 0.05187236191757763, ""515180"": 0.24666857537816614, ""600938"": 0.08550407120143502, ""601899"": 0.05852854787548326, ""601939"": 0.12956602591085603, ""603629"": 0.03630763410494894, ""688008"": 0.05853149447377128, ""688676"": 0.04216213583753174}",0.0,False,s1_stable_all7_30_vol_target,f4,False
2025-06-09,0.0018260269377109763,0.0,0.0018260269377109763,1.1186208191216522,0.0,0.7535916278890027,0.2464083721109971,0.0,12,"[""002281"", ""002594"", ""300017"", ""300133"", ""300408"", ""301291"", ""600938"", ""601899"", ""601939"", ""603629"", ""688008"", ""688676""]","{""002281"": 0.059604746388974374, ""002594"": 0.05627180165457421, ""300017"": 0.044296981496759355, ""300133"": 0.04596724427027519, ""300408"": 0.08471837948964672, ""301291"": 0.05187236191757763, ""515180"": 0.24666857537816614, ""600938"": 0.08550407120143502, ""601899"": 0.05852854787548326, ""601939"": 0.12956602591085603, ""603629"": 0.03630763410494894, ""688008"": 0.05853149447377128, ""688676"": 0.04216213583753174}","{""002281"": 0.06000368061496207, ""002594"": 0.055399015351489986, ""300017"": 0.044683463980909305, ""300133"": 0.0456208559743396, ""300408"": 0.08342963794950913, ""301291"": 0.05269765696885778, ""515180"": 0.2464083721109971, ""600938"": 0.08637056855237918, ""601899"": 0.05835185974077424, ""601939"": 0.12917984884747696, ""603629"": 0.036385360758628735, ""688008"": 0.05905489038713985, ""688676"": 0.0424147887625359}",0.0,False,s1_stable_all7_30_vol_target,f4,False
2025-06-10,0.0004493733713500747,0.0,0.0004493733713500747,1.1191234975304032,0.0,0.7533236792390475,0.24667632076095233,0.0,12,"[""002281"", ""002594"", ""300017"", ""300133"", ""300408"", ""301291"", ""600938"", ""601899"", ""601939"", ""603629"", ""688008"", ""688676""]","{""002281"": 0.06000368061496207, ""002594"": 0.055399015351489986, ""300017"": 0.044683463980909305, ""300133"": 0.0456208559743396, ""300408"": 0.08342963794950913, ""301291"": 0.05269765696885778, ""515180"": 0.2464083721109971, ""600938"": 0.08637056855237918, ""601899"": 0.05835185974077424, ""601939"": 0.12917984884747696, ""603629"": 0.036385360758628735, ""688008"": 0.05905489038713985, ""688676"": 0.0424147887625359}","{""002281"": 0.06060748530458865, ""002594"": 0.054345898267631684, ""300017"": 0.044366203560910374, ""300133"": 0.04638782210916444, ""300408"": 0.08408791443342276, ""301291"": 0.051474730724033094, ""515180"": 0.24667632076095233, ""600938"": 0.08742413456617906, ""601899"": 0.058080731001723306, ""601939"": 0.12852202549540584, ""603629"": 0.036706142235626536, ""688008"": 0.05867454541290277, ""688676"": 0.04264604612745907}",0.0,False,s1_stable_all7_30_vol_target,f4,False
2025-06-11,-0.003870566411806345,0.0,-0.003870566411806345,1.1147918557101988,0.0,0.7519850927952099,0.24801490720479014,0.0,12,"[""002281"", ""002594"", ""300017"", ""300133"", ""300408"", ""301291"", ""600938"", ""601899"", ""601939"", ""603629"", ""688008"", ""688676""]","{""002281"": 0.06060748530458865, ""002594"": 0.054345898267631684, ""300017"": 0.044366203560910374, ""300133"": 0.04638782210916444, ""300408"": 0.08408791443342276, ""301291"": 0.051474730724033094, ""515180"": 0.24667632076095233, ""600938"": 0.08742413456617906, ""601899"": 0.058080731001723306, ""601939"": 0.12852202549540584, ""603629"": 0.036706142235626536, ""688008"": 0.05867454541290277, ""688676"": 0.04264604612745907}","{""002281"": 0.05989317084838351, ""002594"": 0.05525535136083589, ""300017"": 0.0431747319181122, ""300133"": 0.047556213748149785, ""300408"": 0.08275905199192334, ""301291"": 0.05144733492520042, ""515180"": 0.24801490720479014, ""600938"": 0.08755158403558069, ""601899"": 0.059606010534318576, ""601939"": 0.12902141143691742, ""603629"": 0.03586505103873407, ""688008"": 0.05783694957019208, ""688676"": 0.04201823138686182}",0.0,False,s1_stable_all7_30_vol_target,f4,False
2025-06-12,0.0054391045741234816,0.0,0.0054391045741234816,1.1208553251917879,0.0,0.7525706877499545,0.24742931225004539,0.0,12,"[""002281"", ""002594"", ""300017"", ""300133"", ""300408"", ""301291"", ""600938"", ""601899"", ""601939"", ""603629"", ""688008"", ""688676""]","{""002281"": 0.05989317084838351, ""002594"": 0.05525535136083589, ""300017"": 0.0431747319181122, ""300133"": 0.047556213748149785, ""300408"": 0.08275905199192334, ""301291"": 0.05144733492520042, ""515180"": 0.24801490720479014, ""600938"": 0.08755158403558069, ""601899"": 0.059606010534318576, ""601939"": 0.12902141143691742, ""603629"": 0.03586505103873407, ""688008"": 0.05783694957019208, ""688676"": 0.04201823138686182}","{""002281"": 0.058775094888029275, ""002594"": 0.055882449341470714, ""300017"": 0.042856390203535176, ""300133"": 0.04788863058450564, ""300408"": 0.0821312508334303, ""301291"": 0.052765558592611755, ""515180"": 0.24742931225004539, ""600938"": 0.08880192556805008, ""601899"": 0.060855605976775244, ""601939"": 0.12787429226901897, ""603629"": 0.03567103256236043, ""688008"": 0.057382761131248836, ""688676"": 0.041685695798918065}",0.0,False,s1_stable_all7_30_vol_target,f4,False
2025-06-13,0.0018270008681622824,0.0,0.0018270008681622824,1.1229031288439975,0.0,0.7530219169221548,0.2469780830778451,0.0,12,"[""002281"", ""002594"", ""300017"", ""300133"", ""300408"", ""301291"", ""600938"", ""601899"", ""601939"", ""603629"", ""688008"", ""688676""]","{""002281"": 0.058775094888029275, ""002594"": 0.055882449341470714, ""300017"": 0.042856390203535176, ""300133"": 0.04788863058450564, ""300408"": 0.0821312508334303, ""301291"": 0.052765558592611755, ""515180"": 0.24742931225004539, ""600938"": 0.08880192556805008, ""601899"": 0.060855605976775244, ""601939"": 0.12787429226901897, ""603629"": 0.03567103256236043, ""688008"": 0.057382761131248836, ""688676"": 0.041685695798918065}","{""002281"": 0.05989784375824981, ""002594"": 0.05414693873243753, ""300017"": 0.04265129595146375, ""300133"": 0.048324502361750274, ""300408"": 0.08087715282944428, ""301291"": 0.05245684824199376, ""515180"": 0.2469780830778451, ""600938"": 0.09074711131486726, ""601899"": 0.06360401658996065, ""601939"": 0.12719275647102957, ""603629"": 0.03528566993733493, ""688008"": 0.05671390874697977, ""688676"": 0.04112387198664323}",0.0,False,s1_stable_all7_30_vol_target,f4,False
2025-06-16,-0.012131854674975502,0.0,-0.012131854674975502,1.1092802312707868,0.0,0.7511347817569289,0.24886521824307095,0.0,12,"[""002281"", ""002594"", ""300017"", ""300133"", ""300408"", ""301291"", ""600938"", ""601899"", ""601939"", ""603629"", ""688008"", ""688676""]","{""002281"": 0.05989784375824981, ""002594"": 0.05414693873243753, ""300017"": 0.04265129595146375, ""300133"": 0.048324502361750274, ""300408"": 0.08087715282944428, ""301291"": 0.05245684824199376, ""515180"": 0.2469780830778451, ""600938"": 0.09074711131486726, ""601899"": 0.06360401658996065, ""601939"": 0.12719275647102957, ""603629"": 0.03528566993733493, ""688008"": 0.05671390874697977, ""688676"": 0.04112387198664323}","{""002281"": 0.059831080835703584, ""002594"": 0.05425336844289669, ""300017"": 0.04227560882841064, ""300133"": 0.047660096349613726, ""300408"": 0.080128579914844, ""301291"": 0.05205248467140354, ""515180"": 0.24886521824307095, ""600938"": 0.0922526139835103, ""601899"": 0.06396154123545107, ""601939"": 0.12814966908325331, ""603629"": 0.034079647461408, ""688008"": 0.05591117630932059, ""688676"": 0.04057891464111347}",0.0,False,s1_stable_all7_30_vol_target,f4,False
2025-06-17,0.007034027155606148,0.0,0.007034027155606148,1.1170829385407226,0.0,0.7524937593194279,0.247506240680572,0.0,12,"[""002281"", ""002594"", ""300017"", ""300133"", ""300408"", ""301291"", ""600938"", ""601899"", ""601939"", ""603629"", ""688008"", ""688676""]","{""002281"": 0.059831080835703584, ""002594"": 0.05425336844289669, ""300017"": 0.04227560882841064, ""300133"": 0.047660096349613726, ""300408"": 0.080128579914844, ""301291"": 0.05205248467140354, ""515180"": 0.24886521824307095, ""600938"": 0.0922526139835103, ""601899"": 0.06396154123545107, ""601939"": 0.12814966908325331, ""603629"": 0.034079647461408, ""688008"": 0.05591117630932059, ""688676"": 0.04057891464111347}","{""002281"": 0.06099293907625448, ""002594"": 0.053560118884346385, ""300017"": 0.04240565063453539, ""300133"": 0.0484447984665934, ""300408"": 0.08098874903461546, ""301291"": 0.052476518527552383, ""515180"": 0.247506240680572, ""600938"": 0.08896060217229665, ""601899"": 0.062287945898954304, ""601939"": 0.12905724233446203, ""603629"": 0.03471297535480535, ""688008"": 0.056265020183816405, ""688676"": 0.04234119875119557}",0.0,False,s1_stable_all7_30_vol_target,f4,False
2025-06-18,-0.004815294718573198,0.0,-0.004815294718573198,1.1117038549665592,0.0,0.7514867547566566,0.24851324524334328,0.0,12,"[""002281"", ""002594"", ""300017"", ""300133"", ""300408"", ""301291"", ""600938"", ""601899"", ""601939"", ""603629"", ""688008"", ""688676""]","{""002281"": 0.06099293907625448, ""002594"": 0.053560118884346385, ""300017"": 0.04240565063453539, ""300133"": 0.0484447984665934, ""300408"": 0.08098874903461546, ""301291"": 0.052476518527552383, ""515180"": 0.247506240680572, ""600938"": 0.08896060217229665, ""601899"": 0.062287945898954304, ""601939"": 0.12905724233446203, ""603629"": 0.03471297535480535, ""688008"": 0.056265020183816405, ""688676"": 0.04234119875119557}","{""002281"": 0.0611638265914426, ""002594"": 0.05363207127717958, ""300017"": 0.0421834438450367, ""300133"": 0.047424073769097554, ""300408"": 0.0793053785629195, ""301291"": 0.05156341315822395, ""515180"": 0.24851324524334328, ""600938"": 0.0905971160796739, ""601899"": 0.06283588534043201, ""601939"": 0.13028550050405785, ""603629"": 0.03447595014022352, ""688008"": 0.056216701204399304, ""688676"": 0.04180339428397012}",0.0,False,s1_stable_all7_30_vol_target,f4,False
2025-06-19,0.0023580399937637325,0.0,0.0023580399937637325,1.1143252971177917,0.0,0.7518812510478307,0.2481187489521692,0.0,12,"[""002281"", ""002594"", ""300017"", ""300133"", ""300408"", ""301291"", ""600938"", ""601899"", ""601939"", ""603629"", ""688008"", ""688676""]","{""002281"": 0.0611638265914426, ""002594"": 0.05363207127717958, ""300017"": 0.0421834438450367, ""300133"": 0.047424073769097554, ""300408"": 0.0793053785629195, ""301291"": 0.05156341315822395, ""515180"": 0.24851324524334328, ""600938"": 0.0905971160796739, ""601899"": 0.06283588534043201, ""601939"": 0.13028550050405785, ""603629"": 0.03447595014022352, ""688008"": 0.056216701204399304, ""688676"": 0.04180339428397012}","{""002281"": 0.06155701375116724, ""002594"": 0.05369741733734416, ""300017"": 0.04195629207578778, ""300133"": 0.046982988790015646, ""300408"": 0.07968816227905155, ""301291"": 0.050866665558276986, ""515180"": 0.2481187489521692, ""600938"": 0.08946386812660499, ""601899"": 0.06230153483256971, ""601939"": 0.1325391288788769, ""603629"": 0.03452350474232454, ""688008"": 0.05683777838554705, ""688676"": 0.04146689629026411}",0.0,False,s1_stable_all7_30_vol_target,f4,False
2025-06-20,-0.0058474636109217965,0.0,-0.0058474636109217965,1.1078093204921657,0.0,0.7519518328932533,0.24804816710674665,0.0,12,"[""002281"", ""002594"", ""300017"", ""300133"", ""300408"", ""301291"", ""600938"", ""601899"", ""601939"", ""603629"", ""688008"", ""688676""]","{""002281"": 0.06155701375116724, ""002594"": 0.05369741733734416, ""300017"": 0.04195629207578778, ""300133"": 0.046982988790015646, ""300408"": 0.07968816227905155, ""301291"": 0.050866665558276986, ""515180"": 0.2481187489521692, ""600938"": 0.08946386812660499, ""601899"": 0.06230153483256971, ""601939"": 0.1325391288788769, ""603629"": 0.03452350474232454, ""688008"": 0.05683777838554705, ""688676"": 0.04146689629026411}","{""002281"": 0.061503519020103294, ""002594"": 0.05337605881801084, ""300017"": 0.04143106557637955, ""300133"": 0.04798854447712691, ""300408"": 0.08059941596341691, ""301291"": 0.049658206506195235, ""515180"": 0.24804816710674665, ""600938"": 0.08945612171800692, ""601899"": 0.06153692014862036, ""601939"": 0.13377314910033292, ""603629"": 0.03409311090343905, ""688008"": 0.05763675273284656, ""688676"": 0.0408989679287747}",0.0,False,s1_stable_all7_30_vol_target,f4,False
2025-06-23,-0.007247454849163061,0.0,-0.007247454849163061,1.0997805224604167,0.0,0.7493704158057071,0.25062958419429293,0.0,12,"[""002281"", ""002594"", ""300017"", ""300133"", ""300408"", ""301291"", ""600938"", ""601899"", ""601939"", ""603629"", ""688008"", ""688676""]","{""002281"": 0.061503519020103294, ""002594"": 0.05337605881801084, ""300017"": 0.04143106557637955, ""300133"": 0.04798854447712691, ""300408"": 0.08059941596341691, ""301291"": 0.049658206506195235, ""515180"": 0.24804816710674665, ""600938"": 0.08945612171800692, ""601899"": 0.06153692014862036, ""601939"": 0.13377314910033292, ""603629"": 0.03409311090343905, ""688008"": 0.05763675273284656, ""688676"": 0.0408989679287747}","{""002281"": 0.05896651739290316, ""002594"": 0.05325532443421998, ""300017"": 0.04095588406383956, ""300133"": 0.04646916068452896, ""300408"": 0.08139759513058191, ""301291"": 0.049112247816055686, ""515180"": 0.25062958419429293, ""600938"": 0.09089804271358669, ""601899"": 0.06205736959768361, ""601939"": 0.13597043923793484, ""603629"": 0.03299951795232008, ""688008"": 0.05646613555584361, ""688676"": 0.040822181226208974}",0.0,False,s1_stable_all7_30_vol_target,f4,False
2025-06-24,0.0098019358715741,0.0,0.0098019358715741,1.11056050061438,0.0,0.7506585815972001,0.24934141840279975,0.0,12,"[""002281"", ""002594"", ""300017"", ""300133"", ""300408"", ""301291"", ""600938"", ""601899"", ""601939"", ""603629"", ""688008"", ""688676""]","{""002281"": 0.05896651739290316, ""002594"": 0.05325532443421998, ""300017"": 0.04095588406383956, ""300133"": 0.04646916068452896, ""300408"": 0.08139759513058191, ""301291"": 0.049112247816055686, ""515180"": 0.25062958419429293, ""600938"": 0.09089804271358669, ""601899"": 0.06205736959768361, ""601939"": 0.13597043923793484, ""603629"": 0.03299951795232008, ""688008"": 0.05646613555584361, ""688676"": 0.040822181226208974}","{""002281"": 0.05973447109060366, ""002594"": 0.05343456470495772, ""300017"": 0.04188460850709828, ""300133"": 0.04972123162200711, ""300408"": 0.08115279762481634, ""301291"": 0.05032742949366459, ""515180"": 0.24934141840279975, ""600938"": 0.08618072543496409, ""601899"": 0.061384475368348144, ""601939"": 0.1361616631824898, ""603629"": 0.03360324823586057, ""688008"": 0.05581106640726456, ""688676"": 0.04126229992512529}",0.0,False,s1_stable_all7_30_vol_target,f4,False
2025-06-25,0.016212215124433736,0.0,0.016212215124433736,1.1285651463590392,0.0,0.7540732769935694,0.2459267230064305,0.0,12,"[""002281"", ""002594"", ""300017"", ""300133"", ""300408"", ""301291"", ""600938"", ""601899"", ""601939"", ""603629"", ""688008"", ""688676""]","{""002281"": 0.05973447109060366, ""002594"": 0.05343456470495772, ""300017"": 0.04188460850709828, ""300133"": 0.04972123162200711, ""300408"": 0.08115279762481634, ""301291"": 0.05032742949366459, ""515180"": 0.24934141840279975, ""600938"": 0.08618072543496409, ""601899"": 0.061384475368348144, ""601939"": 0.1361616631824898, ""603629"": 0.03360324823586057, ""688008"": 0.05581106640726456, ""688676"": 0.04126229992512529}","{""002281"": 0.06533543217699647, ""002594"": 0.053326287177762464, ""300017"": 0.04247941467636352, ""300133"": 0.04840742048653214, ""300408"": 0.08120987234761669, ""301291"": 0.051678342021752484, ""515180"": 0.2459267230064305, ""600938"": 0.0850504336118487, ""601899"": 0.06092560885308265, ""601939"": 0.134732875085742, ""603629"": 0.03403886765774422, ""688008"": 0.0551873334547277, ""688676"": 0.04170138944340034}",0.0,False,s1_stable_all7_30_vol_target,f4,False
2025-06-26,0.006706545110383022,0.0,0.006706545110383022,1.136133919423102,0.0,0.7542197706059952,0.24578022939400476,0.0,12,"[""002281"", ""002594"", ""300017"", ""300133"", ""300408"", ""301291"", ""600938"", ""601899"", ""601939"", ""603629"", ""688008"", ""688676""]","{""002281"": 0.06533543217699647, ""002594"": 0.053326287177762464, ""300017"": 0.04247941467636352, ""300133"": 0.04840742048653214, ""300408"": 0.08120987234761669, ""301291"": 0.051678342021752484, ""515180"": 0.2459267230064305, ""600938"": 0.0850504336118487, ""601899"": 0.06092560885308265, ""601939"": 0.134732875085742, ""603629"": 0.03403886765774422, ""688008"": 0.0551873334547277, ""688676"": 0.04170138944340034}","{""002281"": 0.06471108101106081, ""002594"": 0.05271001771797953, ""300017"": 0.04240552267603529, ""300133"": 0.048084936689494144, ""300408"": 0.08125266583248456, ""301291"": 0.051491574508523555, ""515180"": 0.24578022939400476, ""600938"": 0.08496977720325251, ""601899"": 0.061622595799284516, ""601939"": 0.1348692360626248, ""603629"": 0.03430357957358252, ""688008"": 0.05592101150276757, ""688676"": 0.04187777202890543}",0.0,False,s1_stable_all7_30_vol_target,f4,False
2025-06-27,-0.0011224300004087214,0.0,-0.0011224300004087214,1.1348586886274596,0.0,0.7533835218068876,0.24661647819311228,0.0,12,"[""002281"", ""002594"", ""300017"", ""300133"", ""300408"", ""301291"", ""600938"", ""601899"", ""601939"", ""603629"", ""688008"", ""688676""]","{""002281"": 0.06471108101106081, ""002594"": 0.05271001771797953, ""300017"": 0.04240552267603529, ""300133"": 0.048084936689494144, ""300408"": 0.08125266583248456, ""301291"": 0.051491574508523555, ""515180"": 0.24578022939400476, ""600938"": 0.08496977720325251, ""601899"": 0.061622595799284516, ""601939"": 0.1348692360626248, ""603629"": 0.03430357957358252, ""688008"": 0.05592101150276757, ""688676"": 0.04187777202890543}","{""002281"": 0.0651894556256104, ""002594"": 0.051165923210567676, ""300017"": 0.04270437560087935, ""300133"": 0.04800954608575846, ""300408"": 0.08020046226325352, ""301291"": 0.0510763839901054, ""515180"": 0.24661647819311228, ""600938"": 0.08544749467412821, ""601899"": 0.06272693856809608, ""601939"": 0.13561227046975202, ""603629"": 0.03437537124620426, ""688008"": 0.055600044738256096, ""688676"": 0.04127525533427619}",0.0,False,s1_stable_all7_30_vol_target,f4,False
2025-06-30,0.0018565585618687563,0.0,0.0018565585618687563,1.1369656202423422,0.0,0.7551449342141086,0.24485506578589133,0.0,12,"[""002281"", ""002594"", ""300017"", ""300133"", ""300408"", ""301291"", ""600938"", ""601899"", ""601939"", ""603629"", ""688008"", ""688676""]","{""002281"": 0.0651894556256104, ""002594"": 0.051165923210567676, ""300017"": 0.04270437560087935, ""300133"": 0.04800954608575846, ""300408"": 0.08020046226325352, ""301291"": 0.0510763839901054, ""515180"": 0.24661647819311228, ""600938"": 0.08544749467412821, ""601899"": 0.06272693856809608, ""601939"": 0.13561227046975202, ""603629"": 0.03437537124620426, ""688008"": 0.055600044738256096, ""688676"": 0.04127525533427619}","{""002281"": 0.06532509334502466, ""002594"": 0.05110836755169095, ""300017"": 0.042708818248498454, ""300133"": 0.048824862458896494, ""300408"": 0.08083813044855771, ""301291"": 0.05326391031750224, ""515180"": 0.24485506578589133, ""600938"": 0.08456077617176805, ""601899"": 0.06460817915917956, ""601939"": 0.13196624002539023, ""603629"": 0.034515194677336485, ""688008"": 0.05573383271153254, ""688676"": 0.04169152909873117}",0.0,False,s1_stable_all7_30_vol_target,f4,False
2025-07-01,0.006346073926744244,0.0,0.006346073926744244,1.1441808881205666,0.0,0.7563186674115746,0.24368133258842525,0.0,12,"[""002281"", ""002594"", ""300017"", ""300133"", ""300408"", ""301291"", ""600938"", ""601899"", ""601939"", ""603629"", ""688008"", ""688676""]","{""002281"": 0.06532509334502466, ""002594"": 0.05110836755169095, ""300017"": 0.042708818248498454, ""300133"": 0.048824862458896494, ""300408"": 0.08083813044855771, ""301291"": 0.05326391031750224, ""515180"": 0.24485506578589133, ""600938"": 0.08456077617176805, ""601899"": 0.06460817915917956, ""601939"": 0.13196624002539023, ""603629"": 0.034515194677336485, ""688008"": 0.05573383271153254, ""688676"": 0.04169152909873117}","{""002281"": 0.06548985743314414, ""002594"": 0.05017792540511883, ""300017"": 0.042937805166750075, ""300133"": 0.048260232673525645, ""300408"": 0.08277316980421798, ""301291"": 0.052745559667721646, ""515180"": 0.24368133258842525, ""600938"": 0.08395859971973185, ""601899"": 0.06389275704837695, ""601939"": 0.1331873773609907, ""603629"": 0.034581117869834956, ""688008"": 0.056344448383749114, ""688676"": 0.041969816878412725}",0.0,False,s1_stable_all7_30_vol_target,f4,False
2025-07-02,0.002320178545785945,0.0,0.002320178545785945,1.1468355920696824,0.0,0.7552200868418064,0.24477991315819345,0.0,12,"[""002281"", ""002594"", ""300017"", ""300133"", ""300408"", ""301291"", ""600938"", ""601899"", ""601939"", ""603629"", ""688008"", ""688676""]","{""002281"": 0.06548985743314414, ""002594"": 0.05017792540511883, ""300017"": 0.042937805166750075, ""300133"": 0.048260232673525645, ""300408"": 0.08277316980421798, ""301291"": 0.052745559667721646, ""515180"": 0.24368133258842525, ""600938"": 0.08395859971973185, ""601899"": 0.06389275704837695, ""601939"": 0.1331873773609907, ""603629"": 0.034581117869834956, ""688008"": 0.056344448383749114, ""688676"": 0.041969816878412725}","{""002281"": 0.06425441927716533, ""002594"": 0.05032358657144008, ""300017"": 0.042092676015263716, ""300133"": 0.0480844837095599, ""300408"": 0.08132427211132617, ""301291"": 0.05132315585875818, ""515180"": 0.24477991315819345, ""600938"": 0.08400495357273485, ""601899"": 0.06446185920934366, ""601939"": 0.1369762155528412, ""603629"": 0.03423569325966905, ""688008"": 0.05594471158727976, ""688676"": 0.04219406011642447}",0.0,False,s1_stable_all7_30_vol_target,f4,False
2025-07-03,0.0006563874239259879,0.0,0.0006563874239259879,1.1475883605296278,0.0,0.7537190865222614,0.2462809134777384,0.0,12,"[""002281"", ""002594"", ""300017"", ""300133"", ""300408"", ""301291"", ""600938"", ""601899"", ""601939"", ""603629"", ""688008"", ""688676""]","{""002281"": 0.06425441927716533, ""002594"": 0.05032358657144008, ""300017"": 0.042092676015263716, ""300133"": 0.0480844837095599, ""300408"": 0.08132427211132617, ""301291"": 0.05132315585875818, ""515180"": 0.24477991315819345, ""600938"": 0.08400495357273485, ""601899"": 0.06446185920934366, ""601939"": 0.1369762155528412, ""603629"": 0.03423569325966905, ""688008"": 0.05594471158727976, ""688676"": 0.04219406011642447}","{""002281"": 0.06311576839392463, ""002594"": 0.05013368375130972, ""300017"": 0.041692441427989016, ""300133"": 0.04798894856525054, ""300408"": 0.08079346868262607, ""301291"": 0.0512764955321762, ""515180"": 0.2462809134777384, ""600938"": 0.0846027550427701, ""601899"": 0.06602324027819115, ""601939"": 0.13717882605151746, ""603629"": 0.033930500217858046, ""688008"": 0.055266234210680776, ""688676"": 0.041716724367967646}",0.0,False,s1_stable_all7_30_vol_target,f4,False
2025-07-04,0.002726872280322267,0.0,0.002726872280322267,1.1507176874191765,0.0,0.7540206041664497,0.2459793958335502,0.0,12,"[""002281"", ""002594"", ""300017"", ""300133"", ""300408"", ""301291"", ""600938"", ""601899"", ""601939"", ""603629"", ""688008"", ""688676""]","{""002281"": 0.06311576839392463, ""002594"": 0.05013368375130972, ""300017"": 0.041692441427989016, ""300133"": 0.04798894856525054, ""300408"": 0.08079346868262607, ""301291"": 0.0512764955321762, ""515180"": 0.2462809134777384, ""600938"": 0.0846027550427701, ""601899"": 0.06602324027819115, ""601939"": 0.13717882605151746, ""603629"": 0.033930500217858046, ""688008"": 0.055266234210680776, ""688676"": 0.041716724367967646}","{""002281"": 0.06390429245793142, ""002594"": 0.050238028979184085, ""300017"": 0.041909380883504516, ""300133"": 0.04779462493012023, ""300408"": 0.08177668433467389, ""301291"": 0.04997072222680488, ""515180"": 0.2459793958335502, ""600938"": 0.08399571177762669, ""601899"": 0.06482286048844996, ""601939"": 0.13636827569977927, ""603629"": 0.035746423079077064, ""688008"": 0.056031258617896484, ""688676"": 0.041462340691401166}",0.0,False,s1_stable_all7_30_vol_target,f4,False
2025-07-07,-0.0008736022513980782,0.0,-0.0008736022513980782,1.1497124178567235,0.0,0.7525155870263633,0.24748441297363657,0.0,12,"[""002281"", ""002594"", ""300017"", ""300133"", ""300408"", ""301291"", ""600938"", ""601899"", ""601939"", ""603629"", ""688008"", ""688676""]","{""002281"": 0.06390429245793142, ""002594"": 0.050238028979184085, ""300017"": 0.041909380883504516, ""300133"": 0.04779462493012023, ""300408"": 0.08177668433467389, ""301291"": 0.04997072222680488, ""515180"": 0.2459793958335502, ""600938"": 0.08399571177762669, ""601899"": 0.06482286048844996, ""601939"": 0.13636827569977927, ""603629"": 0.035746423079077064, ""688008"": 0.056031258617896484, ""688676"": 0.041462340691401166}","{""002281"": 0.06281230208099786, ""002594"": 0.04976792953784832, ""300017"": 0.041863372759344, ""300133"": 0.04751703707618368, ""300408"": 0.0813966939237569, ""301291"": 0.04980688623962698, ""515180"": 0.24748441297363657, ""600938"": 0.08382905519525961, ""601899"": 0.06450490688916766, ""601939"": 0.13721731318408073, ""603629"": 0.036543374240275324, ""688008"": 0.05550164906573277, ""688676"": 0.04175506683408946}",0.0,False,s1_stable_all7_30_vol_target,f4,False
2025-07-08,-0.0051547178930728054,0.0,-0.0051547178930728054,1.1437859746845096,0.0,0.750121871972873,0.24987812802712692,0.0,12,"[""002281"", ""002594"", ""300017"", ""300133"", ""300408"", ""301291"", ""600938"", ""601899"", ""601939"", ""603629"", ""688008"", ""688676""]","{""002281"": 0.06281230208099786, ""002594"": 0.04976792953784832, ""300017"": 0.041863372759344, ""300133"": 0.04751703707618368, ""300408"": 0.0813966939237569, ""301291"": 0.04980688623962698, ""515180"": 0.24748441297363657, ""600938"": 0.08382905519525961, ""601899"": 0.06450490688916766, ""601939"": 0.13721731318408073, ""603629"": 0.036543374240275324, ""688008"": 0.05550164906573277, ""688676"": 0.04175506683408946}","{""002281"": 0.06265476763444226, ""002594"": 0.049685968742688026, ""300017"": 0.041623341881178895, ""300133"": 0.04757062350813481, ""300408"": 0.07886853334947853, ""301291"": 0.049895466229392435, ""515180"": 0.24987812802712692, ""600938"": 0.08374624434821512, ""601899"": 0.06453102862811838, ""601939"": 0.1374881447718396, ""603629"": 0.036354486618609405, ""688008"": 0.05533225586098468, ""688676"": 0.04237101039979077}",0.0,False,s1_stable_all7_30_vol_target,f4,False
2025-07-09,0.009895685663531198,0.0,0.009895685663531198,1.1551045211563433,0.0,0.7522035237728941,0.2477964762271057,0.0,12,"[""002281"", ""002594"", ""300017"", ""300133"", ""300408"", ""301291"", ""600938"", ""601899"", ""601939"", ""603629"", ""688008"", ""688676""]","{""002281"": 0.06265476763444226, ""002594"": 0.049685968742688026, ""300017"": 0.041623341881178895, ""300133"": 0.04757062350813481, ""300408"": 0.07886853334947853, ""301291"": 0.049895466229392435, ""515180"": 0.24987812802712692, ""600938"": 0.08374624434821512, ""601899"": 0.06453102862811838, ""601939"": 0.1374881447718396, ""603629"": 0.036354486618609405, ""688008"": 0.05533225586098468, ""688676"": 0.04237101039979077}","{""002281"": 0.06267850984946315, ""002594"": 0.04918398108042953, ""300017"": 0.04240834976182221, ""300133"": 0.048121730585958325, ""300408"": 0.07929408415161178, ""301291"": 0.051330143892761824, ""515180"": 0.2477964762271057, ""600938"": 0.08323289673566711, ""601899"": 0.06396650414498856, ""601939"": 0.13570509989974985, ""603629"": 0.03666892597870037, ""688008"": 0.05620239780555168, ""688676"": 0.04341089988618969}",0.0,False,s1_stable_all7_30_vol_target,f4,False
2025-07-10,-0.0014498309279863406,0.0,-0.0014498309279863406,1.153429814896514,0.0,0.751292688978812,0.24870731102118782,0.0,12,"[""002281"", ""002594"", ""300017"", ""300133"", ""300408"", ""301291"", ""600938"", ""601899"", ""601939"", ""603629"", ""688008"", ""688676""]","{""002281"": 0.06267850984946315, ""002594"": 0.04918398108042953, ""300017"": 0.04240834976182221, ""300133"": 0.048121730585958325, ""300408"": 0.07929408415161178, ""301291"": 0.051330143892761824, ""515180"": 0.2477964762271057, ""600938"": 0.08323289673566711, ""601899"": 0.06396650414498856, ""601939"": 0.13570509989974985, ""603629"": 0.03666892597870037, ""688008"": 0.05620239780555168, ""688676"": 0.04341089988618969}","{""002281"": 0.06290255766835604, ""002594"": 0.04908873534472648, ""300017"": 0.04209918748639093, ""300133"": 0.04914664584426269, ""300408"": 0.07848413587036553, ""301291"": 0.05162446056345837, ""515180"": 0.24870731102118782, ""600938"": 0.08352469255012036, ""601899"": 0.060766448941144365, ""601939"": 0.13764801406786586, ""603629"": 0.03712776804300824, ""688008"": 0.05541889517950095, ""688676"": 0.04346114741961215}",0.0,False,s1_stable_all7_30_vol_target,f4,False
2025-07-11,0.0011560100204184014,0.0,0.0011560100204184014,1.1547631913203837,0.0,0.749561680887394,0.25043831911260567,0.0,12,"[""002281"", ""002594"", ""300017"", ""300133"", ""300408"", ""301291"", ""600938"", ""601899"", ""601939"", ""603629"", ""688008"", ""688676""]","{""002281"": 0.06290255766835604, ""002594"": 0.04908873534472648, ""300017"": 0.04209918748639093, ""300133"": 0.04914664584426269, ""300408"": 0.07848413587036553, ""301291"": 0.05162446056345837, ""515180"": 0.24870731102118782, ""600938"": 0.08352469255012036, ""601899"": 0.060766448941144365, ""601939"": 0.13764801406786586, ""603629"": 0.03712776804300824, ""688008"": 0.05541889517950095, ""688676"": 0.04346114741961215}","{""002281"": 0.06146116880432946, ""002594"": 0.04812864711591915, ""300017"": 0.04126881441122715, ""300133"": 0.049153493618819454, ""300408"": 0.07791902053697566, ""301291"": 0.051358230087859794, ""515180"": 0.25043831911260567, ""600938"": 0.08662126595282621, ""601899"": 0.060594557814611975, ""601939"": 0.13821568495507341, ""603629"": 0.03638353860793729, ""688008"": 0.05504629507147875, ""688676"": 0.043410963910335776}",0.0,False,s1_stable_all7_30_vol_target,f4,False
2025-07-14,0.0005391648112295176,0.0,0.0005391648112295176,1.1553857989984468,0.0,0.7509802426502302,0.24901975734976944,0.0,12,"[""002281"", ""002594"", ""300017"", ""300133"", ""300408"", ""301291"", ""600938"", ""601899"", ""601939"", ""603629"", ""688008"", ""688676""]","{""002281"": 0.06146116880432946, ""002594"": 0.04812864711591915, ""300017"": 0.04126881441122715, ""300133"": 0.049153493618819454, ""300408"": 0.07791902053697566, ""301291"": 0.051358230087859794, ""515180"": 0.25043831911260567, ""600938"": 0.08662126595282621, ""601899"": 0.060594557814611975, ""601939"": 0.13821568495507341, ""603629"": 0.03638353860793729, ""688008"": 0.05504629507147875, ""688676"": 0.043410963910335776}","{""002281"": 0.06157414810538368, ""002594"": 0.048715047325801585, ""300017"": 0.04095871326638589, ""300133"": 0.04957193948864044, ""300408"": 0.0783512679381567, ""301291"": 0.051937176551078136, ""515180"": 0.24901975734976944, ""600938"": 0.08517519586346671, ""601899"": 0.06184973506656922, ""601939"": 0.13654352429242972, ""603629"": 0.03597425669429545, ""688008"": 0.056558846950979416, ""688676"": 0.04377039110704326}",0.0,False,s1_stable_all7_30_vol_target,f4,False
2025-07-15,0.0009532559737979486,0.0,0.0009532559737979486,1.1564871774133834,0.0,0.7495686160102114,0.2504313839897882,0.0,12,"[""002281"", ""002594"", ""300017"", ""300133"", ""300408"", ""301291"", ""600938"", ""601899"", ""601939"", ""603629"", ""688008"", ""688676""]","{""002281"": 0.06157414810538368, ""002594"": 0.048715047325801585, ""300017"": 0.04095871326638589, ""300133"": 0.04957193948864044, ""300408"": 0.0783512679381567, ""301291"": 0.051937176551078136, ""515180"": 0.24901975734976944, ""600938"": 0.08517519586346671, ""601899"": 0.06184973506656922, ""601939"": 0.13654352429242972, ""603629"": 0.03597425669429545, ""688008"": 0.056558846950979416, ""688676"": 0.04377039110704326}","{""002281"": 0.06236472993424919, ""002594"": 0.0477972728711905, ""300017"": 0.04096079035437985, ""300133"": 0.04819120067039858, ""300408"": 0.07842626635433447, ""301291"": 0.053409272499330834, ""515180"": 0.2504313839897882, ""600938"": 0.08471899031405802, ""601899"": 0.061079814786657444, ""601939"": 0.13655859261519343, ""603629"": 0.035692059635630054, ""688008"": 0.05625846384839465, ""688676"": 0.044111162126394425}",0.0,False,s1_stable_all7_30_vol_target,f4,False
2025-07-16,0.00384952911724521,0.0,0.00384952911724521,1.1609391084765568,0.0,0.7532663911272908,0.24673360887270904,0.0,12,"[""002281"", ""002594"", ""300017"", ""300133"", ""300408"", ""301291"", ""600938"", ""601899"", ""601939"", ""603629"", ""688008"", ""688676""]","{""002281"": 0.06236472993424919, ""002594"": 0.0477972728711905, ""300017"": 0.04096079035437985, ""300133"": 0.04819120067039858, ""300408"": 0.07842626635433447, ""301291"": 0.053409272499330834, ""515180"": 0.2504313839897882, ""600938"": 0.08471899031405802, ""601899"": 0.061079814786657444, ""601939"": 0.13655859261519343, ""603629"": 0.035692059635630054, ""688008"": 0.05625846384839465, ""688676"": 0.044111162126394425}","{""002281"": 0.06446519846684297, ""002594"": 0.04835293235573291, ""300017"": 0.042440775054322796, ""300133"": 0.047690109283781645, ""300408"": 0.0780758391048002, ""301291"": 0.053615504013962305, ""515180"": 0.24673360887270904, ""600938"": 0.083884588996415, ""601899"": 0.06111541314789804, ""601939"": 0.13458943372660118, ""603629"": 0.037570076822059935, ""688008"": 0.0580959976228074, ""688676"": 0.04337052253206634}",0.0,False,s1_stable_all7_30_vol_target,f4,False
2025-07-17,-0.0008048137140576269,0.00035131139071388777,-0.0011561251047715146,1.159596917628136,0.23500376739326795,0.75,0.25,0.0,12,"[""002281"", ""002594"", ""300017"", ""300133"", ""301291"", ""600900"", ""601012"", ""601899"", ""601939"", ""603629"", ""688008"", ""688676""]","{""002281"": 0.06446519846684297, ""002594"": 0.04835293235573291, ""300017"": 0.042440775054322796, ""300133"": 0.047690109283781645, ""300408"": 0.0780758391048002, ""301291"": 0.053615504013962305, ""515180"": 0.24673360887270904, ""600938"": 0.083884588996415, ""601899"": 0.06111541314789804, ""601939"": 0.13458943372660118, ""603629"": 0.037570076822059935, ""688008"": 0.0580959976228074, ""688676"": 0.04337052253206634}","{""002281"": 0.04173466363693276, ""002594"": 0.057051620106324565, ""300017"": 0.0574933384763791, ""300133"": 0.05391144232228172, ""301291"": 0.05016745992868455, ""515180"": 0.25, ""600900"": 0.12353527534565031, ""601012"": 0.06478574226225146, ""601899"": 0.052913547305353185, ""601939"": 0.09736469601539302, ""603629"": 0.04189500783939504, ""688008"": 0.05586943277090433, ""688676"": 0.053277773990449966}",0.0,False,s1_stable_all7_30_vol_target,f4,False
2025-07-18,0.008429436552109551,0.0,0.008429436552109551,1.1693716662713043,0.0,0.7522737899938914,0.24772621000610853,0.0,12,"[""002281"", ""002594"", ""300017"", ""300133"", ""301291"", ""600900"", ""601012"", ""601899"", ""601939"", ""603629"", ""688008"", ""688676""]","{""002281"": 0.04173466363693276, ""002594"": 0.057051620106324565, ""300017"": 0.0574933384763791, ""300133"": 0.05391144232228172, ""301291"": 0.05016745992868455, ""515180"": 0.25, ""600900"": 0.12353527534565031, ""601012"": 0.06478574226225146, ""601899"": 0.052913547305353185, ""601939"": 0.09736469601539302, ""603629"": 0.04189500783939504, ""688008"": 0.05586943277090433, ""688676"": 0.053277773990449966}","{""002281"": 0.043399690993000895, ""002594"": 0.05730464822025282, ""300017"": 0.057955570992852055, ""300133"": 0.05644703746144832, ""301291"": 0.04984129445000038, ""515180"": 0.24772621000610853, ""600900"": 0.1223012399672936, ""601012"": 0.0639265523904325, ""601899"": 0.05264508606203979, ""601939"": 0.09613604517373754, ""603629"": 0.04211938952895785, ""688008"": 0.05612563928555287, ""688676"": 0.05407159546832279}",0.0,False,s1_stable_all7_30_vol_target,f4,False
2025-07-21,-0.0007518462585908161,0.0,-0.0007518462585908161,1.1684924785591162,0.0,0.75042973555845,0.24957026444154992,0.0,12,"[""002281"", ""002594"", ""300017"", ""300133"", ""301291"", ""600900"", ""601012"", ""601899"", ""601939"", ""603629"", ""688008"", ""688676""]","{""002281"": 0.043399690993000895, ""002594"": 0.05730464822025282, ""300017"": 0.057955570992852055, ""300133"": 0.05644703746144832, ""301291"": 0.04984129445000038, ""515180"": 0.24772621000610853, ""600900"": 0.1223012399672936, ""601012"": 0.0639265523904325, ""601899"": 0.05264508606203979, ""601939"": 0.09613604517373754, ""603629"": 0.04211938952895785, ""688008"": 0.05612563928555287, ""688676"": 0.05407159546832279}","{""002281"": 0.04273707587716921, ""002594"": 0.05714603618205737, ""300017"": 0.05766616782609027, ""300133"": 0.0554221923067902, ""301291"": 0.04845668461284469, ""515180"": 0.24957026444154992, ""600900"": 0.12307941791624429, ""601012"": 0.06397465149280201, ""601899"": 0.05375752777533743, ""601939"": 0.09610460561893952, ""603629"": 0.04050886149665493, ""688008"": 0.05574019141911748, ""688676"": 0.0558363230344026}",0.0,False,s1_stable_all7_30_vol_target,f4,False
2025-07-22,0.00412309872444238,0.0,0.00412309872444238,1.1733102884069837,0.0,0.7485196586808879,0.2514803413191121,0.0,12,"[""002281"", ""002594"", ""300017"", ""300133"", ""301291"", ""600900"", ""601012"", ""601899"", ""601939"", ""603629"", ""688008"", ""688676""]","{""002281"": 0.04273707587716921, ""002594"": 0.05714603618205737, ""300017"": 0.05766616782609027, ""300133"": 0.0554221923067902, ""301291"": 0.04845668461284469, ""515180"": 0.24957026444154992, ""600900"": 0.12307941791624429, ""601012"": 0.06397465149280201, ""601899"": 0.05375752777533743, ""601939"": 0.09610460561893952, ""603629"": 0.04050886149665493, ""688008"": 0.05574019141911748, ""688676"": 0.0558363230344026}","{""002281"": 0.0421847063054124, ""002594"": 0.058146922435583635, ""300017"": 0.05720828599419043, ""300133"": 0.0543442722427735, ""301291"": 0.04873367342303922, ""515180"": 0.2514803413191121, ""600900"": 0.12154902374098152, ""601012"": 0.06442426842468826, ""601899"": 0.05457633962980829, ""601939"": 0.09457316301989763, ""603629"": 0.04029068022363832, ""688008"": 0.054607049001118534, ""688676"": 0.057881274239756156}",0.0,False,s1_stable_all7_30_vol_target,f4,False
2025-07-23,0.007741899436640193,0.0,0.007741899436640193,1.182393938667806,0.0,0.7448090409120592,0.25519095908794065,0.0,12,"[""002281"", ""002594"", ""300017"", ""300133"", ""301291"", ""600900"", ""601012"", ""601899"", ""601939"", ""603629"", ""688008"", ""688676""]","{""002281"": 0.0421847063054124, ""002594"": 0.058146922435583635, ""300017"": 0.05720828599419043, ""300133"": 0.0543442722427735, ""301291"": 0.04873367342303922, ""515180"": 0.2514803413191121, ""600900"": 0.12154902374098152, ""601012"": 0.06442426842468826, ""601899"": 0.05457633962980829, ""601939"": 0.09457316301989763, ""603629"": 0.04029068022363832, ""688008"": 0.054607049001118534, ""688676"": 0.057881274239756156}","{""002281"": 0.04146054477592866, ""002594"": 0.058939898994296386, ""300017"": 0.05611059890484451, ""300133"": 0.05364550507095299, ""301291"": 0.04908501553378341, ""515180"": 0.25519095908794065, ""600900"": 0.12040332965929056, ""601012"": 0.06542154199080097, ""601899"": 0.055618442122969264, ""601939"": 0.09241086445401116, ""603629"": 0.03917904837742272, ""688008"": 0.053797396793444106, ""688676"": 0.05873685423431451}",0.0,False,s1_stable_all7_30_vol_target,f4,False
2025-07-24,-0.011172541770769305,0.0,-0.011172541770769305,1.1691835929985355,0.0,0.744318680669107,0.2556813193308929,0.0,12,"[""002281"", ""002594"", ""300017"", ""300133"", ""301291"", ""600900"", ""601012"", ""601899"", ""601939"", ""603629"", ""688008"", ""688676""]","{""002281"": 0.04146054477592866, ""002594"": 0.058939898994296386, ""300017"": 0.05611059890484451, ""300133"": 0.05364550507095299, ""301291"": 0.04908501553378341, ""515180"": 0.25519095908794065, ""600900"": 0.12040332965929056, ""601012"": 0.06542154199080097, ""601899"": 0.055618442122969264, ""601939"": 0.09241086445401116, ""603629"": 0.03917904837742272, ""688008"": 0.053797396793444106, ""688676"": 0.05873685423431451}","{""002281"": 0.04185863283432791, ""002594"": 0.05889703127112099, ""300017"": 0.057077392882722615, ""300133"": 0.05375384706382207, ""301291"": 0.04861443756955929, ""515180"": 0.2556813193308929, ""600900"": 0.12082083190156188, ""601012"": 0.06461194497163315, ""601899"": 0.05500079603757248, ""601939"": 0.09449211551403612, ""603629"": 0.03979199735377801, ""688008"": 0.05445784774066057, ""688676"": 0.05494180552831193}",0.0,False,s1_stable_all7_30_vol_target,f4,False
2025-07-25,0.007639060409891616,0.0,0.007639060409891616,1.1781150570957055,0.0,0.7453436368913953,0.25465636310860457,0.0,12,"[""002281"", ""002594"", ""300017"", ""300133"", ""301291"", ""600900"", ""601012"", ""601899"", ""601939"", ""603629"", ""688008"", ""688676""]","{""002281"": 0.04185863283432791, ""002594"": 0.05889703127112099, ""300017"": 0.057077392882722615, ""300133"": 0.05375384706382207, ""301291"": 0.04861443756955929, ""515180"": 0.2556813193308929, ""600900"": 0.12082083190156188, ""601012"": 0.06461194497163315, ""601899"": 0.05500079603757248, ""601939"": 0.09449211551403612, ""603629"": 0.03979199735377801, ""688008"": 0.05445784774066057, ""688676"": 0.05494180552831193}","{""002281"": 0.041366716423431524, ""002594"": 0.058962837020034534, ""300017"": 0.05818603260161181, ""300133"": 0.054334356930778434, ""301291"": 0.04769093527945284, ""515180"": 0.25465636310860457, ""600900"": 0.11850123148978566, ""601012"": 0.06652619885219448, ""601899"": 0.0544687924779704, ""601939"": 0.09233479471346294, ""603629"": 0.039809517976412453, ""688008"": 0.054182038917753785, ""688676"": 0.05898018420850643}",0.0,False,s1_stable_all7_30_vol_target,f4,False
2025-07-28,-0.006419675966871446,0.0,-0.006419675966871446,1.170551940177459,0.0,0.745720729868612,0.2542792701313878,0.0,12,"[""002281"", ""002594"", ""300017"", ""300133"", ""301291"", ""600900"", ""601012"", ""601899"", ""601939"", ""603629"", ""688008"", ""688676""]","{""002281"": 0.041366716423431524, ""002594"": 0.058962837020034534, ""300017"": 0.05818603260161181, ""300133"": 0.054334356930778434, ""301291"": 0.04769093527945284, ""515180"": 0.25465636310860457, ""600900"": 0.11850123148978566, ""601012"": 0.06652619885219448, ""601899"": 0.0544687924779704, ""601939"": 0.09233479471346294, ""603629"": 0.039809517976412453, ""688008"": 0.054182038917753785, ""688676"": 0.05898018420850643}","{""002281"": 0.043487711792671684, ""002594"": 0.058801685497051684, ""300017"": 0.05911602110764373, ""300133"": 0.05496953660490793, ""301291"": 0.046847096009113395, ""515180"": 0.2542792701313878, ""600900"": 0.11879598325641623, ""601012"": 0.0650520718225477, ""601899"": 0.05409711336267439, ""601939"": 0.09282779320016563, ""603629"": 0.03996516111115288, ""688008"": 0.05511667630889397, ""688676"": 0.05664387979537278}",0.0,False,s1_stable_all7_30_vol_target,f4,False
2025-07-29,-0.0006118394011391337,0.0,-0.0006118394011391337,1.1698357503793784,0.0,0.7477727350133344,0.2522272649866655,0.0,12,"[""002281"", ""002594"", ""300017"", ""300133"", ""301291"", ""600900"", ""601012"", ""601899"", ""601939"", ""603629"", ""688008"", ""688676""]","{""002281"": 0.043487711792671684, ""002594"": 0.058801685497051684, ""300017"": 0.05911602110764373, ""300133"": 0.05496953660490793, ""301291"": 0.046847096009113395, ""515180"": 0.2542792701313878, ""600900"": 0.11879598325641623, ""601012"": 0.0650520718225477, ""601899"": 0.05409711336267439, ""601939"": 0.09282779320016563, ""603629"": 0.03996516111115288, ""688008"": 0.05511667630889397, ""688676"": 0.05664387979537278}","{""002281"": 0.045272490550528566, ""002594"": 0.059204091287331076, ""300017"": 0.058486958260534516, ""300133"": 0.0552164079289842, ""301291"": 0.04707371192549567, ""515180"": 0.2522272649866655, ""600900"": 0.11826901381230143, ""601012"": 0.06513158779167019, ""601899"": 0.05381164887452786, ""601939"": 0.09309193228483605, ""603629"": 0.04020944248147355, ""688008"": 0.05584048982270955, ""688676"": 0.056164959992941715}",0.0,False,s1_stable_all7_30_vol_target,f4,False
2025-07-30,-0.0034102434913804457,0.0,-0.0034102434913804457,1.165846325625663,0.0,0.7469096352441947,0.25309036475580504,0.0,12,"[""002281"", ""002594"", ""300017"", ""300133"", ""301291"", ""600900"", ""601012"", ""601899"", ""601939"", ""603629"", ""688008"", ""688676""]","{""002281"": 0.045272490550528566, ""002594"": 0.059204091287331076, ""300017"": 0.058486958260534516, ""300133"": 0.0552164079289842, ""301291"": 0.04707371192549567, ""515180"": 0.2522272649866655, ""600900"": 0.11826901381230143, ""601012"": 0.06513158779167019, ""601899"": 0.05381164887452786, ""601939"": 0.09309193228483605, ""603629"": 0.04020944248147355, ""688008"": 0.05584048982270955, ""688676"": 0.056164959992941715}","{""002281"": 0.04645944924403526, ""002594"": 0.0572996852369585, ""300017"": 0.05874272312486551, ""300133"": 0.05440693051773137, ""301291"": 0.046206680822375834, ""515180"": 0.25309036475580504, ""600900"": 0.11880266654813461, ""601012"": 0.0659916783868885, ""601899"": 0.05399578765795035, ""601939"": 0.09174634074905345, ""603629"": 0.03964976150884161, ""688008"": 0.05705373216717248, ""688676"": 0.05655419928018727}",0.0,False,s1_stable_all7_30_vol_target,f4,False
2025-07-31,-0.00374243629659924,0.0,-0.00374243629659924,1.1614832200203848,0.0,0.7457736064152972,0.2542263935847025,0.0,12,"[""002281"", ""002594"", ""300017"", ""300133"", ""301291"", ""600900"", ""601012"", ""601899"", ""601939"", ""603629"", ""688008"", ""688676""]","{""002281"": 0.04645944924403526, ""002594"": 0.0572996852369585, ""300017"": 0.05874272312486551, ""300133"": 0.05440693051773137, ""301291"": 0.046206680822375834, ""515180"": 0.25309036475580504, ""600900"": 0.11880266654813461, ""601012"": 0.0659916783868885, ""601899"": 0.05399578765795035, ""601939"": 0.09174634074905345, ""603629"": 0.03964976150884161, ""688008"": 0.05705373216717248, ""688676"": 0.05655419928018727}","{""002281"": 0.04608502643956619, ""002594"": 0.05759504151472312, ""300017"": 0.05795833207360702, ""300133"": 0.05489764521722245, ""301291"": 0.046110535144573285, ""515180"": 0.2542263935847025, ""600900"": 0.11829978863959435, ""601012"": 0.06500033205646355, ""601899"": 0.053936088856477105, ""601939"": 0.0933437819317711, ""603629"": 0.03933925173614976, ""688008"": 0.05720186061277387, ""688676"": 0.056005922192375435}",0.0,False,s1_stable_all7_30_vol_target,f4,False
2025-08-01,-0.009846463985412751,0.0,-0.009846463985412751,1.1500467173247928,0.0,0.7473625372521915,0.2526374627478083,0.0,12,"[""002281"", ""002594"", ""300017"", ""300133"", ""301291"", ""600900"", ""601012"", ""601899"", ""601939"", ""603629"", ""688008"", ""688676""]","{""002281"": 0.04608502643956619, ""002594"": 0.05759504151472312, ""300017"": 0.05795833207360702, ""300133"": 0.05489764521722245, ""301291"": 0.046110535144573285, ""515180"": 0.2542263935847025, ""600900"": 0.11829978863959435, ""601012"": 0.06500033205646355, ""601899"": 0.053936088856477105, ""601939"": 0.0933437819317711, ""603629"": 0.03933925173614976, ""688008"": 0.05720186061277387, ""688676"": 0.056005922192375435}","{""002281"": 0.046149863779436334, ""002594"": 0.056414804436115865, ""300017"": 0.061692632792278226, ""300133"": 0.05529897692633588, ""301291"": 0.04627298561438821, ""515180"": 0.2526374627478083, ""600900"": 0.11673112984538396, ""601012"": 0.06366843642819382, ""601899"": 0.053264569696698176, ""601939"": 0.09501009337398628, ""603629"": 0.039319327164452605, ""688008"": 0.056500512490954224, ""688676"": 0.057039204703967915}",0.0,False,s1_stable_all7_30_vol_target,f4,False
2025-08-04,0.004414535786004564,0.0,0.004414535786004564,1.1551236397140001,0.0,0.7490318616639071,0.2509681383360926,0.0,12,"[""002281"", ""002594"", ""300017"", ""300133"", ""301291"", ""600900"", ""601012"", ""601899"", ""601939"", ""603629"", ""688008"", ""688676""]","{""002281"": 0.046149863779436334, ""002594"": 0.056414804436115865, ""300017"": 0.061692632792278226, ""300133"": 0.05529897692633588, ""301291"": 0.04627298561438821, ""515180"": 0.2526374627478083, ""600900"": 0.11673112984538396, ""601012"": 0.06366843642819382, ""601899"": 0.053264569696698176, ""601939"": 0.09501009337398628, ""603629"": 0.039319327164452605, ""688008"": 0.056500512490954224, ""688676"": 0.057039204703967915}","{""002281"": 0.04432673072472781, ""002594"": 0.05565669522240575, ""300017"": 0.059681022879240306, ""300133"": 0.057791092481562896, ""301291"": 0.04612856745432445, ""515180"": 0.2509681383360926, ""600900"": 0.11669527353633426, ""601012"": 0.06342880085356872, ""601899"": 0.05440902224907556, ""601939"": 0.09459251134755445, ""603629"": 0.038169885284876505, ""688008"": 0.05418888625535693, ""688676"": 0.06396337337487952}",0.0,False,s1_stable_all7_30_vol_target,f4,False
2025-08-05,0.008308594275082024,0.0,0.008308594275082024,1.1647210933739398,0.0,0.7494368420342661,0.2505631579657337,0.0,12,"[""002281"", ""002594"", ""300017"", ""300133"", ""301291"", ""600900"", ""601012"", ""601899"", ""601939"", ""603629"", ""688008"", ""688676""]","{""002281"": 0.04432673072472781, ""002594"": 0.05565669522240575, ""300017"": 0.059681022879240306, ""300133"": 0.057791092481562896, ""301291"": 0.04612856745432445, ""515180"": 0.2509681383360926, ""600900"": 0.11669527353633426, ""601012"": 0.06342880085356872, ""601899"": 0.05440902224907556, ""601939"": 0.09459251134755445, ""603629"": 0.038169885284876505, ""688008"": 0.05418888625535693, ""688676"": 0.06396337337487952}","{""002281"": 0.04449123535990793, ""002594"": 0.055666750767367074, ""300017"": 0.05980173799300652, ""300133"": 0.055316110883971085, ""301291"": 0.04718687227748168, ""515180"": 0.2505631579657337, ""600900"": 0.11676625749963555, ""601012"": 0.06286627479145203, ""601899"": 0.05518243616640341, ""601939"": 0.09516648002349208, ""603629"": 0.038484463082616875, ""688008"": 0.0552539822373498, ""688676"": 0.06325424095158201}",0.0,False,s1_stable_all7_30_vol_target,f4,False
2025-08-06,0.004648297579531996,0.0,0.004648297579531996,1.1701350636130996,0.0,0.7476533270243382,0.2523466729756617,0.0,12,"[""002281"", ""002594"", ""300017"", ""300133"", ""301291"", ""600900"", ""601012"", ""601899"", ""601939"", ""603629"", ""688008"", ""688676""]","{""002281"": 0.04449123535990793, ""002594"": 0.055666750767367074, ""300017"": 0.05980173799300652, ""300133"": 0.055316110883971085, ""301291"": 0.04718687227748168, ""515180"": 0.2505631579657337, ""600900"": 0.11676625749963555, ""601012"": 0.06286627479145203, ""601899"": 0.05518243616640341, ""601939"": 0.09516648002349208, ""603629"": 0.038484463082616875, ""688008"": 0.0552539822373498, ""688676"": 0.06325424095158201}","{""002281"": 0.044496308347697376, ""002594"": 0.05539858995463878, ""300017"": 0.059580471551597305, ""300133"": 0.05470490203080335, ""301291"": 0.04710823190280976, ""515180"": 0.2523466729756617, ""600900"": 0.11601188137072359, ""601012"": 0.06293252594539393, ""601899"": 0.054405933474278016, ""601939"": 0.09586607033321562, ""603629"": 0.03862540694192519, ""688008"": 0.05557653032363602, ""688676"": 0.06294647484761924}",0.0,False,s1_stable_all7_30_vol_target,f4,False
2025-08-07,0.010706227249035824,0.0,0.010706227249035824,1.1826627955162066,0.0,0.7488705666349957,0.25112943336500404,0.0,12,"[""002281"", ""002594"", ""300017"", ""300133"", ""301291"", ""600900"", ""601012"", ""601899"", ""601939"", ""603629"", ""688008"", ""688676""]","{""002281"": 0.044496308347697376, ""002594"": 0.05539858995463878, ""300017"": 0.059580471551597305, ""300133"": 0.05470490203080335, ""301291"": 0.04710823190280976, ""515180"": 0.2523466729756617, ""600900"": 0.11601188137072359, ""601012"": 0.06293252594539393, ""601899"": 0.054405933474278016, ""601939"": 0.09586607033321562, ""603629"": 0.03862540694192519, ""688008"": 0.05557653032363602, ""688676"": 0.06294647484761924}","{""002281"": 0.0451988502280165, ""002594"": 0.054502305148195256, ""300017"": 0.060100915080667325, ""300133"": 0.05461753616309807, ""301291"": 0.046413434289169865, ""515180"": 0.25112943336500404, ""600900"": 0.11414742388935034, ""601012"": 0.06281552902248178, ""601899"": 0.05483230186180439, ""601939"": 0.09413286791407204, ""603629"": 0.03855058296864336, ""688008"": 0.05903782779407595, ""688676"": 0.0645209922754209}",0.0,False,s1_stable_all7_30_vol_target,f4,False
2025-08-08,-0.0023017276226863967,0.0,-0.0023017276226863967,1.1799406278914433,0.0,0.7481088038606658,0.251891196139334,0.0,12,"[""002281"", ""002594"", ""300017"", ""300133"", ""301291"", ""600900"", ""601012"", ""601899"", ""601939"", ""603629"", ""688008"", ""688676""]","{""002281"": 0.0451988502280165, ""002594"": 0.054502305148195256, ""300017"": 0.060100915080667325, ""300133"": 0.05461753616309807, ""301291"": 0.046413434289169865, ""515180"": 0.25112943336500404, ""600900"": 0.11414742388935034, ""601012"": 0.06281552902248178, ""601899"": 0.05483230186180439, ""601939"": 0.09413286791407204, ""603629"": 0.03855058296864336, ""688008"": 0.05903782779407595, ""688676"": 0.0645209922754209}","{""002281"": 0.04364718226711332, ""002594"": 0.055011815603390544, ""300017"": 0.05936016037988522, ""300133"": 0.05460261273069781, ""301291"": 0.04555085352505718, ""515180"": 0.251891196139334, ""600900"": 0.11492039110475606, ""601012"": 0.06233084235384812, ""601899"": 0.055533084207733875, ""601939"": 0.09496663573235192, ""603629"": 0.03929331565079373, ""688008"": 0.06018398170090545, ""688676"": 0.06270792860413259}",0.0,False,s1_stable_all7_30_vol_target,f4,False
2025-08-11,-0.002829738550614541,0.0,-0.002829738550614541,1.1766017044092625,0.0,0.7464794184975995,0.25352058150240037,0.0,12,"[""002281"", ""002594"", ""300017"", ""300133"", ""301291"", ""600900"", ""601012"", ""601899"", ""601939"", ""603629"", ""688008"", ""688676""]","{""002281"": 0.04364718226711332, ""002594"": 0.055011815603390544, ""300017"": 0.05936016037988522, ""300133"": 0.05460261273069781, ""301291"": 0.04555085352505718, ""515180"": 0.251891196139334, ""600900"": 0.11492039110475606, ""601012"": 0.06233084235384812, ""601899"": 0.055533084207733875, ""601939"": 0.09496663573235192, ""603629"": 0.03929331565079373, ""688008"": 0.06018398170090545, ""688676"": 0.06270792860413259}","{""002281"": 0.04384096466826528, ""002594"": 0.05457745530449363, ""300017"": 0.05853646727160905, ""300133"": 0.05327361753751648, ""301291"": 0.045494895363136174, ""515180"": 0.25352058150240037, ""600900"": 0.11439472360704027, ""601012"": 0.06258664675946465, ""601899"": 0.0561226081303694, ""601939"": 0.0948238960771198, ""603629"": 0.03901942078652302, ""688008"": 0.0593158152812022, ""688676"": 0.06449290771085947}",0.0,False,s1_stable_all7_30_vol_target,f4,False
2025-08-12,0.005960324844177732,0.0,0.005960324844177732,1.183614632779755,0.0,0.7487088564733602,0.25129114352663967,0.0,12,"[""002281"", ""002594"", ""300017"", ""300133"", ""301291"", ""600900"", ""601012"", ""601899"", ""601939"", ""603629"", ""688008"", ""688676""]","{""002281"": 0.04384096466826528, ""002594"": 0.05457745530449363, ""300017"": 0.05853646727160905, ""300133"": 0.05327361753751648, ""301291"": 0.045494895363136174, ""515180"": 0.25352058150240037, ""600900"": 0.11439472360704027, ""601012"": 0.06258664675946465, ""601899"": 0.0561226081303694, ""601939"": 0.0948238960771198, ""603629"": 0.03901942078652302, ""688008"": 0.0593158152812022, ""688676"": 0.06449290771085947}","{""002281"": 0.0441807087631063, ""002594"": 0.0550506889606353, ""300017"": 0.059888205717057205, ""300133"": 0.05359017899576003, ""301291"": 0.04461542852566757, ""515180"": 0.25129114352663967, ""600900"": 0.1129972063129115, ""601012"": 0.06276501413393847, ""601899"": 0.05495995677664141, ""601939"": 0.09303269200833363, ""603629"": 0.03932319207453357, ""688008"": 0.05858112867617181, ""688676"": 0.06972445552860337}",0.0,False,s1_stable_all7_30_vol_target,f4,False
2025-08-13,0.0013915541330471613,0.0,0.0013915541330471613,1.1852616966139347,0.0,0.748150161618782,0.2518498383812179,0.0,12,"[""002281"", ""002594"", ""300017"", ""300133"", ""301291"", ""600900"", ""601012"", ""601899"", ""601939"", ""603629"", ""688008"", ""688676""]","{""002281"": 0.0441807087631063, ""002594"": 0.0550506889606353, ""300017"": 0.059888205717057205, ""300133"": 0.05359017899576003, ""301291"": 0.04461542852566757, ""515180"": 0.25129114352663967, ""600900"": 0.1129972063129115, ""601012"": 0.06276501413393847, ""601899"": 0.05495995677664141, ""601939"": 0.09303269200833363, ""603629"": 0.03932319207453357, ""688008"": 0.05858112867617181, ""688676"": 0.06972445552860337}","{""002281"": 0.04511709628597049, ""002594"": 0.055439974786639964, ""300017"": 0.06144647470951384, ""300133"": 0.05302467482676463, ""301291"": 0.0450360825980538, ""515180"": 0.2518498383812179, ""600900"": 0.11317840769250101, ""601012"": 0.06209019026554709, ""601899"": 0.05554104289107277, ""601939"": 0.09331263294479344, ""603629"": 0.039284877583065765, ""688008"": 0.058480263453627654, ""688676"": 0.06619844358123153}",0.0,False,s1_stable_all7_30_vol_target,f4,False
2025-08-14,0.006070981832378766,0.0,0.006070981832378766,1.1924573988406924,0.0,0.7509332928886165,0.2490667071113833,0.0,12,"[""002281"", ""002594"", ""300017"", ""300133"", ""301291"", ""600900"", ""601012"", ""601899"", ""601939"", ""603629"", ""688008"", ""688676""]","{""002281"": 0.04511709628597049, ""002594"": 0.055439974786639964, ""300017"": 0.06144647470951384, ""300133"": 0.05302467482676463, ""301291"": 0.0450360825980538, ""515180"": 0.2518498383812179, ""600900"": 0.11317840769250101, ""601012"": 0.06209019026554709, ""601899"": 0.05554104289107277, ""601939"": 0.09331263294479344, ""603629"": 0.039284877583065765, ""688008"": 0.058480263453627654, ""688676"": 0.06619844358123153}","{""002281"": 0.045431276628522727, ""002594"": 0.05566724268382024, ""300017"": 0.06259849850294387, ""300133"": 0.05416891879379129, ""301291"": 0.04488996544298217, ""515180"": 0.2490667071113833, ""600900"": 0.11186510553895586, ""601012"": 0.06163764201743131, ""601899"": 0.05685382592561513, ""601939"": 0.09112254537435453, ""603629"": 0.04072195944102622, ""688008"": 0.05774697535862185, ""688676"": 0.0682293371805514}",0.0,False,s1_stable_all7_30_vol_target,f4,False
2025-08-15,-0.012387581822019381,0.0,-0.012387581822019381,1.1776857352432808,0.0,0.7505504631569364,0.2494495368430635,0.0,12,"[""002281"", ""002594"", ""300017"", ""300133"", ""301291"", ""600900"", ""601012"", ""601899"", ""601939"", ""603629"", ""688008"", ""688676""]","{""002281"": 0.045431276628522727, ""002594"": 0.05566724268382024, ""300017"": 0.06259849850294387, ""300133"": 0.05416891879379129, ""301291"": 0.04488996544298217, ""515180"": 0.2490667071113833, ""600900"": 0.11186510553895586, ""601012"": 0.06163764201743131, ""601899"": 0.05685382592561513, ""601939"": 0.09112254537435453, ""603629"": 0.04072195944102622, ""688008"": 0.05774697535862185, ""688676"": 0.0682293371805514}","{""002281"": 0.04532874147005706, ""002594"": 0.05556485859365247, ""300017"": 0.06195189183179891, ""300133"": 0.05336577846431193, ""301291"": 0.04324397860091561, ""515180"": 0.2494495368430635, ""600900"": 0.11365117536569837, ""601012"": 0.061188566121168964, ""601899"": 0.05730801934482145, ""601939"": 0.09247141847752866, ""603629"": 0.03940376739260008, ""688008"": 0.058347255754979364, ""688676"": 0.06872501173940351}",0.0,False,s1_stable_all7_30_vol_target,f4,False
2025-08-18,0.03387107793708067,0.0,0.03387107793708067,1.2175752205670942,0.0,0.757662223394801,0.24233777660519878,0.0,12,"[""002281"", ""002594"", ""300017"", ""300133"", ""301291"", ""600900"", ""601012"", ""601899"", ""601939"", ""603629"", ""688008"", ""688676""]","{""002281"": 0.04532874147005706, ""002594"": 0.05556485859365247, ""300017"": 0.06195189183179891, ""300133"": 0.05336577846431193, ""301291"": 0.04324397860091561, ""515180"": 0.2494495368430635, ""600900"": 0.11365117536569837, ""601012"": 0.061188566121168964, ""601899"": 0.05730801934482145, ""601939"": 0.09247141847752866, ""603629"": 0.03940376739260008, ""688008"": 0.058347255754979364, ""688676"": 0.06872501173940351}","{""002281"": 0.04413087524310706, ""002594"": 0.05364767694436804, ""300017"": 0.06428992725534823, ""300133"": 0.055851176451595104, ""301291"": 0.04850573232663688, ""515180"": 0.24233777660519878, ""600900"": 0.10963970987884211, ""601012"": 0.062158392905675874, ""601899"": 0.05643228414690723, ""601939"": 0.08764930118759061, ""603629"": 0.03887587327195109, ""688008"": 0.05836792822732237, ""688676"": 0.0781133455554564}",0.0,False,s1_stable_all7_30_vol_target,f4,False
2025-08-19,0.010338958809517424,0.0,0.010338958809517424,1.2301636806200267,0.0,0.7613667616800028,0.23863323831999683,0.0,12,"[""002281"", ""002594"", ""300017"", ""300133"", ""301291"", ""600900"", ""601012"", ""601899"", ""601939"", ""603629"", ""688008"", ""688676""]","{""002281"": 0.04413087524310706, ""002594"": 0.05364767694436804, ""300017"": 0.06428992725534823, ""300133"": 0.055851176451595104, ""301291"": 0.04850573232663688, ""515180"": 0.24233777660519878, ""600900"": 0.10963970987884211, ""601012"": 0.062158392905675874, ""601899"": 0.05643228414690723, ""601939"": 0.08764930118759061, ""603629"": 0.03887587327195109, ""688008"": 0.05836792822732237, ""688676"": 0.0781133455554564}","{""002281"": 0.04581099290827939, ""002594"": 0.054616488781151, ""300017"": 0.06342116155294786, ""300133"": 0.06271424413759934, ""301291"": 0.04916088162059263, ""515180"": 0.23863323831999683, ""600900"": 0.1085584842292243, ""601012"": 0.06178652247843205, ""601899"": 0.05450525462987072, ""601939"": 0.08625951678879018, ""603629"": 0.03963560598749607, ""688008"": 0.057339403844869366, ""688676"": 0.07755820472074998}",0.0,False,s1_stable_all7_30_vol_target,f4,False
2025-08-20,-0.009805306431217933,0.0,-0.009805306431217933,1.2181015487709925,0.0,0.7591804027891953,0.2408195972108044,0.0,12,"[""002281"", ""002594"", ""300017"", ""300133"", ""301291"", ""600900"", ""601012"", ""601899"", ""601939"", ""603629"", ""688008"", ""688676""]","{""002281"": 0.04581099290827939, ""002594"": 0.054616488781151, ""300017"": 0.06342116155294786, ""300133"": 0.06271424413759934, ""301291"": 0.04916088162059263, ""515180"": 0.23863323831999683, ""600900"": 0.1085584842292243, ""601012"": 0.06178652247843205, ""601899"": 0.05450525462987072, ""601939"": 0.08625951678879018, ""603629"": 0.03963560598749607, ""688008"": 0.057339403844869366, ""688676"": 0.07755820472074998}","{""002281"": 0.046019800719312456, ""002594"": 0.0543985484790941, ""300017"": 0.06282463544408556, ""300133"": 0.0625161870577539, ""301291"": 0.048126952329386345, ""515180"": 0.2408195972108044, ""600900"": 0.10942778271638334, ""601012"": 0.06178847739678429, ""601899"": 0.05370988936692428, ""601939"": 0.08731278750491933, ""603629"": 0.04015748020089376, ""688008"": 0.05673322795759965, ""688676"": 0.07616463361605823}",0.0,False,s1_stable_all7_30_vol_target,f4,False
2025-08-21,0.014722245900704098,0.0,0.014722245900704098,1.2360347393040276,0.0,0.7607590485137439,0.23924095148625577,0.0,12,"[""002281"", ""002594"", ""300017"", ""300133"", ""301291"", ""600900"", ""601012"", ""601899"", ""601939"", ""603629"", ""688008"", ""688676""]","{""002281"": 0.046019800719312456, ""002594"": 0.0543985484790941, ""300017"": 0.06282463544408556, ""300133"": 0.0625161870577539, ""301291"": 0.048126952329386345, ""515180"": 0.2408195972108044, ""600900"": 0.10942778271638334, ""601012"": 0.06178847739678429, ""601899"": 0.05370988936692428, ""601939"": 0.08731278750491933, ""603629"": 0.04015748020089376, ""688008"": 0.05673322795759965, ""688676"": 0.07616463361605823}","{""002281"": 0.05075177139779629, ""002594"": 0.053920450131809045, ""300017"": 0.06280510394018553, ""300133"": 0.06039836925973871, ""301291"": 0.04897145037508124, ""515180"": 0.23924095148625577, ""600900"": 0.10820500638234701, ""601012"": 0.06059149446690844, ""601899"": 0.0539722494078126, ""601939"": 0.08614410001140789, ""603629"": 0.03992829627168658, ""688008"": 0.05740915281141358, ""688676"": 0.07766160405755694}",0.0,False,s1_stable_all7_30_vol_target,f4,False
2025-08-22,-0.009930171703210712,0.0,-0.009930171703210712,1.2237607021116053,0.0,0.7567767191039776,0.24322328089602208,0.0,12,"[""002281"", ""002594"", ""300017"", ""300133"", ""301291"", ""600900"", ""601012"", ""601899"", ""601939"", ""603629"", ""688008"", ""688676""]","{""002281"": 0.05075177139779629, ""002594"": 0.053920450131809045, ""300017"": 0.06280510394018553, ""300133"": 0.06039836925973871, ""301291"": 0.04897145037508124, ""515180"": 0.23924095148625577, ""600900"": 0.10820500638234701, ""601012"": 0.06059149446690844, ""601899"": 0.0539722494078126, ""601939"": 0.08614410001140789, ""603629"": 0.03992829627168658, ""688008"": 0.05740915281141358, ""688676"": 0.07766160405755694}","{""002281"": 0.04899187928966382, ""002594"": 0.05411150579282654, ""300017"": 0.0620571544176245, ""300133"": 0.05855827787800544, ""301291"": 0.04858333666419594, ""515180"": 0.24322328089602208, ""600900"": 0.11006829007147384, ""601012"": 0.06146480181150838, ""601899"": 0.05434746307703105, ""601939"": 0.08780079971369137, ""603629"": 0.03994014395658765, ""688008"": 0.05739439844247761, ""688676"": 0.07345866798889147}",0.0,False,s1_stable_all7_30_vol_target,f4,False
2025-08-25,0.021486925618869415,0.0,0.021486925618869415,1.2500555572931729,0.0,0.7622372426577939,0.2377627573422058,0.0,12,"[""002281"", ""002594"", ""300017"", ""300133"", ""301291"", ""600900"", ""601012"", ""601899"", ""601939"", ""603629"", ""688008"", ""688676""]","{""002281"": 0.04899187928966382, ""002594"": 0.05411150579282654, ""300017"": 0.0620571544176245, ""300133"": 0.05855827787800544, ""301291"": 0.04858333666419594, ""515180"": 0.24322328089602208, ""600900"": 0.11006829007147384, ""601012"": 0.06146480181150838, ""601899"": 0.05434746307703105, ""601939"": 0.08780079971369137, ""603629"": 0.03994014395658765, ""688008"": 0.05739439844247761, ""688676"": 0.07345866798889147}","{""002281"": 0.05028125135294888, ""002594"": 0.05505742831650359, ""300017"": 0.06474656540201719, ""300133"": 0.05792511354071852, ""301291"": 0.04678776697311325, ""515180"": 0.2377627573422058, ""600900"": 0.10839439613744879, ""601012"": 0.06136047342504162, ""601899"": 0.05428840891582856, ""601939"": 0.0853718993555129, ""603629"": 0.03951142107369656, ""688008"": 0.06290943947198066, ""688676"": 0.07560307869298336}",0.0,False,s1_stable_all7_30_vol_target,f4,False
2025-08-26,0.00961725875545477,0.0,0.00961725875545477,1.2620776650463557,0.0,0.7631378702934896,0.23686212970651002,0.0,12,"[""002281"", ""002594"", ""300017"", ""300133"", ""301291"", ""600900"", ""601012"", ""601899"", ""601939"", ""603629"", ""688008"", ""688676""]","{""002281"": 0.05028125135294888, ""002594"": 0.05505742831650359, ""300017"": 0.06474656540201719, ""300133"": 0.05792511354071852, ""301291"": 0.04678776697311325, ""515180"": 0.2377627573422058, ""600900"": 0.10839439613744879, ""601012"": 0.06136047342504162, ""601899"": 0.05428840891582856, ""601939"": 0.0853718993555129, ""603629"": 0.03951142107369656, ""688008"": 0.06290943947198066, ""688676"": 0.07560307869298336}","{""002281"": 0.05011192450034565, ""002594"": 0.05474923087563712, ""300017"": 0.06212575576463745, ""300133"": 0.058625025416399586, ""301291"": 0.04683852839990802, ""515180"": 0.23686212970651002, ""600900"": 0.10859271909279923, ""601012"": 0.06176928708840593, ""601899"": 0.0568316488446903, ""601939"": 0.08455867668184475, ""603629"": 0.03894663658181581, ""688008"": 0.0611710269854232, ""688676"": 0.07881741006158256}",0.0,False,s1_stable_all7_30_vol_target,f4,False
2025-08-27,0.006071957089010976,0.0,0.006071957089010976,1.2697409464715161,0.0,0.764736904803373,0.23526309519662683,0.0,12,"[""002281"", ""002594"", ""300017"", ""300133"", ""301291"", ""600900"", ""601012"", ""601899"", ""601939"", ""603629"", ""688008"", ""688676""]","{""002281"": 0.05011192450034565, ""002594"": 0.05474923087563712, ""300017"": 0.06212575576463745, ""300133"": 0.058625025416399586, ""301291"": 0.04683852839990802, ""515180"": 0.23686212970651002, ""600900"": 0.10859271909279923, ""601012"": 0.06176928708840593, ""601899"": 0.0568316488446903, ""601939"": 0.08455867668184475, ""603629"": 0.03894663658181581, ""688008"": 0.0611710269854232, ""688676"": 0.07881741006158256}","{""002281"": 0.051348313024315355, ""002594"": 0.055498462838220276, ""300017"": 0.06210833906835447, ""300133"": 0.05833668578074527, ""301291"": 0.04756419568381891, ""515180"": 0.23526309519662683, ""600900"": 0.10754267624434294, ""601012"": 0.061652461307330944, ""601899"": 0.05728915267583733, ""601939"": 0.0834753470328091, ""603629"": 0.03894458704524385, ""688008"": 0.06213393978332458, ""688676"": 0.07884274431902989}",0.0,False,s1_stable_all7_30_vol_target,f4,False
2025-08-28,-0.010537242474307408,0.00046658931819013624,-0.011003831792497544,1.255768930676497,0.314328095758656,0.7500000000000001,0.2499999999999999,0.0,12,"[""002281"", ""002837"", ""300133"", ""300274"", ""600150"", ""600426"", ""600900"", ""601899"", ""601939"", ""603629"", ""688008"", ""688676""]","{""002281"": 0.051348313024315355, ""002594"": 0.055498462838220276, ""300017"": 0.06210833906835447, ""300133"": 0.05833668578074527, ""301291"": 0.04756419568381891, ""515180"": 0.23526309519662683, ""600900"": 0.10754267624434294, ""601012"": 0.061652461307330944, ""601899"": 0.05728915267583733, ""601939"": 0.0834753470328091, ""603629"": 0.03894458704524385, ""688008"": 0.06213393978332458, ""688676"": 0.07884274431902989}","{""002281"": 0.0401320433920628, ""002837"": 0.029206323752345414, ""300133"": 0.037511570768619565, ""300274"": 0.03968682147480786, ""515180"": 0.2499999999999999, ""600150"": 0.05965629698509685, ""600426"": 0.067045218278555, ""600900"": 0.14184154940807875, ""601899"": 0.06045989457612989, ""601939"": 0.12066146879353662, ""603629"": 0.06709769976860185, ""688008"": 0.04996494143037339, ""688676"": 0.036736171371792095}",0.0,False,s1_stable_all7_30_vol_target,f4,False
2025-08-29,0.01957654487268954,0.0,0.01957654487268954,1.2803525474976147,0.0,0.7548001655616584,0.24519983443834167,0.0,12,"[""002281"", ""002837"", ""300133"", ""300274"", ""600150"", ""600426"", ""600900"", ""601899"", ""601939"", ""603629"", ""688008"", ""688676""]","{""002281"": 0.0401320433920628, ""002837"": 0.029206323752345414, ""300133"": 0.037511570768619565, ""300274"": 0.03968682147480786, ""515180"": 0.2499999999999999, ""600150"": 0.05965629698509685, ""600426"": 0.067045218278555, ""600900"": 0.14184154940807875, ""601899"": 0.06045989457612989, ""601939"": 0.12066146879353662, ""603629"": 0.06709769976860185, ""688008"": 0.04996494143037339, ""688676"": 0.036736171371792095}","{""002281"": 0.04191401402358449, ""002837"": 0.03376127826041938, ""300133"": 0.03691968052025188, ""300274"": 0.04099719190459686, ""515180"": 0.24519983443834167, ""600150"": 0.059077743767539055, ""600426"": 0.06667286147753937, ""600900"": 0.13885999364794258, ""601899"": 0.06007057320760984, ""601939"": 0.11807077434947459, ""603629"": 0.06768217126881623, ""688008"": 0.051785469360706764, ""688676"": 0.03898841377317733}",0.0,False,s1_stable_all7_30_vol_target,f4,False
2025-09-01,0.015895628294392828,0.0,0.015895628294392828,1.3007045556784156,0.0,0.7581059279933485,0.2418940720066516,0.0,12,"[""002281"", ""002837"", ""300133"", ""300274"", ""600150"", ""600426"", ""600900"", ""601899"", ""601939"", ""603629"", ""688008"", ""688676""]","{""002281"": 0.04191401402358449, ""002837"": 0.03376127826041938, ""300133"": 0.03691968052025188, ""300274"": 0.04099719190459686, ""515180"": 0.24519983443834167, ""600150"": 0.059077743767539055, ""600426"": 0.06667286147753937, ""600900"": 0.13885999364794258, ""601899"": 0.06007057320760984, ""601939"": 0.11807077434947459, ""603629"": 0.06768217126881623, ""688008"": 0.051785469360706764, ""688676"": 0.03898841377317733}","{""002281"": 0.042297275622118824, ""002837"": 0.03307885400596265, ""300133"": 0.03600507259673815, ""300274"": 0.04036807587662085, ""515180"": 0.2418940720066516, ""600150"": 0.05965203423359626, ""600426"": 0.06680664625858393, ""600900"": 0.13770352589513635, ""601899"": 0.062060062867904636, ""601939"": 0.11703221674042408, ""603629"": 0.06772703961974315, ""688008"": 0.056692687129429056, ""688676"": 0.03868243714709059}",0.0,False,s1_stable_all7_30_vol_target,f4,False
2025-09-02,-0.002483615296218613,0.0,-0.002483615296218613,1.2974741059480714,0.0,0.7585680188517528,0.2414319811482473,0.0,12,"[""002281"", ""002837"", ""300133"", ""300274"", ""600150"", ""600426"", ""600900"", ""601899"", ""601939"", ""603629"", ""688008"", ""688676""]","{""002281"": 0.042297275622118824, ""002837"": 0.03307885400596265, ""300133"": 0.03600507259673815, ""300274"": 0.04036807587662085, ""515180"": 0.2418940720066516, ""600150"": 0.05965203423359626, ""600426"": 0.06680664625858393, ""600900"": 0.13770352589513635, ""601899"": 0.062060062867904636, ""601939"": 0.11703221674042408, ""603629"": 0.06772703961974315, ""688008"": 0.056692687129429056, ""688676"": 0.03868243714709059}","{""002281"": 0.042702730564131555, ""002837"": 0.03194388054816194, ""300133"": 0.03677025371141022, ""300274"": 0.04051402952410014, ""515180"": 0.2414319811482473, ""600150"": 0.06162262272365093, ""600426"": 0.06870051727927341, ""600900"": 0.13600879505149058, ""601899"": 0.06458025672290342, ""601939"": 0.11691815382207016, ""603629"": 0.06678903263420272, ""688008"": 0.05529496981960313, ""688676"": 0.036722776450754675}",0.0,False,s1_stable_all7_30_vol_target,f4,False
2025-09-03,-0.01057324501283956,0.0,-0.01057324501283956,1.2837555943280676,0.0,0.7549122879457933,0.24508771205420676,0.0,12,"[""002281"", ""002837"", ""300133"", ""300274"", ""600150"", ""600426"", ""600900"", ""601899"", ""601939"", ""603629"", ""688008"", ""688676""]","{""002281"": 0.042702730564131555, ""002837"": 0.03194388054816194, ""300133"": 0.03677025371141022, ""300274"": 0.04051402952410014, ""515180"": 0.2414319811482473, ""600150"": 0.06162262272365093, ""600426"": 0.06870051727927341, ""600900"": 0.13600879505149058, ""601899"": 0.06458025672290342, ""601939"": 0.11691815382207016, ""603629"": 0.06678903263420272, ""688008"": 0.05529496981960313, ""688676"": 0.036722776450754675}","{""002281"": 0.03927498425117575, ""002837"": 0.029977011986063458, ""300133"": 0.036096385070844755, ""300274"": 0.04161923311517858, ""515180"": 0.24508771205420676, ""600150"": 0.06215190570578604, ""600426"": 0.06690132457022147, ""600900"": 0.14029383544626844, ""601899"": 0.0661772911084393, ""601939"": 0.12062626253760157, ""603629"": 0.06558273376014821, ""688008"": 0.05129204902140291, ""688676"": 0.034919271372662895}",0.0,False,s1_stable_all7_30_vol_target,f4,False
2025-09-04,-0.0037337958970306345,0.0,-0.0037337958970306345,1.2789623129571754,0.0,0.756333239658336,0.24366676034166407,0.0,12,"[""002281"", ""002837"", ""300133"", ""300274"", ""600150"", ""600426"", ""600900"", ""601899"", ""601939"", ""603629"", ""688008"", ""688676""]","{""002281"": 0.03927498425117575, ""002837"": 0.029977011986063458, ""300133"": 0.036096385070844755, ""300274"": 0.04161923311517858, ""515180"": 0.24508771205420676, ""600150"": 0.06215190570578604, ""600426"": 0.06690132457022147, ""600900"": 0.14029383544626844, ""601899"": 0.0661772911084393, ""601939"": 0.12062626253760157, ""603629"": 0.06558273376014821, ""688008"": 0.05129204902140291, ""688676"": 0.034919271372662895}","{""002281"": 0.03907589869265961, ""002837"": 0.0303905806392823, ""300133"": 0.035460689061328945, ""300274"": 0.04898405072157108, ""515180"": 0.24366676034166407, ""600150"": 0.05988782300119467, ""600426"": 0.0675356315192473, ""600900"": 0.1392176424427883, ""601899"": 0.06559775181253082, ""601939"": 0.11943307187703803, ""603629"": 0.06379278319550306, ""688008"": 0.05075574674991726, ""688676"": 0.03620156994527467}",0.0,False,s1_stable_all7_30_vol_target,f4,False
2025-09-05,-0.01658064735857967,1.7763568394002505e-19,-0.01658064735857967,1.2577562898611192,1.1102230246251565e-16,0.7524079641020396,0.2475920358979603,1.1102230246251565e-16,12,"[""002281"", ""002837"", ""300133"", ""300274"", ""600150"", ""600426"", ""600900"", ""601899"", ""601939"", ""603629"", ""688008"", ""688676""]","{""002281"": 0.03907589869265961, ""002837"": 0.0303905806392823, ""300133"": 0.035460689061328945, ""300274"": 0.04898405072157108, ""515180"": 0.24366676034166407, ""600150"": 0.05988782300119467, ""600426"": 0.0675356315192473, ""600900"": 0.1392176424427883, ""601899"": 0.06559775181253082, ""601939"": 0.11943307187703803, ""603629"": 0.06379278319550306, ""688008"": 0.05075574674991726, ""688676"": 0.03620156994527467}","{""002281"": 0.03637746054120182, ""002837"": 0.028773615196669225, ""300133"": 0.03557946663759732, ""300274"": 0.04882544456076787, ""515180"": 0.2475920358979603, ""600150"": 0.06297500153120372, ""600426"": 0.06582631653381663, ""600900"": 0.14272094042976102, ""601899"": 0.0638706572468658, ""601939"": 0.1224226611334708, ""603629"": 0.0630456206542123, ""688008"": 0.04765433808727159, ""688676"": 0.0343364415492015}",3.3306690738754696e-16,False,s1_stable_all7_30_vol_target,f5,True
2025-09-08,0.026034174339621692,0.0,0.026034174339621692,1.2905009363881195,0.0,0.7577985057640744,0.2422014942359255,1.0820526765979512e-16,12,"[""002281"", ""002837"", ""300133"", ""300274"", ""600150"", ""600426"", ""600900"", ""601899"", ""601939"", ""603629"", ""688008"", ""688676""]","{""002281"": 0.03637746054120182, ""002837"": 0.028773615196669225, ""300133"": 0.03557946663759732, ""300274"": 0.04882544456076787, ""515180"": 0.2475920358979603, ""600150"": 0.06297500153120372, ""600426"": 0.06582631653381663, ""600900"": 0.14272094042976102, ""601899"": 0.0638706572468658, ""601939"": 0.1224226611334708, ""603629"": 0.0630456206542123, ""688008"": 0.04765433808727159, ""688676"": 0.0343364415492015}","{""002281"": 0.03609346548273082, ""002837"": 0.028207422815590792, ""300133"": 0.03696894028858523, ""300274"": 0.05751808907628881, ""515180"": 0.2422014942359255, ""600150"": 0.062357333241553646, ""600426"": 0.06489013991773317, ""600900"": 0.13838258903069872, ""601899"": 0.067471704833952, ""601939"": 0.1172781560357756, ""603629"": 0.06388625863712631, ""688008"": 0.049068665458427606, ""688676"": 0.03567574094561169}",0.0,False,s1_stable_all7_30_vol_target,f5,False
2025-09-09,-0.006457175609385964,0.0,-0.006457175609385964,1.2821679452177843,0.0,0.7544292964488751,0.24557070355112479,1.0890850902794496e-16,12,"[""002281"", ""002837"", ""300133"", ""300274"", ""600150"", ""600426"", ""600900"", ""601899"", ""601939"", ""603629"", ""688008"", ""688676""]","{""002281"": 0.03609346548273082, ""002837"": 0.028207422815590792, ""300133"": 0.03696894028858523, ""300274"": 0.05751808907628881, ""515180"": 0.2422014942359255, ""600150"": 0.062357333241553646, ""600426"": 0.06489013991773317, ""600900"": 0.13838258903069872, ""601899"": 0.067471704833952, ""601939"": 0.1172781560357756, ""603629"": 0.06388625863712631, ""688008"": 0.049068665458427606, ""688676"": 0.03567574094561169}","{""002281"": 0.035821831607936706, ""002837"": 0.028316299339885016, ""300133"": 0.03776463173259261, ""300274"": 0.05458914960371327, ""515180"": 0.24557070355112479, ""600150"": 0.06112904412348062, ""600426"": 0.06830353046335944, ""600900"": 0.14000362525826168, ""601899"": 0.06595655614788312, ""601939"": 0.11749331038045394, ""603629"": 0.06262169791039851, ""688008"": 0.04961325681531712, ""688676"": 0.03281636306559308}",0.0,False,s1_stable_all7_30_vol_target,f5,False
2025-09-10,-0.009330752911604574,0.0,-0.009330752911604574,1.2702043529297775,0.0,0.7519351539157983,0.2480648460842016,1.0993427861824732e-16,12,"[""002281"", ""002837"", ""300133"", ""300274"", ""600150"", ""600426"", ""600900"", ""601899"", ""601939"", ""603629"", ""688008"", ""688676""]","{""002281"": 0.035821831607936706, ""002837"": 0.028316299339885016, ""300133"": 0.03776463173259261, ""300274"": 0.05458914960371327, ""515180"": 0.24557070355112479, ""600150"": 0.06112904412348062, ""600426"": 0.06830353046335944, ""600900"": 0.14000362525826168, ""601899"": 0.06595655614788312, ""601939"": 0.11749331038045394, ""603629"": 0.06262169791039851, ""688008"": 0.04961325681531712, ""688676"": 0.03281636306559308}","{""002281"": 0.035323624696988375, ""002837"": 0.028337550516296495, ""300133"": 0.03747341180709125, ""300274"": 0.05303968459566459, ""515180"": 0.2480648460842016, ""600150"": 0.06097011824316105, ""600426"": 0.06728211691510225, ""600900"": 0.14054176988888914, ""601899"": 0.06535565670645191, ""601939"": 0.11901409121664636, ""603629"": 0.06186257467854142, ""688008"": 0.04939710758084811, ""688676"": 0.033337447070117376}",0.0,False,s1_stable_all7_30_vol_target,f5,False
2025-09-11,0.006608852900856018,0.0,0.006608852900856018,1.2785989466523175,0.0,0.754463873530397,0.24553612646960274,1.092125092099454e-16,12,"[""002281"", ""002837"", ""300133"", ""300274"", ""600150"", ""600426"", ""600900"", ""601899"", ""601939"", ""603629"", ""688008"", ""688676""]","{""002281"": 0.035323624696988375, ""002837"": 0.028337550516296495, ""300133"": 0.03747341180709125, ""300274"": 0.05303968459566459, ""515180"": 0.2480648460842016, ""600150"": 0.06097011824316105, ""600426"": 0.06728211691510225, ""600900"": 0.14054176988888914, ""601899"": 0.06535565670645191, ""601939"": 0.11901409121664636, ""603629"": 0.06186257467854142, ""688008"": 0.04939710758084811, ""688676"": 0.033337447070117376}","{""002281"": 0.03605917928308545, ""002837"": 0.02984171935394591, ""300133"": 0.03834133239858347, ""300274"": 0.052364449220378036, ""515180"": 0.24553612646960274, ""600150"": 0.06079688707602115, ""600426"": 0.06600024328341664, ""600900"": 0.13956735652406282, ""601899"": 0.0668580836463624, ""601939"": 0.11974130368998206, ""603629"": 0.06159117467985728, ""688008"": 0.04952542694267939, ""688676"": 0.03377671743202245}",0.0,False,s1_stable_all7_30_vol_target,f5,False
2025-09-12,0.01947589395031005,0.0,0.01947589395031005,1.3035008041422964,0.0,0.7580951164509115,0.24190488354908815,1.0712613202335167e-16,12,"[""002281"", ""002837"", ""300133"", ""300274"", ""600150"", ""600426"", ""600900"", ""601899"", ""601939"", ""603629"", ""688008"", ""688676""]","{""002281"": 0.03605917928308545, ""002837"": 0.02984171935394591, ""300133"": 0.03834133239858347, ""300274"": 0.052364449220378036, ""515180"": 0.24553612646960274, ""600150"": 0.06079688707602115, ""600426"": 0.06600024328341664, ""600900"": 0.13956735652406282, ""601899"": 0.0668580836463624, ""601939"": 0.11974130368998206, ""603629"": 0.06159117467985728, ""688008"": 0.04952542694267939, ""688676"": 0.03377671743202245}","{""002281"": 0.037285860984194695, ""002837"": 0.02998073897867977, ""300133"": 0.03781899498597427, ""300274"": 0.05524608497224233, ""515180"": 0.24190488354908815, ""600150"": 0.06006498063509283, ""600426"": 0.06476534132169531, ""600900"": 0.1369010855011599, ""601899"": 0.06761078572628788, ""601939"": 0.11799188624566041, ""603629"": 0.06401283692206082, ""688008"": 0.0518648067704957, ""688676"": 0.03455171340736764}",0.0,False,s1_stable_all7_30_vol_target,f5,False
2025-09-15,-0.002264137798296336,0.0,-0.002264137798296336,1.300549498701528,0.0,0.7587849827667776,0.24121501723322214,1.0736923075708279e-16,12,"[""002281"", ""002837"", ""300133"", ""300274"", ""600150"", ""600426"", ""600900"", ""601899"", ""601939"", ""603629"", ""688008"", ""688676""]","{""002281"": 0.037285860984194695, ""002837"": 0.02998073897867977, ""300133"": 0.03781899498597427, ""300274"": 0.05524608497224233, ""515180"": 0.24190488354908815, ""600150"": 0.06006498063509283, ""600426"": 0.06476534132169531, ""600900"": 0.1369010855011599, ""601899"": 0.06761078572628788, ""601939"": 0.11799188624566041, ""603629"": 0.06401283692206082, ""688008"": 0.0518648067704957, ""688676"": 0.03455171340736764}","{""002281"": 0.03775210379365962, ""002837"": 0.029955313345190214, ""300133"": 0.038157543573091444, ""300274"": 0.05620814185668776, ""515180"": 0.24121501723322214, ""600150"": 0.060025886908775375, ""600426"": 0.06491231174028128, ""600900"": 0.1367035601414261, ""601899"": 0.06651635343134496, ""601939"": 0.11758549095039689, ""603629"": 0.06384161486790459, ""688008"": 0.05327298698468486, ""688676"": 0.033853675173334534}",0.0,False,s1_stable_all7_30_vol_target,f5,False
2025-09-16,-0.0023988131962848435,0.0,-0.0023988131962848435,1.2974297234016212,0.0,0.7585597599334275,0.24144024006657233,1.0762740880560763e-16,12,"[""002281"", ""002837"", ""300133"", ""300274"", ""600150"", ""600426"", ""600900"", ""601899"", ""601939"", ""603629"", ""688008"", ""688676""]","{""002281"": 0.03775210379365962, ""002837"": 0.029955313345190214, ""300133"": 0.038157543573091444, ""300274"": 0.05620814185668776, ""515180"": 0.24121501723322214, ""600150"": 0.060025886908775375, ""600426"": 0.06491231174028128, ""600900"": 0.1367035601414261, ""601899"": 0.06651635343134496, ""601939"": 0.11758549095039689, ""603629"": 0.06384161486790459, ""688008"": 0.05327298698468486, ""688676"": 0.033853675173334534}","{""002281"": 0.03788996469905012, ""002837"": 0.029856381567516195, ""300133"": 0.03871374318569403, ""300274"": 0.056264799875075946, ""515180"": 0.24144024006657233, ""600150"": 0.06026612557539001, ""600426"": 0.06499342757010933, ""600900"": 0.1364719199431811, ""601899"": 0.06819908397755185, ""601939"": 0.11665184437522753, ""603629"": 0.06346761378151977, ""688008"": 0.052375137316813605, ""688676"": 0.033409718066297986}",0.0,False,s1_stable_all7_30_vol_target,f5,False
2025-09-17,-0.0022725266232840975,0.0,-0.0022725266232840975,1.294481279813351,0.0,0.7585432404622093,0.24145675953779058,1.0787255205206756e-16,12,"[""002281"", ""002837"", ""300133"", ""300274"", ""600150"", ""600426"", ""600900"", ""601899"", ""601939"", ""603629"", ""688008"", ""688676""]","{""002281"": 0.03788996469905012, ""002837"": 0.029856381567516195, ""300133"": 0.03871374318569403, ""300274"": 0.056264799875075946, ""515180"": 0.24144024006657233, ""600150"": 0.06026612557539001, ""600426"": 0.06499342757010933, ""600900"": 0.1364719199431811, ""601899"": 0.06819908397755185, ""601939"": 0.11665184437522753, ""603629"": 0.06346761378151977, ""688008"": 0.052375137316813605, ""688676"": 0.033409718066297986}","{""002281"": 0.03952174392692771, ""002837"": 0.03060183270664563, ""300133"": 0.038040186839605715, ""300274"": 0.05763109492177817, ""515180"": 0.24145675953779058, ""600150"": 0.058689254353153836, ""600426"": 0.06403720456117384, ""600900"": 0.13642536064421482, ""601899"": 0.06568347493589237, ""601939"": 0.11664661793059165, ""603629"": 0.06374527720789736, ""688008"": 0.053281294416374525, ""688676"": 0.03423989801795368}",0.0,False,s1_stable_all7_30_vol_target,f5,False
2025-09-18,0.0008959971868821807,0.0,0.0008959971868821807,1.2956411313985354,0.0,0.7578711711603953,0.24212882883960454,1.0777598507262901e-16,12,"[""002281"", ""002837"", ""300133"", ""300274"", ""600150"", ""600426"", ""600900"", ""601899"", ""601939"", ""603629"", ""688008"", ""688676""]","{""002281"": 0.03952174392692771, ""002837"": 0.03060183270664563, ""300133"": 0.038040186839605715, ""300274"": 0.05763109492177817, ""515180"": 0.24145675953779058, ""600150"": 0.058689254353153836, ""600426"": 0.06403720456117384, ""600900"": 0.13642536064421482, ""601899"": 0.06568347493589237, ""601939"": 0.11664661793059165, ""603629"": 0.06374527720789736, ""688008"": 0.053281294416374525, ""688676"": 0.03423989801795368}","{""002281"": 0.03978103861575113, ""002837"": 0.030411190684599715, ""300133"": 0.03923227414521742, ""300274"": 0.05724852533882602, ""515180"": 0.24212882883960454, ""600150"": 0.05687609400273766, ""600426"": 0.06478285056598158, ""600900"": 0.13615019826322547, ""601899"": 0.06442654855735089, ""601939"": 0.11640685537917243, ""603629"": 0.06410932847567587, ""688008"": 0.05312639393896173, ""688676"": 0.03531987319289533}",0.0,False,s1_stable_all7_30_vol_target,f5,False
2025-09-19,-0.009822384991587755,0.0,-0.009822384991587755,1.2829148453950028,0.0,0.7594162337025357,0.24058376629746397,1.0884510358448507e-16,12,"[""002281"", ""002837"", ""300133"", ""300274"", ""600150"", ""600426"", ""600900"", ""601899"", ""601939"", ""603629"", ""688008"", ""688676""]","{""002281"": 0.03978103861575113, ""002837"": 0.030411190684599715, ""300133"": 0.03923227414521742, ""300274"": 0.05724852533882602, ""515180"": 0.24212882883960454, ""600150"": 0.05687609400273766, ""600426"": 0.06478285056598158, ""600900"": 0.13615019826322547, ""601899"": 0.06442654855735089, ""601939"": 0.11640685537917243, ""603629"": 0.06410932847567587, ""688008"": 0.05312639393896173, ""688676"": 0.03531987319289533}","{""002281"": 0.041586271451263146, ""002837"": 0.03204678652554174, ""300133"": 0.038212346980037656, ""300274"": 0.058263495579798624, ""515180"": 0.24058376629746397, ""600150"": 0.05622796259558931, ""600426"": 0.06438379326495773, ""600900"": 0.1355946284087808, ""601899"": 0.06435064128038157, ""601939"": 0.11414449981991164, ""603629"": 0.06450652050769941, ""688008"": 0.05484884376815641, ""688676"": 0.03525044352041771}",0.0,False,s1_stable_all7_30_vol_target,f5,False
2025-09-22,0.002154585841641395,0.0,0.002154585841641395,1.2856789955569223,0.0,0.7588593544900973,0.24114064550990236,1.086110916641403e-16,12,"[""002281"", ""002837"", ""300133"", ""300274"", ""600150"", ""600426"", ""600900"", ""601899"", ""601939"", ""603629"", ""688008"", ""688676""]","{""002281"": 0.041586271451263146, ""002837"": 0.03204678652554174, ""300133"": 0.038212346980037656, ""300274"": 0.058263495579798624, ""515180"": 0.24058376629746397, ""600150"": 0.05622796259558931, ""600426"": 0.06438379326495773, ""600900"": 0.1355946284087808, ""601899"": 0.06435064128038157, ""601939"": 0.11414449981991164, ""603629"": 0.06450652050769941, ""688008"": 0.05484884376815641, ""688676"": 0.03525044352041771}","{""002281"": 0.041277114232293494, ""002837"": 0.030384040588680092, ""300133"": 0.03962148366745246, ""300274"": 0.05602440230986568, ""515180"": 0.24114064550990236, ""600150"": 0.05620385313702546, ""600426"": 0.06533416418762253, ""600900"": 0.1341721532359389, ""601899"": 0.06717593456043469, ""601939"": 0.11471743304580524, ""603629"": 0.06340739834287482, ""688008"": 0.05383513943873141, ""688676"": 0.036706237743372575}",0.0,False,s1_stable_all7_30_vol_target,f5,False
2025-09-23,0.007298904468756709,0.0,0.007298904468756709,1.2950630437229795,0.0,0.7616730036116447,0.23832699638835492,1.0782409390330978e-16,12,"[""002281"", ""002837"", ""300133"", ""300274"", ""600150"", ""600426"", ""600900"", ""601899"", ""601939"", ""603629"", ""688008"", ""688676""]","{""002281"": 0.041277114232293494, ""002837"": 0.030384040588680092, ""300133"": 0.03962148366745246, ""300274"": 0.05602440230986568, ""515180"": 0.24114064550990236, ""600150"": 0.05620385313702546, ""600426"": 0.06533416418762253, ""600900"": 0.1341721532359389, ""601899"": 0.06717593456043469, ""601939"": 0.11471743304580524, ""603629"": 0.06340739834287482, ""688008"": 0.05383513943873141, ""688676"": 0.036706237743372575}","{""002281"": 0.043336466752234966, ""002837"": 0.0356663921411004, ""300133"": 0.040095778305551937, ""300274"": 0.05611513794359407, ""515180"": 0.23832699638835492, ""600150"": 0.056741354248092, ""600426"": 0.06229727929030587, ""600900"": 0.13330200852077798, ""601899"": 0.06696159973825741, ""601939"": 0.11063655300603091, ""603629"": 0.06352816379379758, ""688008"": 0.05517447436354952, ""688676"": 0.03781779550835204}",0.0,False,s1_stable_all7_30_vol_target,f5,False
2025-09-24,-0.0015189295987676236,0.0,-0.0015189295987676236,1.2930959341335986,0.0,0.7605984761987641,0.2394015238012355,1.0798812025548111e-16,12,"[""002281"", ""002837"", ""300133"", ""300274"", ""600150"", ""600426"", ""600900"", ""601899"", ""601939"", ""603629"", ""688008"", ""688676""]","{""002281"": 0.043336466752234966, ""002837"": 0.0356663921411004, ""300133"": 0.040095778305551937, ""300274"": 0.05611513794359407, ""515180"": 0.23832699638835492, ""600150"": 0.056741354248092, ""600426"": 0.06229727929030587, ""600900"": 0.13330200852077798, ""601899"": 0.06696159973825741, ""601939"": 0.11063655300603091, ""603629"": 0.06352816379379758, ""688008"": 0.05517447436354952, ""688676"": 0.03781779550835204}","{""002281"": 0.039859339527546195, ""002837"": 0.032664888000492484, ""300133"": 0.039436586729206864, ""300274"": 0.05877478022042256, ""515180"": 0.2394015238012355, ""600150"": 0.05522395562086216, ""600426"": 0.061639824739739654, ""600900"": 0.13432258642696412, ""601899"": 0.06766370698129068, ""601939"": 0.11446625927750433, ""603629"": 0.0650831051801512, ""688008"": 0.05568358972599861, ""688676"": 0.03577985376858528}",0.0,False,s1_stable_all7_30_vol_target,f5,False
2025-09-25,0.014272614686762004,0.0,0.014272614686762004,1.311551794154506,0.0,0.7632653242172331,0.2367346757827665,1.064685358667907e-16,12,"[""002281"", ""002837"", ""300133"", ""300274"", ""600150"", ""600426"", ""600900"", ""601899"", ""601939"", ""603629"", ""688008"", ""688676""]","{""002281"": 0.039859339527546195, ""002837"": 0.032664888000492484, ""300133"": 0.039436586729206864, ""300274"": 0.05877478022042256, ""515180"": 0.2394015238012355, ""600150"": 0.05522395562086216, ""600426"": 0.061639824739739654, ""600900"": 0.13432258642696412, ""601899"": 0.06766370698129068, ""601939"": 0.11446625927750433, ""603629"": 0.0650831051801512, ""688008"": 0.05568358972599861, ""688676"": 0.03577985376858528}","{""002281"": 0.04006112891187162, ""002837"": 0.03184238427436697, ""300133"": 0.03900694740265443, ""300274"": 0.06226771809871313, ""515180"": 0.2367346757827665, ""600150"": 0.054715651900067455, ""600426"": 0.06149151002610513, ""600900"": 0.13207967938806434, ""601899"": 0.06961673938827702, ""601939"": 0.11165222295590171, ""603629"": 0.06607214506542793, ""688008"": 0.05849630617926308, ""688676"": 0.03596289062652033}",0.0,False,s1_stable_all7_30_vol_target,f5,False
2025-09-26,0.007382968549702008,0.0,0.007382968549702008,1.321234939802054,0.0,0.7663939424805853,0.2336060575194143,1.056882428934352e-16,12,"[""002281"", ""002837"", ""300133"", ""300274"", ""600150"", ""600426"", ""600900"", ""601899"", ""601939"", ""603629"", ""688008"", ""688676""]","{""002281"": 0.04006112891187162, ""002837"": 0.03184238427436697, ""300133"": 0.03900694740265443, ""300274"": 0.06226771809871313, ""515180"": 0.2367346757827665, ""600150"": 0.054715651900067455, ""600426"": 0.06149151002610513, ""600900"": 0.13207967938806434, ""601899"": 0.06961673938827702, ""601939"": 0.11165222295590171, ""603629"": 0.06607214506542793, ""688008"": 0.05849630617926308, ""688676"": 0.03596289062652033}","{""002281"": 0.0409233912582297, ""002837"": 0.034336180360996935, ""300133"": 0.040213691742038885, ""300274"": 0.06418882060585496, ""515180"": 0.2336060575194143, ""600150"": 0.05404782323635015, ""600426"": 0.06022782297371727, ""600900"": 0.13156189775171417, ""601899"": 0.069640581604909, ""601939"": 0.11043578137964496, ""603629"": 0.0664428075856398, ""688008"": 0.05914076309186341, ""688676"": 0.03523438088962609}",0.0,False,s1_stable_all7_30_vol_target,f5,False
2025-09-29,-0.00745038346584401,0.0,-0.00745038346584401,1.3113912328520574,0.0,0.7641138918911112,0.2358861081088884,1.0648157143265413e-16,12,"[""002281"", ""002837"", ""300133"", ""300274"", ""600150"", ""600426"", ""600900"", ""601899"", ""601939"", ""603629"", ""688008"", ""688676""]","{""002281"": 0.0409233912582297, ""002837"": 0.034336180360996935, ""300133"": 0.040213691742038885, ""300274"": 0.06418882060585496, ""515180"": 0.2336060575194143, ""600150"": 0.05404782323635015, ""600426"": 0.06022782297371727, ""600900"": 0.13156189775171417, ""601899"": 0.069640581604909, ""601939"": 0.11043578137964496, ""603629"": 0.0664428075856398, ""688008"": 0.05914076309186341, ""688676"": 0.03523438088962609}","{""002281"": 0.039151869128759294, ""002837"": 0.03208402381745571, ""300133"": 0.03759144421673308, ""300274"": 0.06596230505099841, ""515180"": 0.2358861081088884, ""600150"": 0.0543744557466369, ""600426"": 0.06201824934449024, ""600900"": 0.1332046292777274, ""601899"": 0.071777512214879, ""601939"": 0.11032873724322678, ""603629"": 0.06443425069074818, ""688008"": 0.059169855058198315, ""688676"": 0.03401656010125792}",0.0,False,s1_stable_all7_30_vol_target,f5,False
2025-09-30,0.01671797289582977,0.0,0.01671797289582977,1.333315035938707,0.0,0.7662663399142201,0.23373366008577956,1.0473068665184692e-16,12,"[""002281"", ""002837"", ""300133"", ""300274"", ""600150"", ""600426"", ""600900"", ""601899"", ""601939"", ""603629"", ""688008"", ""688676""]","{""002281"": 0.039151869128759294, ""002837"": 0.03208402381745571, ""300133"": 0.03759144421673308, ""300274"": 0.06596230505099841, ""515180"": 0.2358861081088884, ""600150"": 0.0543744557466369, ""600426"": 0.06201824934449024, ""600900"": 0.1332046292777274, ""601899"": 0.071777512214879, ""601939"": 0.11032873724322678, ""603629"": 0.06443425069074818, ""688008"": 0.059169855058198315, ""688676"": 0.03401656010125792}","{""002281"": 0.039630576426868645, ""002837"": 0.03348995315694549, ""300133"": 0.03697332516869415, ""300274"": 0.06568174783026504, ""515180"": 0.23373366008577956, ""600150"": 0.05332483831283484, ""600426"": 0.06251146653857415, ""600900"": 0.13061777267564745, ""601899"": 0.07612756479429153, ""601939"": 0.10812004251860032, ""603629"": 0.06327424390375992, ""688008"": 0.06303233994147327, ""688676"": 0.0334824686462653}",0.0,False,s1_stable_all7_30_vol_target,f5,False
2025-10-09,0.004049926101849999,0.0,0.004049926101849999,1.3387148633047443,0.0,0.7675529822871872,0.23244701771281243,1.043082459638796e-16,12,"[""002281"", ""002837"", ""300133"", ""300274"", ""600150"", ""600426"", ""600900"", ""601899"", ""601939"", ""603629"", ""688008"", ""688676""]","{""002281"": 0.039630576426868645, ""002837"": 0.03348995315694549, ""300133"": 0.03697332516869415, ""300274"": 0.06568174783026504, ""515180"": 0.23373366008577956, ""600150"": 0.05332483831283484, ""600426"": 0.06251146653857415, ""600900"": 0.13061777267564745, ""601899"": 0.07612756479429153, ""601939"": 0.10812004251860032, ""603629"": 0.06327424390375992, ""688008"": 0.06303233994147327, ""688676"": 0.0334824686462653}","{""002281"": 0.03808468452446278, ""002837"": 0.031894954905238714, ""300133"": 0.035146457076270836, ""300274"": 0.06416753094967785, ""515180"": 0.23244701771281243, ""600150"": 0.05283091577438743, ""600426"": 0.06364616084672131, ""600900"": 0.1293997289647884, ""601899"": 0.08016890964154924, ""601939"": 0.10702899848986935, ""603629"": 0.06220031409015824, ""688008"": 0.0697814890133446, ""688676"": 0.03320283801071841}",0.0,False,s1_stable_all7_30_vol_target,f5,False
2025-10-10,-0.0034589427179894873,0.0,-0.0034589427179894873,1.334084325276852,0.0,0.7662285955876036,0.23377140441239602,1.0467029451688862e-16,12,"[""002281"", ""002837"", ""300133"", ""300274"", ""600150"", ""600426"", ""600900"", ""601899"", ""601939"", ""603629"", ""688008"", ""688676""]","{""002281"": 0.03808468452446278, ""002837"": 0.031894954905238714, ""300133"": 0.035146457076270836, ""300274"": 0.06416753094967785, ""515180"": 0.23244701771281243, ""600150"": 0.05283091577438743, ""600426"": 0.06364616084672131, ""600900"": 0.1293997289647884, ""601899"": 0.08016890964154924, ""601939"": 0.10702899848986935, ""603629"": 0.06220031409015824, ""688008"": 0.0697814890133446, ""688676"": 0.03320283801071841}","{""002281"": 0.037821941998498594, ""002837"": 0.030568476411279227, ""300133"": 0.032558333811431694, ""300274"": 0.06191917562713816, ""515180"": 0.23377140441239602, ""600150"": 0.05388477741869276, ""600426"": 0.0641111675357985, ""600900"": 0.13202870479039638, ""601899"": 0.08118764543982243, ""601939"": 0.1084520191198414, ""603629"": 0.06290411508272445, ""688008"": 0.06655322579149299, ""688676"": 0.034239012560486996}",0.0,False,s1_stable_all7_30_vol_target,f5,False
2025-10-13,-0.030038812394391233,0.0,-0.030038812394391233,1.2940100165115627,0.0,0.7580995688083834,0.24190043119161617,1.0791183797289021e-16,12,"[""002281"", ""002837"", ""300133"", ""300274"", ""600150"", ""600426"", ""600900"", ""601899"", ""601939"", ""603629"", ""688008"", ""688676""]","{""002281"": 0.037821941998498594, ""002837"": 0.030568476411279227, ""300133"": 0.032558333811431694, ""300274"": 0.06191917562713816, ""515180"": 0.23377140441239602, ""600150"": 0.05388477741869276, ""600426"": 0.0641111675357985, ""600900"": 0.13202870479039638, ""601899"": 0.08118764543982243, ""601939"": 0.1084520191198414, ""603629"": 0.06290411508272445, ""688008"": 0.06655322579149299, ""688676"": 0.034239012560486996}","{""002281"": 0.035275675922474145, ""002837"": 0.028506129641021165, ""300133"": 0.03216961338862913, ""300274"": 0.05691472803323638, ""515180"": 0.24190043119161617, ""600150"": 0.05390287928546226, ""600426"": 0.06385789605989933, ""600900"": 0.13637289318380671, ""601899"": 0.07974860313663605, ""601939"": 0.11248823748535347, ""603629"": 0.060750390880842144, ""688008"": 0.06280015211400378, ""688676"": 0.03531236967701881}",0.0,False,s1_stable_all7_30_vol_target,f5,False
2025-10-14,0.030674291284192353,0.0,0.030674291284192353,1.333702856682701,0.0,0.7637456906340178,0.23625430936598169,1.0470023254236309e-16,12,"[""002281"", ""002837"", ""300133"", ""300274"", ""600150"", ""600426"", ""600900"", ""601899"", ""601939"", ""603629"", ""688008"", ""688676""]","{""002281"": 0.035275675922474145, ""002837"": 0.028506129641021165, ""300133"": 0.03216961338862913, ""300274"": 0.05691472803323638, ""515180"": 0.24190043119161617, ""600150"": 0.05390287928546226, ""600426"": 0.06385789605989933, ""600900"": 0.13637289318380671, ""601899"": 0.07974860313663605, ""601939"": 0.11248823748535347, ""603629"": 0.060750390880842144, ""688008"": 0.06280015211400378, ""688676"": 0.03531236967701881}","{""002281"": 0.03588043377311482, ""002837"": 0.03087019665406222, ""300133"": 0.03199260895241941, ""300274"": 0.05756001904601586, ""515180"": 0.23625430936598169, ""600150"": 0.05383799414332166, ""600426"": 0.06412950475148843, ""600900"": 0.13251247100911104, ""601899"": 0.08359164150676936, ""601939"": 0.10900895342514264, ""603629"": 0.06155844783936175, ""688008"": 0.06537460647544956, ""688676"": 0.037428813057761065}",0.0,False,s1_stable_all7_30_vol_target,f5,False
2025-10-15,-0.01416486888834363,0.0,-0.01416486888834363,1.3148111305817811,0.0,0.7575502315691648,0.24244976843083474,1.0620460687407241e-16,12,"[""002281"", ""002837"", ""300133"", ""300274"", ""600150"", ""600426"", ""600900"", ""601899"", ""601939"", ""603629"", ""688008"", ""688676""]","{""002281"": 0.03588043377311482, ""002837"": 0.03087019665406222, ""300133"": 0.03199260895241941, ""300274"": 0.05756001904601586, ""515180"": 0.23625430936598169, ""600150"": 0.05383799414332166, ""600426"": 0.06412950475148843, ""600900"": 0.13251247100911104, ""601899"": 0.08359164150676936, ""601939"": 0.10900895342514264, ""603629"": 0.06155844783936175, ""688008"": 0.06537460647544956, ""688676"": 0.037428813057761065}","{""002281"": 0.03442140765655761, ""002837"": 0.030144330447301353, ""300133"": 0.031619006223499245, ""300274"": 0.05634453205981314, ""515180"": 0.24244976843083474, ""600150"": 0.055084728475171464, ""600426"": 0.06217858859782363, ""600900"": 0.1356228930573462, ""601899"": 0.07824543334037148, ""601939"": 0.11337596081447124, ""603629"": 0.061507428237244616, ""688008"": 0.06273536966419374, ""688676"": 0.03627055299537106}",0.0,False,s1_stable_all7_30_vol_target,f5,False
2025-10-16,0.018514440832189845,0.0,0.018514440832189845,1.339154123464442,0.0,0.7610980967985527,0.23890190320144697,1.0427403148775842e-16,12,"[""002281"", ""002837"", ""300133"", ""300274"", ""600150"", ""600426"", ""600900"", ""601899"", ""601939"", ""603629"", ""688008"", ""688676""]","{""002281"": 0.03442140765655761, ""002837"": 0.030144330447301353, ""300133"": 0.031619006223499245, ""300274"": 0.05634453205981314, ""515180"": 0.24244976843083474, ""600150"": 0.055084728475171464, ""600426"": 0.06217858859782363, ""600900"": 0.1356228930573462, ""601899"": 0.07824543334037148, ""601939"": 0.11337596081447124, ""603629"": 0.061507428237244616, ""688008"": 0.06273536966419374, ""688676"": 0.03627055299537106}","{""002281"": 0.03392684497092219, ""002837"": 0.02912715632839043, ""300133"": 0.03100333259743324, ""300274"": 0.05930309424708293, ""515180"": 0.23890190320144697, ""600150"": 0.05403694772884032, ""600426"": 0.061098842055180624, ""600900"": 0.1325159511442323, ""601899"": 0.07953666969293059, ""601939"": 0.11183879915667211, ""603629"": 0.06041437091435222, ""688008"": 0.06176351814173603, ""688676"": 0.04653256982077966}",0.0,False,s1_stable_all7_30_vol_target,f5,False
2025-10-17,0.007082466520884246,0.0005419823779729857,0.00654048414291126,1.3479128397738753,0.3635700340670186,0.75,0.25,0.0,12,"[""002156"", ""002281"", ""002709"", ""002837"", ""300274"", ""300408"", ""600150"", ""600426"", ""600522"", ""601899"", ""688008"", ""688676""]","{""002281"": 0.03392684497092219, ""002837"": 0.02912715632839043, ""300133"": 0.03100333259743324, ""300274"": 0.05930309424708293, ""515180"": 0.23890190320144697, ""600150"": 0.05403694772884032, ""600426"": 0.061098842055180624, ""600900"": 0.1325159511442323, ""601899"": 0.07953666969293059, ""601939"": 0.11183879915667211, ""603629"": 0.06041437091435222, ""688008"": 0.06176351814173603, ""688676"": 0.04653256982077966}","{""002156"": 0.05822725802411053, ""002281"": 0.05117130879700757, ""002709"": 0.053141196676851785, ""002837"": 0.041432347235692085, ""300274"": 0.04550352396814165, ""300408"": 0.05976151166796801, ""515180"": 0.25, ""600150"": 0.09180782678408261, ""600426"": 0.09103553290552581, ""600522"": 0.08310457004044104, ""601899"": 0.07207083895740193, ""688008"": 0.059288474877781265, ""688676"": 0.04345561006499572}",0.0,False,s1_stable_all7_30_vol_target,f5,False
2025-10-20,-0.03052467991434551,0.0,-0.03052467991434551,1.3067682317873413,0.0,0.7443404633251276,0.2556595366748724,0.0,12,"[""002156"", ""002281"", ""002709"", ""002837"", ""300274"", ""300408"", ""600150"", ""600426"", ""600522"", ""601899"", ""688008"", ""688676""]","{""002156"": 0.05822725802411053, ""002281"": 0.05117130879700757, ""002709"": 0.053141196676851785, ""002837"": 0.041432347235692085, ""300274"": 0.04550352396814165, ""300408"": 0.05976151166796801, ""515180"": 0.25, ""600150"": 0.09180782678408261, ""600426"": 0.09103553290552581, ""600522"": 0.08310457004044104, ""601899"": 0.07207083895740193, ""688008"": 0.059288474877781265, ""688676"": 0.04345561006499572}","{""002156"": 0.05791238356166316, ""002281"": 0.051508743669050144, ""002709"": 0.05478272385144534, ""002837"": 0.038746802304675754, ""300274"": 0.043905218911069, ""300408"": 0.05846747215002634, ""515180"": 0.2556595366748724, ""600150"": 0.09345011369693423, ""600426"": 0.09275422839221069, ""600522"": 0.08164150617333593, ""601899"": 0.07012286570110304, ""688008"": 0.060653334264808394, ""688676"": 0.0403950706488056}",0.0,False,s1_stable_all7_30_vol_target,f5,False
2025-10-21,0.0037787756373666445,0.0,0.0037787756373666445,1.3117062157453039,0.0,0.7432829583869914,0.2567170416130086,0.0,12,"[""002156"", ""002281"", ""002709"", ""002837"", ""300274"", ""300408"", ""600150"", ""600426"", ""600522"", ""601899"", ""688008"", ""688676""]","{""002156"": 0.05791238356166316, ""002281"": 0.051508743669050144, ""002709"": 0.05478272385144534, ""002837"": 0.038746802304675754, ""300274"": 0.043905218911069, ""300408"": 0.05846747215002634, ""515180"": 0.2556595366748724, ""600150"": 0.09345011369693423, ""600426"": 0.09275422839221069, ""600522"": 0.08164150617333593, ""601899"": 0.07012286570110304, ""688008"": 0.060653334264808394, ""688676"": 0.0403950706488056}","{""002156"": 0.057082907292438735, ""002281"": 0.05134055813788227, ""002709"": 0.05520739716499585, ""002837"": 0.03854473546349239, ""300274"": 0.043975865444045185, ""300408"": 0.06003974318740797, ""515180"": 0.2567170416130086, ""600150"": 0.09447714982751029, ""600426"": 0.09061337243890374, ""600522"": 0.08209921059405831, ""601899"": 0.07230150299413135, ""688008"": 0.057997676993638766, ""688676"": 0.03960283884848659}",0.0,False,s1_stable_all7_30_vol_target,f5,False
2025-10-22,-0.0001268161204689576,0.0,-0.0001268161204689576,1.3115398702518282,0.0,0.7439850181456557,0.2560149818543444,0.0,12,"[""002156"", ""002281"", ""002709"", ""002837"", ""300274"", ""300408"", ""600150"", ""600426"", ""600522"", ""601899"", ""688008"", ""688676""]","{""002156"": 0.057082907292438735, ""002281"": 0.05134055813788227, ""002709"": 0.05520739716499585, ""002837"": 0.03854473546349239, ""300274"": 0.043975865444045185, ""300408"": 0.06003974318740797, ""515180"": 0.2567170416130086, ""600150"": 0.09447714982751029, ""600426"": 0.09061337243890374, ""600522"": 0.08209921059405831, ""601899"": 0.07230150299413135, ""688008"": 0.057997676993638766, ""688676"": 0.03960283884848659}","{""002156"": 0.05898300835736875, ""002281"": 0.05282196890585534, ""002709"": 0.05395242794232662, ""002837"": 0.040166565124720915, ""300274"": 0.04433538278877288, ""300408"": 0.059313474077189086, ""515180"": 0.2560149818543444, ""600150"": 0.09635485017110373, ""600426"": 0.08956061201913179, ""600522"": 0.08292258998644791, ""601899"": 0.06691180194815212, ""688008"": 0.058602538316939665, ""688676"": 0.04005979850764687}",0.0,False,s1_stable_all7_30_vol_target,f5,False
2025-10-23,-0.007769944753652949,0.0,-0.007769944753652949,1.3013492779177582,0.0,0.7410547531999593,0.2589452468000409,0.0,12,"[""002156"", ""002281"", ""002709"", ""002837"", ""300274"", ""300408"", ""600150"", ""600426"", ""600522"", ""601899"", ""688008"", ""688676""]","{""002156"": 0.05898300835736875, ""002281"": 0.05282196890585534, ""002709"": 0.05395242794232662, ""002837"": 0.040166565124720915, ""300274"": 0.04433538278877288, ""300408"": 0.059313474077189086, ""515180"": 0.2560149818543444, ""600150"": 0.09635485017110373, ""600426"": 0.08956061201913179, ""600522"": 0.08292258998644791, ""601899"": 0.06691180194815212, ""688008"": 0.058602538316939665, ""688676"": 0.04005979850764687}","{""002156"": 0.058447026557443896, ""002281"": 0.05357265024167767, ""002709"": 0.051656331130684435, ""002837"": 0.04048110104339514, ""300274"": 0.04382942903619879, ""300408"": 0.057389301114077154, ""515180"": 0.2589452468000409, ""600150"": 0.09610109309230032, ""600426"": 0.09095039355083259, ""600522"": 0.08212605803463363, ""601899"": 0.06950390307877333, ""688008"": 0.05836363234197892, ""688676"": 0.038633833977963376}",0.0,False,s1_stable_all7_30_vol_target,f5,False
2025-10-24,0.015273380061195704,0.0,0.015273380061195704,1.3212252800317588,0.0,0.7429448304026999,0.25705516959730024,0.0,12,"[""002156"", ""002281"", ""002709"", ""002837"", ""300274"", ""300408"", ""600150"", ""600426"", ""600522"", ""601899"", ""688008"", ""688676""]","{""002156"": 0.058447026557443896, ""002281"": 0.05357265024167767, ""002709"": 0.051656331130684435, ""002837"": 0.04048110104339514, ""300274"": 0.04382942903619879, ""300408"": 0.057389301114077154, ""515180"": 0.2589452468000409, ""600150"": 0.09610109309230032, ""600426"": 0.09095039355083259, ""600522"": 0.08212605803463363, ""601899"": 0.06950390307877333, ""688008"": 0.05836363234197892, ""688676"": 0.038633833977963376}","{""002156"": 0.05811701393874557, ""002281"": 0.05277523614613162, ""002709"": 0.05200668149569485, ""002837"": 0.03976052374968826, ""300274"": 0.04547431491634374, ""300408"": 0.05692006752210151, ""515180"": 0.25705516959730024, ""600150"": 0.09422592669867506, ""600426"": 0.09332643156840122, ""600522"": 0.08326413542125566, ""601899"": 0.07093183359321867, ""688008"": 0.05897480958769179, ""688676"": 0.03716785576475193}",0.0,False,s1_stable_all7_30_vol_target,f5,False
2025-10-27,0.030346959962980213,0.0,0.030346959962980213,1.3613204507069598,0.0,0.7519314265176044,0.24806857348239578,0.0,12,"[""002156"", ""002281"", ""002709"", ""002837"", ""300274"", ""300408"", ""600150"", ""600426"", ""600522"", ""601899"", ""688008"", ""688676""]","{""002156"": 0.05811701393874557, ""002281"": 0.05277523614613162, ""002709"": 0.05200668149569485, ""002837"": 0.03976052374968826, ""300274"": 0.04547431491634374, ""300408"": 0.05692006752210151, ""515180"": 0.25705516959730024, ""600150"": 0.09422592669867506, ""600426"": 0.09332643156840122, ""600522"": 0.08326413542125566, ""601899"": 0.07093183359321867, ""688008"": 0.05897480958769179, ""688676"": 0.03716785576475193}","{""002156"": 0.060417300112280324, ""002281"": 0.054839343843786456, ""002709"": 0.051949107327884755, ""002837"": 0.0415651199587599, ""300274"": 0.04788023660959662, ""300408"": 0.05808337341798444, ""515180"": 0.24806857348239578, ""600150"": 0.09335237141859327, ""600426"": 0.08940449976177563, ""600522"": 0.0825625121998742, ""601899"": 0.06900741959039376, ""688008"": 0.0628420191708925, ""688676"": 0.040028123105782465}",0.0,False,s1_stable_all7_30_vol_target,f5,False
2025-10-28,-0.0026006679407345698,0.0,-0.0026006679407345698,1.35778010825374,0.0,0.7502201977851145,0.24977980221488555,0.0,12,"[""002156"", ""002281"", ""002709"", ""002837"", ""300274"", ""300408"", ""600150"", ""600426"", ""600522"", ""601899"", ""688008"", ""688676""]","{""002156"": 0.060417300112280324, ""002281"": 0.054839343843786456, ""002709"": 0.051949107327884755, ""002837"": 0.0415651199587599, ""300274"": 0.04788023660959662, ""300408"": 0.05808337341798444, ""515180"": 0.24806857348239578, ""600150"": 0.09335237141859327, ""600426"": 0.08940449976177563, ""600522"": 0.0825625121998742, ""601899"": 0.06900741959039376, ""688008"": 0.0628420191708925, ""688676"": 0.040028123105782465}","{""002156"": 0.061896907749302406, ""002281"": 0.055081730242232924, ""002709"": 0.05322736876222839, ""002837"": 0.041667857808544505, ""300274"": 0.046534971661009165, ""300408"": 0.058060505371066794, ""515180"": 0.24977980221488555, ""600150"": 0.09437933912789645, ""600426"": 0.08886302449018374, ""600522"": 0.07917473862778249, ""601899"": 0.07008405121947074, ""688008"": 0.06073523084666903, ""688676"": 0.04051447187872791}",0.0,False,s1_stable_all7_30_vol_target,f5,False
2025-10-29,0.0036274720139749172,0.0,0.0036274720139749172,1.3627054175975621,0.0,0.7521835475970654,0.24781645240293476,0.0,12,"[""002156"", ""002281"", ""002709"", ""002837"", ""300274"", ""300408"", ""600150"", ""600426"", ""600522"", ""601899"", ""688008"", ""688676""]","{""002156"": 0.061896907749302406, ""002281"": 0.055081730242232924, ""002709"": 0.05322736876222839, ""002837"": 0.041667857808544505, ""300274"": 0.046534971661009165, ""300408"": 0.058060505371066794, ""515180"": 0.24977980221488555, ""600150"": 0.09437933912789645, ""600426"": 0.08886302449018374, ""600522"": 0.07917473862778249, ""601899"": 0.07008405121947074, ""688008"": 0.06073523084666903, ""688676"": 0.04051447187872791}","{""002156"": 0.061743258816810254, ""002281"": 0.05557589944645186, ""002709"": 0.055266791319660426, ""002837"": 0.041954966661088194, ""300274"": 0.04806151320981365, ""300408"": 0.05976121555537434, ""515180"": 0.24781645240293476, ""600150"": 0.09445460431130916, ""600426"": 0.08696490576350484, ""600522"": 0.07672535030453496, ""601899"": 0.06877270060875564, ""688008"": 0.061132740546853234, ""688676"": 0.041769601052908854}",0.0,False,s1_stable_all7_30_vol_target,f5,False
2025-10-30,0.026183057732900153,0.0,0.026183057732900153,1.3983852122194549,0.0,0.758678832886293,0.24132116711370724,0.0,12,"[""002156"", ""002281"", ""002709"", ""002837"", ""300274"", ""300408"", ""600150"", ""600426"", ""600522"", ""601899"", ""688008"", ""688676""]","{""002156"": 0.061743258816810254, ""002281"": 0.05557589944645186, ""002709"": 0.055266791319660426, ""002837"": 0.041954966661088194, ""300274"": 0.04806151320981365, ""300408"": 0.05976121555537434, ""515180"": 0.24781645240293476, ""600150"": 0.09445460431130916, ""600426"": 0.08696490576350484, ""600522"": 0.07672535030453496, ""601899"": 0.06877270060875564, ""688008"": 0.061132740546853234, ""688676"": 0.041769601052908854}","{""002156"": 0.061260376259164154, ""002281"": 0.05392464938799558, ""002709"": 0.057303887918359005, ""002837"": 0.04099540076650998, ""300274"": 0.05372613329848671, ""300408"": 0.0594437663755185, ""515180"": 0.24132116711370724, ""600150"": 0.09206995548804388, ""600426"": 0.08821401766566755, ""600522"": 0.07696543414303465, ""601899"": 0.06869055047098843, ""688008"": 0.061978079906990086, ""688676"": 0.04410658120553446}",0.0,False,s1_stable_all7_30_vol_target,f5,False
2025-10-31,-0.0064044993830902714,0.0,-0.0064044993830902714,1.3894292549904728,0.0,0.7579901269388808,0.24200987306111948,0.0,12,"[""002156"", ""002281"", ""002709"", ""002837"", ""300274"", ""300408"", ""600150"", ""600426"", ""600522"", ""601899"", ""688008"", ""688676""]","{""002156"": 0.061260376259164154, ""002281"": 0.05392464938799558, ""002709"": 0.057303887918359005, ""002837"": 0.04099540076650998, ""300274"": 0.05372613329848671, ""300408"": 0.0594437663755185, ""515180"": 0.24132116711370724, ""600150"": 0.09206995548804388, ""600426"": 0.08821401766566755, ""600522"": 0.07696543414303465, ""601899"": 0.06869055047098843, ""688008"": 0.061978079906990086, ""688676"": 0.04410658120553446}","{""002156"": 0.06003342795708492, ""002281"": 0.05301762044365413, ""002709"": 0.06152985373499127, ""002837"": 0.038211876495751605, ""300274"": 0.054264546810631274, ""300408"": 0.05931588753170908, ""515180"": 0.24200987306111948, ""600150"": 0.09199980477574411, ""600426"": 0.09118897572865023, ""600522"": 0.07597189157299541, ""601899"": 0.06989428852062916, ""688008"": 0.05955752671829682, ""688676"": 0.04300442664874277}",0.0,False,s1_stable_all7_30_vol_target,f5,False
2025-11-03,-0.024556087148650603,0.0,-0.024556087148650603,1.355310309118042,0.0,0.7515422579566607,0.2484577420433396,0.0,12,"[""002156"", ""002281"", ""002709"", ""002837"", ""300274"", ""300408"", ""600150"", ""600426"", ""600522"", ""601899"", ""688008"", ""688676""]","{""002156"": 0.06003342795708492, ""002281"": 0.05301762044365413, ""002709"": 0.06152985373499127, ""002837"": 0.038211876495751605, ""300274"": 0.054264546810631274, ""300408"": 0.05931588753170908, ""515180"": 0.24200987306111948, ""600150"": 0.09199980477574411, ""600426"": 0.09118897572865023, ""600522"": 0.07597189157299541, ""601899"": 0.06989428852062916, ""688008"": 0.05955752671829682, ""688676"": 0.04300442664874277}","{""002156"": 0.05906484472016401, ""002281"": 0.05171351683296112, ""002709"": 0.06141491697139047, ""002837"": 0.03798916566143218, ""300274"": 0.054911347934939264, ""300408"": 0.05724656466963731, ""515180"": 0.2484577420433396, ""600150"": 0.09271969836246541, ""600426"": 0.0927469082144863, ""600522"": 0.07728282555028865, ""601899"": 0.06928979358489455, ""688008"": 0.055262349892957856, ""688676"": 0.0419003255610436}",0.0,False,s1_stable_all7_30_vol_target,f5,False
2025-11-04,0.011339590254022118,0.0,0.011339590254022118,1.3706789726904927,0.0,0.7525707670081069,0.24742923299189346,0.0,12,"[""002156"", ""002281"", ""002709"", ""002837"", ""300274"", ""300408"", ""600150"", ""600426"", ""600522"", ""601899"", ""688008"", ""688676""]","{""002156"": 0.05906484472016401, ""002281"": 0.05171351683296112, ""002709"": 0.06141491697139047, ""002837"": 0.03798916566143218, ""300274"": 0.054911347934939264, ""300408"": 0.05724656466963731, ""515180"": 0.2484577420433396, ""600150"": 0.09271969836246541, ""600426"": 0.0927469082144863, ""600522"": 0.07728282555028865, ""601899"": 0.06928979358489455, ""688008"": 0.055262349892957856, ""688676"": 0.0419003255610436}","{""002156"": 0.05804034495078108, ""002281"": 0.050764455953067895, ""002709"": 0.0610734682619956, ""002837"": 0.03842795673649759, ""300274"": 0.05625146950173325, ""300408"": 0.05944810621992042, ""515180"": 0.24742923299189346, ""600150"": 0.09338768516906405, ""600426"": 0.09246955569083584, ""600522"": 0.07559264736409761, ""601899"": 0.0670869947075196, ""688008"": 0.05496989144961665, ""688676"": 0.045058191002977276}",0.0,False,s1_stable_all7_30_vol_target,f5,False
2025-11-05,-0.041996733181572585,0.0,-0.041996733181572585,1.313114933596818,0.0,0.7413571502804309,0.25864284971956947,0.0,12,"[""002156"", ""002281"", ""002709"", ""002837"", ""300274"", ""300408"", ""600150"", ""600426"", ""600522"", ""601899"", ""688008"", ""688676""]","{""002156"": 0.05804034495078108, ""002281"": 0.050764455953067895, ""002709"": 0.0610734682619956, ""002837"": 0.03842795673649759, ""300274"": 0.05625146950173325, ""300408"": 0.05944810621992042, ""515180"": 0.24742923299189346, ""600150"": 0.09338768516906405, ""600426"": 0.09246955569083584, ""600522"": 0.07559264736409761, ""601899"": 0.0670869947075196, ""688008"": 0.05496989144961665, ""688676"": 0.045058191002977276}","{""002156"": 0.057341614505679844, ""002281"": 0.05092576187516591, ""002709"": 0.059559771861249014, ""002837"": 0.036921922516544955, ""300274"": 0.05321140894737355, ""300408"": 0.05775228786877291, ""515180"": 0.25864284971956947, ""600150"": 0.09599621128144684, ""600426"": 0.09226636511109759, ""600522"": 0.07527638163360076, ""601899"": 0.06617274273000907, ""688008"": 0.05328152978107738, ""688676"": 0.04265115216841307}",0.0,False,s1_stable_all7_30_vol_target,f5,False
2025-11-06,0.04124751683122355,0.0,0.04124751683122355,1.3672776639216837,0.0,0.7498412318291253,0.25015876817087496,0.0,12,"[""002156"", ""002281"", ""002709"", ""002837"", ""300274"", ""300408"", ""600150"", ""600426"", ""600522"", ""601899"", ""688008"", ""688676""]","{""002156"": 0.057341614505679844, ""002281"": 0.05092576187516591, ""002709"": 0.059559771861249014, ""002837"": 0.036921922516544955, ""300274"": 0.05321140894737355, ""300408"": 0.05775228786877291, ""515180"": 0.25864284971956947, ""600150"": 0.09599621128144684, ""600426"": 0.09226636511109759, ""600522"": 0.07527638163360076, ""601899"": 0.06617274273000907, ""688008"": 0.05328152978107738, ""688676"": 0.04265115216841307}","{""002156"": 0.05673217092819898, ""002281"": 0.04951709323156031, ""002709"": 0.059984608163445335, ""002837"": 0.03604051078453286, ""300274"": 0.05694593852662444, ""300408"": 0.060473065852630056, ""515180"": 0.25015876817087496, ""600150"": 0.09266032798145764, ""600426"": 0.09021626618179683, ""600522"": 0.07701924191541537, ""601899"": 0.06610564665518, ""688008"": 0.053376534730027604, ""688676"": 0.05076982687825588}",0.0,False,s1_stable_all7_30_vol_target,f5,False
2025-11-07,0.012789622196156212,0.0,0.012789622196156212,1.3847646286804853,0.0,0.75247843469498,0.24752156530502015,0.0,12,"[""002156"", ""002281"", ""002709"", ""002837"", ""300274"", ""300408"", ""600150"", ""600426"", ""600522"", ""601899"", ""688008"", ""688676""]","{""002156"": 0.05673217092819898, ""002281"": 0.04951709323156031, ""002709"": 0.059984608163445335, ""002837"": 0.03604051078453286, ""300274"": 0.05694593852662444, ""300408"": 0.060473065852630056, ""515180"": 0.25015876817087496, ""600150"": 0.09266032798145764, ""600426"": 0.09021626618179683, ""600522"": 0.07701924191541537, ""601899"": 0.06610564665518, ""688008"": 0.053376534730027604, ""688676"": 0.05076982687825588}","{""002156"": 0.055739940056064585, ""002281"": 0.04978515726380979, ""002709"": 0.06357480017460164, ""002837"": 0.03632517931745461, ""300274"": 0.056240786418276636, ""300408"": 0.059994272799215716, ""515180"": 0.24752156530502015, ""600150"": 0.09115727839128251, ""600426"": 0.09185245688568355, ""600522"": 0.07717895453716285, ""601899"": 0.06684420631913066, ""688008"": 0.05246770598117768, ""688676"": 0.051317696551119764}",0.0,False,s1_stable_all7_30_vol_target,f5,False
2025-11-10,0.015412884751913741,0.0,0.015412884751913741,1.4061078463108643,0.0,0.7555503353035226,0.24444966469647758,0.0,12,"[""002156"", ""002281"", ""002709"", ""002837"", ""300274"", ""300408"", ""600150"", ""600426"", ""600522"", ""601899"", ""688008"", ""688676""]","{""002156"": 0.055739940056064585, ""002281"": 0.04978515726380979, ""002709"": 0.06357480017460164, ""002837"": 0.03632517931745461, ""300274"": 0.056240786418276636, ""300408"": 0.059994272799215716, ""515180"": 0.24752156530502015, ""600150"": 0.09115727839128251, ""600426"": 0.09185245688568355, ""600522"": 0.07717895453716285, ""601899"": 0.06684420631913066, ""688008"": 0.05246770598117768, ""688676"": 0.051317696551119764}","{""002156"": 0.05462224313335061, ""002281"": 0.04917344075238192, ""002709"": 0.06408117406151714, ""002837"": 0.03618234179535667, ""300274"": 0.055714495646135745, ""300408"": 0.05809610992020983, ""515180"": 0.24444966469647758, ""600150"": 0.08901698267850147, ""600426"": 0.09614188535445592, ""600522"": 0.07792548894571331, ""601899"": 0.06835886038423739, ""688008"": 0.0524725992175991, ""688676"": 0.05376471341406345}",0.0,False,s1_stable_all7_30_vol_target,f5,False
2025-11-11,-0.002498248458433143,0.0,-0.002498248458433143,1.4025950395514273,0.0,0.7532207875283297,0.24677921247167048,0.0,12,"[""002156"", ""002281"", ""002709"", ""002837"", ""300274"", ""300408"", ""600150"", ""600426"", ""600522"", ""601899"", ""688008"", ""688676""]","{""002156"": 0.05462224313335061, ""002281"": 0.04917344075238192, ""002709"": 0.06408117406151714, ""002837"": 0.03618234179535667, ""300274"": 0.055714495646135745, ""300408"": 0.05809610992020983, ""515180"": 0.24444966469647758, ""600150"": 0.08901698267850147, ""600426"": 0.09614188535445592, ""600522"": 0.07792548894571331, ""601899"": 0.06835886038423739, ""688008"": 0.0524725992175991, ""688676"": 0.05376471341406345}","{""002156"": 0.05511304049783495, ""002281"": 0.049304614211319625, ""002709"": 0.06350413739624454, ""002837"": 0.03510161004525649, ""300274"": 0.05497146664202164, ""300408"": 0.05716162608707061, ""515180"": 0.24677921247167048, ""600150"": 0.08853197380425741, ""600426"": 0.10033555238791654, ""600522"": 0.076421406557646, ""601899"": 0.06800466834581943, ""688008"": 0.05151695908900101, ""688676"": 0.05325373246394141}",0.0,False,s1_stable_all7_30_vol_target,f5,False
2025-11-12,-0.026529765849374595,0.0,-0.026529765849374595,1.3653845215706335,0.0,0.7470246062522943,0.25297539374770583,0.0,12,"[""002156"", ""002281"", ""002709"", ""002837"", ""300274"", ""300408"", ""600150"", ""600426"", ""600522"", ""601899"", ""688008"", ""688676""]","{""002156"": 0.05511304049783495, ""002281"": 0.049304614211319625, ""002709"": 0.06350413739624454, ""002837"": 0.03510161004525649, ""300274"": 0.05497146664202164, ""300408"": 0.05716162608707061, ""515180"": 0.24677921247167048, ""600150"": 0.08853197380425741, ""600426"": 0.10033555238791654, ""600522"": 0.076421406557646, ""601899"": 0.06800466834581943, ""688008"": 0.05151695908900101, ""688676"": 0.05325373246394141}","{""002156"": 0.05351007180168737, ""002281"": 0.0480207512581666, ""002709"": 0.06371954540058183, ""002837"": 0.03523851402780366, ""300274"": 0.053316258744374574, ""300408"": 0.05587655424609417, ""515180"": 0.25297539374770583, ""600150"": 0.08938633142802707, ""600426"": 0.10292257563195698, ""600522"": 0.0771260311651925, ""601899"": 0.06762872381194134, ""688008"": 0.05124180868839365, ""688676"": 0.049037440048074595}",0.0,False,s1_stable_all7_30_vol_target,f5,False
2025-11-13,-0.0013568920533913974,0.0,-0.0013568920533913974,1.3635318421634908,0.0,0.7461509232318533,0.2538490767681469,0.0,12,"[""002156"", ""002281"", ""002709"", ""002837"", ""300274"", ""300408"", ""600150"", ""600426"", ""600522"", ""601899"", ""688008"", ""688676""]","{""002156"": 0.05351007180168737, ""002281"": 0.0480207512581666, ""002709"": 0.06371954540058183, ""002837"": 0.03523851402780366, ""300274"": 0.053316258744374574, ""300408"": 0.05587655424609417, ""515180"": 0.25297539374770583, ""600150"": 0.08938633142802707, ""600426"": 0.10292257563195698, ""600522"": 0.0771260311651925, ""601899"": 0.06762872381194134, ""688008"": 0.05124180868839365, ""688676"": 0.049037440048074595}","{""002156"": 0.055207389632679356, ""002281"": 0.048135486931171347, ""002709"": 0.0653234382569594, ""002837"": 0.03609668753351136, ""300274"": 0.05377453790776038, ""300408"": 0.053429748221802575, ""515180"": 0.2538490767681469, ""600150"": 0.0886755161887789, ""600426"": 0.10405276408066066, ""600522"": 0.07520690826075911, ""601899"": 0.0681435734853679, ""688008"": 0.050818108943382116, ""688676"": 0.047286763789020164}",0.0,False,s1_stable_all7_30_vol_target,f5,False
2025-11-14,0.006722003506195496,0.0,0.006722003506195496,1.372697507987323,0.0,0.7478459039496056,0.25215409605039457,0.0,12,"[""002156"", ""002281"", ""002709"", ""002837"", ""300274"", ""300408"", ""600150"", ""600426"", ""600522"", ""601899"", ""688008"", ""688676""]","{""002156"": 0.055207389632679356, ""002281"": 0.048135486931171347, ""002709"": 0.0653234382569594, ""002837"": 0.03609668753351136, ""300274"": 0.05377453790776038, ""300408"": 0.053429748221802575, ""515180"": 0.2538490767681469, ""600150"": 0.0886755161887789, ""600426"": 0.10405276408066066, ""600522"": 0.07520690826075911, ""601899"": 0.0681435734853679, ""688008"": 0.050818108943382116, ""688676"": 0.047286763789020164}","{""002156"": 0.05321108745668131, ""002281"": 0.0475191341643232, ""002709"": 0.07316170347137398, ""002837"": 0.03900475390331277, ""300274"": 0.0519416180231645, ""300408"": 0.05177407041409925, ""515180"": 0.25215409605039457, ""600150"": 0.088109253839288, ""600426"": 0.10324921332875156, ""600522"": 0.075115961485534, ""601899"": 0.06838879726915431, ""688008"": 0.0504787903377433, ""688676"": 0.04589152025617944}",0.0,False,s1_stable_all7_30_vol_target,f5,False
2025-11-17,-0.007989558556901328,0.0,-0.007989558556901328,1.3617302608663457,0.0,0.7465226219105867,0.2534773780894135,0.0,12,"[""002156"", ""002281"", ""002709"", ""002837"", ""300274"", ""300408"", ""600150"", ""600426"", ""600522"", ""601899"", ""688008"", ""688676""]","{""002156"": 0.05321108745668131, ""002281"": 0.0475191341643232, ""002709"": 0.07316170347137398, ""002837"": 0.03900475390331277, ""300274"": 0.0519416180231645, ""300408"": 0.05177407041409925, ""515180"": 0.25215409605039457, ""600150"": 0.088109253839288, ""600426"": 0.10324921332875156, ""600522"": 0.075115961485534, ""601899"": 0.06838879726915431, ""688008"": 0.0504787903377433, ""688676"": 0.04589152025617944}","{""002156"": 0.052545787894652835, ""002281"": 0.046712561509907644, ""002709"": 0.0712896388784678, ""002837"": 0.038848527393818805, ""300274"": 0.05166111751089511, ""300408"": 0.05098595862545158, ""515180"": 0.2534773780894135, ""600150"": 0.08967828897213194, ""600426"": 0.10540138903940996, ""600522"": 0.07512217181233519, ""601899"": 0.06806902593952999, ""688008"": 0.04976566170640561, ""688676"": 0.04644249262758021}",0.0,False,s1_stable_all7_30_vol_target,f5,False
2025-11-18,-0.005053379832274222,0.0,-0.005053379832274222,1.3548489206290861,0.0,0.7468352566700238,0.2531647433299764,0.0,12,"[""002156"", ""002281"", ""002709"", ""002837"", ""300274"", ""300408"", ""600150"", ""600426"", ""600522"", ""601899"", ""688008"", ""688676""]","{""002156"": 0.052545787894652835, ""002281"": 0.046712561509907644, ""002709"": 0.0712896388784678, ""002837"": 0.038848527393818805, ""300274"": 0.05166111751089511, ""300408"": 0.05098595862545158, ""515180"": 0.2534773780894135, ""600150"": 0.08967828897213194, ""600426"": 0.10540138903940996, ""600522"": 0.07512217181233519, ""601899"": 0.06806902593952999, ""688008"": 0.04976566170640561, ""688676"": 0.04644249262758021}","{""002156"": 0.05269991013275383, ""002281"": 0.0468336043493471, ""002709"": 0.07073549886850033, ""002837"": 0.0396599291726258, ""300274"": 0.052251856401681944, ""300408"": 0.05154772266503948, ""515180"": 0.2531647433299764, ""600150"": 0.08971496841549459, ""600426"": 0.10541921505171487, ""600522"": 0.07457786278130728, ""601899"": 0.06597896894146578, ""688008"": 0.049819829631835594, ""688676"": 0.04759589025825721}",0.0,False,s1_stable_all7_30_vol_target,f5,False
2025-11-19,-0.019934825719903834,0.0,-0.019934825719903834,1.3278402435195455,0.0,0.744951015756693,0.2550489842433072,0.0,12,"[""002156"", ""002281"", ""002709"", ""002837"", ""300274"", ""300408"", ""600150"", ""600426"", ""600522"", ""601899"", ""688008"", ""688676""]","{""002156"": 0.05269991013275383, ""002281"": 0.0468336043493471, ""002709"": 0.07073549886850033, ""002837"": 0.0396599291726258, ""300274"": 0.052251856401681944, ""300408"": 0.05154772266503948, ""515180"": 0.2531647433299764, ""600150"": 0.08971496841549459, ""600426"": 0.10541921505171487, ""600522"": 0.07457786278130728, ""601899"": 0.06597896894146578, ""688008"": 0.049819829631835594, ""688676"": 0.04759589025825721}","{""002156"": 0.05368555207304998, ""002281"": 0.0491329012019724, ""002709"": 0.06559910109002821, ""002837"": 0.04094899641549815, ""300274"": 0.05050043641150859, ""300408"": 0.05248927035205941, ""515180"": 0.2550489842433072, ""600150"": 0.08991064365220196, ""600426"": 0.1028257920509845, ""600522"": 0.0759058612951572, ""601899"": 0.06741751893577755, ""688008"": 0.05053767283617284, ""688676"": 0.04599726944228219}",0.0,False,s1_stable_all7_30_vol_target,f5,False
2025-11-20,0.01765163009322928,0.0,0.01765163009322928,1.351278788321056,0.0,0.7491967023769612,0.25080329762303905,0.0,12,"[""002156"", ""002281"", ""002709"", ""002837"", ""300274"", ""300408"", ""600150"", ""600426"", ""600522"", ""601899"", ""688008"", ""688676""]","{""002156"": 0.05368555207304998, ""002281"": 0.0491329012019724, ""002709"": 0.06559910109002821, ""002837"": 0.04094899641549815, ""300274"": 0.05050043641150859, ""300408"": 0.05248927035205941, ""515180"": 0.2550489842433072, ""600150"": 0.08991064365220196, ""600426"": 0.1028257920509845, ""600522"": 0.0759058612951572, ""601899"": 0.06741751893577755, ""688008"": 0.05053767283617284, ""688676"": 0.04599726944228219}","{""002156"": 0.05354575890610527, ""002281"": 0.04863854988243749, ""002709"": 0.0689473001051693, ""002837"": 0.040827504158463715, ""300274"": 0.05161982590764787, ""300408"": 0.05234950723007048, ""515180"": 0.25080329762303905, ""600150"": 0.09010946413661086, ""600426"": 0.10248356472352631, ""600522"": 0.0746820700447665, ""601899"": 0.06781304791585305, ""688008"": 0.05059859190598676, ""688676"": 0.04758151746032357}",0.0,False,s1_stable_all7_30_vol_target,f5,False
2025-11-21,-0.034229053441400634,0.0,-0.034229053441400634,1.3050257944613834,0.0,0.741599681671743,0.2584003183282572,0.0,12,"[""002156"", ""002281"", ""002709"", ""002837"", ""300274"", ""300408"", ""600150"", ""600426"", ""600522"", ""601899"", ""688008"", ""688676""]","{""002156"": 0.05354575890610527, ""002281"": 0.04863854988243749, ""002709"": 0.0689473001051693, ""002837"": 0.040827504158463715, ""300274"": 0.05161982590764787, ""300408"": 0.05234950723007048, ""515180"": 0.25080329762303905, ""600150"": 0.09010946413661086, ""600426"": 0.10248356472352631, ""600522"": 0.0746820700447665, ""601899"": 0.06781304791585305, ""688008"": 0.05059859190598676, ""688676"": 0.04758151746032357}","{""002156"": 0.05256080837763159, ""002281"": 0.04749268091668261, ""002709"": 0.06587396803233755, ""002837"": 0.03957179230603164, ""300274"": 0.05019463206058773, ""300408"": 0.05144815515697429, ""515180"": 0.2584003183282572, ""600150"": 0.09194442471373067, ""600426"": 0.10428013575011646, ""600522"": 0.0750701349178334, ""601899"": 0.06793322842189191, ""688008"": 0.04917900716568126, ""688676"": 0.04605071385224382}",0.0,False,s1_stable_all7_30_vol_target,f5,False
2025-11-24,-0.010288127339283372,0.0,-0.010288127339283372,1.2915995229069153,0.0,0.7422704167067997,0.2577295832932005,0.0,12,"[""002156"", ""002281"", ""002709"", ""002837"", ""300274"", ""300408"", ""600150"", ""600426"", ""600522"", ""601899"", ""688008"", ""688676""]","{""002156"": 0.05256080837763159, ""002281"": 0.04749268091668261, ""002709"": 0.06587396803233755, ""002837"": 0.03957179230603164, ""300274"": 0.05019463206058773, ""300408"": 0.05144815515697429, ""515180"": 0.2584003183282572, ""600150"": 0.09194442471373067, ""600426"": 0.10428013575011646, ""600522"": 0.0750701349178334, ""601899"": 0.06793322842189191, ""688008"": 0.04917900716568126, ""688676"": 0.04605071385224382}","{""002156"": 0.052249636643022346, ""002281"": 0.048073444609456124, ""002709"": 0.06303473361557416, ""002837"": 0.039589531764229406, ""300274"": 0.05070442879772662, ""300408"": 0.05140878110349744, ""515180"": 0.2577295832932005, ""600150"": 0.09281782323837563, ""600426"": 0.10571095942322475, ""600522"": 0.0738595403835917, ""601899"": 0.06856498000428367, ""688008"": 0.05003308537464808, ""688676"": 0.04622347174916975}",0.0,False,s1_stable_all7_30_vol_target,f5,False
2025-11-25,0.005081471348242766,0.0,0.005081471348242766,1.2981627488759708,0.0,0.7448722729845009,0.2551277270154993,0.0,12,"[""002156"", ""002281"", ""002709"", ""002837"", ""300274"", ""300408"", ""600150"", ""600426"", ""600522"", ""601899"", ""688008"", ""688676""]","{""002156"": 0.052249636643022346, ""002281"": 0.048073444609456124, ""002709"": 0.06303473361557416, ""002837"": 0.039589531764229406, ""300274"": 0.05070442879772662, ""300408"": 0.05140878110349744, ""515180"": 0.2577295832932005, ""600150"": 0.09281782323837563, ""600426"": 0.10571095942322475, ""600522"": 0.0738595403835917, ""601899"": 0.06856498000428367, ""688008"": 0.05003308537464808, ""688676"": 0.04622347174916975}","{""002156"": 0.05255918386596728, ""002281"": 0.049814304652263594, ""002709"": 0.06064420868158849, ""002837"": 0.03926989781999192, ""300274"": 0.05113941323214201, ""300408"": 0.051319037638910006, ""515180"": 0.2551277270154993, ""600150"": 0.09543549262200672, ""600426"": 0.1049464609679157, ""600522"": 0.07488723883779334, ""601899"": 0.06829237356284391, ""688008"": 0.05018170709141655, ""688676"": 0.046382954011661384}",0.0,False,s1_stable_all7_30_vol_target,f5,False
2025-11-26,0.006655379187075183,0.0,0.006655379187075183,1.3068025142162762,0.0,0.7454530945342951,0.2545469054657052,0.0,12,"[""002156"", ""002281"", ""002709"", ""002837"", ""300274"", ""300408"", ""600150"", ""600426"", ""600522"", ""601899"", ""688008"", ""688676""]","{""002156"": 0.05255918386596728, ""002281"": 0.049814304652263594, ""002709"": 0.06064420868158849, ""002837"": 0.03926989781999192, ""300274"": 0.05113941323214201, ""300408"": 0.051319037638910006, ""515180"": 0.2551277270154993, ""600150"": 0.09543549262200672, ""600426"": 0.1049464609679157, ""600522"": 0.07488723883779334, ""601899"": 0.06829237356284391, ""688008"": 0.05018170709141655, ""688676"": 0.046382954011661384}","{""002156"": 0.051817137378022675, ""002281"": 0.05039720800012071, ""002709"": 0.06226974071243848, ""002837"": 0.040255761522095077, ""300274"": 0.05165680633041229, ""300408"": 0.05270640163990688, ""515180"": 0.2545469054657052, ""600150"": 0.0933391125136494, ""600426"": 0.10348755455826103, ""600522"": 0.07463210561359147, ""601899"": 0.0683067058540953, ""688008"": 0.04919793362353335, ""688676"": 0.0473866267881684}",0.0,False,s1_stable_all7_30_vol_target,f5,False
2025-11-27,0.006609984178106771,0.0,0.006609984178106771,1.3154404581591561,0.0,0.7482232590896586,0.2517767409103416,0.0,12,"[""002156"", ""002281"", ""002709"", ""002837"", ""300274"", ""300408"", ""600150"", ""600426"", ""600522"", ""601899"", ""688008"", ""688676""]","{""002156"": 0.051817137378022675, ""002281"": 0.05039720800012071, ""002709"": 0.06226974071243848, ""002837"": 0.040255761522095077, ""300274"": 0.05165680633041229, ""300408"": 0.05270640163990688, ""515180"": 0.2545469054657052, ""600150"": 0.0933391125136494, ""600426"": 0.10348755455826103, ""600522"": 0.07463210561359147, ""601899"": 0.0683067058540953, ""688008"": 0.04919793362353335, ""688676"": 0.0473866267881684}","{""002156"": 0.05266729422494127, ""002281"": 0.05102382236888058, ""002709"": 0.0614204612879686, ""002837"": 0.04139103847528297, ""300274"": 0.05479062627417348, ""300408"": 0.05236030087953225, ""515180"": 0.2517767409103416, ""600150"": 0.09121647822528323, ""600426"": 0.10197392346149592, ""600522"": 0.07452346606777917, ""601899"": 0.06819916026196482, ""688008"": 0.0502044057270439, ""688676"": 0.048452281835312395}",0.0,False,s1_stable_all7_30_vol_target,f5,False
2025-11-28,-0.0017425369228382729,8.726406333517271e-05,-0.0018298009861734456,1.313033463911564,0.059260205970287916,0.7499999999999999,0.2500000000000001,0.0,12,"[""002156"", ""002281"", ""002709"", ""002837"", ""300274"", ""300408"", ""600150"", ""600426"", ""600522"", ""601899"", ""688008"", ""688676""]","{""002156"": 0.05266729422494127, ""002281"": 0.05102382236888058, ""002709"": 0.0614204612879686, ""002837"": 0.04139103847528297, ""300274"": 0.05479062627417348, ""300408"": 0.05236030087953225, ""515180"": 0.2517767409103416, ""600150"": 0.09121647822528323, ""600426"": 0.10197392346149592, ""600522"": 0.07452346606777917, ""601899"": 0.06819916026196482, ""688008"": 0.0502044057270439, ""688676"": 0.048452281835312395}","{""002156"": 0.05304392212677027, ""002281"": 0.055843179173358216, ""002709"": 0.04426444154007299, ""002837"": 0.04497707183277724, ""300274"": 0.040923855225006044, ""300408"": 0.05670520184034427, ""515180"": 0.2500000000000001, ""600150"": 0.12597975170607326, ""600426"": 0.08839694681245078, ""600522"": 0.07567338263833744, ""601899"": 0.07042642872697162, ""688008"": 0.05678675278322677, ""688676"": 0.03697906559461103}",0.0,False,s1_stable_all7_30_vol_target,f5,False
2025-12-01,0.016449861757963345,0.0,0.016449861757963345,1.334632682876489,0.0,0.7533298872172517,0.24667011278274834,0.0,12,"[""002156"", ""002281"", ""002709"", ""002837"", ""300274"", ""300408"", ""600150"", ""600426"", ""600522"", ""601899"", ""688008"", ""688676""]","{""002156"": 0.05304392212677027, ""002281"": 0.055843179173358216, ""002709"": 0.04426444154007299, ""002837"": 0.04497707183277724, ""300274"": 0.040923855225006044, ""300408"": 0.05670520184034427, ""515180"": 0.2500000000000001, ""600150"": 0.12597975170607326, ""600426"": 0.08839694681245078, ""600522"": 0.07567338263833744, ""601899"": 0.07042642872697162, ""688008"": 0.05678675278322677, ""688676"": 0.03697906559461103}","{""002156"": 0.05385071033269797, ""002281"": 0.05542135794560354, ""002709"": 0.044625035074909065, ""002837"": 0.043992013495464215, ""300274"": 0.0409283000684795, ""300408"": 0.05622565047572394, ""515180"": 0.24667011278274834, ""600150"": 0.1243076837955019, ""600426"": 0.08755904708942222, ""600522"": 0.07800992989179466, ""601899"": 0.07104421228849653, ""688008"": 0.05702137825520719, ""688676"": 0.04034456850395096}",0.0,False,s1_stable_all7_30_vol_target,f5,False
2025-12-02,0.001083069411641651,0.0,0.001083069411641651,1.3360781827110897,0.0,0.7518086368173436,0.24819136318265642,0.0,12,"[""002156"", ""002281"", ""002709"", ""002837"", ""300274"", ""300408"", ""600150"", ""600426"", ""600522"", ""601899"", ""688008"", ""688676""]","{""002156"": 0.05385071033269797, ""002281"": 0.05542135794560354, ""002709"": 0.044625035074909065, ""002837"": 0.043992013495464215, ""300274"": 0.0409283000684795, ""300408"": 0.05622565047572394, ""515180"": 0.24667011278274834, ""600150"": 0.1243076837955019, ""600426"": 0.08755904708942222, ""600522"": 0.07800992989179466, ""601899"": 0.07104421228849653, ""688008"": 0.05702137825520719, ""688676"": 0.04034456850395096}","{""002156"": 0.05379244937620132, ""002281"": 0.0557519703263032, ""002709"": 0.044489822966523, ""002837"": 0.04471508034145529, ""300274"": 0.039794168007047194, ""300408"": 0.05440126197606793, ""515180"": 0.24819136318265642, ""600150"": 0.1245761769160136, ""600426"": 0.08709124853759806, ""600522"": 0.07903119875512551, ""601899"": 0.07195644170498562, ""688008"": 0.05698825870983729, ""688676"": 0.039220559200185544}",0.0,False,s1_stable_all7_30_vol_target,f5,False
2025-12-03,-0.0026966339880525048,0.0,-0.0026966339880525048,1.3324752688728956,0.0,0.7514961372976444,0.2485038627023556,0.0,12,"[""002156"", ""002281"", ""002709"", ""002837"", ""300274"", ""300408"", ""600150"", ""600426"", ""600522"", ""601899"", ""688008"", ""688676""]","{""002156"": 0.05379244937620132, ""002281"": 0.0557519703263032, ""002709"": 0.044489822966523, ""002837"": 0.04471508034145529, ""300274"": 0.039794168007047194, ""300408"": 0.05440126197606793, ""515180"": 0.24819136318265642, ""600150"": 0.1245761769160136, ""600426"": 0.08709124853759806, ""600522"": 0.07903119875512551, ""601899"": 0.07195644170498562, ""688008"": 0.05698825870983729, ""688676"": 0.039220559200185544}","{""002156"": 0.053444773526148286, ""002281"": 0.055647705464867185, ""002709"": 0.044305034068565105, ""002837"": 0.04378731749473587, ""300274"": 0.040691011983613926, ""300408"": 0.05391589174567622, ""515180"": 0.2485038627023556, ""600150"": 0.12432528206386606, ""600426"": 0.088672602122602, ""600522"": 0.079630513145965, ""601899"": 0.07202703575989955, ""688008"": 0.056502522933141786, ""688676"": 0.03854644698856338}",0.0,False,s1_stable_all7_30_vol_target,f5,False
2025-12-04,-0.006961339628503411,0.0,-0.006961339628503411,1.32319945597969,0.0,0.750115195739657,0.249884804260343,0.0,12,"[""002156"", ""002281"", ""002709"", ""002837"", ""300274"", ""300408"", ""600150"", ""600426"", ""600522"", ""601899"", ""688008"", ""688676""]","{""002156"": 0.053444773526148286, ""002281"": 0.055647705464867185, ""002709"": 0.044305034068565105, ""002837"": 0.04378731749473587, ""300274"": 0.040691011983613926, ""300408"": 0.05391589174567622, ""515180"": 0.2485038627023556, ""600150"": 0.12432528206386606, ""600426"": 0.088672602122602, ""600522"": 0.079630513145965, ""601899"": 0.07202703575989955, ""688008"": 0.056502522933141786, ""688676"": 0.03854644698856338}","{""002156"": 0.05262178626285197, ""002281"": 0.0550472827325496, ""002709"": 0.0431233839933246, ""002837"": 0.043667849252462976, ""300274"": 0.03972862149672708, ""300408"": 0.05402089215625883, ""515180"": 0.249884804260343, ""600150"": 0.12331026689004922, ""600426"": 0.09039564663597736, ""600522"": 0.07902376465530632, ""601899"": 0.07500378444958879, ""688008"": 0.05633604165188742, ""688676"": 0.0378358755626728}",0.0,False,s1_stable_all7_30_vol_target,f5,False
2025-12-05,0.0025871205710471987,0.0,0.0025871205710471987,1.3266227325118536,0.0,0.7514803564387609,0.24851964356123898,0.0,12,"[""002156"", ""002281"", ""002709"", ""002837"", ""300274"", ""300408"", ""600150"", ""600426"", ""600522"", ""601899"", ""688008"", ""688676""]","{""002156"": 0.05262178626285197, ""002281"": 0.0550472827325496, ""002709"": 0.0431233839933246, ""002837"": 0.043667849252462976, ""300274"": 0.03972862149672708, ""300408"": 0.05402089215625883, ""515180"": 0.249884804260343, ""600150"": 0.12331026689004922, ""600426"": 0.09039564663597736, ""600522"": 0.07902376465530632, ""601899"": 0.07500378444958879, ""688008"": 0.05633604165188742, ""688676"": 0.0378358755626728}","{""002156"": 0.0534183320302595, ""002281"": 0.055435810025668296, ""002709"": 0.042464906517241344, ""002837"": 0.04397408199181671, ""300274"": 0.04049787601720752, ""300408"": 0.05516497344039692, ""515180"": 0.24851964356123898, ""600150"": 0.12247553069805349, ""600426"": 0.08859004710896025, ""600522"": 0.07930399960635755, ""601899"": 0.07418765277559061, ""688008"": 0.05712586989584361, ""688676"": 0.038841276331365124}",0.0,False,s1_stable_all7_30_vol_target,f5,False
2025-12-08,0.011077805463160985,0.0,0.011077805463160985,1.341318801065627,0.0,0.7538470178922618,0.24615298210773803,0.0,12,"[""002156"", ""002281"", ""002709"", ""002837"", ""300274"", ""300408"", ""600150"", ""600426"", ""600522"", ""601899"", ""688008"", ""688676""]","{""002156"": 0.0534183320302595, ""002281"": 0.055435810025668296, ""002709"": 0.042464906517241344, ""002837"": 0.04397408199181671, ""300274"": 0.04049787601720752, ""300408"": 0.05516497344039692, ""515180"": 0.24851964356123898, ""600150"": 0.12247553069805349, ""600426"": 0.08859004710896025, ""600522"": 0.07930399960635755, ""601899"": 0.07418765277559061, ""688008"": 0.05712586989584361, ""688676"": 0.038841276331365124}","{""002156"": 0.05290509818936937, ""002281"": 0.05681890243392233, ""002709"": 0.040603334749621356, ""002837"": 0.04356516618505147, ""300274"": 0.04052548121629672, ""300408"": 0.05497087870562005, ""515180"": 0.24615298210773803, ""600150"": 0.12219189023267678, ""600426"": 0.09057210818811198, ""600522"": 0.0793449196849195, ""601899"": 0.0753699065465664, ""688008"": 0.0567371418201263, ""688676"": 0.04024218993997953}",0.0,False,s1_stable_all7_30_vol_target,f5,False
2025-12-09,0.010735735128195147,0.0,0.010735735128195147,1.3557188444363357,0.0,0.7576951338887906,0.24230486611120924,0.0,12,"[""002156"", ""002281"", ""002709"", ""002837"", ""300274"", ""300408"", ""600150"", ""600426"", ""600522"", ""601899"", ""688008"", ""688676""]","{""002156"": 0.05290509818936937, ""002281"": 0.05681890243392233, ""002709"": 0.040603334749621356, ""002837"": 0.04356516618505147, ""300274"": 0.04052548121629672, ""300408"": 0.05497087870562005, ""515180"": 0.24615298210773803, ""600150"": 0.12219189023267678, ""600426"": 0.09057210818811198, ""600522"": 0.0793449196849195, ""601899"": 0.0753699065465664, ""688008"": 0.0567371418201263, ""688676"": 0.04024218993997953}","{""002156"": 0.053740151841340365, ""002281"": 0.05877551649252075, ""002709"": 0.041799844706458686, ""002837"": 0.04625563539026255, ""300274"": 0.04048620261710472, ""300408"": 0.056125003302803816, ""515180"": 0.24230486611120924, ""600150"": 0.12381842242458484, ""600426"": 0.08681263555722242, ""600522"": 0.07845476542084442, ""601899"": 0.07403323025080306, ""688008"": 0.05760339648227595, ""688676"": 0.03979032940256902}",0.0,False,s1_stable_all7_30_vol_target,f5,False
2025-12-10,-0.006318108478834579,0.0,-0.006318108478834579,1.3471532657103866,0.0,0.7582825977699771,0.2417174022300228,0.0,12,"[""002156"", ""002281"", ""002709"", ""002837"", ""300274"", ""300408"", ""600150"", ""600426"", ""600522"", ""601899"", ""688008"", ""688676""]","{""002156"": 0.053740151841340365, ""002281"": 0.05877551649252075, ""002709"": 0.041799844706458686, ""002837"": 0.04625563539026255, ""300274"": 0.04048620261710472, ""300408"": 0.056125003302803816, ""515180"": 0.24230486611120924, ""600150"": 0.12381842242458484, ""600426"": 0.08681263555722242, ""600522"": 0.07845476542084442, ""601899"": 0.07403323025080306, ""688008"": 0.05760339648227595, ""688676"": 0.03979032940256902}","{""002156"": 0.05423964949404547, ""002281"": 0.05945551370947211, ""002709"": 0.042518262824258635, ""002837"": 0.046768233251763956, ""300274"": 0.04125960665059109, ""300408"": 0.056494628692161396, ""515180"": 0.2417174022300228, ""600150"": 0.12340668963976616, ""600426"": 0.0849837348704161, ""600522"": 0.07842915258796902, ""601899"": 0.07308156150839394, ""688008"": 0.0575776618485047, ""688676"": 0.040067902692634515}",0.0,False,s1_stable_all7_30_vol_target,f5,False
2025-12-11,0.00745926650968313,0.0,0.00745926650968313,1.3572020409487102,0.0,0.7600722825574411,0.2399277174425588,0.0,12,"[""002156"", ""002281"", ""002709"", ""002837"", ""300274"", ""300408"", ""600150"", ""600426"", ""600522"", ""601899"", ""688008"", ""688676""]","{""002156"": 0.05423964949404547, ""002281"": 0.05945551370947211, ""002709"": 0.042518262824258635, ""002837"": 0.046768233251763956, ""300274"": 0.04125960665059109, ""300408"": 0.056494628692161396, ""515180"": 0.2417174022300228, ""600150"": 0.12340668963976616, ""600426"": 0.0849837348704161, ""600522"": 0.07842915258796902, ""601899"": 0.07308156150839394, ""688008"": 0.0575776618485047, ""688676"": 0.040067902692634515}","{""002156"": 0.05345359106690735, ""002281"": 0.06094671274850193, ""002709"": 0.04242810178966988, ""002837"": 0.045855895315093584, ""300274"": 0.039143894584534204, ""300408"": 0.05654521664216636, ""515180"": 0.2399277174425588, ""600150"": 0.12364704497202356, ""600426"": 0.08426269656231741, ""600522"": 0.08064059339826989, ""601899"": 0.07400100909530603, ""688008"": 0.057863906618058805, ""688676"": 0.041283619764592105}",0.0,False,s1_stable_all7_30_vol_target,f5,False
2025-12-12,-0.014464768526142723,0.0,-0.014464768526142723,1.3375704275831786,0.0,0.7583369742255168,0.24166302577448318,0.0,12,"[""002156"", ""002281"", ""002709"", ""002837"", ""300274"", ""300408"", ""600150"", ""600426"", ""600522"", ""601899"", ""688008"", ""688676""]","{""002156"": 0.05345359106690735, ""002281"": 0.06094671274850193, ""002709"": 0.04242810178966988, ""002837"": 0.045855895315093584, ""300274"": 0.039143894584534204, ""300408"": 0.05654521664216636, ""515180"": 0.2399277174425588, ""600150"": 0.12364704497202356, ""600426"": 0.08426269656231741, ""600522"": 0.08064059339826989, ""601899"": 0.07400100909530603, ""688008"": 0.057863906618058805, ""688676"": 0.041283619764592105}","{""002156"": 0.05293777029034646, ""002281"": 0.05988147450517939, ""002709"": 0.043050821964242834, ""002837"": 0.04573449622357482, ""300274"": 0.03949441305698599, ""300408"": 0.05664221012501794, ""515180"": 0.24166302577448318, ""600150"": 0.12337597494202585, ""600426"": 0.08496880133276807, ""600522"": 0.08038359473236097, ""601899"": 0.0762480135098167, ""688008"": 0.05636339624310191, ""688676"": 0.03925600730009585}",0.0,False,s1_stable_all7_30_vol_target,f5,False
2025-12-15,0.001050721439806968,0.0,0.001050721439806968,1.338975841508692,0.0,0.7585906282282078,0.24140937177179222,0.0,12,"[""002156"", ""002281"", ""002709"", ""002837"", ""300274"", ""300408"", ""600150"", ""600426"", ""600522"", ""601899"", ""688008"", ""688676""]","{""002156"": 0.05293777029034646, ""002281"": 0.05988147450517939, ""002709"": 0.043050821964242834, ""002837"": 0.04573449622357482, ""300274"": 0.03949441305698599, ""300408"": 0.05664221012501794, ""515180"": 0.24166302577448318, ""600150"": 0.12337597494202585, ""600426"": 0.08496880133276807, ""600522"": 0.08038359473236097, ""601899"": 0.0762480135098167, ""688008"": 0.05636339624310191, ""688676"": 0.03925600730009585}","{""002156"": 0.052579106305373276, ""002281"": 0.06004520748538192, ""002709"": 0.040663540027634504, ""002837"": 0.0475363632778485, ""300274"": 0.03824015782039484, ""300408"": 0.05703232643306698, ""515180"": 0.24140937177179222, ""600150"": 0.12339269876210686, ""600426"": 0.08506574713627246, ""600522"": 0.08279358317676414, ""601899"": 0.07515635688821856, ""688008"": 0.05587183575878359, ""688676"": 0.04021370515636209}",0.0,False,s1_stable_all7_30_vol_target,f5,False
2025-12-16,-0.0009716955719932407,0.0,-0.0009716955719932407,1.337674764612492,0.0,0.7572842308522834,0.24271576914771664,0.0,12,"[""002156"", ""002281"", ""002709"", ""002837"", ""300274"", ""300408"", ""600150"", ""600426"", ""600522"", ""601899"", ""688008"", ""688676""]","{""002156"": 0.052579106305373276, ""002281"": 0.06004520748538192, ""002709"": 0.040663540027634504, ""002837"": 0.0475363632778485, ""300274"": 0.03824015782039484, ""300408"": 0.05703232643306698, ""515180"": 0.24140937177179222, ""600150"": 0.12339269876210686, ""600426"": 0.08506574713627246, ""600522"": 0.08279358317676414, ""601899"": 0.07515635688821856, ""688008"": 0.05587183575878359, ""688676"": 0.04021370515636209}","{""002156"": 0.05216793172215228, ""002281"": 0.05856132858641561, ""002709"": 0.0408767483010197, ""002837"": 0.0500022417630453, ""300274"": 0.03781146982816482, ""300408"": 0.05585349541751176, ""515180"": 0.24271576914771664, ""600150"": 0.1224149873426302, ""600426"": 0.08661467741660443, ""600522"": 0.08282609645564312, ""601899"": 0.07463671014769119, ""688008"": 0.05427575170124207, ""688676"": 0.04124279217016285}",0.0,False,s1_stable_all7_30_vol_target,f5,False
2025-12-17,-0.014624008201015915,0.0,-0.014624008201015915,1.318112597884507,0.0,0.7562195670003101,0.24378043299968993,0.0,12,"[""002156"", ""002281"", ""002709"", ""002837"", ""300274"", ""300408"", ""600150"", ""600426"", ""600522"", ""601899"", ""688008"", ""688676""]","{""002156"": 0.05216793172215228, ""002281"": 0.05856132858641561, ""002709"": 0.0408767483010197, ""002837"": 0.0500022417630453, ""300274"": 0.03781146982816482, ""300408"": 0.05585349541751176, ""515180"": 0.24271576914771664, ""600150"": 0.1224149873426302, ""600426"": 0.08661467741660443, ""600522"": 0.08282609645564312, ""601899"": 0.07463671014769119, ""688008"": 0.05427575170124207, ""688676"": 0.04124279217016285}","{""002156"": 0.05172523198994654, ""002281"": 0.05792971764276517, ""002709"": 0.041108903566292654, ""002837"": 0.054465545637047065, ""300274"": 0.036783763844794384, ""300408"": 0.056003916370887655, ""515180"": 0.24378043299968993, ""600150"": 0.11999847900644402, ""600426"": 0.0884057043793096, ""600522"": 0.08049819839742806, ""601899"": 0.07456637344922444, ""688008"": 0.054888186000394336, ""688676"": 0.03984554671577618}",0.0,False,s1_stable_all7_30_vol_target,f5,False
2025-12-18,0.02740391497022275,0.0,0.02740391497022275,1.3542340434381135,0.0,0.7618398407897775,0.23816015921022243,0.0,12,"[""002156"", ""002281"", ""002709"", ""002837"", ""300274"", ""300408"", ""600150"", ""600426"", ""600522"", ""601899"", ""688008"", ""688676""]","{""002156"": 0.05172523198994654, ""002281"": 0.05792971764276517, ""002709"": 0.041108903566292654, ""002837"": 0.054465545637047065, ""300274"": 0.036783763844794384, ""300408"": 0.056003916370887655, ""515180"": 0.24378043299968993, ""600150"": 0.11999847900644402, ""600426"": 0.0884057043793096, ""600522"": 0.08049819839742806, ""601899"": 0.07456637344922444, ""688008"": 0.054888186000394336, ""688676"": 0.03984554671577618}","{""002156"": 0.050859311201025034, ""002281"": 0.061474583804642574, ""002709"": 0.0422959509056605, ""002837"": 0.05724364161240332, ""300274"": 0.03668317829776071, ""300408"": 0.05514513083252086, ""515180"": 0.23816015921022243, ""600150"": 0.1169061935791241, ""600426"": 0.08964831693512589, ""600522"": 0.08309387326014696, ""601899"": 0.07326054876214969, ""688008"": 0.05449062730582281, ""688676"": 0.04073848429339511}",0.0,False,s1_stable_all7_30_vol_target,f5,False
2025-12-19,0.0032557914394602773,0.0,0.0032557914394602773,1.3586431470437648,0.0,0.7605026151322235,0.23949738486777658,0.0,12,"[""002156"", ""002281"", ""002709"", ""002837"", ""300274"", ""300408"", ""600150"", ""600426"", ""600522"", ""601899"", ""688008"", ""688676""]","{""002156"": 0.050859311201025034, ""002281"": 0.061474583804642574, ""002709"": 0.0422959509056605, ""002837"": 0.05724364161240332, ""300274"": 0.03668317829776071, ""300408"": 0.05514513083252086, ""515180"": 0.23816015921022243, ""600150"": 0.1169061935791241, ""600426"": 0.08964831693512589, ""600522"": 0.08309387326014696, ""601899"": 0.07326054876214969, ""688008"": 0.05449062730582281, ""688676"": 0.04073848429339511}","{""002156"": 0.05134858265370558, ""002281"": 0.06123042376714442, ""002709"": 0.040566466281995374, ""002837"": 0.05654637475006847, ""300274"": 0.03579891166005454, ""300408"": 0.05406739114794834, ""515180"": 0.23949738486777658, ""600150"": 0.11631064928342102, ""600426"": 0.0907052456956708, ""600522"": 0.0842424377480381, ""601899"": 0.07304711836662796, ""688008"": 0.0555453875867437, ""688676"": 0.04109362619080518}",0.0,False,s1_stable_all7_30_vol_target,f5,False
2025-12-22,0.005774869422291492,0.0,0.005774869422291492,1.3664891338094336,0.0,0.7615280745098486,0.2384719254901515,0.0,12,"[""002156"", ""002281"", ""002709"", ""002837"", ""300274"", ""300408"", ""600150"", ""600426"", ""600522"", ""601899"", ""688008"", ""688676""]","{""002156"": 0.05134858265370558, ""002281"": 0.06123042376714442, ""002709"": 0.040566466281995374, ""002837"": 0.05654637475006847, ""300274"": 0.03579891166005454, ""300408"": 0.05406739114794834, ""515180"": 0.23949738486777658, ""600150"": 0.11631064928342102, ""600426"": 0.0907052456956708, ""600522"": 0.0842424377480381, ""601899"": 0.07304711836662796, ""688008"": 0.0555453875867437, ""688676"": 0.04109362619080518}","{""002156"": 0.05096889765629219, ""002281"": 0.061722545796222814, ""002709"": 0.040099801581419264, ""002837"": 0.05540831448782231, ""300274"": 0.0362467556184312, ""300408"": 0.054059020756087386, ""515180"": 0.2384719254901515, ""600150"": 0.11746961478556592, ""600426"": 0.09018444231736585, ""600522"": 0.08530982976419414, ""601899"": 0.07468274772086922, ""688008"": 0.05500297485594799, ""688676"": 0.04037312916963034}",0.0,False,s1_stable_all7_30_vol_target,f5,False
2025-12-23,0.017051586653757656,0.0,0.017051586653757656,1.3897899416860036,0.0,0.7665576339823496,0.23344236601765056,0.0,12,"[""002156"", ""002281"", ""002709"", ""002837"", ""300274"", ""300408"", ""600150"", ""600426"", ""600522"", ""601899"", ""688008"", ""688676""]","{""002156"": 0.05096889765629219, ""002281"": 0.061722545796222814, ""002709"": 0.040099801581419264, ""002837"": 0.05540831448782231, ""300274"": 0.0362467556184312, ""300408"": 0.054059020756087386, ""515180"": 0.2384719254901515, ""600150"": 0.11746961478556592, ""600426"": 0.09018444231736585, ""600522"": 0.08530982976419414, ""601899"": 0.07468274772086922, ""688008"": 0.05500297485594799, ""688676"": 0.04037312916963034}","{""002156"": 0.05151883310143111, ""002281"": 0.0611155940977865, ""002709"": 0.040346799603732685, ""002837"": 0.055149891356423314, ""300274"": 0.03596242725670243, ""300408"": 0.05450157899992311, ""515180"": 0.23344236601765056, ""600150"": 0.11557059156333016, ""600426"": 0.08912464807524101, ""600522"": 0.08965637887906368, ""601899"": 0.07668735540086945, ""688008"": 0.05508337590274693, ""688676"": 0.04184015974509913}",0.0,False,s1_stable_all7_30_vol_target,f5,False
2025-12-24,0.0053720780899058585,0.0,0.0053720780899058585,1.3972560017813065,0.0,0.76797598669556,0.2320240133044401,0.0,12,"[""002156"", ""002281"", ""002709"", ""002837"", ""300274"", ""300408"", ""600150"", ""600426"", ""600522"", ""601899"", ""688008"", ""688676""]","{""002156"": 0.05151883310143111, ""002281"": 0.0611155940977865, ""002709"": 0.040346799603732685, ""002837"": 0.055149891356423314, ""300274"": 0.03596242725670243, ""300408"": 0.05450157899992311, ""515180"": 0.23344236601765056, ""600150"": 0.11557059156333016, ""600426"": 0.08912464807524101, ""600522"": 0.08965637887906368, ""601899"": 0.07668735540086945, ""688008"": 0.05508337590274693, ""688676"": 0.04184015974509913}","{""002156"": 0.05182446296351344, ""002281"": 0.0615967717628514, ""002709"": 0.04367446237948117, ""002837"": 0.06191030931882208, ""300274"": 0.03547220784019455, ""300408"": 0.05390263008505643, ""515180"": 0.2320240133044401, ""600150"": 0.11495305477639813, ""600426"": 0.08814046350414764, ""600522"": 0.0856837672405089, ""601899"": 0.07504806533190815, ""688008"": 0.054693422227822294, ""688676"": 0.041076369264855805}",0.0,False,s1_stable_all7_30_vol_target,f5,False
2025-12-25,0.010430186172508182,0.0,0.010430186172508182,1.41182964201054,0.0,0.7696941869595754,0.23030581304042466,0.0,12,"[""002156"", ""002281"", ""002709"", ""002837"", ""300274"", ""300408"", ""600150"", ""600426"", ""600522"", ""601899"", ""688008"", ""688676""]","{""002156"": 0.05182446296351344, ""002281"": 0.0615967717628514, ""002709"": 0.04367446237948117, ""002837"": 0.06191030931882208, ""300274"": 0.03547220784019455, ""300408"": 0.05390263008505643, ""515180"": 0.2320240133044401, ""600150"": 0.11495305477639813, ""600426"": 0.08814046350414764, ""600522"": 0.0856837672405089, ""601899"": 0.07504806533190815, ""688008"": 0.054693422227822294, ""688676"": 0.041076369264855805}","{""002156"": 0.051563274226808, ""002281"": 0.0605225554533562, ""002709"": 0.043357317428457026, ""002837"": 0.06393409319434208, ""300274"": 0.03481742973758576, ""300408"": 0.055867894170298096, ""515180"": 0.23030581304042466, ""600150"": 0.11432115414212755, ""600426"": 0.09012412068237068, ""600522"": 0.08625507669348237, ""601899"": 0.07298634930234223, ""688008"": 0.054804816696411914, ""688676"": 0.04114010523199348}",0.0,False,s1_stable_all7_30_vol_target,f5,False
2025-12-26,0.004104776109635512,0.0,0.004104776109635512,1.4176248865959402,0.0,0.7697930445479548,0.23020695545204514,0.0,12,"[""002156"", ""002281"", ""002709"", ""002837"", ""300274"", ""300408"", ""600150"", ""600426"", ""600522"", ""601899"", ""688008"", ""688676""]","{""002156"": 0.051563274226808, ""002281"": 0.0605225554533562, ""002709"": 0.043357317428457026, ""002837"": 0.06393409319434208, ""300274"": 0.03481742973758576, ""300408"": 0.055867894170298096, ""515180"": 0.23030581304042466, ""600150"": 0.11432115414212755, ""600426"": 0.09012412068237068, ""600522"": 0.08625507669348237, ""601899"": 0.07298634930234223, ""688008"": 0.054804816696411914, ""688676"": 0.04114010523199348}","{""002156"": 0.05102530237954744, ""002281"": 0.05992415516334336, ""002709"": 0.044654844135644696, ""002837"": 0.06351757049027117, ""300274"": 0.03575932043275679, ""300408"": 0.05534833352768405, ""515180"": 0.23020695545204514, ""600150"": 0.11530395682782515, ""600426"": 0.09236982584441833, ""600522"": 0.08241381128872544, ""601899"": 0.07410958027978354, ""688008"": 0.05388064155557409, ""688676"": 0.0414857026223808}",0.0,False,s1_stable_all7_30_vol_target,f5,False
2025-12-29,0.0059047225465677575,0.0,0.0059047225465677575,1.425995568226399,0.0,0.7703066882163038,0.22969331178369615,0.0,12,"[""002156"", ""002281"", ""002709"", ""002837"", ""300274"", ""300408"", ""600150"", ""600426"", ""600522"", ""601899"", ""688008"", ""688676""]","{""002156"": 0.05102530237954744, ""002281"": 0.05992415516334336, ""002709"": 0.044654844135644696, ""002837"": 0.06351757049027117, ""300274"": 0.03575932043275679, ""300408"": 0.05534833352768405, ""515180"": 0.23020695545204514, ""600150"": 0.11530395682782515, ""600426"": 0.09236982584441833, ""600522"": 0.08241381128872544, ""601899"": 0.07410958027978354, ""688008"": 0.05388064155557409, ""688676"": 0.0414857026223808}","{""002156"": 0.05103748900788144, ""002281"": 0.0592319829940897, ""002709"": 0.04535994560109111, ""002837"": 0.06329375187596101, ""300274"": 0.03809593344844979, ""300408"": 0.054348020054836944, ""515180"": 0.22969331178369615, ""600150"": 0.11428386917358654, ""600426"": 0.0890540499869836, ""600522"": 0.08174987214363898, ""601899"": 0.07728877581822506, ""688008"": 0.053760673185795506, ""688676"": 0.04280232492576407}",0.0,False,s1_stable_all7_30_vol_target,f5,False
2025-12-30,-0.013843873354343695,0.0,-0.013843873354343695,1.4062542661760173,0.0,0.7679316486600053,0.23206835133999454,0.0,12,"[""002156"", ""002281"", ""002709"", ""002837"", ""300274"", ""300408"", ""600150"", ""600426"", ""600522"", ""601899"", ""688008"", ""688676""]","{""002156"": 0.05103748900788144, ""002281"": 0.0592319829940897, ""002709"": 0.04535994560109111, ""002837"": 0.06329375187596101, ""300274"": 0.03809593344844979, ""300408"": 0.054348020054836944, ""515180"": 0.22969331178369615, ""600150"": 0.11428386917358654, ""600426"": 0.0890540499869836, ""600522"": 0.08174987214363898, ""601899"": 0.07728877581822506, ""688008"": 0.053760673185795506, ""688676"": 0.04280232492576407}","{""002156"": 0.05127296676496374, ""002281"": 0.06074524958456892, ""002709"": 0.04398348435345927, ""002837"": 0.0634667035993155, ""300274"": 0.03716062760536262, ""300408"": 0.05572248449568787, ""515180"": 0.23206835133999454, ""600150"": 0.11547053299961654, ""600426"": 0.09086670905982702, ""600522"": 0.08102487898013021, ""601899"": 0.0722420114276435, ""688008"": 0.053655755799304296, ""688676"": 0.042320243990125836}",0.0,False,s1_stable_all7_30_vol_target,f5,False
2025-12-31,0.015501535099048417,0.0,0.015501535099048417,1.4280533660413315,0.0,0.7709722632102727,0.22902773678972718,0.0,12,"[""002156"", ""002281"", ""002709"", ""002837"", ""300274"", ""300408"", ""600150"", ""600426"", ""600522"", ""601899"", ""688008"", ""688676""]","{""002156"": 0.05127296676496374, ""002281"": 0.06074524958456892, ""002709"": 0.04398348435345927, ""002837"": 0.0634667035993155, ""300274"": 0.03716062760536262, ""300408"": 0.05572248449568787, ""515180"": 0.23206835133999454, ""600150"": 0.11547053299961654, ""600426"": 0.09086670905982702, ""600522"": 0.08102487898013021, ""601899"": 0.0722420114276435, ""688008"": 0.053655755799304296, ""688676"": 0.042320243990125836}","{""002156"": 0.05184359030382761, ""002281"": 0.06016640032710305, ""002709"": 0.04580291666807403, ""002837"": 0.06353441242313877, ""300274"": 0.03761303298162475, ""300408"": 0.05519706346591719, ""515180"": 0.22902773678972718, ""600150"": 0.11278245654125231, ""600426"": 0.09120207765805931, ""600522"": 0.08005789993860546, ""601899"": 0.07560424364177408, ""688008"": 0.05373666819065105, ""688676"": 0.0434315010702451}",0.0,False,s1_stable_all7_30_vol_target,f5,False
2026-01-05,0.0007685885933413148,0.0,0.0007685885933413148,1.4291509515691534,0.0,0.770646654643022,0.22935334535697804,0.0,12,"[""002156"", ""002281"", ""002709"", ""002837"", ""300274"", ""300408"", ""600150"", ""600426"", ""600522"", ""601899"", ""688008"", ""688676""]","{""002156"": 0.05184359030382761, ""002281"": 0.06016640032710305, ""002709"": 0.04580291666807403, ""002837"": 0.06353441242313877, ""300274"": 0.03761303298162475, ""300408"": 0.05519706346591719, ""515180"": 0.22902773678972718, ""600150"": 0.11278245654125231, ""600426"": 0.09120207765805931, ""600522"": 0.08005789993860546, ""601899"": 0.07560424364177408, ""688008"": 0.05373666819065105, ""688676"": 0.0434315010702451}","{""002156"": 0.05145218660026772, ""002281"": 0.0594578515275392, ""002709"": 0.04891698973497544, ""002837"": 0.06121490219467062, ""300274"": 0.03625499556124782, ""300408"": 0.054913985027520804, ""515180"": 0.22935334535697804, ""600150"": 0.11317532369949336, ""600426"": 0.09092732019880773, ""600522"": 0.08040089186474479, ""601899"": 0.07975346389190217, ""688008"": 0.05302762282397966, ""688676"": 0.041151121517872584}",0.0,False,s1_stable_all7_30_vol_target,f5,False
2026-01-06,0.011168802216056827,0.0,0.011168802216056827,1.4451128558841186,0.0,0.7728493213237225,0.22715067867627747,0.0,12,"[""002156"", ""002281"", ""002709"", ""002837"", ""300274"", ""300408"", ""600150"", ""600426"", ""600522"", ""601899"", ""688008"", ""688676""]","{""002156"": 0.05145218660026772, ""002281"": 0.0594578515275392, ""002709"": 0.04891698973497544, ""002837"": 0.06121490219467062, ""300274"": 0.03625499556124782, ""300408"": 0.054913985027520804, ""515180"": 0.22935334535697804, ""600150"": 0.11317532369949336, ""600426"": 0.09092732019880773, ""600522"": 0.08040089186474479, ""601899"": 0.07975346389190217, ""688008"": 0.05302762282397966, ""688676"": 0.041151121517872584}","{""002156"": 0.052769502760363456, ""002281"": 0.05899426199397658, ""002709"": 0.04727154749543008, ""002837"": 0.06036890032621441, ""300274"": 0.03552074261343927, ""300408"": 0.05522384647649839, ""515180"": 0.22715067867627747, ""600150"": 0.11493973218365434, ""600426"": 0.08957431863227165, ""600522"": 0.0804017368979098, ""601899"": 0.0804728646072381, ""688008"": 0.056624441707694644, ""688676"": 0.04068742562903181}",0.0,False,s1_stable_all7_30_vol_target,f5,False
2026-01-07,0.015272725019222829,0.0,0.015272725019222829,1.4671836671537806,0.0,0.7734981691464428,0.22650183085355727,0.0,12,"[""002156"", ""002281"", ""002709"", ""002837"", ""300274"", ""300408"", ""600150"", ""600426"", ""600522"", ""601899"", ""688008"", ""688676""]","{""002156"": 0.052769502760363456, ""002281"": 0.05899426199397658, ""002709"": 0.04727154749543008, ""002837"": 0.06036890032621441, ""300274"": 0.03552074261343927, ""300408"": 0.05522384647649839, ""515180"": 0.22715067867627747, ""600150"": 0.11493973218365434, ""600426"": 0.08957431863227165, ""600522"": 0.0804017368979098, ""601899"": 0.0804728646072381, ""688008"": 0.056624441707694644, ""688676"": 0.04068742562903181}","{""002156"": 0.05342462059765221, ""002281"": 0.058404584189508196, ""002709"": 0.04651096501335951, ""002837"": 0.055990175214110816, ""300274"": 0.03457594128686644, ""300408"": 0.05444000498848232, ""515180"": 0.22650183085355727, ""600150"": 0.11571277450619843, ""600426"": 0.09371056745993399, ""600522"": 0.07853560315785585, ""601899"": 0.08286514550835823, ""688008"": 0.06097636501905725, ""688676"": 0.0383514222050595}",0.0,False,s1_stable_all7_30_vol_target,f5,False
2026-01-08,-0.009246392297253008,0.0,-0.009246392297253008,1.4536175113951544,0.0,0.7713842986867891,0.22861570131321082,0.0,12,"[""002156"", ""002281"", ""002709"", ""002837"", ""300274"", ""300408"", ""600150"", ""600426"", ""600522"", ""601899"", ""688008"", ""688676""]","{""002156"": 0.05342462059765221, ""002281"": 0.058404584189508196, ""002709"": 0.04651096501335951, ""002837"": 0.055990175214110816, ""300274"": 0.03457594128686644, ""300408"": 0.05444000498848232, ""515180"": 0.22650183085355727, ""600150"": 0.11571277450619843, ""600426"": 0.09371056745993399, ""600522"": 0.07853560315785585, ""601899"": 0.08286514550835823, ""688008"": 0.06097636501905725, ""688676"": 0.0383514222050595}","{""002156"": 0.052660190212205284, ""002281"": 0.05888286681646528, ""002709"": 0.04453795797604676, ""002837"": 0.058666261503289865, ""300274"": 0.035310860836670524, ""300408"": 0.05432099089872662, ""515180"": 0.22861570131321082, ""600150"": 0.11483968686070131, ""600426"": 0.09343716134822601, ""600522"": 0.07988714644031315, ""601899"": 0.08045660043717265, ""688008"": 0.058700448818954726, ""688676"": 0.039684126538016964}",0.0,False,s1_stable_all7_30_vol_target,f5,False
2026-01-09,0.001203200136387504,0.0,0.001203200136387504,1.4553665041831203,0.0,0.7723156624633437,0.22768433753665623,0.0,12,"[""002156"", ""002281"", ""002709"", ""002837"", ""300274"", ""300408"", ""600150"", ""600426"", ""600522"", ""601899"", ""688008"", ""688676""]","{""002156"": 0.052660190212205284, ""002281"": 0.05888286681646528, ""002709"": 0.04453795797604676, ""002837"": 0.058666261503289865, ""300274"": 0.035310860836670524, ""300408"": 0.05432099089872662, ""515180"": 0.22861570131321082, ""600150"": 0.11483968686070131, ""600426"": 0.09343716134822601, ""600522"": 0.07988714644031315, ""601899"": 0.08045660043717265, ""688008"": 0.058700448818954726, ""688676"": 0.039684126538016964}","{""002156"": 0.053300694140415, ""002281"": 0.058611977826757956, ""002709"": 0.04345691888493421, ""002837"": 0.056691583090792814, ""300274"": 0.03472904941637941, ""300408"": 0.05745827571513371, ""515180"": 0.22768433753665623, ""600150"": 0.11967920258106095, ""600426"": 0.09398379432497853, ""600522"": 0.0789084963546098, ""601899"": 0.07990590058207735, ""688008"": 0.05709982889195347, ""688676"": 0.0384899406542505}",0.0,False,s1_stable_all7_30_vol_target,f5,False
2026-01-12,0.0132314897996063,0.0,0.0132314897996063,1.4746231712379079,0.0,0.7746408755195447,0.22535912448045528,0.0,12,"[""002156"", ""002281"", ""002709"", ""002837"", ""300274"", ""300408"", ""600150"", ""600426"", ""600522"", ""601899"", ""688008"", ""688676""]","{""002156"": 0.053300694140415, ""002281"": 0.058611977826757956, ""002709"": 0.04345691888493421, ""002837"": 0.056691583090792814, ""300274"": 0.03472904941637941, ""300408"": 0.05745827571513371, ""515180"": 0.22768433753665623, ""600150"": 0.11967920258106095, ""600426"": 0.09398379432497853, ""600522"": 0.0789084963546098, ""601899"": 0.07990590058207735, ""688008"": 0.05709982889195347, ""688676"": 0.0384899406542505}","{""002156"": 0.05480640066587137, ""002281"": 0.06034018134073853, ""002709"": 0.04349985541549867, ""002837"": 0.0558907345845715, ""300274"": 0.03344249303440066, ""300408"": 0.05533168022729379, ""515180"": 0.22535912448045528, ""600150"": 0.117585263576842, ""600426"": 0.09287038509825674, ""600522"": 0.07970740393597539, ""601899"": 0.0838361433724623, ""688008"": 0.057717579746429645, ""688676"": 0.039612754521204135}",0.0,False,s1_stable_all7_30_vol_target,f5,False
2026-01-13,-0.0037447542247813475,0.0002090046558027077,-0.003953758880584055,1.468792866779111,0.14393257368507506,0.75,0.25,0.0,12,"[""002156"", ""002281"", ""002709"", ""002837"", ""300274"", ""300408"", ""600426"", ""600522"", ""601872"", ""601899"", ""688008"", ""688676""]","{""002156"": 0.05480640066587137, ""002281"": 0.06034018134073853, ""002709"": 0.04349985541549867, ""002837"": 0.0558907345845715, ""300274"": 0.03344249303440066, ""300408"": 0.05533168022729379, ""515180"": 0.22535912448045528, ""600150"": 0.117585263576842, ""600426"": 0.09287038509825674, ""600522"": 0.07970740393597539, ""601899"": 0.0838361433724623, ""688008"": 0.057717579746429645, ""688676"": 0.039612754521204135}","{""002156"": 0.07482565077902163, ""002281"": 0.07149066262627868, ""002709"": 0.047723094888045305, ""002837"": 0.046172824343773275, ""300274"": 0.04917986107587361, ""300408"": 0.06333690869489639, ""515180"": 0.25, ""600426"": 0.08490788577660686, ""600522"": 0.07626941472696347, ""601872"": 0.05117998614569817, ""601899"": 0.07882318490649425, ""688008"": 0.06905284439102483, ""688676"": 0.03703768164532356}",0.0,False,s1_stable_all7_30_vol_target,f5,False
2026-01-14,-0.002428184052574988,0.0,-0.002428184052574988,1.4652263673634622,0.0,0.750289071378146,0.2497109286218539,0.0,12,"[""002156"", ""002281"", ""002709"", ""002837"", ""300274"", ""300408"", ""600426"", ""600522"", ""601872"", ""601899"", ""688008"", ""688676""]","{""002156"": 0.07482565077902163, ""002281"": 0.07149066262627868, ""002709"": 0.047723094888045305, ""002837"": 0.046172824343773275, ""300274"": 0.04917986107587361, ""300408"": 0.06333690869489639, ""515180"": 0.25, ""600426"": 0.08490788577660686, ""600522"": 0.07626941472696347, ""601872"": 0.05117998614569817, ""601899"": 0.07882318490649425, ""688008"": 0.06905284439102483, ""688676"": 0.03703768164532356}","{""002156"": 0.07304884424313485, ""002281"": 0.06697802918166554, ""002709"": 0.047069642586777434, ""002837"": 0.045370700557127615, ""300274"": 0.0482862425580091, ""300408"": 0.06517533311632415, ""515180"": 0.2497109286218539, ""600426"": 0.08679948046642495, ""600522"": 0.07274365092691672, ""601872"": 0.05439165712033916, ""601899"": 0.08162729410786623, ""688008"": 0.06908968013538946, ""688676"": 0.03970851637817089}",0.0,False,s1_stable_all7_30_vol_target,f5,False
2026-01-15,0.0060280893361356214,0.0,0.0060280893361356214,1.4740588828035905,0.0,0.7535697648480485,0.24643023515195156,0.0,12,"[""002156"", ""002281"", ""002709"", ""002837"", ""300274"", ""300408"", ""600426"", ""600522"", ""601872"", ""601899"", ""688008"", ""688676""]","{""002156"": 0.07304884424313485, ""002281"": 0.06697802918166554, ""002709"": 0.047069642586777434, ""002837"": 0.045370700557127615, ""300274"": 0.0482862425580091, ""300408"": 0.06517533311632415, ""515180"": 0.2497109286218539, ""600426"": 0.08679948046642495, ""600522"": 0.07274365092691672, ""601872"": 0.05439165712033916, ""601899"": 0.08162729410786623, ""688008"": 0.06908968013538946, ""688676"": 0.03970851637817089}","{""002156"": 0.07156672982828986, ""002281"": 0.07401522417907269, ""002709"": 0.04620838594210432, ""002837"": 0.04522784540958281, ""300274"": 0.048856397040704005, ""300408"": 0.06487855773279344, ""515180"": 0.24643023515195156, ""600426"": 0.08739477948931441, ""600522"": 0.0722257916080287, ""601872"": 0.0530428785588155, ""601899"": 0.080387105074624, ""688008"": 0.06909838400974534, ""688676"": 0.04066768597497346}",0.0,False,s1_stable_all7_30_vol_target,f5,False
2026-01-16,0.02248795331288133,0.0,0.02248795331288133,1.5072074501405155,0.0,0.7596876706017036,0.24031232939829658,0.0,12,"[""002156"", ""002281"", ""002709"", ""002837"", ""300274"", ""300408"", ""600426"", ""600522"", ""601872"", ""601899"", ""688008"", ""688676""]","{""002156"": 0.07156672982828986, ""002281"": 0.07401522417907269, ""002709"": 0.04620838594210432, ""002837"": 0.04522784540958281, ""300274"": 0.048856397040704005, ""300408"": 0.06487855773279344, ""515180"": 0.24643023515195156, ""600426"": 0.08739477948931441, ""600522"": 0.0722257916080287, ""601872"": 0.0530428785588155, ""601899"": 0.080387105074624, ""688008"": 0.06909838400974534, ""688676"": 0.04066768597497346}","{""002156"": 0.07508261363435566, ""002281"": 0.07237810091002732, ""002709"": 0.04673121760718214, ""002837"": 0.047321007663087326, ""300274"": 0.049303774748218315, ""300408"": 0.06490562113242732, ""515180"": 0.24031232939829658, ""600426"": 0.08840754650553148, ""600522"": 0.07260167772475934, ""601872"": 0.05197156029229376, ""601899"": 0.07874504684613604, ""688008"": 0.07028358060642546, ""688676"": 0.04195592293125946}",0.0,False,s1_stable_all7_30_vol_target,f5,False
2026-01-19,0.005582292013881814,0.0,0.005582292013881814,1.5156211222526978,0.0,0.7627572166737466,0.2372427833262537,0.0,12,"[""002156"", ""002281"", ""002709"", ""002837"", ""300274"", ""300408"", ""600426"", ""600522"", ""601872"", ""601899"", ""688008"", ""688676""]","{""002156"": 0.07508261363435566, ""002281"": 0.07237810091002732, ""002709"": 0.04673121760718214, ""002837"": 0.047321007663087326, ""300274"": 0.049303774748218315, ""300408"": 0.06490562113242732, ""515180"": 0.24031232939829658, ""600426"": 0.08840754650553148, ""600522"": 0.07260167772475934, ""601872"": 0.05197156029229376, ""601899"": 0.07874504684613604, ""688008"": 0.07028358060642546, ""688676"": 0.04195592293125946}","{""002156"": 0.0816384494939226, ""002281"": 0.06994620714109126, ""002709"": 0.045812804929492176, ""002837"": 0.044867601327411216, ""300274"": 0.04966067701498984, ""300408"": 0.06755432464887615, ""515180"": 0.2372427833262537, ""600426"": 0.08773540771314683, ""600522"": 0.07518864838731183, ""601872"": 0.05225151659507985, ""601899"": 0.07684694077403843, ""688008"": 0.07161900304927356, ""688676"": 0.03963563559911284}",0.0,False,s1_stable_all7_30_vol_target,f5,False
2026-01-20,0.008397856806387582,0.0,0.008397856806387582,1.5283490914101125,0.0,0.763011909212735,0.23698809078726532,0.0,12,"[""002156"", ""002281"", ""002709"", ""002837"", ""300274"", ""300408"", ""600426"", ""600522"", ""601872"", ""601899"", ""688008"", ""688676""]","{""002156"": 0.0816384494939226, ""002281"": 0.06994620714109126, ""002709"": 0.045812804929492176, ""002837"": 0.044867601327411216, ""300274"": 0.04966067701498984, ""300408"": 0.06755432464887615, ""515180"": 0.2372427833262537, ""600426"": 0.08773540771314683, ""600522"": 0.07518864838731183, ""601872"": 0.05225151659507985, ""601899"": 0.07684694077403843, ""688008"": 0.07161900304927356, ""688676"": 0.03963563559911284}","{""002156"": 0.08130003148103392, ""002281"": 0.06668249170312232, ""002709"": 0.04606370421010108, ""002837"": 0.045107956480001786, ""300274"": 0.04988118354276082, ""300408"": 0.06567414690805902, ""515180"": 0.23698809078726532, ""600426"": 0.09289655113945522, ""600522"": 0.07507643469889803, ""601872"": 0.05261499053040996, ""601899"": 0.07546186760967995, ""688008"": 0.06923585349193133, ""688676"": 0.0430166974172815}",0.0,False,s1_stable_all7_30_vol_target,f5,False
2026-01-21,-0.00047977088171150396,0.0,-0.00047977088171150396,1.5276158340189638,0.0,0.759626596872379,0.24037340312762123,0.0,12,"[""002156"", ""002281"", ""002709"", ""002837"", ""300274"", ""300408"", ""600426"", ""600522"", ""601872"", ""601899"", ""688008"", ""688676""]","{""002156"": 0.08130003148103392, ""002281"": 0.06668249170312232, ""002709"": 0.04606370421010108, ""002837"": 0.045107956480001786, ""300274"": 0.04988118354276082, ""300408"": 0.06567414690805902, ""515180"": 0.23698809078726532, ""600426"": 0.09289655113945522, ""600522"": 0.07507643469889803, ""601872"": 0.05261499053040996, ""601899"": 0.07546186760967995, ""688008"": 0.06923585349193133, ""688676"": 0.0430166974172815}","{""002156"": 0.08697585778074245, ""002281"": 0.06277773051052901, ""002709"": 0.044925813095604165, ""002837"": 0.04267992045348189, ""300274"": 0.04726575225531093, ""300408"": 0.06379295460908399, ""515180"": 0.24037340312762123, ""600426"": 0.09678647636266688, ""600522"": 0.07372809206448336, ""601872"": 0.05132423964285634, ""601899"": 0.07653344443292046, ""688008"": 0.07231550863031813, ""688676"": 0.040520807034381386}",0.0,False,s1_stable_all7_30_vol_target,f5,False
2026-01-22,0.03535650706643201,0.0,0.03535650706643201,1.581626994049249,0.0,0.7691655932190963,0.23083440678090386,0.0,12,"[""002156"", ""002281"", ""002709"", ""002837"", ""300274"", ""300408"", ""600426"", ""600522"", ""601872"", ""601899"", ""688008"", ""688676""]","{""002156"": 0.08697585778074245, ""002281"": 0.06277773051052901, ""002709"": 0.044925813095604165, ""002837"": 0.04267992045348189, ""300274"": 0.04726575225531093, ""300408"": 0.06379295460908399, ""515180"": 0.24037340312762123, ""600426"": 0.09678647636266688, ""600522"": 0.07372809206448336, ""601872"": 0.05132423964285634, ""601899"": 0.07653344443292046, ""688008"": 0.07231550863031813, ""688676"": 0.040520807034381386}","{""002156"": 0.09547175696595067, ""002281"": 0.0646926946774004, ""002709"": 0.04392127469835544, ""002837"": 0.04277984919390611, ""300274"": 0.04558702420255907, ""300408"": 0.06578361059725804, ""515180"": 0.23083440678090386, ""600426"": 0.09251578751467654, ""600522"": 0.07224182335784589, ""601872"": 0.04902681990500245, ""601899"": 0.07339989587578437, ""688008"": 0.08388678775817321, ""688676"": 0.03985826847218405}",0.0,False,s1_stable_all7_30_vol_target,f5,False
2026-01-23,-0.00790266791829235,0.0,-0.00790266791829235,1.5691279211446707,0.0,0.7656505351264074,0.23434946487359265,0.0,12,"[""002156"", ""002281"", ""002709"", ""002837"", ""300274"", ""300408"", ""600426"", ""600522"", ""601872"", ""601899"", ""688008"", ""688676""]","{""002156"": 0.09547175696595067, ""002281"": 0.0646926946774004, ""002709"": 0.04392127469835544, ""002837"": 0.04277984919390611, ""300274"": 0.04558702420255907, ""300408"": 0.06578361059725804, ""515180"": 0.23083440678090386, ""600426"": 0.09251578751467654, ""600522"": 0.07224182335784589, ""601872"": 0.04902681990500245, ""601899"": 0.07339989587578437, ""688008"": 0.08388678775817321, ""688676"": 0.03985826847218405}","{""002156"": 0.09072794145742834, ""002281"": 0.06417409595106253, ""002709"": 0.04437379962057506, ""002837"": 0.04306875963719594, ""300274"": 0.045414712396011116, ""300408"": 0.0656156158259254, ""515180"": 0.23434946487359265, ""600426"": 0.09594851738822592, ""600522"": 0.07250921582151348, ""601872"": 0.04909705117086298, ""601899"": 0.0757787476284731, ""688008"": 0.0798145765182718, ""688676"": 0.039127501710861684}",0.0,False,s1_stable_all7_30_vol_target,f5,False
2026-01-26,0.00024729579591975076,0.0,0.00024729579591975076,1.5695159598828299,0.0,0.7657084744356991,0.234291525564301,0.0,12,"[""002156"", ""002281"", ""002709"", ""002837"", ""300274"", ""300408"", ""600426"", ""600522"", ""601872"", ""601899"", ""688008"", ""688676""]","{""002156"": 0.09072794145742834, ""002281"": 0.06417409595106253, ""002709"": 0.04437379962057506, ""002837"": 0.04306875963719594, ""300274"": 0.045414712396011116, ""300408"": 0.0656156158259254, ""515180"": 0.23434946487359265, ""600426"": 0.09594851738822592, ""600522"": 0.07250921582151348, ""601872"": 0.04909705117086298, ""601899"": 0.0757787476284731, ""688008"": 0.0798145765182718, ""688676"": 0.039127501710861684}","{""002156"": 0.09303304046213612, ""002281"": 0.0638285278758217, ""002709"": 0.0455123908698048, ""002837"": 0.04175748698630703, ""300274"": 0.046114396289290864, ""300408"": 0.06531008232351397, ""515180"": 0.234291525564301, ""600426"": 0.09193238853776399, ""600522"": 0.07557111012578999, ""601872"": 0.04940513112076394, ""601899"": 0.07646541298467253, ""688008"": 0.07733945175295324, ""688676"": 0.0394390551068809}",0.0,False,s1_stable_all7_30_vol_target,f5,False
2026-01-27,0.0004639639814847917,0.0,0.0004639639814847917,1.570244158756581,0.0,0.7643095117907474,0.23569048820925279,0.0,12,"[""002156"", ""002281"", ""002709"", ""002837"", ""300274"", ""300408"", ""600426"", ""600522"", ""601872"", ""601899"", ""688008"", ""688676""]","{""002156"": 0.09303304046213612, ""002281"": 0.0638285278758217, ""002709"": 0.0455123908698048, ""002837"": 0.04175748698630703, ""300274"": 0.046114396289290864, ""300408"": 0.06531008232351397, ""515180"": 0.234291525564301, ""600426"": 0.09193238853776399, ""600522"": 0.07557111012578999, ""601872"": 0.04940513112076394, ""601899"": 0.07646541298467253, ""688008"": 0.07733945175295324, ""688676"": 0.0394390551068809}","{""002156"": 0.08609363190449339, ""002281"": 0.0630596686440928, ""002709"": 0.04388059227980291, ""002837"": 0.041681795250704944, ""300274"": 0.04510215898046705, ""300408"": 0.06375847300008826, ""515180"": 0.23569048820925279, ""600426"": 0.09418489175912534, ""600522"": 0.07942253506301192, ""601872"": 0.05015953226469925, ""601899"": 0.07943155025863005, ""688008"": 0.07923367697386925, ""688676"": 0.03830100541176217}",0.0,False,s1_stable_all7_30_vol_target,f5,False
2026-01-28,0.014219248301067274,0.0,0.014219248301067274,1.5925718503432413,0.0,0.7691003463616339,0.23089965363836623,0.0,12,"[""002156"", ""002281"", ""002709"", ""002837"", ""300274"", ""300408"", ""600426"", ""600522"", ""601872"", ""601899"", ""688008"", ""688676""]","{""002156"": 0.08609363190449339, ""002281"": 0.0630596686440928, ""002709"": 0.04388059227980291, ""002837"": 0.041681795250704944, ""300274"": 0.04510215898046705, ""300408"": 0.06375847300008826, ""515180"": 0.23569048820925279, ""600426"": 0.09418489175912534, ""600522"": 0.07942253506301192, ""601872"": 0.05015953226469925, ""601899"": 0.07943155025863005, ""688008"": 0.07923367697386925, ""688676"": 0.03830100541176217}","{""002156"": 0.08799966872366796, ""002281"": 0.06432713469392086, ""002709"": 0.0414952040416505, ""002837"": 0.0418238455010514, ""300274"": 0.043777585340544566, ""300408"": 0.0650711872290024, ""515180"": 0.23089965363836623, ""600426"": 0.08962021530151366, ""600522"": 0.08362069903613278, ""601872"": 0.05035796539798297, ""601899"": 0.08064184338232033, ""688008"": 0.08240706523171269, ""688676"": 0.03795793248213382}",0.0,False,s1_stable_all7_30_vol_target,f5,False
2026-01-29,0.009335899462424895,0.0,0.009335899462424895,1.6074399410247338,0.0,0.7681269684851171,0.23187303151488314,0.0,12,"[""002156"", ""002281"", ""002709"", ""002837"", ""300274"", ""300408"", ""600426"", ""600522"", ""601872"", ""601899"", ""688008"", ""688676""]","{""002156"": 0.08799966872366796, ""002281"": 0.06432713469392086, ""002709"": 0.0414952040416505, ""002837"": 0.0418238455010514, ""300274"": 0.043777585340544566, ""300408"": 0.0650711872290024, ""515180"": 0.23089965363836623, ""600426"": 0.08962021530151366, ""600522"": 0.08362069903613278, ""601872"": 0.05035796539798297, ""601899"": 0.08064184338232033, ""688008"": 0.08240706523171269, ""688676"": 0.03795793248213382}","{""002156"": 0.08777009896081575, ""002281"": 0.06210511946227843, ""002709"": 0.04147217670347953, ""002837"": 0.042681072119993016, ""300274"": 0.04212265815865912, ""300408"": 0.06383064561538798, ""515180"": 0.23187303151488314, ""600426"": 0.09232214610797436, ""600522"": 0.07968972795868658, ""601872"": 0.04980284459242313, ""601899"": 0.0845991769686735, ""688008"": 0.08384610003928374, ""688676"": 0.03788520179746194}",0.0,False,s1_stable_all7_30_vol_target,f5,False
2026-01-30,-0.03205172427851642,0.0,-0.03205172427851642,1.5559187192407342,0.0,0.7582512279812159,0.2417487720187843,0.0,12,"[""002156"", ""002281"", ""002709"", ""002837"", ""300274"", ""300408"", ""600426"", ""600522"", ""601872"", ""601899"", ""688008"", ""688676""]","{""002156"": 0.08777009896081575, ""002281"": 0.06210511946227843, ""002709"": 0.04147217670347953, ""002837"": 0.042681072119993016, ""300274"": 0.04212265815865912, ""300408"": 0.06383064561538798, ""515180"": 0.23187303151488314, ""600426"": 0.09232214610797436, ""600522"": 0.07968972795868658, ""601872"": 0.04980284459242313, ""601899"": 0.0845991769686735, ""688008"": 0.08384610003928374, ""688676"": 0.03788520179746194}","{""002156"": 0.08473967683762662, ""002281"": 0.0622739747686861, ""002709"": 0.04198609475942706, ""002837"": 0.04234126207566706, ""300274"": 0.041388950585623, ""300408"": 0.06287361577250637, ""515180"": 0.2417487720187843, ""600426"": 0.09394299722830966, ""600522"": 0.08042562261808277, ""601872"": 0.04997532047844021, ""601899"": 0.08213493304629942, ""688008"": 0.07914745740598149, ""688676"": 0.037021322404566195}",0.0,False,s1_stable_all7_30_vol_target,f5,False
2026-02-02,0.013888599314438208,0.0,0.013888599314438208,1.5775282508981026,0.0,0.7643973551633471,0.23560264483665322,0.0,12,"[""002156"", ""002281"", ""002709"", ""002837"", ""300274"", ""300408"", ""600426"", ""600522"", ""601872"", ""601899"", ""688008"", ""688676""]","{""002156"": 0.08473967683762662, ""002281"": 0.0622739747686861, ""002709"": 0.04198609475942706, ""002837"": 0.04234126207566706, ""300274"": 0.041388950585623, ""300408"": 0.06287361577250637, ""515180"": 0.2417487720187843, ""600426"": 0.09394299722830966, ""600522"": 0.08042562261808277, ""601872"": 0.04997532047844021, ""601899"": 0.08213493304629942, ""688008"": 0.07914745740598149, ""688676"": 0.037021322404566195}","{""002156"": 0.08349617934126373, ""002281"": 0.0637614443683004, ""002709"": 0.04101269379547522, ""002837"": 0.046293686052797337, ""300274"": 0.04296643753749458, ""300408"": 0.06176205400385725, ""515180"": 0.23560264483665322, ""600426"": 0.0911944154571095, ""600522"": 0.0851458638224885, ""601872"": 0.05029203041844163, ""601899"": 0.07232733196829563, ""688008"": 0.08806900370179004, ""688676"": 0.03807621469603321}",0.0,False,s1_stable_all7_30_vol_target,f5,False
2026-02-03,-0.015602972999261127,0.0,-0.015602972999261127,1.5529141201937677,0.0,0.7660832158111965,0.2339167841888038,0.0,12,"[""002156"", ""002281"", ""002709"", ""002837"", ""300274"", ""300408"", ""600426"", ""600522"", ""601872"", ""601899"", ""688008"", ""688676""]","{""002156"": 0.08349617934126373, ""002281"": 0.0637614443683004, ""002709"": 0.04101269379547522, ""002837"": 0.046293686052797337, ""300274"": 0.04296643753749458, ""300408"": 0.06176205400385725, ""515180"": 0.23560264483665322, ""600426"": 0.0911944154571095, ""600522"": 0.0851458638224885, ""601872"": 0.05029203041844163, ""601899"": 0.07232733196829563, ""688008"": 0.08806900370179004, ""688676"": 0.03807621469603321}","{""002156"": 0.0838786522743949, ""002281"": 0.06336712524605727, ""002709"": 0.04160051460808633, ""002837"": 0.04636620266024097, ""300274"": 0.043029146563135535, ""300408"": 0.06121541402395083, ""515180"": 0.2339167841888038, ""600426"": 0.08825077127892385, ""600522"": 0.0838885245998827, ""601872"": 0.050025778852038204, ""601899"": 0.07544960792370163, ""688008"": 0.09134225233610535, ""688676"": 0.03766922544467893}",0.0,False,s1_stable_all7_30_vol_target,f5,False
2026-02-04,0.015400326579667936,0.0,0.015400326579667936,1.5768295047949292,0.0,0.7686300948588449,0.23136990514115555,0.0,12,"[""002156"", ""002281"", ""002709"", ""002837"", ""300274"", ""300408"", ""600426"", ""600522"", ""601872"", ""601899"", ""688008"", ""688676""]","{""002156"": 0.0838786522743949, ""002281"": 0.06336712524605727, ""002709"": 0.04160051460808633, ""002837"": 0.04636620266024097, ""300274"": 0.043029146563135535, ""300408"": 0.06121541402395083, ""515180"": 0.2339167841888038, ""600426"": 0.08825077127892385, ""600522"": 0.0838885245998827, ""601872"": 0.050025778852038204, ""601899"": 0.07544960792370163, ""688008"": 0.09134225233610535, ""688676"": 0.03766922544467893}","{""002156"": 0.08227552332102049, ""002281"": 0.06297370194081058, ""002709"": 0.0412760600763521, ""002837"": 0.047293558134832846, ""300274"": 0.042094615899594554, ""300408"": 0.06245300400961924, ""515180"": 0.23136990514115555, ""600426"": 0.09063761344129038, ""600522"": 0.08468544513665377, ""601872"": 0.05213564923011174, ""601899"": 0.07763537865494627, ""688008"": 0.08547377487068795, ""688676"": 0.03969577014292497}",0.0,False,s1_stable_all7_30_vol_target,f5,False
2026-02-05,-0.010367866383147958,0.0,-0.010367866383147958,1.56048114718021,0.0,0.7606436446259045,0.23935635537409583,0.0,12,"[""002156"", ""002281"", ""002709"", ""002837"", ""300274"", ""300408"", ""600426"", ""600522"", ""601872"", ""601899"", ""688008"", ""688676""]","{""002156"": 0.08227552332102049, ""002281"": 0.06297370194081058, ""002709"": 0.0412760600763521, ""002837"": 0.047293558134832846, ""300274"": 0.042094615899594554, ""300408"": 0.06245300400961924, ""515180"": 0.23136990514115555, ""600426"": 0.09063761344129038, ""600522"": 0.08468544513665377, ""601872"": 0.05213564923011174, ""601899"": 0.07763537865494627, ""688008"": 0.08547377487068795, ""688676"": 0.03969577014292497}","{""002156"": 0.07900727828704365, ""002281"": 0.06139283073560525, ""002709"": 0.04097552868636961, ""002837"": 0.045273607557054, ""300274"": 0.04296292708570792, ""300408"": 0.06524540716375983, ""515180"": 0.23935635537409583, ""600426"": 0.09096087303451665, ""600522"": 0.08456591387775829, ""601872"": 0.054062158003827084, ""601899"": 0.07567159915798759, ""688008"": 0.07960616149976031, ""688676"": 0.040919359536514356}",0.0,False,s1_stable_all7_30_vol_target,f5,False
2026-02-06,-0.03269314233623074,0.0,-0.03269314233623074,1.5094641149224428,0.0,0.7539479153080957,0.24605208469190473,0.0,12,"[""002156"", ""002281"", ""002709"", ""002837"", ""300274"", ""300408"", ""600426"", ""600522"", ""601872"", ""601899"", ""688008"", ""688676""]","{""002156"": 0.07900727828704365, ""002281"": 0.06139283073560525, ""002709"": 0.04097552868636961, ""002837"": 0.045273607557054, ""300274"": 0.04296292708570792, ""300408"": 0.06524540716375983, ""515180"": 0.23935635537409583, ""600426"": 0.09096087303451665, ""600522"": 0.08456591387775829, ""601872"": 0.054062158003827084, ""601899"": 0.07567159915798759, ""688008"": 0.07960616149976031, ""688676"": 0.040919359536514356}","{""002156"": 0.08070952386307274, ""002281"": 0.06081789615734282, ""002709"": 0.04105840558348951, ""002837"": 0.043599220154464984, ""300274"": 0.0422062439960851, ""300408"": 0.06538406994639406, ""515180"": 0.24605208469190473, ""600426"": 0.09092259218185385, ""600522"": 0.08101938718913732, ""601872"": 0.053511086199653696, ""601899"": 0.07282247988832051, ""688008"": 0.08388663877416641, ""688676"": 0.038010371374114664}",0.0,False,s1_stable_all7_30_vol_target,f5,False
2026-02-09,0.03725383594056518,0.0,0.03725383594056518,1.565697443417934,0.0,0.7619450848116266,0.23805491518837377,0.0,12,"[""002156"", ""002281"", ""002709"", ""002837"", ""300274"", ""300408"", ""600426"", ""600522"", ""601872"", ""601899"", ""688008"", ""688676""]","{""002156"": 0.08070952386307274, ""002281"": 0.06081789615734282, ""002709"": 0.04105840558348951, ""002837"": 0.043599220154464984, ""300274"": 0.0422062439960851, ""300408"": 0.06538406994639406, ""515180"": 0.24605208469190473, ""600426"": 0.09092259218185385, ""600522"": 0.08101938718913732, ""601872"": 0.053511086199653696, ""601899"": 0.07282247988832051, ""688008"": 0.08388663877416641, ""688676"": 0.038010371374114664}","{""002156"": 0.07971067086763811, ""002281"": 0.06084885494071785, ""002709"": 0.04290709883948005, ""002837"": 0.04454487748647866, ""300274"": 0.04138030355765318, ""300408"": 0.06430929790498459, ""515180"": 0.23805491518837377, ""600426"": 0.09068058463401406, ""600522"": 0.08756446369122997, ""601872"": 0.05227704682317462, ""601899"": 0.07614681507240817, ""688008"": 0.08376258572857007, ""688676"": 0.037812485265277314}",0.0,False,s1_stable_all7_30_vol_target,f5,False
2026-02-10,0.014383956914103541,0.0,0.014383956914103541,1.5882183679845796,0.0,0.763995765674268,0.23600423432573245,0.0,12,"[""002156"", ""002281"", ""002709"", ""002837"", ""300274"", ""300408"", ""600426"", ""600522"", ""601872"", ""601899"", ""688008"", ""688676""]","{""002156"": 0.07971067086763811, ""002281"": 0.06084885494071785, ""002709"": 0.04290709883948005, ""002837"": 0.04454487748647866, ""300274"": 0.04138030355765318, ""300408"": 0.06430929790498459, ""515180"": 0.23805491518837377, ""600426"": 0.09068058463401406, ""600522"": 0.08756446369122997, ""601872"": 0.05227704682317462, ""601899"": 0.07614681507240817, ""688008"": 0.08376258572857007, ""688676"": 0.037812485265277314}","{""002156"": 0.08020688882695493, ""002281"": 0.061685563788300986, ""002709"": 0.04132494072059094, ""002837"": 0.04457314952451274, ""300274"": 0.042722018793571556, ""300408"": 0.06777296991809585, ""515180"": 0.23600423432573245, ""600426"": 0.08882744407257717, ""600522"": 0.08773044397550948, ""601872"": 0.05307279009017812, ""601899"": 0.07604298525517875, ""688008"": 0.0833594424909082, ""688676"": 0.03667712821788925}",0.0,False,s1_stable_all7_30_vol_target,f5,False
2026-02-11,0.006601720992665612,0.0,0.006601720992665612,1.5987033425254407,0.0,0.7648854582540159,0.23511454174598453,0.0,12,"[""002156"", ""002281"", ""002709"", ""002837"", ""300274"", ""300408"", ""600426"", ""600522"", ""601872"", ""601899"", ""688008"", ""688676""]","{""002156"": 0.08020688882695493, ""002281"": 0.061685563788300986, ""002709"": 0.04132494072059094, ""002837"": 0.04457314952451274, ""300274"": 0.042722018793571556, ""300408"": 0.06777296991809585, ""515180"": 0.23600423432573245, ""600426"": 0.08882744407257717, ""600522"": 0.08773044397550948, ""601872"": 0.05307279009017812, ""601899"": 0.07604298525517875, ""688008"": 0.0833594424909082, ""688676"": 0.03667712821788925}","{""002156"": 0.07821190594071442, ""002281"": 0.06149970820971678, ""002709"": 0.04080200027316744, ""002837"": 0.04423379445992049, ""300274"": 0.04282833436492055, ""300408"": 0.06863748982045376, ""515180"": 0.23511454174598453, ""600426"": 0.09042592383280323, ""600522"": 0.08896922636456676, ""601872"": 0.054206756799546445, ""601899"": 0.0747923820184716, ""688008"": 0.08396749709643025, ""688676"": 0.0363104390733041}",0.0,False,s1_stable_all7_30_vol_target,f5,False
2026-02-12,0.008503675190600662,0.0,0.008503675190600662,1.6122981964764047,0.0,0.7653996460835356,0.2346003539164647,0.0,12,"[""002156"", ""002281"", ""002709"", ""002837"", ""300274"", ""300408"", ""600426"", ""600522"", ""601872"", ""601899"", ""688008"", ""688676""]","{""002156"": 0.07821190594071442, ""002281"": 0.06149970820971678, ""002709"": 0.04080200027316744, ""002837"": 0.04423379445992049, ""300274"": 0.04282833436492055, ""300408"": 0.06863748982045376, ""515180"": 0.23511454174598453, ""600426"": 0.09042592383280323, ""600522"": 0.08896922636456676, ""601872"": 0.054206756799546445, ""601899"": 0.0747923820184716, ""688008"": 0.08396749709643025, ""688676"": 0.0363104390733041}","{""002156"": 0.07832926046806493, ""002281"": 0.060851028125528055, ""002709"": 0.04056786645604923, ""002837"": 0.04428267098765282, ""300274"": 0.04174758742061533, ""300408"": 0.06983426033448872, ""515180"": 0.2346003539164647, ""600426"": 0.08927512377510377, ""600522"": 0.0927911400948863, ""601872"": 0.05428406657493129, ""601899"": 0.07606482684910268, ""688008"": 0.08172324458223995, ""688676"": 0.03564857041487258}",0.0,False,s1_stable_all7_30_vol_target,f5,False
2026-02-13,0.0016446517296086688,0.0,0.0016446517296086688,1.6149498654938845,0.0,0.7669249778263434,0.23307502217365697,0.0,12,"[""002156"", ""002281"", ""002709"", ""002837"", ""300274"", ""300408"", ""600426"", ""600522"", ""601872"", ""601899"", ""688008"", ""688676""]","{""002156"": 0.07832926046806493, ""002281"": 0.060851028125528055, ""002709"": 0.04056786645604923, ""002837"": 0.04428267098765282, ""300274"": 0.04174758742061533, ""300408"": 0.06983426033448872, ""515180"": 0.2346003539164647, ""600426"": 0.08927512377510377, ""600522"": 0.0927911400948863, ""601872"": 0.05428406657493129, ""601899"": 0.07606482684910268, ""688008"": 0.08172324458223995, ""688676"": 0.03564857041487258}","{""002156"": 0.07774823784948236, ""002281"": 0.061920237058349294, ""002709"": 0.04103991611643932, ""002837"": 0.04606384053726456, ""300274"": 0.042339672585987, ""300408"": 0.07059978576032062, ""515180"": 0.23307502217365697, ""600426"": 0.0868023771326562, ""600522"": 0.09226463462571664, ""601872"": 0.05752932371413309, ""601899"": 0.07337399682180026, ""688008"": 0.07926466580052373, ""688676"": 0.03797828982367027}",0.0,False,s1_stable_all7_30_vol_target,f5,False
2026-02-24,0.016266588688568586,0.0,0.016266588688568586,1.641219590708533,0.0,0.7720980458189294,0.22790195418107081,0.0,12,"[""002156"", ""002281"", ""002709"", ""002837"", ""300274"", ""300408"", ""600426"", ""600522"", ""601872"", ""601899"", ""688008"", ""688676""]","{""002156"": 0.07774823784948236, ""002281"": 0.061920237058349294, ""002709"": 0.04103991611643932, ""002837"": 0.04606384053726456, ""300274"": 0.042339672585987, ""300408"": 0.07059978576032062, ""515180"": 0.23307502217365697, ""600426"": 0.0868023771326562, ""600522"": 0.09226463462571664, ""601872"": 0.05752932371413309, ""601899"": 0.07337399682180026, ""688008"": 0.07926466580052373, ""688676"": 0.03797828982367027}","{""002156"": 0.07777569205173307, ""002281"": 0.06113364534682337, ""002709"": 0.042483543891523555, ""002837"": 0.046362853896304096, ""300274"": 0.040919824335540346, ""300408"": 0.07675943640192319, ""515180"": 0.22790195418107081, ""600426"": 0.08567352742034424, ""600522"": 0.09237090690473619, ""601872"": 0.0575709285196632, ""601899"": 0.07457023050230757, ""688008"": 0.07949104679589672, ""688676"": 0.03698640975213386}",0.0,False,s1_stable_all7_30_vol_target,f5,False
2026-02-25,0.018676277540630105,0.0,0.018676277540630105,1.671871463289725,0.0,0.7743884072985705,0.22561159270142964,0.0,12,"[""002156"", ""002281"", ""002709"", ""002837"", ""300274"", ""300408"", ""600426"", ""600522"", ""601872"", ""601899"", ""688008"", ""688676""]","{""002156"": 0.07777569205173307, ""002281"": 0.06113364534682337, ""002709"": 0.042483543891523555, ""002837"": 0.046362853896304096, ""300274"": 0.040919824335540346, ""300408"": 0.07675943640192319, ""515180"": 0.22790195418107081, ""600426"": 0.08567352742034424, ""600522"": 0.09237090690473619, ""601872"": 0.0575709285196632, ""601899"": 0.07457023050230757, ""688008"": 0.07949104679589672, ""688676"": 0.03698640975213386}","{""002156"": 0.07968974290905004, ""002281"": 0.061150513058532904, ""002709"": 0.041405953616690874, ""002837"": 0.04469496547473609, ""300274"": 0.039595279316220235, ""300408"": 0.07976857183957747, ""515180"": 0.22561159270142964, ""600426"": 0.08522628181950073, ""600522"": 0.09302654598947897, ""601872"": 0.05900623230634059, ""601899"": 0.07303278595874402, ""688008"": 0.08016390044456191, ""688676"": 0.03762763456513672}",0.0,False,s1_stable_all7_30_vol_target,f5,False
2026-02-26,-0.001285135447883498,0.0,-0.001285135447883498,1.6697228820079466,0.0,0.7731528964851737,0.22684710351482643,0.0,12,"[""002156"", ""002281"", ""002709"", ""002837"", ""300274"", ""300408"", ""600426"", ""600522"", ""601872"", ""601899"", ""688008"", ""688676""]","{""002156"": 0.07968974290905004, ""002281"": 0.061150513058532904, ""002709"": 0.041405953616690874, ""002837"": 0.04469496547473609, ""300274"": 0.039595279316220235, ""300408"": 0.07976857183957747, ""515180"": 0.22561159270142964, ""600426"": 0.08522628181950073, ""600522"": 0.09302654598947897, ""601872"": 0.05900623230634059, ""601899"": 0.07303278595874402, ""688008"": 0.08016390044456191, ""688676"": 0.03762763456513672}","{""002156"": 0.07887026621704776, ""002281"": 0.06064287473805286, ""002709"": 0.04272311773749389, ""002837"": 0.04519213707487049, ""300274"": 0.040551425554481796, ""300408"": 0.07552004429238326, ""515180"": 0.22684710351482643, ""600426"": 0.08618040771076134, ""600522"": 0.09332718831372103, ""601872"": 0.061877168496670194, ""601899"": 0.07405505687005967, ""688008"": 0.07717124880578005, ""688676"": 0.03704196067385136}",0.0,False,s1_stable_all7_30_vol_target,f5,False
2026-02-27,0.002241662104635903,0.0,0.002241662104635903,1.6734658365177872,0.0,0.7739746344034663,0.22602536559653383,0.0,12,"[""002156"", ""002281"", ""002709"", ""002837"", ""300274"", ""300408"", ""600426"", ""600522"", ""601872"", ""601899"", ""688008"", ""688676""]","{""002156"": 0.07887026621704776, ""002281"": 0.06064287473805286, ""002709"": 0.04272311773749389, ""002837"": 0.04519213707487049, ""300274"": 0.040551425554481796, ""300408"": 0.07552004429238326, ""515180"": 0.22684710351482643, ""600426"": 0.08618040771076134, ""600522"": 0.09332718831372103, ""601872"": 0.061877168496670194, ""601899"": 0.07405505687005967, ""688008"": 0.07717124880578005, ""688676"": 0.03704196067385136}","{""002156"": 0.07861589859835119, ""002281"": 0.06143490417294762, ""002709"": 0.04014395363890087, ""002837"": 0.04424964733291126, ""300274"": 0.03833561837481782, ""300408"": 0.07509158985539645, ""515180"": 0.22602536559653383, ""600426"": 0.08488957531363393, ""600522"": 0.09864272994538392, ""601872"": 0.06753080306209056, ""601899"": 0.07258515720976862, ""688008"": 0.07451650698642198, ""688676"": 0.037938249912842045}",0.0,False,s1_stable_all7_30_vol_target,f5,False
2026-03-02,0.016461260086789255,0.0,0.016461260086789255,1.7010131928990628,0.0,0.7746969790844961,0.22530302091550394,0.0,12,"[""002156"", ""002281"", ""002709"", ""002837"", ""300274"", ""300408"", ""600426"", ""600522"", ""601872"", ""601899"", ""688008"", ""688676""]","{""002156"": 0.07861589859835119, ""002281"": 0.06143490417294762, ""002709"": 0.04014395363890087, ""002837"": 0.04424964733291126, ""300274"": 0.03833561837481782, ""300408"": 0.07509158985539645, ""515180"": 0.22602536559653383, ""600426"": 0.08488957531363393, ""600522"": 0.09864272994538392, ""601872"": 0.06753080306209056, ""601899"": 0.07258515720976862, ""688008"": 0.07451650698642198, ""688676"": 0.037938249912842045}","{""002156"": 0.07804837958724822, ""002281"": 0.06089219632398633, ""002709"": 0.03858466835078277, ""002837"": 0.04212913287199102, ""300274"": 0.03695429609580208, ""300408"": 0.07248274530393341, ""515180"": 0.22530302091550394, ""600426"": 0.09265392501353632, ""600522"": 0.098572675408593, ""601872"": 0.07281074159173838, ""601899"": 0.0736412161602525, ""688008"": 0.07174056413034523, ""688676"": 0.036186438246286846}",0.0,False,s1_stable_all7_30_vol_target,f5,False
2026-03-03,0.029116566525332257,0.0,0.029116566525332257,1.7505408566905765,0.0,0.7788175299793128,0.22118247002068725,0.0,12,"[""002156"", ""002281"", ""002709"", ""002837"", ""300274"", ""300408"", ""600426"", ""600522"", ""601872"", ""601899"", ""688008"", ""688676""]","{""002156"": 0.07804837958724822, ""002281"": 0.06089219632398633, ""002709"": 0.03858466835078277, ""002837"": 0.04212913287199102, ""300274"": 0.03695429609580208, ""300408"": 0.07248274530393341, ""515180"": 0.22530302091550394, ""600426"": 0.09265392501353632, ""600522"": 0.098572675408593, ""601872"": 0.07281074159173838, ""601899"": 0.0736412161602525, ""688008"": 0.07174056413034523, ""688676"": 0.036186438246286846}","{""002156"": 0.07604885793826761, ""002281"": 0.062476992413817524, ""002709"": 0.03772306447222131, ""002837"": 0.043331580663468754, ""300274"": 0.03868180982860202, ""300408"": 0.07054478671471995, ""515180"": 0.22118247002068725, ""600426"": 0.09141952693292535, ""600522"": 0.10468908343297739, ""601872"": 0.07649281114576299, ""601899"": 0.07146735094843737, ""688008"": 0.07016342348731616, ""688676"": 0.03577824200079627}",0.0,False,s1_stable_all7_30_vol_target,f5,False
2026-03-04,-0.04470128582451037,0.00017037054271927098,-0.04487165636722964,1.671991188912361,0.11702224436493634,0.75,0.25,0.0,12,"[""002156"", ""002281"", ""002709"", ""002837"", ""300274"", ""300408"", ""600426"", ""600522"", ""601872"", ""601899"", ""688008"", ""688676""]","{""002156"": 0.07604885793826761, ""002281"": 0.062476992413817524, ""002709"": 0.03772306447222131, ""002837"": 0.043331580663468754, ""300274"": 0.03868180982860202, ""300408"": 0.07054478671471995, ""515180"": 0.22118247002068725, ""600426"": 0.09141952693292535, ""600522"": 0.10468908343297739, ""601872"": 0.07649281114576299, ""601899"": 0.07146735094843737, ""688008"": 0.07016342348731616, ""688676"": 0.03577824200079627}","{""002156"": 0.06339562144991266, ""002281"": 0.06389769380789168, ""002709"": 0.07410266110495302, ""002837"": 0.05085229135561339, ""300274"": 0.07523852797368583, ""300408"": 0.06161904808805803, ""515180"": 0.25, ""600426"": 0.08042160097735118, ""600522"": 0.060997475281013, ""601872"": 0.04619088592502125, ""601899"": 0.06799488202011555, ""688008"": 0.05540014454275062, ""688676"": 0.04988916747363377}",0.0,False,s1_stable_all7_30_vol_target,f5,False
2026-03-05,0.018959441600757403,0.0,0.018959441600757403,1.703691208215526,0.0,0.7576356335915657,0.24236436640843417,0.0,12,"[""002156"", ""002281"", ""002709"", ""002837"", ""300274"", ""300408"", ""600426"", ""600522"", ""601872"", ""601899"", ""688008"", ""688676""]","{""002156"": 0.06339562144991266, ""002281"": 0.06389769380789168, ""002709"": 0.07410266110495302, ""002837"": 0.05085229135561339, ""300274"": 0.07523852797368583, ""300408"": 0.06161904808805803, ""515180"": 0.25, ""600426"": 0.08042160097735118, ""600522"": 0.060997475281013, ""601872"": 0.04619088592502125, ""601899"": 0.06799488202011555, ""688008"": 0.05540014454275062, ""688676"": 0.04988916747363377}","{""002156"": 0.06539888531496904, ""002281"": 0.0675666725683589, ""002709"": 0.07432530361425348, ""002837"": 0.05159150429504214, ""300274"": 0.07566479960980675, ""300408"": 0.0620826188379585, ""515180"": 0.24236436640843417, ""600426"": 0.0775365395042586, ""600522"": 0.06257668488061184, ""601872"": 0.041763563010198665, ""601899"": 0.06810410285374031, ""688008"": 0.05789595567630451, ""688676"": 0.05312900342606299}",0.0,False,s1_stable_all7_30_vol_target,f5,False
2026-03-06,-0.01226185329196768,0.0,-0.01226185329196768,1.682800796565572,0.0,0.7558017416767654,0.24419825832323458,0.0,12,"[""002156"", ""002281"", ""002709"", ""002837"", ""300274"", ""300408"", ""600426"", ""600522"", ""601872"", ""601899"", ""688008"", ""688676""]","{""002156"": 0.06539888531496904, ""002281"": 0.0675666725683589, ""002709"": 0.07432530361425348, ""002837"": 0.05159150429504214, ""300274"": 0.07566479960980675, ""300408"": 0.0620826188379585, ""515180"": 0.24236436640843417, ""600426"": 0.0775365395042586, ""600522"": 0.06257668488061184, ""601872"": 0.041763563010198665, ""601899"": 0.06810410285374031, ""688008"": 0.05789595567630451, ""688676"": 0.05312900342606299}","{""002156"": 0.06457951701647528, ""002281"": 0.06821529096328388, ""002709"": 0.07777209424183984, ""002837"": 0.05039553250096187, ""300274"": 0.07508538445558377, ""300408"": 0.06067987183778711, ""515180"": 0.24419825832323458, ""600426"": 0.07709054797787146, ""600522"": 0.061477990617451926, ""601872"": 0.041440831887787986, ""601899"": 0.06629482961318042, ""688008"": 0.0565009716319852, ""688676"": 0.05626887893255661}",0.0,False,s1_stable_all7_30_vol_target,f5,False
2026-03-09,-0.006380452596812478,0.0,-0.006380452596812478,1.672063765853207,0.0,0.7515310556834909,0.2484689443165091,0.0,12,"[""002156"", ""002281"", ""002709"", ""002837"", ""300274"", ""300408"", ""600426"", ""600522"", ""601872"", ""601899"", ""688008"", ""688676""]","{""002156"": 0.06457951701647528, ""002281"": 0.06821529096328388, ""002709"": 0.07777209424183984, ""002837"": 0.05039553250096187, ""300274"": 0.07508538445558377, ""300408"": 0.06067987183778711, ""515180"": 0.24419825832323458, ""600426"": 0.07709054797787146, ""600522"": 0.061477990617451926, ""601872"": 0.041440831887787986, ""601899"": 0.06629482961318042, ""688008"": 0.0565009716319852, ""688676"": 0.05626887893255661}","{""002156"": 0.06179152995991718, ""002281"": 0.0678095171761485, ""002709"": 0.07461863397636313, ""002837"": 0.0495210381208723, ""300274"": 0.07555731564083822, ""300408"": 0.05938690629209062, ""515180"": 0.2484689443165091, ""600426"": 0.088510680630798, ""600522"": 0.05730748290413838, ""601872"": 0.043300519691135485, ""601899"": 0.06473052910902917, ""688008"": 0.05464204477722965, ""688676"": 0.05435485740493024}",0.0,False,s1_stable_all7_30_vol_target,f5,False
2026-03-10,0.0038820549721706723,0.0,0.0038820549721706723,1.678554809309224,0.0,0.7560253221195492,0.24397467788045069,0.0,12,"[""002156"", ""002281"", ""002709"", ""002837"", ""300274"", ""300408"", ""600426"", ""600522"", ""601872"", ""601899"", ""688008"", ""688676""]","{""002156"": 0.06179152995991718, ""002281"": 0.0678095171761485, ""002709"": 0.07461863397636313, ""002837"": 0.0495210381208723, ""300274"": 0.07555731564083822, ""300408"": 0.05938690629209062, ""515180"": 0.2484689443165091, ""600426"": 0.088510680630798, ""600522"": 0.05730748290413838, ""601872"": 0.043300519691135485, ""601899"": 0.06473052910902917, ""688008"": 0.05464204477722965, ""688676"": 0.05435485740493024}","{""002156"": 0.06393859813572533, ""002281"": 0.0684485031600797, ""002709"": 0.08169991852937825, ""002837"": 0.05003127379483601, ""300274"": 0.08010271391459238, ""300408"": 0.0608124131943271, ""515180"": 0.24397467788045069, ""600426"": 0.07410243550866842, ""600522"": 0.05966577778820759, ""601872"": 0.037825151784937366, ""601899"": 0.06640746142746334, ""688008"": 0.05743806891548349, ""688676"": 0.055553005965850236}",0.0,False,s1_stable_all7_30_vol_target,f5,False
2026-03-11,0.020509627329683783,0.0,0.020509627329683783,1.7129813429006047,0.0,0.7609285876911841,0.23907141230881568,0.0,12,"[""002156"", ""002281"", ""002709"", ""002837"", ""300274"", ""300408"", ""600426"", ""600522"", ""601872"", ""601899"", ""688008"", ""688676""]","{""002156"": 0.06393859813572533, ""002281"": 0.0684485031600797, ""002709"": 0.08169991852937825, ""002837"": 0.05003127379483601, ""300274"": 0.08010271391459238, ""300408"": 0.0608124131943271, ""515180"": 0.24397467788045069, ""600426"": 0.07410243550866842, ""600522"": 0.05966577778820759, ""601872"": 0.037825151784937366, ""601899"": 0.06640746142746334, ""688008"": 0.05743806891548349, ""688676"": 0.055553005965850236}","{""002156"": 0.06282435384192125, ""002281"": 0.076999206003804, ""002709"": 0.08172311883802572, ""002837"": 0.04887878879567464, ""300274"": 0.07770944807377855, ""300408"": 0.06020614876693775, ""515180"": 0.23907141230881568, ""600426"": 0.07375813637624079, ""600522"": 0.06332994258070686, ""601872"": 0.03913087918445006, ""601899"": 0.06600810641810541, ""688008"": 0.056689415167700964, ""688676"": 0.05367104364383816}",0.0,False,s1_stable_all7_30_vol_target,f5,False
2026-03-12,0.01539199179896726,0.0,0.01539199179896726,1.7393475376823149,0.0,0.7608179092408822,0.23918209075911753,0.0,12,"[""002156"", ""002281"", ""002709"", ""002837"", ""300274"", ""300408"", ""600426"", ""600522"", ""601872"", ""601899"", ""688008"", ""688676""]","{""002156"": 0.06282435384192125, ""002281"": 0.076999206003804, ""002709"": 0.08172311883802572, ""002837"": 0.04887878879567464, ""300274"": 0.07770944807377855, ""300408"": 0.06020614876693775, ""515180"": 0.23907141230881568, ""600426"": 0.07375813637624079, ""600522"": 0.06332994258070686, ""601872"": 0.03913087918445006, ""601899"": 0.06600810641810541, ""688008"": 0.056689415167700964, ""688676"": 0.05367104364383816}","{""002156"": 0.060565475222324784, ""002281"": 0.0765511835402164, ""002709"": 0.0848514770143164, ""002837"": 0.04867030378793419, ""300274"": 0.08396176433989432, ""300408"": 0.05787816707619032, ""515180"": 0.23918209075911753, ""600426"": 0.07930966824117919, ""600522"": 0.06190575721836213, ""601872"": 0.03841802479239605, ""601899"": 0.06374987283403918, ""688008"": 0.05399939410631836, ""688676"": 0.050956821067710864}",0.0,False,s1_stable_all7_30_vol_target,f5,False
2026-03-13,-0.0001983575712892887,8.743006318923108e-20,-0.00019835757128928877,1.7390025249291121,1.0408340855860843e-16,0.7578470809695578,0.24215291903044214,0.0,12,"[""002156"", ""002281"", ""002709"", ""002837"", ""300274"", ""300408"", ""600426"", ""600522"", ""601872"", ""601899"", ""688008"", ""688676""]","{""002156"": 0.060565475222324784, ""002281"": 0.0765511835402164, ""002709"": 0.0848514770143164, ""002837"": 0.04867030378793419, ""300274"": 0.08396176433989432, ""300408"": 0.05787816707619032, ""515180"": 0.23918209075911753, ""600426"": 0.07930966824117919, ""600522"": 0.06190575721836213, ""601872"": 0.03841802479239605, ""601899"": 0.06374987283403918, ""688008"": 0.05399939410631836, ""688676"": 0.050956821067710864}","{""002156"": 0.05933538029752043, ""002281"": 0.07787119451224414, ""002709"": 0.08552797422444995, ""002837"": 0.046403683369064024, ""300274"": 0.08572331336869203, ""300408"": 0.05597856648065319, ""515180"": 0.24215291903044214, ""600426"": 0.0813888902004049, ""600522"": 0.06261445879324187, ""601872"": 0.03739617465283611, ""601899"": 0.06271723338960711, ""688008"": 0.05318177611645582, ""688676"": 0.049708435564388226}",4.3021142204224816e-16,False,s6_stable_all7_30_fixed75,f6,True
2026-03-16,-0.0070860719464993374,0.0,-0.0070860719464993374,1.7266798279223203,0.0,0.7567731972974115,0.24322680270258845,0.0,12,"[""002156"", ""002281"", ""002709"", ""002837"", ""300274"", ""300408"", ""600426"", ""600522"", ""601872"", ""601899"", ""688008"", ""688676""]","{""002156"": 0.05933538029752043, ""002281"": 0.07787119451224414, ""002709"": 0.08552797422444995, ""002837"": 0.046403683369064024, ""300274"": 0.08572331336869203, ""300408"": 0.05597856648065319, ""515180"": 0.24215291903044214, ""600426"": 0.0813888902004049, ""600522"": 0.06261445879324187, ""601872"": 0.03739617465283611, ""601899"": 0.06271723338960711, ""688008"": 0.05318177611645582, ""688676"": 0.049708435564388226}","{""002156"": 0.05942002986095108, ""002281"": 0.07118234020100526, ""002709"": 0.08732345052913226, ""002837"": 0.04789569244877163, ""300274"": 0.0882706434928333, ""300408"": 0.05514583597443736, ""515180"": 0.24322680270258845, ""600426"": 0.08271340808179933, ""600522"": 0.06331636663644369, ""601872"": 0.03696380767744207, ""601899"": 0.06109501608805122, ""688008"": 0.05364547152404531, ""688676"": 0.049801134782499056}",0.0,False,s6_stable_all7_30_fixed75,f6,False
2026-03-17,-0.008906642583333013,0.0,-0.008906642583333013,1.7113009078391652,0.0,0.7567328985471573,0.24326710145284278,0.0,12,"[""002156"", ""002281"", ""002709"", ""002837"", ""300274"", ""300408"", ""600426"", ""600522"", ""601872"", ""601899"", ""688008"", ""688676""]","{""002156"": 0.05942002986095108, ""002281"": 0.07118234020100526, ""002709"": 0.08732345052913226, ""002837"": 0.04789569244877163, ""300274"": 0.0882706434928333, ""300408"": 0.05514583597443736, ""515180"": 0.24322680270258845, ""600426"": 0.08271340808179933, ""600522"": 0.06331636663644369, ""601872"": 0.03696380767744207, ""601899"": 0.06109501608805122, ""688008"": 0.05364547152404531, ""688676"": 0.049801134782499056}","{""002156"": 0.061952530001486136, ""002281"": 0.07105706497906183, ""002709"": 0.08615152713510815, ""002837"": 0.05256790863221605, ""300274"": 0.08689118713248364, ""300408"": 0.05664838699622356, ""515180"": 0.24326710145284278, ""600426"": 0.07505631960024807, ""600522"": 0.06073292047899395, ""601872"": 0.04026409849928738, ""601899"": 0.06108594851011433, ""688008"": 0.056342671371071594, ""688676"": 0.04798233521086263}",0.0,False,s6_stable_all7_30_fixed75,f6,False
2026-03-18,-0.027648788065658007,0.0,-0.027648788065658007,1.6639855117217521,0.0,0.7513431876946637,0.24865681230533643,0.0,12,"[""002156"", ""002281"", ""002709"", ""002837"", ""300274"", ""300408"", ""600426"", ""600522"", ""601872"", ""601899"", ""688008"", ""688676""]","{""002156"": 0.061952530001486136, ""002281"": 0.07105706497906183, ""002709"": 0.08615152713510815, ""002837"": 0.05256790863221605, ""300274"": 0.08689118713248364, ""300408"": 0.05664838699622356, ""515180"": 0.24326710145284278, ""600426"": 0.07505631960024807, ""600522"": 0.06073292047899395, ""601872"": 0.04026409849928738, ""601899"": 0.06108594851011433, ""688008"": 0.056342671371071594, ""688676"": 0.04798233521086263}","{""002156"": 0.06196981546102754, ""002281"": 0.0708048238276544, ""002709"": 0.0848002150084289, ""002837"": 0.05168904193366846, ""300274"": 0.08560181580648597, ""300408"": 0.05826975020322108, ""515180"": 0.24865681230533643, ""600426"": 0.07540137730190193, ""600522"": 0.057122541370852827, ""601872"": 0.04035814434115288, ""601899"": 0.06284144173592929, ""688008"": 0.0568057284380253, ""688676"": 0.04567849226631506}",0.0,False,s6_stable_all7_30_fixed75,f6,False
2026-03-19,-0.004939843564037725,0.0,-0.004939843564037725,1.6557656836010213,0.0,0.7521556547508428,0.2478443452491573,0.0,12,"[""002156"", ""002281"", ""002709"", ""002837"", ""300274"", ""300408"", ""600426"", ""600522"", ""601872"", ""601899"", ""688008"", ""688676""]","{""002156"": 0.06196981546102754, ""002281"": 0.0708048238276544, ""002709"": 0.0848002150084289, ""002837"": 0.05168904193366846, ""300274"": 0.08560181580648597, ""300408"": 0.05826975020322108, ""515180"": 0.24865681230533643, ""600426"": 0.07540137730190193, ""600522"": 0.057122541370852827, ""601872"": 0.04035814434115288, ""601899"": 0.06284144173592929, ""688008"": 0.0568057284380253, ""688676"": 0.04567849226631506}","{""002156"": 0.06291614374493229, ""002281"": 0.07206993701477947, ""002709"": 0.0807833707112888, ""002837"": 0.05229671426205079, ""300274"": 0.08412189419096457, ""300408"": 0.057720052920771925, ""515180"": 0.2478443452491573, ""600426"": 0.07757374678259205, ""600522"": 0.05680767645325369, ""601872"": 0.044631948000128104, ""601899"": 0.06038091174948398, ""688008"": 0.057293778971689184, ""688676"": 0.04555947994890795}",0.0,False,s6_stable_all7_30_fixed75,f6,False
2026-03-20,-0.003655504675832024,0.0,-0.003655504675832024,1.6497130244025355,0.0,0.7529583350140631,0.247041664985937,0.0,12,"[""002156"", ""002281"", ""002709"", ""002837"", ""300274"", ""300408"", ""600426"", ""600522"", ""601872"", ""601899"", ""688008"", ""688676""]","{""002156"": 0.06291614374493229, ""002281"": 0.07206993701477947, ""002709"": 0.0807833707112888, ""002837"": 0.05229671426205079, ""300274"": 0.08412189419096457, ""300408"": 0.057720052920771925, ""515180"": 0.2478443452491573, ""600426"": 0.07757374678259205, ""600522"": 0.05680767645325369, ""601872"": 0.044631948000128104, ""601899"": 0.06038091174948398, ""688008"": 0.057293778971689184, ""688676"": 0.04555947994890795}","{""002156"": 0.06310606096552757, ""002281"": 0.07661939908287377, ""002709"": 0.07726463810001882, ""002837"": 0.053509824647799874, ""300274"": 0.08592790225805284, ""300408"": 0.05953064791312984, ""515180"": 0.247041664985937, ""600426"": 0.07273230992469937, ""600522"": 0.058106145443169985, ""601872"": 0.04388716640240019, ""601899"": 0.05864150231159265, ""688008"": 0.057833336438196, ""688676"": 0.04579940152660214}",0.0,False,s6_stable_all7_30_fixed75,f6,False
2026-03-23,-0.028014575685109542,0.0,-0.028014575685109542,1.6034970140216998,0.0,0.7475994408985032,0.25240055910149684,0.0,12,"[""002156"", ""002281"", ""002709"", ""002837"", ""300274"", ""300408"", ""600426"", ""600522"", ""601872"", ""601899"", ""688008"", ""688676""]","{""002156"": 0.06310606096552757, ""002281"": 0.07661939908287377, ""002709"": 0.07726463810001882, ""002837"": 0.053509824647799874, ""300274"": 0.08592790225805284, ""300408"": 0.05953064791312984, ""515180"": 0.247041664985937, ""600426"": 0.07273230992469937, ""600522"": 0.058106145443169985, ""601872"": 0.04388716640240019, ""601899"": 0.05864150231159265, ""688008"": 0.057833336438196, ""688676"": 0.04579940152660214}","{""002156"": 0.06070125675830559, ""002281"": 0.07260496036311263, ""002709"": 0.08051633488236158, ""002837"": 0.052772556780964215, ""300274"": 0.09291949370161852, ""300408"": 0.05790179817030266, ""515180"": 0.25240055910149684, ""600426"": 0.07436237962739621, ""600522"": 0.05570699291809779, ""601872"": 0.04400964946611878, ""601899"": 0.05650810088249576, ""688008"": 0.05500461715953111, ""688676"": 0.04459130018819836}",0.0,False,s6_stable_all7_30_fixed75,f6,False
2026-03-24,0.00022663519179298992,0.0,0.00022663519179298992,1.603860422875012,0.0,0.7513546145641118,0.24864538543588818,0.0,12,"[""002156"", ""002281"", ""002709"", ""002837"", ""300274"", ""300408"", ""600426"", ""600522"", ""601872"", ""601899"", ""688008"", ""688676""]","{""002156"": 0.06070125675830559, ""002281"": 0.07260496036311263, ""002709"": 0.08051633488236158, ""002837"": 0.052772556780964215, ""300274"": 0.09291949370161852, ""300408"": 0.05790179817030266, ""515180"": 0.25240055910149684, ""600426"": 0.07436237962739621, ""600522"": 0.05570699291809779, ""601872"": 0.04400964946611878, ""601899"": 0.05650810088249576, ""688008"": 0.05500461715953111, ""688676"": 0.04459130018819836}","{""002156"": 0.05950907748064014, ""002281"": 0.07209878167872939, ""002709"": 0.08428696440417764, ""002837"": 0.051888991540600865, ""300274"": 0.0901804747995663, ""300408"": 0.05655112457581842, ""515180"": 0.24864538543588818, ""600426"": 0.07476777673350712, ""600522"": 0.05805119895112489, ""601872"": 0.044648640387072905, ""601899"": 0.058493090631667466, ""688008"": 0.054996093155337995, ""688676"": 0.04588240022586868}",0.0,False,s6_stable_all7_30_fixed75,f6,False
2026-03-25,0.010630827810114287,0.0,0.010630827810114287,1.6209107868620534,0.0,0.752401936750183,0.247598063249817,0.0,12,"[""002156"", ""002281"", ""002709"", ""002837"", ""300274"", ""300408"", ""600426"", ""600522"", ""601872"", ""601899"", ""688008"", ""688676""]","{""002156"": 0.05950907748064014, ""002281"": 0.07209878167872939, ""002709"": 0.08428696440417764, ""002837"": 0.051888991540600865, ""300274"": 0.0901804747995663, ""300408"": 0.05655112457581842, ""515180"": 0.24864538543588818, ""600426"": 0.07476777673350712, ""600522"": 0.05805119895112489, ""601872"": 0.044648640387072905, ""601899"": 0.058493090631667466, ""688008"": 0.054996093155337995, ""688676"": 0.04588240022586868}","{""002156"": 0.05888310136906015, ""002281"": 0.07437346205991709, ""002709"": 0.08299866914169048, ""002837"": 0.051607913681785, ""300274"": 0.0864844855083191, ""300408"": 0.058581535213078226, ""515180"": 0.247598063249817, ""600426"": 0.07062257775363494, ""600522"": 0.06054239369555309, ""601872"": 0.04664478484898664, ""601899"": 0.06215448654168088, ""688008"": 0.05422270327461258, ""688676"": 0.045285823661864795}",0.0,False,s6_stable_all7_30_fixed75,f6,False
2026-03-26,0.001230538799893086,0.0,0.001230538799893086,1.6229053804764522,0.0,0.7516620734389959,0.2483379265610041,0.0,12,"[""002156"", ""002281"", ""002709"", ""002837"", ""300274"", ""300408"", ""600426"", ""600522"", ""601872"", ""601899"", ""688008"", ""688676""]","{""002156"": 0.05888310136906015, ""002281"": 0.07437346205991709, ""002709"": 0.08299866914169048, ""002837"": 0.051607913681785, ""300274"": 0.0864844855083191, ""300408"": 0.058581535213078226, ""515180"": 0.247598063249817, ""600426"": 0.07062257775363494, ""600522"": 0.06054239369555309, ""601872"": 0.04664478484898664, ""601899"": 0.06215448654168088, ""688008"": 0.05422270327461258, ""688676"": 0.045285823661864795}","{""002156"": 0.060335799213464526, ""002281"": 0.07597598710892088, ""002709"": 0.08146385147566658, ""002837"": 0.05051244976062804, ""300274"": 0.08658886588790428, ""300408"": 0.05914879598631778, ""515180"": 0.2483379265610041, ""600426"": 0.07180662247222024, ""600522"": 0.061146384732144406, ""601872"": 0.04348333695606174, ""601899"": 0.06131873193331484, ""688008"": 0.05430399335799337, ""688676"": 0.04557725455435929}",0.0,False,s6_stable_all7_30_fixed75,f6,False
2026-03-27,-0.015781224992499742,0.0,-0.015781224992499742,1.5972939455256148,0.0,0.7475033388400052,0.252496661159995,0.0,12,"[""002156"", ""002281"", ""002709"", ""002837"", ""300274"", ""300408"", ""600426"", ""600522"", ""601872"", ""601899"", ""688008"", ""688676""]","{""002156"": 0.060335799213464526, ""002281"": 0.07597598710892088, ""002709"": 0.08146385147566658, ""002837"": 0.05051244976062804, ""300274"": 0.08658886588790428, ""300408"": 0.05914879598631778, ""515180"": 0.2483379265610041, ""600426"": 0.07180662247222024, ""600522"": 0.061146384732144406, ""601872"": 0.04348333695606174, ""601899"": 0.06131873193331484, ""688008"": 0.05430399335799337, ""688676"": 0.04557725455435929}","{""002156"": 0.05903530552570178, ""002281"": 0.07609234250205646, ""002709"": 0.08443936366184453, ""002837"": 0.048939420385313376, ""300274"": 0.0884588673985448, ""300408"": 0.05923853045805528, ""515180"": 0.252496661159995, ""600426"": 0.07348659018835452, ""600522"": 0.059714353036573666, ""601872"": 0.04292942940706527, ""601899"": 0.05921576890006521, ""688008"": 0.05206185987629481, ""688676"": 0.04389150750013545}",0.0,False,s6_stable_all7_30_fixed75,f6,False
2026-03-30,0.009500122664178729,0.0,0.009500122664178729,1.612468433938858,0.0,0.7495292053328018,0.2504707946671984,0.0,12,"[""002156"", ""002281"", ""002709"", ""002837"", ""300274"", ""300408"", ""600426"", ""600522"", ""601872"", ""601899"", ""688008"", ""688676""]","{""002156"": 0.05903530552570178, ""002281"": 0.07609234250205646, ""002709"": 0.08443936366184453, ""002837"": 0.048939420385313376, ""300274"": 0.0884588673985448, ""300408"": 0.05923853045805528, ""515180"": 0.252496661159995, ""600426"": 0.07348659018835452, ""600522"": 0.059714353036573666, ""601872"": 0.04292942940706527, ""601899"": 0.05921576890006521, ""688008"": 0.05206185987629481, ""688676"": 0.04389150750013545}","{""002156"": 0.057935535538455186, ""002281"": 0.07549352679229152, ""002709"": 0.09004758227725437, ""002837"": 0.04691196485884794, ""300274"": 0.08688428082519321, ""300408"": 0.05730701956022134, ""515180"": 0.2504707946671984, ""600426"": 0.07659404971886499, ""600522"": 0.06006278504086125, ""601872"": 0.04330003062456999, ""601899"": 0.05999599626124159, ""688008"": 0.05140344095911218, ""688676"": 0.04359299287588822}",0.0,False,s6_stable_all7_30_fixed75,f6,False
2026-03-31,0.010682363302680017,0.0,0.010682363302680017,1.6296934075642964,0.0,0.7494036956681409,0.2505963043318593,0.0,12,"[""002156"", ""002281"", ""002709"", ""002837"", ""300274"", ""300408"", ""600426"", ""600522"", ""601872"", ""601899"", ""688008"", ""688676""]","{""002156"": 0.057935535538455186, ""002281"": 0.07549352679229152, ""002709"": 0.09004758227725437, ""002837"": 0.04691196485884794, ""300274"": 0.08688428082519321, ""300408"": 0.05730701956022134, ""515180"": 0.2504707946671984, ""600426"": 0.07659404971886499, ""600522"": 0.06006278504086125, ""601872"": 0.04330003062456999, ""601899"": 0.05999599626124159, ""688008"": 0.05140344095911218, ""688676"": 0.04359299287588822}","{""002156"": 0.05840009505840739, ""002281"": 0.07781052116547983, ""002709"": 0.0896094914421008, ""002837"": 0.0458424785589034, ""300274"": 0.08121935829298499, ""300408"": 0.057888190107355755, ""515180"": 0.2505963043318593, ""600426"": 0.07648877397316686, ""600522"": 0.06440467926103892, ""601872"": 0.04360878379624383, ""601899"": 0.06083646543930962, ""688008"": 0.050247614039196344, ""688676"": 0.04304724453395316}",0.0,False,s6_stable_all7_30_fixed75,f6,False
2026-04-01,-0.009460173505601658,0.0,-0.009460173505601658,1.614276225167803,0.0,0.7487599523763552,0.25124004762364516,0.0,12,"[""002156"", ""002281"", ""002709"", ""002837"", ""300274"", ""300408"", ""600426"", ""600522"", ""601872"", ""601899"", ""688008"", ""688676""]","{""002156"": 0.05840009505840739, ""002281"": 0.07781052116547983, ""002709"": 0.0896094914421008, ""002837"": 0.0458424785589034, ""300274"": 0.08121935829298499, ""300408"": 0.057888190107355755, ""515180"": 0.2505963043318593, ""600426"": 0.07648877397316686, ""600522"": 0.06440467926103892, ""601872"": 0.04360878379624383, ""601899"": 0.06083646543930962, ""688008"": 0.050247614039196344, ""688676"": 0.04304724453395316}","{""002156"": 0.05911116841758818, ""002281"": 0.07803104259209236, ""002709"": 0.08856388957612714, ""002837"": 0.045242066862098695, ""300274"": 0.07424322964074587, ""300408"": 0.058876765285728466, ""515180"": 0.25124004762364516, ""600426"": 0.0755439181172347, ""600522"": 0.069862159679729, ""601872"": 0.04237464523797552, ""601899"": 0.06309701898418076, ""688008"": 0.05072750503836557, ""688676"": 0.04308654294448889}",0.0,False,s6_stable_all7_30_fixed75,f6,False
2026-04-02,-0.009569404896642124,0.0,-0.009569404896642124,1.5988285623541492,0.0,0.74721574877708,0.25278425122292036,0.0,12,"[""002156"", ""002281"", ""002709"", ""002837"", ""300274"", ""300408"", ""600426"", ""600522"", ""601872"", ""601899"", ""688008"", ""688676""]","{""002156"": 0.05911116841758818, ""002281"": 0.07803104259209236, ""002709"": 0.08856388957612714, ""002837"": 0.045242066862098695, ""300274"": 0.07424322964074587, ""300408"": 0.058876765285728466, ""515180"": 0.25124004762364516, ""600426"": 0.0755439181172347, ""600522"": 0.069862159679729, ""601872"": 0.04237464523797552, ""601899"": 0.06309701898418076, ""688008"": 0.05072750503836557, ""688676"": 0.04308654294448889}","{""002156"": 0.059569708237745926, ""002281"": 0.07806625971294161, ""002709"": 0.0867241181353256, ""002837"": 0.045247833913818175, ""300274"": 0.06990313236617757, ""300408"": 0.059357640040811954, ""515180"": 0.25278425122292036, ""600426"": 0.07640033561638206, ""600522"": 0.06631365126955287, ""601872"": 0.046611973974314644, ""601899"": 0.06395716388121782, ""688008"": 0.0518498753387943, ""688676"": 0.043214056289997436}",0.0,False,s6_stable_all7_30_fixed75,f6,False
2026-04-03,-0.004595902996023175,0.0,-0.004595902996023175,1.5914805013742983,0.0,0.7458711485542328,0.25412885144576763,0.0,12,"[""002156"", ""002281"", ""002709"", ""002837"", ""300274"", ""300408"", ""600426"", ""600522"", ""601872"", ""601899"", ""688008"", ""688676""]","{""002156"": 0.059569708237745926, ""002281"": 0.07806625971294161, ""002709"": 0.0867241181353256, ""002837"": 0.045247833913818175, ""300274"": 0.06990313236617757, ""300408"": 0.059357640040811954, ""515180"": 0.25278425122292036, ""600426"": 0.07640033561638206, ""600522"": 0.06631365126955287, ""601872"": 0.046611973974314644, ""601899"": 0.06395716388121782, ""688008"": 0.0518498753387943, ""688676"": 0.043214056289997436}","{""002156"": 0.05813405064985281, ""002281"": 0.07770467472404205, ""002709"": 0.08702712724699736, ""002837"": 0.04436099929702926, ""300274"": 0.06794866489443675, ""300408"": 0.05859311047138141, ""515180"": 0.25412885144576763, ""600426"": 0.0758826809920963, ""600522"": 0.06733468406636996, ""601872"": 0.05179767074005352, ""601899"": 0.0628198972799252, ""688008"": 0.05173596079740063, ""688676"": 0.04253162739464746}",0.0,False,s6_stable_all7_30_fixed75,f6,False
2026-04-07,0.00075629266350942,0.0,0.00075629266350942,1.592684126401606,0.0,0.7497871326265961,0.2502128673734042,0.0,12,"[""002156"", ""002281"", ""002709"", ""002837"", ""300274"", ""300408"", ""600426"", ""600522"", ""601872"", ""601899"", ""688008"", ""688676""]","{""002156"": 0.05813405064985281, ""002281"": 0.07770467472404205, ""002709"": 0.08702712724699736, ""002837"": 0.04436099929702926, ""300274"": 0.06794866489443675, ""300408"": 0.05859311047138141, ""515180"": 0.25412885144576763, ""600426"": 0.0758826809920963, ""600522"": 0.06733468406636996, ""601872"": 0.05179767074005352, ""601899"": 0.0628198972799252, ""688008"": 0.05173596079740063, ""688676"": 0.04253162739464746}","{""002156"": 0.05746851554274615, ""002281"": 0.08402055460787351, ""002709"": 0.08421656324889662, ""002837"": 0.04432747475308161, ""300274"": 0.06591162074986096, ""300408"": 0.06044779495675275, ""515180"": 0.2502128673734042, ""600426"": 0.07497491597308625, ""600522"": 0.07041756374973832, ""601872"": 0.053614513700191414, ""601899"": 0.06190192710702952, ""688008"": 0.051006640460158396, ""688676"": 0.041479047777180686}",0.0,False,s6_stable_all7_30_fixed75,f6,False
2026-04-08,0.01776631651116424,0.0,0.01776631651116424,1.6209802566935643,0.0,0.7532837212816105,0.24671627871838972,0.0,12,"[""002156"", ""002281"", ""002709"", ""002837"", ""300274"", ""300408"", ""600426"", ""600522"", ""601872"", ""601899"", ""688008"", ""688676""]","{""002156"": 0.05746851554274615, ""002281"": 0.08402055460787351, ""002709"": 0.08421656324889662, ""002837"": 0.04432747475308161, ""300274"": 0.06591162074986096, ""300408"": 0.06044779495675275, ""515180"": 0.2502128673734042, ""600426"": 0.07497491597308625, ""600522"": 0.07041756374973832, ""601872"": 0.053614513700191414, ""601899"": 0.06190192710702952, ""688008"": 0.051006640460158396, ""688676"": 0.041479047777180686}","{""002156"": 0.05899162350369675, ""002281"": 0.08578424538517117, ""002709"": 0.08395145326428514, ""002837"": 0.04608416534115903, ""300274"": 0.06531999943507727, ""300408"": 0.06242998175824213, ""515180"": 0.24671627871838972, ""600426"": 0.07564927135136981, ""600522"": 0.069550584398026, ""601872"": 0.048646165375046804, ""601899"": 0.06310215648882564, ""688008"": 0.05194810771902865, ""688676"": 0.04182596726168212}",0.0,False,s6_stable_all7_30_fixed75,f6,False
2026-04-09,0.014531978514232763,0.0,0.014531978514232763,1.6445363069558308,0.0,0.7554437304552607,0.24455626954473952,0.0,12,"[""002156"", ""002281"", ""002709"", ""002837"", ""300274"", ""300408"", ""600426"", ""600522"", ""601872"", ""601899"", ""688008"", ""688676""]","{""002156"": 0.05899162350369675, ""002281"": 0.08578424538517117, ""002709"": 0.08395145326428514, ""002837"": 0.04608416534115903, ""300274"": 0.06531999943507727, ""300408"": 0.06242998175824213, ""515180"": 0.24671627871838972, ""600426"": 0.07564927135136981, ""600522"": 0.069550584398026, ""601872"": 0.048646165375046804, ""601899"": 0.06310215648882564, ""688008"": 0.05194810771902865, ""688676"": 0.04182596726168212}","{""002156"": 0.05966532691023394, ""002281"": 0.08502425682533385, ""002709"": 0.08372929575413866, ""002837"": 0.045997198230888894, ""300274"": 0.06478977430968716, ""300408"": 0.06102251113902896, ""515180"": 0.24455626954473952, ""600426"": 0.07816494608199807, ""600522"": 0.06699224306770131, ""601872"": 0.05083544211224369, ""601899"": 0.0621795578169638, ""688008"": 0.052683075218301595, ""688676"": 0.04436010298874074}",0.0,False,s6_stable_all7_30_fixed75,f6,False
2026-04-10,0.026138957471610127,0.0,0.026138957471610127,1.687522771543868,0.0,0.762677526224332,0.23732247377566815,0.0,12,"[""002156"", ""002281"", ""002709"", ""002837"", ""300274"", ""300408"", ""600426"", ""600522"", ""601872"", ""601899"", ""688008"", ""688676""]","{""002156"": 0.05966532691023394, ""002281"": 0.08502425682533385, ""002709"": 0.08372929575413866, ""002837"": 0.045997198230888894, ""300274"": 0.06478977430968716, ""300408"": 0.06102251113902896, ""515180"": 0.24455626954473952, ""600426"": 0.07816494608199807, ""600522"": 0.06699224306770131, ""601872"": 0.05083544211224369, ""601899"": 0.0621795578169638, ""688008"": 0.052683075218301595, ""688676"": 0.04436010298874074}","{""002156"": 0.06021213642061596, ""002281"": 0.09629608997962018, ""002709"": 0.08056758328975835, ""002837"": 0.047295774359040546, ""300274"": 0.06327613533151862, ""300408"": 0.061322840569353214, ""515180"": 0.23732247377566815, ""600426"": 0.07717451710965051, ""600522"": 0.06767795756187595, ""601872"": 0.04773948062626868, ""601899"": 0.06103382350891526, ""688008"": 0.05339270930601236, ""688676"": 0.04668847816170239}",0.0,False,s6_stable_all7_30_fixed75,f6,False
2026-04-13,-0.00797415861867301,0.0,-0.00797415861867301,1.6740661972909545,0.0,0.7606011576554275,0.23939884234457268,0.0,12,"[""002156"", ""002281"", ""002709"", ""002837"", ""300274"", ""300408"", ""600426"", ""600522"", ""601872"", ""601899"", ""688008"", ""688676""]","{""002156"": 0.06021213642061596, ""002281"": 0.09629608997962018, ""002709"": 0.08056758328975835, ""002837"": 0.047295774359040546, ""300274"": 0.06327613533151862, ""300408"": 0.061322840569353214, ""515180"": 0.23732247377566815, ""600426"": 0.07717451710965051, ""600522"": 0.06767795756187595, ""601872"": 0.04773948062626868, ""601899"": 0.06103382350891526, ""688008"": 0.05339270930601236, ""688676"": 0.04668847816170239}","{""002156"": 0.060373564071884885, ""002281"": 0.09322104913806017, ""002709"": 0.08423401463084211, ""002837"": 0.04974298892382263, ""300274"": 0.06553096406069994, ""300408"": 0.06112252013464803, ""515180"": 0.23939884234457268, ""600426"": 0.07769504450653902, ""600522"": 0.06390329165903068, ""601872"": 0.04588493340407871, ""601899"": 0.05996009269950231, ""688008"": 0.053595456273333605, ""688676"": 0.04533723815298538}",0.0,False,s6_stable_all7_30_fixed75,f6,False
2026-04-14,0.03073498372918052,0.0,0.03073498372918052,1.7255185946262632,0.0,0.7674123172142877,0.23258768278571237,0.0,12,"[""002156"", ""002281"", ""002709"", ""002837"", ""300274"", ""300408"", ""600426"", ""600522"", ""601872"", ""601899"", ""688008"", ""688676""]","{""002156"": 0.060373564071884885, ""002281"": 0.09322104913806017, ""002709"": 0.08423401463084211, ""002837"": 0.04974298892382263, ""300274"": 0.06553096406069994, ""300408"": 0.06112252013464803, ""515180"": 0.23939884234457268, ""600426"": 0.07769504450653902, ""600522"": 0.06390329165903068, ""601872"": 0.04588493340407871, ""601899"": 0.05996009269950231, ""688008"": 0.053595456273333605, ""688676"": 0.04533723815298538}","{""002156"": 0.06033368230153453, ""002281"": 0.09567612687351196, ""002709"": 0.08391438364395053, ""002837"": 0.05026068900732449, ""300274"": 0.06653917863077664, ""300408"": 0.07002041564718509, ""515180"": 0.23258768278571237, ""600426"": 0.07406579357188461, ""600522"": 0.06070040970825484, ""601872"": 0.04331029797045886, ""601899"": 0.06015409676812504, ""688008"": 0.05752606684281158, ""688676"": 0.044911176248469555}",0.0,False,s6_stable_all7_30_fixed75,f6,False
2026-04-15,0.00525865894703731,0.0,0.00525865894703731,1.734592508422174,0.0,0.7686290182973033,0.23137098170269668,0.0,12,"[""002156"", ""002281"", ""002709"", ""002837"", ""300274"", ""300408"", ""600426"", ""600522"", ""601872"", ""601899"", ""688008"", ""688676""]","{""002156"": 0.06033368230153453, ""002281"": 0.09567612687351196, ""002709"": 0.08391438364395053, ""002837"": 0.05026068900732449, ""300274"": 0.06653917863077664, ""300408"": 0.07002041564718509, ""515180"": 0.23258768278571237, ""600426"": 0.07406579357188461, ""600522"": 0.06070040970825484, ""601872"": 0.04331029797045886, ""601899"": 0.06015409676812504, ""688008"": 0.05752606684281158, ""688676"": 0.044911176248469555}","{""002156"": 0.060666645285604795, ""002281"": 0.09358238224833937, ""002709"": 0.08749707743785565, ""002837"": 0.053323042510622067, ""300274"": 0.06810797089471454, ""300408"": 0.06736310754395959, ""515180"": 0.23137098170269668, ""600426"": 0.07110256843600113, ""600522"": 0.059240383640109674, ""601872"": 0.04303573113845534, ""601899"": 0.062077405370982774, ""688008"": 0.05667879905727941, ""688676"": 0.04595390473337903}",0.0,False,s6_stable_all7_30_fixed75,f6,False
2026-04-16,-0.01585076958417116,0.00016037106369145036,-0.01601114064786261,1.7068197038030979,0.10969601690038054,0.7500000000000001,0.2499999999999999,0.0,12,"[""002156"", ""002281"", ""002709"", ""002837"", ""300408"", ""600026"", ""600426"", ""600522"", ""601872"", ""601899"", ""688008"", ""688676""]","{""002156"": 0.060666645285604795, ""002281"": 0.09358238224833937, ""002709"": 0.08749707743785565, ""002837"": 0.053323042510622067, ""300274"": 0.06810797089471454, ""300408"": 0.06736310754395959, ""515180"": 0.23137098170269668, ""600426"": 0.07110256843600113, ""600522"": 0.059240383640109674, ""601872"": 0.04303573113845534, ""601899"": 0.062077405370982774, ""688008"": 0.05667879905727941, ""688676"": 0.04595390473337903}","{""002156"": 0.06632002880293203, ""002281"": 0.05372247572838668, ""002709"": 0.08296544413773363, ""002837"": 0.05797298229095303, ""300408"": 0.06606231640610781, ""515180"": 0.2499999999999999, ""600026"": 0.050632579742946625, ""600426"": 0.07333575007102261, ""600522"": 0.061312090238811914, ""601872"": 0.047814483409146555, ""601899"": 0.07397873711092523, ""688008"": 0.05800276927788985, ""688676"": 0.0578803427831441}",0.0,False,s6_stable_all7_30_fixed75,f6,False
2026-04-17,0.003072485326748768,0.0,0.003072485326748768,1.7120638822984386,0.0,0.7502418002679625,0.24975819973203753,0.0,12,"[""002156"", ""002281"", ""002709"", ""002837"", ""300408"", ""600026"", ""600426"", ""600522"", ""601872"", ""601899"", ""688008"", ""688676""]","{""002156"": 0.06632002880293203, ""002281"": 0.05372247572838668, ""002709"": 0.08296544413773363, ""002837"": 0.05797298229095303, ""300408"": 0.06606231640610781, ""515180"": 0.2499999999999999, ""600026"": 0.050632579742946625, ""600426"": 0.07333575007102261, ""600522"": 0.061312090238811914, ""601872"": 0.047814483409146555, ""601899"": 0.07397873711092523, ""688008"": 0.05800276927788985, ""688676"": 0.0578803427831441}","{""002156"": 0.06726046273124203, ""002281"": 0.05545143208236367, ""002709"": 0.0835710640656444, ""002837"": 0.05713508894988943, ""300408"": 0.06576813762082691, ""515180"": 0.24975819973203753, ""600026"": 0.049173810630306125, ""600426"": 0.07358525248918041, ""600522"": 0.06156802024385463, ""601872"": 0.046158883603404324, ""601899"": 0.07375213475906162, ""688008"": 0.05902017715594432, ""688676"": 0.0577973359362446}",0.0,False,s6_stable_all7_30_fixed75,f6,False
2026-04-20,0.010692954725333853,0.0,0.010692954725333853,1.7303709038787352,0.0,0.754266664370187,0.24573333562981312,0.0,12,"[""002156"", ""002281"", ""002709"", ""002837"", ""300408"", ""600026"", ""600426"", ""600522"", ""601872"", ""601899"", ""688008"", ""688676""]","{""002156"": 0.06726046273124203, ""002281"": 0.05545143208236367, ""002709"": 0.0835710640656444, ""002837"": 0.05713508894988943, ""300408"": 0.06576813762082691, ""515180"": 0.24975819973203753, ""600026"": 0.049173810630306125, ""600426"": 0.07358525248918041, ""600522"": 0.06156802024385463, ""601872"": 0.046158883603404324, ""601899"": 0.07375213475906162, ""688008"": 0.05902017715594432, ""688676"": 0.0577973359362446}","{""002156"": 0.06643847067576902, ""002281"": 0.06030724755882627, ""002709"": 0.08183624358895418, ""002837"": 0.060559256683627424, ""300408"": 0.064880520341735, ""515180"": 0.24573333562981312, ""600026"": 0.049219299386059574, ""600426"": 0.0718658299665719, ""600522"": 0.06287036426776982, ""601872"": 0.04654583961734893, ""601899"": 0.07267313489431353, ""688008"": 0.05943816025749868, ""688676"": 0.05763229713171261}",0.0,False,s6_stable_all7_30_fixed75,f6,False
2026-04-21,0.008069532828670687,0.0,0.008069532828670687,1.744334188693361,0.0,0.7557194693727758,0.24428053062722435,0.0,12,"[""002156"", ""002281"", ""002709"", ""002837"", ""300408"", ""600026"", ""600426"", ""600522"", ""601872"", ""601899"", ""688008"", ""688676""]","{""002156"": 0.06643847067576902, ""002281"": 0.06030724755882627, ""002709"": 0.08183624358895418, ""002837"": 0.060559256683627424, ""300408"": 0.064880520341735, ""515180"": 0.24573333562981312, ""600026"": 0.049219299386059574, ""600426"": 0.0718658299665719, ""600522"": 0.06287036426776982, ""601872"": 0.04654583961734893, ""601899"": 0.07267313489431353, ""688008"": 0.05943816025749868, ""688676"": 0.05763229713171261}","{""002156"": 0.06589294686271586, ""002281"": 0.05835339779574348, ""002709"": 0.08337514353585389, ""002837"": 0.057826164365640226, ""300408"": 0.06412081922244343, ""515180"": 0.24428053062722435, ""600026"": 0.048982440911647454, ""600426"": 0.0707405732425392, ""600522"": 0.0669400969523527, ""601872"": 0.04811415377818128, ""601899"": 0.07234538303014215, ""688008"": 0.05953726907151225, ""688676"": 0.059491080604003814}",0.0,False,s6_stable_all7_30_fixed75,f6,False
2026-04-22,0.006977360815536415,0.0,0.006977360815536415,1.7565050377107505,0.0,0.755539484324289,0.24446051567571123,0.0,12,"[""002156"", ""002281"", ""002709"", ""002837"", ""300408"", ""600026"", ""600426"", ""600522"", ""601872"", ""601899"", ""688008"", ""688676""]","{""002156"": 0.06589294686271586, ""002281"": 0.05835339779574348, ""002709"": 0.08337514353585389, ""002837"": 0.057826164365640226, ""300408"": 0.06412081922244343, ""515180"": 0.24428053062722435, ""600026"": 0.048982440911647454, ""600426"": 0.0707405732425392, ""600522"": 0.0669400969523527, ""601872"": 0.04811415377818128, ""601899"": 0.07234538303014215, ""688008"": 0.05953726907151225, ""688676"": 0.059491080604003814}","{""002156"": 0.06486545867817109, ""002281"": 0.05916648360980929, ""002709"": 0.08780865682209528, ""002837"": 0.05167278236769857, ""300408"": 0.0646510998625588, ""515180"": 0.24446051567571123, ""600026"": 0.04864304086437185, ""600426"": 0.07077556896687204, ""600522"": 0.06980656904611618, ""601872"": 0.04724818190330512, ""601899"": 0.07329443520958619, ""688008"": 0.06055012857254738, ""688676"": 0.05705707842115714}",0.0,False,s6_stable_all7_30_fixed75,f6,False
2026-04-23,0.01317139580650442,0.0,0.01317139580650442,1.779640660798558,0.0,0.7588855354988152,0.2411144645011849,0.0,12,"[""002156"", ""002281"", ""002709"", ""002837"", ""300408"", ""600026"", ""600426"", ""600522"", ""601872"", ""601899"", ""688008"", ""688676""]","{""002156"": 0.06486545867817109, ""002281"": 0.05916648360980929, ""002709"": 0.08780865682209528, ""002837"": 0.05167278236769857, ""300408"": 0.0646510998625588, ""515180"": 0.24446051567571123, ""600026"": 0.04864304086437185, ""600426"": 0.07077556896687204, ""600522"": 0.06980656904611618, ""601872"": 0.04724818190330512, ""601899"": 0.07329443520958619, ""688008"": 0.06055012857254738, ""688676"": 0.05705707842115714}","{""002156"": 0.06591392349998249, ""002281"": 0.060007441111616225, ""002709"": 0.08550918596688457, ""002837"": 0.052006040726008604, ""300408"": 0.06630372583576709, ""515180"": 0.2411144645011849, ""600026"": 0.04658047449194146, ""600426"": 0.07176811641222106, ""600522"": 0.07201532504792366, ""601872"": 0.04267894839633553, ""601899"": 0.0721133884973713, ""688008"": 0.06287924571921497, ""688676"": 0.06110971979354824}",0.0,False,s6_stable_all7_30_fixed75,f6,False
2026-04-24,-0.0017850710084226706,0.0,-0.0017850710084226706,1.7764638758495563,0.0,0.7576127369373411,0.24238726306265895,0.0,12,"[""002156"", ""002281"", ""002709"", ""002837"", ""300408"", ""600026"", ""600426"", ""600522"", ""601872"", ""601899"", ""688008"", ""688676""]","{""002156"": 0.06591392349998249, ""002281"": 0.060007441111616225, ""002709"": 0.08550918596688457, ""002837"": 0.052006040726008604, ""300408"": 0.06630372583576709, ""515180"": 0.2411144645011849, ""600026"": 0.04658047449194146, ""600426"": 0.07176811641222106, ""600522"": 0.07201532504792366, ""601872"": 0.04267894839633553, ""601899"": 0.0721133884973713, ""688008"": 0.06287924571921497, ""688676"": 0.06110971979354824}","{""002156"": 0.06544041327868422, ""002281"": 0.06245000482305445, ""002709"": 0.08123747218306132, ""002837"": 0.05165058999201177, ""300408"": 0.07046362060150066, ""515180"": 0.24238726306265895, ""600026"": 0.04622292452777123, ""600426"": 0.07235599998440202, ""600522"": 0.07214410740247634, ""601872"": 0.04310633925084587, ""601899"": 0.06904173593982435, ""688008"": 0.06312429327785285, ""688676"": 0.06037523567585602}",0.0,False,s6_stable_all7_30_fixed75,f6,False
2026-04-27,0.014481681232670128,0.0,0.014481681232670128,1.802190059420963,0.0,0.7612387260851207,0.23876127391487953,0.0,12,"[""002156"", ""002281"", ""002709"", ""002837"", ""300408"", ""600026"", ""600426"", ""600522"", ""601872"", ""601899"", ""688008"", ""688676""]","{""002156"": 0.06544041327868422, ""002281"": 0.06245000482305445, ""002709"": 0.08123747218306132, ""002837"": 0.05165058999201177, ""300408"": 0.07046362060150066, ""515180"": 0.24238726306265895, ""600026"": 0.04622292452777123, ""600426"": 0.07235599998440202, ""600522"": 0.07214410740247634, ""601872"": 0.04310633925084587, ""601899"": 0.06904173593982435, ""688008"": 0.06312429327785285, ""688676"": 0.06037523567585602}","{""002156"": 0.06727521792227782, ""002281"": 0.062336914603217504, ""002709"": 0.08605644876444546, ""002837"": 0.048377346535436176, ""300408"": 0.07225890138681137, ""515180"": 0.23876127391487953, ""600026"": 0.04604110484681782, ""600426"": 0.0732732529081522, ""600522"": 0.07172549036755342, ""601872"": 0.04239212440069627, ""601899"": 0.06801519519679414, ""688008"": 0.06512495916750508, ""688676"": 0.05836176998541337}",0.0,False,s6_stable_all7_30_fixed75,f6,False
2026-04-28,0.008232542218929051,0.0,0.008232542218929051,1.8170266651716804,0.0,0.7631882884979977,0.23681171150200245,0.0,12,"[""002156"", ""002281"", ""002709"", ""002837"", ""300408"", ""600026"", ""600426"", ""600522"", ""601872"", ""601899"", ""688008"", ""688676""]","{""002156"": 0.06727521792227782, ""002281"": 0.062336914603217504, ""002709"": 0.08605644876444546, ""002837"": 0.048377346535436176, ""300408"": 0.07225890138681137, ""515180"": 0.23876127391487953, ""600026"": 0.04604110484681782, ""600426"": 0.0732732529081522, ""600522"": 0.07172549036755342, ""601872"": 0.04239212440069627, ""601899"": 0.06801519519679414, ""688008"": 0.06512495916750508, ""688676"": 0.05836176998541337}","{""002156"": 0.0667127537307185, ""002281"": 0.062100946965410596, ""002709"": 0.09089474997942823, ""002837"": 0.04879354370189108, ""300408"": 0.07220723486605088, ""515180"": 0.23681171150200245, ""600026"": 0.04585911748701258, ""600426"": 0.07419795185397253, ""600522"": 0.07425467870353397, ""601872"": 0.04153113037889265, ""601899"": 0.06609844118247174, ""688008"": 0.06382644884293362, ""688676"": 0.05671129080568127}",0.0,False,s6_stable_all7_30_fixed75,f6,False
2026-04-29,-0.005359387404648534,0.0,-0.005359387404648534,1.8072885153484488,0.0,0.7595959339346705,0.2404040660653296,0.0,12,"[""002156"", ""002281"", ""002709"", ""002837"", ""300408"", ""600026"", ""600426"", ""600522"", ""601872"", ""601899"", ""688008"", ""688676""]","{""002156"": 0.0667127537307185, ""002281"": 0.062100946965410596, ""002709"": 0.09089474997942823, ""002837"": 0.04879354370189108, ""300408"": 0.07220723486605088, ""515180"": 0.23681171150200245, ""600026"": 0.04585911748701258, ""600426"": 0.07419795185397253, ""600522"": 0.07425467870353397, ""601872"": 0.04153113037889265, ""601899"": 0.06609844118247174, ""688008"": 0.06382644884293362, ""688676"": 0.05671129080568127}","{""002156"": 0.06502447523887805, ""002281"": 0.06272426629073735, ""002709"": 0.08799314641539986, ""002837"": 0.04724523123200564, ""300408"": 0.07812480273944553, ""515180"": 0.2404040660653296, ""600026"": 0.045326226154627766, ""600426"": 0.07567724954172973, ""600522"": 0.0713339899104147, ""601872"": 0.04165631629219015, ""601899"": 0.06486115764970111, ""688008"": 0.06353727647012769, ""688676"": 0.05609179599941293}",0.0,False,s6_stable_all7_30_fixed75,f6,False
2026-04-30,0.02294206454452343,0.0,0.02294206454452343,1.848751445118149,0.0,0.7627232032623162,0.2372767967376838,0.0,12,"[""002156"", ""002281"", ""002709"", ""002837"", ""300408"", ""600026"", ""600426"", ""600522"", ""601872"", ""601899"", ""688008"", ""688676""]","{""002156"": 0.06502447523887805, ""002281"": 0.06272426629073735, ""002709"": 0.08799314641539986, ""002837"": 0.04724523123200564, ""300408"": 0.07812480273944553, ""515180"": 0.2404040660653296, ""600026"": 0.045326226154627766, ""600426"": 0.07567724954172973, ""600522"": 0.0713339899104147, ""601872"": 0.04165631629219015, ""601899"": 0.06486115764970111, ""688008"": 0.06353727647012769, ""688676"": 0.05609179599941293}","{""002156"": 0.06573584994118778, ""002281"": 0.06270089604277455, ""002709"": 0.0947299261374383, ""002837"": 0.04756509150784698, ""300408"": 0.07758205618872831, ""515180"": 0.2372767967376838, ""600026"": 0.04437321241954137, ""600426"": 0.07530472011745996, ""600522"": 0.06993960766986379, ""601872"": 0.04084254747126757, ""601899"": 0.0657030947815858, ""688008"": 0.06330638135742592, ""688676"": 0.0549398196271959}",0.0,False,s6_stable_all7_30_fixed75,f6,False
2026-05-06,0.022353607979188936,0.0,0.022353607979188936,1.890077710173279,0.0,0.7685440503234181,0.23145594967658203,0.0,12,"[""002156"", ""002281"", ""002709"", ""002837"", ""300408"", ""600026"", ""600426"", ""600522"", ""601872"", ""601899"", ""688008"", ""688676""]","{""002156"": 0.06573584994118778, ""002281"": 0.06270089604277455, ""002709"": 0.0947299261374383, ""002837"": 0.04756509150784698, ""300408"": 0.07758205618872831, ""515180"": 0.2372767967376838, ""600026"": 0.04437321241954137, ""600426"": 0.07530472011745996, ""600522"": 0.06993960766986379, ""601872"": 0.04084254747126757, ""601899"": 0.0657030947815858, ""688008"": 0.06330638135742592, ""688676"": 0.0549398196271959}","{""002156"": 0.07184019296833069, ""002281"": 0.06659766453027649, ""002709"": 0.09420064539044873, ""002837"": 0.047020551231420495, ""300408"": 0.07860283943388822, ""515180"": 0.23145594967658203, ""600026"": 0.044791066063963395, ""600426"": 0.07087877737591297, ""600522"": 0.06714427394630938, ""601872"": 0.04214145249631314, ""601899"": 0.06387582863833233, ""688008"": 0.06762678465861335, ""688676"": 0.05382397358960892}",0.0,False,s6_stable_all7_30_fixed75,f6,False
2026-05-07,0.02900749952071493,0.0,0.02900749952071493,1.9449041384452446,0.0,0.7743000107010508,0.22569998929894924,0.0,12,"[""002156"", ""002281"", ""002709"", ""002837"", ""300408"", ""600026"", ""600426"", ""600522"", ""601872"", ""601899"", ""688008"", ""688676""]","{""002156"": 0.07184019296833069, ""002281"": 0.06659766453027649, ""002709"": 0.09420064539044873, ""002837"": 0.047020551231420495, ""300408"": 0.07860283943388822, ""515180"": 0.23145594967658203, ""600026"": 0.044791066063963395, ""600426"": 0.07087877737591297, ""600522"": 0.06714427394630938, ""601872"": 0.04214145249631314, ""601899"": 0.06387582863833233, ""688008"": 0.06762678465861335, ""688676"": 0.05382397358960892}","{""002156"": 0.07454147275705214, ""002281"": 0.06715675723135443, ""002709"": 0.09620717101273586, ""002837"": 0.04687245610344499, ""300408"": 0.0768361084433402, ""515180"": 0.22569998929894924, ""600026"": 0.04393108361430151, ""600426"": 0.06844437576585556, ""600522"": 0.06999740944968606, ""601872"": 0.041778061031691086, ""601899"": 0.06461893647130496, ""688008"": 0.06976576533725354, ""688676"": 0.0541504134830305}",0.0,False,s6_stable_all7_30_fixed75,f6,False
2026-05-08,-0.004733078112596974,0.0,-0.004733078112596974,1.9356987552364702,0.0,0.7763162296779142,0.22368377032208575,0.0,12,"[""002156"", ""002281"", ""002709"", ""002837"", ""300408"", ""600026"", ""600426"", ""600522"", ""601872"", ""601899"", ""688008"", ""688676""]","{""002156"": 0.07454147275705214, ""002281"": 0.06715675723135443, ""002709"": 0.09620717101273586, ""002837"": 0.04687245610344499, ""300408"": 0.0768361084433402, ""515180"": 0.22569998929894924, ""600026"": 0.04393108361430151, ""600426"": 0.06844437576585556, ""600522"": 0.06999740944968606, ""601872"": 0.041778061031691086, ""601899"": 0.06461893647130496, ""688008"": 0.06976576533725354, ""688676"": 0.0541504134830305}","{""002156"": 0.07182458413727073, ""002281"": 0.07070190125604099, ""002709"": 0.0935621756746429, ""002837"": 0.048292686016690754, ""300408"": 0.07584790418799874, ""515180"": 0.22368377032208575, ""600026"": 0.044241147431919564, ""600426"": 0.06576288484488144, ""600522"": 0.07445120352147257, ""601872"": 0.041056197673344653, ""601899"": 0.06336220937852424, ""688008"": 0.07114411696827715, ""688676"": 0.056069218586850565}",0.0,False,s6_stable_all7_30_fixed75,f6,False
2026-05-11,0.0363800349029177,0.0,0.0363800349029177,2.0061195435135075,0.0,0.7856587492796085,0.21434125072039145,0.0,12,"[""002156"", ""002281"", ""002709"", ""002837"", ""300408"", ""600026"", ""600426"", ""600522"", ""601872"", ""601899"", ""688008"", ""688676""]","{""002156"": 0.07182458413727073, ""002281"": 0.07070190125604099, ""002709"": 0.0935621756746429, ""002837"": 0.048292686016690754, ""300408"": 0.07584790418799874, ""515180"": 0.22368377032208575, ""600026"": 0.044241147431919564, ""600426"": 0.06576288484488144, ""600522"": 0.07445120352147257, ""601872"": 0.041056197673344653, ""601899"": 0.06336220937852424, ""688008"": 0.07114411696827715, ""688676"": 0.056069218586850565}","{""002156"": 0.07132664248744833, ""002281"": 0.08015856266821093, ""002709"": 0.08525916594515714, ""002837"": 0.04724450535481197, ""300408"": 0.07625820930318226, ""515180"": 0.21434125072039145, ""600026"": 0.04415207936934941, ""600426"": 0.0623577533944524, ""600522"": 0.08467537972645055, ""601872"": 0.0416357229187137, ""601899"": 0.06211341726654517, ""688008"": 0.07745681539628244, ""688676"": 0.05302049544900421}",0.0,False,s6_stable_all7_30_fixed75,f6,False
2026-05-12,0.006825097362611364,0.0,0.006825097362611364,2.0198115047190246,0.0,0.7859273748944905,0.21407262510550945,0.0,12,"[""002156"", ""002281"", ""002709"", ""002837"", ""300408"", ""600026"", ""600426"", ""600522"", ""601872"", ""601899"", ""688008"", ""688676""]","{""002156"": 0.07132664248744833, ""002281"": 0.08015856266821093, ""002709"": 0.08525916594515714, ""002837"": 0.04724450535481197, ""300408"": 0.07625820930318226, ""515180"": 0.21434125072039145, ""600026"": 0.04415207936934941, ""600426"": 0.0623577533944524, ""600522"": 0.08467537972645055, ""601872"": 0.0416357229187137, ""601899"": 0.06211341726654517, ""688008"": 0.07745681539628244, ""688676"": 0.05302049544900421}","{""002156"": 0.07227349362784495, ""002281"": 0.08469700138751846, ""002709"": 0.08619701665906593, ""002837"": 0.046813852501858905, ""300408"": 0.07766117659632922, ""515180"": 0.21407262510550945, ""600026"": 0.04234061505372011, ""600426"": 0.06077502888821159, ""600522"": 0.0822583708558808, ""601872"": 0.039478790226014686, ""601899"": 0.06244180883667899, ""688008"": 0.0801273249670518, ""688676"": 0.05086289529431508}",0.0,False,s6_stable_all7_30_fixed75,f6,False
2026-05-13,-0.017607812037025904,0.0,-0.017607812037025904,1.9842470433937096,0.0,0.7820904647568535,0.21790953524314643,0.0,12,"[""002156"", ""002281"", ""002709"", ""002837"", ""300408"", ""600026"", ""600426"", ""600522"", ""601872"", ""601899"", ""688008"", ""688676""]","{""002156"": 0.07227349362784495, ""002281"": 0.08469700138751846, ""002709"": 0.08619701665906593, ""002837"": 0.046813852501858905, ""300408"": 0.07766117659632922, ""515180"": 0.21407262510550945, ""600026"": 0.04234061505372011, ""600426"": 0.06077502888821159, ""600522"": 0.0822583708558808, ""601872"": 0.039478790226014686, ""601899"": 0.06244180883667899, ""688008"": 0.0801273249670518, ""688676"": 0.05086289529431508}","{""002156"": 0.06956187411475492, ""002281"": 0.08449506951185769, ""002709"": 0.08550167720510861, ""002837"": 0.046176328039583256, ""300408"": 0.07698436694615086, ""515180"": 0.21790953524314643, ""600026"": 0.042764021522052074, ""600426"": 0.06209676585356841, ""600522"": 0.0809378015140541, ""601872"": 0.03971492415410655, ""601899"": 0.06382147441470837, ""688008"": 0.07890082171447896, ""688676"": 0.051135339766429665}",0.0,False,s6_stable_all7_30_fixed75,f6,False
2026-05-14,0.037030551290844586,0.0,0.037030551290844586,2.0577248053078074,0.0,0.7913248038813804,0.20867519611861945,0.0,12,"[""002156"", ""002281"", ""002709"", ""002837"", ""300408"", ""600026"", ""600426"", ""600522"", ""601872"", ""601899"", ""688008"", ""688676""]","{""002156"": 0.06956187411475492, ""002281"": 0.08449506951185769, ""002709"": 0.08550167720510861, ""002837"": 0.046176328039583256, ""300408"": 0.07698436694615086, ""515180"": 0.21790953524314643, ""600026"": 0.042764021522052074, ""600426"": 0.06209676585356841, ""600522"": 0.0809378015140541, ""601872"": 0.03971492415410655, ""601899"": 0.06382147441470837, ""688008"": 0.07890082171447896, ""688676"": 0.051135339766429665}","{""002156"": 0.070605366478223, ""002281"": 0.08270416097142005, ""002709"": 0.08269177261485171, ""002837"": 0.04898822137178864, ""300408"": 0.07801294796197722, ""515180"": 0.20867519611861945, ""600026"": 0.0413321405932098, ""600426"": 0.058725070041583005, ""600522"": 0.08166575702377606, ""601872"": 0.037798850515858254, ""601899"": 0.060448032954926526, ""688008"": 0.09145617589576661, ""688676"": 0.056896307457999486}",0.0,False,s6_stable_all7_30_fixed75,f6,False
2026-05-15,-0.021727497080091678,0.0,-0.021727497080091678,2.01301559560885,0.0,0.7881755588440784,0.21182444115592136,0.0,12,"[""002156"", ""002281"", ""002709"", ""002837"", ""300408"", ""600026"", ""600426"", ""600522"", ""601872"", ""601899"", ""688008"", ""688676""]","{""002156"": 0.070605366478223, ""002281"": 0.08270416097142005, ""002709"": 0.08269177261485171, ""002837"": 0.04898822137178864, ""300408"": 0.07801294796197722, ""515180"": 0.20867519611861945, ""600026"": 0.0413321405932098, ""600426"": 0.058725070041583005, ""600522"": 0.08166575702377606, ""601872"": 0.037798850515858254, ""601899"": 0.060448032954926526, ""688008"": 0.09145617589576661, ""688676"": 0.056896307457999486}","{""002156"": 0.06869821842789677, ""002281"": 0.08498293713714182, ""002709"": 0.08158888124798629, ""002837"": 0.047819082627577954, ""300408"": 0.07680397049421289, ""515180"": 0.21182444115592136, ""600026"": 0.04322273906298728, ""600426"": 0.059676513420056504, ""600522"": 0.08325312247939973, ""601872"": 0.03905882880208813, ""601899"": 0.05903944851069733, ""688008"": 0.08847225501457798, ""688676"": 0.05555956161945579}",0.0,False,s6_stable_all7_30_fixed75,f6,False
2026-05-18,-0.028543954688075576,0.0,-0.028543954688075576,1.9555561696614014,0.0,0.7825632315329912,0.21743676846700866,0.0,12,"[""002156"", ""002281"", ""002709"", ""002837"", ""300408"", ""600026"", ""600426"", ""600522"", ""601872"", ""601899"", ""688008"", ""688676""]","{""002156"": 0.06869821842789677, ""002281"": 0.08498293713714182, ""002709"": 0.08158888124798629, ""002837"": 0.047819082627577954, ""300408"": 0.07680397049421289, ""515180"": 0.21182444115592136, ""600026"": 0.04322273906298728, ""600426"": 0.059676513420056504, ""600522"": 0.08325312247939973, ""601872"": 0.03905882880208813, ""601899"": 0.05903944851069733, ""688008"": 0.08847225501457798, ""688676"": 0.05555956161945579}","{""002156"": 0.07022837045035459, ""002281"": 0.08529296215569725, ""002709"": 0.08448296041890081, ""002837"": 0.047569955664776134, ""300408"": 0.07597899671962102, ""515180"": 0.21743676846700866, ""600026"": 0.042109913364236085, ""600426"": 0.06173893352990689, ""600522"": 0.0808821324617374, ""601872"": 0.03735899629367311, ""601899"": 0.05682829886343363, ""688008"": 0.08494560510653462, ""688676"": 0.05514610650411965}",0.0,False,s6_stable_all7_30_fixed75,f6,False
2026-05-19,0.010308595469416381,0.0,0.010308595469416381,1.9757152071321622,0.0,0.7858412710748731,0.21415872892512672,0.0,12,"[""002156"", ""002281"", ""002709"", ""002837"", ""300408"", ""600026"", ""600426"", ""600522"", ""601872"", ""601899"", ""688008"", ""688676""]","{""002156"": 0.07022837045035459, ""002281"": 0.08529296215569725, ""002709"": 0.08448296041890081, ""002837"": 0.047569955664776134, ""300408"": 0.07597899671962102, ""515180"": 0.21743676846700866, ""600026"": 0.042109913364236085, ""600426"": 0.06173893352990689, ""600522"": 0.0808821324617374, ""601872"": 0.03735899629367311, ""601899"": 0.05682829886343363, ""688008"": 0.08494560510653462, ""688676"": 0.05514610650411965}","{""002156"": 0.06864168028382733, ""002281"": 0.09070026698036505, ""002709"": 0.08278652450143487, ""002837"": 0.0473188283847412, ""300408"": 0.07917347709478789, ""515180"": 0.21415872892512672, ""600026"": 0.04245320607654879, ""600426"": 0.05886324158017617, ""600522"": 0.08217171326730996, ""601872"": 0.038533580628415574, ""601899"": 0.056995944072965786, ""688008"": 0.08130251704142091, ""688676"": 0.056900291162879583}",0.0,False,s6_stable_all7_30_fixed75,f6,False
2026-05-20,0.018682707354372552,0.0,0.018682707354372552,2.012626916162596,0.0,0.7896203829681685,0.21037961703183145,0.0,12,"[""002156"", ""002281"", ""002709"", ""002837"", ""300408"", ""600026"", ""600426"", ""600522"", ""601872"", ""601899"", ""688008"", ""688676""]","{""002156"": 0.06864168028382733, ""002281"": 0.09070026698036505, ""002709"": 0.08278652450143487, ""002837"": 0.0473188283847412, ""300408"": 0.07917347709478789, ""515180"": 0.21415872892512672, ""600026"": 0.04245320607654879, ""600426"": 0.05886324158017617, ""600522"": 0.08217171326730996, ""601872"": 0.038533580628415574, ""601899"": 0.056995944072965786, ""688008"": 0.08130251704142091, ""688676"": 0.056900291162879583}","{""002156"": 0.06939956124782165, ""002281"": 0.09732850466576343, ""002709"": 0.08012729978288113, ""002837"": 0.046446806141184446, ""300408"": 0.08357982962936461, ""515180"": 0.21037961703183145, ""600026"": 0.04107147753897878, ""600426"": 0.056550783923493615, ""600522"": 0.08359004723469776, ""601872"": 0.03707431890517621, ""601899"": 0.05453811051661577, ""688008"": 0.0825101053507933, ""688676"": 0.05740353803139775}",0.0,False,s6_stable_all7_30_fixed75,f6,False
2026-05-21,0.03138301678121462,0.0,0.03138301678121462,2.075789220446851,0.0,0.7965980427105936,0.20340195728940638,0.0,12,"[""002156"", ""002281"", ""002709"", ""002837"", ""300408"", ""600026"", ""600426"", ""600522"", ""601872"", ""601899"", ""688008"", ""688676""]","{""002156"": 0.06939956124782165, ""002281"": 0.09732850466576343, ""002709"": 0.08012729978288113, ""002837"": 0.046446806141184446, ""300408"": 0.08357982962936461, ""515180"": 0.21037961703183145, ""600026"": 0.04107147753897878, ""600426"": 0.056550783923493615, ""600522"": 0.08359004723469776, ""601872"": 0.03707431890517621, ""601899"": 0.05453811051661577, ""688008"": 0.0825101053507933, ""688676"": 0.05740353803139775}","{""002156"": 0.07352216356036256, ""002281"": 0.09483673801492976, ""002709"": 0.08214233746356148, ""002837"": 0.04833836862292207, ""300408"": 0.08330029565223084, ""515180"": 0.20340195728940638, ""600026"": 0.04197223859356316, ""600426"": 0.053839080027136325, ""600522"": 0.08187001958387313, ""601872"": 0.03749136900734714, ""601899"": 0.05355449866182479, ""688008"": 0.08897426942313036, ""688676"": 0.056756664099712}",0.0,False,s6_stable_all7_30_fixed75,f6,False
2026-05-22,-0.017810352893587084,0.0,-0.017810352893587084,2.0388186818979883,0.0,0.7951096590999318,0.20489034090006825,0.0,12,"[""002156"", ""002281"", ""002709"", ""002837"", ""300408"", ""600026"", ""600426"", ""600522"", ""601872"", ""601899"", ""688008"", ""688676""]","{""002156"": 0.07352216356036256, ""002281"": 0.09483673801492976, ""002709"": 0.08214233746356148, ""002837"": 0.04833836862292207, ""300408"": 0.08330029565223084, ""515180"": 0.20340195728940638, ""600026"": 0.04197223859356316, ""600426"": 0.053839080027136325, ""600522"": 0.08187001958387313, ""601872"": 0.03749136900734714, ""601899"": 0.05355449866182479, ""688008"": 0.08897426942313036, ""688676"": 0.056756664099712}","{""002156"": 0.0722906610699945, ""002281"": 0.08936138264451134, ""002709"": 0.08318423500879357, ""002837"": 0.046504519148443425, ""300408"": 0.08995137413696484, ""515180"": 0.20489034090006825, ""600026"": 0.043828075958117704, ""600426"": 0.05458914097956058, ""600522"": 0.07905085912317854, ""601872"": 0.03921999147548972, ""601899"": 0.05316745862369754, ""688008"": 0.08995385052095567, ""688676"": 0.05400811041022435}",0.0,False,s6_stable_all7_30_fixed75,f6,False
2026-05-25,0.02314734812793582,0.0,0.02314734812793582,2.08601192769762,0.0,0.800031723460777,0.19996827653922303,0.0,12,"[""002156"", ""002281"", ""002709"", ""002837"", ""300408"", ""600026"", ""600426"", ""600522"", ""601872"", ""601899"", ""688008"", ""688676""]","{""002156"": 0.0722906610699945, ""002281"": 0.08936138264451134, ""002709"": 0.08318423500879357, ""002837"": 0.046504519148443425, ""300408"": 0.08995137413696484, ""515180"": 0.20489034090006825, ""600026"": 0.043828075958117704, ""600426"": 0.05458914097956058, ""600522"": 0.07905085912317854, ""601872"": 0.03921999147548972, ""601899"": 0.05316745862369754, ""688008"": 0.08995385052095567, ""688676"": 0.05400811041022435}","{""002156"": 0.07347090367744791, ""002281"": 0.08733970019862423, ""002709"": 0.08086481379215078, ""002837"": 0.047181675316936816, ""300408"": 0.1013227699218675, ""515180"": 0.19996827653922303, ""600026"": 0.04264880919474255, ""600426"": 0.05246972608341764, ""600522"": 0.08017594083957931, ""601872"": 0.03950723061321686, ""601899"": 0.05458408529913809, ""688008"": 0.08602161302272825, ""688676"": 0.054444455500927046}",0.0,False,s6_stable_all7_30_fixed75,f6,False
2026-05-26,-0.008552394548023914,0.0,-0.008552394548023914,2.068171530660066,0.0,0.7985959292537673,0.20140407074623265,0.0,12,"[""002156"", ""002281"", ""002709"", ""002837"", ""300408"", ""600026"", ""600426"", ""600522"", ""601872"", ""601899"", ""688008"", ""688676""]","{""002156"": 0.07347090367744791, ""002281"": 0.08733970019862423, ""002709"": 0.08086481379215078, ""002837"": 0.047181675316936816, ""300408"": 0.1013227699218675, ""515180"": 0.19996827653922303, ""600026"": 0.04264880919474255, ""600426"": 0.05246972608341764, ""600522"": 0.08017594083957931, ""601872"": 0.03950723061321686, ""601899"": 0.05458408529913809, ""688008"": 0.08602161302272825, ""688676"": 0.054444455500927046}","{""002156"": 0.08420634330568237, ""002281"": 0.09023546540251512, ""002709"": 0.07380469016526829, ""002837"": 0.047440653478061125, ""300408"": 0.09543998421196874, ""515180"": 0.20140407074623265, ""600026"": 0.04011989346609545, ""600426"": 0.05069224572849543, ""600522"": 0.07666163121968028, ""601872"": 0.0376294608505748, ""601899"": 0.05419805066430652, ""688008"": 0.09294678122006433, ""688676"": 0.05522072954105491}",0.0,False,s6_stable_all7_30_fixed75,f6,False
2026-05-27,-0.00863478803268454,0.0,-0.00863478803268454,2.0503133078775835,0.0,0.7958208044217464,0.20417919557825365,0.0,12,"[""002156"", ""002281"", ""002709"", ""002837"", ""300408"", ""600026"", ""600426"", ""600522"", ""601872"", ""601899"", ""688008"", ""688676""]","{""002156"": 0.08420634330568237, ""002281"": 0.09023546540251512, ""002709"": 0.07380469016526829, ""002837"": 0.047440653478061125, ""300408"": 0.09543998421196874, ""515180"": 0.20140407074623265, ""600026"": 0.04011989346609545, ""600426"": 0.05069224572849543, ""600522"": 0.07666163121968028, ""601872"": 0.0376294608505748, ""601899"": 0.05419805066430652, ""688008"": 0.09294678122006433, ""688676"": 0.05522072954105491}","{""002156"": 0.08488155371734327, ""002281"": 0.08427136327508358, ""002709"": 0.07546696458084172, ""002837"": 0.04401005738079493, ""300408"": 0.10140857357959779, ""515180"": 0.20417919557825365, ""600026"": 0.039686306545883954, ""600426"": 0.05165341350602284, ""600522"": 0.07325353735481765, ""601872"": 0.03654495297161082, ""601899"": 0.05722714991235878, ""688008"": 0.09342480234624075, ""688676"": 0.053992129251150336}",0.0,False,s6_stable_all7_30_fixed75,f6,False
2026-05-28,-0.012313102932498746,0.0,-0.012313102932498746,2.0250675890738146,0.0,0.7953426291037893,0.20465737089621072,0.0,12,"[""002156"", ""002281"", ""002709"", ""002837"", ""300408"", ""600026"", ""600426"", ""600522"", ""601872"", ""601899"", ""688008"", ""688676""]","{""002156"": 0.08488155371734327, ""002281"": 0.08427136327508358, ""002709"": 0.07546696458084172, ""002837"": 0.04401005738079493, ""300408"": 0.10140857357959779, ""515180"": 0.20417919557825365, ""600026"": 0.039686306545883954, ""600426"": 0.05165341350602284, ""600522"": 0.07325353735481765, ""601872"": 0.03654495297161082, ""601899"": 0.05722714991235878, ""688008"": 0.09342480234624075, ""688676"": 0.053992129251150336}","{""002156"": 0.08194393982929206, ""002281"": 0.08447716942423364, ""002709"": 0.07674213818891551, ""002837"": 0.04342375145242807, ""300408"": 0.10868497082441853, ""515180"": 0.20465737089621072, ""600026"": 0.03813140060969697, ""600426"": 0.052611659657792194, ""600522"": 0.0731351032988107, ""601872"": 0.03506472527237982, ""601899"": 0.05505995790183037, ""688008"": 0.0862839471928518, ""688676"": 0.05978386545113965}",0.0,False,s6_stable_all7_30_fixed75,f6,False
2026-05-29,0.01571633800221423,0.0,0.01571633800221423,2.056894235781028,0.0,0.7989454516645971,0.20105454833540284,0.0,12,"[""002156"", ""002281"", ""002709"", ""002837"", ""300408"", ""600026"", ""600426"", ""600522"", ""601872"", ""601899"", ""688008"", ""688676""]","{""002156"": 0.08194393982929206, ""002281"": 0.08447716942423364, ""002709"": 0.07674213818891551, ""002837"": 0.04342375145242807, ""300408"": 0.10868497082441853, ""515180"": 0.20465737089621072, ""600026"": 0.03813140060969697, ""600426"": 0.052611659657792194, ""600522"": 0.0731351032988107, ""601872"": 0.03506472527237982, ""601899"": 0.05505995790183037, ""688008"": 0.0862839471928518, ""688676"": 0.05978386545113965}","{""002156"": 0.08138409999704004, ""002281"": 0.08891709077859815, ""002709"": 0.07370840681525888, ""002837"": 0.0438786246016628, ""300408"": 0.11209866511503637, ""515180"": 0.20105454833540284, ""600026"": 0.03666567559684509, ""600426"": 0.050503772586503015, ""600522"": 0.0752352260873144, ""601872"": 0.03411066949488352, ""601899"": 0.05478239602184955, ""688008"": 0.08668308670117528, ""688676"": 0.06097773786843001}",0.0,False,s6_stable_all7_30_fixed75,f6,False
2026-06-01,-0.02380796133884088,0.0,-0.02380796133884088,2.0079237773374685,0.0,0.7909146671226575,0.20908533287734254,0.0,12,"[""002156"", ""002281"", ""002709"", ""002837"", ""300408"", ""600026"", ""600426"", ""600522"", ""601872"", ""601899"", ""688008"", ""688676""]","{""002156"": 0.08138409999704004, ""002281"": 0.08891709077859815, ""002709"": 0.07370840681525888, ""002837"": 0.0438786246016628, ""300408"": 0.11209866511503637, ""515180"": 0.20105454833540284, ""600026"": 0.03666567559684509, ""600426"": 0.050503772586503015, ""600522"": 0.0752352260873144, ""601872"": 0.03411066949488352, ""601899"": 0.05478239602184955, ""688008"": 0.08668308670117528, ""688676"": 0.06097773786843001}","{""002156"": 0.0772925602547695, ""002281"": 0.08863193938554387, ""002709"": 0.07620979770889537, ""002837"": 0.04112225083888775, ""300408"": 0.10874298778371835, ""515180"": 0.20908533287734254, ""600026"": 0.037598903261567194, ""600426"": 0.05154254052142758, ""600522"": 0.07896186347907193, ""601872"": 0.035053509944089366, ""601899"": 0.05409584396897485, ""688008"": 0.08396369142580498, ""688676"": 0.05769877854990667}",0.0,False,s6_stable_all7_30_fixed75,f6,False
2026-06-02,-0.015896379617317487,0.0004253466488165683,-0.016321726266134057,1.9751509950805044,0.29001260128534595,0.75,0.25,0.0,12,"[""002156"", ""002281"", ""002709"", ""002837"", ""300408"", ""300782"", ""600026"", ""600522"", ""601872"", ""601939"", ""688008"", ""688676""]","{""002156"": 0.0772925602547695, ""002281"": 0.08863193938554387, ""002709"": 0.07620979770889537, ""002837"": 0.04112225083888775, ""300408"": 0.10874298778371835, ""515180"": 0.20908533287734254, ""600026"": 0.037598903261567194, ""600426"": 0.05154254052142758, ""600522"": 0.07896186347907193, ""601872"": 0.035053509944089366, ""601899"": 0.05409584396897485, ""688008"": 0.08396369142580498, ""688676"": 0.05769877854990667}","{""002156"": 0.05991266319520494, ""002281"": 0.044727618524531526, ""002709"": 0.05912903579178662, ""002837"": 0.0533119147061067, ""300408"": 0.06102543790168507, ""300782"": 0.048136188848137966, ""515180"": 0.25, ""600026"": 0.062220833472192504, ""600522"": 0.05128173501715173, ""601872"": 0.05605043177721294, ""601939"": 0.15, ""688008"": 0.049199693934278754, ""688676"": 0.05500444683171128}",0.0,False,s6_stable_all7_30_fixed75,f6,False
2026-06-03,0.02258246011853642,0.0,0.02258246011853642,2.0197547636549977,0.0,0.7573897848478425,0.2426102151521575,0.0,12,"[""002156"", ""002281"", ""002709"", ""002837"", ""300408"", ""300782"", ""600026"", ""600522"", ""601872"", ""601939"", ""688008"", ""688676""]","{""002156"": 0.05991266319520494, ""002281"": 0.044727618524531526, ""002709"": 0.05912903579178662, ""002837"": 0.0533119147061067, ""300408"": 0.06102543790168507, ""300782"": 0.048136188848137966, ""515180"": 0.25, ""600026"": 0.062220833472192504, ""600522"": 0.05128173501715173, ""601872"": 0.05605043177721294, ""601939"": 0.15, ""688008"": 0.049199693934278754, ""688676"": 0.05500444683171128}","{""002156"": 0.0646021789554175, ""002281"": 0.047885359419080516, ""002709"": 0.05613960321536586, ""002837"": 0.05307819990669231, ""300408"": 0.06593414941167539, ""300782"": 0.05123801234435047, ""515180"": 0.2426102151521575, ""600026"": 0.059080244903511596, ""600522"": 0.05643568269816227, ""601872"": 0.05409938605501503, ""601939"": 0.14787796079587248, ""688008"": 0.0506060802669117, ""688676"": 0.050412926875787314}",0.0,False,s6_stable_all7_30_fixed75,f6,False
2026-06-04,-0.006263987439851613,0.0,-0.006263987439851613,2.0071030451838823,0.0,0.7553475999609182,0.24465240003908176,0.0,12,"[""002156"", ""002281"", ""002709"", ""002837"", ""300408"", ""300782"", ""600026"", ""600522"", ""601872"", ""601939"", ""688008"", ""688676""]","{""002156"": 0.0646021789554175, ""002281"": 0.047885359419080516, ""002709"": 0.05613960321536586, ""002837"": 0.05307819990669231, ""300408"": 0.06593414941167539, ""300782"": 0.05123801234435047, ""515180"": 0.2426102151521575, ""600026"": 0.059080244903511596, ""600522"": 0.05643568269816227, ""601872"": 0.05409938605501503, ""601939"": 0.14787796079587248, ""688008"": 0.0506060802669117, ""688676"": 0.050412926875787314}","{""002156"": 0.06723752229412933, ""002281"": 0.04726309530548315, ""002709"": 0.055338304299607115, ""002837"": 0.05340486386615366, ""300408"": 0.06486318225373414, ""300782"": 0.05024594797986497, ""515180"": 0.24465240003908176, ""600026"": 0.05767500143750622, ""600522"": 0.056687290665703896, ""601872"": 0.053292019812159225, ""601939"": 0.14806133766314195, ""688008"": 0.050976438220345234, ""688676"": 0.05030259616308924}",0.0,False,s6_stable_all7_30_fixed75,f6,False
2026-06-05,0.003540093651917322,0.0,0.003540093651917322,2.014208377932882,0.0,0.757232814758863,0.2427671852411368,0.0,12,"[""002156"", ""002281"", ""002709"", ""002837"", ""300408"", ""300782"", ""600026"", ""600522"", ""601872"", ""601939"", ""688008"", ""688676""]","{""002156"": 0.06723752229412933, ""002281"": 0.04726309530548315, ""002709"": 0.055338304299607115, ""002837"": 0.05340486386615366, ""300408"": 0.06486318225373414, ""300782"": 0.05024594797986497, ""515180"": 0.24465240003908176, ""600026"": 0.05767500143750622, ""600522"": 0.056687290665703896, ""601872"": 0.053292019812159225, ""601939"": 0.14806133766314195, ""688008"": 0.050976438220345234, ""688676"": 0.05030259616308924}","{""002156"": 0.06775637346457304, ""002281"": 0.04799757906367031, ""002709"": 0.05379466308693987, ""002837"": 0.054091717562055344, ""300408"": 0.06670922358605405, ""300782"": 0.04904583171366436, ""515180"": 0.2427671852411368, ""600026"": 0.05776677732811121, ""600522"": 0.05813459688025885, ""601872"": 0.052889464861180506, ""601939"": 0.14724058509691595, ""688008"": 0.05109961524871763, ""688676"": 0.050706386866721825}",0.0,False,s6_stable_all7_30_fixed75,f6,False
2026-06-08,-0.03452697871938391,0.0,-0.03452697871938391,1.9446638481315885,0.0,0.749080408162238,0.2509195918377617,0.0,12,"[""002156"", ""002281"", ""002709"", ""002837"", ""300408"", ""300782"", ""600026"", ""600522"", ""601872"", ""601939"", ""688008"", ""688676""]","{""002156"": 0.06775637346457304, ""002281"": 0.04799757906367031, ""002709"": 0.05379466308693987, ""002837"": 0.054091717562055344, ""300408"": 0.06670922358605405, ""300782"": 0.04904583171366436, ""515180"": 0.2427671852411368, ""600026"": 0.05776677732811121, ""600522"": 0.05813459688025885, ""601872"": 0.052889464861180506, ""601939"": 0.14724058509691595, ""688008"": 0.05109961524871763, ""688676"": 0.050706386866721825}","{""002156"": 0.06244782290488307, ""002281"": 0.047462955036102726, ""002709"": 0.053833540925042715, ""002837"": 0.05096254443458761, ""300408"": 0.06644283704256645, ""300782"": 0.04882248453638291, ""515180"": 0.2509195918377617, ""600026"": 0.058201744807026314, ""600522"": 0.05876266034367399, ""601872"": 0.052817809003746906, ""601939"": 0.15559739880087983, ""688008"": 0.04678174479727772, ""688676"": 0.04694686553006777}",0.0,False,s6_stable_all7_30_fixed75,f6,False
2026-06-09,0.004173231738028924,0.0,0.004173231738028924,1.9527793810224088,0.0,0.7518804227485362,0.24811957725146347,0.0,12,"[""002156"", ""002281"", ""002709"", ""002837"", ""300408"", ""300782"", ""600026"", ""600522"", ""601872"", ""601939"", ""688008"", ""688676""]","{""002156"": 0.06244782290488307, ""002281"": 0.047462955036102726, ""002709"": 0.053833540925042715, ""002837"": 0.05096254443458761, ""300408"": 0.06644283704256645, ""300782"": 0.04882248453638291, ""515180"": 0.2509195918377617, ""600026"": 0.058201744807026314, ""600522"": 0.05876266034367399, ""601872"": 0.052817809003746906, ""601939"": 0.15559739880087983, ""688008"": 0.04678174479727772, ""688676"": 0.04694686553006777}","{""002156"": 0.0630569586538253, ""002281"": 0.047868904715568344, ""002709"": 0.05383596878283553, ""002837"": 0.05205205107160526, ""300408"": 0.06396587319976854, ""300782"": 0.04649004597831023, ""515180"": 0.24811957725146347, ""600026"": 0.05596358229862912, ""600522"": 0.06725474270691292, ""601872"": 0.051270436667268715, ""601939"": 0.15402723644218044, ""688008"": 0.04924385890233004, ""688676"": 0.04685076332930178}",0.0,False,s6_stable_all7_30_fixed75,f6,False
2026-06-10,0.01184414542450925,0.0,0.01184414542450925,1.9759083839932214,0.0,0.7547847873870263,0.24521521261297344,0.0,12,"[""002156"", ""002281"", ""002709"", ""002837"", ""300408"", ""300782"", ""600026"", ""600522"", ""601872"", ""601939"", ""688008"", ""688676""]","{""002156"": 0.0630569586538253, ""002281"": 0.047868904715568344, ""002709"": 0.05383596878283553, ""002837"": 0.05205205107160526, ""300408"": 0.06396587319976854, ""300782"": 0.04649004597831023, ""515180"": 0.24811957725146347, ""600026"": 0.05596358229862912, ""600522"": 0.06725474270691292, ""601872"": 0.051270436667268715, ""601939"": 0.15402723644218044, ""688008"": 0.04924385890233004, ""688676"": 0.04685076332930178}","{""002156"": 0.060484790258309336, ""002281"": 0.04533330637479917, ""002709"": 0.05284818078317065, ""002837"": 0.05697285181960243, ""300408"": 0.06775227255036878, ""300782"": 0.047315294881700304, ""515180"": 0.24521521261297344, ""600026"": 0.05494066875413164, ""600522"": 0.06907224558325158, ""601872"": 0.05125354552037086, ""601939"": 0.15511450801494742, ""688008"": 0.048579781003668374, ""688676"": 0.04511734184270568}",0.0,False,s6_stable_all7_30_fixed75,f6,False
2026-06-11,-0.012073383974891033,0.0,-0.012073383974891033,1.952052483374065,0.0,0.7530185415577548,0.24698145844224478,0.0,12,"[""002156"", ""002281"", ""002709"", ""002837"", ""300408"", ""300782"", ""600026"", ""600522"", ""601872"", ""601939"", ""688008"", ""688676""]","{""002156"": 0.060484790258309336, ""002281"": 0.04533330637479917, ""002709"": 0.05284818078317065, ""002837"": 0.05697285181960243, ""300408"": 0.06775227255036878, ""300782"": 0.047315294881700304, ""515180"": 0.24521521261297344, ""600026"": 0.05494066875413164, ""600522"": 0.06907224558325158, ""601872"": 0.05125354552037086, ""601939"": 0.15511450801494742, ""688008"": 0.048579781003668374, ""688676"": 0.04511734184270568}","{""002156"": 0.06022661253238933, ""002281"": 0.04541448857923407, ""002709"": 0.053052870213354114, ""002837"": 0.056058153176659145, ""300408"": 0.06708719250914023, ""300782"": 0.04550542137587411, ""515180"": 0.24698145844224478, ""600026"": 0.055409007547287864, ""600522"": 0.06615555718632884, ""601872"": 0.05368795974265908, ""601939"": 0.15854991995372947, ""688008"": 0.048717171539694, ""688676"": 0.043154187201404556}",0.0,False,s6_stable_all7_30_fixed75,f6,False
2026-06-12,0.01316201673529893,0.0,0.01316201673529893,1.977745430828416,0.0,0.757788619436363,0.24221138056363672,0.0,12,"[""002156"", ""002281"", ""002709"", ""002837"", ""300408"", ""300782"", ""600026"", ""600522"", ""601872"", ""601939"", ""688008"", ""688676""]","{""002156"": 0.06022661253238933, ""002281"": 0.04541448857923407, ""002709"": 0.053052870213354114, ""002837"": 0.056058153176659145, ""300408"": 0.06708719250914023, ""300782"": 0.04550542137587411, ""515180"": 0.24698145844224478, ""600026"": 0.055409007547287864, ""600522"": 0.06615555718632884, ""601872"": 0.05368795974265908, ""601939"": 0.15854991995372947, ""688008"": 0.048717171539694, ""688676"": 0.043154187201404556}","{""002156"": 0.061101120342953036, ""002281"": 0.04670238118292437, ""002709"": 0.054150052338331464, ""002837"": 0.055008681527246736, ""300408"": 0.06812894628294737, ""300782"": 0.04513028540246156, ""515180"": 0.24221138056363672, ""600026"": 0.05529053475132775, ""600522"": 0.06665673966483525, ""601872"": 0.05288123916359286, ""601939"": 0.15633821691755947, ""688008"": 0.05079277170293955, ""688676"": 0.04560765015924354}",0.0,False,s6_stable_all7_30_fixed75,f6,False
2026-06-15,0.011384251721799677,0.0,0.011384251721799677,2.000260582654606,0.0,0.7558831035695294,0.24411689643047033,0.0,12,"[""002156"", ""002281"", ""002709"", ""002837"", ""300408"", ""300782"", ""600026"", ""600522"", ""601872"", ""601939"", ""688008"", ""688676""]","{""002156"": 0.061101120342953036, ""002281"": 0.04670238118292437, ""002709"": 0.054150052338331464, ""002837"": 0.055008681527246736, ""300408"": 0.06812894628294737, ""300782"": 0.04513028540246156, ""515180"": 0.24221138056363672, ""600026"": 0.05529053475132775, ""600522"": 0.06665673966483525, ""601872"": 0.05288123916359286, ""601939"": 0.15633821691755947, ""688008"": 0.05079277170293955, ""688676"": 0.04560765015924354}","{""002156"": 0.05652971232143325, ""002281"": 0.045458170211800014, ""002709"": 0.055086033362479886, ""002837"": 0.053436689072877665, ""300408"": 0.06598895593021348, ""300782"": 0.042600264698391975, ""515180"": 0.24411689643047033, ""600026"": 0.062331633068856175, ""600522"": 0.064926859630475, ""601872"": 0.060892306915739346, ""601939"": 0.15668217844039167, ""688008"": 0.047382239743341055, ""688676"": 0.044568060173529836}",0.0,False,s6_stable_all7_30_fixed75,f6,False
2026-06-16,0.027485281130534476,0.0,0.027485281130534476,2.055238307103194,0.0,0.7652515943834413,0.23474840561655855,0.0,12,"[""002156"", ""002281"", ""002709"", ""002837"", ""300408"", ""300782"", ""600026"", ""600522"", ""601872"", ""601939"", ""688008"", ""688676""]","{""002156"": 0.05652971232143325, ""002281"": 0.045458170211800014, ""002709"": 0.055086033362479886, ""002837"": 0.053436689072877665, ""300408"": 0.06598895593021348, ""300782"": 0.042600264698391975, ""515180"": 0.24411689643047033, ""600026"": 0.062331633068856175, ""600522"": 0.064926859630475, ""601872"": 0.060892306915739346, ""601939"": 0.15668217844039167, ""688008"": 0.047382239743341055, ""688676"": 0.044568060173529836}","{""002156"": 0.05853468559961029, ""002281"": 0.04993496140737208, ""002709"": 0.05291412034814244, ""002837"": 0.05452647720835144, ""300408"": 0.0721555733409094, ""300782"": 0.04471750749064305, ""515180"": 0.23474840561655855, ""600026"": 0.06233598194415583, ""600522"": 0.06500784190377748, ""601872"": 0.06140126415345427, ""601939"": 0.14751855144353587, ""688008"": 0.0487211252330202, ""688676"": 0.047483504310468896}",0.0,False,s6_stable_all7_30_fixed75,f6,False
2026-06-17,-0.009039213627839514,0.0,-0.009039213627839514,2.036660568989169,0.0,0.7664799948033314,0.23352000519666846,0.0,12,"[""002156"", ""002281"", ""002709"", ""002837"", ""300408"", ""300782"", ""600026"", ""600522"", ""601872"", ""601939"", ""688008"", ""688676""]","{""002156"": 0.05853468559961029, ""002281"": 0.04993496140737208, ""002709"": 0.05291412034814244, ""002837"": 0.05452647720835144, ""300408"": 0.0721555733409094, ""300782"": 0.04471750749064305, ""515180"": 0.23474840561655855, ""600026"": 0.06233598194415583, ""600522"": 0.06500784190377748, ""601872"": 0.06140126415345427, ""601939"": 0.14751855144353587, ""688008"": 0.0487211252330202, ""688676"": 0.047483504310468896}","{""002156"": 0.05936202232237601, ""002281"": 0.04855826759605201, ""002709"": 0.055998862144470404, ""002837"": 0.05614678524383694, ""300408"": 0.07276524224243822, ""300782"": 0.044985554208699007, ""515180"": 0.23352000519666846, ""600026"": 0.05748681455840471, ""600522"": 0.06720428336443397, ""601872"": 0.05676253443180385, ""601939"": 0.14724078404158106, ""688008"": 0.04828680598253274, ""688676"": 0.051682038666702436}",0.0,False,s6_stable_all7_30_fixed75,f6,False
2026-06-18,0.023273930590021107,0.0,0.023273930590021107,2.0840616657072557,0.0,0.7744257518337957,0.22557424816620408,0.0,12,"[""002156"", ""002281"", ""002709"", ""002837"", ""300408"", ""300782"", ""600026"", ""600522"", ""601872"", ""601939"", ""688008"", ""688676""]","{""002156"": 0.05936202232237601, ""002281"": 0.04855826759605201, ""002709"": 0.055998862144470404, ""002837"": 0.05614678524383694, ""300408"": 0.07276524224243822, ""300782"": 0.044985554208699007, ""515180"": 0.23352000519666846, ""600026"": 0.05748681455840471, ""600522"": 0.06720428336443397, ""601872"": 0.05676253443180385, ""601939"": 0.14724078404158106, ""688008"": 0.04828680598253274, ""688676"": 0.051682038666702436}","{""002156"": 0.06196132639306771, ""002281"": 0.051034853687452246, ""002709"": 0.05551984611431961, ""002837"": 0.0571788524790343, ""300408"": 0.07370338070933354, ""300782"": 0.04543841939918354, ""515180"": 0.22557424816620408, ""600026"": 0.061886002441944324, ""600522"": 0.06753106851962096, ""601872"": 0.05844379910376843, ""601939"": 0.14244961930388517, ""688008"": 0.05136951086793921, ""688676"": 0.04790907281424669}",0.0,False,s6_stable_all7_30_fixed75,f6,False
2026-06-22,0.014675597717551468,0.0,0.014675597717551468,2.1146465163317454,0.0,0.7819073627759372,0.2180926372240626,0.0,12,"[""002156"", ""002281"", ""002709"", ""002837"", ""300408"", ""300782"", ""600026"", ""600522"", ""601872"", ""601939"", ""688008"", ""688676""]","{""002156"": 0.06196132639306771, ""002281"": 0.051034853687452246, ""002709"": 0.05551984611431961, ""002837"": 0.0571788524790343, ""300408"": 0.07370338070933354, ""300782"": 0.04543841939918354, ""515180"": 0.22557424816620408, ""600026"": 0.061886002441944324, ""600522"": 0.06753106851962096, ""601872"": 0.05844379910376843, ""601939"": 0.14244961930388517, ""688008"": 0.05136951086793921, ""688676"": 0.04790907281424669}","{""002156"": 0.06353547634966106, ""002281"": 0.057989109781547345, ""002709"": 0.05262841457750128, ""002837"": 0.05599134764874651, ""300408"": 0.07523975216420142, ""300782"": 0.04933388153942565, ""515180"": 0.2180926372240626, ""600026"": 0.0586475228869038, ""600522"": 0.07180505770240729, ""601872"": 0.057734753798498184, ""601939"": 0.13754656979405633, ""688008"": 0.05374664750434901, ""688676"": 0.04770882902863932}",0.0,False,s6_stable_all7_30_fixed75,f6,False
2026-06-23,0.028724030377167874,0.0,0.028724030377167874,2.1753876871038305,0.0,0.7856308394438056,0.21436916055619418,0.0,12,"[""002156"", ""002281"", ""002709"", ""002837"", ""300408"", ""300782"", ""600026"", ""600522"", ""601872"", ""601939"", ""688008"", ""688676""]","{""002156"": 0.06353547634966106, ""002281"": 0.057989109781547345, ""002709"": 0.05262841457750128, ""002837"": 0.05599134764874651, ""300408"": 0.07523975216420142, ""300782"": 0.04933388153942565, ""515180"": 0.2180926372240626, ""600026"": 0.0586475228869038, ""600522"": 0.07180505770240729, ""601872"": 0.057734753798498184, ""601939"": 0.13754656979405633, ""688008"": 0.05374664750434901, ""688676"": 0.04770882902863932}","{""002156"": 0.06202727005988789, ""002281"": 0.055159701668238824, ""002709"": 0.05634587055796304, ""002837"": 0.06207926510185162, ""300408"": 0.07073636930754534, ""300782"": 0.04953630545073324, ""515180"": 0.21436916055619418, ""600026"": 0.06147478579565452, ""600522"": 0.07210597085215409, ""601872"": 0.06350637647953614, ""601939"": 0.1345350078308339, ""688008"": 0.05205826736357745, ""688676"": 0.04606564897582957}",0.0,False,s6_stable_all7_30_fixed75,f6,False
2026-06-24,-0.014369541911901446,0.0,-0.014369541911901446,2.1441283625593575,0.0,0.78346578416395,0.21653421583604987,0.0,12,"[""002156"", ""002281"", ""002709"", ""002837"", ""300408"", ""300782"", ""600026"", ""600522"", ""601872"", ""601939"", ""688008"", ""688676""]","{""002156"": 0.06202727005988789, ""002281"": 0.055159701668238824, ""002709"": 0.05634587055796304, ""002837"": 0.06207926510185162, ""300408"": 0.07073636930754534, ""300782"": 0.04953630545073324, ""515180"": 0.21436916055619418, ""600026"": 0.06147478579565452, ""600522"": 0.07210597085215409, ""601872"": 0.06350637647953614, ""601939"": 0.1345350078308339, ""688008"": 0.05205826736357745, ""688676"": 0.04606564897582957}","{""002156"": 0.06204153568781425, ""002281"": 0.05380329944459429, ""002709"": 0.05552986706206139, ""002837"": 0.0585177155635839, ""300408"": 0.06672662323669125, ""300782"": 0.04988211181018818, ""515180"": 0.21653421583604987, ""600026"": 0.0648054712435848, ""600522"": 0.07279166405852681, ""601872"": 0.06873219990244615, ""601939"": 0.13859914680806068, ""688008"": 0.04916111698148942, ""688676"": 0.04287503236490882}",0.0,False,s6_stable_all7_30_fixed75,f6,False
2026-06-25,0.022009451821946583,0.0,0.022009451821946583,2.191319452455177,0.0,0.7925135687593519,0.20748643124064783,0.0,12,"[""002156"", ""002281"", ""002709"", ""002837"", ""300408"", ""300782"", ""600026"", ""600522"", ""601872"", ""601939"", ""688008"", ""688676""]","{""002156"": 0.06204153568781425, ""002281"": 0.05380329944459429, ""002709"": 0.05552986706206139, ""002837"": 0.0585177155635839, ""300408"": 0.06672662323669125, ""300782"": 0.04988211181018818, ""515180"": 0.21653421583604987, ""600026"": 0.0648054712435848, ""600522"": 0.07279166405852681, ""601872"": 0.06873219990244615, ""601939"": 0.13859914680806068, ""688008"": 0.04916111698148942, ""688676"": 0.04287503236490882}","{""002156"": 0.06744364950228111, ""002281"": 0.053452932855527116, ""002709"": 0.05603698144726481, ""002837"": 0.061606180756808154, ""300408"": 0.06771528318008532, ""300782"": 0.048959521724988936, ""515180"": 0.20748643124064783, ""600026"": 0.06672658550667927, ""600522"": 0.07527765724184246, ""601872"": 0.06820524980979706, ""601939"": 0.1314994201409938, ""688008"": 0.0521483606398117, ""688676"": 0.04344174595327211}",0.0,False,s6_stable_all7_30_fixed75,f6,False
2026-06-26,-0.0075320266665132906,0.0,-0.0075320266665132906,2.174814375904435,0.0,0.7920433887490144,0.20795661125098536,0.0,12,"[""002156"", ""002281"", ""002709"", ""002837"", ""300408"", ""300782"", ""600026"", ""600522"", ""601872"", ""601939"", ""688008"", ""688676""]","{""002156"": 0.06744364950228111, ""002281"": 0.053452932855527116, ""002709"": 0.05603698144726481, ""002837"": 0.061606180756808154, ""300408"": 0.06771528318008532, ""300782"": 0.048959521724988936, ""515180"": 0.20748643124064783, ""600026"": 0.06672658550667927, ""600522"": 0.07527765724184246, ""601872"": 0.06820524980979706, ""601939"": 0.1314994201409938, ""688008"": 0.0521483606398117, ""688676"": 0.04344174595327211}","{""002156"": 0.06736164599111102, ""002281"": 0.05173658872431097, ""002709"": 0.055954593869669014, ""002837"": 0.06162825144585417, ""300408"": 0.0713728451090616, ""300782"": 0.047995216457704895, ""515180"": 0.20795661125098536, ""600026"": 0.06203784804375578, ""600522"": 0.07856385119288503, ""601872"": 0.06729873568554476, ""601939"": 0.13277380458973387, ""688008"": 0.05159796078284131, ""688676"": 0.04372204685654196}",0.0,False,s6_stable_all7_30_fixed75,f6,False
2026-06-29,-0.03912114860110867,0.0,-0.03912114860110867,2.08973313952485,0.0,0.7878460117719316,0.21215398822806816,0.0,12,"[""002156"", ""002281"", ""002709"", ""002837"", ""300408"", ""300782"", ""600026"", ""600522"", ""601872"", ""601939"", ""688008"", ""688676""]","{""002156"": 0.06736164599111102, ""002281"": 0.05173658872431097, ""002709"": 0.055954593869669014, ""002837"": 0.06162825144585417, ""300408"": 0.0713728451090616, ""300782"": 0.047995216457704895, ""515180"": 0.20795661125098536, ""600026"": 0.06203784804375578, ""600522"": 0.07856385119288503, ""601872"": 0.06729873568554476, ""601939"": 0.13277380458973387, ""688008"": 0.05159796078284131, ""688676"": 0.04372204685654196}","{""002156"": 0.06659899278498088, ""002281"": 0.05054931172148083, ""002709"": 0.05323470664651754, ""002837"": 0.06149253900862665, ""300408"": 0.08037286824514056, ""300782"": 0.045955709379821894, ""515180"": 0.21215398822806816, ""600026"": 0.060073917399456604, ""600522"": 0.07468641259202462, ""601872"": 0.06452387056825841, ""601939"": 0.1367412256818273, ""688008"": 0.05162475911923424, ""688676"": 0.04199169862456208}",0.0,False,s6_stable_all7_30_fixed75,f6,False
2026-06-30,-0.006613130151038805,0.0,-0.006613130151038805,2.0759134622922333,0.0,0.7861030718003569,0.21389692819964287,0.0,12,"[""002156"", ""002281"", ""002709"", ""002837"", ""300408"", ""300782"", ""600026"", ""600522"", ""601872"", ""601939"", ""688008"", ""688676""]","{""002156"": 0.06659899278498088, ""002281"": 0.05054931172148083, ""002709"": 0.05323470664651754, ""002837"": 0.06149253900862665, ""300408"": 0.08037286824514056, ""300782"": 0.045955709379821894, ""515180"": 0.21215398822806816, ""600026"": 0.060073917399456604, ""600522"": 0.07468641259202462, ""601872"": 0.06452387056825841, ""601939"": 0.1367412256818273, ""688008"": 0.05162475911923424, ""688676"": 0.04199169862456208}","{""002156"": 0.06610450250359531, ""002281"": 0.05020195671652707, ""002709"": 0.05361037228569655, ""002837"": 0.05790058239859183, ""300408"": 0.07948013599516104, ""300782"": 0.04598722955052766, ""515180"": 0.21389692819964287, ""600026"": 0.057036378457147464, ""600522"": 0.07494449398770661, ""601872"": 0.0615183795407131, ""601939"": 0.13852027116788931, ""688008"": 0.058853484742926385, ""688676"": 0.041945284453874535}",0.0,False,s6_stable_all7_30_fixed75,f6,False
2026-07-01,0.016926268198330617,0.0,0.016926268198330617,2.111050930311517,0.0,0.7929142412363616,0.20708575876363816,0.0,12,"[""002156"", ""002281"", ""002709"", ""002837"", ""300408"", ""300782"", ""600026"", ""600522"", ""601872"", ""601939"", ""688008"", ""688676""]","{""002156"": 0.06610450250359531, ""002281"": 0.05020195671652707, ""002709"": 0.05361037228569655, ""002837"": 0.05790058239859183, ""300408"": 0.07948013599516104, ""300782"": 0.04598722955052766, ""515180"": 0.21389692819964287, ""600026"": 0.057036378457147464, ""600522"": 0.07494449398770661, ""601872"": 0.0615183795407131, ""601939"": 0.13852027116788931, ""688008"": 0.058853484742926385, ""688676"": 0.041945284453874535}","{""002156"": 0.06957889923992293, ""002281"": 0.05371567216977302, ""002709"": 0.054276582115509765, ""002837"": 0.059855920974417276, ""300408"": 0.08211188785462593, ""300782"": 0.04960680065912114, ""515180"": 0.20708575876363816, ""600026"": 0.0536144473822347, ""600522"": 0.07405597173675553, ""601872"": 0.057901328469432335, ""601939"": 0.13336707108189436, ""688008"": 0.060911418623627644, ""688676"": 0.04391824092904695}",0.0,False,s6_stable_all7_30_fixed75,f6,False
2026-07-02,-0.039976245584091935,0.0,-0.039976245584091935,2.0266590398808577,0.0,0.7797194647976103,0.22028053520238944,0.0,12,"[""002156"", ""002281"", ""002709"", ""002837"", ""300408"", ""300782"", ""600026"", ""600522"", ""601872"", ""601939"", ""688008"", ""688676""]","{""002156"": 0.06957889923992293, ""002281"": 0.05371567216977302, ""002709"": 0.054276582115509765, ""002837"": 0.059855920974417276, ""300408"": 0.08211188785462593, ""300782"": 0.04960680065912114, ""515180"": 0.20708575876363816, ""600026"": 0.0536144473822347, ""600522"": 0.07405597173675553, ""601872"": 0.057901328469432335, ""601939"": 0.13336707108189436, ""688008"": 0.060911418623627644, ""688676"": 0.04391824092904695}","{""002156"": 0.06657921085772597, ""002281"": 0.04922947300086933, ""002709"": 0.058062076280233306, ""002837"": 0.056423868707756585, ""300408"": 0.07890116018296826, ""300782"": 0.04814956193804631, ""515180"": 0.22028053520238944, ""600026"": 0.053206249450026714, ""600522"": 0.06753593540014692, ""601872"": 0.059317254752973954, ""601939"": 0.13921721194932007, ""688008"": 0.05994198134720155, ""688676"": 0.04315548093034133}",0.0,False,s6_stable_all7_30_fixed75,f6,False
2026-07-03,-0.018400023618193387,0.0,-0.018400023618193387,1.9893684656810249,0.0,0.7735204396719499,0.22647956032804983,0.0,12,"[""002156"", ""002281"", ""002709"", ""002837"", ""300408"", ""300782"", ""600026"", ""600522"", ""601872"", ""601939"", ""688008"", ""688676""]","{""002156"": 0.06657921085772597, ""002281"": 0.04922947300086933, ""002709"": 0.058062076280233306, ""002837"": 0.056423868707756585, ""300408"": 0.07890116018296826, ""300782"": 0.04814956193804631, ""515180"": 0.22028053520238944, ""600026"": 0.053206249450026714, ""600522"": 0.06753593540014692, ""601872"": 0.059317254752973954, ""601939"": 0.13921721194932007, ""688008"": 0.05994198134720155, ""688676"": 0.04315548093034133}","{""002156"": 0.06556955564016079, ""002281"": 0.04639637873851937, ""002709"": 0.06075990631548453, ""002837"": 0.05698655037786748, ""300408"": 0.07349184818268699, ""300782"": 0.04772058467776255, ""515180"": 0.22647956032804983, ""600026"": 0.05626280218832203, ""600522"": 0.06639861903362847, ""601872"": 0.06231190629336932, ""601939"": 0.14137356327914066, ""688008"": 0.054260348161247945, ""688676"": 0.041988376783759766}",0.0,False,s6_stable_all7_30_fixed75,f6,False
2026-07-06,0.00796555869044367,0.0,0.00796555869044367,2.005214896951325,0.0,0.7732566950358276,0.22674330496417208,0.0,12,"[""002156"", ""002281"", ""002709"", ""002837"", ""300408"", ""300782"", ""600026"", ""600522"", ""601872"", ""601939"", ""688008"", ""688676""]","{""002156"": 0.06556955564016079, ""002281"": 0.04639637873851937, ""002709"": 0.06075990631548453, ""002837"": 0.05698655037786748, ""300408"": 0.07349184818268699, ""300782"": 0.04772058467776255, ""515180"": 0.22647956032804983, ""600026"": 0.05626280218832203, ""600522"": 0.06639861903362847, ""601872"": 0.06231190629336932, ""601939"": 0.14137356327914066, ""688008"": 0.054260348161247945, ""688676"": 0.041988376783759766}","{""002156"": 0.06407085578905077, ""002281"": 0.04763638288793625, ""002709"": 0.057372573749458575, ""002837"": 0.05624315106019075, ""300408"": 0.07316727942451501, ""300782"": 0.046912598867519376, ""515180"": 0.22674330496417208, ""600026"": 0.05795996294162621, ""600522"": 0.06698134941564289, ""601872"": 0.06350775126874293, ""601939"": 0.13815781925591908, ""688008"": 0.05688543999235727, ""688676"": 0.04436153038286854}",0.0,False,s6_stable_all7_30_fixed75,f6,False
2026-07-07,-0.016285002856191312,0.0,-0.016285002856191312,1.9725599666271951,0.0,0.7651540525454028,0.23484594745459686,0.0,12,"[""002156"", ""002281"", ""002709"", ""002837"", ""300408"", ""300782"", ""600026"", ""600522"", ""601872"", ""601939"", ""688008"", ""688676""]","{""002156"": 0.06407085578905077, ""002281"": 0.04763638288793625, ""002709"": 0.057372573749458575, ""002837"": 0.05624315106019075, ""300408"": 0.07316727942451501, ""300782"": 0.046912598867519376, ""515180"": 0.22674330496417208, ""600026"": 0.05795996294162621, ""600522"": 0.06698134941564289, ""601872"": 0.06350775126874293, ""601939"": 0.13815781925591908, ""688008"": 0.05688543999235727, ""688676"": 0.04436153038286854}","{""002156"": 0.0635191145322984, ""002281"": 0.04659342189758985, ""002709"": 0.05452748245973059, ""002837"": 0.05797133953658785, ""300408"": 0.07012117689553234, ""300782"": 0.045099714562688895, ""515180"": 0.23484594745459686, ""600026"": 0.0567087305254299, ""600522"": 0.0631499837410209, ""601872"": 0.06302545264572065, ""601939"": 0.14394961409505022, ""688008"": 0.05421052792327969, ""688676"": 0.04627749373047354}",0.0,False,s6_stable_all7_30_fixed75,f6,False
2026-07-08,-0.004184639653850012,0.0,-0.004184639653850012,1.96430551397125,0.0,0.7676609967608619,0.23233900323913773,0.0,12,"[""002156"", ""002281"", ""002709"", ""002837"", ""300408"", ""300782"", ""600026"", ""600522"", ""601872"", ""601939"", ""688008"", ""688676""]","{""002156"": 0.0635191145322984, ""002281"": 0.04659342189758985, ""002709"": 0.05452748245973059, ""002837"": 0.05797133953658785, ""300408"": 0.07012117689553234, ""300782"": 0.045099714562688895, ""515180"": 0.23484594745459686, ""600026"": 0.0567087305254299, ""600522"": 0.0631499837410209, ""601872"": 0.06302545264572065, ""601939"": 0.14394961409505022, ""688008"": 0.05421052792327969, ""688676"": 0.04627749373047354}","{""002156"": 0.06643560991593735, ""002281"": 0.05026635648431668, ""002709"": 0.05475661917966056, ""002837"": 0.05821494811692475, ""300408"": 0.0710093467719477, ""300782"": 0.0440373754655176, ""515180"": 0.23233900323913773, ""600026"": 0.053818814732957534, ""600522"": 0.06345525474698985, ""601872"": 0.05885337838278701, ""601939"": 0.14776786551793333, ""688008"": 0.0536615839569713, ""688676"": 0.04538384348891822}",0.0,False,s6_stable_all7_30_fixed75,f6,False
2026-07-09,-0.016899303883227097,0.0,-0.016899303883227097,1.9311101181711512,0.0,0.7626009725755594,0.23739902742444025,0.0,12,"[""002156"", ""002281"", ""002709"", ""002837"", ""300408"", ""300782"", ""600026"", ""600522"", ""601872"", ""601939"", ""688008"", ""688676""]","{""002156"": 0.06643560991593735, ""002281"": 0.05026635648431668, ""002709"": 0.05475661917966056, ""002837"": 0.05821494811692475, ""300408"": 0.0710093467719477, ""300782"": 0.0440373754655176, ""515180"": 0.23233900323913773, ""600026"": 0.053818814732957534, ""600522"": 0.06345525474698985, ""601872"": 0.05885337838278701, ""601939"": 0.14776786551793333, ""688008"": 0.0536615839569713, ""688676"": 0.04538384348891822}","{""002156"": 0.06679903466860806, ""002281"": 0.05098476083297438, ""002709"": 0.05028931471782864, ""002837"": 0.06039996443274837, ""300408"": 0.06753334596550757, ""300782"": 0.044902532453870075, ""515180"": 0.23739902742444025, ""600026"": 0.05368328535008761, ""600522"": 0.06167792634283922, ""601872"": 0.057739007435404374, ""601939"": 0.15124184537568894, ""688008"": 0.05417828832413708, ""688676"": 0.04317166667586508}",0.0,False,s6_stable_all7_30_fixed75,f6,False
2026-07-10,0.021742695611501068,0.0,0.021742695611501068,1.9730976576628363,0.0,0.7713049901024875,0.2286950098975122,0.0,12,"[""002156"", ""002281"", ""002709"", ""002837"", ""300408"", ""300782"", ""600026"", ""600522"", ""601872"", ""601939"", ""688008"", ""688676""]","{""002156"": 0.06679903466860806, ""002281"": 0.05098476083297438, ""002709"": 0.05028931471782864, ""002837"": 0.06039996443274837, ""300408"": 0.06753334596550757, ""300782"": 0.044902532453870075, ""515180"": 0.23739902742444025, ""600026"": 0.05368328535008761, ""600522"": 0.06167792634283922, ""601872"": 0.057739007435404374, ""601939"": 0.15124184537568894, ""688008"": 0.05417828832413708, ""688676"": 0.04317166667586508}","{""002156"": 0.07229436246488048, ""002281"": 0.05590310680400918, ""002709"": 0.048614829564986334, ""002837"": 0.0602657139897247, ""300408"": 0.06815423206073774, ""300782"": 0.04450518550449132, ""515180"": 0.2286950098975122, ""600026"": 0.050632152670150775, ""600522"": 0.06233831861169174, ""601872"": 0.05658333148310352, ""601939"": 0.14680474140545158, ""688008"": 0.06084393810077659, ""688676"": 0.04436507744248356}",0.0,False,s6_stable_all7_30_fixed75,f6,False
2026-07-13,-0.025365758508867943,0.0,-0.025365758508867943,1.9230485389641478,0.0,0.7639254804079781,0.23607451959202158,0.0,12,"[""002156"", ""002281"", ""002709"", ""002837"", ""300408"", ""300782"", ""600026"", ""600522"", ""601872"", ""601939"", ""688008"", ""688676""]","{""002156"": 0.07229436246488048, ""002281"": 0.05590310680400918, ""002709"": 0.048614829564986334, ""002837"": 0.0602657139897247, ""300408"": 0.06815423206073774, ""300782"": 0.04450518550449132, ""515180"": 0.2286950098975122, ""600026"": 0.050632152670150775, ""600522"": 0.06233831861169174, ""601872"": 0.05658333148310352, ""601939"": 0.14680474140545158, ""688008"": 0.06084393810077659, ""688676"": 0.04436507744248356}","{""002156"": 0.07086804643104971, ""002281"": 0.05256753463064749, ""002709"": 0.0449885211481086, ""002837"": 0.060058527217234745, ""300408"": 0.06422012439510318, ""300782"": 0.0461621238427934, ""515180"": 0.23607451959202158, ""600026"": 0.053667821338884716, ""600522"": 0.06061868777286174, ""601872"": 0.05828069784117336, ""601939"": 0.15317314652550099, ""688008"": 0.05631388836004521, ""688676"": 0.04300636090457501}",0.0,False,s6_stable_all7_30_fixed75,f6,False
2026-07-14,-0.02956527591116416,0.0,-0.02956527591116416,1.8661930783191116,0.0,0.7558138557272768,0.24418614427272295,0.0,12,"[""002156"", ""002281"", ""002709"", ""002837"", ""300408"", ""300782"", ""600026"", ""600522"", ""601872"", ""601939"", ""688008"", ""688676""]","{""002156"": 0.07086804643104971, ""002281"": 0.05256753463064749, ""002709"": 0.0449885211481086, ""002837"": 0.060058527217234745, ""300408"": 0.06422012439510318, ""300782"": 0.0461621238427934, ""515180"": 0.23607451959202158, ""600026"": 0.053667821338884716, ""600522"": 0.06061868777286174, ""601872"": 0.05828069784117336, ""601939"": 0.15317314652550099, ""688008"": 0.05631388836004521, ""688676"": 0.04300636090457501}","{""002156"": 0.07384311628468886, ""002281"": 0.05178797440401805, ""002709"": 0.04388618110574188, ""002837"": 0.05690112487325953, ""300408"": 0.059024282549515354, ""300782"": 0.045045079784911554, ""515180"": 0.24418614427272295, ""600026"": 0.05250585788701187, ""600522"": 0.05703371505353996, ""601872"": 0.05635100661110096, ""601939"": 0.161705184005472, ""688008"": 0.05577345466114154, ""688676"": 0.04195687850687525}",0.0,False,s6_stable_all7_30_fixed75,f6,False
2026-07-15,0.038303123205985834,0.00011159047351166348,0.03819153273247417,1.937465852354853,0.07661424509184726,0.75,0.25,0.0,12,"[""002156"", ""002281"", ""002709"", ""002837"", ""300408"", ""300782"", ""600026"", ""600522"", ""601872"", ""601939"", ""688008"", ""688676""]","{""002156"": 0.07384311628468886, ""002281"": 0.05178797440401805, ""002709"": 0.04388618110574188, ""002837"": 0.05690112487325953, ""300408"": 0.059024282549515354, ""300782"": 0.045045079784911554, ""515180"": 0.24418614427272295, ""600026"": 0.05250585788701187, ""600522"": 0.05703371505353996, ""601872"": 0.05635100661110096, ""601939"": 0.161705184005472, ""688008"": 0.05577345466114154, ""688676"": 0.04195687850687525}","{""002156"": 0.05413362481288209, ""002281"": 0.04882151977466692, ""002709"": 0.05999486449017384, ""002837"": 0.058669835128109596, ""300408"": 0.044883414891750004, ""300782"": 0.05414480740807599, ""515180"": 0.25, ""600026"": 0.06750788654391, ""600522"": 0.04902672991742371, ""601872"": 0.06238849199286664, ""601939"": 0.15, ""688008"": 0.044101275237107836, ""688676"": 0.05632754980303332}",0.0,False,s6_stable_all7_30_fixed75,f6,False
2026-07-16,-0.032948916885620544,0.0,-0.032948916885620544,1.873628451016885,0.0,0.7366911986624185,0.26330880133758144,0.0,12,"[""002156"", ""002281"", ""002709"", ""002837"", ""300408"", ""300782"", ""600026"", ""600522"", ""601872"", ""601939"", ""688008"", ""688676""]","{""002156"": 0.05413362481288209, ""002281"": 0.04882151977466692, ""002709"": 0.05999486449017384, ""002837"": 0.058669835128109596, ""300408"": 0.044883414891750004, ""300782"": 0.05414480740807599, ""515180"": 0.25, ""600026"": 0.06750788654391, ""600522"": 0.04902672991742371, ""601872"": 0.06238849199286664, ""601939"": 0.15, ""688008"": 0.044101275237107836, ""688676"": 0.05632754980303332}","{""002156"": 0.04715867036834219, ""002281"": 0.046842021607722016, ""002709"": 0.060236750135475546, ""002837"": 0.05763536626442288, ""300408"": 0.04105250387301687, ""300782"": 0.05201220064535287, ""515180"": 0.26330880133758144, ""600026"": 0.0710729608983066, ""600522"": 0.046723681761713376, ""601872"": 0.06341063206487467, ""601939"": 0.1574728229133054, ""688008"": 0.038904700849466026, ""688676"": 0.05416888728042004}",0.0,False,s6_stable_all7_30_fixed75,f6,False
2026-07-17,-0.02402335580345063,0.0,-0.02402335580345063,1.8286176080946384,0.0,0.7329588885793583,0.2670411114206416,0.0,12,"[""002156"", ""002281"", ""002709"", ""002837"", ""300408"", ""300782"", ""600026"", ""600522"", ""601872"", ""601939"", ""688008"", ""688676""]","{""002156"": 0.04715867036834219, ""002281"": 0.046842021607722016, ""002709"": 0.060236750135475546, ""002837"": 0.05763536626442288, ""300408"": 0.04105250387301687, ""300782"": 0.05201220064535287, ""515180"": 0.26330880133758144, ""600026"": 0.0710729608983066, ""600522"": 0.046723681761713376, ""601872"": 0.06341063206487467, ""601939"": 0.1574728229133054, ""688008"": 0.038904700849466026, ""688676"": 0.05416888728042004}","{""002156"": 0.05112929249272427, ""002281"": 0.04678728586095931, ""002709"": 0.06038858083606715, ""002837"": 0.060741300898278776, ""300408"": 0.04051989015099374, ""300782"": 0.05197582712345665, ""515180"": 0.2670411114206416, ""600026"": 0.06975012932995836, ""600522"": 0.04498995429651319, ""601872"": 0.06131845059962758, ""601939"": 0.15747659134805497, ""688008"": 0.035061247871319444, ""688676"": 0.05282033777140487}",0.0,False,s6_stable_all7_30_fixed75,f6,False
2026-07-20,-0.021473439503091562,0.0,-0.021473439503091562,1.78935089851293,0.0,0.7281020736999253,0.2718979263000746,0.0,12,"[""002156"", ""002281"", ""002709"", ""002837"", ""300408"", ""300782"", ""600026"", ""600522"", ""601872"", ""601939"", ""688008"", ""688676""]","{""002156"": 0.05112929249272427, ""002281"": 0.04678728586095931, ""002709"": 0.06038858083606715, ""002837"": 0.060741300898278776, ""300408"": 0.04051989015099374, ""300782"": 0.05197582712345665, ""515180"": 0.2670411114206416, ""600026"": 0.06975012932995836, ""600522"": 0.04498995429651319, ""601872"": 0.06131845059962758, ""601939"": 0.15747659134805497, ""688008"": 0.035061247871319444, ""688676"": 0.05282033777140487}","{""002156"": 0.04880134148887228, ""002281"": 0.04331486076309699, ""002709"": 0.06028570047277333, ""002837"": 0.05699214630064925, ""300408"": 0.03994475535021377, ""300782"": 0.050265176083053455, ""515180"": 0.2718979263000746, ""600026"": 0.07069208083025785, ""600522"": 0.04299299506751422, ""601872"": 0.06279739137273176, ""601939"": 0.16455993645208447, ""688008"": 0.034077855709145746, ""688676"": 0.05337783380953215}",0.0,False,s6_stable_all7_30_fixed75,f6,False
2026-07-21,-0.011055654063194502,0.0,-0.011055654063194502,1.7695684539813048,0.0,0.7171491279336746,0.28285087206632525,0.0,12,"[""002156"", ""002281"", ""002709"", ""002837"", ""300408"", ""300782"", ""600026"", ""600522"", ""601872"", ""601939"", ""688008"", ""688676""]","{""002156"": 0.04880134148887228, ""002281"": 0.04331486076309699, ""002709"": 0.06028570047277333, ""002837"": 0.05699214630064925, ""300408"": 0.03994475535021377, ""300782"": 0.050265176083053455, ""515180"": 0.2718979263000746, ""600026"": 0.07069208083025785, ""600522"": 0.04299299506751422, ""601872"": 0.06279739137273176, ""601939"": 0.16455993645208447, ""688008"": 0.034077855709145746, ""688676"": 0.05337783380953215}","{""002156"": 0.04528751838478518, ""002281"": 0.03987129912027217, ""002709"": 0.0579168241342708, ""002837"": 0.05138916298750993, ""300408"": 0.037508458605263174, ""300782"": 0.04762003909302131, ""515180"": 0.28285087206632525, ""600026"": 0.07267291111489736, ""600522"": 0.04114468025461892, ""601872"": 0.06426338934505627, ""601939"": 0.17306891514234468, ""688008"": 0.03494928333610433, ""688676"": 0.05145664641553049}",0.0,False,s6_stable_all7_30_fixed75,f6,False
2026-07-22,0.024929374557805868,0.0,0.024929374557805868,1.8136826887762822,0.0,0.727394415534229,0.2726055844657709,0.0,12,"[""002156"", ""002281"", ""002709"", ""002837"", ""300408"", ""300782"", ""600026"", ""600522"", ""601872"", ""601939"", ""688008"", ""688676""]","{""002156"": 0.04528751838478518, ""002281"": 0.03987129912027217, ""002709"": 0.0579168241342708, ""002837"": 0.05138916298750993, ""300408"": 0.037508458605263174, ""300782"": 0.04762003909302131, ""515180"": 0.28285087206632525, ""600026"": 0.07267291111489736, ""600522"": 0.04114468025461892, ""601872"": 0.06426338934505627, ""601939"": 0.17306891514234468, ""688008"": 0.03494928333610433, ""688676"": 0.05145664641553049}","{""002156"": 0.049308703598117475, ""002281"": 0.043443694222372056, ""002709"": 0.06013107223977485, ""002837"": 0.05282525333533331, ""300408"": 0.04123676017177526, ""300782"": 0.04677784257854489, ""515180"": 0.2726055844657709, ""600026"": 0.07288966670185681, ""600522"": 0.04153661579331342, ""601872"": 0.06458570376839694, ""601939"": 0.16430438396371191, ""688008"": 0.037594059160055135, ""688676"": 0.052760660000976914}",0.0,False,s6_stable_all7_30_fixed75,f6,False
2026-07-23,0.017435751658578875,0.0,0.017435751658578875,1.845305609725249,0.0,0.7297311090037701,0.27026889099622986,0.0,12,"[""002156"", ""002281"", ""002709"", ""002837"", ""300408"", ""300782"", ""600026"", ""600522"", ""601872"", ""601939"", ""688008"", ""688676""]","{""002156"": 0.049308703598117475, ""002281"": 0.043443694222372056, ""002709"": 0.06013107223977485, ""002837"": 0.05282525333533331, ""300408"": 0.04123676017177526, ""300782"": 0.04677784257854489, ""515180"": 0.2726055844657709, ""600026"": 0.07288966670185681, ""600522"": 0.04153661579331342, ""601872"": 0.06458570376839694, ""601939"": 0.16430438396371191, ""688008"": 0.037594059160055135, ""688676"": 0.052760660000976914}","{""002156"": 0.05135625093062543, ""002281"": 0.04428667516856997, ""002709"": 0.05821039032977162, ""002837"": 0.054251988815075314, ""300408"": 0.04036436661293954, ""300782"": 0.04659751292312799, ""515180"": 0.27026889099622986, ""600026"": 0.07535102692950989, ""600522"": 0.03964808968091617, ""601872"": 0.06744363930980798, ""601939"": 0.16164859678214555, ""688008"": 0.03872417120523405, ""688676"": 0.051848400316046594}",0.0,False,s6_stable_all7_30_fixed75,f6,False
2026-07-24,-0.00023701724970477114,0.0,-0.00023701724970477114,1.844868240464767,0.0,0.7257745521368293,0.27422544786317077,0.0,12,"[""002156"", ""002281"", ""002709"", ""002837"", ""300408"", ""300782"", ""600026"", ""600522"", ""601872"", ""601939"", ""688008"", ""688676""]","{""002156"": 0.05135625093062543, ""002281"": 0.04428667516856997, ""002709"": 0.05821039032977162, ""002837"": 0.054251988815075314, ""300408"": 0.04036436661293954, ""300782"": 0.04659751292312799, ""515180"": 0.27026889099622986, ""600026"": 0.07535102692950989, ""600522"": 0.03964808968091617, ""601872"": 0.06744363930980798, ""601939"": 0.16164859678214555, ""688008"": 0.03872417120523405, ""688676"": 0.051848400316046594}","{""002156"": 0.04598755138671199, ""002281"": 0.04226210633827388, ""002709"": 0.060714094959065525, ""002837"": 0.05193229814633222, ""300408"": 0.038610849059350166, ""300782"": 0.044651000437676926, ""515180"": 0.27422544786317077, ""600026"": 0.07670116902688061, ""600522"": 0.03909301251157955, ""601872"": 0.06896831019082299, ""601939"": 0.16376597965973716, ""688008"": 0.037977583932851326, ""688676"": 0.05511059648754693}",0.0,False,s6_stable_all7_30_fixed75,f6,False
2026-07-27,-0.006572355598208599,0.0,-0.006572355598208599,1.8327431103565912,0.0,0.7286622036010693,0.27133779639893074,0.0,12,"[""002156"", ""002281"", ""002709"", ""002837"", ""300408"", ""300782"", ""600026"", ""600522"", ""601872"", ""601939"", ""688008"", ""688676""]","{""002156"": 0.04598755138671199, ""002281"": 0.04226210633827388, ""002709"": 0.060714094959065525, ""002837"": 0.05193229814633222, ""300408"": 0.038610849059350166, ""300782"": 0.044651000437676926, ""515180"": 0.27422544786317077, ""600026"": 0.07670116902688061, ""600522"": 0.03909301251157955, ""601872"": 0.06896831019082299, ""601939"": 0.16376597965973716, ""688008"": 0.037977583932851326, ""688676"": 0.05511059648754693}","{""002156"": 0.04959203593737692, ""002281"": 0.042066518955556145, ""002709"": 0.06199549136096461, ""002837"": 0.052027784885502554, ""300408"": 0.03892696740578613, ""300782"": 0.04468992505570851, ""515180"": 0.27133779639893074, ""600026"": 0.07433484181880619, ""600522"": 0.037949252007712736, ""601872"": 0.06660421920225908, ""601939"": 0.16484942872548258, ""688008"": 0.03993842796633171, ""688676"": 0.05568731027958215}",0.0,False,s6_stable_all7_30_fixed75,f6,False
2026-07-28,0.005532273003954591,0.0,0.005532273003954591,1.842882345589201,0.0,0.7295705578045426,0.2704294421954574,0.0,12,"[""002156"", ""002281"", ""002709"", ""002837"", ""300408"", ""300782"", ""600026"", ""600522"", ""601872"", ""601939"", ""688008"", ""688676""]","{""002156"": 0.04959203593737692, ""002281"": 0.042066518955556145, ""002709"": 0.06199549136096461, ""002837"": 0.052027784885502554, ""300408"": 0.03892696740578613, ""300782"": 0.04468992505570851, ""515180"": 0.27133779639893074, ""600026"": 0.07433484181880619, ""600522"": 0.037949252007712736, ""601872"": 0.06660421920225908, ""601939"": 0.16484942872548258, ""688008"": 0.03993842796633171, ""688676"": 0.05568731027958215}","{""002156"": 0.04877104735352977, ""002281"": 0.04137833147068221, ""002709"": 0.06203406803901941, ""002837"": 0.05212924564106366, ""300408"": 0.04046269906330632, ""300782"": 0.04421386510468539, ""515180"": 0.2704294421954574, ""600026"": 0.0743545575560096, ""600522"": 0.03826947717870833, ""601872"": 0.06731656485817036, ""601939"": 0.16682425526598488, ""688008"": 0.036488342506740434, ""688676"": 0.057328103766642276}",0.0,False,s6_stable_all7_30_fixed75,f6,False
2026-07-29,-0.014993248070064372,0.0,-0.014993248070064372,1.81525155341784,0.0,0.7248608262423872,0.2751391737576128,0.0,12,"[""002156"", ""002281"", ""002709"", ""002837"", ""300408"", ""300782"", ""600026"", ""600522"", ""601872"", ""601939"", ""688008"", ""688676""]","{""002156"": 0.04877104735352977, ""002281"": 0.04137833147068221, ""002709"": 0.06203406803901941, ""002837"": 0.05212924564106366, ""300408"": 0.04046269906330632, ""300782"": 0.04421386510468539, ""515180"": 0.2704294421954574, ""600026"": 0.0743545575560096, ""600522"": 0.03826947717870833, ""601872"": 0.06731656485817036, ""601939"": 0.16682425526598488, ""688008"": 0.036488342506740434, ""688676"": 0.057328103766642276}","{""002156"": 0.04526077051759484, ""002281"": 0.03981134967645961, ""002709"": 0.061922534180106605, ""002837"": 0.048306750836022476, ""300408"": 0.03937863811589104, ""300782"": 0.04345316325410476, ""515180"": 0.2751391737576128, ""600026"": 0.07626006594941674, ""600522"": 0.03664269189842319, ""601872"": 0.06974309296463803, ""601939"": 0.1726143054284834, ""688008"": 0.03572952353612243, ""688676"": 0.05573793988512408}",0.0,False,s6_stable_all7_30_fixed75,f6,False
2026-07-30,0.0012380126982092564,0.0,0.0012380126982092564,1.8174988578914153,0.0,0.7202621565000649,0.2797378434999352,0.0,12,"[""002156"", ""002281"", ""002709"", ""002837"", ""300408"", ""300782"", ""600026"", ""600522"", ""601872"", ""601939"", ""688008"", ""688676""]","{""002156"": 0.04526077051759484, ""002281"": 0.03981134967645961, ""002709"": 0.061922534180106605, ""002837"": 0.048306750836022476, ""300408"": 0.03937863811589104, ""300782"": 0.04345316325410476, ""515180"": 0.2751391737576128, ""600026"": 0.07626006594941674, ""600522"": 0.03664269189842319, ""601872"": 0.06974309296463803, ""601939"": 0.1726143054284834, ""688008"": 0.03572952353612243, ""688676"": 0.05573793988512408}","{""002156"": 0.04190433403819645, ""002281"": 0.03851948565144163, ""002709"": 0.061377311223923904, ""002837"": 0.045593434289435956, ""300408"": 0.04245416365284189, ""300782"": 0.042402761150537344, ""515180"": 0.2797378434999352, ""600026"": 0.07790449577916247, ""600522"": 0.03557333982007367, ""601872"": 0.07101324041115734, ""601939"": 0.1722385349243648, ""688008"": 0.03534055868791636, ""688676"": 0.05594049687101304}",0.0,False,s6_stable_all7_30_fixed75,f6,False
2026-07-31,0.0021316874336309516,0.0,0.0021316874336309516,1.8213731973674212,0.0,0.7216457406736609,0.27835425932633906,0.0,12,"[""002156"", ""002281"", ""002709"", ""002837"", ""300408"", ""300782"", ""600026"", ""600522"", ""601872"", ""601939"", ""688008"", ""688676""]","{""002156"": 0.04190433403819645, ""002281"": 0.03851948565144163, ""002709"": 0.061377311223923904, ""002837"": 0.045593434289435956, ""300408"": 0.04245416365284189, ""300782"": 0.042402761150537344, ""515180"": 0.2797378434999352, ""600026"": 0.07790449577916247, ""600522"": 0.03557333982007367, ""601872"": 0.07101324041115734, ""601939"": 0.1722385349243648, ""688008"": 0.03534055868791636, ""688676"": 0.05594049687101304}","{""002156"": 0.04039784885166541, ""002281"": 0.03759334575758591, ""002709"": 0.060762390192869296, ""002837"": 0.04422151526347296, ""300408"": 0.04617210156062413, ""300782"": 0.04317492954546847, ""515180"": 0.27835425932633906, ""600026"": 0.07831712282671116, ""600522"": 0.036008602760264095, ""601872"": 0.06985797597849715, ""601939"": 0.17187215720665633, ""688008"": 0.03819327090821516, ""688676"": 0.055074479821630835}",0.0,False,s6_stable_all7_30_fixed75,f6,False
2026-08-03,-0.00864873857482653,0.0,-0.00864873857482653,1.8056206167361946,0.0,0.7170299242739884,0.28297007572601157,0.0,12,"[""002156"", ""002281"", ""002709"", ""002837"", ""300408"", ""300782"", ""600026"", ""600522"", ""601872"", ""601939"", ""688008"", ""688676""]","{""002156"": 0.04039784885166541, ""002281"": 0.03759334575758591, ""002709"": 0.060762390192869296, ""002837"": 0.04422151526347296, ""300408"": 0.04617210156062413, ""300782"": 0.04317492954546847, ""515180"": 0.27835425932633906, ""600026"": 0.07831712282671116, ""600522"": 0.036008602760264095, ""601872"": 0.06985797597849715, ""601939"": 0.17187215720665633, ""688008"": 0.03819327090821516, ""688676"": 0.055074479821630835}","{""002156"": 0.038028997053314216, ""002281"": 0.0365597315569306, ""002709"": 0.0600625995971305, ""002837"": 0.04187331568862185, ""300408"": 0.04303368256194219, ""300782"": 0.04311347663646595, ""515180"": 0.28297007572601157, ""600026"": 0.08206316025442674, ""600522"": 0.034543424879008855, ""601872"": 0.07460739189548755, ""601939"": 0.17451543060491537, ""688008"": 0.034878937673953114, ""688676"": 0.05374977587179144}",0.0,False,s6_stable_all7_30_fixed75,f6,False
2026-08-04,-0.0042197097386461775,0.0,-0.0042197097386461775,1.7980014218354525,0.0,0.7160305100376089,0.2839694899623911,0.0,12,"[""002156"", ""002281"", ""002709"", ""002837"", ""300408"", ""300782"", ""600026"", ""600522"", ""601872"", ""601939"", ""688008"", ""688676""]","{""002156"": 0.038028997053314216, ""002281"": 0.0365597315569306, ""002709"": 0.0600625995971305, ""002837"": 0.04187331568862185, ""300408"": 0.04303368256194219, ""300782"": 0.04311347663646595, ""515180"": 0.28297007572601157, ""600026"": 0.08206316025442674, ""600522"": 0.034543424879008855, ""601872"": 0.07460739189548755, ""601939"": 0.17451543060491537, ""688008"": 0.034878937673953114, ""688676"": 0.05374977587179144}","{""002156"": 0.036650334928457325, ""002281"": 0.03704143156548691, ""002709"": 0.06070626304907765, ""002837"": 0.042475239125979135, ""300408"": 0.04329335126986767, ""300782"": 0.043678761616204514, ""515180"": 0.2839694899623911, ""600026"": 0.0829967699279415, ""600522"": 0.03560172253224694, ""601872"": 0.07514469140148235, ""601939"": 0.1690192924320689, ""688008"": 0.033806903622673475, ""688676"": 0.0556157485661225}",0.0,False,s6_stable_all7_30_fixed75,f6,False
2026-08-05,-0.0010402102881987454,0.0,-0.0010402102881987454,1.7961311222582632,0.0,0.7203326339236218,0.27966736607637827,0.0,12,"[""002156"", ""002281"", ""002709"", ""002837"", ""300408"", ""300782"", ""600026"", ""600522"", ""601872"", ""601939"", ""688008"", ""688676""]","{""002156"": 0.036650334928457325, ""002281"": 0.03704143156548691, ""002709"": 0.06070626304907765, ""002837"": 0.042475239125979135, ""300408"": 0.04329335126986767, ""300782"": 0.043678761616204514, ""515180"": 0.2839694899623911, ""600026"": 0.0829967699279415, ""600522"": 0.03560172253224694, ""601872"": 0.07514469140148235, ""601939"": 0.1690192924320689, ""688008"": 0.033806903622673475, ""688676"": 0.0556157485661225}","{""002156"": 0.03750086702929715, ""002281"": 0.03763911416035649, ""002709"": 0.06270027883511875, ""002837"": 0.04380327960517017, ""300408"": 0.045621439057389565, ""300782"": 0.04532001935405069, ""515180"": 0.27966736607637827, ""600026"": 0.08210574458078712, ""600522"": 0.035774490716911175, ""601872"": 0.07420461794727043, ""601939"": 0.16574567838313836, ""688008"": 0.03497599154266549, ""688676"": 0.054941112711466344}",0.0,False,s6_stable_all7_30_fixed75,f6,False
2026-08-06,0.023248925118484764,0.0,0.023248925118484764,1.8378892402226257,0.0,0.7268822336165625,0.2731177663834375,0.0,12,"[""002156"", ""002281"", ""002709"", ""002837"", ""300408"", ""300782"", ""600026"", ""600522"", ""601872"", ""601939"", ""688008"", ""688676""]","{""002156"": 0.03750086702929715, ""002281"": 0.03763911416035649, ""002709"": 0.06270027883511875, ""002837"": 0.04380327960517017, ""300408"": 0.045621439057389565, ""300782"": 0.04532001935405069, ""515180"": 0.27966736607637827, ""600026"": 0.08210574458078712, ""600522"": 0.035774490716911175, ""601872"": 0.07420461794727043, ""601939"": 0.16574567838313836, ""688008"": 0.03497599154266549, ""688676"": 0.054941112711466344}","{""002156"": 0.03800593376231353, ""002281"": 0.03749811236767418, ""002709"": 0.06448678250876752, ""002837"": 0.045591223898376526, ""300408"": 0.04689165523816287, ""300782"": 0.0443589358897074, ""515180"": 0.2731177663834375, ""600026"": 0.08410897123475962, ""600522"": 0.037674212802938825, ""601872"": 0.0776676339158148, ""601939"": 0.16053500657992503, ""688008"": 0.03474389795939055, ""688676"": 0.055319867458731554}",0.0,False,s6_stable_all7_30_fixed75,f6,False
2026-08-07,0.019373223961756766,0.0,0.019373223961756766,1.8734950800903616,0.0,0.7290064411775183,0.2709935588224815,0.0,12,"[""002156"", ""002281"", ""002709"", ""002837"", ""300408"", ""300782"", ""600026"", ""600522"", ""601872"", ""601939"", ""688008"", ""688676""]","{""002156"": 0.03800593376231353, ""002281"": 0.03749811236767418, ""002709"": 0.06448678250876752, ""002837"": 0.045591223898376526, ""300408"": 0.04689165523816287, ""300782"": 0.0443589358897074, ""515180"": 0.2731177663834375, ""600026"": 0.08410897123475962, ""600522"": 0.037674212802938825, ""601872"": 0.0776676339158148, ""601939"": 0.16053500657992503, ""688008"": 0.03474389795939055, ""688676"": 0.055319867458731554}","{""002156"": 0.040565334603994335, ""002281"": 0.040479796935228594, ""002709"": 0.06358595847242925, ""002837"": 0.04670097145876988, ""300408"": 0.04621935092226997, ""300782"": 0.04607997081055275, ""515180"": 0.2709935588224815, ""600026"": 0.08340070957242633, ""600522"": 0.03808174274116948, ""601872"": 0.07704048880866772, ""601939"": 0.1579564852349953, ""688008"": 0.034627120184339576, ""688676"": 0.05426851143267518}",0.0,False,s6_stable_all7_30_fixed75,f6,False
2026-08-10,0.013021781161676236,0.0,0.013021781161676236,1.8978913230307752,0.0,0.7332466462718515,0.2667533537281484,0.0,12,"[""002156"", ""002281"", ""002709"", ""002837"", ""300408"", ""300782"", ""600026"", ""600522"", ""601872"", ""601939"", ""688008"", ""688676""]","{""002156"": 0.040565334603994335, ""002281"": 0.040479796935228594, ""002709"": 0.06358595847242925, ""002837"": 0.04670097145876988, ""300408"": 0.04621935092226997, ""300782"": 0.04607997081055275, ""515180"": 0.2709935588224815, ""600026"": 0.08340070957242633, ""600522"": 0.03808174274116948, ""601872"": 0.07704048880866772, ""601939"": 0.1579564852349953, ""688008"": 0.034627120184339576, ""688676"": 0.05426851143267518}","{""002156"": 0.04253431435399405, ""002281"": 0.04192010159343004, ""002709"": 0.0628647720280648, ""002837"": 0.047914567391552726, ""300408"": 0.046141575373138066, ""300782"": 0.04737842842901211, ""515180"": 0.2667533537281484, ""600026"": 0.08117234280749498, ""600522"": 0.039822074385589434, ""601872"": 0.07521216149482929, ""601939"": 0.15514875197360986, ""688008"": 0.03558032695148094, ""688676"": 0.05755722948965523}",0.0,False,s6_stable_all7_30_fixed75,f6,False
2026-08-11,-0.009295098848178135,0.0,-0.009295098848178135,1.8802502355801045,0.0,0.7267336865872345,0.27326631341276547,0.0,12,"[""002156"", ""002281"", ""002709"", ""002837"", ""300408"", ""300782"", ""600026"", ""600522"", ""601872"", ""601939"", ""688008"", ""688676""]","{""002156"": 0.04253431435399405, ""002281"": 0.04192010159343004, ""002709"": 0.0628647720280648, ""002837"": 0.047914567391552726, ""300408"": 0.046141575373138066, ""300782"": 0.04737842842901211, ""515180"": 0.2667533537281484, ""600026"": 0.08117234280749498, ""600522"": 0.039822074385589434, ""601872"": 0.07521216149482929, ""601939"": 0.15514875197360986, ""688008"": 0.03558032695148094, ""688676"": 0.05755722948965523}","{""002156"": 0.04144766246758564, ""002281"": 0.03896920244625302, ""002709"": 0.06374581322987043, ""002837"": 0.04778547452663597, ""300408"": 0.045465573434949356, ""300782"": 0.04628027172851331, ""515180"": 0.27326631341276547, ""600026"": 0.08188724075755727, ""600522"": 0.03809812066369962, ""601872"": 0.07562176681306357, ""601939"": 0.15864434254639395, ""688008"": 0.03391947731739986, ""688676"": 0.05486874065531242}",0.0,False,s6_stable_all7_30_fixed75,f6,False
2026-08-12,-0.007021968152158706,0.0,-0.007021968152158706,1.867047178307772,0.0,0.7273013082552896,0.2726986917447103,0.0,12,"[""002156"", ""002281"", ""002709"", ""002837"", ""300408"", ""300782"", ""600026"", ""600522"", ""601872"", ""601939"", ""688008"", ""688676""]","{""002156"": 0.04144766246758564, ""002281"": 0.03896920244625302, ""002709"": 0.06374581322987043, ""002837"": 0.04778547452663597, ""300408"": 0.045465573434949356, ""300782"": 0.04628027172851331, ""515180"": 0.27326631341276547, ""600026"": 0.08188724075755727, ""600522"": 0.03809812066369962, ""601872"": 0.07562176681306357, ""601939"": 0.15864434254639395, ""688008"": 0.03391947731739986, ""688676"": 0.05486874065531242}","{""002156"": 0.04202130761480922, ""002281"": 0.041068196115090196, ""002709"": 0.0640173706230198, ""002837"": 0.047775494551858526, ""300408"": 0.047272377409166094, ""300782"": 0.04755934950466529, ""515180"": 0.2726986917447103, ""600026"": 0.07682437932431385, ""600522"": 0.038426873640471426, ""601872"": 0.07096017241448202, ""601939"": 0.1611884670051704, ""688008"": 0.0350907327435425, ""688676"": 0.05509658730870033}",0.0,False,s6_stable_all7_30_fixed75,f6,False
2026-08-13,0.017018336024251852,0.0,0.017018336024251852,1.8988212145613452,0.0,0.732242716074987,0.26775728392501275,0.0,12,"[""002156"", ""002281"", ""002709"", ""002837"", ""300408"", ""300782"", ""600026"", ""600522"", ""601872"", ""601939"", ""688008"", ""688676""]","{""002156"": 0.04202130761480922, ""002281"": 0.041068196115090196, ""002709"": 0.0640173706230198, ""002837"": 0.047775494551858526, ""300408"": 0.047272377409166094, ""300782"": 0.04755934950466529, ""515180"": 0.2726986917447103, ""600026"": 0.07682437932431385, ""600522"": 0.038426873640471426, ""601872"": 0.07096017241448202, ""601939"": 0.1611884670051704, ""688008"": 0.0350907327435425, ""688676"": 0.05509658730870033}","{""002156"": 0.041915813014369085, ""002281"": 0.04191493395761811, ""002709"": 0.06312236213897479, ""002837"": 0.04859236522379444, ""300408"": 0.04824557626172334, ""300782"": 0.04847827508870022, ""515180"": 0.26775728392501275, ""600026"": 0.07831259786003926, ""600522"": 0.03968588383493634, ""601872"": 0.07203429812184181, ""601939"": 0.15802505971224906, ""688008"": 0.036599163804185805, ""688676"": 0.05531638705655476}",0.0,False,s6_stable_all7_30_fixed75,f6,False
2026-08-14,-0.004693390509992395,0.0,-0.004693390509992395,1.8899093050927507,0.0,0.733259930287954,0.2667400697120457,0.0,12,"[""002156"", ""002281"", ""002709"", ""002837"", ""300408"", ""300782"", ""600026"", ""600522"", ""601872"", ""601939"", ""688008"", ""688676""]","{""002156"": 0.041915813014369085, ""002281"": 0.04191493395761811, ""002709"": 0.06312236213897479, ""002837"": 0.04859236522379444, ""300408"": 0.04824557626172334, ""300782"": 0.04847827508870022, ""515180"": 0.26775728392501275, ""600026"": 0.07831259786003926, ""600522"": 0.03968588383493634, ""601872"": 0.07203429812184181, ""601939"": 0.15802505971224906, ""688008"": 0.036599163804185805, ""688676"": 0.05531638705655476}","{""002156"": 0.04158556488829038, ""002281"": 0.04112260829425446, ""002709"": 0.06230936192427701, ""002837"": 0.04822004192785397, ""300408"": 0.04873418159299643, ""300782"": 0.04810630495993658, ""515180"": 0.2667400697120457, ""600026"": 0.07891411962324134, ""600522"": 0.039075797513191395, ""601872"": 0.07287891218729775, ""601939"": 0.15970692792941343, ""688008"": 0.035644390509888234, ""688676"": 0.05696171893731307}",0.0,False,s6_stable_all7_30_fixed75,f6,False
2026-08-17,0.003126422654286366,0.0,0.003126422654286366,1.8958179603587393,0.0,0.7335230923150697,0.26647690768493,0.0,12,"[""002156"", ""002281"", ""002709"", ""002837"", ""300408"", ""300782"", ""600026"", ""600522"", ""601872"", ""601939"", ""688008"", ""688676""]","{""002156"": 0.04158556488829038, ""002281"": 0.04112260829425446, ""002709"": 0.06230936192427701, ""002837"": 0.04822004192785397, ""300408"": 0.04873418159299643, ""300782"": 0.04810630495993658, ""515180"": 0.2667400697120457, ""600026"": 0.07891411962324134, ""600522"": 0.039075797513191395, ""601872"": 0.07287891218729775, ""601939"": 0.15970692792941343, ""688008"": 0.035644390509888234, ""688676"": 0.05696171893731307}","{""002156"": 0.04171250671236052, ""002281"": 0.04242312646099514, ""002709"": 0.06319026466807591, ""002837"": 0.04938028167768253, ""300408"": 0.046851924399282686, ""300782"": 0.04807732230726586, ""515180"": 0.26647690768493, ""600026"": 0.07811253810617695, ""600522"": 0.04159535687892955, ""601872"": 0.0727776122931174, ""601939"": 0.15889791338511647, ""688008"": 0.035202756090081506, ""688676"": 0.05530148933598521}",0.0,False,s6_stable_all7_30_fixed75,f6,False
2026-08-18,0.025011177465150653,0.0,0.025011177465150653,1.9432345998068918,0.0,0.7392862748427906,0.26071372515720903,0.0,12,"[""002156"", ""002281"", ""002709"", ""002837"", ""300408"", ""300782"", ""600026"", ""600522"", ""601872"", ""601939"", ""688008"", ""688676""]","{""002156"": 0.04171250671236052, ""002281"": 0.04242312646099514, ""002709"": 0.06319026466807591, ""002837"": 0.04938028167768253, ""300408"": 0.046851924399282686, ""300782"": 0.04807732230726586, ""515180"": 0.26647690768493, ""600026"": 0.07811253810617695, ""600522"": 0.04159535687892955, ""601872"": 0.0727776122931174, ""601939"": 0.15889791338511647, ""688008"": 0.035202756090081506, ""688676"": 0.05530148933598521}","{""002156"": 0.04569407905415453, ""002281"": 0.0428868605048511, ""002709"": 0.06254068661929564, ""002837"": 0.04896087244805338, ""300408"": 0.04579811059690068, ""300782"": 0.048898358905719745, ""515180"": 0.26071372515720903, ""600026"": 0.08049793977195321, ""600522"": 0.04087685039107731, ""601872"": 0.07300701174560746, ""601939"": 0.1565389859268578, ""688008"": 0.0363028242478648, ""688676"": 0.05728369463045494}",0.0,False,s6_stable_all7_30_fixed75,f6,False
2026-08-19,-0.013689075340068056,0.0,-0.013689075340068056,1.9166335149667084,0.0,0.7334197703105676,0.26658022968943196,0.0,12,"[""002156"", ""002281"", ""002709"", ""002837"", ""300408"", ""300782"", ""600026"", ""600522"", ""601872"", ""601939"", ""688008"", ""688676""]","{""002156"": 0.04569407905415453, ""002281"": 0.0428868605048511, ""002709"": 0.06254068661929564, ""002837"": 0.04896087244805338, ""300408"": 0.04579811059690068, ""300782"": 0.048898358905719745, ""515180"": 0.26071372515720903, ""600026"": 0.08049793977195321, ""600522"": 0.04087685039107731, ""601872"": 0.07300701174560746, ""601939"": 0.1565389859268578, ""688008"": 0.0363028242478648, ""688676"": 0.05728369463045494}","{""002156"": 0.04489677873973764, ""002281"": 0.040877512914613265, ""002709"": 0.06039301047450918, ""002837"": 0.04723421240514563, ""300408"": 0.04274225379540597, ""300782"": 0.047256090463909974, ""515180"": 0.26658022968943196, ""600026"": 0.08381356464691653, ""600522"": 0.03916677594958241, ""601872"": 0.07592887563632662, ""601939"": 0.16132857210250462, ""688008"": 0.03400469096349416, ""688676"": 0.05577743221842161}",0.0,False,s6_stable_all7_30_fixed75,f6,False
2026-08-20,-0.015235371606901724,0.0,-0.015235371606901724,1.8874328911319485,0.0,0.7298661916798281,0.2701338083201713,0.0,12,"[""002156"", ""002281"", ""002709"", ""002837"", ""300408"", ""300782"", ""600026"", ""600522"", ""601872"", ""601939"", ""688008"", ""688676""]","{""002156"": 0.04489677873973764, ""002281"": 0.040877512914613265, ""002709"": 0.06039301047450918, ""002837"": 0.04723421240514563, ""300408"": 0.04274225379540597, ""300782"": 0.047256090463909974, ""515180"": 0.26658022968943196, ""600026"": 0.08381356464691653, ""600522"": 0.03916677594958241, ""601872"": 0.07592887563632662, ""601939"": 0.16132857210250462, ""688008"": 0.03400469096349416, ""688676"": 0.05577743221842161}","{""002156"": 0.042089433754131864, ""002281"": 0.038966615389870216, ""002709"": 0.061391825807371916, ""002837"": 0.045977548916519145, ""300408"": 0.0407632981321637, ""300782"": 0.04663869231268172, ""515180"": 0.2701338083201713, ""600026"": 0.08604041762468441, ""600522"": 0.03808226990088401, ""601872"": 0.07828330415415596, ""601939"": 0.1633555359653908, ""688008"": 0.03371237368182694, ""688676"": 0.05456487604014751}",0.0,False,s6_stable_all7_30_fixed75,f6,False
2026-08-21,0.002437015558991528,0.0,0.002437015558991528,1.8920325944541891,0.0,0.7278660951720777,0.2721339048279219,0.0,12,"[""002156"", ""002281"", ""002709"", ""002837"", ""300408"", ""300782"", ""600026"", ""600522"", ""601872"", ""601939"", ""688008"", ""688676""]","{""002156"": 0.042089433754131864, ""002281"": 0.038966615389870216, ""002709"": 0.061391825807371916, ""002837"": 0.045977548916519145, ""300408"": 0.0407632981321637, ""300782"": 0.04663869231268172, ""515180"": 0.2701338083201713, ""600026"": 0.08604041762468441, ""600522"": 0.03808226990088401, ""601872"": 0.07828330415415596, ""601939"": 0.1633555359653908, ""688008"": 0.03371237368182694, ""688676"": 0.05456487604014751}","{""002156"": 0.04206620711004757, ""002281"": 0.0381583151415807, ""002709"": 0.05973120830198776, ""002837"": 0.04541947462090927, ""300408"": 0.040778073297128646, ""300782"": 0.04605266365123738, ""515180"": 0.2721339048279219, ""600026"": 0.08564566447240028, ""600522"": 0.03794284542003965, ""601872"": 0.07771471426523784, ""601939"": 0.16467375541880805, ""688008"": 0.03315679465491427, ""688676"": 0.056526378817786264}",0.0,False,s6_stable_all7_30_fixed75,f6,False
2026-08-24,0.01844001072642794,0.0,0.01844001072642794,1.9269216957906758,0.0,0.7335387341623377,0.2664612658376618,0.0,12,"[""002156"", ""002281"", ""002709"", ""002837"", ""300408"", ""300782"", ""600026"", ""600522"", ""601872"", ""601939"", ""688008"", ""688676""]","{""002156"": 0.04206620711004757, ""002281"": 0.0381583151415807, ""002709"": 0.05973120830198776, ""002837"": 0.04541947462090927, ""300408"": 0.040778073297128646, ""300782"": 0.04605266365123738, ""515180"": 0.2721339048279219, ""600026"": 0.08564566447240028, ""600522"": 0.03794284542003965, ""601872"": 0.07771471426523784, ""601939"": 0.16467375541880805, ""688008"": 0.03315679465491427, ""688676"": 0.056526378817786264}","{""002156"": 0.040825619890039154, ""002281"": 0.03827618931380118, ""002709"": 0.06030737039686015, ""002837"": 0.04685561144270839, ""300408"": 0.04106408797347945, ""300782"": 0.04556986887969171, ""515180"": 0.2664612658376618, ""600026"": 0.08915158305717866, ""600522"": 0.03842871646172823, ""601872"": 0.08154884809496242, ""601939"": 0.16031409233023072, ""688008"": 0.03261336449770052, ""688676"": 0.05858338182395717}",0.0,False,s6_stable_all7_30_fixed75,f6,False
2026-08-25,-0.012144374475750244,0.0,-0.012144374475750244,1.9035204371315462,0.0,0.7261131455480782,0.2738868544519214,0.0,12,"[""002156"", ""002281"", ""002709"", ""002837"", ""300408"", ""300782"", ""600026"", ""600522"", ""601872"", ""601939"", ""688008"", ""688676""]","{""002156"": 0.040825619890039154, ""002281"": 0.03827618931380118, ""002709"": 0.06030737039686015, ""002837"": 0.04685561144270839, ""300408"": 0.04106408797347945, ""300782"": 0.04556986887969171, ""515180"": 0.2664612658376618, ""600026"": 0.08915158305717866, ""600522"": 0.03842871646172823, ""601872"": 0.08154884809496242, ""601939"": 0.16031409233023072, ""688008"": 0.03261336449770052, ""688676"": 0.05858338182395717}","{""002156"": 0.03930962276095744, ""002281"": 0.03595128708537181, ""002709"": 0.058971193589227956, ""002837"": 0.045674279741308166, ""300408"": 0.0394329642322905, ""300782"": 0.044347284557502344, ""515180"": 0.2738868544519214, ""600026"": 0.08932527810562314, ""600522"": 0.03701545363212225, ""601872"": 0.08071319431328515, ""601939"": 0.16553994025599925, ""688008"": 0.0311888619801123, ""688676"": 0.058643785294277835}",0.0,False,s6_stable_all7_30_fixed75,f6,False
2026-08-26,0.004416794268877037,0.00018523388578311928,0.004231560383093917,1.9115752988017218,0.13428451056310087,0.75,0.25,0.0,12,"[""002156"", ""002281"", ""002709"", ""002837"", ""300408"", ""300782"", ""600026"", ""600522"", ""601872"", ""601899"", ""601939"", ""688008""]","{""002156"": 0.03930962276095744, ""002281"": 0.03595128708537181, ""002709"": 0.058971193589227956, ""002837"": 0.045674279741308166, ""300408"": 0.0394329642322905, ""300782"": 0.044347284557502344, ""515180"": 0.2738868544519214, ""600026"": 0.08932527810562314, ""600522"": 0.03701545363212225, ""601872"": 0.08071319431328515, ""601939"": 0.16553994025599925, ""688008"": 0.0311888619801123, ""688676"": 0.058643785294277835}","{""002156"": 0.04438601344072958, ""002281"": 0.04499633731692402, ""002709"": 0.06755261112207576, ""002837"": 0.05375330037730933, ""300408"": 0.039680309038354296, ""300782"": 0.06327395335349273, ""515180"": 0.25, ""600026"": 0.06163558265722144, ""600522"": 0.04873276184100772, ""601872"": 0.05894749113838072, ""601899"": 0.0759279558894598, ""601939"": 0.15, ""688008"": 0.04111368382504455}",0.0,False,s6_stable_all7_30_fixed75,f6,False
2026-08-27,0.0024947769713808713,0.0,0.0024947769713808713,1.9163442528362327,0.0,0.7481959503301014,0.2518040496698986,0.0,12,"[""002156"", ""002281"", ""002709"", ""002837"", ""300408"", ""300782"", ""600026"", ""600522"", ""601872"", ""601899"", ""601939"", ""688008""]","{""002156"": 0.04438601344072958, ""002281"": 0.04499633731692402, ""002709"": 0.06755261112207576, ""002837"": 0.05375330037730933, ""300408"": 0.039680309038354296, ""300782"": 0.06327395335349273, ""515180"": 0.25, ""600026"": 0.06163558265722144, ""600522"": 0.04873276184100772, ""601872"": 0.05894749113838072, ""601899"": 0.0759279558894598, ""601939"": 0.15, ""688008"": 0.04111368382504455}","{""002156"": 0.04421125372170257, ""002281"": 0.045701022425131944, ""002709"": 0.06762562445114738, ""002837"": 0.05323683867487438, ""300408"": 0.03988611909171891, ""300782"": 0.06458509339008031, ""515180"": 0.2518040496698986, ""600026"": 0.059928615855013696, ""600522"": 0.04835398061698648, ""601872"": 0.05682161636992641, ""601899"": 0.07596374878542055, ""601939"": 0.14920523101438812, ""688008"": 0.04267680593371065}",0.0,False,s6_stable_all7_30_fixed75,f6,False
2026-08-28,0.021615979596724396,0.0,0.021615979596724396,1.9577679111058406,0.0,0.7528452448162811,0.24715475518371896,0.0,12,"[""002156"", ""002281"", ""002709"", ""002837"", ""300408"", ""300782"", ""600026"", ""600522"", ""601872"", ""601899"", ""601939"", ""688008""]","{""002156"": 0.04421125372170257, ""002281"": 0.045701022425131944, ""002709"": 0.06762562445114738, ""002837"": 0.05323683867487438, ""300408"": 0.03988611909171891, ""300782"": 0.06458509339008031, ""515180"": 0.2518040496698986, ""600026"": 0.059928615855013696, ""600522"": 0.04835398061698648, ""601872"": 0.05682161636992641, ""601899"": 0.07596374878542055, ""601939"": 0.14920523101438812, ""688008"": 0.04267680593371065}","{""002156"": 0.044338817466443754, ""002281"": 0.04601410845198598, ""002709"": 0.06735670848227367, ""002837"": 0.05413323753752451, ""300408"": 0.040444025933881585, ""300782"": 0.06472143245202056, ""515180"": 0.24715475518371896, ""600026"": 0.06141083093816083, ""600522"": 0.04999148878615249, ""601872"": 0.05936896871991015, ""601899"": 0.07589638774862366, ""601939"": 0.1449480797377121, ""688008"": 0.04422115856159179}",0.0,False,s6_stable_all7_30_fixed75,f6,False
2026-08-31,-0.01488680850299192,0.0,-0.01488680850299192,1.9286229951199054,0.0,0.7480771213293265,0.2519228786706736,0.0,12,"[""002156"", ""002281"", ""002709"", ""002837"", ""300408"", ""300782"", ""600026"", ""600522"", ""601872"", ""601899"", ""601939"", ""688008""]","{""002156"": 0.044338817466443754, ""002281"": 0.04601410845198598, ""002709"": 0.06735670848227367, ""002837"": 0.05413323753752451, ""300408"": 0.040444025933881585, ""300782"": 0.06472143245202056, ""515180"": 0.24715475518371896, ""600026"": 0.06141083093816083, ""600522"": 0.04999148878615249, ""601872"": 0.05936896871991015, ""601899"": 0.07589638774862366, ""601939"": 0.1449480797377121, ""688008"": 0.04422115856159179}","{""002156"": 0.04360321634043348, ""002281"": 0.04455882318696286, ""002709"": 0.06811657056574273, ""002837"": 0.0532190072891518, ""300408"": 0.03890805852283392, ""300782"": 0.06288877052300947, ""515180"": 0.2519228786706736, ""600026"": 0.06237170207134206, ""600522"": 0.04874265763754876, ""601872"": 0.0602027011520393, ""601899"": 0.07369360742465687, ""601939"": 0.1495117040994304, ""688008"": 0.04226030251617482}",0.0,False,s6_stable_all7_30_fixed75,f6,False
2026-09-01,0.017797559819854578,0.0,0.017797559819854578,1.962947778245499,0.0,0.75180559179897,0.2481944082010301,0.0,12,"[""002156"", ""002281"", ""002709"", ""002837"", ""300408"", ""300782"", ""600026"", ""600522"", ""601872"", ""601899"", ""601939"", ""688008""]","{""002156"": 0.04360321634043348, ""002281"": 0.04455882318696286, ""002709"": 0.06811657056574273, ""002837"": 0.0532190072891518, ""300408"": 0.03890805852283392, ""300782"": 0.06288877052300947, ""515180"": 0.2519228786706736, ""600026"": 0.06237170207134206, ""600522"": 0.04874265763754876, ""601872"": 0.0602027011520393, ""601899"": 0.07369360742465687, ""601939"": 0.1495117040994304, ""688008"": 0.04226030251617482}","{""002156"": 0.045051846196846185, ""002281"": 0.04716154761740187, ""002709"": 0.06596576115862428, ""002837"": 0.056132404167868376, ""300408"": 0.04035145980987335, ""300782"": 0.06380933821469842, ""515180"": 0.2481944082010301, ""600026"": 0.06118423843321127, ""600522"": 0.04930091956638244, ""601872"": 0.057872236711507416, ""601899"": 0.07387501595371043, ""601939"": 0.14964047081263823, ""688008"": 0.04146035315620777}",0.0,False,s6_stable_all7_30_fixed75,f6,False
2026-09-02,-0.01625796653080698,0.0,-0.01625796653080698,1.9310342389650617,0.0,0.7468438627474565,0.2531561372525436,0.0,12,"[""002156"", ""002281"", ""002709"", ""002837"", ""300408"", ""300782"", ""600026"", ""600522"", ""601872"", ""601899"", ""601939"", ""688008""]","{""002156"": 0.045051846196846185, ""002281"": 0.04716154761740187, ""002709"": 0.06596576115862428, ""002837"": 0.056132404167868376, ""300408"": 0.04035145980987335, ""300782"": 0.06380933821469842, ""515180"": 0.2481944082010301, ""600026"": 0.06118423843321127, ""600522"": 0.04930091956638244, ""601872"": 0.057872236711507416, ""601899"": 0.07387501595371043, ""601939"": 0.14964047081263823, ""688008"": 0.04146035315620777}","{""002156"": 0.04262702775878462, ""002281"": 0.04661405874940688, ""002709"": 0.06460785087355321, ""002837"": 0.054443811436503196, ""300408"": 0.03855003824942603, ""300782"": 0.061692327905902296, ""515180"": 0.2531561372525436, ""600026"": 0.06344194178144362, ""600522"": 0.04734726796183894, ""601872"": 0.05924050365860865, ""601899"": 0.07335624906485845, ""601939"": 0.1547626172964312, ""688008"": 0.04016016801069947}",0.0,False,s6_stable_all7_30_fixed75,f6,False
2026-09-03,-0.0029579974779670145,0.0,-0.0029579974779670145,1.9253222445563352,0.0,0.7505775797163895,0.24942242028361067,0.0,12,"[""002156"", ""002281"", ""002709"", ""002837"", ""300408"", ""300782"", ""600026"", ""600522"", ""601872"", ""601899"", ""601939"", ""688008""]","{""002156"": 0.04262702775878462, ""002281"": 0.04661405874940688, ""002709"": 0.06460785087355321, ""002837"": 0.054443811436503196, ""300408"": 0.03855003824942603, ""300782"": 0.061692327905902296, ""515180"": 0.2531561372525436, ""600026"": 0.06344194178144362, ""600522"": 0.04734726796183894, ""601872"": 0.05924050365860865, ""601899"": 0.07335624906485845, ""601939"": 0.1547626172964312, ""688008"": 0.04016016801069947}","{""002156"": 0.04309483773107488, ""002281"": 0.04649202649211603, ""002709"": 0.06450414525059214, ""002837"": 0.05669609770641467, ""300408"": 0.03970373445736567, ""300782"": 0.061700941297598594, ""515180"": 0.24942242028361067, ""600026"": 0.06218252415029709, ""600522"": 0.048399045454477485, ""601872"": 0.05773226663047632, ""601899"": 0.07437918892929356, ""601939"": 0.1550819234535369, ""688008"": 0.04061084816314611}",0.0,False,s6_stable_all7_30_fixed75,f6,False
2026-09-04,0.0063769186726209065,0.0,0.0063769186726209065,1.9375998679284587,0.0,0.751986649382666,0.24801335061733418,0.0,12,"[""002156"", ""002281"", ""002709"", ""002837"", ""300408"", ""300782"", ""600026"", ""600522"", ""601872"", ""601899"", ""601939"", ""688008""]","{""002156"": 0.04309483773107488, ""002281"": 0.04649202649211603, ""002709"": 0.06450414525059214, ""002837"": 0.05669609770641467, ""300408"": 0.03970373445736567, ""300782"": 0.061700941297598594, ""515180"": 0.24942242028361067, ""600026"": 0.06218252415029709, ""600522"": 0.048399045454477485, ""601872"": 0.05773226663047632, ""601899"": 0.07437918892929356, ""601939"": 0.1550819234535369, ""688008"": 0.04061084816314611}","{""002156"": 0.04237659002309609, ""002281"": 0.04608656808261339, ""002709"": 0.06361845900983047, ""002837"": 0.05635366423446883, ""300408"": 0.04070363291885141, ""300782"": 0.06066625501395289, ""515180"": 0.24801335061733418, ""600026"": 0.067019276701868, ""600522"": 0.04691799947389296, ""601872"": 0.06124980969616065, ""601899"": 0.07524156047023324, ""601939"": 0.15201494512121178, ""688008"": 0.03973788863648635}",0.0,False,s6_stable_all7_30_fixed75,f6,False
