date,close,high,low,open,volume,vwap
2018-01-02,32.976200103759766,33.77914606612889,32.09941824933002,33.66839574872707,89960742,32.951588139739556
2018-01-03,33.86220932006836,34.609781876038866,32.782385815466704,32.88390840561333,139132102,33.751459003857974
2018-01-04,34.05602264404297,34.102168310143405,33.114636268701716,33.566868725450114,94830024,33.75760907429603
2018-01-05,33.262306213378906,33.945270556238945,33.105406715788575,33.871438190840834,76047333,33.43766116180214
2018-01-08,32.828529357910156,33.24384741762297,32.22862510269289,33.22538844600364,109576938,32.76700062607534
2018-01-09,33.54841613769531,33.54841613769531,32.588574129848084,32.828533751637565,96915693,33.22846880174624
2018-01-10,33.15155029296875,33.4838047180229,32.53319062909799,33.4838047180229,77737123,33.056181880029875
2018-01-11,33.613014221191406,34.009873284883355,32.57933651888821,32.85621403477621,110219594,33.400741341654324
2018-01-12,33.059261322021484,33.483807108482495,32.865447400466095,33.40074349628892,64626968,33.13617194365669
2018-01-15,33.603790283203125,34.44365417110031,32.33014934176169,32.95774032620013,157933052,33.45919793202171
2018-01-16,35.624996185302734,35.6619141262199,33.123863779527156,33.28999099296577,207331314,34.80359136368326
2018-01-17,34.129859924316406,35.901882627596514,33.77914647417018,35.901882627596514,195953809,34.603629675361034
2018-01-18,33.75145721435547,34.600552315453584,33.520725347415286,34.16677527898558,103223006,33.95757829240811
2018-01-19,33.67761993408203,34.480565728090106,33.56686611921388,33.75145228997243,79705848,33.90835059379534
2018-01-22,33.62224578857422,33.788373003834735,32.394750644781396,33.686850425543454,106407908,33.26845647906345
2018-01-23,33.576107025146484,34.25907147657092,33.05003857556383,33.576107025146484,90160039,33.62840569242707
2018-01-24,34.1944580078125,34.24060367170713,33.08694447089909,33.373053220147334,112358263,33.84066871680624
2018-01-25,33.280765533447266,34.092939164776446,33.25307531553025,34.092939164776446,79535384,33.542260004584655
2018-01-26,32.30245590209961,33.2623011510129,32.30245590209961,32.94850572427926,131982018,32.622404318404044
2018-01-29,29.266029357910156,32.1178753936253,29.155279046814215,32.1178753936253,232259836,30.179727932783223
2018-01-30,28.703046798706055,29.478306071854366,28.315417162131897,28.81379711753034,103176060,28.832256677564107
2018-01-31,28.72150421142578,28.96146380928881,28.250810981135412,28.666127294677867,69640200,28.644593000616666
2018-02-01,25.851198196411133,27.687823618532455,25.851198196411133,27.687823618532455,205064859,26.463406670451576
2018-02-02,26.59876823425293,27.09714989110547,26.303431738493366,26.764895453203774,131393249,26.666449954617253
2018-02-05,27.023317337036133,27.63244933501274,26.035783451497597,26.0450129375693,87254197,26.897183374515492
2018-02-06,26.257287979125977,27.115609072167317,26.11884744637768,26.30343364981241,77643385,26.497248165890323
2018-02-07,26.49724578857422,27.217129820910554,26.054241042680033,26.949481780395292,69531397,26.589538884054935
2018-02-08,27.36479949951172,27.57707239796879,26.506476659274142,26.543394603533358,85840076,27.149449518918217
2018-02-09,26.257287979125977,27.13406804457969,25.851199387776273,26.571083468758314,81498213,26.414185137160644
2018-02-12,27.15252685546875,27.475551829385683,26.404956080659748,26.755667752686044,74288537,27.011011588504726
2018-02-13,27.447864532470703,27.91855778403798,27.355571427396704,27.466323505554413,76361333,27.57399791463513
2018-02-14,28.1492862701416,28.232349878651537,27.457090706121726,27.48477916240649,56873219,27.94624228497162
2018-02-22,28.81379508972168,29.02606974649418,27.918556074126585,28.343101866982675,64654228,28.58614030344748
2018-02-23,28.906089782714844,29.672121317901908,28.638441716016512,28.89686029622945,73400229,29.07221760554442
2018-02-26,30.041290283203125,30.318167837013146,28.94300779412476,29.192196888415957,118134552,29.767488638113676
2018-02-27,29.87516212463379,30.54889877569487,29.727493865780527,30.456607434169957,90932703,30.050518255369727
2018-02-28,29.75518226623535,30.152037827088975,29.19219420320573,29.505989674176735,69848926,29.69980476551002
2018-03-01,29.85670280456543,30.16127056529173,29.395240821280222,29.46907494984719,58377296,29.80440473037913
2018-03-02,29.09067726135254,29.995145852261086,29.07221828757613,29.55214104369502,59421820,29.386013800396587
2018-03-05,29.672119140625,29.884392033179367,29.238342109363693,29.34909241837274,49201512,29.59828442772269
2018-03-06,30.733484268188477,31.08419769510702,29.81055679154204,29.81055679154204,114669505,30.542746251612513
2018-03-07,30.15203857421875,30.558128911825282,30.15203857421875,30.548897665594836,53288769,30.287402020087594
2018-03-08,30.16126823425293,30.43814575489424,29.81055483040663,30.15203698850796,41137756,30.1366562731846
2018-03-09,31.02882194519043,31.047280917899755,30.179730324695694,30.179730324695694,93070914,30.75194439592863
2018-03-12,31.370304107666016,31.591804713722475,30.835004521767043,31.2687815296032,84162614,31.26570444771851
2018-03-13,30.595046997070312,31.37953393722539,30.585815750797114,31.370306211641083,53948061,30.853465561697604
2018-03-14,30.19818878173828,30.53044324345446,29.99514360609195,30.45660735387798,42409033,30.241258543761564
2018-03-15,30.28125,30.705795769389294,29.653659071038124,30.17972742021371,51349829,30.21356828014247
2018-03-16,29.542905807495117,30.41045985440049,29.533678082197493,30.299709547385106,54237703,29.829014581364365
2018-03-19,29.293716430664062,29.838245515790746,28.915316325014572,29.422925707614315,46549355,29.34909275715646
2018-03-20,29.57982635498047,29.67212121952846,28.90608968688106,29.07221692237835,36844043,29.38601242046333
2018-03-21,29.21065330505371,30.133582511120785,29.12758969411112,29.67211878825945,49471128,29.490608503428536
2018-03-22,28.94300651550293,29.505991084758147,28.88762959891168,29.18296787303158,36606867,29.112209066390918
2018-03-23,26.774126052856445,28.03853569798437,26.220369220092312,27.134067201998132,108326395,27.011010323644374
2018-03-26,27.217130661010742,27.39248737180233,26.118846487613112,26.211139585942604,69153118,26.909488173475395
2018-03-27,28.08468246459961,28.287725869004046,27.733969049312204,27.733969049312204,63335781,28.03545912763862
2018-03-28,27.337112426757812,27.9462444159254,27.327882940819585,27.567844294180215,39931436,27.537079927834267
2018-03-29,27.5401554107666,27.79857573201013,26.534164343523713,27.632448508378175,49090966,27.29096516210015
2018-03-30,27.826263427734375,28.10314273050627,27.438633812129307,27.595531555596704,46957739,27.789346656789984
2018-04-02,28.444625854492188,28.887630641138333,27.8354938327676,28.038537253227616,67078364,28.389250109466037
2018-04-03,27.77088737487793,28.029307697054367,27.466321383901324,27.872409958651605,48181413,27.755505485277876
2018-04-04,27.6785945892334,28.14928780975256,27.521696849060344,27.872410273138676,40280843,27.7831930826821
2018-04-09,27.65090560913086,27.964701083549624,26.85718919766964,27.31865292353907,39747026,27.49093196345004
2018-04-10,28.333873748779297,28.416937361073227,27.43863298524348,27.669364850427854,53689379,28.06314803169867
2018-04-11,29.201425552368164,29.404470729097664,28.463084256109546,28.472313742355844,71672708,29.022993512525122
2018-04-12,28.795337677001953,29.478303791399064,28.767649219265586,29.07221521298787,38355305,29.013763562555535
2018-04-13,28.795337677001953,29.349092748973785,28.666126634576674,29.155278825852534,23602794,28.93685235351747
2018-04-16,28.896862030029297,29.026073088232927,28.066227560295825,28.795341193287815,37666538,28.663054226186016
2018-04-17,28.896862030029297,28.896862030029297,28.896862030029297,28.896862030029297,0,28.896862030029297
2018-04-18,28.896862030029297,28.896862030029297,28.896862030029297,28.896862030029297,0,28.896862030029297
2018-04-19,28.896862030029297,28.896862030029297,28.896862030029297,28.896862030029297,0,28.896862030029297
2018-04-20,28.896862030029297,28.896862030029297,28.896862030029297,28.896862030029297,0,28.896862030029297
2018-04-23,28.896862030029297,28.896862030029297,28.896862030029297,28.896862030029297,0,28.896862030029297
2018-04-24,28.896862030029297,28.896862030029297,28.896862030029297,28.896862030029297,0,28.896862030029297
2018-04-25,28.896862030029297,28.896862030029297,28.896862030029297,28.896862030029297,0,28.896862030029297
2018-04-26,28.896862030029297,28.896862030029297,28.896862030029297,28.896862030029297,0,28.896862030029297
2018-04-27,28.896862030029297,28.896862030029297,28.896862030029297,28.896862030029297,0,28.896862030029297
2018-05-02,28.896862030029297,28.896862030029297,28.896862030029297,28.896862030029297,0,28.896862030029297
2018-05-03,28.896862030029297,28.896862030029297,28.896862030029297,28.896862030029297,0,28.896862030029297
2018-05-04,28.896862030029297,28.896862030029297,28.896862030029297,28.896862030029297,0,28.896862030029297
2018-05-07,28.896862030029297,28.896862030029297,28.896862030029297,28.896862030029297,0,28.896862030029297
2018-05-08,28.896862030029297,28.896862030029297,28.896862030029297,28.896862030029297,0,28.896862030029297
2018-05-09,28.896862030029297,28.896862030029297,28.896862030029297,28.896862030029297,0,28.896862030029297
2018-05-10,28.896862030029297,28.896862030029297,28.896862030029297,28.896862030029297,0,28.896862030029297
2018-05-11,28.896862030029297,28.896862030029297,28.896862030029297,28.896862030029297,0,28.896862030029297
2018-05-14,28.896862030029297,28.896862030029297,28.896862030029297,28.896862030029297,0,28.896862030029297
2018-05-15,28.896862030029297,28.896862030029297,28.896862030029297,28.896862030029297,0,28.896862030029297
2018-05-16,28.896862030029297,28.896862030029297,28.896862030029297,28.896862030029297,0,28.896862030029297
2018-05-17,28.896862030029297,28.896862030029297,28.896862030029297,28.896862030029297,0,28.896862030029297
2018-05-18,28.896862030029297,28.896862030029297,28.896862030029297,28.896862030029297,0,28.896862030029297
2018-05-21,28.896862030029297,28.896862030029297,28.896862030029297,28.896862030029297,0,28.896862030029297
2018-05-22,28.896862030029297,28.896862030029297,28.896862030029297,28.896862030029297,0,28.896862030029297
2018-05-23,28.896862030029297,28.896862030029297,28.896862030029297,28.896862030029297,0,28.896862030029297
2018-05-24,28.896862030029297,28.896862030029297,28.896862030029297,28.896862030029297,0,28.896862030029297
2018-05-25,28.896862030029297,28.896862030029297,28.896862030029297,28.896862030029297,0,28.896862030029297
2018-05-28,28.896862030029297,28.896862030029297,28.896862030029297,28.896862030029297,0,28.896862030029297
2018-05-29,28.896862030029297,28.896862030029297,28.896862030029297,28.896862030029297,0,28.896862030029297
2018-05-30,28.896862030029297,28.896862030029297,28.896862030029297,28.896862030029297,0,28.896862030029297
2018-05-31,28.896862030029297,28.896862030029297,28.896862030029297,28.896862030029297,0,28.896862030029297
2018-06-01,28.896862030029297,28.896862030029297,28.896862030029297,28.896862030029297,0,28.896862030029297
2018-06-04,28.896862030029297,28.896862030029297,28.896862030029297,28.896862030029297,0,28.896862030029297
2018-06-05,28.896862030029297,28.896862030029297,28.896862030029297,28.896862030029297,0,28.896862030029297
2018-06-06,28.896862030029297,28.896862030029297,28.896862030029297,28.896862030029297,0,28.896862030029297
2018-06-07,28.896862030029297,28.896862030029297,28.896862030029297,28.896862030029297,0,28.896862030029297
2018-06-08,28.896862030029297,28.896862030029297,28.896862030029297,28.896862030029297,0,28.896862030029297
2018-06-11,28.896862030029297,28.896862030029297,28.896862030029297,28.896862030029297,0,28.896862030029297
2018-06-12,28.896862030029297,28.896862030029297,28.896862030029297,28.896862030029297,0,28.896862030029297
2018-06-13,26.008098602294922,26.008098602294922,26.008098602294922,26.008098602294922,1445600,26.008098602294922
2018-06-14,23.405441284179688,23.405441284179688,23.405441284179688,23.405441284179688,420800,23.405441284179688
2018-06-15,21.06120491027832,21.06120491027832,21.06120491027832,21.06120491027832,854700,21.06120491027832
2018-06-19,18.956932067871094,18.956932067871094,18.956932067871094,18.956932067871094,907300,18.956932067871094
2018-06-20,17.064929962158203,17.064929962158203,17.064929962158203,17.064929962158203,1987700,17.064929962158203
2018-06-21,15.357511520385742,15.357511520385742,15.357511520385742,15.357511520385742,3425500,15.357511520385742
2018-06-22,13.82545280456543,13.82545280456543,13.82545280456543,13.82545280456543,8252700,13.82545280456543
2018-06-25,12.441061973571777,13.077882425910184,12.441061973571777,12.441061973571777,550768020,12.653335457684578
2018-06-26,12.256476402282715,12.33954001437426,11.628886329027454,11.905763862436315,304826201,12.07496758189481
2018-06-27,11.859619140625,12.311853420153493,11.748867062211387,12.247248774555791,220907586,11.973446540996626
2018-06-28,11.924222946166992,12.238018425830157,11.767325206335409,11.813471755728031,194876650,11.976522192777518
2018-06-29,12.025744438171387,12.108808049575744,11.453529524262953,12.062661500998633,211444562,11.86269400400336
2018-07-02,11.28740406036377,11.878078037816309,11.075131136071786,11.878078037816309,249130461,11.413537744750622
2018-07-03,12.413373947143555,12.413373947143555,11.093588300594142,11.213568093775926,293665613,11.97344539829375
2018-07-04,12.73639965057373,13.465512338909306,12.016516448461045,12.413374674150573,475626809,12.739476145981362
2018-07-05,11.998056411743164,12.708710944767518,11.74886558686278,12.459520119887133,247652722,12.151877647791153
2018-07-06,12.0349760055542,12.441063766893,11.77655652106587,12.145727213192053,203120638,12.084198764504357
2018-07-09,12.090351104736328,12.173413843845045,11.813472667190402,12.136496777517074,166644276,12.025745871923926
2018-07-10,11.711949348449707,12.025744832866444,11.499676450269114,12.016516226985894,206872768,11.74579021052842
2018-07-11,11.167424201965332,11.388926612540098,10.9366923042402,11.296633501381109,163631967,11.164347706248543
2018-07-12,12.284164428710938,12.284164428710938,12.284164428710938,12.284164428710938,35082109,12.284164428710938
2018-07-13,13.01327896118164,13.363990659783399,12.745630003718839,13.363990659783399,441943211,13.040966541561295
2018-07-16,14.314605712890625,14.314605712890625,13.363989755717297,13.548575959553991,213377851,13.997733727166183
2018-07-17,15.74514102935791,15.74514102935791,15.025258780400414,15.117550112583656,421769717,15.505180279705412
2018-07-18,15.255990982055664,16.206605104000403,14.822213965313317,16.206605104000403,316149945,15.428270017123127
2018-07-19,15.551328659057617,15.634392274521913,15.052946966271849,15.265221628205323,221346196,15.412889299950459
2018-07-20,15.246763229370117,15.532870270985448,15.07140650564382,15.52364078443727,170038605,15.283680001999796
2018-07-23,15.339056015014648,15.671308722105923,14.766840183357937,15.13601083587298,169441966,15.25906830682617
2018-07-24,15.394430160522461,15.486723257668485,15.136009840582473,15.348282731777243,171297163,15.339054419591141
2018-07-25,15.052946090698242,15.532868783166748,14.997570937057844,15.403659504557687,151939815,15.194461936974278
2018-07-26,14.157707214355469,14.96988259526055,14.093102574553798,14.960653109525396,205757771,14.406897461389939
2018-07-27,14.240771293640137,14.628400905533741,13.687014453742922,14.065414579598052,139224463,14.185395550972267
2018-07-30,13.917747497558594,14.35152369605903,13.770079229176908,14.166938360581922,106887860,14.013116807598175
2018-07-31,13.474740982055664,13.899287639851176,13.410135462709867,13.81622402938672,115859128,13.594721361538902
2018-08-01,13.539345741271973,13.90851636864026,13.520886769817457,13.520886769817457,113113580,13.656249626576562
2018-08-02,12.9486722946167,13.3824484565532,12.588731140819636,13.3824484565532,140778179,12.973283963996513
2018-08-03,12.321083068847656,12.865609580656447,12.311853582163026,12.83792200077485,112155935,12.49951541055571
2018-08-06,12.182642936706543,12.330311197245539,11.859618836820555,12.090350713955802,97079374,12.124190990257546
2018-08-07,12.6441068649292,12.754858061857112,11.970370196907988,12.274936208502819,134254535,12.456445041231433
2018-08-08,11.998056411743164,12.551813213584795,11.970368835702734,12.551813213584795,102912154,12.173412820343565
2018-08-09,13.197863578796387,13.197863578796387,12.044204190443072,12.108808834535733,216736951,12.81331044934528
2018-08-10,13.382448196411133,13.548575421194105,13.00404807789189,13.483969900349496,225114170,13.31169056516571
2018-08-13,14.203853607177734,14.453043558090224,13.03173533682627,13.1886330719154,263996235,13.89621083403141
2018-08-14,15.043717384338379,15.209844614209798,14.046956645626594,14.286917124119235,263675315,14.766839548058257
2018-08-15,14.416126251220703,15.062175271715649,14.333062642267947,15.043716300760735,209603361,14.6037880550681
2018-08-16,14.637629508972168,15.302137540704164,13.945433899301573,14.083873549339032,268091737,14.628400316325967
2018-08-17,14.674546241760254,15.117550999468659,14.646858664446532,14.9052781064431,178274986,14.812985301891814
2018-08-20,15.071405410766602,15.163698509199117,14.111560883791764,14.61917116482616,186535370,14.782221601252495
2018-08-21,15.080634117126465,15.505179883489054,14.776068140283282,14.905277415203315,199624151,15.1206273802996
2018-08-22,14.794528007507324,15.283678440968295,14.76683954962777,14.886819346416937,121149294,14.948348666034462
2018-08-23,16.04047966003418,16.271211542004632,14.739152866720678,14.859133550965986,328014576,15.683614689586497
2018-08-24,15.818976402282715,16.12354239946787,15.551328349165807,15.87435331838508,201054079,15.831282383638799
2018-08-27,16.98186683654785,17.203369240810193,15.782061706707344,15.92050048932823,245510778,16.655765928021797
2018-08-28,17.48947525024414,18.03400256691352,16.769591231508937,16.824966383613383,276344888,17.4310230162222
2018-08-29,17.950939178466797,17.950939178466797,17.267971332654064,17.6279142266028,208431582,17.723283229862552
2018-08-30,17.48947525024414,18.126293900306152,17.27720060654579,17.97862565446473,205411317,17.63098991903203
2018-08-31,17.618684768676758,18.061689512321276,17.38795291131886,17.507932702593443,210778566,17.689442397438963
2018-09-03,16.751131057739258,17.535619657650354,16.05893554493727,17.535619657650354,250072007,16.781895420108963
2018-09-04,17.120304107666016,17.34180825271702,16.548090053926934,16.575776751799953,193661443,17.003400804769992
2018-09-05,17.360265731811523,17.978627225433936,16.677299595031393,16.898801983148367,232653212,17.33873085075895
2018-09-06,17.249515533447266,17.69252031264807,16.981865712464792,17.25874501972368,165010799,17.307967186186712
2018-09-07,16.695756912231445,17.4525571033542,16.418879394621186,17.443327618054614,175397123,16.85573113673561
2018-09-10,15.74514102935791,16.658838948657728,15.597472785451536,16.612693282566106,184791739,16.000484254489056
2018-09-11,16.105087280273438,16.252755555043667,15.754373807435625,15.82820794482074,127423154,16.037405547584243
2018-09-12,15.929726600646973,16.289667711257334,15.782058362430197,16.040476899137428,92848211,16.000484224778166
2018-09-13,17.120304107666016,17.203367721974022,16.271210752785418,16.52040159570944,236847944,16.864960860808484
2018-09-14,16.944948196411133,17.22182572157242,16.77882097717661,17.111075415645654,148176093,16.981864965053386
2018-09-17,16.92649269104004,17.240288222656726,16.446569906173963,16.61269715942335,125525561,16.87111693995691
2018-09-18,17.018783569335938,17.074158726362818,16.068167611927933,16.806508906767984,175540255,16.720369969208896
2018-09-19,16.77882194519043,17.03724051415797,16.48348543188783,16.788051431274194,144549155,16.76651596374541
2018-09-20,16.88034439086914,17.424869982510426,16.603465091700674,16.77882180513959,154513379,16.969559821693412
2018-09-21,17.1572208404541,17.351034753257593,16.566547856278493,16.81573692126236,157192237,17.02493448333006
2018-09-25,17.286428451538086,17.286428451538086,16.751130671074545,17.07415558832796,102519683,17.10799585805024
2018-09-26,17.461788177490234,17.618685921170556,17.221826818900066,17.221826818900066,152674586,17.43410030585362
2018-09-27,16.96340560913086,17.60022603699687,16.935718912491726,17.34180747986151,133318326,17.166450186206486
2018-09-28,16.889572143554688,17.147992471123167,16.631153576330668,17.101846801360153,85944333,16.889572730336173
2018-10-08,15.514410972595215,16.040479372399357,15.403660657028304,15.412890143382967,155767304,15.652850334007624
2018-10-09,15.505181312561035,15.763601646563371,15.228303766400645,15.532869771314877,88730311,15.49902890850835
2018-10-10,15.551328659057617,15.809747231306982,15.394430914330005,15.523640200454686,62957314,15.585168934898201
2018-10-11,14.000811576843262,14.840675540883902,14.000811576843262,14.840675540883902,129797249,14.280766231523474
2018-10-12,14.397668838500977,14.628400705270721,13.38244827264521,13.8439120061847,137708622,14.136172605472302
2018-10-15,14.739151954650879,15.339055338754948,14.305375796940586,14.3699804382394,119021527,14.794527696782138
2018-10-16,14.489961624145508,14.859133153527333,14.379210429382638,14.785299023685418,70482401,14.576101735685159
2018-10-17,14.932967185974121,15.0344897739738,14.53610808053302,14.859133056613766,110261497,14.834521680160314
2018-10-18,14.489961624145508,14.812985722160816,14.388439915655942,14.766840051138812,70810613,14.56379575398742
2018-10-19,15.292908668518066,15.689767782314078,14.074644628252335,14.1577082455745,148614765,15.019107026361494
2018-10-22,16.41887855529785,16.76036069220452,15.505178921134256,15.597472009067818,186379970,16.228139389545543
2018-10-23,16.003562927246094,16.492715134026735,15.717455896279246,16.42810873059403,128545911,16.071244652517358
2018-10-24,15.957414627075195,16.30812624333935,15.837433086529732,15.837433086529732,86857509,16.03432465231476
2018-10-25,16.095855712890625,16.13277189663993,15.237532876499584,15.329825976389543,96122916,15.822053495343381
2018-10-26,15.920499801635742,16.56654977308632,15.63439276186514,16.271211486482493,106966902,16.0404807788624
2018-10-29,16.105087280273438,16.446569505550336,15.68053967005051,15.920501056638306,114878712,16.07739881862476
2018-10-30,15.588244438171387,16.12354230149706,14.554566655363958,15.966644560849304,130784523,15.422117798344134
2018-10-31,15.625164031982422,15.948189033349314,15.163700247271043,15.505182462164466,103665294,15.579017770867594
2018-11-01,15.874353408813477,16.345044875953633,15.671308235970418,15.874353408813477,137865172,15.963568840245841
2018-11-02,16.92649269104004,17.35103855125983,16.465028881056057,17.074160969407334,234767442,16.91418670778531
2018-11-05,16.824966430664062,17.138761894040698,16.52040045272137,16.668068698975745,128442674,16.82804292580871
2018-11-06,17.563310623168945,17.701749393455106,16.56654901262631,16.732674480763023,151776565,17.27720300975012
2018-11-07,18.080148696899414,19.086139747687064,17.351035174073118,17.489475698398184,250722765,18.172441206219865
2018-11-08,17.904794692993164,18.689283487758114,17.64637609731388,18.227819697936926,184805042,18.080151426021718
2018-11-09,18.338571548461914,18.77234687164463,17.581769464105264,17.70175103372354,159773538,18.230895961403935
2018-11-12,18.643136978149414,18.88309658900871,18.172443722366186,18.172443722366186,160788986,18.56622576317477
2018-11-13,18.73542594909668,19.15074399283814,18.384714303538388,18.384714303538388,157335834,18.756961415157736
2018-11-14,18.338571548461914,19.003078763616326,18.28319462694057,18.652365302026354,129392258,18.54161497967294
2018-11-15,18.643136978149414,18.873868862728763,18.172443722366186,18.41240509357006,141361609,18.56314985441479
2018-11-16,20.11058807373047,20.19364991683831,18.624674456803422,18.73542475451004,226076936,19.642970815790733
2018-11-19,20.055212020874023,20.165964083653908,19.61220729044312,19.85216862617927,136254571,19.944461131657018
2018-11-20,18.929243087768555,19.889086764860814,18.643136057909118,19.75064799301557,173914836,19.153821970179497
2018-11-21,19.19689178466797,19.279955402610558,18.320111693549435,18.458550470005566,114547214,18.932319626942654
2018-11-22,18.88309669494629,19.45531254646493,18.633907596064475,19.132287554172695,86609901,18.990772279158566
2018-11-23,18.246274948120117,18.99384564216182,18.144752371768963,18.790802249803814,109497463,18.461624320683633
2018-11-26,18.855405807495117,18.99384455620337,18.12629236510388,18.135521849730324,105962301,18.65851424293412
2018-11-27,19.37224769592285,19.46454079647752,18.864638283388878,19.067681696333572,123205726,19.233808925263084
2018-11-28,18.975387573242188,19.62143748196637,18.846178295635102,19.25226685998586,122549602,19.147667783614555
2018-11-29,17.987855911254883,19.22457884347007,17.82172868747308,19.01230595101306,220782919,18.344721147399344
2018-11-30,18.338571548461914,18.50469703199204,17.48947811559229,17.8678782775983,128266008,18.110915565348748
2018-12-03,19.787565231323242,19.981379152919,19.196890460007634,19.63989697858045,234759423,19.655278281416624
2018-12-04,19.63066864013672,19.8706300049554,19.344559843423365,19.74141895599486,124492677,19.615286162838498
2018-12-05,19.464540481567383,19.584520278106208,19.113827057202602,19.169203972846166,96813190,19.387629272292063
2018-12-06,18.357027053833008,18.726199454911868,17.997085899160037,18.34779756777159,207556361,18.360104135968303
2018-12-07,18.449323654174805,18.781578174040913,18.37548951202065,18.51392830851659,99109412,18.53546378007879
2018-12-10,18.495468139648438,18.735427743071085,18.04323211078504,18.08937954247749,89385943,18.424709331168188
2018-12-11,18.77234649658203,18.892326303458532,18.54161460922025,18.550844095956073,93752017,18.73542913642027
2018-12-12,18.45854949951172,18.781574467822065,18.366256399945268,18.670822396273433,80358953,18.53546012242635
2018-12-13,18.643136978149414,18.8092624563571,18.25550734164232,18.467780252972624,88321127,18.569302258716277
2018-12-14,18.13552474975586,18.541613336535413,18.089379079588753,18.467779208061355,78788001,18.25550572196001
2018-12-17,17.766353607177734,18.19089939386445,17.378724003516442,18.1355242391541,97595431,17.778659001519543
2018-12-18,17.62791633605957,17.89556440682475,17.452559610861613,17.54485271677341,62414685,17.65868011791531
2018-12-19,17.5540828704834,17.858648899325146,17.452560274087936,17.720210115368833,55688527,17.62176401463216
2018-12-20,17.867877960205078,17.867877960205078,17.40641418445883,17.52639399160123,69523522,17.714056701622994
2018-12-21,17.757123947143555,18.02477375291613,17.572539513138302,17.74789446139163,64081904,17.78481240439933
2018-12-24,18.698511123657227,18.698511123657227,17.738665690887704,17.867876736280206,145701490,18.378562646067383
2018-12-25,18.790803909301758,19.058451961031558,18.18167191808833,18.430860997879677,135472770,18.676975929473883
2018-12-26,18.329341888427734,18.763117207513602,18.200130833109586,18.661594612694618,83237618,18.43086330968364
2018-12-27,18.36625862121582,18.883097576813757,18.36625862121582,18.661595167271784,81725268,18.538538273081798
2018-12-28,18.080148696899414,18.338569013915897,17.544850851921577,18.20935797523546,73837264,17.987856187578963
2019-01-02,18.052459716796875,18.513923423588626,17.904791471451063,18.089377658305498,64968272,18.15705820394552
2019-01-03,17.332578659057617,18.089378908860095,17.277201742966366,18.080149422844887,94860012,17.56638643696136
2019-01-04,17.720205307006836,17.784809937966397,16.83419416148441,17.08338496119486,77189145,17.44640313548588
2019-01-07,18.47701072692871,18.59699053876956,17.720210386723434,17.9509422836321,124849276,18.264737217473904
2019-01-08,18.36625862121582,18.698513115701115,18.209360861080505,18.384717595430487,83061720,18.424710865999145
2019-01-09,18.384714126586914,18.781573195599158,18.264734337518817,18.41240258268463,98407244,18.47700721990163
2019-01-10,18.523155212402344,18.7815755540654,18.25550714455896,18.36625746216844,84904964,18.52007930367557
2019-01-11,18.929243087768555,19.63066819350822,18.726199673085162,18.726199673085162,151834299,19.095370318120647
2019-01-14,18.54161262512207,18.892324281831453,18.366255916595176,18.643135208007813,76204961,18.60006427451623
2019-01-15,19.01230812072754,19.19689257683784,18.36625812347993,18.523155879363227,97565498,18.85848627368177
2019-01-16,18.74465560913086,19.021534894318684,18.661591999608948,18.966157981074495,61508709,18.80926083435283
2019-01-17,18.4677791595459,18.90155444314838,18.366256573031595,18.680052058308103,64369144,18.578530058575293
2019-01-18,18.440088272094727,18.53238136037267,18.153981282742915,18.320108489574366,70848056,18.375483638403438
2019-01-21,19.41839599609375,19.529146313444116,18.467780010389568,18.51392568256146,185582442,19.138440773309146
2019-01-22,18.86463737487793,19.464539859075586,18.68005118265816,19.38147624861113,108159491,19.003076138870558
2019-01-23,18.87386703491211,19.09536941141581,18.53238310425365,18.79080342368017,59412582,18.83387318352719
2019-01-24,18.800033569335938,19.123056779527445,18.569301699002306,18.92001336735786,66569135,18.830797349288563
2019-01-25,18.753887176513672,19.076912164919154,18.643136858419805,18.827721308691103,50864961,18.824645399950878
2019-01-28,18.680049896240234,18.966156890167916,18.569299596810804,18.781572471004104,48450074,18.73850212773965
2019-01-29,18.440088272094727,18.64313341837505,18.18166973732957,18.550840330097106,56953024,18.421630475933117
2019-01-30,18.190898895263672,18.587757973889776,18.163212198839588,18.44008972514672,42983102,18.31395635599768
2019-01-31,18.560073852539062,18.80926295665088,18.23704885346715,18.23704885346715,72309890,18.535461887552362
2019-02-01,18.836950302124023,18.947702377663077,18.366257061685946,18.661593582664068,70510637,18.716969913824347
2019-02-11,19.261497497558594,19.372247810604247,18.606218064051287,18.643136008629497,91280970,19.07998779073804
2019-02-12,19.436853408813477,19.501458054656908,19.012307587359757,19.316873603724904,83772798,19.31687301694338
2019-02-13,21.18118667602539,21.38423009083363,19.33533168936852,19.482999947473512,241223775,20.633582818742514
2019-02-14,21.088890075683594,21.33808088002073,20.812010817416486,20.95045132672214,131190840,21.07966059104027
2019-02-15,21.227333068847656,21.873383040298233,20.81201497858021,20.99660118766453,137275390,21.3042436959087
2019-02-18,22.279468536376953,22.288698022307468,21.45806365234991,21.642649850271344,149321572,22.00874340367811
2019-02-19,22.20563507080078,22.962435336204337,21.799548239827093,22.57480571729709,134140003,22.322539548944068
2019-02-20,22.150259017944336,22.380990882714592,21.614961162091127,22.2148636584249,99473005,22.048737020916686
2019-02-21,23.359294891357422,24.272992919168285,22.01182156559934,22.113342395126416,182132652,23.214703125375014
2019-02-22,25.694299697875977,25.694299697875977,23.36852216031567,23.53464937876203,209837985,24.91904051868921
2019-02-25,27.97393035888672,28.24158016284303,26.857188995648215,28.24158016284303,319050439,27.69089983912599
2019-02-26,27.59553337097168,30.2535639383049,26.395728261064274,27.853953718490093,323961947,28.08160852344695
2019-02-27,27.180213928222656,28.463082511991498,26.69106174920954,27.11560752845744,197281411,27.444786063141233
2019-02-28,27.503238677978516,27.890868296730847,26.87564945935786,27.198672674697722,142157068,27.423252144689073
2019-03-01,27.43863296508789,27.82626256872668,26.580310145577396,27.715512259312412,123594069,27.28173522646399
2019-03-04,27.97393035888672,29.1183601791931,27.59553024734769,27.78934592613405,215949122,28.2292735951425
2019-03-05,29.21065330505371,29.256800733546484,27.364798413608366,27.890866776015184,190656650,28.610750817402856
2019-03-06,28.88762664794922,30.336622370855682,28.19543110436886,29.930535586069766,214088201,29.139893374391253
2019-03-07,28.056997299194336,28.721506264923754,27.68782662953611,28.306188161342867,168828770,28.155443397884735
2019-03-08,26.958709716796875,28.61998016742912,26.65414373156596,26.85718889528283,173942666,27.410944538597317
2019-03-11,28.056997299194336,28.149290406695044,27.041776637375758,27.50324041453469,137070511,27.749354781088382
2019-03-12,28.69381332397461,28.70304280931794,27.973929310293922,28.296954255933116,172761725,28.45692848119549
2019-03-13,26.469560623168945,27.82626339607064,26.164994622707564,27.540156367841945,228662990,26.820272880649053
2019-03-14,26.072702407836914,26.358809445787504,25.37127728226084,26.303434287552285,124268897,25.934263045295086
2019-03-15,26.19268226623535,26.608000354740827,26.063472976631225,26.349580015188028,76649889,26.288051865869136
2019-03-18,26.94025421142578,26.958711423559524,25.62969709132678,26.192681669157295,93048159,26.50955424210403
2019-03-19,26.792585372924805,27.337112726846694,26.617228658862384,26.76489691480617,79810377,26.915642252877962
2019-03-20,26.746437072753906,27.18021410078086,26.506475724564286,26.691061918662275,64278411,26.81104229936635
2019-03-21,26.672603607177734,27.032546518540897,26.6541446352423,26.92179444727274,69907815,26.78643158698698
2019-03-22,26.04500961303711,26.61722535403053,25.565088720979684,26.580307414456133,103682659,26.07577456268244
2019-03-25,26.146535873413086,26.552624464272263,25.28821302106404,25.389735608864957,89468966,25.995791119583128
2019-03-26,25.03902244567871,26.37726803257855,24.965188315664243,26.25728823143423,83267926,25.46049293130717
2019-03-27,24.614479064941406,25.50048871246739,24.180703728383232,25.24207011211132,87658664,24.76522383526401
2019-03-28,27.078691482543945,27.078691482543945,25.758904949400957,26.118846091041988,253081906,26.638762638162948
2019-03-29,26.949481964111328,27.07869124245853,25.528172860914538,26.303432051686535,235503539,26.5187820224948
2019-04-01,27.687824249267578,28.195433656366365,27.410946710912686,27.410946710912686,182826153,27.764734872182213
2019-04-02,27.59553337097168,28.056997145604466,27.217133216600363,27.697055964701164,128024176,27.62322124439217
2019-04-03,27.549386978149414,27.650907808882916,27.06946424258257,27.512469032177552,87520010,27.423253009871633
2019-04-04,27.66936492919922,27.964701435820903,27.226360169266698,27.844721640135006,87128213,27.620142178095605
2019-04-08,26.986398696899414,27.91855564197187,26.857189415916206,27.733969445986354,85599096,27.254047918262497
2019-04-09,27.872411727905273,28.42616683003562,26.940254724147206,26.986400395876554,135421968,27.74627776069603
2019-04-10,29.072214126586914,29.764409701029457,27.50323678704606,27.826261740521456,180456820,28.77995353822081
2019-04-11,28.047765731811523,28.841483932956727,27.780117676292814,28.610752061493073,107272560,28.223122447020355
2019-04-12,27.927783966064453,28.610750046249738,27.78011571955652,27.872408813710067,57095516,28.106216577290237
2019-04-15,28.1492862701416,29.5244479127531,28.0108475094065,28.44462276246832,104854183,28.56152723076707
2019-04-16,30.964218139648438,30.964218139648438,27.780119195525447,27.973933133188815,230420437,29.90285182494077
2019-04-17,31.453372955322266,32.07173273099625,30.438150526244094,31.379537060543093,231098433,31.32108540418754
2019-04-18,31.462594985961914,32.87467277142885,30.73348150011498,30.91806768295692,179225682,31.690249752501913
2019-04-19,33.67761993408203,34.0560199998273,31.010356984032114,31.333383663031675,190480098,32.91466563931382
2019-04-22,33.92681121826172,35.53270651641851,32.91159244035385,33.686851632448715,223585984,34.12370339167803
2019-04-23,32.79161071777344,34.29598342623339,32.487046494249306,33.51149651287268,160132702,33.191546879418716
2019-04-24,32.3209228515625,33.040805205658195,31.361077365642135,32.71778197515094,165363670,32.24093514095428
2019-04-25,31.056509017944336,32.63471405745256,30.96421416374904,32.25631395697359,138754300,31.551812413048648
2019-04-26,31.536428451538086,32.302459904928405,30.465832778373723,30.465832778373723,125139398,31.434907044946737
2019-05-06,26.70952033996582,28.324643343848734,26.70952033996582,27.041773018016134,150720372,27.247894674593457
2019-05-07,26.774126052856445,27.410946498552423,25.297441752266902,26.94948276463972,151192833,26.49417143455859
2019-05-08,26.663375854492188,27.475553069003254,25.657384703093328,25.758907294993353,120176842,26.598771208862924
2019-05-09,26.118846893310547,27.097151286316695,26.008096581870447,26.340351036879664,87892518,26.408031587165897
2019-05-10,28.500001907348633,28.610753987658935,25.84197134369194,26.90333767181037,184694804,27.650909079566503
2019-05-13,27.881637573242188,28.41693718712385,27.549384886444724,27.706282624223455,107826928,27.949319882270256
2019-05-14,27.641679763793945,28.324645913292017,27.327884268032054,27.410947885165765,104537582,27.764736648372672
2019-05-15,28.158517837524414,28.352331764814696,27.76165873648871,28.223122479954508,110000029,28.090836112942608
2019-05-16,27.337112426757812,27.8078038871964,26.764896620998698,27.68782409068831,128561009,27.303270978317638
2019-05-17,26.30343246459961,27.881637567510264,25.841968737150495,27.226359919497842,129306965,26.675679589753457
2019-05-20,25.749675750732422,26.42341237323345,24.457577660366834,26.266514634809774,131207354,25.543555261444236
2019-05-21,26.949481964111328,27.53092547701813,25.51894337526911,25.841968331481507,153066366,26.666450272132852
2019-05-22,27.207902908325195,28.19543507456574,26.65414604341759,26.97717102797574,147085402,27.352494675436176
2019-05-23,26.0634708404541,26.931023131813483,25.961948258174825,26.931023131813483,101868940,26.318814076814135
2019-05-24,26.072702407836914,26.37726841864742,25.841970528121543,25.888116199926802,57492006,26.09731378486863
2019-05-27,27.032546997070312,27.309424539625297,25.86042866358821,26.09116053583219,111850048,26.734133400094606
2019-05-28,27.04177474975586,27.29096559450991,26.718751536568554,27.22636095187245,78602573,27.017163960278108
2019-05-29,26.912565231323242,27.300194844134253,26.589540260589985,26.67260387478838,61918074,26.934100112015827
2019-05-30,26.19268226623535,26.737209644344958,25.795824910973455,26.67260499954289,85955653,26.241905607184588
2019-05-31,26.543394088745117,26.903335236569337,26.109618814178894,26.22036912411968,74641299,26.518782713164452
2019-06-03,27.955474853515625,28.786109252443595,26.727979587111744,27.0417750783159,189490311,27.82318789769032
2019-06-04,28.1492862701416,29.081443174263022,27.733968227591937,28.333872458017975,170128588,28.32156589066552
2019-06-05,29.616741180419922,29.810555094517092,28.29695468229187,28.74918890886296,186200549,29.241416985742962
2019-06-06,27.48478126525879,29.127591069603124,27.032547006740153,29.127591069603124,186174111,27.88163978053402
2019-06-10,28.62921142578125,28.869172786631154,27.484781538889443,27.484781538889443,138303781,28.327721917100614
2019-06-11,29.182966232299805,29.496759940285646,28.010847968851298,28.61997993435246,172058441,28.89685804714558
2019-06-12,29.044527053833008,29.625970589518523,28.61075177357062,28.619981259577624,123172331,29.093749805640716
2019-06-13,28.81379508972168,29.42292708142052,28.610751679270216,28.933776647072804,78901694,28.949157950137472
2019-06-14,27.946245193481445,29.053757131716917,27.76165899026995,28.81379577167977,100829453,28.253887105156107
2019-06-17,27.613990783691406,28.020079375312537,27.327883752486397,27.946245245958195,60967891,27.653984637163447
2019-06-18,27.687824249267578,27.900097146029292,27.254048969753057,27.64167857965658,52040628,27.61399012168331
2019-06-19,28.58306121826172,29.3490908971908,28.518456581297535,29.072213378674487,156132312,28.81686956558335
2019-06-20,29.505990982055664,29.68134769662863,28.149288216492966,28.426165757107565,176805005,29.112208965059086
2019-06-21,29.469074249267578,29.829015397431483,29.182967227915356,29.533678890184746,136264228,29.49368562487147
2019-06-24,28.88762664794922,29.339862618858035,28.54614449890905,29.229110557333687,105341311,28.924544588572104
2019-06-25,29.14605140686035,29.37678328999267,28.149289742142532,28.823026418406197,116312859,28.89070814633185
2019-06-26,29.053754806518555,29.441384393964746,28.656895733615983,28.88762758899242,73898229,29.050678311366426
2019-06-27,30.28125,30.908840928961876,29.41369772994421,29.44138442599912,188799660,30.20126288630203
2019-06-28,30.022829055786133,30.23510194845728,29.653660185323243,30.207415251361997,91352173,29.970530396522218
2019-07-01,31.287242889404297,31.859456939549446,30.936529462230013,31.859456939549446,149982319,31.361076430394586
2019-07-02,31.453372955322266,31.6748735982813,31.010364628025716,31.28724571275837,104221771,31.379537060543097
2019-07-03,30.641193389892578,31.342616733595865,30.484293885743398,31.314930035500293,88254326,30.822701336410613
2019-07-04,30.678112030029297,31.12111681304735,30.373544261316795,30.64119408460553,64136391,30.72425770146448
2019-07-05,30.715023040771484,30.964213863650635,30.58581376683904,30.724254286445895,50399860,30.755016890420382
2019-07-08,29.773639678955078,30.65965275700161,29.653661638536615,30.65965275700161,74405242,30.02898469149777
2019-07-09,29.699806213378906,30.170497673137792,28.96146318248675,29.90285138303786,69049162,29.61058902300115
2019-07-10,29.939767837524414,29.995144756831266,29.330637568250125,29.884394438906693,51306415,29.75518338753527
2019-07-11,29.58905601501465,30.179729033689537,29.570597043094946,30.08743417409102,50856399,29.779794030599714
2019-07-12,29.7182674407959,29.865935706113216,29.33063780425179,29.709036193825913,46976589,29.63828031705363
2019-07-15,30.33662223815918,30.71502232616706,29.2844855798294,29.552135367141666,77361143,30.112043381385217
2019-07-16,30.392000198364258,30.71502338683485,30.152037097767217,30.253559677197604,61354279,30.41968689432211
2019-07-17,30.004371643066406,30.44737994374096,29.93976699936158,30.37354405339886,52700121,30.130506195389646
2019-07-18,28.94300651550293,29.736724716532734,28.94300651550293,29.71826574433565,78588484,29.20757924917953
2019-07-19,28.81379508972168,29.30294728441385,28.619981165246802,28.859942519604594,64388529,28.91224117979411
2019-07-22,28.869173049926758,29.31217783076176,28.066225344361857,28.804566645753532,63732655,28.749192075016794
2019-07-23,29.13681983947754,29.229112938208235,28.712274049798555,28.77687869080671,44310247,29.026068942494778
2019-07-24,30.188955307006836,30.502750773168245,29.27525736507016,29.404468401947682,119307987,29.988987815081746
2019-07-25,30.595046997070312,30.881152259139416,30.142810988283657,30.31816593989662,97126435,30.539670081497793
2019-07-26,30.825777053833008,31.05650890746742,30.401227767422288,30.548896012920764,79024603,30.76117124290757
2019-07-29,30.770402908325195,31.38876264173651,30.62273464954869,30.90884344122961,73504028,30.927300066536798
2019-07-30,30.76117515563965,31.287243547115466,30.57658895215766,30.835007524619044,65674160,30.875002551637593
2019-07-31,30.38277244567871,30.862695181360582,30.355085746537736,30.733485891117216,60130700,30.53351779119234
2019-08-01,30.207414627075195,30.539669068107393,30.115123291539042,30.253560294843275,44568068,30.28740232890721
2019-08-02,28.979923248291016,29.450616486162406,28.444625366851017,29.17373893934136,102509620,28.95838836710148
2019-08-05,28.73073387145996,29.46907696803965,28.51846095733545,28.970695245822515,75486248,28.906090598945024
2019-08-06,28.1492862701416,28.41693606652791,27.290963489101863,28.047763690775163,99269336,27.95239527525713
2019-08-07,27.8447208404541,28.58306208580366,27.78934568713898,28.324643530103508,60518725,28.07237620446558
2019-08-08,27.909324645996094,28.14005649832114,27.706281249674014,27.94624258733338,51686564,27.918554131330414
2019-08-09,25.749675750732422,28.17697595338435,25.12208479703771,27.992389757470225,226458991,26.34957883371816
2019-08-12,26.534164428710938,26.534164428710938,25.288212007815623,25.721989039879332,107893251,26.118846955079164
2019-08-13,26.13730812072754,26.672606033130915,25.878889531505326,26.201912768033093,65657218,26.229601228454595
2019-08-14,26.4603328704834,27.22636266487805,26.368039763618285,27.198674204715136,88479707,26.68491176632658
2019-08-15,26.183454513549805,26.432643606055574,24.919043036762478,25.131315943852208,113697832,25.84504705212262
2019-08-16,26.008098602294922,26.451103403158815,25.85120084861255,25.934264468817606,82850780,26.103467618022094
2019-08-19,27.65090560913086,27.80780334634024,26.414184443317648,26.829500740393488,166797902,27.290964466262917
2019-08-20,27.549386978149414,28.029309713716255,27.41094820144405,27.724743700826636,97900042,27.663214964436573
2019-08-21,27.807804107666016,27.86318102373444,27.13406747193366,27.4109467712424,74194252,27.60168420111137
2019-08-22,27.401718139648438,27.807804974745718,27.198672961755282,27.807804974745718,67966870,27.46939869204981
2019-08-23,26.986398696899414,27.410946243528336,26.866418901749924,27.401716757694615,61911461,27.08792128072589
2019-08-26,26.6264591217041,26.681834279628365,25.657384176134578,25.795824711462032,62580064,26.32189252582235
2019-08-27,27.42017364501953,27.438632616468855,26.81104166994705,26.81104166994705,80330758,27.223282643811814
2019-08-28,27.494009017944336,28.398477477956465,27.45709107573435,28.158516134624687,94285365,27.783192523878384
2019-08-29,26.9310245513916,27.50323861176855,26.857190422299592,27.50323861176855,69537490,27.09715119515325
2019-08-30,26.589540481567383,27.30019507101768,26.478790168612093,27.189442997717904,65185228,26.789508573732387
2019-09-02,27.097152709960938,27.207903027219693,26.626459460749842,26.626459460749842,68978021,26.977171732643495
2019-09-03,27.530927658081055,27.66013694666451,26.829502536559588,27.124839059232936,92376425,27.340189047101717
2019-09-04,27.318653106689453,27.549384971171047,27.023316601808123,27.457091873309523,72144866,27.297118226556208
2019-09-05,28.2877254486084,28.813793803376985,27.420173169329047,27.420173169329047,170296180,28.173897473771476
2019-09-06,30.908842086791992,31.12111497943828,29.358321916894063,29.358321916894063,318911339,30.462759661041446
2019-09-09,34.00065231323242,34.00065231323242,30.705801122154526,30.918074043853487,275024046,32.90236858287312
2019-09-10,34.083709716796875,34.766674032295015,32.87467353572762,34.70206939490164,262426169,33.90835242827317
2019-09-11,32.72700500488281,34.31444127142813,32.49627315314954,33.8806642635492,168181583,33.17923980982016
2019-09-12,32.985435485839844,33.11464479245518,32.440908036039836,33.06849911447678,106032387,32.84699610477829
2019-09-16,32.57011032104492,33.12386537878379,32.11787432469677,33.12386537878379,108633927,32.60395000817516
2019-09-17,31.748706817626953,32.487048099753146,31.342616471940836,32.487048099753146,118955131,31.859457129773645
2019-09-18,31.397993087768555,31.97020713585212,31.379534115806,31.896374768690812,98194479,31.582578113142223
2019-09-19,32.30245590209961,32.459351855122286,31.28723726773751,31.53642454363372,101788130,32.016348341653135
2019-09-20,31.748706817626953,32.26554395477082,31.490284728366074,32.21017055904194,90691461,31.834845166921284
2019-09-23,31.093427658081055,31.37030873754895,30.465836647148393,31.37030873754895,89305247,30.9765243475928
2019-09-24,31.868682861328125,32.394751211967574,31.038050291171025,31.11188265441914,119701810,31.76716145482224
2019-09-25,31.26878547668457,31.7763949103859,30.945758731100742,31.471827137751642,66382892,31.330313039390404
2019-09-26,30.096664428710938,31.50874228749571,29.764409986481866,31.434909922938576,94827043,30.456605567562836
2019-09-27,30.641193389892578,30.807320619843956,30.004371168182633,30.004371168182633,58160238,30.48429505930639
2019-09-30,29.57982635498047,30.447380478286114,29.55213965596062,30.447380478286114,58475635,29.859782163075735
2019-10-08,29.35832405090332,30.078208153478784,29.28448991938362,29.967457836371512,48361520,29.57367404125524
2019-10-09,29.672119140625,29.71826480932137,28.610751157164334,29.072214885505694,51297191,29.333711702370234
2019-10-10,30.33662223815918,30.641189965932842,29.46907176144781,29.718262578529377,89648357,30.14896132184661
2019-10-11,30.364315032958984,30.67811051215713,29.856702110220166,30.567356681365634,65564851,30.29970921844543
2019-10-14,30.419689178466797,31.28724327096824,30.188957306323044,30.964216537553607,98858813,30.63196325191936
2019-10-15,29.57982635498047,30.475067177305963,29.55213965596062,30.447380478286114,57195402,29.869011062749014
2019-10-16,29.542905807495117,30.087433137963185,29.49676013962944,29.736723245633012,47872549,29.70903302836258
2019-10-17,29.681346893310547,29.80132844858222,29.312176262367764,29.533678640933434,40195076,29.598283868086842
2019-10-18,30.022829055786133,30.6319610367043,29.552137601722077,29.672119156949716,85296820,30.068975898070835
2019-10-21,29.51521873474121,29.95822347784541,29.14604811548771,29.95822347784541,51881816,29.53983010935811
2019-10-22,29.681346893310547,29.847474117320907,29.256801107812453,29.62596997841081,44223823,29.595207372814638
2019-10-23,29.829017639160156,30.29971265343221,29.441388004181324,29.616744728666752,62925802,29.856706098924562
2019-10-24,29.7182674407959,30.087436343744614,29.450617609692895,29.62597257454185,35848550,29.752107131411137
2019-10-25,30.779630661010742,30.779630661010742,29.570597891440155,29.718266150345304,88136251,30.376619737820548
2019-10-28,31.047277450561523,31.33338621457009,30.355081894366407,31.213404665703447,88753560,30.91191518649934
2019-10-29,31.139575958251953,32.08095892694929,30.3181675111238,30.456608046885272,126619346,31.179567465441682
2019-10-30,30.66887855529785,31.610264971079822,30.327396386658613,30.751942166122404,73187268,30.86884663767876
2019-10-31,30.825777053833008,31.37030436923777,30.44737695470012,30.761172416470465,65813585,30.8811527925903
2019-11-01,31.379531860351562,31.65640937851105,30.484291148303516,30.6042726970918,84442229,31.173410795722045
2019-11-04,31.822538375854492,32.46858830153623,31.425679286679518,31.545660842187704,98045096,31.90560198802341
2019-11-05,31.601036071777344,32.04404080615463,31.453367826984916,31.748704316569768,70219059,31.69948156830563
2019-11-06,30.659652709960938,31.721017223701697,30.53044342313067,31.508744320953543,80338219,30.9703711189311
2019-11-07,30.76117515563965,30.936530112568587,30.43814841937392,30.60427565043881,42600433,30.711951229194053
2019-11-08,30.31816864013672,31.13034587075779,30.21664956691214,31.074968950253215,63896827,30.555054692602216
2019-11-11,29.87516212463379,30.23510328554556,29.718266139903637,29.976684712724598,48646575,29.94284385002766
2019-11-12,29.985918045043945,30.01360474528944,29.441388882172614,29.727495933558714,45715344,29.81363722416867
2019-11-13,30.050519943237305,30.225874896563248,29.6259706277452,29.902851687623638,36825581,29.967455155848583
2019-11-14,30.244333267211914,30.327396879385994,29.92130654400656,30.050519345702014,44668933,30.164345563534823
2019-11-15,28.924549102783203,30.133585441710615,28.88763115639859,30.133585441710615,106881911,29.315255233630804
2019-11-18,28.94300651550293,29.17373838693304,28.518458956692402,28.84148392876345,45215377,28.87840128637612
2019-11-19,29.432153701782227,29.505987822061694,28.62920786378605,28.943003315059862,66197562,29.189116462543325
2019-11-20,28.94300651550293,29.441386442412835,28.84148392876345,29.441386442412835,44809193,29.075292295559738
2019-11-21,28.69381332397461,28.943004147211504,28.546145079170007,28.776876931720242,46962867,28.727654183452042
2019-11-22,28.333873748779297,29.19219480857586,28.10314188359492,28.703044381005416,64714262,28.543070146983357
2019-11-25,28.066225051879883,28.093913510522718,26.72797947666593,27.955474737997534,65297336,27.62937267968951
2019-11-26,28.056997299194336,28.38002229527451,27.807806437045805,28.066226785978866,39547406,28.08160867717155
2019-11-27,28.11237144470215,28.27849868013732,27.73397130191961,28.056996286338606,42622296,28.041613808919692
2019-11-28,28.2877254486084,28.333872876431137,27.97392998079128,28.01084792304947,36999431,28.198509435276936
2019-11-29,28.34309959411621,28.34309959411621,27.82626074328466,28.24157877720378,37841288,28.17081997717236
2019-12-02,28.213891983032227,28.4169371495032,28.07545321702119,28.315414566267716,32676778,28.235427449852207
2019-12-03,28.30618667602539,28.352332347182028,27.881639107937364,28.066225313252943,33969901,28.18005271038159
2019-12-04,28.776878356933594,28.887628665849938,27.97393069574022,27.97393069574022,59621444,28.546145906174583
2019-12-05,29.487531661987305,29.672117849429267,28.64766785378064,28.786106614189936,85215186,29.26910578839907
2019-12-06,29.45061683654785,29.62597179679334,29.02607102499199,29.48753478208029,48176282,29.367553219444392
2019-12-09,29.16451072692871,29.478306232549073,29.07221762050897,29.441388285843342,44010443,29.238344859995582
2019-12-10,29.60751724243164,29.810558907638256,28.92454931212982,29.136822224343977,63615020,29.44754182073324
2019-12-11,29.39524269104004,29.865935950723316,29.210656477709293,29.51522249746381,39200002,29.49061170649088
2019-12-12,30.31816864013672,30.558131774967336,29.219886121965022,29.395242849540303,120946876,30.032062179023026
2019-12-13,30.641193389892578,30.954988877501965,30.096666029649498,30.74271597716164,105139898,30.564282765681345
2019-12-16,30.964218139648438,31.102658678373214,30.35508610649988,30.825781121612806,88707147,30.807320974840508
2019-12-17,31.00113296508789,31.33338740802697,30.641191825466823,31.028819661769884,93164551,30.991904066193893
2019-12-18,31.610267639160156,32.47781824268465,30.835008379591144,30.97344891621347,131263846,31.64103142047865
2019-12-19,31.831768035888672,32.11787328078951,31.20417711314879,31.397991024989103,88462027,31.71793947660899
2019-12-20,30.79808807373047,31.850224805231665,30.770401376803225,31.564119548479937,90154046,31.139571418588456
2019-12-23,29.773639678955078,30.5581301684252,29.7274940079719,30.548898921815155,73193452,30.01975461845073
2019-12-24,30.567354202270508,30.678108024079567,29.718262692532605,29.91207659966557,67034339,30.32124163962756
2019-12-25,31.148801803588867,31.573347590613196,30.29971022954021,30.39200156734937,82451923,31.007286541247424
2019-12-26,31.287242889404297,31.425679898588857,30.871924820472767,31.17648905722994,45610528,31.194949202821974
2019-12-27,31.047277450561523,31.637950428537838,30.918068176715288,31.38875960582496,63917054,31.20109868527155
2019-12-30,31.702556610107422,31.960978691079678,30.650419876737676,30.807319374544633,86198543,31.43798505930826
2019-12-31,32.66240310668945,33.48380800442188,31.76716232028092,31.933289549113205,135154282,32.63779114379742
2020-01-02,32.7177734375,33.04079658371488,32.42243698362118,32.91158732522893,101425488,32.727002334945354
2020-01-03,33.733001708984375,34.84974321476801,33.409978470349195,33.86221100443845,179084129,33.99757446470053
2020-01-06,33.871437072753906,34.30521056678503,33.133095839701106,33.27153284051111,113853756,33.769914493080016
2020-01-07,33.779144287109375,34.05602534706531,33.28999385038136,33.871439147324324,82303154,33.708387828185344
2020-01-08,32.95773696899414,34.037563869545934,32.91159130262787,33.529954498139624,82053043,33.30229738038931
2020-01-09,34.16677474975586,34.4805702247615,33.52072482819261,33.52072482819261,97329703,34.05602326756999
2020-01-10,34.48057174682617,35.42195821339842,34.166776257968756,34.37904915915333,101287510,34.689768739397785
2020-01-13,35.034324645996094,35.034324645996094,34.31444237211729,34.775906090386016,80588354,34.79436388803649
2020-01-14,33.88066864013672,34.97895464950064,33.81606399496109,34.96972340265321,111581615,34.22522909486615
2020-01-15,34.07448196411133,34.22215374550713,33.326912934584875,33.68685410001451,78088259,33.87451621473445
2020-01-16,34.52671432495117,35.44964173649297,34.41596402135898,34.45288196278594,103244359,34.79744002760104
2020-01-17,35.846500396728516,36.31719182214945,34.82205041827801,34.82205041827801,132188178,35.66191421238532
2020-01-20,36.97247314453125,37.00938756504061,35.449641516655504,35.7172913093081,107407515,36.47716740874245
2020-01-21,35.63423538208008,36.972481113081884,35.597317432925266,36.4556403869828,94271570,36.06801130936241
2020-01-22,37.51700210571289,37.94154788610603,35.33889276882452,35.4219563798309,109041573,36.93248092021448
2020-01-23,36.151065826416016,37.378561001073216,35.348119946259885,36.87095161754207,111597708,36.29258225791637
2020-02-03,33.1423225402832,34.34212744699048,32.53319060175867,32.53319060175867,180212366,33.33921352967745
2020-02-04,35.412723541259766,35.6803733336539,33.7053092504201,33.7053092504201,134812484,34.932802041777926
2020-02-05,35.25583267211914,36.22490588333158,34.757450956402174,35.71729644133356,125489548,35.412729837284296
2020-02-06,36.19721984863281,36.538702058330514,34.665160247529215,34.97895575718606,107615505,35.80036071816418
2020-02-07,35.929561614990234,36.28027498985741,34.988175306044695,35.88341595214444,96320182,35.732670636964116
2020-02-10,37.02785110473633,37.600068701849025,35.35735454731289,35.57885518045599,102856136,36.66175811796608
2020-02-11,36.926326751708984,37.74773516241741,36.54792662751947,37.18474883895984,72843758,37.073996180548626
2020-02-12,37.04631042480469,37.1939786885137,36.344887052359134,36.68636925205703,81383347,36.86172538855917
2020-02-13,36.649452209472656,37.424711493229665,36.077238113579625,36.649452209472656,92112139,36.71713393876065
2020-02-14,36.42794418334961,37.07399052159259,36.04954410494079,36.50177654171088,85995275,36.51715960329433
2020-02-17,39.796634674072266,40.06428450654604,36.62176519314522,37.10168793805672,181386839,38.82756145792118
2020-02-18,40.17502975463867,40.17502975463867,38.86447449875286,39.54743882287431,128644050,39.73817800267673
2020-02-19,40.313472747802734,42.50080989719229,39.99044953695854,40.13811779344288,132712686,40.934910727317856
2020-02-20,41.15333557128906,41.624027026660855,40.350389667095364,40.719558538583925,108815025,41.04258408834843
2020-02-21,42.03934860229492,42.96227613920892,40.93183485386029,41.53173916113005,119112564,41.977819865121376
2020-02-24,46.247894287109375,46.247894287109375,43.562175594645055,43.562175594645055,139844618,45.352654722954604
2020-02-25,50.86253356933594,50.86253356933594,45.288050790848644,46.79242355671452,276855333,49.004372643173504
2020-02-26,47.02315902709961,49.773482683172865,46.60784092854896,49.37662355796771,206819148,47.801494212940476
2020-02-27,47.512306213378906,48.582901948573095,45.38957371505978,47.20774197595855,158842568,47.16159395900393
2020-02-28,46.1463737487793,47.069301223754884,44.669691197093925,44.669691197093925,153674147,45.96178872320937
2020-03-02,50.3918342590332,50.7610066245783,46.60783335529462,47.99222444505585,227384795,49.253558079635376
2020-03-03,48.859779357910156,52.329988642517236,48.453692535536526,52.329988642517236,243903080,49.881153511987975
2020-03-04,47.401554107666016,48.89669558180026,45.31573611173753,47.97376813740081,180091000,47.2046619337346
2020-03-05,47.90916442871094,49.52428748778804,47.4200140002966,49.37661923464283,163087649,48.28448863893186
2020-03-06,46.94009780883789,47.34618468114655,46.164838492110924,46.626302287289136,96545533,46.81704032736513
2020-03-09,47.078529357910156,49.27509775320496,45.869496608442056,46.14637414919947,154811920,47.40770790651906
2020-03-10,49.939605712890625,50.10573293830705,45.20498682990041,46.6078369997008,214192966,48.41677516036603
2020-03-11,48.43523406982422,51.95158906089437,48.36140170166128,50.02267047325047,172021577,49.582741610793285
2020-03-12,47.45692825317383,48.047604784328946,46.15560067677506,47.189281965779884,122413158,47.220044571425944
2020-03-13,46.89394760131836,47.90916644431726,45.22344755677319,45.50032510298297,128440578,46.67552053413627
2020-03-16,42.18701171875,44.946566266442154,42.18701171875,43.70984337708303,308531443,43.106863234647385
2020-03-17,38.34763717651367,42.094724118942345,37.96923703981856,42.094724118942345,307223565,39.47053277842486
2020-03-18,36.09568786621094,39.085970396323226,35.809579131008114,38.670655920971406,250871091,36.99707913118076
2020-03-19,38.54145050048828,39.5105271832289,34.84051280823938,35.671148958963066,272372530,37.63083016398552
2020-03-20,38.43069839477539,39.039830369998185,37.10168413629533,38.781411811021485,164567486,38.190737633689636
2020-03-23,37.69235610961914,39.02137033176621,36.640219410333295,36.926324658324766,122654204,37.78464861723955
2020-03-24,39.270565032958984,39.29825525245911,37.046309864117845,38.689119713103274,153814462,38.538376716511976
2020-03-25,41.40252685546875,41.67017666665624,40.15657265891778,40.49805835761447,183616505,41.07642539368092
2020-03-26,39.77817153930664,40.84876723651146,39.59358886654176,40.61803537486655,113474423,40.07350921411995
2020-03-27,40.04582214355469,40.95952188301954,39.879694918197444,40.599580734975135,89693100,40.29501298159056
2020-03-30,39.4459228515625,40.01813691507994,37.710818167860744,39.18750075780543,110433870,39.058292644834395
2020-03-31,39.50129699707031,40.977983135697144,38.83679157934286,40.14734696267649,116992366,39.77202390403677
2020-04-01,38.28303146362305,40.091968480199824,38.19074012386076,38.762954175902614,120012726,38.855246689227876
2020-04-02,39.37208938598633,39.68588489575709,38.20920221488833,38.310721288638064,121133844,39.08905883221058
2020-04-03,37.81234359741211,38.707580944536176,37.70158975432704,38.578371648292865,147845212,38.07383809875844
2020-04-07,38.47684860229492,38.73527071244727,38.024616070734474,38.57837119692378,122815760,38.41224512849222
2020-04-08,37.96001052856445,38.84602011785777,37.747737617839334,38.11690651970031,112507976,38.18458942142052
2020-04-09,37.950775146484375,38.73526557875258,37.90462947886595,38.2368839188206,86136274,38.1968900680343
2020-04-10,36.26182174682617,37.65544070069605,36.02185862903308,37.51700369029753,131575950,36.6463736921851
2020-04-13,35.541934967041016,36.05877561254771,35.126620426223504,35.809584775643884,69639755,35.57577700193741
2020-04-14,36.46486282348633,36.48332179538565,35.72652155095816,35.72652155095816,80048065,36.22490205661004
2020-04-15,36.46486282348633,37.28627122990587,36.17875756076917,36.73251263499307,88132057,36.643297204720454
2020-04-16,36.17876052856445,36.3910334417863,35.71729675529371,36.086465661496796,58102510,36.095696908548156
2020-04-17,36.91709899902344,37.73850388844148,36.75097177187272,36.82480765980144,121663427,37.13552488644588
2020-04-20,37.55392074584961,38.21842970853735,37.055542544523,37.06477027092069,87552148,37.60929766630332
2020-04-21,37.27703857421875,37.49854270794689,36.82480610219493,37.221665181303294,65346920,37.20012912812019
2020-04-22,37.452396392822266,37.46162411791906,36.82480546557904,36.9447834952809,46436000,37.246275325440116
2020-04-23,36.88941192626953,37.92308970193792,36.83403501088611,37.84002608920722,54811472,37.21551221303119
2020-04-24,35.85573196411133,37.193977543151604,35.48656307655164,36.889413298932084,87056652,36.17875752793819
2020-04-27,35.883419036865234,36.53869665939638,35.80035542832687,36.45563305085802,57272480,36.074157041529496
2020-04-28,36.16029739379883,36.18798409038833,34.609779012388714,35.65268800575488,81701872,35.65268683219196
2020-04-29,35.726524353027344,36.08646553157234,35.680378680004246,35.89265159246183,50015547,35.83112285486798
2020-04-30,37.92308807373047,38.37532406155638,36.114151163804316,36.132610134806264,152293125,37.47085443303039
2020-05-06,38.679893493652344,38.75372938760985,37.240125247683864,37.37856578850958,111979022,38.224582709648686
2020-05-07,38.95677185058594,41.23640407310823,38.9383128767194,40.06428563775297,148523363,39.71049626680452
2020-05-08,39.22441864013672,39.66742341641323,38.85524623289513,39.39977359719752,89289983,39.249029429815025
2020-05-11,39.713565826416016,39.96275665274063,39.18749747773807,39.45514727497807,80348049,39.6212733189649
2020-05-12,38.965999603271484,39.593590575692176,38.283031714217564,39.58435932924216,77251351,38.947540631060406
2020-05-13,38.54145050048828,38.80910031802024,38.29226317596016,38.48607710423269,52771925,38.54760466482289
2020-05-14,37.55392074584961,38.47684829594294,37.47085712551364,38.30149332887332,77959716,37.83387538910207
2020-05-15,37.99692153930664,38.32917598560265,37.286270498904294,37.7200440076229,78855517,37.8707893412712
2020-05-18,37.120147705078125,38.172284563434715,35.97571597802141,37.93232142550366,84353093,37.08938274884475
2020-05-19,37.258583068847656,37.76619250169404,36.963246543530154,37.47085597637654,61984422,37.329340704690615
2020-05-20,37.332420349121094,37.65544358548679,36.78789295018376,37.19397980742767,60449673,37.25858562826388
2020-05-21,36.28028106689453,37.60929539118404,36.02185897443261,37.563149720608735,83554100,36.6371451441704
2020-05-22,35.42195510864258,36.2341286974598,35.181992009596236,35.99416911910214,64568415,35.61269193856621
2020-05-25,34.22214889526367,35.117386058616525,33.945267865077454,35.071240393815,85618159,34.42826760631922
2020-05-26,34.6190071105957,34.738988664923916,34.27752493978797,34.43442443709238,58292560,34.5451735717692
2020-05-27,34.176002502441406,34.738988812814206,34.074479919169086,34.64669747566965,48546286,34.32982374480823
2020-05-28,33.48381042480469,34.14831938816796,32.67163671479314,34.14831938816796,88222884,33.434588842588596
2020-05-29,33.17924118041992,33.649932611648026,32.93927808160663,33.225386846902886,57955792,33.256150624558195
2020-06-01,35.578853607177734,35.88342136514303,33.779144319199084,33.88989815156224,121066294,35.08047309717328
2020-06-02,35.66191482543945,35.966482562944755,35.14507772522008,35.71729173790097,78415324,35.59115837120143
2020-06-03,35.71729278564453,36.52023867610259,35.34812039978238,35.698833814282544,88375709,35.86188395384317
2020-06-04,35.292747497558594,36.068006702107446,35.255829554320826,35.90187947822635,51430100,35.53886125132896
2020-06-05,35.2281379699707,35.45886982522288,34.969719418708664,35.31120157868904,43120141,35.21890907130075
2020-06-08,35.92033386230469,36.557156041831256,35.56962397402871,35.56962397402871,80681367,36.015704626054884
2020-06-09,35.76344680786133,36.06801462544639,35.54194262046405,35.938801795729034,45924432,35.79113468459059
2020-06-10,35.578853607177734,35.763439807094066,35.145080086166615,35.763439807094066,47018454,35.49579116681281
2020-06-11,35.32966995239258,35.96649229561616,35.17277393899466,35.53271516567426,60558971,35.4896453956678
2020-06-12,35.348121643066406,35.56039454016225,34.17600332551979,34.25906693922589,65071767,35.028173169582814
2020-06-15,34.69284439086914,35.486562593313074,34.61900850194925,35.02509884963069,60178978,34.93280516204382
2020-06-16,37.055538177490234,37.055538177490234,35.5880834049553,35.809584019287676,169531920,36.56638658664526
2020-06-17,36.686370849609375,37.07399873846685,36.243366039191145,37.07399873846685,92728115,36.667911875755784
2020-06-18,39.113670349121094,40.165807187278354,36.31719749325716,36.73251559271113,211994398,38.532225009885536
2020-06-19,39.54744338989258,40.78416642522529,38.67066504989173,39.19673346216789,181132823,39.6674249550032
2020-06-22,38.929080963134766,39.316708810573026,38.301490001929956,38.48607620005294,152441120,38.84909325854591
2020-06-23,36.76020050048828,38.40301016680772,36.520237401844,38.34763325465396,192694127,37.227816023046664
2020-06-24,36.66790771484375,37.28627094635728,36.54792615875506,36.62176204579083,78304558,36.834034939985365
2020-06-29,36.16952896118164,36.834037915426904,36.01263296958993,36.46486549180417,61385625,36.33873328206616
2020-06-30,37.03708267211914,37.54469210821255,36.547928688373176,36.547928688373176,96568423,37.043234489568285
2020-07-01,36.67714309692383,37.43394342093584,36.1233844437782,37.01862531124894,98502930,36.74482365387929
2020-07-02,37.32318115234375,37.43393497038423,35.56039003645017,36.04031268589351,141162988,36.772502053059384
2020-07-03,39.141353607177734,39.58435836741241,37.000162172365684,37.42470796083781,177765270,38.57529138231861
2020-07-06,41.227169036865234,41.71632299764968,39.27979500222382,39.547441296967435,198343072,40.741095678912906
2020-07-07,41.947059631347656,43.81137378392859,40.98721409365838,41.734786708324144,204152868,42.248549169644875
2020-07-08,42.50080871582031,42.6023312994605,40.894916911277356,41.808613122661384,145330957,41.99935230885273
2020-07-09,43.4791145324707,44.189769120868334,42.279309501946884,43.07302418442122,160544698,43.31606438509531
2020-07-10,41.49481964111328,43.06379709850584,41.43944624423938,42.86998316806915,151404667,41.99935432795283
2020-07-13,42.48234939575195,42.50080836723412,40.69187141024745,41.26408544343939,139174849,41.891676391077844
2020-07-14,41.34714889526367,42.454662535099686,40.72878919609611,42.454662535099686,120200149,41.51020020881982
2020-07-15,39.510528564453125,41.71632478319945,39.42746494647699,41.34715236537458,119452067,40.21810609804319
2020-07-16,36.98170852661133,39.944305267733604,36.62176732712592,39.42746806670405,132487042,37.84926037382362
2020-07-17,37.2216682434082,37.47085557340513,36.46486444464575,36.99093636544219,82119257,37.0524627538197
2020-07-20,38.05229949951172,38.172281057457404,36.82480778439918,37.45239875116116,82909449,37.68312944712277
2020-07-21,37.82156753540039,38.38455385894265,37.535458750457416,38.20919890599052,63228529,37.91386004826682
2020-07-22,38.19073486328125,38.892158102648395,37.50776707277327,37.85848045280107,82460728,38.19688667956763
2020-07-23,36.65868377685547,37.69236165733295,35.95725686030025,37.452402041052004,159589300,36.76943409816289
2020-07-24,34.99740982055664,36.48332368903263,34.74822248870418,36.271050782205926,112395286,35.409651999431155
2020-07-27,35.32966995239258,35.48656948648014,34.775914760683904,35.01587440490709,67770032,35.197384733185544
2020-07-28,35.42195510864258,35.80958293230234,35.12661861803837,35.615769020472456,48717271,35.452718886327766
2020-07-29,36.492549896240234,36.52946783685676,35.20045014017054,35.44041323348937,76750338,36.07415595775584
2020-07-30,35.92033386230469,36.67713759344606,35.883419440852144,36.64944737649573,55269586,36.16029696553429
2020-07-31,36.151065826416016,36.6217607883856,35.84650160457283,35.9018785179483,62535727,36.20644273979148
2020-08-03,36.455631256103516,36.520235890598485,35.92033168950112,36.17875374816955,102062241,36.29873294540104
2020-08-04,35.883419036865234,36.64021923879757,35.63422821125014,36.51100996344649,90145779,36.05262216230432
2020-08-05,36.123382568359375,36.54792838258071,35.72652345311666,36.45563703885923,79926419,36.132611468018915
2020-08-06,35.726524353027344,36.021860885202166,35.28351955476511,36.021860885202166,72023429,35.67730159766487
2020-08-07,35.911109924316406,36.446409579751766,35.329664596682264,35.80958733306562,79119251,35.89572803358348
2020-08-10,35.385040283203125,35.62499988269198,34.88665859116205,35.44964492616893,61024890,35.29889958568572
2020-08-11,35.1081657409668,35.606547475623096,35.02510211852408,35.39427103551115,50117807,35.24660511170466
2020-08-12,35.831851959228516,35.8596885344777,34.31953135089722,35.09888821122093,91461575,35.33702394820114
2020-08-13,35.44217300415039,35.82257314115125,35.25661118479202,35.82257314115125,45750999,35.50711911003122
2020-08-14,35.58134078979492,35.776182641672754,35.256610268827245,35.256610268827245,36941652,35.538044566764974
2020-08-17,37.32561492919922,37.455507133221104,35.95246321064383,36.18441458619637,137645704,36.91119509102138
2020-08-18,36.880271911621094,37.288505093854226,36.68543358868919,37.112223307291664,71018283,36.95140353138817
2020-08-19,35.85968780517578,36.83388297594318,35.766905121728065,36.83388297594318,68556737,36.15349196761568
2020-08-20,36.04524230957031,36.04524230957031,35.25660904918888,35.59989609366463,37237685,35.78236455610983
2020-08-21,36.07307815551758,36.52770085999818,35.831846748028376,36.25863995990227,39311191,36.14420858784805
2020-08-24,35.711238861083984,36.15658512137272,35.62773621607376,36.06380243841832,43156602,35.83185339951015
2020-08-25,35.460731506347656,35.90607777392423,35.32155924928731,35.748348979969336,40081071,35.56278950985307
2020-08-26,35.29372787475586,35.79474377659727,35.19166868668101,35.45145313683685,45199064,35.426713446011384
2020-08-27,36.07307815551758,36.22152689116592,35.238051805435006,35.432890107355256,59728437,35.84421895070617
2020-08-28,36.02669143676758,36.07308100670609,35.42361640967502,35.878239150088646,47875132,35.84112961771623
2020-08-31,36.20296859741211,36.973045270133504,36.18441206394574,36.49986605428022,78802650,36.45347531049712
2020-09-01,35.878238677978516,36.15658317254155,35.61845425830344,35.99885438966935,48858879,35.88442536960783
2020-09-02,36.03596496582031,36.50914420308077,35.804013595942294,35.989575399704115,49880565,36.11637425494779
2020-09-03,34.959716796875,35.720517138499225,34.74632192439968,35.720517138499225,93796140,35.14218528659131
2020-09-04,34.774147033691406,34.79270356697608,34.254574719611036,34.33807734974365,41552586,34.60714177342617
2020-09-07,33.957679748535156,34.922598314109194,33.86490061462488,34.7741495762745,52442149,34.24839289242308
2020-09-08,33.6143913269043,34.16179668883101,33.19687816284207,33.966958392034286,45818666,33.657688726192454
2020-09-09,32.27835464477539,33.30821933043149,32.10206933216573,33.13193401782183,65026144,32.56288110245754
2020-09-10,30.60830307006836,32.695865313286,29.87533592190736,32.62163917910909,97150631,31.059834768420572
2020-09-11,31.267047882080078,31.35055052352378,29.96811869057751,30.6083067880783,58150217,30.861905698727124
2020-09-14,31.06292724609375,31.443327353776105,30.895921975472515,31.34126818403012,38905034,31.134058858447457
2020-09-15,31.183544158935547,31.331992900875225,30.840257106818267,31.100041520388405,28317181,31.118598055543014
2020-09-16,31.202102661132812,31.499000163729175,30.942314691887937,31.17426608699743,29437175,31.214472505583306
2020-09-17,31.100040435791016,31.443327475936343,30.61758115648828,30.988704768043327,35412000,31.053649689405216
2020-09-18,31.285602569580078,31.35982516909103,30.905202456431557,31.081484227155034,40307225,31.183543398367558
2020-09-21,32.296913146972656,32.65875675277361,31.452610220337966,31.47116321714544,66006727,32.13609337336141
2020-09-22,31.795896530151367,32.092794022138584,31.628891248496394,31.916512242301575,30724043,31.83919393359545
2020-09-23,31.56394386291504,31.99073354792146,31.387662090229032,31.795895240326853,24393016,31.647446500355176
2020-09-24,30.784587860107422,31.33199326600748,30.64541561447459,31.183544522337833,29573661,30.9206655801965
2020-09-25,30.728914260864258,31.007255176663122,30.636135135363556,30.784583859742735,20561987,30.790768190963647
2020-09-28,30.246458053588867,30.82170001510276,30.227905058066465,30.710360806185612,21292431,30.4320210422527
2020-09-29,30.534080505371094,30.784588428557587,30.311405616106224,30.367075223246765,24901849,30.543358183344967
2020-09-30,30.701086044311523,30.803145221940934,30.339242443114404,30.52480426250448,22292890,30.61449123645562
2020-10-09,30.97014808654785,31.489716893102504,30.858808880031525,31.229932489825178,38689513,31.10622461989396
2020-10-12,32.34330368041992,32.36186021707718,31.44333111867926,31.545390300645415,71537358,32.04949833872545
2020-10-13,33.15977478027344,33.651510631698784,32.61236931688956,32.751538037839474,71701079,33.141218242953926
2020-10-14,32.70514678955078,33.15977308235597,32.38041625133094,33.0113243306987,44673372,32.74844537441256
2020-10-15,32.250518798828125,33.02987558882176,32.21340926734061,32.751534636530586,32793455,32.4979345516635
2020-10-16,31.981456756591797,32.45463600487834,31.647446209896774,32.36185687048399,27460078,32.02784632378897
2020-10-19,32.00929260253906,32.84431904267209,31.944346494895093,32.473195393880204,29243400,32.26598604670208
2020-10-20,32.324745178222656,32.33402167633848,31.57322141613973,32.00001465470999,20579533,32.07732942356696
2020-10-21,31.66600227355957,32.361856389056705,31.59177613571062,32.334019817714825,25545594,31.8732115994423
2020-10-22,31.248491287231445,31.498999211089153,31.044372933133168,31.47116263779565,21985916,31.263954477151255
2020-10-23,31.016538619995117,31.434051809206125,30.951592517150868,31.07220822498897,18450100,31.134060982117372
2020-10-26,31.072208404541016,31.33199281741919,30.617582142707032,30.849533522576024,18013797,31.007261121555747
2020-10-27,30.96086883544922,31.13715414725884,30.747473993156063,30.895922732981614,14283111,30.948498991954708
2020-10-28,32.0000114440918,32.12990364046455,30.81241806447615,30.97942332818309,48765978,31.647444383010832
2020-10-29,30.69181251525879,30.94231692547814,30.17224007856079,30.803148201944907,73448292,30.60212317309924
2020-10-30,29.949562072753906,30.90520419761389,29.68977765088381,30.68252930794145,53923950,30.181514640417202
2020-11-02,28.882587432861328,30.08873576978577,27.982616641564764,29.810394798767913,58591682,28.984646614737287
2020-11-03,29.65266227722168,29.856780615299343,28.31662366080602,28.31662366080602,38602965,29.27535551777568
2020-11-04,29.35576629638672,29.90317169867219,29.31865499553866,29.782555989206656,27559654,29.525864330199187
2020-11-05,32.287635803222656,32.287635803222656,29.90317557391011,30.227909673893272,139526810,31.492815726785143
2020-11-06,33.2154426574707,34.217474491377125,32.51031189750891,33.094826927989864,212101714,33.314409682118914
2020-11-09,35.321556091308594,36.11946940994784,33.772122561767375,34.28241489320263,217356615,35.07104935434127
2020-11-10,33.920570373535156,34.88548540422088,33.51233368815167,34.88548540422088,129793299,34.10612982196923
2020-11-11,33.3267707824707,34.319525891492155,33.076266420160074,33.735007454407715,87647868,33.57418769804098
2020-11-12,33.493778228759766,34.18963237649824,33.308219954133946,33.6793400426828,64939219,33.66387685313065
2020-11-13,33.23399353027344,33.354609239192456,32.4731932850252,32.91853951107559,74958504,33.02059868483036
2020-11-16,32.630916595458984,33.34532723020099,32.29690960014443,33.252548099163114,56881060,32.75771780860147
2020-11-17,32.937095642089844,32.98348520978266,31.851564893030076,32.630918124582436,61419848,32.59071524830086
2020-11-18,33.15049362182617,33.493780702393565,32.43608288600392,32.714423857796326,68749582,33.026785736741225
2020-11-19,33.67933654785156,34.31952456249027,32.65875198612452,32.84431378079221,84869025,33.552537698822114
2020-11-20,33.60512161254883,34.11541400971374,33.271111013881566,33.72573379816938,62991119,33.663882212048044
2020-11-23,33.16904830932617,33.80923286268782,32.84431778355518,33.67934065237942,58399821,33.274199651856385
2020-11-24,33.93912887573242,34.133967192707374,32.8535945367484,33.02059981966902,81833271,33.6422302017294
2020-11-25,32.97420883178711,33.68861950260333,32.85359312390978,33.58656032972999,72649034,33.17214048610007
2020-11-26,33.122657775878906,33.400998724053245,32.788647222350825,32.97420903423278,37489694,33.10410124076099
2020-11-27,32.46391677856445,33.07626828163505,32.157739257380555,32.91853950242896,55770352,32.56597477252669
2020-11-30,32.222686767578125,33.05771318971988,31.897956236354858,32.25051980188373,63235227,32.39278539788429
2020-12-01,32.52886199951172,32.65875420280636,32.120625315674744,32.20412795197802,42900011,32.43608050599761
2020-12-02,32.91853713989258,33.33605030277096,32.361855282252705,32.47319094592129,59015736,32.87214757497208
2020-12-03,32.52886199951172,32.92781864637217,32.33402015527266,32.91853860939564,42145910,32.596900267052185
2020-12-04,32.296913146972656,32.47319493102258,32.11135132522163,32.32474618148123,27151987,32.29381980107229
2020-12-07,31.369104385375977,32.343299426312505,31.29487824850991,32.1484611259846,56581610,31.66909402006613
2020-12-08,31.359827041625977,31.638168000182066,31.267047901873052,31.313437471749513,22875731,31.42168098122703
2020-12-09,30.469133377075195,31.452608501089216,30.432020306894174,31.369105862830505,47545237,30.78458739501953
2020-12-10,30.469133377075195,30.766030859929018,30.153679359130862,30.385630738816484,31550865,30.462947865378357
2020-12-11,29.847503662109375,30.55263788142828,29.68977841315225,30.46913523806939,45646271,30.029973318896634
2020-12-14,30.16295623779297,30.348518051743362,29.689776974551826,29.86605875119123,28861407,30.067083754696053
2020-12-15,30.50624656677246,30.942312755567755,29.98667420009412,30.200069045525264,32955592,30.47841117414478
2020-12-16,30.15367889404297,30.72891731578767,30.10728932668079,30.617581646259012,23610521,30.329961845503806
2020-12-17,30.44129753112793,30.459854064503705,29.70833038962064,30.15367657274869,29537371,30.203160661750758
2020-12-18,30.44129753112793,30.905200247631754,30.404184464376378,30.534076658709957,30619599,30.583560747712017
2020-12-21,30.04234504699707,30.41346514770519,29.83822669106434,30.153680723279773,35469136,30.098012295255533
2020-12-22,29.24443244934082,29.968119672704972,29.1423732687541,29.903173564931134,54599592,29.4516417969333
2020-12-23,29.49493980407715,29.652665051495944,28.650635110611006,29.133094429834895,51101525,29.266079988728034
2020-12-24,28.919696807861328,29.643385717469883,28.808359371902895,29.476380448356487,29798371,29.123813965744702
2020-12-25,28.799083709716797,28.901141111852922,28.502184461765765,28.901141111852922,31797353,28.734136427778495
2020-12-28,28.363014221191406,28.826916977232216,28.30734638596811,28.799083944444856,31469254,28.499092528130575
2020-12-29,31.202102661132812,31.202102661132812,28.43724068649459,28.43724068649459,160507339,30.28048200292007
2020-12-30,31.02581787109375,31.164990126280028,30.246461028505035,31.164990126280028,114045943,30.81242300862627
2020-12-31,31.22065544128418,31.601055541925724,30.450575203306638,31.01653710557023,105116223,31.09076206217218
2021-01-04,31.851566314697266,31.990735023987373,30.357798808954595,30.617583231067304,129647346,31.40003338254641
2021-01-05,32.01856994628906,32.59381197103124,31.220660097129205,31.526834107061966,125476595,31.94434733814984
2021-01-06,31.202102661132812,32.35257959886937,30.91448165704997,32.2876334913825,91774305,31.489721305684053
2021-01-07,30.311403274536133,30.90520175360548,29.884613603986903,30.89592171681696,92104324,30.36707287737617
2021-01-08,31.452608108520508,32.51958231817886,30.04234331291817,30.200068550273137,133819219,31.33817791320585
2021-01-11,32.40824508666992,32.51958075116128,31.248488258602137,31.72166748716313,148815767,32.05877136547778
2021-01-12,32.77009201049805,32.79792504465023,31.87939952465488,32.565973655255824,133362914,32.48247219326772
2021-01-13,34.06901931762695,34.55147860552962,32.66803102136598,33.06698767214516,202807344,33.76284298150751
2021-01-14,33.3174934387207,34.20818581783528,32.9370933472678,33.772119664748274,140349436,33.48759086794126
2021-01-15,32.56597137451172,33.37316470136688,32.222684333253206,33.32677159529926,88885676,32.720606803043935
2021-01-18,33.707176208496094,34.03190672446926,32.56597230539685,32.751534117080304,112508346,33.4350184127874
2021-01-19,33.27111053466797,34.412311037478965,33.048435625664496,33.79995946184142,101941151,33.577285732603805
2021-01-20,33.28038787841797,33.484506255243936,32.55670059955892,33.02987992666729,70012182,33.10719824440694
2021-01-21,32.77009201049805,33.27110786102132,32.194853555803164,33.27110786102132,93743220,32.745351142440846
2021-01-22,31.434053421020508,32.84431829950319,31.359827277222678,32.84431829950319,101234457,31.879399665915457
2021-01-25,33.122657775878906,33.49377786034563,31.962900875738168,32.43608013370483,146625985,32.8597788373209
2021-01-26,31.573219299316406,33.22471545769183,31.396937532556507,32.74225618417855,99995649,32.064957429854914
2021-01-27,31.47116470336914,32.05568323073466,31.434055168704333,31.60106046223734,54517394,31.65363436760271
2021-01-28,30.172237396240234,31.081486425155983,29.875339898606413,31.081486425155983,82246204,30.37635457333421
2021-01-29,29.866056442260742,30.47840790344839,29.5042128796449,30.43201833837145,50997069,29.949559075118014
2021-02-01,29.986675262451172,30.246459685345297,29.42071330746271,29.671221232095174,37325635,29.884616085086392
2021-02-02,29.429990768432617,29.940284871616118,29.244430724260205,29.921728336304295,53298777,29.538235454769648
2021-02-03,29.63410758972168,30.422742603328498,28.910418676709213,29.133091780024927,65950621,29.655756289919797
2021-02-04,29.216594696044922,29.411434769350905,28.3630135736321,29.133092060292146,86894997,28.99701434634264
2021-02-05,28.659912109375,29.355766253329257,28.60424427336027,29.142371407232282,49682310,28.873307545354844
2021-02-08,28.687747955322266,29.170207270722255,28.270234745909068,28.928977613022262,52464923,28.709396657317864
2021-02-09,29.411436080932617,29.671220497394113,28.511463582052112,28.632079292250904,57652854,29.198040053459618
2021-02-10,29.884613037109375,30.09800786833613,29.095979811301937,29.420710306799833,59296444,29.69286690558248
2021-02-18,30.116567611694336,30.77530870950263,30.06090154327508,30.515524285419886,70531931,30.31759262149068
2021-02-19,30.57119369506836,30.617583264882963,29.643388141587057,30.033064775186496,56051236,30.27738836717946
2021-02-22,30.33924102783203,30.933035990742727,30.302127957825824,30.626858472137247,69551049,30.524801658800197
2021-02-23,30.014507293701172,30.60830580222948,29.782555912639193,30.24645867476315,54616318,30.135123002856616
2021-02-24,29.76400375366211,30.41346480745992,29.513494060706893,30.023788175181235,51842852,29.896987540609643
2021-02-25,29.671218872070312,30.200067713353317,29.65266233772566,30.14440164961639,40821020,29.84131630771643
2021-02-26,29.467103958129883,29.921728457215004,29.12381513206838,29.207317771660406,44885586,29.504215849137754
2021-03-01,29.754722595214844,29.782555628101267,29.160927631656754,29.467103380947467,45016766,29.56606861832429
2021-03-02,29.828947067260742,30.302126296355347,29.56916090040714,29.884613129920716,55511508,29.900078088007746
2021-03-03,29.995954513549805,30.190792825611954,29.61555261779533,30.03306404492077,45584066,29.934099985652363
2021-03-04,29.34648895263672,30.15368056486466,29.13309409950874,30.005231817501834,62162407,29.544421205670037
2021-03-05,29.420711517333984,29.60627332495225,28.761970462621377,28.789805264658682,37636755,29.262985101635874
2021-03-08,29.309375762939453,30.023786419641585,29.20731659208242,29.429989698785317,45703515,29.513492924887817
2021-03-09,28.641359329223633,29.225876072018565,28.279513945923224,29.170208232144933,52365229,28.71558311572181
2021-03-10,28.53929901123047,29.021758323313303,28.29806935518905,28.910420878352397,43488654,28.619708896577606
2021-03-11,29.133092880249023,29.37432252702999,28.353736104387007,28.594965751167972,52266869,28.95371717055534
2021-03-12,28.706300735473633,29.179481721017797,28.492904139888154,29.179481721017797,38224929,28.792895532126526
2021-03-15,26.182668685913086,28.196006546595576,25.839381666657346,28.196006546595576,137720729,26.739352299722004
2021-03-16,26.488845825195312,26.66512936242301,25.79299171311857,26.256894454503065,58866736,26.315655633578967
2021-03-17,28.325902938842773,28.48362994678236,27.323873055946738,27.704273174568936,112331669,28.044468647190627
2021-03-18,28.251678466796875,28.363014136912643,27.926946184603512,28.2052871295415,53867157,28.180546262771013
2021-03-19,27.398096084594727,28.019725818429745,27.351704749443762,27.834164017122863,46781808,27.58984221748941
2021-03-22,27.51871109008789,27.694994631240714,27.249648414311164,27.351705816327172,33248868,27.487784711879925
2021-03-23,27.565099716186523,28.09395032158733,27.509431883383254,27.648602350215675,37726011,27.72282730705237
2021-03-24,26.952749252319336,27.56510074495461,26.906359684860035,27.5558242471816,34157404,27.141403227377992
2021-03-25,26.795021057128906,27.166144658938748,26.70224192632493,26.97130459102373,25757638,26.887802547464194
2021-03-26,27.351707458496094,27.509434474334483,27.045531694768474,27.091923034514274,38267511,27.302224542533015
2021-03-29,27.1383113861084,27.490876704103062,27.091921818094143,27.351706230411708,28458054,27.240369969435204
2021-03-30,27.203256607055664,27.416651444439125,27.026973068950465,27.156867040545702,25426372,27.21562704014842
2021-03-31,27.203256607055664,27.203256607055664,27.203256607055664,27.203256607055664,0,27.203256607055664
2021-04-01,27.268203735351562,27.797052599942877,27.212535899512634,27.797052599942877,36551110,27.425930744935687
2021-04-02,27.463043212890625,27.694994588388607,27.27748140463282,27.27748140463282,29682633,27.47850640197068
2021-04-06,27.277482986450195,27.481601341300287,27.212536880688315,27.472323073384498,23166968,27.323873736146265
2021-04-07,27.008419036865234,27.212535612554618,26.767189391242198,27.212535612554618,31747742,26.996048013554017
2021-04-08,26.78574562072754,27.026973493950887,26.720797749084348,26.90635955733921,26839333,26.844505621254257
2021-04-09,26.26617431640625,26.85997106479102,26.145560374968706,26.795023190549205,38656981,26.42390191872199
2021-04-12,25.99711036682129,26.340397408601085,25.987832099523384,26.2940078417601,25590610,26.10844662498192
2021-04-13,25.99711036682129,26.201226938429585,25.848661629351884,26.006388634119194,23588848,26.01566631153425
2021-04-14,26.052778244018555,26.13628088018917,25.811548602819947,25.97855387516118,32701281,26.00020257567589
2021-04-15,25.737323760986328,25.98783166489458,25.681655927778444,25.98783166489458,25397906,25.802270451219783
2021-04-16,26.312564849853516,26.405343985205057,25.70021335436075,25.783715991895996,37768398,26.139374063139773
2021-04-19,26.832136154174805,26.980584898264816,26.127003734922933,26.164116805769748,46675442,26.64657492912085
2021-04-20,26.516681671142578,26.924916595141333,26.49812513604068,26.75791131852145,29867868,26.64657446744153
2021-04-21,26.256895065307617,26.470291676241526,26.173392428344034,26.470291676241526,20996111,26.30019305663106
2021-04-22,27.398096084594727,28.06611538393222,26.17339138133659,26.17339138133659,76505874,27.212534283287848
2021-04-23,27.082643508911133,27.518711464379695,27.036252171319635,27.212535714870153,42719800,27.212535714870153
2021-04-26,27.036252975463867,27.676439296079025,26.93419556902423,27.091922582229454,45461184,27.215629280189038
2021-04-27,27.026973724365234,27.18470073183198,26.702243211623614,27.008418959100407,28923576,26.97130588927361
2021-04-28,27.42593002319336,27.435208290530444,26.822856803471115,26.98986207624158,31594722,27.227998372398304
2021-04-29,27.082643508911133,27.806330678852635,27.054808706356233,27.509433196861394,45919382,27.314594298040003
2021-04-30,26.859968185424805,27.22181174059674,26.692962923145934,27.064084745072073,33498152,26.924914283055827
2021-05-06,26.461013793945312,26.887803482727374,26.423900723799786,26.76718954405158,26568483,26.590906000157492
2021-05-07,26.10844612121582,26.683686308043555,26.080613088878838,26.451734933776468,28147320,26.29091517271274
2021-05-10,26.284730911254883,26.33112048045516,25.746603768148006,26.089892597035377,25772176,26.120818386619348
2021-05-11,26.386791229248047,26.43318080045633,26.080615458186728,26.089893726358124,23095984,26.300195829297035
2021-05-12,26.516681671142578,26.590906041901572,26.210505920555658,26.284730291314652,24001537,26.439364544533266
2021-05-13,26.14556121826172,26.67441010946205,26.12700468216554,26.321844771878055,32051095,26.315658669963103
2021-05-14,26.98058319091797,27.12903192561406,26.07133424849228,26.30328561766099,46844603,26.726983121674767
2021-05-17,27.0455322265625,27.37026453257362,26.859972172876645,26.87852693949114,41076828,27.09192297733759
2021-05-18,27.333148956298828,27.694994301690887,26.869246210105175,27.166145454173886,49662576,27.299129822698294
2021-05-19,27.017698287963867,27.26820444054175,26.906360843758087,27.26820444054175,31307841,27.06408785742123
2021-05-20,26.989864349365234,27.28676185056293,26.878526901591748,27.008420885602263,29818447,27.05171770050664
2021-05-21,26.63729476928711,27.166145385108123,26.63729476928711,26.95274877746868,29676982,26.813578307894115
2021-05-24,27.305316925048828,27.53726830664843,26.33112006054134,26.61874104787184,55641601,27.05790176407953
2021-05-25,27.750661849975586,27.908388852843206,27.231091275090456,27.296037375745033,73794344,27.630047325969752
2021-05-26,27.611492156982422,28.196008848938984,27.555824321950503,27.648603457120846,55079413,27.787775109290635
2021-05-27,28.335182189941406,28.70630405396204,27.65788279724903,27.676439332862223,74432629,28.233123013717492
2021-05-28,29.105260848999023,29.550607087776168,28.16817703220838,28.20528833394882,105784698,28.941348322994525
2021-05-31,29.17020606994629,29.791835839678733,28.845473783731087,29.114536464550362,70104585,29.26917189778537
2021-06-01,29.281539916992188,29.67121828224097,29.133091184482982,29.281539916992188,57756194,29.361949794572045
2021-06-02,28.520740509033203,29.34648682765257,28.39084830690841,29.327932062812263,56710663,28.75269188119806
2021-06-03,30.413463592529297,31.081484694661285,28.585687368454046,28.585687368454046,162961179,30.02687855188154
2021-06-04,30.61758041381836,30.97942397969415,30.218623779827876,30.645413445255887,79614244,30.605209391113462
2021-06-07,31.211374282836914,31.805169195248574,30.710358498253257,30.710358498253257,80881787,31.242300658779584
2021-06-08,30.821701049804688,31.26704728253243,30.63613923467715,31.17426460532004,54667618,30.908295855671422
2021-06-09,30.56191062927246,30.951590763557398,30.181510531609305,30.80314203128146,45073162,30.565003974813056
2021-06-10,30.719640731811523,31.220656552229933,30.56191195606627,30.69180769933176,51868262,30.83406974670258
2021-06-11,30.107288360595703,30.719639832299816,29.96811612367781,30.663970229673257,51155042,30.26501477219111
2021-06-15,29.921730041503906,30.87736865909149,29.875340470229276,30.543358083038278,43555465,30.224813056941557
2021-06-16,29.661941528320312,30.218625188450723,29.40215711800174,30.135122550948733,41781362,29.76090794492426
2021-06-17,30.432018280029297,30.487687881593065,29.467101525020762,29.764000757748782,57863644,30.12893589554771
2021-06-18,31.684560775756836,32.00929130077038,30.16295670902934,30.181513244644012,126583430,31.285602928518852
2021-06-21,31.00725746154785,31.962899513249567,30.95159139786418,31.471160201829278,70245279,31.307249457553866
2021-06-22,30.3485164642334,31.267045448626753,30.23718079740594,30.99798100943812,55048744,30.617580903422027
2021-06-23,30.61758041381836,31.164985780970625,30.162954177655838,30.357796015609477,49963080,30.64850679081494
2021-06-24,29.931005477905273,30.858811027663364,29.801113267226707,30.663972711645517,52965838,30.196976590931783
2021-06-25,29.995954513549805,30.20006932363039,29.61555261779533,29.801112662190434,40260640,29.937192151658508
2021-06-28,30.97942543029785,31.109317635484462,30.107289524546943,30.107289524546943,69953847,30.732010863443083
2021-06-29,30.190792083740234,30.89592271262266,30.190792083740234,30.89592271262266,45705214,30.425835626701044
2021-06-30,30.830976486206055,31.007258257893433,29.717609173077115,30.070176255748986,64380714,30.518614639058868
2021-07-01,30.44129753112793,31.452605594678143,30.43201749479162,30.92375678100753,54784838,30.77530687353256
2021-07-02,29.45782470703125,30.320684107577826,29.327932502957076,30.320684107577826,54167758,29.702147105855385
2021-07-05,29.773277282714844,29.819666847745985,29.10525799016464,29.365042385776597,38878360,29.566067373541824
2021-07-06,29.160926818847656,29.68977566473193,28.65991100507401,29.68977566473193,54645243,29.170204496217867
2021-07-07,28.910419464111328,29.123814306061497,28.64135678722819,28.947532533832348,44239973,28.891863519133675
2021-07-08,28.789804458618164,29.114534958385686,28.687745290320656,28.86402882565767,39025732,28.864028235774835
2021-07-09,29.01247787475586,29.272262277390634,28.530018598936252,28.76196996965931,47829194,28.938252917027583
2021-07-12,31.91651153564453,31.91651153564453,30.524803245531494,30.617582382486813,98988864,31.45260877227352
2021-07-13,33.02059555053711,33.81850879037645,32.31546497771214,33.17832077551626,253710051,33.05152310620857
2021-07-14,33.4288330078125,34.282415958687196,32.91854066051756,33.1133789775997,157321988,33.54326320900575
2021-07-15,33.2154426574707,33.72573507393884,32.797929393343026,33.43811757810473,94484655,33.24636904158419
2021-07-16,33.28038787841797,33.84634989467345,33.09482603942143,33.308224454810954,98088307,33.40718793750428
2021-07-19,35.2009391784668,35.711235031753105,32.45463576485812,32.899981977392194,189379491,34.455603325026004
2021-07-20,34.57931137084961,35.07104715272184,34.08757558897738,34.69992707671723,102312184,34.57931137084961
2021-07-21,34.319522857666016,34.73703245080745,33.82778359532927,34.51436113970491,98710738,34.29477963460091
2021-07-22,34.45869827270508,35.02466023618667,33.92057288302082,34.24530341651155,94003287,34.46797713063752
2021-07-23,33.744285583496094,34.746317238379056,33.5030577069301,34.73703720122431,78872205,33.99788684293508
2021-07-26,33.5401725769043,34.12468753432381,32.46391826351146,33.40100032649164,88755397,33.37625945824652
2021-07-27,34.11540985107422,35.98957745123847,33.22471738940128,33.72572968703154,187140444,34.44323489723799
2021-07-28,34.597869873046875,35.395783213813104,32.50102734415459,33.994794848710356,149183810,34.16489347700486
2021-07-29,34.83909606933594,35.51639366452315,34.37519331597781,35.36794492502043,136868903,34.91022768327897
2021-07-30,35.99885559082031,36.30503312933678,34.42158540595682,34.560757657882014,168116867,35.57515804203797
2021-08-02,37.80807876586914,38.09569978032103,36.28647812538312,36.92666272481759,178367319,37.39675222385776
2021-08-03,36.92666244506836,38.67093797696373,36.657597969648286,37.47406789468617,136079220,37.41839946389346
2021-08-04,38.09569549560547,38.33692337079352,36.852435971258274,36.870992506164605,121018602,37.761684945885754
2021-08-05,37.39056396484375,37.937969395668624,37.01944385842017,37.76168761056472,86233134,37.44932573964418
2021-08-06,36.7874870300293,37.631789836982584,36.32358431105943,37.60395326712252,86340503,36.9142870593571
2021-08-09,36.852439880371094,37.390565292547706,35.99885688062188,36.79677026974696,88998672,36.747287351180226
2021-08-10,37.019439697265625,37.177164928424695,36.50914385693453,36.741095224613396,62077147,36.90191616087495
2021-08-11,34.06901931762695,36.731820129213595,33.88345750854175,36.731820129213595,211800382,34.8947656517941
2021-08-12,33.86490249633789,34.69064886763226,33.438112793760595,33.56800500417131,103502488,33.99788805257692
2021-08-13,32.937095642089844,33.77212201774901,32.47319288656745,33.77212201774901,118405933,33.06080351546877
2021-08-16,33.03915786743164,33.48450412916776,32.57525506904433,32.890709113519605,60822232,33.032972355214575
2021-08-17,32.48246765136719,33.243271385986525,32.343298955713756,33.16904525020046,65255913,32.68967933102249
2021-08-18,32.668033599853516,32.705146672459314,32.14846474056195,32.482471776121926,53920722,32.507215004291595
2021-08-19,33.670066833496094,33.70717990776527,32.47319673304667,32.640202027960434,91006823,33.28348115810268
2021-08-20,33.00767135620117,33.502132209736445,32.82108121332963,33.47414493392455,56777503,33.11029492642242
2021-08-23,33.110294342041016,33.287553010888445,32.531864574181625,32.97967875777837,49220489,32.97657064237036
2021-08-24,32.690467834472656,33.054316640684206,32.559855807515774,32.7557738479511,56917164,32.76821342755755
2021-08-25,31.86947250366211,32.91437224965952,31.542942445197518,32.66247610788224,102374101,32.108929066173054
2021-08-26,31.62690544128418,32.09337895187002,31.412324494573497,31.841482829084413,56204684,31.710869629242566
2021-08-27,32.11204147338867,32.27997225701789,31.440321897782983,31.720205350861285,59983149,31.94411187606318
2021-08-30,30.600664138793945,32.40125232477546,30.26480261369117,32.382592955724114,133339146,31.08890635908686
2021-08-31,30.973846435546875,30.992505805823278,30.29279543555751,30.628656982710837,65312931,30.753049225642556
2021-09-01,31.458980560302734,31.85081667400077,30.488714623177437,30.973847591740086,80363728,31.266170619160317
2021-09-02,30.927196502685547,31.53360995712588,30.684628273780934,31.468303947554006,56448582,31.048478244530788
2021-09-03,31.011165618896484,31.46830774100733,30.72195071384909,30.73127861966499,49625039,31.067141357917635
2021-09-06,31.654895782470703,31.77617990347821,30.815241958435355,30.97384481804683,58871479,31.415439214794755
2021-09-07,31.57093048095703,31.813495164682738,31.300374963751235,31.79483935424375,51814823,31.561600203130336
2021-09-08,32.31728744506836,32.597170867360916,31.393671795611837,31.720201861801357,82134239,32.102710036013704
2021-09-09,32.32661819458008,32.68113552748863,31.9720973027608,32.186674707071994,51701259,32.32661700827651
2021-09-10,32.830413818359375,33.05432273363809,31.972104020765833,32.373271639744566,74949561,32.618946857587765
2021-09-13,31.888134002685547,32.578512903530985,31.878802538157093,32.578512903530985,55874500,32.11514981479121
2021-09-14,31.25373077392578,32.29863062718581,31.09513146036527,31.813497662730168,47287463,31.549164287158955
2021-09-15,31.5242862701416,31.888135103268098,30.95518791723664,31.11378723058467,38051785,31.45586976354878
2021-09-16,31.654895782470703,32.186675351389496,31.253728239755016,31.514952292161215,45528600,31.698433124538408
2021-09-17,31.72020149230957,32.028075744482685,31.160434654244884,31.654895479832383,33564106,31.636237297012382
2021-09-22,31.533611297607422,31.822826180084842,30.973844460650014,31.095128580258063,29337358,31.44342731278076
2021-09-23,32.68113708496094,33.026330088222075,31.850814702083138,31.850814702083138,81018564,32.519427291755385
2021-09-24,32.15869140625,32.79309579255358,32.08405392131491,32.475893599401786,42176454,32.34528037337283
2021-09-27,32.3359489440918,33.474145636476706,32.18667753844386,32.961025401993865,60472034,32.665590706337454
2021-09-28,31.90679168701172,32.19600301171588,31.319034014657213,32.09338181970165,38426788,31.807276237794937
2021-09-29,30.460725784301758,31.645565529585298,30.414075579805882,31.626909718480068,59450683,30.840122297897647
2021-09-30,30.908538818359375,31.03915084461916,30.376759249209798,30.376759249209798,27130994,30.774816304062778
2021-10-08,31.5895938873291,32.02808022580901,31.365684985427734,31.403003728896504,37492502,31.661119699521947
2021-10-11,32.279972076416016,32.83974253835198,31.514955648123593,31.897463862269806,57371037,32.2115567542972
2021-10-12,32.0933837890625,32.839740806710495,31.636238113865677,32.08405232445447,49367642,32.189787569879556
2021-10-13,32.55052947998047,32.802425668395195,31.90679714886153,32.074727941138015,51104564,32.4199174324124
2021-10-14,31.701541900634766,32.72778584176327,31.63623588861604,32.66247627083381,47624419,32.02185454367136
2021-10-15,31.87880516052246,33.10096731378576,31.78551186102931,33.007674014292604,56392154,32.255094778445844
2021-10-18,31.496294021606445,32.13069836436193,31.328366809852035,31.720202902130524,50881677,31.651786398606806
2021-10-19,31.794841766357422,31.90679443203866,31.309708803190627,31.309708803190627,28521161,31.670448333862236
2021-10-20,31.514955520629883,31.99076058929614,31.42166222347356,31.860148549712825,34407514,31.642459444466528
2021-10-21,31.169763565063477,31.710874610374624,30.91786741213355,31.542943841754674,39758882,31.26616852919055
2021-10-22,31.02981948852539,31.347021650079405,30.95518556993605,31.151103610007727,37327323,31.110675569513614
2021-10-25,31.66422462463379,31.776180843758564,30.647312100504593,31.067139024945252,39604930,31.36257252296565
2021-10-26,31.860149383544922,32.186679491049034,31.580262366928537,31.59892173863038,56129091,31.875697080507496
2021-10-27,31.281719207763672,31.701546169351367,31.253731929961564,31.636240148538974,31543490,31.412332435692203
2021-10-28,30.749935150146484,31.58025748860347,30.600663758501526,31.412326728139053,40872417,30.976952132417157
2021-10-29,30.4327335357666,31.0204912077774,30.395418356379054,30.880547718614096,53217186,30.616214366641017
2021-11-01,29.28521156311035,29.85430991529646,28.36159406364053,29.85430991529646,112489934,29.167038514015783
2021-11-02,29.070632934570312,29.779672979249522,28.74410107749423,29.191917060076943,49363446,29.198135663771353
2021-11-03,28.99599838256836,29.294541196478345,28.790750642869124,29.089293456779114,31871726,29.02709674063861
2021-11-04,29.54643440246582,29.555764086897618,29.005325161609086,29.107949910903496,39962572,29.369174550324175
2021-11-05,29.201244354248047,29.742353616561765,29.191916448901722,29.42515323057928,40361729,29.378504806570515
2021-11-08,29.061302185058594,29.313198332386524,28.93069015879466,29.03331491054798,27943005,29.10173022541326
2021-11-09,29.378503799438477,29.57442361464807,29.014655001920417,29.079961013838492,29324680,29.32252747200232
2021-11-10,29.630401611328125,29.677048256910226,29.15459835267777,29.257223108304945,36030924,29.48734940697204
2021-11-11,29.994253158569336,29.994253158569336,29.471801458337946,29.481131143640884,39774404,29.820102591825542
2021-11-12,29.686378479003906,30.059558768234137,29.59308340669635,29.85430925326641,33794646,29.779673551311465
2021-11-15,29.425153732299805,29.872967933686976,29.1359388368804,29.677048108420426,34238691,29.478020167622393
2021-11-16,29.574424743652344,29.966260830119147,29.481129674726965,29.667718033122288,36499678,29.673938416166152
2021-11-17,29.928945541381836,30.00357946090556,29.238563101505406,29.509116843009043,42603749,29.723696034597598
2021-11-18,29.686378479003906,29.94760254611847,29.630402147401572,29.742354810606244,28944622,29.754794390841315
2021-11-19,29.84497833251953,29.90095466180447,29.40649382411925,29.574424591429484,27669670,29.717475606147747
2021-11-22,30.227489471435547,30.6286570357961,29.77034379614876,29.844979497928247,39529103,30.208830101126804
2021-11-23,30.246145248413086,30.675303647203865,30.1994986021498,30.320782729563128,29400586,30.37364916592225
2021-11-24,30.460725784301758,30.600665721056597,30.04089885621538,30.48871305987054,38990482,30.367430120524578
2021-11-25,30.003578186035156,30.572676478729488,29.994250281082607,30.451392360882164,30823260,30.190168315282417
2021-11-26,29.126609802246094,30.02224000447314,29.033316509465678,29.910287341354444,48064665,29.394055438728305
2021-11-29,28.912029266357422,29.098619390723552,28.622816175099693,28.781417246974314,32801920,28.877821610726887
2021-11-30,28.622817993164062,29.135938198580337,28.54818229456796,29.023985540413893,42170955,28.768979495437453
2021-12-01,28.828067779541016,28.85605683581048,28.501535907552782,28.604160667751938,28339455,28.728553507634757
2021-12-02,28.529523849487305,28.800079377824527,28.454888148472808,28.72544367681003,32829798,28.59483045859488
2021-12-03,28.86538314819336,28.921359474735677,28.566840367360555,28.604157325236987,26673841,28.784527663429866
2021-12-06,28.734771728515625,29.07063327451629,28.72544382286493,28.80940742990961,28798655,28.843616275298945
2021-12-07,28.912029266357422,28.92135895052126,28.60415680677202,28.912029266357422,22847227,28.812515007883565
2021-12-08,29.08929443359375,29.12661139685783,28.828068572922813,28.968010299210402,30114055,29.01465813445813
2021-12-09,29.789003372192383,30.059558905171272,28.968008867492415,29.01465729358645,61205137,29.605523714952025
2021-12-10,29.956932067871094,30.218156118043776,29.57442389772791,29.649059594842303,40050551,29.91650402788093
2021-12-13,30.65664291381836,31.24440059555281,29.956932574247624,30.096872506815274,72078733,30.619325361206265
2021-12-14,30.554019927978516,30.927200220892285,30.414076428408094,30.42340789313201,37272031,30.631765525759633
2021-12-15,31.001834869384766,31.486967837957444,30.5633485487898,30.582007919763107,57367156,31.017383752044
2021-12-16,30.777925491333008,30.945852690205058,30.582003901312763,30.83390003798681,36046613,30.768594027616942
2021-12-17,30.470054626464844,31.188424379069758,30.283464479478585,30.675304144040833,46207341,30.647314495004395
2021-12-20,29.742353439331055,30.6473115062435,29.705036479801834,30.414074725955768,34404521,30.031567141792127
2021-12-21,30.087547302246094,30.208831435153368,29.75168573967896,29.93827589209527,25933030,30.01602149235947
2021-12-22,30.255475997924805,30.740608937201024,30.04089858305644,30.180838518538817,30251397,30.34566117272742
2021-12-23,30.526031494140625,30.684630799323024,29.94760170616612,30.2741353398119,30801283,30.38608799987659
2021-12-24,29.900955200195312,30.647312202284645,29.779672854651594,30.488712896364188,32474037,30.109313419043854
2021-12-27,30.908538818359375,31.328365730559252,29.8169888466397,29.83564821594978,57429346,30.68463113185278
2021-12-28,30.777925491333008,31.18842092207369,30.56334453279128,31.029818069096407,31045609,30.843230315399325
2021-12-29,30.479379653930664,30.90853801914405,30.46072384401377,30.777925996261555,22669571,30.616213839029495
2021-12-30,30.76859474182129,31.02049088434238,30.50737069427826,30.647310623071714,27259496,30.765485440147312
2021-12-31,31.25373077392578,31.403002181534358,30.824575921915013,30.89920984626376,43869013,31.160436292458385
2022-01-04,31.179092407226562,31.3843419214644,30.908540435353306,31.328367369516613,29003438,31.15732492134809
2022-01-05,30.740610122680664,31.430989039070298,30.49804186423271,31.169764968967304,39324081,30.88988034199456
2022-01-06,30.871219635009766,31.00183165938796,30.33010860954497,30.507370835981728,28742208,30.734386634647564
2022-01-07,31.25373077392578,31.86947577517504,30.90854131112678,30.927200681941738,51349918,31.343915953409198
2022-01-10,32.261314392089844,32.279970203385155,31.347023046536904,31.44031989756831,74604763,31.96276921400397
2022-01-11,31.86947250366211,32.429239335004475,31.813494396963588,32.140028014338895,50070675,32.03740207854339
2022-01-12,31.794841766357422,32.12137185747398,31.54294559939133,32.00008772695451,30408745,31.81971974107425
2022-01-13,31.207080841064453,32.23332121547358,31.141774829542637,32.112037097399906,35669235,31.527392295360226
2022-01-14,30.787254333496094,31.2257406098246,30.721948321137905,30.88987908403347,29842652,30.91164775481953
2022-01-17,31.990755081176758,32.34527239645946,30.787252536957173,30.787252536957173,59818850,31.707760004864465
2022-01-18,32.00941848754883,32.251983184339984,31.729531491136957,31.98142765256104,37762023,31.99697772100859
2022-01-19,31.3936710357666,32.05606261623913,31.225740274673466,31.81349437958873,39166580,31.558491308893068
2022-01-20,31.738862991333008,32.02807789379087,31.281717314404254,31.39367353665885,51559132,31.68288606650938
2022-01-21,30.740610122680664,31.804169332569746,30.647313269850283,31.7108760386504,46915246,31.0640309083669
2022-01-24,29.742353439331055,30.656642970445077,29.24789260397253,30.507371573417362,52463899,29.88229633791622
2022-01-25,28.949350357055664,29.882295716383705,28.921361302288197,29.527776586606375,30448489,29.251002458575854
2022-01-26,29.033315658569336,29.219904018117205,28.734771080272942,29.13593863351126,32564471,28.995996918986492
2022-01-27,28.044389724731445,28.986666522604374,27.997743080853294,28.921360509392805,44228898,28.34293310939637
2022-01-28,28.11902618408203,28.53885310817604,27.708530724362834,28.1750042935982,34292750,28.122136672206967
2022-02-07,27.52193832397461,28.734768792571032,27.195406496443173,28.594827089187646,79160644,27.817371204329604
2022-02-08,27.811153411865234,27.82981278151093,27.298033202796617,27.521940300178674,36273153,27.646333132057595
2022-02-09,28.71611213684082,28.781418148578144,27.615234283396333,27.811152318608304,52597884,28.37092152293843
2022-02-10,28.286956787109375,28.632148009270765,28.109696333596474,28.54818262494652,34708896,28.342933709992206
2022-02-11,28.044389724731445,28.454886952789693,27.7271875638849,27.997743080853294,37426268,28.075488080468677
2022-02-14,27.335350036621094,27.876459297663832,27.120772625051053,27.876459297663832,42419790,27.444193986445327
2022-02-15,27.391328811645508,27.596576543428743,27.24205741044761,27.307363426039757,31487881,27.40998758850729
2022-02-16,27.391328811645508,27.76450731464024,27.27004468601255,27.708530984054896,30913219,27.475293604099434
2022-02-17,27.158090591430664,27.335349258837738,27.06479552574225,27.32602135377873,30494262,27.18607845867022
2022-02-18,27.4193172454834,27.46596567248797,27.120774430476278,27.242058561232636,29797034,27.335352449482553
2022-02-21,28.193660736083984,28.52952226168468,27.689870227138325,27.69919991167783,60105207,28.13768440830233
2022-02-22,27.596574783325195,27.969753262518687,27.46596276047131,27.801822502017778,37369815,27.67743026877173
2022-02-23,28.044389724731445,28.100367832731706,27.531269524250185,27.79249535655187,33458489,27.892009027237776
2022-02-24,27.19540786743164,27.94176662219435,26.94351172096965,27.82048250154729,50789899,27.360228736865214
2022-02-25,27.24205780029297,27.57791756806679,27.092786396958935,27.42864616473276,33019113,27.304253921772897
2022-02-28,27.1114444732666,27.260715879273626,26.756925328863804,27.251386193966244,26394046,27.043028560468013
2022-03-01,27.400657653808594,27.428644928512643,27.064796121716693,27.120772450580205,26294375,27.298032901345977
2022-03-02,27.24205780029297,27.326023187100297,26.96217258445004,27.22339843001234,21857269,27.176751190614436
2022-03-03,27.08345603942871,27.38199883868497,26.999490654705955,27.24205712396553,23191108,27.154981844273212
2022-03-04,26.82223129272461,27.176750436415844,26.700948942883155,26.915526366155625,29627478,26.899976890674537
2022-03-07,24.39656639099121,25.926600850156127,24.21930594314877,25.91727116559017,127821262,24.847491061432038
2022-03-08,23.939422607421875,24.39656647601472,23.32367765956577,24.209978122411425,61659199,23.88655558100079
2022-03-09,23.65021324157715,24.303275251615,22.735925359850757,24.23796922855678,53527964,23.5631379510143
2022-03-10,23.69685935974121,24.24729836950802,23.650212709878517,24.163332976190667,44445780,23.864790146375913
2022-03-11,23.360998153686523,23.37965574483032,22.297437162447324,23.174408006604413,70270093,23.012697020321387
2022-03-14,22.446706771850586,23.416972611895318,22.446706771850586,22.9504990609789,47582191,22.770128718532163
2022-03-15,21.0379581451416,22.306766876226632,21.019300553973988,22.306766876226632,67223574,21.45467519178074
2022-03-16,21.9335880279541,21.989564359517928,20.71142774198686,21.67236218156376,65003141,21.544860043152966
2022-03-17,22.026884078979492,22.521344958766782,21.933589002590477,22.39073291949551,61918141,22.160606013445584
2022-03-18,22.390731811523438,22.456037827927503,21.73766808857181,21.961576972607872,42888554,22.194812576007582
2022-03-21,22.082857131958008,22.633296043467794,21.92425605949832,22.54000098094057,42100232,22.213469744974706
2022-03-22,22.04553985595703,22.26011904782479,21.87761086762701,22.054869540773495,29994299,22.061089923802943
2022-03-23,24.247295379638672,24.247295379638672,24.247295379638672,24.247295379638672,15396161,24.247295379638672
2022-03-24,24.835054397583008,26.588994290636503,24.639134566966717,26.588994290636503,222784989,25.35439441839541
2022-03-25,23.6595401763916,24.452543826404558,23.528926366007973,24.3312614804649,105937995,23.880336789601376
2022-03-28,23.183738708496094,23.771494672503078,22.493357981148364,23.043796981775916,70154545,23.14953045404918
2022-03-29,22.446706771850586,23.193065520990082,22.428049182200017,22.9504990609789,56581801,22.68927382501356
2022-03-30,22.698604583740234,22.70793426897852,22.44670842067305,22.521344123123825,46488428,22.6177490911306
2022-03-31,22.297435760498047,22.670614251743185,22.260118801101235,22.670614251743185,44415759,22.409389604447487
2022-04-01,22.325424194335938,22.42804894387275,21.784314952201097,22.073528052448506,38854040,22.17926269680326
2022-04-06,22.185483932495117,22.409391035615375,22.036212530414947,22.297436594327507,29082266,22.210362499508477
2022-04-07,21.625715255737305,22.28810687914084,21.588396515539962,22.1854839025091,34260759,21.834072883472704
2022-04-08,21.439125061035156,21.765656919138458,21.20588827374072,21.73766786405916,34581928,21.470223417971443
2022-04-11,20.40355682373047,21.308515001578513,20.282272686618025,21.271196258019106,50349378,20.66478150397567
2022-04-12,20.74874496459961,20.786063705749292,20.077023639005006,20.29160106224912,34610850,20.5372774364513
2022-04-13,20.524837493896484,20.90734568665357,20.478190847738006,20.562156234387658,28999412,20.636791342762688
2022-04-14,20.83271026611328,20.991311356428966,20.62746252900996,20.66477949054897,27356715,20.817161383850735
2022-04-15,21.1685733795166,21.327174481537302,20.496850227685098,20.61813436541274,38451481,20.997532696246335
2022-04-18,21.616384506225586,21.625714190815497,20.870027533586597,20.991309874344662,34719486,21.37070874354256
2022-04-19,21.121923446655273,21.663032736313053,21.00997078228774,21.50443164557945,29373079,21.264975655085355
2022-04-20,20.935331344604492,21.345826746658652,20.823376920754594,21.10326209065174,22752649,21.034845004005913
2022-04-21,20.32891845703125,21.00996942280783,20.226293705121897,20.786062329105476,29561768,20.521727194986994
2022-04-22,21.289854049682617,21.513761156053956,19.955739317196485,20.095682815702137,61362090,20.919784840977687
2022-04-25,20.32891845703125,21.345829173633657,20.254280979675066,20.991310053468784,48510575,20.64300953677999
2022-04-26,20.953990936279297,21.830961705363524,20.73941353112258,20.77673226912655,85242144,21.174788724255134
2022-04-27,22.120176315307617,22.278777403727755,20.832710017127763,20.851369387402013,88837392,21.74388791205438
2022-04-28,22.120176315307617,22.176154426130367,21.513761017038444,21.868281934427216,55214965,21.93669725282548
2022-04-29,22.512012481689453,22.651955968647748,21.94291596725012,22.250788435538727,60416288,22.368961472529108
2022-05-05,22.157495498657227,22.48402736716012,22.017553777714706,22.390732293379934,45528421,22.219692214510683
2022-05-06,21.67236328125,21.980235789656167,21.504432498581984,21.59772757555928,29551540,21.71901052316272
2022-05-09,21.6070556640625,21.79364580422481,21.373818878587336,21.448454578761172,18903514,21.59150678229155
2022-05-10,22.11745834350586,22.211977758358323,21.153363557064925,21.55034365719896,36425778,21.827599886309702
2022-05-11,22.07019805908203,22.656215146857974,22.03238957455054,22.117456861938624,52334649,22.252934260163514
2022-05-12,22.07965087890625,22.2403333376342,21.767738082882325,21.805544765802406,29185210,22.02924076647426
2022-05-13,21.985132217407227,22.268688658808625,21.79609338793437,22.16471892512565,24481766,22.016638088050072
2022-05-16,21.852806091308594,22.382112289243878,21.748834554946917,22.240334068719342,26926770,21.994584311833126
2022-05-17,22.457727432250977,22.49553411636649,21.777190892900784,21.890612748055208,42762382,22.24348414717275
2022-05-18,22.504985809326172,22.59950522202597,22.24033361713615,22.552246417079996,28363850,22.448274882829434
2022-05-19,22.391563415527344,22.457726461976865,21.98513121269993,22.211976716015922,28630458,22.278140363401377
2022-05-20,22.47663116455078,22.82635064659949,22.353755387652058,22.363207509167946,37288633,22.55224573293411
2022-05-23,22.060747146606445,22.344303584896945,21.956775611256255,22.344303584896945,39278168,22.12060878091988
2022-05-24,21.13446044921875,22.117457645354968,21.096651963348055,22.060746719356757,41196201,21.449523352640593
2022-05-25,21.295143127441406,21.380210418717024,21.07774793706603,21.087200058630856,24379808,21.251033827741484
2022-05-26,22.873611450195312,23.20442669204718,21.162815300123217,21.351854126445303,104303895,22.413617814121903
2022-05-27,22.779090881347656,22.92086909249224,22.49553265625072,22.68457147298201,45140096,22.731830876696872
2022-05-30,22.684574127197266,22.949228141025436,22.514439532794007,22.8925154076857,27525753,22.716080600338902
2022-05-31,22.99648666381836,23.05319759364602,22.627862915726645,22.760189019593835,42652687,22.892515724397004
2022-06-01,22.731830596923828,22.930321537576805,22.59950450502704,22.78854332442913,29389045,22.753885546509224
2022-06-02,22.892513275146484,22.9870326857665,22.552245920845365,22.599504724751466,26766816,22.810597293919454
2022-06-06,23.365110397338867,23.40291888573903,22.83580417939225,22.883062987084504,50901897,23.201277820823382
2022-06-07,23.298946380615234,23.866061063477257,23.204426966336914,23.298946380615234,47811244,23.456478136809803
2022-06-08,23.280040740966797,23.563598966795215,22.996484317946152,23.223329816924224,40146798,23.28004134190272
2022-06-09,22.92087173461914,23.270593045042652,22.797997751545353,23.270593045042652,30297517,22.996487510402385
2022-06-10,23.12881088256836,23.138263003903898,22.590052586097293,22.788543528527995,29044282,22.952375490856515
2022-06-13,23.346206665039062,23.648667344284263,22.892513843363407,22.95867869440517,40244497,23.295795950895577
2022-06-14,23.412368774414062,23.497436062391476,22.69402378860912,23.166619031680177,42495923,23.20127620847155
2022-06-15,24.187427520751953,24.81125317052919,23.41237151968375,23.41237151968375,90048124,24.137017403654966
2022-06-16,24.1779727935791,24.81125049743548,24.007838216004583,24.187424914867442,44599883,24.332353835673057
2022-06-17,24.291397094726562,24.338655899622108,23.828252153272558,24.007838856929755,34833644,24.152768382540412
2022-06-20,24.12126350402832,24.527695732943197,24.064550772453277,24.404819950671857,29660733,24.237836669808264
2022-06-21,24.092906951904297,24.357560955450552,23.837705070214113,24.149617880232814,25680855,24.096057659189654
2022-06-22,23.582502365112305,24.225230354477787,23.535241761095037,24.187423674071677,31123708,23.78099149356171
2022-06-23,23.78099250793457,23.790444629141202,23.280040900829796,23.582503371018657,30429471,23.61715934596852
2022-06-24,23.535242080688477,23.903867585798036,23.346205070475527,23.799896058355888,48599542,23.59510491232068
2022-06-27,23.809350967407227,24.102359539374177,23.554149080787006,23.62976425428841,39022597,23.82195319585614
2022-06-28,24.102357864379883,24.12126210714347,23.16661948127619,23.771540827248398,52331691,23.79674648426651
2022-06-29,23.979482650756836,24.688375492425777,23.894415365531945,24.00783721062665,51177339,24.18742450290485
2022-06-30,24.13071632385254,24.527696442319478,23.932225363215082,23.941677485417625,36019610,24.196879376462366
2022-07-01,23.875511169433594,24.367010639938417,23.828250564880594,24.055097861119535,24582143,24.023590791417536
2022-07-04,23.743186950683594,23.903869413192652,23.50688931774721,23.875513048229454,29117795,23.717981893874484
2022-07-05,23.516338348388672,23.88496386148579,23.213877683247894,23.771540210654116,34723173,23.538393297707454
2022-07-06,23.317852020263672,23.970034034746885,23.20442835577651,23.497438737865018,31112758,23.49743813692902
2022-07-07,23.336753845214844,23.48798418031256,23.15716714623338,23.32730172392026,20231991,23.32730172392026
2022-07-08,23.317852020263672,23.591956354995002,23.251688967149487,23.374562951103258,20796939,23.387165780802718
2022-07-11,23.298946380615234,23.516339771489847,22.93032264801846,23.251687574880012,28454128,23.248536266707845
2022-07-12,22.684574127197266,23.194977910407033,22.646765638304107,23.194977910407033,27867881,22.842105891969467
2022-07-13,22.448274612426758,22.74128316573961,22.334850957991684,22.64676375417835,25671128,22.508136245386016
2022-07-14,22.334850311279297,22.571147931936455,22.211976341772992,22.419917598940494,30397197,22.372658194996248
2022-07-15,22.193073272705078,22.684572782329436,22.164718710524202,22.35375573535889,25380675,22.347454921852904
2022-07-18,23.053197860717773,23.15716940227962,22.211978814431472,22.25923762270069,37733326,22.80744869247629
2022-07-19,23.658119201660156,23.90386895150444,23.015389364037848,23.053196047117364,43527202,23.52579250573415
2022-07-20,23.677021026611328,23.884964087973245,23.582503419964407,23.724281632742578,30802953,23.714829511516328
2022-07-21,23.629762649536133,24.196877313686564,23.620310528139377,23.667571135123143,30940205,23.815650163787357
2022-07-22,23.629762649536133,24.007838491367146,23.440723827216715,23.629762649536133,21644331,23.692774989373333
2022-07-25,23.374561309814453,23.77154140343284,23.280041896513342,23.658119549717792,18399711,23.475381536586877
2022-07-26,23.270591735839844,23.55414817486216,23.138263835195943,23.49743724761927,19671304,23.32100124863265
2022-07-27,23.204425811767578,23.43127311587158,23.043743356331788,23.280040978866317,17493383,23.226480761323646
2022-07-28,23.478530883789062,23.65811757378123,23.28003995215399,23.30839631461835,26230475,23.472229469908097
2022-07-29,23.08155059814453,23.648665222244944,23.08155059814453,23.525789455572546,22781359,23.270588806178
2022-08-01,22.684574127197266,22.96813058266404,22.43882435781567,22.85470872160052,33401475,22.697176355892324
2022-08-02,21.928421020507812,22.646764236947767,21.616508217671985,22.486083577518517,37451261,22.06389782504252
2022-08-03,21.956775665283203,22.46717941883145,21.833901689137075,21.833901689137075,28704778,22.085952257750577
2022-08-04,22.278141021728516,22.41046712210724,22.02293914001991,22.126910677636285,19121167,22.23718242795189
2022-08-05,23.988935470581055,24.045648201850543,22.287593194270425,22.325401681783415,73059310,23.44072562223401
2022-08-08,23.68647575378418,24.433177187538664,23.45017810555423,24.04564918866618,45410177,23.856610348959023
2022-08-09,23.771541595458984,23.913319815152004,23.57305244845033,23.648667619140465,25508961,23.75263795302044
2022-08-10,23.506887435913086,23.84715477419217,23.39346378794824,23.648665643763348,20161680,23.582501999351166
2022-08-11,23.89441680908203,23.9511277350555,23.55414764762555,23.62976281652612,28611713,23.79989739725436
2022-08-12,23.68647575378418,23.960581891078757,23.677023631518026,23.875514593491335,17078953,23.774693758793656
2022-08-15,23.336753845214844,23.61085815152653,23.27059079896057,23.58250359045058,23899812,23.406067598567315
2022-08-16,22.99648666381836,23.355658289804136,22.854708437845236,23.33675584840022,25269149,23.068951130489243
2022-08-17,23.554147720336914,23.629762889470907,22.788543907504252,22.987033050428042,33051868,23.32415150577069
2022-08-18,23.346206665039062,23.56360005289557,23.213878765763397,23.440724275197297,17343708,23.374561827899342
2022-08-19,23.327302932739258,23.79044608332703,23.289494445601697,23.308398689170478,28082102,23.46908115388933
2022-08-22,23.4974365234375,23.724282028225637,22.996484906942147,23.270591018649366,22075100,23.406067819535096
2022-08-23,23.194976806640625,23.49743749216095,23.17607256309363,23.44072476151997,16946021,23.289495620631737
2022-08-24,22.599506378173828,23.35565811283981,22.599506378173828,23.166621080577286,28746493,22.85155695639582
2022-08-25,22.83580207824707,22.89251300282133,22.49553292518592,22.77909115367281,16744457,22.741282668751438
2022-08-26,23.185523986816406,23.62976287994862,22.845254824446638,22.96812879818692,28788874,23.22018056373722
2022-08-29,22.76018714904785,23.34620605179821,22.694024102551868,23.31784968781087,30605885,22.933472434465973
2022-08-30,23.157167434692383,23.573051762795497,22.712928545160118,22.760187349413915,36634157,23.147715914215997
2022-08-31,23.157167434692383,23.28004140743694,22.712928545160118,23.015389219123175,29029445,23.05004579576315
2022-09-01,22.712926864624023,23.336752409217752,22.69402262319811,23.07209843767799,27163908,22.914567299013296
2022-09-02,22.939773559570312,23.223329984638752,22.599504407241962,22.731830498566193,27031803,22.920869317150345
2022-09-05,22.712926864624023,22.96812691264314,22.448272893084262,22.939772353311955,26435567,22.709775556783807
2022-09-06,23.261138916015625,23.39346500988008,22.731830934942163,22.76018729911647,36308465,23.12881162027929
2022-09-07,23.2327823638916,23.60140608113637,23.157167196179653,23.261138727836506,24178928,23.330451880402546
2022-09-08,23.053197860717773,23.34620824097244,23.03429541909487,23.26114094384147,16802599,23.144567173595032
2022-09-09,23.402917861938477,23.516339716561227,23.0059377651431,23.05319657076793,24549463,23.308398447880933
2022-09-13,23.648666381835938,23.87551188203773,23.35565603328515,23.40291663924872,37425075,23.626611432386273
2022-09-14,23.70537757873535,23.86606003524336,23.23278233051271,23.34620598332158,36609028,23.601406648163806
2022-09-15,23.317852020263672,23.96058191247229,23.232784722600297,23.780995194870943,34650719,23.50373955177875
2022-09-16,23.213876724243164,23.837702271026664,23.213876724243164,23.289491887404566,46666304,23.421818573171
2022-09-19,21.994583129882812,23.1288106359356,21.985131008648064,23.119358514700853,46670722,22.36950825815549
2022-09-20,21.843353271484375,22.278140040905527,21.786640542840708,22.164718189233845,26241188,21.969377951743535
2022-09-21,21.796092987060547,21.966227569895423,21.295143162944356,21.74883418196546,27294135,21.685821239966774
2022-09-22,21.323497772216797,21.682671181845098,21.21952804021522,21.62595845223567,29368540,21.40856566475904
2022-09-23,21.106103897094727,21.436920934289628,20.850902028160846,21.323497280494188,26480108,21.131308953181733
2022-09-26,20.529537200927734,21.030488819573332,20.41611534945073,20.82254755666028,28208478,20.65871378998393
2022-09-27,20.831998825073242,20.85090126434019,20.425566634505945,20.595701207562744,19879680,20.70282224130646
2022-09-28,20.3310489654541,20.822548484578064,20.3310489654541,20.822548484578064,20617615,20.494882138495424
2022-09-29,20.07584571838379,20.624056128481364,19.896259021149543,20.51063427966547,23724515,20.19872028933823
2022-09-30,20.22707748413086,20.36885570659282,19.92461679546323,20.038040455117546,23410252,20.1735166620623
2022-10-10,19.470924377441406,20.321595454510522,19.442568013842916,20.227076045323336,36624139,19.745029281931615
2022-10-11,19.395309448242188,19.603250708755017,19.187366384921557,19.480376737271936,18885364,19.395308847306254
2022-10-12,20.104202270507812,20.113654391799066,19.215722700015757,19.433116081291193,29662934,19.81119312077421
2022-10-13,20.142009735107422,20.463374660259497,20.019135759164744,20.094750929623594,23430607,20.20817338484389
2022-10-14,20.576799392700195,20.642962444958403,20.227078084296583,20.331049625164027,22786439,20.48227997398506
2022-10-17,20.90761375427246,20.98322891890893,20.321594876234034,20.387757919939975,20044934,20.737479183138475
2022-10-18,20.917064666748047,21.096651363915466,20.74693189358751,20.945421030345358,19223467,20.92021597475034
2022-10-19,20.718576431274414,21.10610440325674,20.68076794483328,20.8887110146438,15196291,20.83514959312148
2022-10-20,20.831998825073242,21.21007465252849,20.510633921034344,20.576796965488043,21515279,20.850902466212023
2022-10-21,20.813095092773438,21.12500788341466,20.728027804161485,20.869806017578806,12461577,20.88871026011653
2022-10-24,20.416114807128906,21.210074957608924,20.340499640550227,20.850901564254368,24312397,20.65556313509602
2022-10-25,20.368854522705078,20.58624970750632,20.1325568980667,20.368854522705078,17651246,20.362553709426034
2022-10-26,20.945423126220703,21.17226864927485,20.444471469387814,20.444471469387814,23055581,20.854054414961123
2022-10-27,20.93596839904785,21.739380653319014,20.89816171798036,21.739380653319014,38345975,21.19117025678241
2022-10-28,20.18927001953125,20.89816290726414,20.142009411997687,20.813095616511568,29505773,20.409814112931027
2022-10-31,20.95487403869629,21.162815305456704,20.113655047247498,20.170365974035274,41230450,20.743781463800165
2022-11-01,21.219528198242188,21.266787003794136,20.850902664267068,20.96432632152277,28317089,21.112405955434465
2022-11-02,21.55979347229004,21.720475919505503,21.05884369194184,21.08719825139841,38353793,21.44637102791246
2022-11-03,21.077749252319336,21.32349901991616,20.945423147770263,21.257335967641623,33353535,21.115557140001922
2022-11-04,21.928421020507812,22.032390752914512,20.983230490361922,21.106104466045426,61734051,21.64801408792808
2022-11-07,22.391563415527344,22.675119843970382,21.64486205632204,21.739381466738987,54575054,22.23718177193992
2022-11-08,22.164718627929688,22.363207773687645,22.013488287502334,22.26868836021858,28245974,22.180471563039887
2022-11-09,21.692123413085938,22.211977484144903,21.673219169787245,22.108005948809964,27346298,21.85910668900603
2022-11-10,21.63541030883789,21.80554488996659,21.427469044573833,21.60705574718833,22139889,21.622808081126106
2022-11-11,22.523889541625977,22.901965381043237,21.994583366441812,22.117457338199493,71547033,22.473479429703673
2022-11-14,22.797996520996094,22.9114183757409,22.571149205890727,22.68457286344341,37511169,22.76018803420924
2022-11-15,22.99648666381836,23.09100608206976,22.561699863793052,22.608958671514774,31219866,22.883064203227054
2022-11-16,22.873611450195312,23.47853280993342,22.76963991543738,22.949226620162577,37472464,23.040594725188708
2022-11-17,23.194976806640625,23.20442712560623,22.684573047719155,22.968129489692487,28057781,23.027992326655337
2022-11-18,23.743186950683594,24.06455007289384,23.185524392729093,23.23278319819322,63271014,23.664420472102176
2022-11-21,23.68647575378418,24.036197066400025,23.487986594618853,23.544697525407805,28372813,23.73688647160102
2022-11-22,23.63921546936035,24.149617420210237,23.261139616358975,23.601406982656275,43312094,23.683324168643185
2022-11-23,23.176071166992188,23.658118531555154,23.109908121371195,23.544694879913607,29270076,23.31469927330618
2022-11-24,22.91141700744629,23.487983776857472,22.87361032572517,23.21387767244633,17222171,23.091003703342977
2022-11-25,23.06264877319336,23.355657335270433,22.901966309575375,22.901966309575375,19673115,23.10675747267972
2022-11-28,22.62786293029785,22.750736912138226,22.211978571408654,22.495535023537496,28374183,22.53019280461491
2022-11-29,23.24223518371582,23.610858912039003,22.70347687222567,22.769639920611077,27588140,23.185523655993496
2022-11-30,23.157167434692383,23.346206257323203,22.95867829345706,23.232782603183146,20341846,23.15401732849088
2022-12-01,23.818803787231445,24.234686352268724,23.336756365985153,23.384015174755028,53820382,23.796748835161775
2022-12-02,23.677021026611328,23.960579254975453,23.61085798083537,23.677021026611328,20002460,23.74948608747405
2022-12-05,25.29330062866211,25.510694033612808,23.818803799994416,23.818803799994416,85152240,24.874266154089778
2022-12-06,25.444528579711914,25.898219591452886,25.170422466696852,25.520143748335407,58986876,25.50439021262055
2022-12-07,25.142066955566406,25.444527618636023,24.858508731832828,25.425623376492233,35267468,25.148367768678423
2022-12-08,25.198780059814453,25.491788627168226,24.95303029910203,25.009741227633228,23166255,25.21453299536157
2022-12-09,25.0570011138916,25.510692134662687,24.88686653040048,25.20823145414863,27335310,25.151519926318258
2022-12-12,25.13261604309082,25.463433085284702,24.85850992724771,24.88686629182702,21778016,25.151519685207745
2022-12-13,24.905771255493164,25.397270772241612,24.877414890093405,25.047549476876167,21919764,25.060152305942726
2022-12-14,25.160972595214844,25.444529031890116,25.03809681726313,25.094807744036615,21651748,25.214532814789365
2022-12-15,25.09480857849121,25.350010461669665,24.924675792513494,25.05700189365436,15736281,25.123164944224794
2022-12-16,24.896320343017578,25.047550693546427,24.574955397441776,24.9530312737639,18607538,24.839608811335257
2022-12-19,24.414270401000977,25.03809598315091,24.310298869706724,24.934124451856654,20715192,24.587555084619538
2022-12-20,23.99838638305664,24.763991991340724,23.677021466623085,24.42372283210335,20865044,24.146466613673482
2022-12-21,23.7620906829834,24.14961867784196,23.63921670041204,24.14961867784196,13185698,23.85030868707913
2022-12-22,23.610857009887695,24.055097675214014,23.525789725157452,23.922769786296016,18236947,23.73058147008639
2022-12-23,23.771541595458984,24.074002278219528,23.57305244845033,23.591954889016957,13312024,23.80619877404295
2022-12-26,23.695926666259766,23.932224302425592,23.535244201554686,23.762089715936934,14223039,23.72113172341335
2022-12-27,24.310298919677734,24.385914087281407,23.6864733362455,23.69592545754693,20877597,24.127562114401545
2022-12-28,23.799898147583008,24.310300103051112,23.705378732775465,24.21578249105146,20017315,23.938525661136527
2022-12-29,24.149616241455078,24.234683529579193,23.629762194303513,23.629762194303513,20992313,24.00468732177926
2022-12-30,24.442626953125,24.57495304647676,24.14961659954923,24.21578144903292,22264410,24.38906553305033
2023-01-03,24.508790969848633,24.74508860464809,24.083454506086465,24.461530361204012,22732583,24.445778026861063
2023-01-04,24.99083709716797,25.255489280960504,24.5371442911663,24.631663700866973,32813872,24.92782355643159
2023-01-05,24.99083709716797,25.246037159709655,24.78289403526493,24.971932854666278,23741883,25.006589430714186
2023-01-06,24.574953079223633,25.038096209379756,24.546596715121407,24.990837405350526,19563537,24.719882001241597
2023-01-09,24.234683990478516,24.74508772893015,24.102357896572308,24.518242223887587,26379100,24.36070987199366
2023-01-10,24.092906951904297,24.32920458988234,23.91332024225477,24.32920458988234,17996763,24.111810594680467
2023-01-11,24.84906005859375,25.46343354647683,24.102358669751702,24.102358669751702,51051716,24.804950758274092
2023-01-12,25.142066955566406,25.397268816084303,24.76399112672939,24.849058413568688,27798519,25.101108966126702
2023-01-13,24.981386184692383,25.321655354956306,24.69782794186982,25.1987795755575,19022654,25.000289827172836
2023-01-16,25.331106185913086,25.539049262081345,24.877415151595294,24.877415151595294,30997459,25.24919019986324
2023-01-17,25.075904846191406,25.35946127769376,25.00028967760359,25.2932982305304,19371068,25.145218600496253
2023-01-18,25.331106185913086,25.37836679540947,25.038097618267166,25.075906105864274,14278358,25.24919019986324
2023-01-19,25.340557098388672,25.35000921983683,24.971933375949686,25.236587368074602,19354701,25.220833231391726
2023-01-20,25.860414505004883,26.087260024879388,25.236588874648003,25.283847681902216,44141844,25.728087801510757
2023-01-30,25.52959632873535,26.20068073698265,25.482335720741126,26.077806761813378,36430395,25.737537595486376
2023-01-31,25.179874420166016,25.53904782083766,25.142067737510366,25.41617204588922,17696448,25.28699665950468
2023-02-01,25.501239776611328,25.643017993936816,25.179874855842705,25.179874855842705,20424112,25.441377542130283
2023-02-02,25.472885131835938,25.917124025423817,25.340557233663162,25.557952422515633,25075929,25.57685546364097
2023-02-03,25.624116897583008,25.643019338825354,25.05700219572999,25.36891501132796,25812293,25.441379477379453
2023-02-06,25.35946273803711,25.954931999605726,25.208232392152766,25.46343427688557,26340784,25.507542376598536
2023-02-07,25.68082618713379,25.888767449985494,25.217683054322382,25.387817634295516,26258959,25.59575889714722
2023-02-08,25.283845901489258,25.983286655885106,25.2460374161019,25.709182348057993,22645170,25.504389991158757
2023-02-09,26.304651260375977,26.4369773520563,24.971932813913988,25.198778315140732,53283427,25.904520475448752
2023-02-10,26.654373168945312,27.410524857689477,26.172325791317974,26.2762955217654,63579966,26.74574127265092
2023-02-13,26.61656379699707,26.758342008565602,26.295198889277582,26.748889887419995,33405581,26.556701564946753
2023-02-14,26.729990005493164,26.862316108577208,26.493692362667115,26.597662099601177,25578479,26.69533282557916
2023-02-15,27.50504493713379,27.76969713321442,26.616565329186834,26.729988986655584,55733240,27.297102466511678
2023-02-16,28.223388671875,29.376520423261763,27.363265468262096,27.514495802778136,124259556,28.321058187799622
2023-02-17,26.436979293823242,28.16667794517844,26.436979293823242,28.16667794517844,84856603,27.01354551094164
2023-02-20,27.949283599853516,27.99654420789654,26.285748055704165,26.285748055704165,86161652,27.410525287818075
2023-02-21,28.506946563720703,29.395426176778415,27.684631802871618,27.731890608784184,106140066,28.529001514456912
2023-02-22,28.960636138916016,29.282001050874875,28.0910608129346,28.185580222829756,83767713,28.777899334241834
2023-02-23,28.14777374267578,29.206386093241246,27.779148221718476,28.82831025375358,80556394,28.37776935254517
2023-02-24,28.450233459472656,28.866117770355864,27.977638225271473,28.1666752372673,50763139,28.431329818366663
2023-02-27,29.57501220703125,29.934183811042196,28.20448523325739,28.24229191656009,113945545,29.237893750443614
2023-02-28,30.472944259643555,31.75840035113462,29.93418414343295,30.718692210859512,191990360,30.721842918070376
2023-03-01,31.106220245361328,31.90018043599289,30.132673348970563,30.331164298032387,197273435,31.04635801010826
2023-03-02,30.80375862121582,31.6827860770048,30.539106434308383,30.954988957393727,140880524,31.008550377509668
2023-03-03,30.227191925048828,30.7186914204499,29.404877195058393,30.246096167827595,106964446,30.116920180185705
2023-03-06,30.964441299438477,31.862373056630453,30.39732840311505,30.71869333919589,145369182,31.074714253061327
2023-03-07,29.442684173583984,30.92663479608409,29.20638654489903,30.340614080902117,110416125,29.8585685048557
2023-03-08,29.67898178100586,30.009798821489355,29.187482281019395,29.291453814464795,74171687,29.62542096117154
2023-03-09,30.80375862121582,31.31416235792212,28.903925494822044,29.678981418435782,117883806,30.340615491319994
2023-03-10,30.52020263671875,31.35196769502066,30.387876541335068,30.53910687971866,91585669,30.753348957691497
2023-03-13,32.14592742919922,32.306611689672536,29.782952973871918,29.94363543153742,152926697,31.411830697581223
2023-03-14,31.881275177001953,32.32551586642147,31.399229607797324,31.843466691601222,115527820,31.868673550406914
2023-03-15,31.20073699951172,32.20264023334497,30.718691428186442,31.919083802823298,69750333,31.374022887014377
2023-03-16,30.643075942993164,31.285805806337812,30.387877667079557,30.983345118365722,50272385,30.77225313880351
2023-03-17,32.779205322265625,33.176183583329234,30.90772865093266,31.04950505604876,167116835,32.28770585217584
2023-03-20,31.852920532226562,33.9985033972804,31.644977468683493,32.79811103107236,141611740,32.498800466063486
2023-03-21,32.04195785522461,32.32551427049956,31.399228057606486,32.136475458444444,65651914,31.922233394443552
2023-03-22,33.76220703125,33.885079204637485,31.550461037270612,32.14592847769971,131913297,33.06591575771937
2023-03-23,34.593971252441406,34.981499217638145,33.327415823766465,33.544812814188525,158535253,34.30096209794868
2023-03-24,33.45029067993164,34.59397030118364,32.6185220437413,34.3104138768688,141632779,33.55426100828553
2023-03-27,32.41058349609375,33.403032811782616,31.87182519313078,33.35577400734327,128374462,32.56181383366905
2023-03-28,32.89263153076172,33.27070920578837,32.07031673403706,32.23099740227303,87035723,32.744552490195716
2023-03-29,32.788658142089844,33.081668504004114,31.852921537835677,32.96824665013421,78221836,32.574416061309876
2023-03-30,29.86802101135254,32.609073178869885,29.508847601549107,32.609073178869885,203080403,30.661980597257173
2023-03-31,30.77540397644043,31.030605844101192,29.820759552344732,30.359517848867803,101158844,30.542256457628785
2023-04-03,30.51074981689453,30.93608628575038,28.289553465425698,30.690338329086895,258719346,29.912129856023537
2023-04-04,30.737594604492188,31.333065611858057,29.678980481846057,29.801856252867857,148665433,30.583213566065435
2023-04-06,31.79620933532715,32.77920836680796,29.96254097729301,30.246097419477454,144408305,31.512652893142704
2023-04-07,34.972049713134766,34.972049713134766,33.46919662177813,33.48810086510777,277566040,34.47109868268256
2023-04-10,33.648780822753906,35.378481192352524,33.32741590408827,34.9720489832867,188685048,34.1182259730649
2023-04-11,33.128929138183594,33.60152442861593,32.42003620253509,33.53536137640467,109715237,33.05016325644487
2023-04-12,34.92478942871094,35.992855695105334,32.64688048537706,32.769752653393006,195339156,34.52150853639778
2023-04-13,32.675235748291016,34.48054948402514,32.47674660589462,34.46164524108991,150996405,33.21084394607026
2023-04-14,32.51455307006836,32.94933981369734,31.928532392361003,32.43893610302917,83141651,32.4641417587089
2023-04-17,31.834016799926758,32.35387086150293,31.503201562273468,32.1364774759571,95231199,31.897029741234388
2023-04-18,32.91153335571289,33.15728490809954,31.881275552897318,31.91908403874383,99244801,32.65003127223658
2023-04-19,33.41248321533203,34.49945374827745,32.4861969446275,32.60907272097458,124724920,33.466044636079
2023-04-20,35.2556037902832,35.40683412117453,33.78110896549659,33.78110896549659,173202159,34.814515625651445
2023-04-21,34.565616607666016,36.418189138992744,33.743301874836966,35.91723932328083,165381884,34.909035873831904
2023-04-24,35.945594787597656,36.74900890337798,35.20834732624119,35.539162570281725,187618479,35.96765033907227
2023-04-25,34.86807632446289,35.96449713999916,34.45219381016139,35.43519277736372,139228498,35.09492242487448
2023-04-26,33.32741165161133,34.858622683436835,32.83591582047436,34.59396692173015,123910519,33.673983385174175
2023-04-27,32.76975631713867,33.299064350285526,31.777306909902308,32.93989091330673,87414389,32.61537585910884
2023-04-28,33.667686462402344,34.452196351484766,32.476747953008946,32.486198272060726,99578962,33.532210255632016
2023-05-04,31.786760330200195,33.55426571163499,31.474845706973856,33.55426571163499,126268113,32.27195724960301
2023-05-05,31.616621017456055,31.956890153597563,31.00224578768773,31.79620590347945,67809357,31.52525231958045
2023-05-08,32.609073638916016,32.70359125069555,31.304709683786957,31.66388309865758,82749693,32.20579152446617
2023-05-09,31.342517852783203,32.94934247604487,31.219642074223735,32.37277567543782,80616460,31.837167467683937
2023-05-10,30.35951805114746,31.730045006331725,29.943635526419502,31.285804314597662,88948879,30.677732861299564
2023-05-11,29.943635940551758,30.624174268260198,29.77350135862465,30.397326957152156,47934362,30.11377052247887
2023-05-12,29.34816551208496,30.179934195899666,29.111867877357035,29.773501975718375,62742466,29.546655861780554
2023-05-15,29.641176223754883,29.71679139563965,28.289553448857767,29.055157289542016,88880284,29.2158403560841
2023-05-16,29.784786224365234,30.387948871643328,29.63160200200572,29.928396204564784,63647741,29.93477903267143
2023-05-17,29.937969207763672,30.273060365095095,29.21034326861826,29.516711700658455,51987149,29.807124280492342
2023-05-18,31.07727813720703,31.450664454129118,29.98584008706556,30.014562813790334,82945652,30.837927559467236
2023-05-19,31.249608993530273,31.718737705068094,30.694317585224038,30.73261089972119,59629393,31.22088809460747
2023-05-22,30.790056228637695,31.469810949934857,30.407095693674513,31.192167072973877,41780047,30.888987624082358
2023-05-23,29.880523681640625,30.76133566067926,29.823080057303287,30.76133566067926,57071281,30.154979799874393
2023-05-24,30.01456069946289,30.617723309394357,29.35395264012853,29.861376486588235,47025383,29.995412216328592
2023-05-25,30.780485153198242,32.551677932778276,30.158172202426933,31.402794451769648,105016081,31.163445096134485
2023-05-26,32.21658706665039,32.36977128005492,30.895370943411486,30.895370943411486,108012919,31.827243096705597
2023-05-29,32.95378494262695,33.72928210935102,32.60912318739392,32.743158923128966,100764606,33.0973967464573
2023-05-30,33.489933013916016,33.68141421006317,32.417643428572006,32.743160366362154,84500835,33.196330217517065
2023-05-31,33.68141174316406,33.94948320681592,33.12611668022832,33.308025446734746,59980714,33.58567054340276
2023-06-01,34.380313873291016,34.9451813340945,33.4133392296442,33.509077991597465,82854186,34.24627814567657
2023-06-02,34.49520492553711,35.0409239637446,34.08352162973846,34.84944641870343,68446177,34.53988350634006
2023-06-05,34.51435089111328,34.86858870622202,34.27500032508309,34.49520240756689,45829639,34.55264664080613
2023-06-06,33.805877685546875,34.68668607865608,33.671838291108465,34.476056396738635,57911819,34.05480068510381
2023-06-07,34.14096450805664,34.42818445614286,33.53780006053573,34.14096450805664,44055641,34.035649674911745
2023-06-08,33.88246536254883,34.02607716228251,33.28887698456916,33.75800204625962,48024014,33.732473169800166
2023-06-09,34.84944534301758,35.00262956564227,33.652692462449664,34.07394816161759,73908346,34.50158912370318
2023-06-12,34.43775939941406,35.70153005148433,34.274999121087006,34.85901506603759,78715874,34.80476285732846
2023-06-13,35.213253021240234,35.366437232694146,33.76757725390642,34.27499926956006,73984680,34.7824225026136
2023-06-14,35.26112747192383,35.51962287172933,34.47605424794474,35.04092173517126,64753015,35.085601530532635
2023-06-15,36.09406661987305,37.147207665050836,35.41431187885466,35.4621812623264,129412477,36.21852872125951
2023-06-16,37.338687896728516,37.606759359078026,35.644085469305324,35.644085469305324,110627681,36.86317757503729
2023-06-19,37.989723205566406,38.296091646562914,36.12278800735648,37.33868935539884,129824949,37.46953428649527
2023-06-20,41.790611267089844,41.790611267089844,38.200352692673185,38.296091460444345,238114700,40.59385840895096
2023-06-21,40.99596405029297,41.74273663654294,40.268339947305776,41.65657028796027,155346847,41.00234687804723
2023-06-26,40.067283630371094,41.34063040544287,39.41624979310429,40.21089543207988,125646881,40.27472127630609
2023-06-27,42.49908447265625,43.50435608530842,39.349230254439725,39.358806321986705,164361200,41.7842236041348
2023-06-28,40.785335540771484,42.087403221889794,39.73219449691395,41.84805265263128,152296428,40.868311086525075
2023-06-29,43.255435943603516,44.021357048514176,40.57471025031625,40.737466887272305,149258741,42.617167747477986
2023-06-30,43.600101470947266,44.37559499391436,42.6331231059884,43.25543605976193,109645422,43.53627319028334
2023-07-03,43.322452545166016,44.758555944453285,42.412919661844114,44.13624301054888,115606458,43.49797605048781
2023-07-04,42.70014190673828,43.31288245788843,42.46079132732338,42.60440313585232,72684570,42.82460523065003
2023-07-05,41.781036376953125,43.4181934565166,41.742739407884976,42.67142082068764,80461572,42.313989747118235
2023-07-06,41.436370849609375,42.60440283768357,41.120429986136834,41.26403814146072,91217316,41.720401224476596
2023-07-07,41.15872573852539,41.646999295714096,40.19174738780677,41.43636962482492,68119634,40.99915747401542
2023-07-10,40.59385681152344,41.74273658836677,40.15344900138711,41.64699782436307,51922726,40.83001413375911
2023-07-11,41.46509552001953,42.412921765324946,40.2108971743144,40.613004393001546,75016431,41.36297148655296
2023-07-12,39.73219680786133,41.61828057202286,39.29179261133835,41.37892998884298,84962895,40.21408999707418
2023-07-13,40.670448303222656,41.05341067503938,39.25349337102053,40.249192615984136,73002100,40.32578411642752
2023-07-14,42.13527297973633,43.083102849390876,41.07255951063259,41.72359335697715,106946600,42.0969784465866
2023-07-17,42.288455963134766,43.36074912117986,41.551259438753455,42.0299605675308,66633924,42.40015484102269
2023-07-18,41.02468490600586,42.84375063986319,40.97681552399903,42.403346481880796,59894918,41.61508368995603
2023-07-19,40.392799377441406,41.19701740884525,40.30663302935529,40.9385183645869,48320128,40.632149938547315
2023-07-20,38.477996826171875,40.74704288929859,38.34396108955509,40.689597436948574,103442881,39.18966693500852
2023-07-21,38.468421936035156,39.2343429904406,37.92270295650879,39.2343429904406,52132992,38.54182262766152
2023-07-24,39.42582702636719,40.344932358309904,38.123759313348366,38.477997141913804,74948578,39.298172899341814
2023-07-25,39.11945724487305,40.30663401165892,38.85138577860523,40.019414061772004,81599368,39.42582567837906
2023-07-26,37.67377853393555,39.00457078076169,37.42485554627447,38.96627381275233,82207307,38.034401620323905
2023-07-27,37.35783767700195,38.075889392251916,37.13763558925595,37.69292701657198,47707600,37.52378755283661
2023-07-28,37.683353424072266,38.056739719991924,37.25252167793429,37.35783651056799,48452342,37.66420494066616
2023-07-31,37.4822998046875,37.96100093296091,37.2429492405508,37.491872220285074,60621441,37.56208332606641
2023-08-01,38.13333511352539,38.75564441314959,36.754673473102734,37.35783794078765,83598772,37.88121766659257
2023-08-02,38.20035171508789,38.91840341159556,37.826961765056076,37.93227659822917,53082940,38.315238963913174
2023-08-03,38.12376022338867,38.90882983635489,37.654635130182044,38.00887296720338,42310500,38.229075063308535
2023-08-04,39.08116149902344,39.31093965743403,37.92270559536153,38.047168916675595,69434824,38.77160225060633
2023-08-07,35.184532165527344,40.067282107210445,35.17495975013724,40.028988793450345,236894499,36.80892467429168
2023-08-08,35.8164176940918,36.6685051043338,35.720678930860004,36.13236218671621,123874722,36.06853390976187
2023-08-09,35.31856918334961,36.32384083718958,35.13666406670042,35.62493761781132,72509631,35.593024695746536
2023-08-10,34.91646194458008,35.490901845518785,34.63881440983978,35.21325431077849,55885135,35.015392733312886
2023-08-11,34.22713088989258,35.23240253523967,34.08351908961451,35.117515286337095,48726760,34.51435083824892
2023-08-14,35.0600700378418,35.241978806202354,33.80587540394439,33.978208104391335,58951314,34.702641415996176
2023-08-15,35.146236419677734,35.9313059881089,34.84944405368535,35.06007006937676,47253346,35.308995487157325
2023-08-16,34.035648345947266,34.84944242798236,33.84416717063315,34.75370001422547,55925230,34.24308598152093
2023-08-17,34.380313873291016,34.801569538964934,33.54737495725864,34.03564848673978,37816569,34.24308612317153
2023-08-18,33.13569259643555,34.255851480598324,32.99208079745068,34.255851480598324,77255061,33.46120829149485
2023-08-21,33.12611770629883,33.98778122644066,33.03037893837191,33.31759889435256,49709178,33.38142595703713
2023-08-22,34.78242492675781,34.945181553540365,33.221858262161874,33.60481696457949,84479175,34.31648824748668
2023-08-23,33.250579833984375,34.303724504413736,33.22185893507622,34.303724504413736,57789094,33.592054424491444
2023-08-24,33.461212158203125,34.18883632191035,32.896344637511966,33.853746967347824,64182805,33.515464372541814
2023-08-25,32.27402877807617,32.78145445103921,31.49853529761899,32.76230596788969,60873361,32.18467284224479
2023-08-28,32.810176849365234,34.02607819343893,32.666565045279405,33.89204245746543,58430569,33.16760669602785
2023-08-29,33.42291259765625,33.61439377922049,32.19743887916474,32.55167669112873,74558219,33.078248418680495
2023-08-30,33.7005615234375,34.65796381869311,33.43248639726998,33.451634881439084,72274699,33.93033724646687
2023-08-31,33.939910888671875,34.31329718617352,33.36546734065414,33.48993065722129,51061809,33.87289180516651
2023-09-01,33.37504577636719,34.08352145466044,32.93464158151462,33.9973550989545,55229331,33.46440293751408
2023-09-04,33.71971130371094,33.93991340181978,33.16441619806252,33.796301591131375,53211775,33.60801363453108
2023-09-05,32.74315643310547,33.67183409673212,32.57082374249442,33.67183409673212,61156125,32.99527142411067
2023-09-06,32.436790466308594,32.60912316993277,31.852774487604414,32.532529234010966,60689062,32.29956270794859
2023-09-07,31.75703239440918,32.53252956869608,31.69001452588808,32.455939284186215,38342052,31.993192162997776
2023-09-08,31.450664520263672,31.97723871415849,31.163444556811946,31.613424812612976,40269326,31.530449263744703
2023-09-11,32.7240104675293,33.46121066691154,31.479388224652737,31.536830024474803,86235722,32.55486978636453
2023-09-12,32.455936431884766,32.83889512517863,32.187861329159496,32.55167519215833,36979946,32.4942309620743
2023-09-13,31.594274520874023,32.29317773110211,31.335775472893808,32.29317773110211,43239870,31.741075908289982
2023-09-14,31.9197940826416,32.77188157877947,31.795330756133797,31.996384370507887,63948244,32.162335472518286
2023-09-15,31.211313247680664,31.996382834677053,31.173019931685644,31.86234709819473,49925427,31.460238671347785
2023-09-18,31.240039825439453,31.83362826214767,30.92409529564628,31.153873467514053,37794251,31.332587794411136
2023-09-19,30.943241119384766,31.34535197251554,30.713466619481316,31.211312586672065,33907540,31.00068657046054
2023-09-20,31.048555374145508,31.460238635339277,30.92409205857071,30.971961440807245,29854467,31.1442953560185
2023-09-21,31.795330047607422,32.63784510856245,31.067705894191715,31.144296180351265,87933796,31.833627016787194
2023-09-22,33.279300689697266,33.317597656324935,31.47938708459379,31.72831006327414,113645063,32.692095143538666
2023-09-25,32.33147430419922,33.173989303777624,32.24530795592188,33.06867447230536,65700415,32.58359052129958
2023-09-26,32.436790466308594,32.95378492498125,32.21658837883322,32.28360624666486,55952472,32.53572125670769
2023-09-27,31.57512664794922,32.40806560607933,31.335776078769314,32.21658807249529,84136381,31.772989444265956
2023-09-28,31.287906646728516,31.65172053393229,31.03898000993652,31.421942380908895,56609419,31.326202396865778
2023-10-09,32.120845794677734,32.436790300439746,30.713466925210213,31.058128678496228,80701366,31.757034340109232
2023-10-10,31.52725601196289,32.31232555550587,31.469810562850096,32.1208443773296,42096646,31.769797376772953
2023-10-11,32.4750862121582,32.91549407226424,31.60385021295302,31.60385021295302,80007662,32.331476832458485
2023-10-12,32.29317855834961,32.82932515147253,32.13042192334079,32.72401031601983,49302784,32.417641877720975
2023-10-13,30.88579559326172,32.07297601387765,30.454965667839726,32.07297601387765,97123050,31.137912424993033
2023-10-16,30.38794708251953,30.885794862826632,29.985838065975422,30.885794862826632,58155550,30.419860003773863
2023-10-17,30.12944984436035,30.617725238449314,30.004988348345506,30.445392531582627,41361090,30.25072114371839
2023-10-18,29.057159423828125,29.679470537622812,28.722068262215625,29.660322053850688,75337104,29.152899407888853
2023-10-19,28.92312240600586,29.65074836809468,28.81780939548376,29.10502935305305,53302269,29.1305600565281
2023-10-20,27.850831985473633,28.8944005985582,27.764665635688676,28.856103631498264,75209560,28.16996607324017
2023-10-23,26.788114547729492,27.764665282123318,26.54876398495257,27.71679590000788,85799685,27.03384793826846
2023-10-24,25.074365615844727,26.893429538468194,24.48077541316976,26.797688947572247,187717707,25.48285685582756
2023-10-25,24.79671859741211,25.61051089769917,24.595664995864677,25.61051089769917,121989637,25.00096483032532
2023-10-26,24.56694221496582,24.643534323873666,23.839316267291316,24.46162738043006,118304898,24.349930935376932
2023-10-27,24.94990348815918,25.179679821593265,24.078667539100778,24.31801811469045,135214287,24.736083616284407
2023-10-30,25.48604965209961,25.96475079501125,24.471201914334976,24.72012672778102,135514160,25.307334120481944
2023-10-31,25.036067962646484,25.495620595027873,24.89245799328978,25.495620595027873,80365465,25.141382183654713
2023-11-01,24.92118263244629,25.342438331446935,24.729701441191466,25.112661997601133,56425680,24.997774135028227
2023-11-02,24.614810943603516,25.160531759420635,24.55736731997535,25.036068444443096,60378519,24.777570007666498
2023-11-03,25.17967987060547,25.25627198189925,24.624386607200556,24.624386607200556,86843253,25.020112819901758
2023-11-06,25.907304763793945,26.04134232256014,25.160532166253258,25.4190293898097,118666580,25.703059750869116
2023-11-07,26.050914764404297,26.280692915062904,25.399882757871254,25.754120573445125,110485124,25.91049681244615
2023-11-08,26.108360290527344,26.39558024053032,25.620084914642355,26.041342423933312,103230889,26.04134181523334
2023-11-09,26.510469436645508,26.606210029114813,25.8977307405019,25.964750433500353,120505629,26.338136735420743
2023-11-10,26.050914764404297,26.395580164292305,25.907304789817594,26.232821706134068,84821322,26.117933239504733
2023-11-13,26.730670928955078,26.960447250131786,26.184951937897917,26.184951937897917,127319654,26.62535670566159
2023-11-14,26.596635818481445,26.845560628753905,26.376431907713556,26.701948826831394,86965188,26.606209451649637
2023-11-15,26.587060928344727,26.970021463233945,26.520043063001598,26.922152081160245,81826000,26.692375151526758
2023-11-16,26.261545181274414,26.72109784351233,26.261545181274414,26.46259878621602,69484325,26.414729402020384
2023-11-17,26.386005401611328,26.663652929617733,26.01261910983707,26.08921121651127,72854264,26.354092480355376
2023-11-20,26.34771156311035,26.682802731153608,25.90730555839923,26.309414594831143,92052484,26.312606617554394
2023-11-21,26.07963752746582,26.759394086438814,26.022193902768073,26.587061386245665,81336644,26.287075172224235
2023-11-22,25.43817710876465,26.079636679687084,25.43817710876465,26.050913955221958,82841573,25.651996965738793
2023-11-23,25.687103271484375,25.687103271484375,25.256271512157415,25.533919051745887,61211693,25.543492685042054
2023-11-24,25.13180923461914,25.70625095377327,25.04564288544103,25.677528228680604,60801232,25.294567691277816
2023-11-27,24.997774124145508,25.23712469423162,24.74884931212396,24.94990291446833,50147109,24.994582710167027
2023-11-28,24.87331199645996,25.07436743453436,24.691406869273624,24.978626836694172,45525207,24.87969543342265
2023-11-29,24.68183135986328,25.036069179757522,24.614811666545524,24.873310719614246,46295489,24.777570735388775
2023-11-30,24.538219451904297,24.73927487879313,24.346740092976745,24.547793693765662,43547858,24.541411474558057
2023-12-01,25.0264949798584,25.160532540618952,24.432906589704256,24.49992445703457,77140147,24.873311370060534
2023-12-04,24.68183135986328,25.179679156095723,24.519072899720005,25.036069179757522,69032604,24.793527805226336
2023-12-05,24.011648178100586,24.55736716435971,23.963778796397097,24.55736716435971,70361451,24.177598046285798
2023-12-06,24.136110305786133,24.337165731688348,23.85846459756867,23.935056705983822,47978811,24.11058021168105
2023-12-07,24.097816467285156,24.289297661723896,23.858465887286734,24.069093740289343,52048417,24.08186000543193
2023-12-08,24.98819923400879,25.352011287618318,23.97335335447706,24.03079697849964,129280737,24.77118795870139
2023-12-11,25.43817710876465,25.486048316206528,24.423331250294773,24.796717537842213,96061603,25.11585222508865
2023-12-12,25.323291778564453,25.639234467179474,25.083941201550044,25.323291778564453,65630255,25.34882248243132
2023-12-13,24.777570724487305,25.390309438333492,24.777570724487305,25.323291569498746,56354926,24.98181696243603
2023-12-14,25.227550506591797,26.108360679448396,24.930756310354226,24.930756310354226,128124810,25.42222249879814
2023-12-15,25.543493270874023,26.07963803947874,25.007348502269302,25.332863599347213,142809145,25.543493270874023
2023-12-18,24.86373519897461,25.409456002753345,24.65310736625112,25.323289656161958,78495734,24.975432855993024
2023-12-19,24.83501434326172,25.122234281657025,24.566941061619556,24.729699513670184,59791892,24.841396562179437
2023-12-20,24.088239669799805,24.902031920691652,24.07866542848345,24.835014057576995,72127672,24.356312339658302
2023-12-21,24.480775833129883,24.643534292615097,23.647836878076063,23.86803896264432,73845937,24.257382334607016
2023-12-22,24.097816467285156,24.844590934276237,23.94463224217417,24.480777030062633,69032453,24.29567988124519
2023-12-25,24.241424560546875,24.566941470060055,24.03079672396182,24.03079672396182,44630398,24.279720918189582
2023-12-26,23.590391159057617,24.241424989606916,23.341466351724065,24.19355560693119,70943156,23.724427500129533
2023-12-27,23.590391159057617,23.79144658371544,23.437206943175415,23.580816917302492,52359613,23.60634822864949
2023-12-28,25.17967987060547,25.28499470842191,23.41805948474851,23.494653422142267,167972268,24.62757802125863
2023-12-29,25.352012634277344,25.399883845255577,24.98820056134269,25.131810542077424,80246966,25.246699013625204
2024-01-02,24.509498596191406,25.380734520032476,24.49035011243448,25.37116027815401,112461318,24.793527742886123
2024-01-03,24.250999450683594,24.672256961219368,23.9925003992571,24.413757909792874,73969611,24.30525227038669
2024-01-04,23.877613067626953,24.337165717856685,23.70528036726583,24.337165717856685,77460377,23.97335305091649
2024-01-05,23.50422477722168,24.250999198201185,23.34146631980691,23.954205008597746,96123917,23.698896765076594
2024-01-08,22.403213500976562,23.45635639836819,22.393639258824823,23.43720791406471,116035899,22.751069719389857
2024-01-09,22.7574520111084,23.121264064068747,22.422360857058152,22.537249930998193,87315488,22.767025644078434
2024-01-10,22.78617286682129,23.207430369002992,22.259602358669067,22.604267753735904,78266839,22.751068531497783
2024-01-11,23.102115631103516,23.255301672057556,22.65213722823192,22.74787781904074,90795107,23.003184843797666
2024-01-12,22.556396484375,22.98722822704149,22.537249827223057,22.94893126053786,71809378,22.693624846213183
2024-01-15,22.623414993286133,22.910636771935128,22.259602931650647,22.317046556940475,49882974,22.597884898957304
2024-01-16,23.044673919677734,23.07339664713422,22.317047925680388,22.479806395733743,72818107,22.81170616416411
2024-01-17,22.374492645263672,23.07339588883533,22.374492645263672,22.901063181960133,62768590,22.607460393120892
2024-01-18,23.025524139404297,23.025524139404297,22.11599306764837,22.211733661017398,109711518,22.72234711548565
2024-01-19,22.78617286682129,23.26487399281417,22.709580759706423,22.96807980600655,76625582,22.920209206447293
2024-01-22,21.89579200744629,22.91063796208494,21.70431081173333,22.83404584901976,87564072,22.170246927088186
2024-01-23,22.872339248657227,23.006376805876943,21.742604297504652,21.82877064639594,115860500,22.540440117346275
2024-01-24,22.996803283691406,23.06382115134805,22.12556735195513,23.015951767621857,103062042,22.72873059566486
2024-01-25,23.66698455810547,23.829743024621767,22.7000080012851,22.834045567069108,143659297,23.398911861337442
2024-01-26,23.188282012939453,23.609539517432705,23.082969006391053,23.47550378577117,95365627,23.29359684558774
2024-01-29,22.623414993286133,23.418058809845146,22.55639712609801,23.360615184555318,78984441,22.865956976409763
2024-01-30,21.87664222717285,22.73830390465561,21.82877101802942,22.422361228708603,77523236,22.147905716619295
2024-01-31,21.024553298950195,21.886216816202204,21.005406641088992,21.78090198051586,89528627,21.305392252080463
2024-02-01,21.32135009765625,21.809625499827767,20.63201925877881,20.756482582953907,77835415,21.254331618754275
2024-02-02,20.775630950927734,21.65644115313527,20.134171327297246,21.369219363182815,84385843,20.855414477120082
2024-02-05,20.928813934326172,21.378792337977234,20.000132575801796,20.51713067140504,100624811,20.769246282701733
2024-02-06,22.096845626831055,22.106419869229903,20.641593652006822,20.660742136804515,112266451,21.61495304935593
2024-02-07,22.163862228393555,22.34576917135538,21.83834530987236,22.08727011968856,98380590,22.115992236540432
2024-02-08,22.9776554107666,23.121265391863897,22.30747306417925,22.384065175837804,108345776,22.802131288936582
2024-02-19,23.647836685180664,23.714854551580867,23.035097993593297,23.552096093423273,120590576,23.46592974345161
2024-02-20,23.25530242919922,23.51379965886928,23.073395483349962,23.44678179095112,80037442,23.280832523806154
2024-02-21,23.39891242980957,23.906334473740866,22.987229153797422,23.015951879833132,111394250,23.430825352449286
2024-02-22,24.241424560546875,24.796717789816437,23.781871921034107,23.925481892619363,139407740,24.273338090465803
2024-02-23,24.432907104492188,24.643534952839545,24.174408045543178,24.50949921535486,103278624,24.416950034291634
2024-02-26,24.509498596191406,25.01692063305054,24.337165894578902,24.566942221362268,115998496,24.62119504127362
2024-02-27,26.960447311401367,26.960447311401367,24.298868389381106,24.41375746328049,289459669,26.073254337394616
2024-02-28,26.213672637939453,28.10933046894621,26.213672637939453,27.649776003977987,358209477,26.845558581608373
2024-02-29,28.588031768798828,28.702919016180676,26.003044963408893,26.022193446672492,345344884,27.764665249462798
2024-03-01,29.239065170288086,29.612451458056846,28.224217485116835,28.578457115997338,320903340,29.025244704487253
2024-03-04,28.980567932128906,29.870952359398867,28.377403463158952,29.669896927708894,250868808,29.076307918228906
2024-03-05,27.86040687561035,28.71249432542495,27.688074172029882,28.453995270054246,273285115,28.086991791021727
2024-03-06,28.31038475036621,29.191194909278952,27.688073641874578,27.74551726660152,222685876,28.39655110050658
2024-03-07,27.420000076293945,28.549735032560783,27.305112827985386,28.233792360562422,183709842,27.758282645613374
2024-03-08,28.894399642944336,28.96141750698287,27.429573571145625,27.668924129054574,237691181,28.428463573690944
2024-03-11,28.722068786621094,28.789086654947216,28.22421915605567,28.262516124299143,187760801,28.57845819920799
2024-03-12,27.97529411315918,28.655050685150524,27.86998110354639,28.530587365471852,163883428,28.166775300618696
2024-03-13,27.917848587036133,28.482716042882114,27.86040496514835,28.32953183378149,140223371,28.0869898650222
2024-03-14,27.573184967041016,27.994442482060514,27.09448382645975,27.525315583422863,139111577,27.554037091853758
2024-03-15,27.764665603637695,27.860406195077115,27.017891181730096,27.429574446649674,123182534,27.547654326814968
2024-03-18,28.28166389465332,28.463569010919066,27.621055817925356,27.764665793014068,152776767,28.122096241165917
2024-03-19,27.822111129760742,28.30081229357817,27.822111129760742,28.02316656813607,105883083,27.981678184366547
2024-03-20,27.93699836730957,28.099756825301224,27.525315101442448,27.70722204298604,102936111,27.85402343135108
2024-03-21,27.467870712280273,28.118904526124467,27.448722229261364,27.92742334813505,101663352,27.6784991558887
2024-03-22,26.692373275756836,27.496591292238016,26.433876062394894,27.3051119425662,163763599,26.874280210129914
2024-03-25,26.34771156311035,27.171076294013833,26.26154521058209,26.692375147123453,93137809,26.59344435590209
2024-03-26,25.89773178100586,26.53919140239251,25.639234544882875,26.280694166269523,106538061,26.025385909427083
2024-03-27,25.036067962646484,26.07006229855453,25.036067962646484,26.022192917468903,100692429,25.3807327412825
2024-03-28,26.28069305419922,26.692374496567332,25.045643248795145,25.045643248795145,148553139,26.00623693318723
2024-03-29,26.79768943786621,26.232821949955106,25.792417780315894,26.232821949955106,52682109,26.274309722712403
2024-04-01,26.960447311401367,27.065762143634146,26.692374023036056,26.93172458640155,102177746,26.90619449269052
2024-04-02,26.558338165283203,26.912577800859204,26.376431226684726,26.84555993561236,76024853,26.615782397609042
2024-04-03,26.060489654541016,26.481747173095595,26.012620270521154,26.386006578955925,68108574,26.18495236605259
2024-04-08,25.696678161621094,26.16580507466537,25.67752967714582,25.830713900748034,58091244,25.846670971144096
2024-04-09,25.86901092529297,25.907306068225825,25.457327638689787,25.696678216845125,53800775,25.744548210736195
2024-04-10,25.36158561706543,25.801991605695537,25.170106260960942,25.801991605695537,58484773,25.44456116124064
2024-04-11,25.620086669921875,26.031769965604592,25.18925488930042,25.217977616708527,71788742,25.613703841608963
2024-04-12,25.81156349182129,26.127507983807238,25.696676245735354,25.696676245735354,85380081,25.878582573787963
2024-04-15,26.98917007446289,27.1902236714455,25.821138154888125,25.83071239656823,152468173,26.666843966932174
2024-04-16,26.41472816467285,26.989169878611598,26.32856181627705,26.80726294020936,102271435,26.577486619853833
2024-04-17,27.75509262084961,27.75509262084961,26.46259914303992,26.615783365851442,150311301,27.324261461579713
2024-04-18,27.43914794921875,27.908274825924185,27.333833118862483,27.487017330598956,107831784,27.56041863133514
2024-04-19,26.835987091064453,27.668926068351844,26.567913790021404,27.352983382811807,105088034,27.024275649812566
2024-04-22,26.30941390991211,26.596635686229,25.897730642127836,26.223247559627033,74451894,26.267926746089646
2024-04-23,26.328563690185547,26.701950009076178,26.041343725823523,26.51047064153483,60331096,26.357285808361752
2024-04-24,27.037038803100586,27.075335768895126,26.22324654096498,26.453022857432707,93875140,26.7785403709869
2024-04-25,26.615781784057617,26.970021419569047,26.50089453682679,26.778540239384512,67798272,26.695565913484486
2024-04-26,27.5157413482666,27.72636919277834,27.046614449513232,27.14235504287309,148981889,27.429574996852722
2024-04-29,27.649778366088867,28.032740757295375,27.33383567161351,27.582760495457734,135467026,27.672118264999252
2024-04-30,27.4487247467041,27.860408038868727,27.3338356641535,27.735944713930575,85395338,27.547656149908775
2024-05-06,27.5157413482666,28.032739456749866,27.448723480744682,27.764666160562253,117710751,27.66573476192038
2024-05-07,27.199798583984375,27.735943348594752,27.065762849356762,27.50616702090459,90780660,27.333834927311965
2024-05-08,26.45302391052246,27.037039879439902,26.405154527473453,26.998744738220676,89707499,26.631739439145274
2024-05-09,26.874282836914062,27.05618978906735,26.347712291222983,26.36686077589175,65836054,26.759394972401466
2024-05-10,26.79768943786621,27.094483631583937,26.424303135250366,26.903004272388596,70704328,26.77215873490017
2024-05-13,27.37213134765625,27.72636916885212,26.433877550959167,26.596636011700493,113432714,27.17745935582251
2024-05-14,27.467870712280273,27.554037059765527,26.998743834916038,27.38170436479502,80080910,27.340217202320613
2024-05-15,26.979597091674805,27.439149757163808,26.950874365294254,27.362557646248973,58102065,27.12320707137762
2024-05-16,27.314687728881836,27.649777066285104,27.171075925880515,27.209372893640847,104019922,27.378513573682483
2024-05-17,27.14235496520996,27.314687667544618,26.730671693210493,27.314687667544618,81893839,27.062571441988357
2024-05-20,26.64450454711914,26.941298733340844,26.232821287402015,26.615781822220317,111337609,26.606208189287333
2024-05-21,26.242395401000977,26.70194804054083,26.089211187821025,26.567912310533337,86312331,26.344518209787612
2024-05-22,26.30941390991211,26.50089509412337,26.041342443336237,26.146655451162513,54309821,26.283883815790574
2024-05-23,25.84986114501953,26.376431660126265,25.782843278671393,26.328562277334708,65736144,26.0030453612724
2024-05-24,25.65838050842285,26.108360751091944,25.63923385055816,25.763695344128372,46294546,25.801991703357654
2024-05-27,26.098787307739258,26.108361550014546,25.50519706937131,25.754121890228834,52767764,25.904115309041703
2024-05-28,25.830713272094727,26.30941441572628,25.801992372180795,26.03176870199195,44785850,25.980706686667265
2024-05-29,25.667953491210938,26.0317673642915,25.59136138520974,25.830711944725955,37502541,25.76369408023739
2024-05-30,25.70625114440918,25.89773050148063,25.380734228677824,25.620084794592064,41573878,25.66157195818921
2024-05-31,25.81156349182129,26.165803123802597,25.687102004211553,25.734971385730717,49763836,25.888156206611814
2024-06-03,26.070064544677734,26.30941512292729,25.66795550017448,25.725400953746366,60288705,26.015811722593167
2024-06-04,26.098787307739258,26.165805177566284,25.80199310160528,25.945603083534625,42192050,26.02219519563694
2024-06-05,26.0030460357666,26.32856296027251,25.983897551713323,26.098786629933034,49576304,26.105168849250813
2024-06-06,26.07963752746582,26.405154444252904,25.878583927973747,26.13708115216357,69035579,26.12112529989749
2024-06-07,25.648807525634766,26.146655315011817,25.466900584191286,26.08921169048752,68027226,25.754121141612625
2024-06-11,25.7828426361084,25.84028625924663,25.390307863480743,25.52434359283657,38279820,25.671145586278588
2024-06-12,26.34771156311035,26.47217305781787,25.687103469093643,25.715826195303052,87587160,26.16899603000729
2024-06-13,26.520044326782227,26.807264285111295,26.271119510717057,26.376432521517735,73802045,26.532809374203527
2024-06-14,26.634931564331055,26.86470789608194,26.33813736408199,26.386006748409272,79428600,26.61259227483166
2024-06-17,26.567913055419922,26.759394240313366,26.510469430391858,26.548764571710596,58959563,26.612592242041714
2024-06-18,27.113632202148438,27.257242178529747,26.52004381281238,26.539190470523273,95548466,26.96363939783019
2024-06-19,27.0274658203125,27.238095489791753,26.91257856977829,27.113632171263117,65655679,27.059379959960847
2024-06-20,26.299840927124023,27.104059017551187,26.28069426866623,26.960449035567763,79433802,26.561531404447148
2024-06-21,26.768966674804688,26.874281509179784,26.108360421269747,26.16580404633802,67651793,26.58386953508474
2024-06-24,25.84986114501953,26.874281275998026,25.83071266146295,26.615782226283855,76508079,26.184951694160173
2024-06-25,25.332862854003906,25.964750023893014,25.170106223303545,25.8498609495223,70950119,25.48923970040015
2024-06-26,26.251970291137695,26.366859366910905,25.27541953841509,25.37116013054278,73206153,25.964749732154562
2024-06-27,25.73497200012207,26.19452647373667,25.65837989220295,26.137081023222407,51393949,25.86262612202056
2024-06-28,26.778541564941406,27.0466148652496,25.725400500094842,25.734972916088026,129760469,26.516852310095285
2024-07-01,26.941299438476562,27.046614273095457,26.654079486370385,26.778540978656416,69433289,26.88066439931414
2024-07-02,26.548765182495117,27.008317845492012,26.42430368772094,26.903004834867698,60124353,26.660462238569355
2024-07-03,26.5391902923584,26.7593942025047,26.24239609968283,26.548764534199535,49921638,26.513660198181977
2024-07-04,26.318986892700195,26.883854350391708,26.299838409975102,26.663652277352597,62647533,26.500893217689
2024-07-05,26.318986892700195,26.472171102301303,25.907303644609787,26.24239478789964,59566739,26.232820546537095
2024-07-08,26.04134178161621,26.433876555784924,25.945601191943386,26.232821134862,50871496,26.140273176448176
2024-07-09,27.64020347595215,27.6593501329188,25.95517531419654,26.003044695762952,194074782,27.084909641022495
2024-07-10,27.621057510375977,27.908277478152495,27.43915055686417,27.573186298346542,116991513,27.65616184846421
2024-07-11,27.879554748535156,28.34868163905547,27.592332973496255,27.936998373102977,130686794,27.94018978702896
2024-07-12,27.400854110717773,27.67849982288927,27.209372923903,27.57318498753115,80872601,27.429575619170013
2024-07-15,27.246868133544922,27.53130170227779,27.099745322370268,27.462645388126557,59446934,27.292638386064326
2024-07-16,27.88439178466797,28.002087781660528,27.1684018789401,27.19782494281617,94241773,27.684960481756196
2024-07-17,27.452836990356445,27.99228293124405,27.364564052224733,27.717655804751583,76451795,27.603227991275077
2024-07-18,27.256675720214844,27.27629047320438,26.560300543620627,27.158594472290336,94120986,27.03108891234662
2024-07-19,27.570533752441406,27.776502685942713,27.031087833317855,27.070321080124298,80784591,27.45937475723399
2024-07-22,27.335140228271484,27.668613476607312,27.178209109812478,27.5803424116689,60021579,27.39398760489709
2024-07-23,26.579917907714844,27.452837109994533,26.5603012834347,27.433220485714386,64989194,26.864352100381357
2024-07-24,26.413179397583008,26.795694203635655,26.275866774024458,26.55049202114156,60260621,26.494913458414374
2024-07-25,26.226825714111328,26.442602965343937,25.99143183892733,26.226825714111328,54939161,26.220286839460865
2024-07-26,26.413179397583008,26.530875397563427,26.19740027971192,26.285673215069334,47004814,26.380485024952787
2024-07-29,26.148361206054688,26.501452955782757,26.148361206054688,26.472028019724007,39658525,26.266058455964043
2024-07-30,26.246442794799805,26.26605941909256,25.608917471239323,26.030665539812272,49749298,26.040473228377227
2024-07-31,26.893775939941406,26.99185718887184,26.089513066051452,26.089513066051452,81429742,26.658382064954896
2024-08-01,26.638765335083008,26.991857081530707,26.62895702315455,26.893775832990322,56144256,26.75319314658942
2024-08-02,26.099321365356445,26.550492491175632,26.060088117505614,26.354331864154158,55821851,26.236633991345897
2024-08-05,25.33428955078125,26.128744102340466,25.33428955078125,25.99143147807557,72920366,25.59910773463432
2024-08-06,25.550065994262695,25.765845106447326,25.353905375883382,25.648147238824425,43029242,25.556605492197804
2024-08-07,25.540260314941406,25.814885563009035,25.43237075563244,25.55987506784324,36628521,25.59583887786096
2024-08-08,25.422561645507812,25.59910751128992,25.010621915597618,25.32448040110174,40127129,25.344097024131784
2024-08-09,25.314672470092773,25.736420517857308,25.314672470092773,25.599107896071335,30775534,25.45525515268095
2024-08-12,25.059661865234375,25.275440979339482,24.96158249054386,25.216591109632187,29287700,25.098895111705904
2024-08-13,25.344097137451172,25.344097137451172,24.971388781190456,25.118511583829456,25599538,25.2198610186976
2024-08-14,25.22640037536621,25.4519878096214,25.22640037536621,25.393137937688273,24401391,25.301596186784607
2024-08-15,25.48141098022461,25.579492229774548,25.069471228710263,25.15774416623078,34303744,25.376791479569807
2024-08-16,25.540260314941406,25.716804315523085,25.36371444361553,25.481410444003316,37949028,25.540259691360006
2024-08-19,25.657957077026367,25.873734331305794,25.34409857234929,25.54026107314459,42274861,25.625263326893815
2024-08-20,25.128320693969727,25.657956439771922,25.049856069749247,25.648148127901337,42506239,25.2787110678303
2024-08-21,24.77522850036621,25.226399613767022,24.77522850036621,25.040047303837557,32999122,24.925618871499818
2024-08-22,23.617874145507812,24.765420434531723,23.304015651201134,24.74580381095151,102061914,23.895770077080225
2024-08-23,23.91211700439453,23.970966877567125,23.49037080445653,23.539410494689427,42638485,23.791151562139394
2024-08-26,23.961156845092773,24.147511021938257,23.843458977941907,23.912115287636524,30161627,23.984042281657647
2024-08-27,23.441328048706055,23.84345947450135,23.392288360972646,23.833651162805836,31666559,23.559025294726684
2024-08-28,23.52960205078125,23.735572864243828,23.362864485880785,23.39228942230237,25020052,23.542679800301954
2024-08-29,23.853267669677734,24.02000522619868,23.27459037767823,23.343246688467296,37961315,23.715954424518216
2024-08-30,24.35348129272461,24.6477231706962,23.78461229010043,23.8238455382269,59640405,24.26193891784041
2024-09-02,23.735572814941406,24.4907941407508,23.725764502821253,24.39271476103776,40214437,23.98404381950449
2024-09-03,23.892501831054688,24.059239393959615,23.63749133068573,23.63749133068573,23462577,23.86307751856668
2024-09-04,23.764995574951172,23.95134976134918,23.55902663530934,23.657107884505358,24164620,23.7584573238699
2024-09-05,23.98077392578125,24.098469924434372,23.73557174605238,23.73557174605238,25353588,23.938271865422667
2024-09-06,23.627681732177734,24.02000483802091,23.57864204547639,24.000388215042715,24857865,23.742109538558342
2024-09-09,23.07843017578125,23.57864285442184,22.882267680757575,23.490369918735606,47425204,23.179780236986886
2024-09-10,23.402097702026367,23.480562328297644,22.85284344738315,23.098045638323935,39966612,23.24516782590239
2024-09-11,23.33344078063965,23.44132846973977,23.196126285180267,23.24516784453869,22323900,23.323631845186565
2024-09-12,23.264781951904297,23.657106932907247,23.245167199449472,23.402096443552992,24012030,23.389018694753673
2024-09-13,23.088237762451172,23.451135934879602,23.078429450933626,23.215742070690965,22206040,23.2059343827548
2024-09-18,23.19612693786621,23.254974940007962,22.901885056413196,23.13727893572446,23307994,23.117662311429125
2024-09-19,23.470752716064453,23.715954893422847,23.05881298327259,23.32363178379825,40803412,23.41517353091996
2024-09-20,23.696338653564453,23.863076211695052,23.490369719208868,23.490369719208868,45620093,23.683261528156123
2024-09-23,24.422136306762695,24.765419726627147,23.92192364423063,24.020004888583923,93792149,24.369826559206825
2024-09-24,24.932157516479492,24.941965828081948,24.15731773658275,24.500601159692142,92258309,24.677147027048065
2024-09-25,24.99100685119629,25.599109107844498,24.902733912799867,25.196977664369356,98413307,25.164283290613554
2024-09-26,25.795269012451172,25.795269012451172,24.87331014740586,24.951774771468106,91092698,25.4879493907694
2024-09-27,28.10997772216797,28.237483903187968,26.12874366184633,26.148360285194663,191391162,27.49206842906742
2024-09-30,30.55219078063965,30.777776333767036,28.463069062524713,29.01232141340918,286947790,29.93101205897713
2024-10-08,33.6123161315918,33.6123161315918,31.974363582283814,33.6123161315918,316587709,33.066331948489136
2024-10-09,31.434919357299805,33.582892891673254,31.130869171818475,33.219990964133224,269019865,32.049560473597175
2024-10-10,31.0425968170166,32.41572870408834,30.59142568628707,32.170526514584665,171084858,31.34991706913067
2024-10-11,29.267332077026367,30.97393900915967,28.855392343701492,30.709120208291356,166810005,29.69888780996251
2024-10-14,29.826393127441406,29.973514061795203,28.894624091960377,29.404645077081447,117696424,29.564843760398997
2024-10-15,29.404645919799805,30.50315254456275,29.385029295791984,29.75773766896365,115544641,29.764275920051514
2024-10-16,28.875009536743164,29.394836966398113,28.727888601383164,28.875009536743164,86121711,28.99924503484148
2024-10-17,28.884817123413086,29.59099871785973,28.875008811869417,29.1300192997723,86259528,29.116941551047415
2024-10-18,30.287372589111328,31.022979132478525,28.767119814450123,28.884817684516314,171164415,30.02582384534666
2024-10-21,31.101444244384766,31.670315109443273,30.316798000759597,30.542383561958808,164232532,31.02951911819588
2024-10-22,29.502727508544922,30.02255682626779,29.208485628019073,29.91466726372766,225061818,29.577923320943928
2024-10-23,30.09121322631836,31.160294930424744,29.237908777164506,29.43407127857172,202578848,30.1631389779692
2024-10-24,30.944515228271484,31.856667662557573,30.405071165567175,30.503152414443655,266349762,31.06875135213208
2024-10-25,30.797393798828125,31.003364605256035,30.41487899213311,30.787585487022586,144530701,30.738545798739093
2024-10-28,30.444303512573242,30.66988906879315,30.218716085609167,30.65027244544946,105450702,30.444302888991853
2024-10-29,30.189292907714844,31.24856624461304,30.179484596079917,30.581616019391184,148437166,30.5391145828026
2024-10-30,29.669464111328125,30.297181100499902,29.2869493048946,29.914666294066375,133921875,29.751198172240876
2024-10-31,29.698888778686523,30.081403581667782,29.237907482022777,29.46349490987158,114645794,29.67273328079236
2024-11-01,29.031938552856445,29.816584782361684,29.031938552856445,29.49291797884775,101329245,29.29348729602486
2024-11-04,29.718503952026367,29.846010135321077,29.149634959985246,29.15944327183439,77809651,29.57138301577756
2024-11-05,30.483535766601562,30.562000391492337,29.532151955957886,29.689081205739438,136879055,30.192562704683926
2024-11-06,30.709121704101562,31.778205271245106,30.169677635236997,30.47372782655643,206571283,30.88566820352789
2024-11-07,31.238758087158203,31.268181151464045,30.208907809337763,30.297180743743635,146159772,30.905282349320004
2024-11-08,32.150909423828125,33.25922435191615,31.59184873919267,31.7291613646837,248811831,32.33399417164565
2024-11-11,35.36796569824219,35.36796569824219,31.895901744166682,32.229376876617245,255971423,34.210611046883685
2024-11-12,34.132144927978516,35.711247668536366,33.69078022697033,35.36796609080144,343530058,34.51139094116174
2024-11-13,34.75986099243164,35.554317432338365,33.75943561156378,33.78886241847857,271825742,34.69120467877793
2024-11-14,32.57265853881836,34.70101552738557,32.49419578234657,34.475429957982435,231945494,33.255956616183504
2024-11-15,32.307838439941406,33.494619854878835,32.25879875140412,32.54323418300415,181613775,32.68708568207479
2024-11-18,31.67031478881836,32.86689889517457,31.454535670947795,32.70016320699341,140084364,31.99724978498024
2024-11-19,31.876283645629883,31.99397964532008,30.7483539830872,31.83705039857036,133949243,31.53953909134572
2024-11-20,31.7782039642334,32.03321258469415,31.50357497894298,31.59184791323484,107233935,31.771663842623507
2024-11-21,31.67031478881836,32.05282959487009,31.385879359168683,31.640887982707042,86829308,31.70300791428571
2024-11-22,30.35603141784668,32.1214864112352,30.336414793960444,31.591848790772115,132339216,30.937977541014106
2024-11-25,30.042171478271484,30.473727856229907,29.46349603129137,30.218717354288305,98406505,29.993131788597584
2024-11-26,29.826393127441406,30.54238304650896,29.77735343957153,30.405070423877973,64708378,30.048709871173966
2024-11-27,30.4246883392334,30.434496651372694,29.620425451253674,29.620425451253674,73732294,30.159870147286586
2024-11-28,30.150060653686523,30.69931302811427,30.11082927659951,30.434496088230315,66139865,30.320067652800102
2024-11-29,30.562000274658203,30.924900332605862,29.993131278688733,30.07159590327955,79966209,30.493343961984266
2024-12-02,30.99355697631836,30.99355697631836,30.434496286294504,30.56200060108736,84687086,30.807203412977074
2024-12-03,30.542383193969727,30.964131246365913,30.208908076760846,30.944514622825583,74461519,30.57180750569883
2024-12-04,30.1991024017334,30.748354779585117,30.002939902842808,30.503152591343998,67017966,30.316799028053776
2024-12-05,30.179485321044922,30.35603119322626,29.963706201381417,30.012747760734126,45135269,30.166407571884196
2024-12-06,30.699312210083008,30.817010079696246,30.189293097076757,30.267757719904193,74690194,30.568538462285336
2024-12-09,30.463918685913086,30.944514740005996,30.218716502962977,30.601233180471198,57861696,30.542383309627354
2024-12-10,30.532575607299805,31.52319267068187,30.463919294022354,31.52319267068187,97473265,30.839895857334678
2024-12-11,30.55219078063965,30.679696959881486,30.287371981362725,30.53257415756488,55263210,30.506419907294617
2024-12-12,30.679697036743164,30.69931178912293,30.29718036880347,30.56199916874384,60759229,30.55872973155652
2024-12-13,29.963706970214844,30.463919663982104,29.91466728034804,30.385455037748667,73100145,30.114097971514997
2024-12-16,30.748353958129883,30.77777702265646,29.97351416603089,29.99313078954473,110109638,30.499881715605742
2024-12-17,32.523616790771484,33.8280941756718,32.33726448213786,32.36668754626729,493647742,32.89632514952705
2024-12-18,33.896751403808594,34.93640627373185,31.493769242335613,31.86647761117956,432061996,33.44230897329202
2024-12-19,37.07456970214844,37.290348822681295,34.20079978854875,34.20079978854875,604031374,36.18857277112616
2024-12-20,36.66263198852539,37.2314991158708,35.68182324211264,36.09376111969154,399563043,36.52531811550295
2024-12-23,35.45623779296875,37.73171379261471,35.22084204682089,37.417855292076545,292997985,36.13626454413478
2024-12-24,36.10356903076172,36.67243612231415,35.112950163980805,35.956446231461356,243344491,35.96298510568556
2024-12-25,37.359004974365234,38.36923677707442,35.72105243658179,35.79951893152423,341551695,37.14976472934048
2024-12-26,40.20335006713867,40.82125685131438,36.9372553158317,37.221690735429675,346433237,39.320620744761584
2024-12-27,39.31081771850586,40.203353559104755,39.04599889879121,40.01699749625635,246093405,39.52005672546728
2024-12-30,40.01699447631836,41.292045046452095,39.2911981287524,40.095460968751595,277403747,40.200079217174284
2024-12-31,39.62467575073242,41.24300797413946,39.18331105653468,40.02680719622625,284838390,40.01699826046885
2025-01-02,37.20207595825195,40.14450219017388,36.83917777059835,39.61486457047071,329999755,38.06191863967473
2025-01-03,34.9658317565918,37.58458919754111,34.86774864140431,37.51593288765401,273493496,35.80605653184574
2025-01-06,34.132144927978516,35.701441226953335,33.779053167171966,35.073720462470256,215596743,34.53754644070127
2025-01-07,34.75005340576172,34.965832522411894,33.84770743371509,34.42638473078645,244307135,34.52119778729624
2025-01-08,34.210609436035156,34.72063042291449,32.857092345528,34.20079925353435,236241597,33.92944406815922
2025-01-09,37.633628845214844,37.633628845214844,33.73982084278779,33.8280937756205,391504889,36.33569284440583
2025-01-10,36.986297607421875,39.06561488181346,36.96668098315533,37.564974928075145,337007238,37.67286449079689
2025-01-13,38.25154113769531,39.00676432195663,36.65282183227231,36.69205508011435,275892695,37.97037576397475
2025-01-14,40.70356369018555,41.76283895080848,37.33938933165354,38.27115840538922,334016550,39.935263990882525
2025-01-15,40.13469314575195,41.331281044612666,39.57563244515046,40.21315964340969,243089622,40.34720221183836
2025-01-16,39.193115234375,40.12488425909197,38.19268989913567,39.98757163804726,290635201,39.17022979753421
2025-01-17,40.47797775268555,41.78245145077353,38.2123081825473,38.790985497440346,325467720,40.15757912866879
2025-01-20,39.712947845458984,41.36070309962606,39.37947272154088,41.0076150932614,242727347,40.15104122220864
2025-01-21,42.05707931518555,42.76325905531696,40.232774481993346,40.48778310508473,351807875,41.68437095083195
2025-01-22,42.22381591796875,42.69460366875338,41.07627147696029,41.50782597980742,247306347,41.9982303545608
2025-01-23,40.31123733520508,42.91038196815739,39.63448065795738,42.88095890351265,306570011,40.952033320439945
2025-01-24,42.096309661865234,42.34151184882807,40.16411897281023,40.232775285840745,268008714,41.53398016116785
2025-01-27,39.21273422241211,41.880535277271804,39.21273422241211,41.880535277271804,235879849,40.10200124069868
2025-02-05,41.743221282958984,42.155159157465825,40.605483295264506,40.713369113715046,267628353,41.50128791189644
2025-02-06,42.567100524902344,43.80291788269507,41.39012929655931,41.43916898493019,262699338,42.586715901385574
2025-02-07,42.08650207519531,43.44982559896567,41.184159847645105,42.174775009758996,328761952,42.2401625072687
2025-02-10,41.439170837402344,41.978614916573775,40.311239247007805,41.978614916573775,224708444,41.24300833366131
2025-02-11,40.83106994628906,41.498020205999616,40.61529082065079,41.20377458322433,159099342,40.981460324313154
2025-02-12,41.13511657714844,41.13511657714844,39.81102629507154,40.713368526104134,239505801,40.69375314978947
2025-02-13,39.00676345825195,40.70356210422037,38.82041114736121,40.70356210422037,278677602,39.51024556994451
2025-02-14,38.97734069824219,39.40889519385479,38.39866339607453,38.66347846149219,188927125,38.92829976272384
2025-02-17,40.11507797241211,40.60548233030718,39.18330894411381,39.42851112306135,223828258,39.967956415611035
2025-02-18,38.53597640991211,39.77179377982068,38.3986637845321,39.54620821791231,164822890,38.9021446580883
2025-02-19,39.614864349365234,40.00718934136048,38.21230755399157,38.36923680249199,178075711,39.278120414905764
2025-02-20,39.05580520629883,39.56582621938899,38.663480198848376,39.41870340622293,121766360,39.09503720817873
2025-02-21,42.576908111572266,42.95942292924096,39.06561469720134,39.60505876677228,387523865,41.53398191267152
2025-02-24,42.95942306518555,43.23405206299991,41.58629304206777,42.096310306247645,290190099,42.59325605675107
2025-02-25,41.68437194824219,42.8613431986079,41.06646138703971,41.58629256966524,201882277,41.8707255112966
2025-02-26,41.46859359741211,42.07669772867049,40.78203045161803,41.782452104486126,160115044,41.442440592566875
2025-02-27,39.7031364440918,41.733410190441106,39.24215514948986,41.29204551917205,201336579,40.22623392800759
2025-02-28,37.91806411743164,39.47755009701034,37.859214248612126,39.22254148176896,166992468,38.41827615435137
2025-03-03,35.44642639160156,36.7803268437739,34.73043647802137,36.64301422219527,257157751,35.65239657113228
2025-03-04,36.29972839355469,36.78032630350871,34.8677485874286,35.201223695573276,158618303,35.98260109483066
2025-03-05,36.29972839355469,36.64301368394707,35.81913422508894,36.28992195279526,107419443,36.25395876753023
2025-03-06,37.27073287963867,37.839603756347636,36.927451310237394,36.927451310237394,176866215,37.3459293154079
2025-03-07,36.57435989379883,37.47670216536018,36.34877432590849,37.16284365860071,122738333,36.79994546168916
2025-03-10,36.49589157104492,36.86859993223921,36.142799833228054,36.476274947667505,79230261,36.50243044550407
2025-03-11,36.34877395629883,36.51550964941813,35.76028645599241,35.848559393963946,69009211,36.20819002056979
2025-03-12,38.035762786865234,39.55601936890132,36.17222837446415,36.36839087616124,252782412,37.92133684341024
2025-03-13,36.45665740966797,37.61401196948171,36.25068848160491,37.27073042270994,166984865,36.77378595358486
2025-03-14,36.937255859375,37.02552879291167,36.093759770355305,36.19184288622289,123194131,36.68551480754733
2025-03-17,36.57435989379883,36.87840821763477,36.38800383313703,36.86860177619977,82472216,36.61359064819021
2025-03-18,36.67243957519531,37.04514795809044,36.54493338656224,36.643016509160205,73479204,36.75417363994933
2025-03-19,36.054527282714844,36.44685227146438,35.93683128268533,36.4174292068291,85867769,36.14607027895485
2025-03-20,35.50527572631836,36.093759450353225,35.38757972980904,36.064336386597965,86279237,35.66220496882688
2025-03-21,34.436195373535156,35.495466864500315,34.328305813768026,35.318920992424715,127580906,34.7533226839345
2025-03-24,34.22041702270508,34.52446908510716,33.455387387518,34.32830658489577,116798343,34.06675783177675
2025-03-25,33.553466796875,34.17137736357229,33.465193858775386,34.17137736357229,73054217,33.73001267307422
2025-03-26,33.661354064941406,33.98502272974288,33.54365806932643,33.54365806932643,58243863,33.73001162133691
2025-03-27,33.906558990478516,34.30869043783422,33.31807522314919,33.60250692384819,83203768,33.84444155048731
2025-03-28,34.01444625854492,34.2498382529947,33.641737902263095,33.935979766069465,64806293,33.96867413793424
2025-03-31,33.56327438354492,33.916366108631216,33.16114297252736,33.84770605854158,78746905,33.546927821567834
2025-04-01,33.779052734375,34.11252786625422,33.386731470774386,33.65155028798628,64163933,33.75943735713454
2025-04-02,34.36753845214844,34.504851074331846,33.779050975163116,33.779050975163116,89385312,34.21714683388114
2025-04-03,34.09291076660156,34.27926682509098,33.67116644301929,33.935981515051175,69427051,34.01444801157061
2025-04-07,30.679697036743164,31.993978983394765,30.679697036743164,31.778203612008323,124966582,31.117791018960364
2025-04-08,29.777353286743164,31.042595560585166,29.061361500606164,30.40507026782793,156880402,29.96043678264483
2025-04-09,30.36583709716797,30.601232836408304,28.119786099385276,28.943665574493945,147524382,29.69561867765385
2025-04-10,31.032787322998047,31.974362796873045,31.022979011302162,31.091637193173366,126515943,31.34337637705775
2025-04-11,31.464345932006836,31.83705055645549,30.630656264555245,30.630656264555245,87898451,31.310684251005856
2025-04-14,31.954750061035156,32.40592117664319,31.797817073183637,32.190142059835715,87940798,32.05282943695399
2025-04-15,31.533002853393555,31.97436379832282,31.33684035482029,31.97436379832282,55695109,31.614735668845555
2025-04-16,31.350000381469727,31.65999984741211,30.90999984741211,31.479999542236328,52350747,31.30666669209798
2025-04-17,31.200000762939453,31.5,31.030000686645508,31.100000381469727,38061164,31.24333381652832
2025-04-18,32.40999984741211,32.59000015258789,31.010000228881836,31.09000015258789,127272535,32.00333340962728
2025-04-21,32.27000045776367,32.33000183105469,31.799999237060547,32.0,76093497,32.13333384195963
2025-04-22,31.739999771118164,32.130001068115234,31.709999084472656,32.099998474121094,62147282,31.859999974568684
2025-04-23,32.08000183105469,32.369998931884766,31.93000030517578,31.979999542236328,77919720,32.12666702270508
2025-04-24,31.56999969482422,32.040000915527344,31.399999618530273,32.0099983215332,55260160,31.670000076293945
2025-04-25,31.6200008392334,31.950000762939453,31.59000015258789,31.670000076293945,43661463,31.720000584920246
2025-04-28,31.3799991607666,31.68000030517578,31.34000015258789,31.59000015258789,32757899,31.46666653951009
2025-04-29,31.459999084472656,31.690000534057617,31.170000076293945,31.34000015258789,33211082,31.43999989827474
2025-04-30,31.940000534057617,32.099998474121094,31.469999313354492,31.559999465942383,52609867,31.836666107177734
2025-05-06,32.7599983215332,32.77000045776367,32.15999984741211,32.22999954223633,73358605,32.563332875569664
2025-05-07,32.68000030517578,33.4900016784668,32.40999984741211,33.33000183105469,74481562,32.86000061035156
2025-05-08,33.060001373291016,33.31999969482422,32.5099983215332,32.599998474121094,72198471,32.96333312988281
2025-05-09,32.5099983215332,32.97999954223633,32.29999923706055,32.970001220703125,54641040,32.596665700276695
2025-05-12,33.16999816894531,33.41999816894531,32.81999969482422,32.880001068115234,80650311,33.13666534423828
2025-05-13,32.779998779296875,33.599998474121094,32.75,33.599998474121094,68438330,33.04333241780599
2025-05-14,33.0,33.25,32.619998931884766,32.79999923706055,66496434,32.95666631062826
2025-05-15,32.16999816894531,32.9900016784668,32.119998931884766,32.9900016784668,60747615,32.426666259765625
2025-05-16,32.130001068115234,32.380001068115234,31.93000030517578,32.02000045776367,35751904,32.14666748046875
2025-05-19,31.989999771118164,32.06999969482422,31.65999984741211,32.029998779296875,35271063,31.906666437784832
2025-05-20,32.0099983215332,32.13999938964844,31.780000686645508,31.920000076293945,31665839,31.97666613260905
2025-05-21,32.0,32.29999923706055,31.8700008392334,31.989999771118164,39171500,32.056666692097984
2025-05-22,31.709999084472656,32.220001220703125,31.709999084472656,31.829999923706055,36809644,31.87999979654948
2025-05-23,31.200000762939453,31.799999237060547,31.170000076293945,31.799999237060547,48113991,31.390000025431316
2025-05-26,31.469999313354492,31.75,31.1299991607666,31.1299991607666,37241344,31.4499994913737
2025-05-27,31.0,31.450000762939453,30.899999618530273,31.420000076293945,41669358,31.116666793823242
2025-05-28,30.979999542236328,31.239999771118164,30.920000076293945,31.020000457763672,26389073,31.046666463216145
2025-05-29,31.510000228881836,31.540000915527344,31.020000457763672,31.020000457763672,46244952,31.356667200724285
2025-05-30,31.09000015258789,31.329999923706055,31.0,31.299999237060547,35988129,31.140000025431316
2025-06-03,31.110000610351562,31.299999237060547,30.860000610351562,30.940000534057617,31414308,31.09000015258789
2025-06-04,31.610000610351562,31.760000228881836,31.200000762939453,31.200000762939453,47168756,31.52333386739095
2025-06-05,32.20000076293945,32.29999923706055,31.510000228881836,31.6299991607666,67255035,32.00333340962728
2025-06-06,32.310001373291016,32.599998474121094,32.060001373291016,32.09000015258789,64159121,32.323333740234375
2025-06-09,32.439998626708984,32.599998474121094,32.31999969482422,32.31999969482422,47878977,32.4533322652181
2025-06-10,32.029998779296875,32.439998626708984,31.770000457763672,32.43000030517578,52826385,32.07999928792318
2025-06-11,32.09000015258789,32.369998931884766,31.979999542236328,32.02000045776367,39323410,32.14666620890299
2025-06-12,31.940000534057617,32.43000030517578,31.920000076293945,32.0,45773929,32.096666971842446
2025-06-13,31.479999542236328,32.130001068115234,31.280000686645508,31.860000610351562,54047399,31.630000432332356
2025-06-16,31.709999084472656,31.940000534057617,31.299999237060547,31.360000610351562,34408749,31.649999618530273
2025-06-17,31.5,31.780000686645508,31.440000534057617,31.709999084472656,27509403,31.573333740234375
2025-06-18,31.510000228881836,31.670000076293945,31.18000030517578,31.5,37849765,31.453333536783855
2025-06-19,31.190000534057617,31.75,31.139999389648438,31.5,44918041,31.359999974568684
2025-06-20,30.959999084472656,31.450000762939453,30.90999984741211,31.1299991607666,39003864,31.106666564941406
2025-06-23,31.1299991607666,31.25,30.549999237060547,30.700000762939453,36624482,30.97666613260905
2025-06-24,31.729999542236328,31.899999618530273,31.200000762939453,31.200000762939453,57687662,31.609999974568684
2025-06-25,32.22999954223633,32.25,31.700000762939453,31.75,71073555,32.06000010172526
2025-06-26,32.0099983215332,32.5,32.0099983215332,32.22999954223633,57903311,32.17333221435547
2025-06-27,32.38999938964844,32.77000045776367,31.93000030517578,32.119998931884766,84993840,32.36333338419596
2025-06-30,32.4900016784668,32.599998474121094,32.36000061035156,32.400001525878906,49682177,32.483333587646484
2025-07-01,32.63999938964844,33.09000015258789,32.130001068115234,32.40999984741211,71479489,32.62000020345052
2025-07-02,32.040000915527344,32.5,31.940000534057617,32.5,55424666,32.160000483194985
2025-07-03,32.70000076293945,33.29999923706055,32.0,32.0099983215332,107850559,32.666666666666664
2025-07-04,32.31999969482422,32.70000076293945,32.2599983215332,32.66999816894531,61800037,32.426666259765625
2025-07-07,31.889999389648438,32.25,31.850000381469727,32.20000076293945,53502159,31.996666590372723
2025-07-08,32.720001220703125,32.779998779296875,31.8700008392334,31.899999618530273,103897305,32.45666694641113
2025-07-09,32.86000061035156,33.2599983215332,32.599998474121094,32.65999984741211,95151806,32.90666580200195
2025-07-10,33.119998931884766,33.5,32.86000061035156,32.86000061035156,89759259,33.15999984741211
2025-07-11,33.439998626708984,33.63999938964844,32.939998626708984,33.130001068115234,99807507,33.33999888102213
2025-07-14,33.189998626708984,33.4900016784668,33.18000030517578,33.45000076293945,54588700,33.28666687011719
2025-07-15,33.5,33.959999084472656,33.099998474121094,33.18000030517578,113278368,33.519999186197914
2025-07-16,33.2400016784668,33.849998474121094,33.119998931884766,33.68000030517578,70983783,33.403333028157554
2025-07-17,34.529998779296875,34.65999984741211,33.099998474121094,33.18000030517578,156577989,34.096665700276695
2025-07-18,34.220001220703125,34.75,34.119998931884766,34.63999938964844,82813281,34.36333338419596
2025-07-21,34.25,34.34000015258789,33.939998626708984,34.220001220703125,72688397,34.176666259765625
2025-07-22,33.95000076293945,34.20000076293945,33.72999954223633,34.11000061035156,70118948,33.960000356038414
2025-07-23,33.88999938964844,34.2400016784668,33.75,33.88999938964844,69232444,33.960000356038414
2025-07-24,34.66999816894531,34.849998474121094,33.810001373291016,33.88999938964844,103503424,34.44333267211914
2025-07-25,34.38999938964844,34.650001525878906,34.08000183105469,34.63999938964844,66062165,34.37333424886068
2025-07-28,34.470001220703125,34.66999816894531,34.27000045776367,34.529998779296875,55473677,34.46999994913737
2025-07-29,35.09000015258789,35.779998779296875,33.5099983215332,34.130001068115234,149059110,34.79333241780599
2025-07-30,34.599998474121094,35.099998474121094,34.36000061035156,34.959999084472656,76581180,34.686665852864586
2025-07-31,34.290000915527344,35.470001220703125,34.16999816894531,34.59000015258789,113587805,34.643333435058594
2025-08-01,33.900001525878906,34.58000183105469,33.560001373291016,34.22999954223633,78598461,34.01333491007487
2025-08-04,33.869998931884766,33.880001068115234,33.59000015258789,33.599998474121094,37928775,33.78000005086263
2025-08-05,34.41999816894531,34.54999923706055,33.93000030517578,33.93000030517578,61492521,34.29999923706055
2025-08-06,34.54999923706055,35.04999923706055,34.08000183105469,34.349998474121094,60412669,34.56000010172526
2025-08-07,34.189998626708984,34.689998626708984,34.02000045776367,34.540000915527344,59849986,34.29999923706055
2025-08-08,33.779998779296875,34.189998626708984,33.75,34.15999984741211,48431216,33.90666580200195
2025-08-11,34.0,34.15999984741211,33.779998779296875,33.790000915527344,50037762,33.97999954223633
2025-08-12,34.54999923706055,34.650001525878906,33.88999938964844,34.0,83261946,34.36333338419596
2025-08-13,35.5,35.5,34.5099983215332,34.54999923706055,161077819,35.16999944051107
2025-08-14,34.810001373291016,35.560001373291016,34.779998779296875,35.41999816894531,102818630,35.050000508626304
2025-08-15,35.209999084472656,35.290000915527344,34.70000076293945,34.70000076293945,79052758,35.06666692097982
2025-08-18,38.310001373291016,38.72999954223633,35.45000076293945,35.45000076293945,385922318,37.4966672261556
2025-08-19,37.79999923706055,38.16999816894531,37.369998931884766,37.7599983215332,210663950,37.779998779296875
2025-08-20,39.939998626708984,40.38999938964844,37.41999816894531,38.099998474121094,337923758,39.24999872843424
2025-08-21,42.560001373291016,43.93000030517578,42.29999923706055,43.529998779296875,510560082,42.93000030517578
2025-08-22,46.54999923706055,46.68000030517578,42.5,43.5,443629570,45.243333180745445
2025-08-25,45.84000015258789,47.900001525878906,44.47999954223633,47.58000183105469,447663969,46.073333740234375
2025-08-26,45.02000045776367,45.97999954223633,44.36000061035156,45.0099983215332,242269171,45.12000020345052
2025-08-27,44.099998474121094,46.58000183105469,44.0,45.29999923706055,288887778,44.893333435058594
2025-08-28,47.41999816894531,47.439998626708984,43.75,44.0,353370637,46.2033322652181
2025-08-29,45.439998626708984,46.349998474121094,45.0,46.11000061035156,265928498,45.596665700276695
2025-09-01,48.0,48.880001068115234,46.0,46.369998931884766,322863809,47.62666702270508
2025-09-02,44.83000183105469,48.20000076293945,44.04999923706055,47.65999984741211,302199658,45.6933339436849
2025-09-03,43.939998626708984,45.33000183105469,43.36000061035156,44.81999969482422,185077993,44.210000356038414
2025-09-04,40.84000015258789,44.2599983215332,40.099998474121094,43.90999984741211,286618254,41.73333231608073
2025-09-05,41.81999969482422,42.02000045776367,40.220001220703125,41.310001373291016,171662102,41.35333379109701
2025-09-08,41.79999923706055,42.459999084472656,41.099998474121094,41.849998474121094,155408356,41.78666559855143
2025-09-09,40.65999984741211,41.9900016784668,40.349998474121094,41.83000183105469,118595078,41.0
2025-09-10,41.09000015258789,41.599998474121094,40.58000183105469,40.75,121846417,41.09000015258789
2025-09-11,43.7400016784668,44.33000183105469,40.58000183105469,41.18000030517578,258558096,42.88333511352539
2025-09-12,44.08000183105469,45.2599983215332,43.029998779296875,43.029998779296875,221412621,44.12333297729492
2025-09-15,43.060001373291016,44.029998779296875,43.0,44.0099983215332,125341918,43.36333338419596
2025-09-16,44.29999923706055,44.88999938964844,43.15999984741211,43.16999816894531,182967796,44.11666615804037
2025-09-17,44.130001068115234,45.25,43.599998474121094,44.209999084472656,152762323,44.326666514078774
2025-09-18,44.25,45.7400016784668,43.47999954223633,44.29999923706055,250780818,44.49000040690104
2025-09-19,43.779998779296875,45.20000076293945,43.689998626708984,43.9900016784668,143703379,44.22333272298177
2025-09-22,45.02000045776367,45.75,43.86000061035156,44.09000015258789,199678040,44.87666702270508
2025-09-23,43.5,45.29999923706055,42.25,45.029998779296875,210379325,43.68333307902018
2025-09-24,43.970001220703125,44.20000076293945,42.5,42.880001068115234,170832588,43.55666732788086
2025-09-25,45.79999923706055,46.36000061035156,43.83000183105469,44.0,265946092,45.33000055948893
2025-09-26,44.470001220703125,47.04999923706055,43.81999969482422,45.36000061035156,274751909,45.11333338419596
2025-09-29,45.11000061035156,45.599998474121094,43.630001068115234,44.41999816894531,165732749,44.78000005086263
2025-09-30,45.63999938964844,46.18000030517578,44.65999984741211,45.220001220703125,149081871,45.493333180745445
2025-10-09,49.97999954223633,50.20000076293945,45.86000061035156,45.880001068115234,450868585,48.68000030517578
2025-10-10,52.0,54.09000015258789,50.0,51.0099983215332,490694689,52.03000005086263
2025-10-13,53.66999816894531,55.0,50.20000076293945,51.040000915527344,368249886,52.95666631062826
2025-10-14,50.20000076293945,55.849998474121094,50.0,54.11000061035156,366750968,52.016666412353516
2025-10-15,50.400001525878906,51.68000030517578,48.529998779296875,51.029998779296875,244937954,50.20333353678385
2025-10-16,54.029998779296875,55.2599983215332,50.40999984741211,50.40999984741211,336962904,53.23333231608073
2025-10-17,48.630001068115234,53.880001068115234,48.630001068115234,53.400001525878906,319595274,50.380001068115234
2025-10-20,48.599998474121094,49.869998931884766,47.84000015258789,49.0,188081515,48.769999186197914
2025-10-21,51.2400016784668,51.939998626708984,48.29999923706055,48.869998931884766,224207585,50.493333180745445
2025-10-22,49.939998626708984,50.58000183105469,48.720001220703125,50.189998626708984,163856972,49.7466672261556
2025-10-23,48.189998626708984,49.7599983215332,47.459999084472656,49.75,153119678,48.46999867757162
2025-10-24,49.849998474121094,50.130001068115234,48.470001220703125,48.79999923706055,180263335,49.483333587646484
2025-10-27,51.31999969482422,52.5,50.099998474121094,50.5,207191737,51.3066660563151
2025-10-28,49.38999938964844,50.59000015258789,48.91999816894531,50.400001525878906,196055252,49.63333257039388
2025-10-29,46.20000076293945,46.70000076293945,44.59000015258789,45.45000076293945,399195903,45.83000055948893
2025-10-30,44.83000183105469,45.880001068115234,44.7599983215332,45.61000061035156,228519633,45.15666707356771
2025-10-31,43.459999084472656,44.65999984741211,43.400001525878906,44.650001525878906,186297077,43.84000015258789
2025-11-03,42.790000915527344,43.20000076293945,42.099998474121094,43.130001068115234,143913239,42.6966667175293
2025-11-04,41.72999954223633,43.0,41.400001525878906,42.599998474121094,141174163,42.04333368937174
2025-11-05,41.099998474121094,41.540000915527344,40.72999954223633,40.93000030517578,110508624,41.12333297729492
2025-11-06,42.599998474121094,42.65999984741211,41.31999969482422,41.400001525878906,171531123,42.19333267211914
2025-11-07,41.720001220703125,42.13999938964844,41.599998474121094,42.04999923706055,93528781,41.81999969482422
2025-11-10,42.11000061035156,42.25,41.5,41.689998626708984,94867699,41.95333353678385
2025-11-11,40.900001525878906,42.400001525878906,40.689998626708984,42.400001525878906,119779158,41.33000055948893
2025-11-12,39.72999954223633,40.36000061035156,39.20000076293945,40.099998474121094,134244074,39.76333363850912
2025-11-13,40.349998474121094,40.599998474121094,39.45000076293945,39.58000183105469,85035481,40.13333257039388
2025-11-14,39.7599983215332,40.65999984741211,39.720001220703125,40.150001525878906,75455771,40.04666646321615
2025-11-17,39.20000076293945,39.9900016784668,38.900001525878906,39.58000183105469,98087659,39.36333465576172
2025-11-18,39.45000076293945,39.810001373291016,38.88999938964844,39.060001373291016,78984680,39.38333384195963
2025-11-19,39.290000915527344,39.900001525878906,39.06999969482422,39.209999084472656,65518369,39.42000071207682
2025-11-20,39.189998626708984,39.970001220703125,39.130001068115234,39.7599983215332,67198837,39.43000030517578
2025-11-21,38.06999969482422,39.099998474121094,37.9900016784668,38.599998474121094,99937543,38.38666661580404
2025-11-24,38.650001525878906,39.130001068115234,37.91999816894531,38.20000076293945,82158420,38.56666692097982
2025-11-25,39.86000061035156,40.45000076293945,38.959999084472656,39.02000045776367,151104684,39.756666819254555
2025-11-26,40.970001220703125,41.349998474121094,39.52000045776367,39.59000015258789,151758716,40.61333338419596
2025-11-27,42.29999923706055,43.349998474121094,41.5099983215332,42.380001068115234,261494670,42.38666534423828
2025-11-28,42.09000015258789,42.790000915527344,41.599998474121094,42.31999969482422,140096802,42.15999984741211
2025-12-01,46.29999923706055,46.29999923706055,42.029998779296875,42.45000076293945,327257555,44.87666575113932
2025-12-02,45.5,47.77000045776367,45.0,47.77000045776367,438002305,46.09000015258789
2025-12-03,43.29999923706055,45.720001220703125,43.25,45.0,302888390,44.09000015258789
2025-12-04,42.91999816894531,43.4900016784668,42.41999816894531,42.81999969482422,154390238,42.94333267211914
2025-12-05,41.95000076293945,42.9900016784668,41.66999816894531,42.959999084472656,165802791,42.20333353678385
2025-12-08,42.22999954223633,42.68000030517578,41.5,41.5099983215332,152076359,42.13666661580404
2025-12-09,42.369998931884766,43.599998474121094,42.0,42.02000045776367,176312787,42.65666580200195
2025-12-10,42.02000045776367,42.36000061035156,41.47999954223633,42.0099983215332,112848446,41.95333353678385
2025-12-11,37.81999969482422,41.0,37.81999969482422,41.0,436171362,38.87999979654948
2025-12-12,37.75,38.75,36.380001068115234,36.900001525878906,295769275,37.62666702270508
2025-12-15,36.84000015258789,37.56999969482422,36.81999969482422,37.34000015258789,136359186,37.076666514078774
2025-12-16,35.77000045776367,36.709999084472656,35.61000061035156,36.68000030517578,121609438,36.03000005086263
2025-12-17,36.959999084472656,37.18000030517578,35.810001373291016,35.810001373291016,130463977,36.65000025431315
2025-12-18,36.52000045776367,37.15999984741211,36.380001068115234,36.5,81610528,36.686667124430336
2025-12-19,37.029998779296875,37.36000061035156,36.63999938964844,36.7599983215332,96817050,37.00999959309896
2025-12-22,37.369998931884766,37.689998626708984,37.04999923706055,37.11000061035156,109079722,37.369998931884766
2025-12-23,37.189998626708984,37.43000030517578,36.849998474121094,37.31999969482422,100401302,37.15666580200195
2025-12-24,38.27000045776367,38.4900016784668,36.93000030517578,37.099998474121094,164073896,37.89666748046875
2025-12-25,38.11000061035156,38.439998626708984,37.7400016784668,38.369998931884766,99080499,38.096666971842446
2025-12-26,37.900001525878906,38.11000061035156,37.47999954223633,38.11000061035156,94240602,37.83000055948893
2025-12-29,37.47999954223633,38.22999954223633,37.18000030517578,37.790000915527344,108612762,37.62999979654948
2025-12-30,37.27000045776367,37.65999984741211,37.20000076293945,37.2599983215332,75279807,37.37666702270508
2025-12-31,37.84000015258789,38.130001068115234,37.33000183105469,37.45000076293945,129593138,37.76666768391927
2026-01-05,38.25,38.45000076293945,37.59000015258789,37.84000015258789,139218049,38.096666971842446
2026-01-06,39.27000045776367,39.400001525878906,38.099998474121094,38.29999923706055,176451241,38.923333485921226
2026-01-07,38.91999816894531,39.41999816894531,38.52000045776367,39.369998931884766,133066209,38.9533322652181
2026-01-08,39.9900016784668,40.400001525878906,38.619998931884766,38.70000076293945,190323482,39.67000071207682
2026-01-09,40.22999954223633,40.38999938964844,39.529998779296875,39.93000030517578,149988277,40.04999923706055
2026-01-12,42.439998626708984,42.81999969482422,40.150001525878906,40.31999969482422,259293063,41.8033332824707
2026-01-13,40.279998779296875,42.439998626708984,40.02000045776367,42.439998626708984,218361983,40.91333262125651
2026-01-14,40.38999938964844,41.41999816894531,39.97999954223633,40.22999954223633,181556900,40.596665700276695
2026-01-15,39.84000015258789,40.15999984741211,39.2599983215332,39.95000076293945,122178124,39.7533327738444
2026-01-16,40.02000045776367,40.29999923706055,39.560001373291016,40.0,113486703,39.960000356038414
2026-01-19,39.54999923706055,39.88999938964844,39.36000061035156,39.83000183105469,81690247,39.59999974568685
2026-01-20,38.59000015258789,39.54999923706055,38.310001373291016,39.47999954223633,110193672,38.81666692097982
2026-01-21,39.52000045776367,39.97999954223633,38.20000076293945,38.209999084472656,126087363,39.233333587646484
2026-01-22,39.790000915527344,40.150001525878906,39.349998474121094,39.93000030517578,100181155,39.76333363850912
2026-01-23,40.11000061035156,40.20000076293945,39.22999954223633,39.59000015258789,125222529,39.846666971842446
2026-01-26,39.5,40.650001525878906,39.36000061035156,40.0099983215332,107269648,39.83666737874349
2026-01-27,40.20000076293945,40.29999923706055,38.72999954223633,39.47999954223633,126645533,39.743333180745445
2026-01-28,39.650001525878906,40.349998474121094,39.5,40.20000076293945,96973075,39.833333333333336
2026-01-29,39.5099983215332,40.7400016784668,38.779998779296875,39.45000076293945,128684845,39.676666259765625
2026-01-30,38.4900016784668,39.18000030517578,38.27000045776367,39.0,103648928,38.64666748046875
2026-02-02,37.08000183105469,38.75,36.86000061035156,38.209999084472656,120066040,37.563334147135414
2026-02-03,37.2599983215332,37.529998779296875,36.529998779296875,37.47999954223633,100838031,37.10666529337565
2026-02-04,37.119998931884766,37.119998931884766,36.5099983215332,37.0,80106346,36.916665395100914
2026-02-05,36.56999969482422,36.97999954223633,36.31999969482422,36.72999954223633,64320470,36.62333297729492
2026-02-06,36.310001373291016,36.689998626708984,36.08000183105469,36.279998779296875,59527448,36.36000061035156
2026-02-09,37.27000045776367,37.380001068115234,36.68000030517578,36.79999923706055,87706082,37.11000061035156
2026-02-10,37.58000183105469,37.849998474121094,37.119998931884766,37.15999984741211,70048273,37.516666412353516
2026-02-11,37.349998474121094,37.880001068115234,37.310001373291016,37.58000183105469,52536731,37.51333363850912
2026-02-12,37.529998779296875,37.650001525878906,37.15999984741211,37.2599983215332,54168417,37.4466667175293
2026-02-13,37.15999984741211,37.779998779296875,37.11000061035156,37.20000076293945,52123338,37.34999974568685
2026-02-24,37.77000045776367,38.0,37.2400016784668,37.47999954223633,82620729,37.67000071207682
2026-02-25,37.959999084472656,38.20000076293945,37.61000061035156,37.900001525878906,77337475,37.923333485921226
2026-02-26,38.56999969482422,38.7400016784668,37.83000183105469,37.970001220703125,98020425,38.380001068115234
2026-02-27,38.650001525878906,38.849998474121094,37.7599983215332,38.099998474121094,86148352,38.41999944051107
2026-03-02,37.84000015258789,38.43000030517578,37.4900016784668,37.959999084472656,93338625,37.92000071207682
2026-03-03,36.75,39.150001525878906,36.68000030517578,38.18000030517578,144149266,37.52666727701823
2026-03-04,36.970001220703125,37.7599983215332,36.400001525878906,36.43000030517578,89577043,37.04333368937174
2026-03-05,37.880001068115234,38.29999923706055,37.2599983215332,37.47999954223633,106307649,37.813332875569664
2026-03-06,37.400001525878906,37.65999984741211,37.029998779296875,37.4900016784668,78066967,37.36333338419596
2026-03-09,35.70000076293945,36.0,34.79999923706055,36.0,149206982,35.5
2026-03-10,36.869998931884766,36.93000030517578,36.060001373291016,36.15999984741211,99600867,36.62000020345052
2026-03-11,37.119998931884766,37.900001525878906,36.9900016784668,37.0,113584992,37.33666737874349
2026-03-12,37.119998931884766,38.099998474121094,36.68000030517578,36.810001373291016,101379123,37.29999923706055
2026-03-13,36.459999084472656,37.060001373291016,36.349998474121094,36.849998474121094,73166993,36.62333297729492
2026-03-16,36.5,36.63999938964844,35.58000183105469,36.310001373291016,71952396,36.24000040690104
2026-03-17,35.83000183105469,36.7400016784668,35.7599983215332,36.68000030517578,64914771,36.11000061035156
2026-03-18,36.25,36.47999954223633,35.369998931884766,35.83000183105469,66984593,36.03333282470703
2026-03-19,35.349998474121094,35.810001373291016,35.18000030517578,35.599998474121094,62797096,35.4466667175293
2026-03-20,34.27000045776367,35.63999938964844,34.27000045776367,35.45000076293945,80158372,34.72666676839193
2026-03-23,32.04999923706055,33.63999938964844,31.899999618530273,33.56999969482422,110640288,32.52999941507975
2026-03-24,32.91999816894531,32.93000030517578,32.0,32.5,67932857,32.61666615804037
2026-03-25,33.45000076293945,33.84000015258789,33.0,33.0,62863706,33.43000030517578
2026-03-26,32.68000030517578,33.529998779296875,32.59000015258789,33.27000045776367,48435809,32.93333307902018
2026-03-27,32.68000030517578,32.95000076293945,32.02000045776367,32.22999954223633,41130528,32.550000508626304
2026-03-30,32.59000015258789,32.599998474121094,31.799999237060547,32.11000061035156,51249862,32.32999928792318
2026-03-31,32.439998626708984,33.290000915527344,32.43000030517578,32.5,59161649,32.71999994913737
2026-04-01,32.9900016784668,33.15999984741211,32.709999084472656,33.060001373291016,48471315,32.95333353678385
2026-04-02,32.04999923706055,32.90999984741211,31.920000076293945,32.790000915527344,53087898,32.29333305358887
2026-04-03,32.08000183105469,32.619998931884766,32.08000183105469,32.33000183105469,46858410,32.26000086466471
2026-04-07,32.34000015258789,32.54999923706055,32.06999969482422,32.150001525878906,40459381,32.31999969482422
2026-04-08,34.040000915527344,34.04999923706055,33.0,33.0,97677765,33.6966667175293
2026-04-09,35.560001373291016,35.900001525878906,33.540000915527344,33.70000076293945,183752288,35.00000127156576
2026-04-10,35.790000915527344,36.16999816894531,35.20000076293945,35.5,124541087,35.71999994913737
2026-04-13,35.720001220703125,36.20000076293945,35.29999923706055,35.52000045776367,92006380,35.74000040690104
2026-04-14,35.83000183105469,36.400001525878906,35.470001220703125,36.099998474121094,94191345,35.900001525878906
2026-04-15,35.209999084472656,36.029998779296875,35.060001373291016,35.970001220703125,82120548,35.43333307902018
2026-04-16,35.400001525878906,35.59000015258789,34.95000076293945,35.41999816894531,71566355,35.313334147135414
2026-04-17,35.33000183105469,35.86000061035156,35.15999984741211,35.20000076293945,61008831,35.45000076293945
2026-04-20,35.83000183105469,36.09000015258789,35.22999954223633,35.31999969482422,82386576,35.71666717529297
2026-04-21,35.20000076293945,35.650001525878906,34.7599983215332,35.61000061035156,79104000,35.20333353678385
2026-04-22,37.34000015258789,37.439998626708984,35.0,35.08000183105469,230832460,36.59333292643229
2026-04-23,36.849998474121094,37.58000183105469,36.5,37.20000076293945,133095929,36.97666676839193
2026-04-24,36.380001068115234,37.099998474121094,35.95000076293945,36.56999969482422,103407016,36.47666676839193
2026-04-27,37.2599983215332,37.779998779296875,35.34000015258789,35.79999923706055,168435634,36.79333241780599
2026-04-28,36.0099983215332,37.0,35.81999969482422,37.0,113250297,36.276666005452476
2026-04-29,36.41999816894531,36.9900016784668,35.56999969482422,35.81999969482422,96826940,36.326666514078774
2026-04-30,36.70000076293945,36.83000183105469,35.70000076293945,36.209999084472656,98381385,36.41000111897787
2026-05-06,38.25,39.099998474121094,37.45000076293945,37.5099983215332,216711363,38.266666412353516
2026-05-07,38.900001525878906,38.939998626708984,38.040000915527344,38.599998474121094,146336014,38.62666702270508
2026-05-08,38.68000030517578,38.900001525878906,37.93000030517578,38.52000045776367,137817377,38.503334045410156
2026-05-11,39.11000061035156,39.4900016784668,38.560001373291016,39.20000076293945,164649887,39.05333455403646
2026-05-12,38.09000015258789,39.0,37.959999084472656,38.900001525878906,126951673,38.34999974568685
2026-05-13,38.83000183105469,38.900001525878906,37.70000076293945,37.849998474121094,121557110,38.47666803995768
2026-05-14,37.560001373291016,40.20000076293945,37.560001373291016,39.61000061035156,163800662,38.44000116984049
2026-05-15,36.709999084472656,38.290000915527344,36.58000183105469,37.63999938964844,146967367,37.1933339436849
2026-05-18,37.5099983215332,38.08000183105469,36.02000045776367,36.400001525878906,134080666,37.20333353678385
2026-05-19,37.650001525878906,37.79999923706055,36.75,37.45000076293945,105085365,37.40000025431315
2026-05-20,37.18000030517578,38.150001525878906,37.130001068115234,37.29999923706055,91169664,37.48666763305664
2026-05-21,34.83000183105469,37.869998931884766,34.68000030517578,37.77000045776367,168355165,35.79333368937174
2026-05-22,35.63999938964844,35.70000076293945,34.65999984741211,35.11000061035156,119684280,35.333333333333336
2026-05-25,36.27000045776367,36.33000183105469,35.70000076293945,35.849998474121094,93430940,36.1000010172526
2026-05-26,35.540000915527344,36.0,34.77000045776367,36.0,125958803,35.436667124430336
2026-05-27,34.81999969482422,36.11000061035156,34.43000030517578,35.540000915527344,144730259,35.12000020345052
2026-05-28,38.29999923706055,38.29999923706055,34.45000076293945,35.22999954223633,222717372,37.016666412353516
2026-05-29,36.720001220703125,38.779998779296875,36.439998626708984,38.5,269924703,37.313332875569664
2026-06-01,35.099998474121094,36.83000183105469,35.060001373291016,36.650001525878906,161557217,35.663333892822266
2026-06-02,36.29999923706055,36.459999084472656,34.79999923706055,35.119998931884766,177378383,35.85333251953125
2026-06-03,36.439998626708984,38.29999923706055,36.0,36.79999923706055,243270052,36.91333262125651
2026-06-04,37.7400016784668,38.5,36.029998779296875,36.36000061035156,240591339,37.423333485921226
2026-06-05,39.130001068115234,41.29999923706055,37.04999923706055,37.58000183105469,463705394,39.15999984741211
2026-06-08,36.810001373291016,39.0,36.5,38.02000045776367,302349169,37.436667124430336
2026-06-09,39.13999938964844,39.33000183105469,37.189998626708984,37.38999938964844,310750077,38.5533332824707
2026-06-10,38.41999816894531,40.52000045776367,37.88999938964844,38.68000030517578,281770842,38.94333267211914
2026-06-11,37.810001373291016,39.5,37.279998779296875,37.90999984741211,248050245,38.1966667175293
2026-06-12,36.349998474121094,38.70000076293945,36.150001525878906,38.599998474121094,261471118,37.06666692097982
2026-06-15,37.220001220703125,37.5,35.70000076293945,36.5099983215332,173493166,36.80666732788086
2026-06-16,38.0,38.47999954223633,36.54999923706055,36.900001525878906,212886750,37.676666259765625
2026-06-17,37.63999938964844,38.119998931884766,37.119998931884766,37.5,151487212,37.62666575113932
2026-06-18,37.88999938964844,38.63999938964844,37.0099983215332,37.40999984741211,218073777,37.846665700276695
2026-06-22,39.43000030517578,39.65999984741211,37.88999938964844,38.06999969482422,293603432,38.993333180745445
2026-06-23,38.0099983215332,39.25,37.599998474121094,39.099998474121094,216201992,38.28666559855143
2026-06-24,37.41999816894531,38.380001068115234,36.79999923706055,37.5,162730773,37.53333282470703
2026-06-25,38.439998626708984,38.79999923706055,37.310001373291016,37.40999984741211,234078840,38.18333307902018
