date,close,high,low,open,volume,vwap
2018-01-02,21.153902053833008,21.378771089801827,20.8679946945305,20.970792598346478,38142231,21.13355594605511
2018-01-03,21.240636825561523,21.555454928826574,20.688095366233394,20.874417935095202,45572850,21.16139570687383
2018-01-04,20.89690399169922,21.317734948897662,20.851929452388593,21.2020863961234,35525091,21.02218946432849
2018-01-05,20.681671142578125,20.945092137346542,20.504987943018126,20.84871864750862,31461000,20.710583740980933
2018-01-08,20.94830322265625,21.31130898927983,20.72985860849388,20.752344959366905,41022045,20.996490273476653
2018-01-09,21.015764236450195,21.259910164712714,20.784468964598485,20.94509205979074,28292778,21.02004778858713
2018-01-10,21.0960750579834,21.192448544147584,20.842291605690086,21.073588707752677,28279512,21.043605069273692
2018-01-11,21.009336471557617,21.195659011639194,20.842288993927777,21.195659011639194,22605504,21.015761492374864
2018-01-12,21.549028396606445,21.796385584670173,21.080011654290626,21.092860471196445,58793640,21.475141878522418
2018-01-15,20.925817489624023,21.87669991236213,20.842292816405113,21.603641379339923,45567102,21.214936739463756
2018-01-16,20.816593170166016,21.121773720092026,20.707369032230517,20.720219687705224,28775919,20.88191197416285
2018-01-17,20.47928810119629,20.778044259984576,20.080945330697645,20.778044259984576,34957518,20.446092563959503
2018-01-18,20.292964935302734,20.74591976460718,20.199804573540597,20.617422396974693,22110435,20.412896424483502
2018-01-19,20.302600860595703,20.44073574963799,20.135555214981625,20.43110005622819,15711024,20.29296394173844
2018-01-22,21.394834518432617,21.52654318167122,20.43752767627859,20.45680090429814,51797124,21.119635125460807
2018-01-23,21.46229362487793,21.642189938615097,21.221360832065663,21.407681554607752,37055544,21.441948131852897
2018-01-24,21.365921020507812,21.552241750727305,21.04146354717685,21.53939293258802,22924950,21.319875439470653
2018-01-25,21.08643913269043,21.674315788743808,21.060739656966003,21.36913336565909,24251967,21.273831526133414
2018-01-26,21.04146385192871,21.29846043832209,20.880842593832856,21.086438392410408,19067598,21.07358896136122
2018-01-29,20.20623016357422,21.163536987026013,20.174106279331067,21.163536987026013,37565814,20.514624476643764
2018-01-30,20.38291358947754,20.543534836147877,20.16125586467479,20.199804155080297,16763121,20.362568096766736
2018-01-31,20.251203536987305,20.546748401866946,20.20622899873669,20.25441666049497,16289364,20.334726979196983
2018-02-01,19.486648559570312,20.39576972912632,19.236078170960955,20.254421670567066,38095170,19.706165486552532
2018-02-02,19.88498878479004,20.003848633841,19.326024711325584,19.467372751173137,20916306,19.738287376652206
2018-02-05,19.746854782104492,19.846439568841717,19.351725082838026,19.371000150648985,12183120,19.648339811261412
2018-02-06,18.795970916748047,19.55731949694672,18.792759631125076,19.274625262692386,31195689,19.048683348273283
2018-02-07,18.92125701904297,19.399909527036172,18.320531541204495,19.271412147770498,24625605,18.880566029094545
2018-02-08,19.117216110229492,19.236075961362033,18.795971729241028,18.92125782824031,13791699,19.04975460027752
2018-02-09,18.19845962524414,18.77669878451165,18.095661715878503,18.600013728932204,27922809,18.3569400418781
2018-02-12,19.152551651000977,19.274624616698738,18.343017270045916,18.343017270045916,24154548,18.923397845915208
2018-02-13,19.11400032043457,19.473794785756013,19.052965679585803,19.274623407612225,16524222,19.21358692859213
2018-02-14,19.435243606567383,19.756487925395113,19.33887012710194,19.653690037477634,16770636,19.51020055302148
2018-02-22,20.019912719726562,20.350794663964994,19.69224389970915,19.910690392444675,29223924,20.020983761133568
2018-02-23,20.17410659790039,20.341154107311233,19.856075359625393,20.02633599277987,17950944,20.123778688279007
2018-02-26,20.851930618286133,21.10250096483107,20.70416001227251,20.925817759464437,46834335,20.886197198463236
2018-02-27,20.38612937927246,20.85835748707455,20.36042806474551,20.72022257189278,30195228,20.534971643697506
2018-02-28,20.402193069458008,20.7202243463637,20.132347625530993,20.309032689462878,23211351,20.418255013784233
2018-03-01,20.325090408325195,20.379700640046885,20.07773137024501,20.222292515471054,22480407,20.260840806205696
2018-03-02,20.19659423828125,20.354004210350073,20.03597298072764,20.080945682886078,17783067,20.19552380978632
2018-03-05,20.91939353942871,21.16996205006978,20.209443911431162,20.238356511045826,44851521,20.766266500309886
2018-03-06,21.388408660888672,21.459082679430047,20.81659577944372,20.922604969084265,44905779,21.22136237325415
2018-03-07,20.729860305786133,21.35949840166897,20.720222772288203,21.20208841815537,28482579,20.936527159914434
2018-03-08,20.839078903198242,21.07037415136061,20.594934838112472,20.819803839641903,19290555,20.834795964223776
2018-03-09,21.05752944946289,21.137839166356233,20.67846170357722,20.88084439595435,26254413,20.957943439798782
2018-03-12,21.47514533996582,21.574730123478005,21.047891766965385,21.21172616170951,41158695,21.365922410136402
2018-03-13,21.20208740234375,21.68395302512429,21.099289500853047,21.475144098406997,35433555,21.328443309440363
2018-03-14,20.675247192382812,21.166750347112295,20.675247192382812,21.105713863465773,29934198,20.839081577292642
2018-03-15,20.784469604492188,21.02219113095377,20.566024982326002,20.566024982326002,23415975,20.79089523925732
2018-03-16,20.63348388671875,21.03825104544805,20.623846354585755,20.79731825663707,20524401,20.76519376225085
2018-03-19,20.639911651611328,20.83265864927065,20.52747620933866,20.639911651611328,15070587,20.666682170073546
2018-03-20,20.17410659790039,20.4632270751686,19.91711184355408,20.4632270751686,32528052,20.18481517220769
2018-03-21,20.1098575592041,20.501774075304294,20.045607955586778,20.23514180472655,25002123,20.219079863365057
2018-03-22,20.106645584106445,20.299392567796303,19.884987839583133,20.222294141954652,17693247,20.09700866382863
2018-03-23,19.107574462890625,19.89783366857751,18.889129874912,19.264984414648158,38466813,19.298179335460045
2018-03-26,19.403121948242188,19.435245832352518,18.632135862394144,18.950168932503615,25203636,19.15683454766295
2018-03-27,19.692241668701172,19.788615164523968,19.505920924769562,19.627993896933667,21615960,19.6622592526649
2018-03-28,18.05068588256836,18.644986942982847,17.723017110310796,17.723017110310796,99035274,18.139563311954003
2018-03-29,17.986438751220703,18.086023533030396,17.51099751838153,17.89648966466807,42012666,17.86115326754421
2018-03-30,18.086021423339844,18.304467866506744,17.99286106195897,18.272342146101593,24270150,18.127783450601854
2018-04-02,17.88364028930664,18.169547674277883,17.86115393514239,18.150272606038996,24979833,17.97144729957564
2018-04-03,17.43389892578125,17.66840549705119,17.250789468696414,17.66840549705119,37090254,17.451031297176286
2018-04-04,17.610580444335938,17.78084106607003,17.45959672559915,17.523844490790513,24460986,17.61700607866837
2018-04-09,18.098875045776367,18.30447086684676,17.63628261019635,17.63628261019635,35952183,18.013209507606494
2018-04-10,18.2016658782959,18.551822768654418,17.951095583956917,18.09565671243137,32540844,18.23486141030241
2018-04-11,18.031410217285156,18.269131736455325,17.925401033198067,18.214519663503108,22370811,18.075314328979516
2018-04-12,17.957523345947266,18.114931465569708,17.925399464984064,18.037833048355267,15731289,17.999284758833678
2018-04-13,17.861148834228516,18.11814354344705,17.8193874237519,18.057107070236253,12400041,17.93289326714249
2018-04-16,17.6427059173584,18.012137953197126,17.572033736911326,17.829028497186645,15913977,17.742292535822283
2018-04-17,17.215452194213867,17.764778718842063,17.189752718431095,17.706955357873703,21681897,17.389994543829008
2018-04-18,17.17047691345215,17.443535440298383,16.698248836485458,17.4114097183232,27614103,17.104087063411995
2018-04-19,17.305402755737305,17.41141195353305,17.0355573178983,17.141568353865704,15408882,17.250790675722886
2018-04-20,16.788196563720703,17.347160552439114,16.736797618509154,17.347160552439114,17563113,16.95738491155632
2018-04-23,17.009857177734375,17.08695560866244,16.736800464635593,16.781775008886527,16177815,16.944537750344136
2018-04-24,17.372865676879883,17.379290087578532,16.987371624210976,16.987371624210976,16627827,17.24650912955646
2018-04-25,17.29576301574707,17.408198447325177,17.218664591651063,17.30218742487888,13461282,17.307542018241104
2018-04-26,16.874935150146484,17.379287149065444,16.865297616642103,17.31825066231873,15760743,17.03983997195134
2018-04-27,17.0130672454834,17.147989015827587,16.878143636967952,17.061253066843108,12598827,17.013066632759646
2018-05-02,15.82125473022461,16.322395442147197,15.705606166638027,16.319182318263394,42002415,15.949752113003278
2018-05-03,15.936904907226562,15.991515151578886,15.606022964216544,15.824469456141077,22199379,15.84481434100733
2018-05-04,15.82125473022461,15.885504340699722,15.728094357481519,15.773068900996941,14877207,15.811617809468617
2018-05-07,16.17783546447754,16.31918166075337,15.740942542461195,16.02363677318434,22475919,16.0793198892307
2018-05-08,16.666126251220703,16.81711182557096,16.177836194307076,16.181049318206373,24343044,16.55369142369958
2018-05-09,16.544052124023438,16.711099629880742,16.450891757326097,16.70467338253018,14023293,16.56868117041009
2018-05-10,16.653276443481445,16.817110827361066,16.434829985584795,16.592238122047267,12500973,16.635072418809102
2018-05-11,17.009857177734375,17.154416505953048,16.48623010457648,16.65006450007007,27658029,16.883501262754635
2018-05-14,16.91669464111328,17.302186746478583,16.83959622004022,17.074102768613685,19870263,17.01949253587736
2018-05-15,17.048404693603516,17.173688935303282,16.871719667675418,16.971306274517975,16601505,17.03127109886074
2018-05-16,16.92312240600586,17.17369278372658,16.810686956539232,17.041982265626423,16480440,16.969167382090557
2018-05-17,16.9520320892334,17.086953870086496,16.87493366615,16.935970147529115,11286045,16.9713065418233
2018-05-18,17.3471622467041,17.427471957583798,16.958456996263422,17.019493479434864,26623089,17.24436373351711
2018-05-21,17.5206356048584,17.726231422700963,17.382500684973976,17.700531945470644,22348545,17.543122570844446
2018-05-22,17.66840362548828,17.732653228214065,17.392133826292948,17.523844317069436,16871847,17.597730226665096
2018-05-23,17.56560516357422,17.92218649510174,17.254000206854368,17.504570524489953,23598192,17.58059728851011
2018-05-24,17.39534568786621,17.66519105866478,17.282910269881075,17.50778110585135,15104715,17.447815672137356
2018-05-25,17.417835235595703,17.742290860026348,17.411408988567153,17.411408988567153,15181896,17.523845028063068
2018-05-28,16.955244064331055,17.661980557094626,16.93597083640481,17.440322811485284,18039651,17.184398485943497
2018-05-29,17.186538696289062,17.437109031616448,16.839596710442336,16.87493371756799,21863235,17.154414812782615
2018-05-30,16.190685272216797,17.032343606464682,16.065401010716283,17.025919196735025,31149114,16.429476629799254
2018-05-31,16.431617736816406,16.463741622926836,16.197109324232848,16.197109324232848,17378559,16.36415622799203
2018-06-01,16.354515075683594,16.502287486997137,16.068607784030334,16.499076202119916,13547748,16.308470115570355
2018-06-04,16.126436233520508,16.447678752862334,16.078248568899216,16.29348190241711,15838839,16.217454518427353
2018-06-05,16.454105377197266,16.460529786570127,15.997939224637225,16.12643660295192,16585776,16.30419146280154
2018-06-06,16.421981811523438,16.640426439820814,16.254934297379975,16.335245849702808,19495134,16.439114182908074
2018-06-07,16.357730865478516,16.566539781553665,16.35130461833426,16.544051592891535,12986997,16.425191755122146
2018-06-08,16.103946685791016,16.3802164790814,16.030061390498346,16.35773012960223,15401601,16.171408185123585
2018-06-11,15.875864028930664,16.103946154133908,15.837313901757588,16.100734868983643,12841854,15.939041361607387
2018-06-12,16.071823120117188,16.126435190431753,15.740941251081724,15.962600817659391,13863654,15.979733187210222
2018-06-13,15.760220527648926,16.100740019990113,15.712034691438031,16.094315609463024,14645961,15.857665079692358
2018-06-14,15.757004737854004,15.882288979097076,15.612445432366982,15.638143067130516,11437677,15.750579716439354
2018-06-15,15.477522850036621,15.83089108593126,15.461460908155694,15.769854603880887,14812758,15.589958281374527
2018-06-19,14.449542999267578,15.29120125654309,13.958039855552164,15.29120125654309,35921832,14.566261370454278
2018-06-20,14.581254005432129,14.847885375848614,14.276071583389095,14.276071583389095,17088897,14.568403654889947
2018-06-21,14.703324317932129,15.21410156563354,14.584464486927375,14.703324317932129,22854786,14.833963456831015
2018-06-22,15.050268173217773,15.178766463630717,14.623014643326103,14.71938721227869,18136422,14.950683093391532
2018-06-25,14.796487808227539,15.323327075321172,14.751513264908366,15.323327075321172,17225415,14.957109382819027
2018-06-26,14.899285316467285,15.137005007684916,14.526641998892094,14.774000142376122,19234812,14.854310774348098
2018-06-27,15.130578994750977,15.451822407679286,15.002080710493999,15.059904984363921,28657464,15.194827370974755
2018-06-28,14.780424118041992,15.239802463505324,14.716176349618358,15.13058015428228,18381948,14.912134310388558
2018-06-29,15.316901206970215,15.34581288544426,14.773999129491044,14.815760544963076,22492815,15.145571073968506
2018-07-02,14.770787239074707,15.220528990636844,14.729025820116199,15.220528990636844,18527247,14.906780683275917
2018-07-03,14.568403244018555,15.008507450454228,14.153998513035225,14.924983695691244,27930939,14.576969735836002
2018-07-04,14.70975112915039,14.81897343917406,14.455968581856716,14.56840309650797,19025805,14.661564383393722
2018-07-05,14.642289161682129,15.063119212333277,14.584465802657876,14.709750972658053,16721247,14.763291392224426
2018-07-06,14.786849975585938,15.02135746361714,14.623015586801694,14.863948403356668,20343636,14.810407675334924
2018-07-09,14.944258689880371,15.082393599543154,14.748300420271054,14.902497272242792,21868023,14.92498423656486
2018-07-10,14.979595184326172,15.059905812201482,14.876796367452645,14.953895709879216,13917168,14.972099121326766
2018-07-11,14.600528717041016,14.786850382152771,14.36923342736932,14.65513987510872,15130362,14.585537508854367
2018-07-12,14.944258689880371,15.09845554185211,14.674414198929828,14.712963411922763,20885187,14.905709476887436
2018-07-13,14.761149406433105,14.976383663611049,14.712963578959185,14.976383663611049,15985110,14.816832216334447
2018-07-16,14.118660926818848,14.391718513866213,13.749230776584964,14.391718513866213,37509984,14.086536739090008
2018-07-17,13.990163803100586,14.102599227984411,13.742806603624697,13.961251206471722,20818620,13.945189878236564
2018-07-18,13.9098539352417,14.211822301841778,13.884153541590637,13.99016456348701,13462362,14.001943259558038
2018-07-19,13.540425300598145,13.99980277145423,13.485813221613174,13.99980277145423,18563091,13.675347097888517
2018-07-20,13.784567832946777,13.864878455750386,13.543635045450308,13.652857345409512,17080392,13.73102711138249
2018-07-23,13.974101066589355,14.086535565986573,13.65606987446279,13.71389322625729,15582330,13.905568835679574
2018-07-24,14.227885246276855,14.272859786573083,13.945191024398529,14.038350471387654,16643952,14.148645352416155
2018-07-25,14.150786399841309,14.308195448009284,14.03835005245606,14.308195448009284,19424595,14.165777300102219
2018-07-26,13.813481330871582,14.20861100739454,13.77493211655436,14.150787645461591,15537057,13.93234148494016
2018-07-27,13.81026840209961,13.922702915316023,13.72353244466164,13.8199059349451,11036886,13.818834587359092
2018-07-30,13.652857780456543,13.845603832778425,13.444049786879258,13.797417089926537,16778946,13.647503800038075
2018-07-31,13.569334983825684,13.665708469765015,13.505086299561354,13.665708469765015,9063489,13.580043251050684
2018-08-01,13.485811233520508,13.803842450371613,13.453687350934086,13.755655707406303,13287540,13.581113678275402
2018-08-02,12.88187313079834,13.485811702936086,12.689127071313646,13.476174170190424,32394135,13.01893730168269
2018-08-03,12.313272476196289,13.003947055927958,12.271511056659046,12.939698364683823,28954734,12.529576862927764
2018-08-06,11.979181289672852,12.416072429844647,11.847470771336075,12.313273595424246,22136460,12.080908163617858
2018-08-07,12.207260131835938,12.207260131835938,11.799280787312773,12.10446316374,20449425,12.071267016994883
2018-08-08,12.300422668457031,12.685914784940111,12.213686712476912,12.213686712476912,21920862,12.400008055291352
2018-08-09,12.608817100524902,12.705190594836047,12.152650943078896,12.17192600957543,22462665,12.488886212813282
2018-08-10,13.392650604248047,13.418350998288732,12.657003363433661,12.657003363433661,31075095,13.156001655323479
2018-08-13,13.86809253692627,13.990164581728019,13.132443468133792,13.203117482823522,39699291,13.663566862262693
2018-08-14,13.86166763305664,14.118662386912213,13.688195714661262,13.8680929614459,24597171,13.88950857821004
2018-08-15,13.533998489379883,14.102600055930195,13.421563057895115,13.813480506267325,29646843,13.686053867735064
2018-08-16,13.575759887695312,13.877729174290604,13.248091126457261,13.31555201762308,22211298,13.567193396147724
2018-08-17,13.682448387145996,13.859723991987599,13.540628087705223,13.843607357247423,17237907,13.694266822279607
2018-08-20,14.581718444824219,14.617172826309389,13.827491883102276,13.850053510730339,44165139,14.342127718078629
2018-08-21,14.472129821777344,14.691306641071025,14.310970856907366,14.584941650483836,29537871,14.491469106585244
2018-08-22,14.436674118041992,14.765439777965945,14.233613029392636,14.681636423062074,27264213,14.478575641800191
2018-08-23,14.28518295288086,14.633288199186227,14.059560240906452,14.446342823287509,24995073,14.326010464324511
2018-08-24,14.004765510559082,14.294852911749459,13.80170442194206,14.294852911749459,23492850,14.033774281416868
2018-08-27,14.507585525512695,14.584942052099402,13.982205551904011,14.00154422246942,26292312,14.358244376505368
2018-08-28,14.69452953338623,14.875029011807555,14.478576595198454,14.52047781521791,24282843,14.68271171346408
2018-08-29,14.923376083374023,15.090980952371948,14.63651163380463,14.63651163380463,27434499,14.883622889850201
2018-08-30,14.504361152648926,14.96205435139018,14.388326374087228,14.665520106236727,27372285,14.618247292708778
2018-08-31,14.33030891418457,14.465683287276335,14.149810364837201,14.317416160659759,20069478,14.315267522099369
2018-09-03,14.075677871704102,14.307747452794993,13.901625224804661,14.307747452794993,16824078,14.095016849767918
2018-09-04,14.349648475646973,14.368987144812651,14.056337180865695,14.146587377513761,17872290,14.25832426710844
2018-09-05,13.698562622070312,14.346424157162343,13.698562622070312,14.207826830754973,24856572,13.91451646710099
2018-09-06,13.730795860290527,13.924187169445675,13.55352026302435,13.698563514350086,14074767,13.736167764253517
2018-09-07,13.801705360412598,14.207827565261612,13.746911387428996,13.953196369917974,20629422,13.9188147710344
2018-09-10,13.450377464294434,14.001542894489944,13.263432081692834,13.85327577151325,15879957,13.571784146825737
2018-09-11,13.382691383361816,13.492279329815482,13.186076195868486,13.392361179273166,10566942,13.353682303015262
2018-09-12,13.550296783447266,13.698562987010645,13.121612039700778,13.218308151637194,16762779,13.456823936719564
2018-09-13,13.833937644958496,13.875839786149532,13.56641277486085,13.766249996340276,16634493,13.758730068656293
2018-09-14,14.443120002746582,14.649404983974632,14.249728697372616,14.249728697372616,31601109,14.447417894697944
2018-09-17,14.443120002746582,14.65262794185691,14.020883010968618,14.182041971032348,25558461,14.372210318524035
2018-09-18,14.530145645141602,14.61394900132188,14.198157944640242,14.236836203916729,20437641,14.447417530367908
2018-09-19,15.136107444763184,15.271481826567971,14.407666362645823,14.536593906192035,39003369,14.938418544658992
2018-09-20,14.810564994812012,15.310160388509612,14.810564994812012,15.136107740243187,24607590,14.977096792711214
2018-09-21,15.152223587036133,15.713058844322012,15.020072167572938,15.310159592208306,48723708,15.295118199643694
2018-09-25,15.535782814025879,15.680826069827873,15.245696302421893,15.245696302421893,30734115,15.487435062091881
2018-09-26,15.555122375488281,15.777522156894575,15.400409323699114,15.684049918645918,29904546,15.577684618693988
2018-09-27,15.406855583190918,15.664711581982552,15.310159468373746,15.632478314160167,18832275,15.46057554451574
2018-09-28,15.825870513916016,15.883887444966792,15.439086977540043,15.47131932313908,23061342,15.716281645474282
2018-10-08,15.003955841064453,15.455202210330222,14.96205462303039,15.148999086359263,33416712,15.140404224808355
2018-10-09,15.178008079528809,15.342390921740538,15.023295033250122,15.023295033250122,12486912,15.181231344839823
2018-10-10,14.7976713180542,15.32949807090184,14.649404197479726,15.261810426033092,26464641,14.925524528811922
2018-10-11,13.801705360412598,14.562379677191496,13.753358225395445,14.314193475489324,35938617,14.039147754333179
2018-10-12,14.962055206298828,15.08453682952692,13.92741009122139,13.92741009122139,38761539,14.658000709015711
2018-10-15,15.126440048217773,15.42297342734038,14.923378916756201,15.013627283891765,28629405,15.157597464104784
2018-10-16,14.813787460327148,15.297266172971376,14.594610652951923,15.132883336899342,19409127,14.901888095416815
2018-10-17,15.248918533325195,15.361729429990522,14.788001462763237,15.052302437097627,33078786,15.132883142026317
2018-10-18,14.884697914123535,15.24569500496542,14.733206910799323,15.148998894551546,25159485,14.954533276629427
2018-10-19,15.155447959899902,15.236027448980584,14.182043563630351,14.530147952394497,35995659,14.857839657503613
2018-10-22,16.119178771972656,16.180419575036606,15.329497013602333,15.345612723199466,50683470,15.876365120203864
2018-10-23,15.619586944580078,16.11273548484445,15.245696150244171,16.067610384018128,34607451,15.659339526556233
2018-10-24,15.719502449035645,16.032152377631565,15.474539238110031,15.568013304185412,31361061,15.74206468825908
2018-10-25,15.987029075622559,16.035376209568316,15.113544796493787,15.261811000486556,33254205,15.711983360561554
2018-10-26,15.671157836914062,16.161082493110555,15.464872848984603,16.112735356818312,23034147,15.765704393003075
2018-10-29,15.271480560302734,15.787190691726446,15.116767520875621,15.674378869936895,20785128,15.391812924301599
2018-10-30,14.997511863708496,15.3875174741516,14.465685025290536,15.2940443082443,28946028,14.95023812105021
2018-10-31,15.081311225891113,15.294041180016661,14.858910554734992,14.968499411528756,18347766,15.07808765354759
2018-11-01,14.729985237121582,15.31016010585691,14.497915658492463,15.223133783330358,32705883,14.846020333823652
2018-11-02,15.477764129638672,15.519665345968031,14.7299835402584,14.971722887356501,41746905,15.242471005288367
2018-11-05,15.551898002624512,15.83231655281226,15.213463443097488,15.471319443406768,33026433,15.532559332844754
2018-11-06,15.352060317993164,15.529335909446202,15.1167677967773,15.526112029444121,16697385,15.332721341405554
2018-11-07,15.22957992553711,15.487435001117687,15.016849027101888,15.020071985006021,20858733,15.244621317918893
2018-11-08,15.787190437316895,15.970912860297759,15.36817642336874,15.36817642336874,42647565,15.708759906994464
2018-11-09,16.11595916748047,16.40282366965167,15.577687315712284,15.729176501571382,44031918,16.032156717614807
2018-11-12,16.634889602661133,16.79282651471805,16.01925950907841,16.109509700060883,40113552,16.482325208819198
2018-11-13,16.438276290893555,16.905639294093657,16.277115489864254,16.315794672295265,31762632,16.540343691617156
2018-11-14,16.728364944458008,17.01845331721822,16.399599228591534,16.415714941912906,30638604,16.715472496755922
2018-11-15,16.699356079101562,16.854069127955917,16.55431282634123,16.65100709863144,20837358,16.702579344466237
2018-11-16,16.61555290222168,16.986219837023075,16.40282290694462,16.760596164652636,33972264,16.66819854872979
2018-11-19,17.630855560302734,17.824245919679292,16.62521905197557,16.67034414541584,48746331,17.360106843985864
2018-11-20,17.856477737426758,18.365743762252453,17.211840117908125,17.405232325926107,51963240,17.81135387252911
2018-11-21,17.727550506591797,18.04987024384204,17.43746403409395,17.650193990970717,28230288,17.73829492817593
2018-11-22,17.824247360229492,18.35929707681093,17.614739430008175,17.614739430008175,30600558,17.9327612890162
2018-11-23,17.40523338317871,17.94350513655142,17.18283362147607,17.824247400236953,28551288,17.51052404706873
2018-11-26,17.456804275512695,17.824247277343424,17.237626550911546,17.37622387711193,24823878,17.506226034589222
2018-11-27,18.452770233154297,18.501119212577333,17.58250889111446,17.58250889111446,47746830,18.178799445615365
2018-11-28,18.581697463989258,18.913687021349308,18.149791602339455,18.452769928200148,36287838,18.548392029226008
2018-11-29,18.581697463989258,19.049062317171586,18.40442279390109,18.646162154046287,31476123,18.678394191687314
2018-11-30,18.372190475463867,18.823435906566854,18.185244174438832,18.51078780022171,26894517,18.46029018548985
2018-12-03,18.075658798217773,18.99104530964546,17.91449982456928,18.80732470675672,58277508,18.327067977477505
2018-12-04,18.15301513671875,18.320621869244444,17.763010461461548,17.856480857759866,35483904,18.07888248914158
2018-12-05,18.67194938659668,18.742859998914465,17.7726785886669,17.937061442528528,46874514,18.395829324726012
2018-12-06,17.840364456176758,18.63004533541299,17.688873457924707,18.536573108061642,40747452,18.05309441650482
2018-12-07,18.33673667907715,18.6622784872501,17.90482895871253,18.017640786827172,37906257,18.30128137501326
2018-12-10,17.85325813293457,18.227148925326798,17.743670183776086,18.056318319109852,34649769,17.941359080679153
2018-12-11,18.101442337036133,18.481779022671706,17.95317521214558,17.959622972076634,33443340,18.178798857284473
2018-12-12,18.77509117126465,18.849225662895986,18.359299143915273,18.497896486365065,39361224,18.6612053260253
2018-12-13,18.82343864440918,18.875011508037,18.410872334312764,18.77509150543483,30319512,18.703107495586313
2018-12-14,18.82343864440918,18.82343864440918,18.82343864440918,18.82343864440918,0,18.82343864440918
2018-12-17,17.69209861755371,18.37219352338158,17.405235969519392,18.265827602272687,42886794,17.82317603681823
2018-12-18,17.740447998046875,18.08210739878837,17.39879044163059,17.421352071918857,27409560,17.740448612821947
2018-12-19,17.24407386779785,18.03375667219319,17.205396527563096,17.795241181824615,34008930,17.494409022518045
2018-12-20,17.36333465576172,17.514823835651914,17.028123025181685,17.24729893839836,31296675,17.302093838865105
2018-12-21,17.07647132873535,17.466477886362917,16.734811914114594,17.279533386879578,30962670,17.092587043070953
2018-12-24,17.150602340698242,17.22473683273106,16.78638317408632,16.99588928470598,24480213,17.053907449171874
2018-12-25,16.83150291442871,17.079690003663575,16.399595262303396,16.953984519238826,33736905,16.77026272679856
2018-12-26,16.438276290893555,16.979771934653186,16.438276290893555,16.83795256916432,23217186,16.618774838813433
2018-12-27,16.38670539855957,16.90563941929421,16.360919891522908,16.79605147546964,30228450,16.551088236458895
2018-12-28,16.438276290893555,16.56720382512204,16.15141183561333,16.393151192832352,24752118,16.385630650542975
2019-01-02,15.848432540893555,16.563980856304106,15.787191728225643,16.444723111123185,25666335,16.066535041807768
2019-01-03,15.4906587600708,16.074055633469953,15.464872330551863,15.877441370417612,25043280,15.676528908030873
2019-01-04,16.32546615600586,16.438277990661486,15.313383524416144,15.406856688019055,37961361,16.025709223694495
2019-01-07,16.563982009887695,16.721918950626684,16.115958542055814,16.389931200227057,40813650,16.46728650085673
2019-01-08,17.044235229492188,17.28919847315464,16.776712202691055,16.85729076100767,44115471,17.036715301779296
2019-01-09,16.264225006103516,17.08291537736455,15.632479113881,16.696132742633953,78661590,16.326539832449686
2019-01-10,15.745290756225586,16.177198487544356,15.677604026505117,16.083726249152992,46036770,15.866697756758354
2019-01-11,15.800085067749023,15.88711138682613,15.593799161707928,15.632478345442193,29039865,15.76033187209436
2019-01-14,15.729172706604004,15.861324110527487,15.248917909511642,15.858100230800773,32923902,15.613138242214378
2019-01-15,15.729172706604004,15.780743716282712,15.422969606096082,15.597021302680522,25059195,15.644295342994267
2019-01-16,15.771075248718262,15.832316058406342,15.574460988311769,15.729174030368512,19777137,15.725950765145457
2019-01-17,15.306936264038086,15.764629478767889,15.255364327379995,15.761405598740053,29623134,15.442310023395322
2019-01-18,15.090981483459473,15.306936259296048,14.839573248952485,15.306936259296048,37798773,15.07916366390267
2019-01-21,15.539007186889648,15.555122899786914,14.865360059563242,15.071644135568443,39369978,15.319830048746601
2019-01-22,15.37462329864502,15.72917449150067,15.342390952857007,15.490659005751867,25228131,15.48206291433423
2019-01-23,15.729172706604004,15.754958211443359,15.25536290247789,15.284372287043958,28985901,15.579831273508418
2019-01-24,15.638924598693848,15.783969696501648,15.361730845863724,15.771076020203719,21513477,15.594875047019741
2019-01-25,15.851655960083008,15.99992124504637,15.532560074053205,15.648593935704964,30278748,15.794712426394193
2019-01-28,15.619586944580078,16.067610384018128,15.561568167378358,15.858102436437012,25876077,15.749588498658854
2019-01-29,15.471320152282715,15.616363409845349,15.15867016408265,15.616363409845349,18450951,15.415451242070239
2019-01-30,15.197347640991211,15.5583456704151,15.11676816008956,15.455202717606493,25027842,15.290820490498623
2019-01-31,14.962055206298828,15.30693660393714,14.913707148594975,15.181232022772125,21565527,15.060899652943647
2019-02-01,15.558345794677734,15.57123762644897,14.991063699430805,15.068420223033227,27534000,15.373549040185836
2019-02-11,16.180421829223633,16.222323048878625,15.729174520339111,15.729174520339111,38661195,16.04397313281379
2019-02-12,16.302902221679688,16.48662279827256,16.0772767399453,16.183642643264754,30897453,16.28893391996585
2019-02-13,16.621999740600586,16.78960462323838,16.21909955758465,16.302903843228588,36889446,16.54356797380787
2019-02-14,17.31498146057129,17.4245712348516,16.71224507932841,16.71224507932841,50737245,17.150599258250434
2019-02-15,16.654232025146484,17.211843443219486,16.60588304163862,17.211843443219486,45874767,16.82398617000153
2019-02-18,16.905641555786133,17.01522951346015,16.6445625724236,16.738034816703657,50455455,16.855144547223293
2019-02-19,16.67679214477539,16.973326402360506,16.435052782096754,16.921755387504394,43309359,16.695057109744216
2019-02-20,16.876630783081055,17.018452000254648,16.61232978527803,16.69613222579423,37499697,16.83580418953791
2019-02-21,16.741256713867188,17.086138103752155,16.618775093392628,16.857290574287855,37816671,16.815389970337325
2019-02-22,16.721920013427734,16.721920013427734,16.406046111873646,16.69613450172895,35903352,16.616628712909705
2019-02-25,17.746891021728516,17.769452648339,16.599435058036228,16.721916675235807,77514627,17.37192624270125
2019-02-26,18.28839111328125,18.910465394893208,18.1916949888349,18.436656413863787,87598650,18.463517165669785
2019-02-27,17.714658737182617,18.130450701700248,17.453579804440178,18.114334991430933,68562786,17.766229747774346
2019-02-28,17.569616317749023,17.798461996273613,17.456804496291156,17.766230574235625,28271214,17.608294270104597
2019-03-01,17.340768814086914,17.72110549639572,17.04423456689957,17.68887407432207,52368759,17.3687029591274
2019-03-04,17.30208969116211,17.659862865642914,16.995885680083088,17.405231706615105,90677430,17.319279412296037
2019-03-05,17.431020736694336,17.479367874596566,17.08291544195801,17.295645430782937,58891773,17.33110135108297
2019-03-06,17.547054290771484,17.71466101894585,17.244074103438052,17.566393883315655,66156534,17.501929804385128
2019-03-07,17.20539665222168,17.43746622828672,17.086138906173332,17.43746622828672,54851829,17.243000595560577
2019-03-08,16.47695541381836,17.08291390034136,16.45439194270678,17.08291390034136,55584450,16.671420418955503
2019-03-11,16.879854202270508,16.91530950559569,16.47050811832746,16.47050811832746,37858950,16.75522394206455
2019-03-12,16.757375717163086,17.04423838886393,16.66712550192945,16.889525315027974,41584644,16.822913202652156
2019-03-13,16.760597229003906,17.008784390967154,16.534975386630904,16.689688455625383,38162904,16.768119002200653
2019-03-14,17.588956832885742,17.775901303718666,16.763818737353347,16.763818737353347,105110229,17.376225624652587
2019-03-15,17.85325813293457,18.11433709600996,17.447135916258972,17.743670183776086,76627686,17.8049103817345
2019-03-18,17.940284729003906,18.191693899783658,17.853258406644567,17.88871371162986,46376727,17.995079011810713
2019-03-19,18.046649932861328,18.262601945821494,17.891935042510408,18.098219103878318,37217964,18.067062307064408
2019-03-20,17.856477737426758,18.265823778524076,17.679203083680928,18.13045033950636,36816810,17.933834866543922
2019-03-21,17.743669509887695,18.043425801853655,17.611518093289813,17.856479490595078,32700576,17.799537801677054
2019-03-22,18.372190475463867,18.55913493216404,17.72432894808241,17.77589995988417,51909762,18.218551451903437
2019-03-25,18.211030960083008,18.684841739173258,17.959623643125926,18.049871997958597,37368606,18.28516544746073
2019-03-26,17.808130264282227,18.54946397351853,17.753337220382424,18.372189323190174,31664712,18.036977152727726
2019-03-27,17.634078979492188,18.227147467078446,17.308537193894765,17.653418570244977,44235018,17.7232545468218
2019-03-28,17.00878143310547,17.94028356564158,16.92175511638947,17.93705968564286,50384184,17.29027337171217
2019-03-29,17.2408504486084,17.26341207490797,16.8121647943175,17.037790278937617,38506188,17.10547577261129
2019-04-01,17.550277709960938,17.65986565762415,17.179610802784627,17.256967326604247,48209445,17.463251390123236
2019-04-02,17.62441062927246,17.72110674664035,17.405234730518618,17.601849001094138,38530980,17.58358403547714
2019-04-03,17.53093910217285,17.6953219550592,17.46002849027578,17.6340811397231,30510771,17.562096515835943
2019-04-04,17.78879165649414,17.93383489555195,17.54060639461079,17.579285575332793,44311863,17.75441098221896
2019-04-08,17.224735260009766,17.92739170839505,17.05068262682924,17.882266610102885,49680057,17.400936531744687
2019-04-09,17.704992294311523,17.824250048343835,17.26019270482341,17.26019270482341,39914610,17.59647834915959
2019-04-10,17.895158767700195,18.14656792639752,17.29886821634788,17.711436335512733,52936371,17.780198303481864
2019-04-11,17.704992294311523,18.501121073758544,17.640529441029265,17.978963109411453,55161906,17.948880936366447
2019-04-12,17.43424415588379,17.646974139082843,17.298868853552538,17.646974139082843,26838123,17.46002904950639
2019-04-15,17.256967544555664,17.80491097844213,17.189280815899256,17.553501811771874,30060444,17.417053112965686
2019-04-16,18.285167694091797,18.388309737616098,17.17961276236241,17.256969295005636,63028710,17.9510300646901
2019-04-17,20.112714767456055,20.112714767456055,18.726743245572152,18.726743245572152,147514242,19.65072426016142
2019-04-18,19.119970321655273,20.0837056883903,18.984596875517358,20.08048180850135,94408956,19.39609096185431
2019-04-19,19.38105010986328,19.919323726698224,18.858892204527592,19.02005300817007,52309287,19.386422013696365
2019-04-22,18.60103988647461,19.381052979958643,18.433434986602162,19.339151754990528,45757452,18.805175951011805
2019-04-23,18.359294891357422,18.66549889479443,18.246484928555265,18.613927888355004,29905761,18.42375957156904
2019-04-24,18.74285888671875,18.749304802640108,18.259380150441697,18.514011350422937,33876855,18.583847946600184
2019-04-25,18.101442337036133,18.597814725206682,18.04987132353724,18.597814725206682,27877455,18.249709461926685
2019-04-26,17.84358787536621,18.240040285639907,17.769453388241462,18.07888132406543,24626778,17.951027183082527
2019-05-06,16.776714324951172,17.81780455356492,16.70902758967283,17.68887699962398,40663092,17.101182156062972
2019-05-07,17.086137771606445,17.269860198746816,16.783157606336772,16.895969428862447,25722741,17.04638519223001
2019-05-08,16.712247848510742,17.18605678939591,16.570426632095447,16.7702647805329,29444109,16.822910423334033
2019-05-09,16.473730087280273,16.841173065157726,16.3319088904321,16.728361252480706,22279170,16.548937347623365
2019-05-10,16.844396591186523,16.863736180227917,16.019258620559395,16.715469071451775,27139509,16.575797130657946
2019-05-13,16.44472312927246,16.82505983766923,16.277116403208193,16.82505983766923,19488231,16.515633123383296
2019-05-14,16.17719841003418,16.438277375697982,16.14819086562157,16.2610008517318,18892434,16.254555550451244
2019-05-15,16.531747817993164,16.544641493028877,16.222321749034272,16.31257194130971,20408055,16.43290368668544
2019-05-16,16.589767456054688,16.725140922266647,16.502741129396956,16.518856842581698,17513100,16.60588316923943
2019-05-17,16.18686866760254,16.583321103357477,16.115958055995126,16.534973965075206,20251446,16.295382608985047
2019-05-20,15.793636322021484,16.251329516474346,15.632477369943674,16.244883601029205,23488791,15.892481069479835
2019-05-21,15.922565460205078,15.990254034350462,15.696943642245698,15.845208934078274,17958189,15.869921045600412
2019-05-22,15.771075248718262,15.958019713455593,15.66471118500734,15.951573797784464,15787011,15.797935382393732
2019-05-23,15.339167594909668,15.94835181376547,15.30048933427021,15.890333039562572,32117157,15.52933624764845
2019-05-24,15.667933464050293,16.016038736247555,15.148999435802514,15.377846044606738,28129848,15.610990545366787
2019-05-27,15.732400894165039,15.790417834858543,15.24569820435068,15.568018025262367,23870058,15.589505644458086
2019-05-28,16.277116775512695,16.277116775512695,15.700165783729128,15.732399053075891,36757644,16.084799778251504
2019-05-29,15.987029075622559,16.099840899154266,15.880663167751964,15.95801968866014,16997616,15.989177714176263
2019-05-30,15.590578079223633,15.954799089583084,15.551898893124351,15.954799089583084,16621086,15.69909202064369
2019-05-31,15.551898002624512,15.771075741211774,15.429417301586042,15.677603505924193,16077201,15.58413034847411
2019-06-03,15.725950241088867,15.845207981154953,15.484210880940065,15.700164733930661,16188510,15.685123034394628
2019-06-04,15.635702133178711,15.664711520808071,15.374623177489413,15.613138661358658,14799297,15.558345610492063
2019-06-05,15.761406898498535,15.906452002512875,15.664712621589123,15.787192407872734,20181438,15.777523840866843
2019-06-06,15.912895202636719,16.154634542298492,15.793635628352742,16.016037222528418,31904364,15.953721791095985
2019-06-10,16.40604591369629,16.731589608745665,16.32868937953436,16.438279186174366,39324543,16.488774967325437
2019-06-11,16.61555290222168,16.660678005560797,16.164305557480798,16.29968086749815,35905902,16.480178821754425
2019-06-12,16.357694625854492,16.61877355410643,16.29645382128954,16.61877355410643,28137297,16.424307333750154
2019-06-13,16.18686866760254,16.341581723295924,16.08050275019142,16.341581723295924,20417679,16.202984380363294
2019-06-14,15.906448364257812,16.273891327714257,15.890330810801007,16.212650526417402,18765924,16.023556834257693
2019-06-17,15.825870513916016,16.093395385954295,15.793637246154487,15.951574171913528,15901521,15.904301048674933
2019-06-18,15.858101844787598,15.987029382106197,15.783969202451267,15.829094301594022,16417104,15.876366809781686
2019-06-19,15.987029075622559,16.228768434001225,15.941903977344888,16.154635793086076,27764901,16.05256716232289
2019-06-20,16.209428787231445,16.273893476596825,15.819424148356902,15.98702902092201,36350598,16.100915470728392
2019-06-21,16.29323387145996,16.335135091667905,16.115957350205168,16.1804220427501,31957458,16.24810877111101
2019-06-24,16.36092185974121,16.399599202786614,16.18364532483472,16.293235126167886,19620348,16.31472212912085
2019-06-25,16.083724975585938,16.335134126300957,16.019260286850713,16.27711535314178,23622657,16.14603979624587
2019-06-26,16.125625610351562,16.309348030063944,15.925787480119212,15.974136456003968,17141781,16.120253706844906
2019-06-27,16.290010452270508,16.393152487800947,16.13529739897485,16.180422500600685,24354324,16.272820113015435
2019-06-28,16.3480281829834,16.383483489965723,16.190093086082776,16.293235126640393,16551291,16.307201586343965
2019-07-01,16.731586456298828,16.802495216009863,16.464061595519972,16.631668310120844,34309089,16.666047755942888
2019-07-02,17.140932083129883,17.53416247311092,16.61555211407965,16.731587825115465,47566902,17.09688222344015
2019-07-03,17.211843490600586,17.46969858893522,17.140932877477276,17.240852880785162,35617032,17.27415831900436
2019-07-04,17.16027069091797,17.4406892339726,17.024897239415708,17.218287620943943,24441435,17.208619054768757
2019-07-05,17.166717529296875,17.331100376809786,16.818614086106333,17.16027161324197,24753987,17.105477330737667
2019-07-08,16.863739013671875,17.176387148856808,16.522079645725665,17.169941232868208,29192538,16.85406860275145
2019-07-09,17.69209861755371,17.74367148223619,16.783159844837375,16.821837187942773,54315930,17.406309981542424
2019-07-10,17.373001098632812,17.598626597324145,17.247297439710138,17.598626597324145,35937585,17.406308378555696
2019-07-11,17.163494110107422,17.45358059677364,17.04745840884599,17.379447957304468,27691110,17.221511038575684
2019-07-12,17.489036560058594,17.656643280591002,17.147379047539616,17.17961047076028,31125090,17.431019629396403
2019-07-15,17.840364456176758,18.01119135607936,17.28275128324398,17.49548124357204,36662028,17.711435698500033
2019-07-16,17.65664291381836,17.808132075268652,17.598625984361327,17.772676772732428,16183827,17.68780032448278
2019-07-17,17.6147403717041,17.792016889622502,17.534161812945726,17.659865471203783,18638613,17.646973024757443
2019-07-18,17.22795867919922,17.52449295541861,17.102255014210073,17.52449295541861,26875320,17.284902216275967
2019-07-19,17.38266944885254,17.479365556156438,17.19894887373246,17.27952927053985,18021675,17.353661292913813
2019-07-22,17.6953182220459,17.866146955159742,17.418123593525447,17.566390702306702,34603254,17.659862923577027
2019-07-23,18.156238555908203,18.452770983011288,17.52127063639095,17.66309001170328,42321543,18.04342672510348
2019-07-24,18.15946388244629,18.455996333167136,18.11433877766533,18.30772918564411,31837191,18.24326633109292
2019-07-25,18.30772590637207,18.36574467826609,17.99185391813464,18.159460629731463,20706786,18.2217748342576
2019-07-26,18.574275970458984,18.723077531609057,18.114932986546783,18.19580384283925,31765155,18.47076216287161
2019-07-29,18.50958251953125,18.745722258600335,18.30578853468108,18.710141003472998,19030206,18.520364437604222
2019-07-30,18.46429443359375,18.58721755230675,18.289614407104015,18.519284991248387,22645569,18.447042131001506
2019-07-31,18.098758697509766,18.373717010128782,17.946723490829765,18.373717010128782,26915949,18.139733066156104
2019-08-01,18.027591705322266,18.20550720639101,17.849678055226274,18.01788705517554,26600880,18.027592322313183
2019-08-02,17.59412956237793,17.801157190665315,17.419451389240198,17.48738209840037,25253976,17.604912714094482
2019-08-05,16.943931579589844,17.62000682670091,16.888941026395564,17.532666820540314,31372596,17.15095981089544
2019-08-06,16.617216110229492,16.81453907081978,16.319612993587427,16.63015441044549,32508657,16.583789391545565
2019-08-07,16.432832717895508,16.788661914912826,16.35843285848035,16.707791053917482,21339294,16.52664249709623
2019-08-08,16.452239990234375,16.597806041282542,16.335786038812184,16.539579991057828,21436848,16.461944023443035
2019-08-09,16.494291305541992,16.80806819064316,16.45223905770921,16.594571451271854,25732032,16.584866184631455
2019-08-12,16.562223434448242,16.562223434448242,16.10935146779926,16.458709630531583,27221697,16.411266112231914
2019-08-13,16.01230812072754,16.397249416344767,15.97995866613377,16.339023359632737,40599960,16.129838734402025
2019-08-14,16.26785659790039,16.33578730358411,16.096412083370453,16.23874449602046,27806187,16.23335199495165
2019-08-15,16.209630966186523,16.29373732629866,15.863506427452633,15.996134192612848,19933998,16.122291573312605
2019-08-16,16.520170211791992,16.67544090853894,16.21286431859509,16.27109036713202,27090381,16.46949181297534
2019-08-19,16.853357315063477,16.882469415416885,16.562223354719738,16.82100786326563,32041875,16.7660166950667
2019-08-20,16.636625289916992,16.850122049703092,16.594573038063125,16.753077394901105,26398692,16.69377345922774
2019-08-21,16.698087692260742,16.698087692260742,16.45871061811041,16.604278533204,25703355,16.618295334210632
2019-08-22,16.241975784301758,16.465177170804022,16.067295794526895,16.465177170804022,63326772,16.25814958321089
2019-08-23,15.814981460571289,16.1772816127673,15.604720210469337,16.174046112391594,74090817,15.865661094602642
2019-08-26,15.860267639160156,15.866738639270267,15.442977904227675,15.533552470557238,42682323,15.723328060886033
2019-08-27,16.025245666503906,16.054359618974242,15.882915106696764,15.889384256921433,43437480,15.987506797391637
2019-08-28,16.112586975097656,16.607513101254064,16.106117824350175,16.271093199735645,52952916,16.27540596690063
2019-08-29,15.882913589477539,16.10287948388707,15.785868941486179,16.10287948388707,29222586,15.923887338283597
2019-08-30,15.996133804321289,16.13846436625781,15.902322795282123,16.0381860578701,30547602,16.012306988620406
2019-09-02,16.083473205566406,16.174046859569994,15.960550099229613,16.16757770949249,35501028,16.07269005478867
2019-09-03,16.00907325744629,16.170814983936665,15.899090290172346,16.170814983936665,28702599,16.0263261771851
2019-09-04,15.970253944396973,16.00583704448793,15.853799994010862,16.00583704448793,32110506,15.943296994298587
2019-09-05,16.219335556030273,16.303440064851277,16.009072433004825,16.012307933718304,52472229,16.177282684628793
2019-09-06,16.332555770874023,16.562226369905687,16.241980250907105,16.284034360803055,43972071,16.37892079722894
2019-09-09,16.685148239135742,16.711026692751265,16.355197492794574,16.449008506752225,58448523,16.583790808227192
2019-09-10,16.546049118041992,16.778957020565088,16.452239967539146,16.723964619834252,38512092,16.592415368715407
2019-09-11,16.533111572265625,16.71749438129189,16.46517901786491,16.581632974436147,34907160,16.571928323807473
2019-09-12,16.42959976196289,16.62045174425984,16.290502837682265,16.59457514073821,29743443,16.44685144796833
2019-09-16,16.549283981323242,16.613981029749603,16.44900568488098,16.61074552948784,25136316,16.53742356531794
2019-09-17,16.16434097290039,16.571927012181046,16.0705318255451,16.562222362320473,31679295,16.268933270208844
2019-09-18,16.18698501586914,16.216097113116657,16.112583320741905,16.17404486633599,15984897,16.17188848324257
2019-09-19,16.23550796508789,16.25815091522126,16.1093512126772,16.232272464651928,18512283,16.201003364328784
2019-09-20,16.196691513061523,16.31637911777771,16.17404671153825,16.303438966768297,20628855,16.22903911412583
2019-09-23,15.908793449401855,16.157873315584826,15.802044142049352,16.141699514647698,28780551,15.95623696901201
2019-09-24,16.131994247436523,16.303438751986114,15.912026490956897,15.979957192686147,23950125,16.11581983012651
2019-09-25,15.863505363464355,16.125525375485005,15.81821761120656,16.125525375485005,24226035,15.935749450051972
2019-09-26,15.685592651367188,16.012307885472236,15.682357150663456,15.947610828208207,20857335,15.793419229167625
2019-09-27,15.714704513549805,15.789106220814572,15.650007457274917,15.685592411553083,12204297,15.7179393972131
2019-09-30,15.779401779174805,15.892618389955338,15.701766421198677,15.73734767400308,14743353,15.791262196776273
2019-10-08,15.662947654724121,15.934672330316623,15.624130901624003,15.785870766324845,14584452,15.74058362888825
2019-10-09,15.556199073791504,15.63059892493634,15.294179068110177,15.624129775048266,15141336,15.49365902227934
2019-10-10,15.850564956665039,15.9152620089856,15.643539201768531,15.656477501648963,18765927,15.80312205580639
2019-10-11,15.666182518005371,15.837627026749212,15.517380960067623,15.688825468811462,22722522,15.67373016827407
2019-10-14,15.802045822143555,15.973490351472787,15.688827352573238,15.844098079245718,25164456,15.82145450872986
2019-10-15,15.527085304260254,15.850565014117137,15.494736777982723,15.81821741332601,22983216,15.624129032120038
2019-10-16,15.37181568145752,15.604721755301064,15.358875529646408,15.527086397353216,21451062,15.44513765546833
2019-10-17,15.37181568145752,15.446215538709355,15.332998002483594,15.37181568145752,11553069,15.383676407550155
2019-10-18,15.171257019042969,15.523850700563958,15.145377641234118,15.523850700563958,22502913,15.280161786947014
2019-10-21,15.064506530761719,15.197134282654764,14.948053504419835,15.171255832356568,15847608,15.06989810594544
2019-10-22,15.138908386230469,15.15831676140836,15.048332883779,15.070976759391868,9967221,15.11518601047261
2019-10-23,15.074212074279785,15.187430532415217,15.06127377385036,15.135673628751755,9110265,15.107638793515122
2019-10-24,15.093620300292969,15.145376274781748,15.041863400317816,15.041863400317816,9470652,15.09361999179751
2019-10-25,15.216543197631836,15.258595446929474,15.022453899825958,15.13890784870403,11122659,15.165864181462423
2019-10-28,15.300649642944336,15.352406548814624,15.213309632916605,15.213309632916605,15777576,15.28878860822519
2019-10-29,15.25212574005127,15.491501867768461,15.235951940005704,15.313587290808082,16532814,15.326526515941813
2019-10-30,14.220223426818848,14.847777324416567,14.07142277909342,14.847777324416567,51725652,14.379807843442945
2019-10-31,13.861159324645996,14.21698852155791,13.780289389161105,14.21698852155791,33205071,13.952812411788337
2019-11-01,14.094063758850098,14.152290734928481,13.683244053322163,13.844983905398939,20191350,13.97653284903358
2019-11-04,14.04877758026123,14.16846611285336,13.951732924158037,14.094064407752672,16235754,14.056325539090876
2019-11-05,14.216986656188965,14.346378906182213,13.916149906326257,14.07788975607463,23097039,14.159838489565812
2019-11-06,14.333441734313965,14.508120822804067,14.081126364233715,14.265510103608392,29014263,14.307562973783917
2019-11-07,14.453128814697266,14.766904802762301,14.13288182563072,14.242865705496047,29050650,14.45097181436343
2019-11-08,14.517824172973633,14.863947743810412,14.49194572325763,14.841304794423682,27411939,14.62457254668056
2019-11-11,14.216986656188965,14.491945881539399,14.113472856194367,14.491945881539399,18502074,14.274135131307576
2019-11-12,14.265509605407715,14.33990945829396,14.087595022511845,14.207283553106617,13370787,14.231004695404508
2019-11-13,14.00025463104248,14.28815308601835,13.909680054591805,14.271978360394508,17393382,14.066029257217545
2019-11-14,14.077890396118164,14.174934125281952,14.013194268180166,14.071421246067572,12119367,14.088672929860095
2019-11-15,13.948497772216797,14.113473125477489,13.84498397024717,14.081125525105177,13844757,13.968984955980487
2019-11-18,13.854687690734863,13.919384742432044,13.754409389222937,13.87733249176663,16105941,13.842827274129947
2019-11-19,14.149057388305664,14.152291963511265,13.767348823964229,13.767348823964229,16039044,14.022899391927053
2019-11-20,13.942028045654297,14.103768828021492,13.912915019493582,14.103768828021492,11816052,13.986237297723124
2019-11-21,14.110239028930664,14.191108958089648,13.838515289547878,13.974376696496059,17099913,14.046621092189397
2019-11-22,14.174934387207031,14.427249753570726,14.055246779681745,14.145821360468585,21080670,14.219143640153169
2019-11-25,14.514589309692383,14.647217064422733,14.084360295652578,14.284918752497338,36517989,14.415388889922566
2019-11-26,14.42724895477295,14.58575515648868,14.152290652551068,14.485475930512406,29870415,14.388431587937566
2019-11-27,14.200813293457031,14.385197024001727,14.184638567595186,14.381962449023918,14499294,14.256882961684648
2019-11-28,13.967907905578613,14.14582156920611,13.958203254693784,14.097299240268407,14436009,14.023977576492834
2019-11-29,14.03583812713623,14.11023890554539,13.916150521969154,13.997020450420983,13231086,14.020742518216926
2019-12-02,13.95820426940918,14.084361963623873,13.925856664756779,14.035839631158758,12993279,13.989474299263279
2019-12-03,14.165230751037598,14.181404552051072,13.906446232876268,13.958203136508534,14114412,14.084360511988313
2019-12-04,14.275214195251465,14.375492498842103,14.0520118610826,14.142586439655261,20687913,14.234239518392057
2019-12-05,14.246101379394531,14.365788985759671,14.200813626696874,14.297857356713186,18859359,14.270901330617027
2019-12-06,14.139351844787598,14.278448750200395,14.061716491834371,14.249335724214538,20443719,14.159839028940787
2019-12-09,14.03260326385498,14.168465592310648,13.99702016289202,14.139351641257464,17477955,14.066029673019216
2019-12-10,14.04877758026123,14.081126107457772,13.974376800646972,14.081126107457772,12651951,14.034760162788658
2019-12-11,14.271980285644531,14.307563391136098,13.97114256487926,14.02613497354314,26661987,14.183562080553296
2019-12-12,14.064950942993164,14.262273898640238,13.984081015750553,14.262273898640238,24276825,14.103768619127985
2019-12-13,14.02936840057373,14.197579262676962,13.984081572689352,14.165230735199744,42480249,14.070343078646681
2019-12-16,14.275214195251465,14.28168334526345,13.984081158524706,14.048777286076607,37579044,14.180326233013206
2019-12-17,14.569581985473633,14.734557344123667,14.284919020757913,14.288153595803532,57141525,14.529686116785072
2019-12-18,14.459598541259766,14.582520726083617,14.404607061877686,14.582520726083617,33968739,14.482242109740355
2019-12-19,14.5469388961792,14.556643547327504,14.317267396759323,14.459598886817398,30349041,14.47361661342201
2019-12-20,15.080682754516602,15.294180453430032,14.57281742284538,14.631043479057649,86951406,14.982560210264005
2019-12-23,14.731322288513184,15.015985243942636,14.708677487473306,14.983636718082456,39832527,14.818661673309707
2019-12-24,15.132439613342285,15.155082565417706,14.799254302313742,14.799254302313742,46980666,15.028925493691245
2019-12-25,15.155080795288086,15.572370566397387,15.045097846524676,15.219777845190094,57549771,15.257516402736718
2019-12-26,15.012750625610352,15.284474355007632,14.925410624075342,14.94805357407699,33103716,15.074211868231108
2019-12-27,14.88012409210205,15.155082418955093,14.88012409210205,14.944820223449028,32886381,14.971776867719731
2019-12-30,15.410632133483887,15.462389034661726,14.88659304631507,14.993341423622764,58943136,15.253204738153562
2019-12-31,15.42033576965332,15.559431738305827,15.171255005001854,15.368577946393122,39649848,15.383674170987
2020-01-02,15.582076072692871,15.679120727392286,15.368579313132425,15.42680536556294,47803710,15.54325870440586
2020-01-03,15.540022850036621,15.84733059555723,15.423570752450814,15.591779749179807,38980821,15.603641399348222
2020-01-06,15.617659568786621,15.912027189858021,15.265065893814525,15.329762023418875,50961414,15.598250884153055
2020-01-07,15.54326057434082,15.688826642637624,15.452685987880468,15.627365084739333,28020174,15.561591068286305
2020-01-08,15.29417896270752,15.640303467466808,15.25212578677927,15.381518963999374,33292335,15.395536072317867
2020-01-09,15.41386604309082,15.591779689095137,15.32652604475168,15.446213642187475,26765100,15.444057258979212
2020-01-10,15.177726745605469,15.417101961336007,15.077446588305715,15.417101961336007,32788389,15.224091765082397
2020-01-13,16.69485092163086,16.69485092163086,16.339021763640478,16.69485092163086,155648277,16.576241202300732
2020-01-14,17.286821365356445,18.111698121051138,17.14448896399236,17.79145021798194,184492788,17.514336150133314
2020-01-15,17.244770050048828,17.71058217817276,16.911583829324364,17.47120511299054,89611569,17.28897868584865
2020-01-16,17.497085571289062,17.642651631252047,16.749844118913426,17.302996257356497,100721121,17.296527107151512
2020-01-17,18.74571990966797,19.247115131208485,17.209186643907767,17.42268340278487,159180114,18.400673894928072
2020-01-20,19.007741928100586,19.376509432545838,18.276674218953247,18.53546060830417,90232686,18.88697519319989
2020-01-21,18.34783935546875,18.674556435642682,18.29284880114133,18.671320934987516,61150971,18.438414864084255
2020-01-22,19.172714233398438,19.57059562883071,18.1472808956055,18.276671293107793,98393985,18.963530252611548
2020-01-23,19.353862762451172,20.016997783311254,18.603387745291435,18.758658438496898,87475488,19.324749430351286
2020-02-03,17.419448852539062,17.62324095034243,17.419448852539062,17.419448852539062,30119400,17.487379551806853
2020-02-04,18.231386184692383,18.600153646088884,17.467970960109746,17.467970960109746,110332590,18.099836930297005
2020-02-05,19.67087745666504,20.05581873460838,18.435179064577323,18.664851482075125,133869075,19.387291751950247
2020-02-06,19.651466369628906,19.683813968825692,18.891284831695366,18.90746048226648,90339543,19.408855056716657
2020-02-07,18.729543685913086,19.648229506787,18.328426820187126,19.648229506787,96384477,18.9020666709624
2020-02-10,19.709693908691406,20.495753955613463,19.036854169464497,19.150072626186784,105838938,19.747434011256455
2020-02-11,19.098316192626953,19.447676222068853,18.852469971764446,19.408857618365133,58852722,19.13282079548675
2020-02-12,19.14683723449707,19.602946564532953,18.87511441759692,19.098315831757148,59236668,19.208299405542316
2020-02-13,18.616329193115234,19.450910698490162,18.600155391208848,18.92363698225549,71084109,18.88913176093808
2020-02-14,18.406064987182617,18.729546559262552,18.257265277979265,18.61956360216398,63352149,18.464292274808145
2020-02-17,18.91716957092285,18.94304802654692,18.409303259699072,18.409303259699072,62966700,18.756506952389614
2020-02-18,19.23741340637207,19.408857923152357,18.68749490142872,18.697199552507048,68509596,19.111255410317714
2020-02-19,20.026702880859375,20.85805061440889,19.945833883197665,20.854815114113336,131242959,20.276862459488644
2020-02-20,22.029052734375,22.029052734375,20.41488230228951,20.43428975193256,194817282,21.490995923679836
2020-02-21,21.834964752197266,22.084044621938826,21.246229505004724,21.67322303856943,136556748,21.721746293046937
2020-02-24,21.41443634033203,21.718508583903176,21.01332129961979,21.162120995625223,107390637,21.382088741285
2020-02-25,22.918622970581055,23.352087446407864,20.75776974083943,20.832169586283822,122230227,22.342826719276115
2020-02-26,23.19358253479004,24.519854483996266,22.32018438555002,22.572499735503403,156830496,23.34454046811211
2020-02-27,22.659839630126953,23.662630024554073,22.022581182971823,23.18711327719042,81809988,22.78168361255095
2020-02-28,21.145950317382812,22.31694976179109,21.01008706147264,21.563239182686516,101476056,21.490995713548845
2020-03-02,21.62470245361328,21.747625568312056,20.702780944345452,21.220351856183814,67692963,21.358369655423598
2020-03-03,21.954652786254883,22.70836341130301,21.822025022748342,22.57897114848185,82275876,22.16168040676875
2020-03-04,21.53736114501953,21.932008918371054,20.93568761077365,21.65704875175866,54279759,21.468352558054743
2020-03-05,21.61176300048828,21.873783017698365,21.188001272150238,21.67969370473396,51001101,21.557849096778963
2020-03-06,21.142717361450195,21.8511402738444,21.133012709790584,21.188003267897656,44162880,21.375623448361726
2020-03-09,19.230939865112305,20.473107274487255,19.14359986791556,20.473107274487255,86259546,19.615882335838375
2020-03-10,19.489727020263672,19.89407946283994,18.54516442328067,18.632504432414876,79433769,19.30965696879476
2020-03-11,19.007741928100586,19.780861893362705,18.955985020425004,19.657938774889946,66095541,19.248196280629433
2020-03-12,18.43841552734375,18.651912303941668,18.082586332365235,18.538693839586095,68928255,18.39097138788355
2020-03-13,18.001712799072266,18.276671092695036,16.934227223602047,17.40327296232272,63228900,17.73753703845645
2020-03-16,17.451797485351562,18.54516344099284,17.429152683606315,18.305786378241134,70853244,17.80870453665024
2020-03-17,17.150957107543945,17.778510875324887,16.782189677148626,17.429150893181053,53893056,17.23721922000582
2020-03-18,16.850122451782227,17.68470391163219,16.827479500543017,17.335343886397716,51306669,17.120768621319144
2020-03-19,16.64632797241211,16.98921694773708,16.135226307613657,16.856591057795033,57767700,16.59025707592095
2020-03-20,16.976280212402344,17.076558514126546,16.626920204638147,16.918052310459785,42762660,16.893252977055678
2020-03-23,15.575607299804688,16.432831710290476,15.491502794149246,16.25491804817737,72002928,15.833313934748135
2020-03-24,16.086706161499023,16.135227561447444,15.329761031369804,15.934670960882427,60504033,15.850564918105425
2020-03-25,16.895410537719727,17.07979520477454,16.51046740226768,16.675442767322426,86211426,16.82855771492065
2020-03-26,17.558544158935547,17.849678111334246,16.6948506538622,16.98274910587757,87726852,17.367690974710666
2020-03-27,17.720285415649414,18.131105107324586,17.61030061705092,17.920842011033866,67908855,17.82056371334164
2020-03-30,18.186100006103516,18.690730766168112,17.749401804910395,17.79145220878065,97655820,18.208744192394008
2020-03-31,19.399154663085938,19.40562381394438,17.937021063612985,18.36078098589661,103740432,18.913933180214432
2020-04-01,18.470760345458984,19.622352267045212,18.444881896108427,19.37650607272855,108320841,18.84599816953754
2020-04-02,18.28961181640625,18.341368716851694,17.726755061318876,18.341368716851694,69064707,18.119245198192274
2020-04-03,17.79145050048828,18.305785862434984,17.76233840045446,18.305785862434984,49795605,17.953191587792574
2020-04-07,18.211977005004883,18.41253546291281,17.985540096107957,18.25726475697883,55770690,18.203350854675218
2020-04-08,17.89496612548828,18.05023682866613,17.804390623148144,18.05023682866613,38301681,17.916531192434185
2020-04-09,17.9952449798584,18.289612595045487,17.96936652853396,18.053471032595173,39278796,18.084741367812615
2020-04-10,17.655590057373047,18.205508550115585,17.51649314662465,18.205508550115585,38870016,17.792530584704426
2020-04-13,18.043766021728516,18.095522923344053,17.70411251173456,17.70411251173456,30141768,17.947800485602375
2020-04-14,18.729543685913086,18.761891282866685,17.914371656068763,18.05023489502454,69344115,18.468602208282846
2020-04-15,19.460617065429688,20.18197831910743,18.884820041742003,19.201832510167744,90888108,19.509138475426372
2020-04-16,19.408857345581055,19.8293817242813,19.101549573822012,19.441204947564255,48550344,19.446596214561456
2020-04-17,19.020681381225586,19.72586875963645,18.981862776409525,19.60294749665582,46272630,19.242804305757186
2020-04-20,19.033618927001953,19.21476809001938,18.813651160708638,19.21476809001938,31751829,19.020679392576657
2020-04-21,19.20829963684082,19.30534429757928,18.697199731322737,18.923636656054832,43441386,19.07028122191428
2020-04-22,19.224472045898438,19.40885670284788,18.723076827871243,18.891285833391873,35934606,19.11880185887252
2020-04-23,18.84276580810547,19.586771789252797,18.774835100840193,19.40562261955441,34266294,19.068124232732817
2020-04-24,18.99803352355957,19.56736124649572,18.923633677588178,18.978624224272195,40025679,19.163009482547825
2020-04-27,18.43841552734375,19.114490812705633,18.399596921977047,19.09184600925073,40749996,18.650834420675476
2020-04-28,18.409299850463867,18.62926760801896,17.713815327506328,18.43841380176423,38186040,18.250794261996386
2020-04-29,18.76512908935547,19.23094120624116,18.619563034200294,18.826590641705042,49001268,18.871877776598975
2020-04-30,19.402385711669922,19.596473149696777,18.926867138718425,19.027147283391464,64937532,19.308575333361706
2020-05-06,20.117279052734375,20.2175573535803,19.117724140787875,19.214766941229957,68492169,19.817520182367517
2020-05-07,19.447675704956055,20.110810792163445,19.402387952163544,20.110810792163445,66693492,19.65362481642768
2020-05-08,19.337692260742188,19.570598340265505,19.182421541059973,19.444441574638578,50892819,19.363570714022554
2020-05-11,19.040090560913086,19.29887323713607,18.797479835295285,19.179185624679572,56781963,19.045481211114815
2020-05-12,19.13066291809082,19.13066291809082,18.82659065658469,19.049792064730553,30190698,19.029305497588776
2020-05-13,19.08537483215332,19.327985537015323,18.923634979236247,19.127427082853394,32821248,19.11233178280163
2020-05-14,18.6616153717041,19.053027638063476,18.616327619610285,19.053027638063476,35013039,18.77699020979262
2020-05-15,18.752187728881836,18.94951065370869,18.535455506275945,18.69395983554472,30472818,18.745717962955492
2020-05-18,18.496641159057617,18.89128709935427,18.24432578289544,18.567807366611323,30925347,18.544084680435777
2020-05-19,18.823354721069336,18.955982473281505,18.681024169573167,18.761893170091636,27845949,18.820120454641337
2020-05-20,19.088611602783203,19.505902339069017,18.978626792585978,18.988331443542965,48961755,19.1910469114794
2020-05-21,18.486936569213867,19.205065946579573,18.44164881416841,19.120959586931452,35998767,18.711217109987285
2020-05-22,18.121400833129883,18.655145484706143,17.956425482784166,18.490170134360426,27419583,18.244323933540063
2020-05-25,18.283145904541016,18.292850556464828,17.891733581488403,18.12463967474059,17909109,18.15591001416475
2020-05-26,18.85894012451172,18.884818578032146,18.373718658260454,18.373718658260454,29027304,18.70582578693477
2020-05-27,18.54839515686035,19.392681162096203,18.461055161457587,19.279462718091605,33583926,18.80071049347138
2020-05-28,18.600154876708984,18.83629645015084,18.244325691692183,18.551633472331982,25567569,18.560259006184
2020-05-29,18.561336517333984,18.768365991270432,18.37695369749022,18.477233859221258,18250170,18.568885402031544
2020-06-01,19.185657501220703,19.308578769015973,18.580746558963348,18.681026724684024,47667393,19.024994276400008
2020-06-02,19.725866317749023,20.11404306299202,19.046555625344237,19.269758873460095,60471330,19.628821668695092
2020-06-03,19.386213302612305,19.748513492709396,19.2406472370144,19.664407132897292,43151385,19.4584580107787
2020-06-04,19.437973022460938,19.797035878664957,19.315049902851744,19.56412979197161,31112196,19.516686267992544
2020-06-05,20.443994522094727,20.469872972743293,19.515605799192237,19.732336203772775,78151866,20.143157764676754
2020-06-08,20.304899215698242,20.6477901019936,20.201385404961442,20.379300924023404,50958933,20.38469157421776
2020-06-09,20.04611587524414,20.83540965431143,19.955542210975494,20.37930213013024,60587859,20.279022580177024
2020-06-10,19.754980087280273,20.191678227574304,19.628821489370903,20.13992132868141,55287825,19.85849326807516
2020-06-11,20.317838668823242,20.76747700012037,19.897312438936627,20.0137663974973,83332656,20.327542702626747
2020-06-12,19.881139755249023,20.033176824942856,19.612650571422833,19.861730452569304,51866430,19.842322383871572
2020-06-15,20.23049545288086,20.663959914404817,19.813204789790582,20.217555303550363,58233684,20.23588671902542
2020-06-16,20.718957901000977,20.851583824336153,20.42135474678789,20.638087036036467,63550479,20.66396549070834
2020-06-17,20.647789001464844,20.73512900599041,20.172272227366133,20.702779553629682,41459754,20.51839674494046
2020-06-18,21.58911895751953,21.595588107919706,20.35989153478509,20.63808536269497,82198608,21.181532866741442
2020-06-19,21.66998863220215,22.216671607072577,21.446787222318502,21.57294397760883,63736761,21.777815820531075
2020-06-22,21.98052978515625,22.24901894412549,21.443551467217773,21.543831621130316,58187631,21.891033398833173
2020-06-23,22.973615646362305,23.31974201004328,21.673222098344873,21.85760675541467,77260815,22.655526584916817
2020-06-24,23.196821212768555,23.63351942172331,22.889513420416986,22.999498236086495,58117794,23.239951351636282
2020-06-29,22.83128547668457,23.429725358902875,22.740709971377076,23.128886742038798,51292890,23.00057360232151
2020-06-30,23.229167938232422,23.565587821204794,22.925095658187235,23.099775675550738,50316603,23.239950472541484
2020-07-01,23.442665100097656,24.406638861391546,22.97685294667068,23.68204217828291,69886773,23.608718969386626
2020-07-02,23.322975158691406,24.134913621874905,23.225930507003298,23.494419661122492,62968254,23.561273095856535
2020-07-03,25.668214797973633,25.668214797973633,23.688510443439636,23.711153394825658,136451841,25.0083133464623
2020-07-06,26.16313934326172,26.392811764328936,25.040661243149625,25.66174409847577,137366544,25.865537450246762
2020-07-07,26.913616180419922,28.628065025549073,26.871563926999663,27.418245072435955,138197907,27.47108171098955
2020-07-08,26.764816284179688,27.262976056912418,26.480153292479127,26.506031746270086,94830864,26.83598187785708
2020-07-09,27.298559188842773,27.91640843056204,26.350761049197068,26.768049960124717,97552956,27.188576222867294
2020-07-10,28.786569595336914,29.876700025263467,26.865091391528633,27.32443435422812,117930993,28.50945367070967
2020-07-13,31.668781280517578,31.668781280517578,29.8540542878496,29.95433443803225,173285784,31.063872282961587
2020-07-14,31.257963180541992,31.6720183999525,29.3009036879458,31.66878289943604,160025607,30.74362842281343
2020-07-15,30.568950653076172,31.47146282565599,29.983449055533534,31.37765181732377,115363785,30.674620844755236
2020-07-16,27.512052536010742,30.892426535982338,27.512052536010742,30.536597401621222,167350089,28.638843869334607
2020-07-17,26.38310432434082,27.61233160438327,25.901118432478576,26.855385566242877,128357796,26.63218478706756
2020-07-20,28.194597244262695,28.88684622314905,26.399277748556432,27.075352928063364,128454831,27.826907071989393
2020-07-21,28.48896598815918,29.54351329854226,28.362807386338144,29.080934843486414,94498302,28.79842889101319
2020-07-22,28.20430564880371,28.945076124443943,27.657622642527276,27.81936250882593,80069640,28.269001471924977
2020-07-23,28.763925552368164,28.789804003752117,27.683499744344985,27.838770452648692,96702468,28.412409766821753
2020-07-24,26.89743995666504,28.511610459413653,26.68717869403156,28.395158352566323,114442122,27.36540970337008
2020-07-27,27.010656356811523,27.56057480029159,26.622479611928796,27.010656356811523,62373066,27.06457025634397
2020-07-28,27.143287658691406,28.03285971353768,26.848920023915444,27.812893788128612,64279101,27.341689132048174
2020-07-29,28.113727569580078,28.304581371777907,26.693646453523513,26.949197306911536,85505535,27.703985131627167
2020-07-30,27.499114990234375,28.346634732908463,27.269444429100744,28.149311773151123,66630402,27.70506471741453
2020-07-31,27.622037887573242,28.03285760466676,26.997719560677268,27.48294098154055,76862220,27.550871684305758
2020-08-03,27.864648818969727,27.981100924355587,27.301792040343816,27.628507256697226,83173608,27.715847261223043
2020-08-04,28.789804458618164,29.436765753438646,28.104024560622015,28.12666936279878,114289539,28.776864924226274
2020-08-05,28.49543571472168,28.78980332363169,28.00698065050351,28.78980332363169,56224452,28.430739896285626
2020-08-06,28.699230194091797,28.983893157774837,28.142842566861255,28.728342294883173,60700098,28.60865530624263
2020-08-07,27.618804931640625,28.712170979567905,27.110940513389433,28.33693432953691,72956448,27.813972141532656
2020-08-10,26.518970489501953,27.28562131543343,25.878478284761425,27.104472135878652,100504452,26.56102336323227
2020-08-11,26.205188751220703,26.913613388492593,26.185781302328934,26.493087195968144,57293841,26.43486114734741
2020-08-12,26.51249885559082,26.518968005797202,25.377080626078136,26.26018348781324,65533800,26.136182495822055
2020-08-13,26.46074104309082,27.107702315828178,26.41221779077751,27.01065766217437,40352937,26.660220383232172
2020-08-14,26.499557495117188,26.716291601384377,25.87847468029365,26.557785397236486,35740293,26.364774592265075
2020-08-17,26.819805145263672,26.923320804853127,26.308707103449134,26.59013457651054,44888982,26.683944351188643
2020-08-18,26.606151580810547,27.357171990911148,26.4799034661448,27.19531315387721,48082650,26.814409012622164
2020-08-19,25.78391456604004,26.428108348065233,25.74183186232149,26.350416775281783,55593075,25.984618258808922
2020-08-20,25.42782974243164,25.897217059806813,25.28215826345981,25.780678765241337,36492153,25.535735021899423
2020-08-21,25.76449203491211,26.104391494592996,25.541127151290645,25.89721397543012,33148644,25.803336893598583
2020-08-24,26.366601943969727,26.635285527878466,25.796863750993246,25.864843644752426,50943183,26.266250407613814
2020-08-25,26.243589401245117,26.829513097327034,26.05907122665862,26.220930054462837,43108902,26.37739124174359
2020-08-26,27.00432014465332,27.616142895693983,26.441055783869242,26.544644546665708,95347047,27.02050627473885
2020-08-27,27.648513793945312,28.3412641050418,27.418676922164195,28.00136278406029,75050100,27.802818273717104
2020-08-28,27.638805389404297,27.85893246156316,26.874837250651858,27.51579325650121,55311729,27.457525033873107
2020-08-31,27.54816436767578,28.558154855023606,27.476946626643446,28.16969697527444,63398181,27.861088616447613
2020-09-01,30.267370223999023,30.267370223999023,27.939859025564868,28.1599842228717,118169289,29.491533157854306
2020-09-02,30.523107528686523,31.076660242892927,29.662024499746956,31.03781352847893,118140324,30.420597423775472
2020-09-03,29.969554901123047,30.804738887992297,29.83035540894599,30.06666798281221,67659891,30.201549732687113
2020-09-04,29.134366989135742,29.325358999903983,28.493411063559808,28.745909133076566,65826324,28.984379017533175
2020-09-07,30.668779373168945,31.56223344002527,28.940139459467073,28.96603665195112,122133975,30.390384090887096
2020-09-08,29.44837188720703,31.037812221337656,29.360968635769773,31.037812221337656,83116782,29.949050914771487
2020-09-09,27.77800178527832,28.648796503210374,27.47047331918949,28.49017550464962,78197568,27.9657572025594
2020-09-10,28.224729537963867,29.189399487716003,28.130850595135758,28.435144919943706,64437603,28.51499320693854
2020-09-11,29.503400802612305,29.503400802612305,28.23443850235451,28.438378177421377,60473031,29.08041336919304
2020-09-14,29.911283493041992,30.591086148375627,29.555196652483406,29.555196652483406,66492651,30.01918876463368
2020-09-15,32.808536529541016,32.938020639674,30.267371969601502,30.432466803259704,172554687,32.00464304627217
2020-09-16,34.0839729309082,34.919158781213916,32.047806394953255,32.46216147641469,146678919,33.683646035691794
2020-09-17,37.53153991699219,37.53153991699219,34.038651485826065,34.1551879169247,180229140,36.36724377327015
2020-09-18,37.029781341552734,37.227245333789625,36.09424094247655,36.90029353770568,139155885,36.7837558726063
2020-09-21,34.190799713134766,38.625700912390094,33.776444629635286,37.550962783779994,174719490,35.53098175172005
2020-09-22,34.669898986816406,35.819085240892484,33.66961649026793,34.475669124065384,137232369,34.71953357265894
2020-09-23,35.80289840698242,35.935624055689864,34.41092580197267,35.28495459517046,111897042,35.38314942154832
2020-09-24,34.41740417480469,35.618388695293135,34.31705323725054,34.922400411244936,78098010,34.78428203578279
2020-09-25,33.99656677246094,35.54068836968911,33.6016350822323,35.02598240548849,96502065,34.379630074794115
2020-09-28,34.443294525146484,34.99360932533861,34.200508148046886,34.37531463592869,62330361,34.54580399951066
2020-09-29,34.928871154785156,35.450052833032004,33.74731016118669,35.1522342019443,79763709,34.708744716334614
2020-09-30,37.61246871948242,38.272848025187564,34.66989873101417,35.148995844922176,131598399,36.851738491894714
2020-10-09,38.9332275390625,40.83343419642345,38.586852371300296,39.84934091967758,166371417,39.45117136892875
2020-10-12,41.59740447998047,41.768973151192846,38.99149967916125,40.07594393589786,156537576,40.78595910344486
2020-10-13,41.8531379699707,42.69156166101117,40.46439940138324,41.20894785346364,137074338,41.669699677455036
2020-10-14,42.23835754394531,42.83399479101234,41.46791749866171,41.80781697384177,91714470,42.18008994453979
2020-10-15,42.58473205566406,44.585293277294895,42.513514318213886,43.57206314498254,119339004,43.22784655039095
2020-10-16,41.32224655151367,43.32927990135802,40.46439950090989,42.911686976650664,123144576,41.70530865126053
2020-10-19,41.44849395751953,42.02147000214503,40.9111267820043,41.43554258356931,65283951,41.46036358055628
2020-10-20,45.25214767456055,45.426954186810846,40.84638711099772,40.84638711099772,160492803,43.84182965745637
2020-10-21,44.47199249267578,45.223012900202896,43.43286698674947,44.669460199088,113311095,44.37595745987605
2020-10-22,46.54700469970703,46.93869852507912,42.753063738134934,44.423431500102026,127939017,45.4129223209737
2020-10-23,44.8993034362793,47.19120789765892,44.18712967080043,45.97403791995853,118808736,45.42588033491288
2020-10-26,45.281280517578125,46.24271254443352,43.086489484130574,44.187122844241316,92278842,44.87016084871408
2020-10-27,45.410770416259766,45.80570215350816,43.97023740904787,44.48494713915508,88169784,45.06223665960527
2020-10-28,49.00076675415039,49.683807237847304,45.00288588447785,45.16150687100233,152649654,47.89581995882518
2020-10-29,51.27001190185547,53.98274689287968,47.88071578948736,47.88071578948736,184040685,51.04449152807417
2020-10-30,51.72969055175781,55.128700272575685,49.91688709614736,51.79443260615868,199807014,52.258425973493615
2020-11-02,54.377681732177734,54.626943836745305,51.95629324917109,52.08901520622236,157473279,53.65363960603137
2020-11-03,53.11519241333008,55.824689681488785,51.65847392997078,55.67901635130218,198484992,53.532785341596544
2020-11-04,54.39386749267578,55.13841226136594,52.76558031009843,54.06043997203202,138284469,54.09928668804671
2020-11-05,59.83228302001953,59.83228302001953,55.35530106078427,56.650160669435856,202227633,58.33995570027444
2020-11-06,61.6483268737793,64.37077186086397,58.23313150424302,61.344032537728296,242300055,61.41741007962876
2020-11-09,61.813419342041016,62.693920147684615,59.60244268339569,62.023831012795064,157504836,61.36992739104044
2020-11-10,59.10392379760742,60.49589648772171,57.258745613665965,60.48942450506984,190604850,58.95285529966503
2020-11-11,53.202598571777344,58.88056534557172,53.19288874472785,57.26522577370207,241702545,55.09201755402564
2020-11-12,54.814697265625,56.099847077272564,53.66550725290587,54.384156667476105,175991883,54.86001719860115
2020-11-13,56.94150161743164,58.92263952752313,56.09660598401451,58.26873591120998,182758176,57.32024904298976
2020-11-16,55.03805923461914,55.517156365118936,52.92743713994896,55.36501105525769,162769617,54.49421757989568
2020-11-17,54.0604362487793,56.708429168922585,53.238201809315456,56.164586296052676,170522802,54.66902240900578
2020-11-18,54.0604362487793,54.766137957478385,52.5227902745948,53.697875568408186,125109948,53.78312149361749
2020-11-19,52.318851470947266,54.610755731936024,51.63904879452452,54.3841548397951,141016320,52.8562186658026
2020-11-20,56.99329376220703,57.37528148604332,52.83679194921959,53.29970353025327,212258082,55.735122399156644
2020-11-23,59.62834548950195,59.893789403513814,55.70167825841165,57.26522337643399,181207992,58.40793771714247
2020-11-24,59.62510681152344,63.12122968511549,58.49857800073252,62.07886628768443,194025627,60.414971499123816
2020-11-25,59.41145324707031,62.05620844101583,58.462968799481565,59.239884577606816,142157292,59.976876829189244
2020-11-26,56.91560745239258,59.82256862085981,55.42975584149081,59.43735043980766,148961457,57.389310638247736
2020-11-27,56.35881805419922,57.5889356158569,54.81469634096722,56.75051193043926,119242845,56.25415000367445
2020-11-30,55.727569580078125,57.2134248639147,53.73995968896067,55.51715420659659,113763849,55.56031804431783
2020-12-01,57.236083984375,57.29759189918015,54.06043734472966,54.61075591585471,120469293,56.198037742761606
2020-12-02,54.950653076171875,55.84087109664605,54.3841527202118,55.38766933002743,147720414,55.05855896434324
2020-12-03,55.384437561035156,56.21638560403332,54.047493314264024,54.95065910308129,109674243,55.21610549311083
2020-12-04,55.633697509765625,57.88027944110274,55.16107235343295,55.5495320965115,118346964,56.225016434767106
2020-12-07,56.74403762817383,57.187525870937684,54.74347636119467,55.45241220368753,96655767,56.22501328676873
2020-12-08,57.611595153808594,58.91616455881569,57.20047793211288,57.6536760062717,133722972,57.90941254824572
2020-12-09,56.080421447753906,58.60216442707749,56.00272802029843,57.945019251167196,94714341,56.895104631709934
2020-12-10,54.87620162963867,55.56895570567759,53.74320083234628,54.38415681808869,111130884,54.729452722554186
2020-12-11,54.0604362487793,54.821170183937895,52.700834623544246,54.821170183937895,106463454,53.86081368542048
2020-12-14,55.09632873535156,55.31645394105278,52.765577752230016,53.99569529759234,90639675,54.39278680954479
2020-12-15,56.55304718017578,56.66634577434158,54.546010170456825,55.112514255165514,108665406,55.92180104165806
2020-12-16,55.63693618774414,57.20048130537184,55.322932026716295,56.97387669798921,71446155,56.053449839944086
2020-12-17,55.61103439331055,55.98007076606363,54.71110651428451,55.41357038949099,56931780,55.43407055788623
2020-12-18,56.973876953125,58.29787350352949,55.42652104734687,55.84087613889851,146545530,56.89942383466712
2020-12-21,62.6712646484375,62.6712646484375,56.81201979591448,57.13573377355128,200339289,60.71818303092982
2020-12-22,59.5635986328125,62.47056360009505,59.453537879500026,62.47056360009505,176043123,60.49590003746919
2020-12-23,60.466766357421875,61.76486387530403,59.22693891410834,59.52799170447924,128123835,60.48618971561141
2020-12-24,59.23988723754883,59.88731522941017,58.26874154512999,59.88731522941017,78136062,59.131981337362994
2020-12-25,59.958534240722656,60.25958702216381,58.624824185197554,59.34347359838697,63399207,59.61431514936134
2020-12-28,60.83579635620117,61.62565974816991,59.110392548848345,59.66071109400835,91015293,60.523949551073144
2020-12-29,57.81553649902344,60.21102956715061,57.770217801697335,60.21102956715061,108353346,58.59892795595713
2020-12-30,60.211029052734375,62.13713479897706,58.482391017023474,58.482391017023474,153129324,60.276851622911636
2020-12-31,62.89786148071289,63.39314782762206,59.64776293901179,61.136856118749655,151535826,61.97959074911558
2021-01-04,66.93135070800781,68.35569803374077,60.56387600205186,61.182170728850735,176850483,65.28364158126682
2021-01-05,71.18497467041016,71.61551153497146,65.3937025936486,66.68532800583822,163591791,69.39806293301007
2021-01-06,70.01959991455078,71.92304450029401,68.62762349435941,71.12670536330701,130395642,70.19008930306806
2021-01-07,72.84886932373047,73.9106522849346,69.3397953702257,70.11670738280712,128580762,72.03310565963027
2021-01-08,73.64844512939453,75.85294991705325,71.44394775098917,75.42564345757684,128027508,73.64844759914565
2021-01-11,76.02775573730469,79.31022535632626,74.77173912007142,75.94034877627648,160276398,76.70324007123412
2021-01-12,76.71726989746094,77.61072213344163,71.21735142784253,75.03718463242353,129937374,75.18178115291504
2021-01-13,77.46504211425781,80.88995440528299,74.3541413663998,77.04421878264067,144104361,77.56971262864687
2021-01-14,72.49601745605469,76.21873715912203,71.97483580851494,75.1019256937534,133786506,73.56319680789721
2021-01-15,72.90067291259766,74.1048915614073,70.08434877118054,71.86478510617495,113115138,72.36330441506183
2021-01-18,71.7644271850586,72.51220607561119,70.00664851997475,71.21735014823193,79136799,71.42776059354817
2021-01-19,69.98722076416016,72.90065737733566,69.1326153582929,71.8841894423459,82875039,70.6734978332629
2021-01-20,71.86477661132812,73.25675300206058,70.57315114536323,71.18497763411142,114420324,71.89822691958398
2021-01-21,76.24140930175781,77.56216798004615,70.18469294769322,71.21735021989285,175712961,74.66275674316573
2021-01-22,78.63689422607422,78.87644277025247,74.94330032836471,76.30614342381675,127166034,77.48554577489713
2021-01-25,84.16594696044922,85.12091072289331,79.3102191087069,79.79579189388113,167816682,82.86569226401649
2021-01-26,82.29486846923828,85.0043653321187,81.24926738311216,83.19479624696717,118366632,82.84950039482304
2021-01-27,83.19480895996094,83.98467982553646,75.9112165196165,80.99354941848087,156405300,81.03023510170463
2021-01-28,79.10304260253906,81.73808408641315,78.65631652354047,79.6242242629129,97938525,79.8324810708309
2021-01-29,79.9576644897461,81.06800783035227,76.88236485716695,80.60509248169525,100794807,79.30267905908845
2021-02-01,79.92205047607422,80.97088212553372,77.36793272702839,79.31022398719858,79138350,79.42028844287877
2021-02-02,86.59381866455078,86.75568121364985,81.09066240800982,81.5762352368003,141329991,84.81338742873682
2021-02-03,85.13710021972656,88.49403287301557,84.26306764562649,86.78805228397188,115208856,85.96473357945621
2021-02-04,84.13357543945312,85.74891847658247,82.65743744129591,83.51851855765868,93105270,84.1799771191105
2021-02-05,80.60509490966797,86.84632435329651,80.11952204876636,84.81339550723325,144165153,82.52364710391028
2021-02-08,80.9935531616211,81.89348111845834,77.69489413142516,80.60185555445695,111738531,80.19397613716819
2021-02-09,83.19480895996094,83.84871261680358,80.11951684378886,81.93232404918659,112486284,82.38767947351779
2021-02-10,86.415771484375,87.61675955149991,81.89995025148056,84.48966945071702,125681613,85.31082709578516
2021-02-18,83.83900451660156,87.03407454748506,82.65420565544834,87.03407454748506,141793674,84.50909490651166
2021-02-19,83.30811309814453,83.40846402810217,79.5465462142441,82.51501178062192,114776106,82.0877077801636
2021-02-22,77.53627014160156,83.08474911563329,77.51361264351435,83.06532946145194,128139279,79.37821063358307
2021-02-23,72.8359146118164,76.07953711942149,72.15611570580707,74.32176608441708,142953066,73.69052247901499
2021-02-24,67.65324401855469,73.99806215097313,65.90842403338591,72.83592810882418,202945554,69.18657673430458
2021-02-25,67.73741149902344,69.87392904138439,66.62059247991283,69.84803370014,110859666,68.07731100677354
2021-02-26,63.85929870605469,66.037900612819,62.800746152243576,63.61003661970066,151084806,64.23264849037243
2021-03-01,68.27153778076172,68.30067096291302,63.9337536616403,65.06675437756842,133288053,66.83532080177169
2021-03-02,68.43340301513672,69.85775058142956,66.4328451799441,69.48548002695925,116378505,68.24133292550346
2021-03-03,67.89925384521484,68.07729817506142,65.38075270950384,66.36161174063484,78918540,67.11910157659337
2021-03-04,64.2574691772461,66.39399409065801,63.869009428511795,66.36162306236794,104054973,64.84015756547197
2021-03-05,63.567955017089844,64.5844230616134,60.26929989946215,60.65451808996465,97595727,62.807225992721804
2021-03-08,57.21018981933594,63.87872152190798,57.21018981933594,63.56795521176636,177398469,59.433033720193286
2021-03-09,55.251708984375,57.815532708331716,52.45157084905587,55.811737352364105,179761485,55.172937513920864
2021-03-10,57.35909652709961,58.8773228910766,56.90266059897887,58.268737948955696,129452151,57.713026672385034
2021-03-11,59.23017501831055,59.887312810518004,56.358818913048985,57.281408024508195,110348370,58.49210224729251
2021-03-12,58.81257629394531,60.85521832616668,57.91264476789186,60.266056786759286,90554466,59.19347979600129
2021-03-15,56.410614013671875,58.59245391731139,55.679016920793806,57.79935261171539,88680717,56.894028283925685
2021-03-16,57.12602615356445,57.977397541119174,56.122509449968064,57.48534901603566,59116920,57.07531104821723
2021-03-17,57.25874710083008,58.25902964761596,55.51068565753064,56.332920141173894,64111584,57.0094874686589
2021-03-18,57.799354553222656,58.472681595122125,57.38823729437272,57.877044282666866,60319311,57.88675781423917
2021-03-19,55.40385437011719,56.769931640647854,54.921519425565336,56.00272574649417,77468166,55.698435145443455
2021-03-22,56.26170349121094,56.80554266343502,55.03482010088068,55.785840510888356,55704873,56.03402208517554
2021-03-23,54.69816207885742,57.032147324787864,53.833843019023455,56.90913519326307,67994691,55.188050807556245
2021-03-24,52.68141174316406,54.78556180946094,52.44186318311714,54.38091656854286,74480790,53.30294557858071
2021-03-25,52.182891845703125,52.911251064668,50.37008470270082,50.823286488451394,76857192,51.821409204357316
2021-03-26,55.35205841064453,55.67901020189901,52.73320253262448,52.76881140030947,98559096,54.58809038172268
2021-03-29,54.41652297973633,55.18696671306801,53.34826433390594,55.03481770875998,70418592,54.31725134223675
2021-03-30,54.70786666870117,54.70786666870117,51.50308698213883,52.11814387625995,101679270,53.63960677318039
2021-03-31,53.25438690185547,55.886190583467155,52.62314078127082,54.77584735090386,81045909,53.92123942219782
2021-04-01,54.73052978515625,55.646643176093484,54.06367478129822,54.38415461349132,89987340,54.813615914182655
2021-04-02,56.931793212890625,57.686051474188474,54.57190905319759,55.35206265409176,104859600,56.396584580092224
2021-04-06,57.00301742553711,58.02271970428829,55.93799274040688,57.23285618752527,76772955,56.98790995674409
2021-04-07,55.35205841064453,57.64720034076806,54.86972347984457,57.34614388712469,84511050,55.95632741041906
2021-04-08,55.18696975708008,55.51715571286171,54.099283990661036,54.70786892758252,48012918,54.934469820200945
2021-04-09,53.96979904174805,55.711384709980535,53.7367224655419,55.64664265727802,61498731,54.472635405756826
2021-04-12,52.914493560791016,54.834123779472066,52.63609825948422,53.97304253361131,60380400,53.46157186658243
2021-04-13,53.092529296875,54.26438046964966,52.92096063240587,52.92096063240587,47028882,53.42595679964351
2021-04-14,55.339115142822266,55.355300656272966,54.060437352457065,54.060437352457065,88647435,54.91828438385077
2021-04-15,53.571632385253906,54.594572432664926,52.92743855309726,54.54601218588733,74249967,53.69788112367203
2021-04-16,53.51012420654297,53.866212923161974,51.90126040819836,53.5424952344853,70379832,53.09253251263444
2021-04-19,56.99006652832031,57.29759500513668,53.14756467150395,53.413012292924016,152205150,55.811742068320314
2021-04-20,55.432987213134766,56.650153233181115,54.9603621287817,56.650153233181115,112703109,55.68116752503253
2021-04-21,54.57514953613281,55.22258121749677,54.115472042115194,54.70787149339233,69146664,54.63773426524826
2021-04-22,54.61399841308594,55.60780161922878,54.13166340289662,55.031587659338186,59252532,54.78448781173711
2021-04-23,54.788795471191406,55.47831166699827,53.82412555224896,54.11870633668707,68648397,54.697077563479546
2021-04-26,54.222293853759766,56.00272618895889,54.14136628999548,55.03158060528184,95854230,54.78879544423805
2021-04-27,53.393585205078125,54.18992430908449,52.89506473033969,53.73672253036718,76691763,53.49285808150077
2021-04-28,53.57486343383789,54.558960413535495,52.75262899455945,53.36768960687046,65523594,53.62881761397762
2021-04-29,52.749393463134766,53.390349442676296,52.506607051117115,52.76557897696083,82756212,52.8821166523094
2021-04-30,51.331520080566406,52.50660538841047,50.72941083512485,52.27677035843309,107969742,51.52251210136725
2021-05-06,48.557281494140625,50.82328672899166,48.557281494140625,50.82328672899166,126947424,49.312616572424304
2021-05-07,46.59880828857422,48.544337540924374,46.417526077685956,47.9487002247222,113394114,47.18689063572818
2021-05-10,47.58613967895508,48.02315598836065,45.78628375760888,46.59880845640086,78221625,47.13185980830821
2021-05-11,47.443702697753906,48.155876441411365,45.63413700608539,46.51787942423795,80891988,47.07790538175022
2021-05-12,49.76473617553711,50.17585339171157,47.99401364126599,47.99401364126599,115397742,49.31153440283822
2021-05-13,48.23033142089844,48.880997238247,48.09113377678758,48.80006966770349,63808827,48.40082081197767
2021-05-14,49.69999694824219,49.88451328855392,47.36277391757806,47.87747992792902,90083598,48.98242805145805
2021-05-17,51.723209381103516,52.079298051811236,49.99780936370074,50.31505132403558,108900768,51.2667722655385
2021-05-18,51.37360763549805,52.37712433799587,50.784442320778936,51.79443471083063,58485636,51.511724764757616
2021-05-19,55.931514739990234,56.326446455885105,51.755585573525074,51.762061260775994,178947261,54.67118225646681
2021-05-20,55.983306884765625,57.47886827739304,54.74023801079908,55.031580946784864,149966544,56.067471057652575
2021-05-21,56.06747817993164,57.61807566555881,55.06396145914652,56.329687961240296,100489653,56.249838434878995
2021-05-24,56.154876708984375,56.81201817649247,55.025110106175,55.64988054730482,81516861,55.99733499721728
2021-05-25,57.1422119140625,57.62130906608851,55.9056186130911,56.65016338685877,99456861,56.88971319774737
2021-05-26,57.028907775878906,59.75135269308087,56.97387554702287,57.621307213907215,103673397,57.91804533866088
2021-05-27,57.44326400756836,58.1651475240984,56.48830021121689,57.945018618462484,70207830,57.36557058096122
2021-05-28,58.81257629394531,59.887306907460555,56.996531434148665,57.443261206100075,111358461,58.56547154518484
2021-05-31,57.847904205322266,57.98062985527651,55.08985060304512,56.73432314715258,131265948,56.9727948878813
2021-06-01,61.33108139038086,61.79723084241146,57.857619848340946,57.857619848340946,154081236,60.32864402704442
2021-06-02,60.37288284301758,62.10476238840332,59.95205579616942,61.50588728751608,88304892,60.809900342530106
2021-06-03,59.531227111816406,60.696602623105356,58.327008590364905,60.40525967143977,75240171,59.51827944176222
2021-06-04,61.3116569519043,62.153318448359954,58.437066862778,58.78991771532306,95954517,60.634014087680754
2021-06-07,61.61919403076172,62.43495654874132,60.53474604749584,61.829605717056005,76355406,61.52963220899962
2021-06-08,65.6526870727539,66.55585288925609,62.55796769710001,62.80075412724303,167771568,64.92216921970333
2021-06-09,65.39047241210938,65.87604520871105,63.778367170950446,65.68181164451865,94966746,65.01496159725696
2021-06-10,69.3106689453125,69.93866985792528,65.06675971171002,65.40665921342797,132300096,68.10536617164927
2021-06-11,73.48983001708984,74.43831820422889,68.65352865710754,69.37217438909919,162025533,72.19389229280875
2021-06-15,75.20552062988281,76.97947367396473,72.79383834224042,74.95302068923664,155430225,74.99294421536266
2021-06-16,68.30391693115234,74.99187238987955,68.19385246718086,73.15964544736569,185452770,70.49654726273758
2021-06-17,75.1343002319336,75.1343002319336,68.24887404431833,68.29095860114722,155993274,72.83915816939516
2021-06-18,79.31021881103516,81.67981636475255,75.95976956960914,76.39678211092465,171568803,78.98326824846562
2021-06-21,78.5268325805664,80.78636572791733,75.14400484187288,78.94766332188493,129157905,78.15240105011888
2021-06-22,77.00537872314453,79.9576624419995,76.3967900543404,78.66279908200951,94928424,77.7866104064948
2021-06-23,78.7599105834961,80.86405701808019,75.26378773198981,75.4256428702645,118350180,78.29591844452203
2021-06-24,79.27462005615234,81.53415344963334,77.74992161828423,78.98651863835757,93685512,79.51956504135664
2021-06-25,79.3069839477539,80.49502061267502,77.04422032333835,79.95765713292779,88950708,78.94874162792242
2021-06-28,82.10388946533203,82.547377717921,78.8311260578904,79.30698533720286,104181594,81.16079774704781
2021-06-29,81.99706268310547,84.036466999438,80.9288039849554,83.32429700375565,91877262,82.32077788916628
2021-06-30,81.25251770019531,83.03295387884964,79.63394407094351,80.92880741989698,85622193,81.3064718833295
2021-07-01,76.59101867675781,81.73808593680712,76.26730100539669,81.25251313439192,126780861,78.1988018729872
2021-07-02,77.3808822631836,78.8246492994888,74.09517493525632,75.42563967494253,112278039,76.76690216597625
2021-07-05,80.78312683105469,80.92880014872739,76.25758490840502,76.40973391295255,97470348,79.3231706293957
2021-07-06,81.09065246582031,84.49613753726572,78.01536073028055,82.54737077358955,155375010,81.2007169111222
2021-07-07,82.57650756835938,83.7127461199281,77.97651743239854,78.98650972576613,115915968,81.42192370689533
2021-07-08,81.56327819824219,84.66447284526504,81.29135861848187,81.89994723869802,118172985,82.5063698873297
2021-07-09,80.54682922363281,82.54414921266833,78.30023970489594,81.21367689513002,109484097,80.46373938039903
2021-07-12,86.26363372802734,88.34512271110061,81.41438106963187,81.99706698929126,168017124,85.34104583625327
2021-07-13,85.81690979003906,87.3157128915396,84.2371754109655,86.26687376394818,83194173,85.78993269751471
2021-07-14,79.40411376953125,84.48967740996356,79.31023111431413,84.48967740996356,183815058,81.06800743126965
2021-07-15,76.52628326416016,78.8408451806954,74.45450036064433,77.36793742792068,165569601,76.60720960183329
2021-07-16,72.16259002685547,76.31586161569344,71.55077096020635,76.31586161569344,168822444,73.34307420091842
2021-07-19,72.50249481201172,75.09868957930063,69.37216701131274,71.21734509761244,111656169,72.3244504675417
2021-07-20,73.64521026611328,74.27968682048682,70.92923747345237,71.21734627282662,74024898,72.95137818668415
2021-07-21,78.08983612060547,79.3069987866284,74.45774555039986,74.84296750206575,141453357,77.28486015254458
2021-07-22,80.5921401977539,80.74752706325192,77.74668305429,79.73105897767078,112431981,79.6954501050986
2021-07-23,83.73865509033203,84.81338951439781,79.33612862318608,80.10009673460345,138168681,82.62939107597198
2021-07-26,80.45941925048828,84.08179594847931,78.01860364058564,81.11656077480767,121328472,80.85327294651775
2021-07-27,77.27406311035156,83.4796835452467,76.78525241612276,79.63394745948447,113312160,79.17966635724035
2021-07-28,76.55864715576172,78.0477365795944,72.50896437875912,74.45125557586721,99659589,75.70511603803841
2021-07-29,83.25955200195312,83.29192303034333,78.60453291801096,79.93823558804509,128655315,81.71866931676914
2021-07-30,85.69065856933594,86.85280003706079,81.6183251895293,83.25632598632414,137398197,84.72059459864201
2021-08-02,94.25939178466797,94.25939178466797,88.47136476148133,89.34539730391371,186677709,92.33004944360574
2021-08-03,90.66615295410156,96.79084141787773,89.0249145346113,96.79084141787773,146804559,92.16063630219686
2021-08-04,99.73341369628906,99.73341369628906,91.28768766635982,91.61463577492363,160291917,96.91817168631265
2021-08-05,96.93975830078125,99.13778738385518,95.45390664461038,97.43828249961341,110646873,97.1771507764156
2021-08-06,98.2896728515625,102.76562167839342,96.67677041013802,101.37296440857094,136087881,99.24402164669799
2021-08-09,95.07359313964844,96.32051255448339,91.65671266716264,95.54321627972195,102486237,94.35027278709815
2021-08-10,94.57158660888672,97.91073509699078,91.33283125647894,95.07682879670713,99310548,94.60505098745215
2021-08-11,95.53997039794922,96.78365028411,92.68014861837887,93.5999581672583,79198185,95.00125643347936
2021-08-12,100.07098388671875,101.49603563080007,93.71978936852253,94.89545576012915,114833694,98.42893629534711
2021-08-13,97.1690673828125,101.21102720941136,96.51160092936432,98.1342143781001,74071938,98.29723184052939
2021-08-16,92.43400573730469,96.19096107597241,92.30445759815534,96.19096107597241,91520103,93.64314147047747
2021-08-17,90.78548431396484,94.08577431318601,90.03732824205824,91.8024475859931,81617520,91.6361956230697
2021-08-18,91.87045288085938,93.30522285848521,90.09886221879343,92.43723705920758,66516906,91.75817931937934
2021-08-19,95.12865447998047,96.73507070414908,90.22194079730427,91.87046239123029,108501537,94.0285553271446
2021-08-20,92.3335952758789,95.08977685919096,91.33282192384382,93.59995118015956,74151960,92.91873135297124
2021-08-23,93.85905456542969,95.36183813638733,89.24383183014955,91.17089369773446,88748061,92.82157484398886
2021-08-24,96.5958023071289,97.81033463878985,93.94002840125825,94.82744352874724,82319718,96.11538844905901
2021-08-25,95.93185424804688,97.09780970101869,94.24770625542116,96.45005420061763,53743614,95.75912340149557
2021-08-26,91.49476623535156,96.76421607503308,91.49476623535156,96.1909603744361,79104477,93.25124951524539
2021-08-27,93.32466888427734,95.87680283918988,90.68508474531191,91.0057156523934,78866790,93.29551882292638
2021-08-30,91.32310485839844,93.27607474907376,88.72886580853977,89.8559552699576,125727702,91.10934847200399
2021-08-31,89.71346282958984,92.9133450426548,86.32896190582606,92.9133450426548,98900502,89.6519232593569
2021-09-01,86.24798583984375,90.0276172969373,83.43027674500816,89.71345787003986,86302266,86.56862662726307
2021-09-02,86.47470092773438,88.09083543391375,85.08203621653924,86.47794037245036,49573329,86.54919085939578
2021-09-03,82.29994201660156,87.77020003329486,81.09836754070955,86.47793593584186,86389239,83.72283653020199
2021-09-06,89.90778350830078,90.36120942613898,83.88370584505847,84.20433676081788,119336643,88.05089959316608
2021-09-07,89.37337493896484,91.04457247413589,88.50538913942832,89.9077720855311,62290059,89.64111218417635
2021-09-08,87.31354522705078,90.4518927980596,86.99614633922457,90.00494576431818,54773418,88.25386145477832
2021-09-09,88.00015258789062,90.54905441810597,86.08604848493883,88.094074245228,64876923,88.21175183031181
2021-09-10,86.0245132446289,88.26572711629926,85.0626057394714,88.00015195673843,71627208,86.4509487001332
2021-09-13,84.6480484008789,88.08760486770272,83.94199769938622,86.90545956587648,64047537,85.55921698932262
2021-09-14,87.19694519042969,89.38958234398876,83.25538587354295,84.65776156647739,106407000,86.61397113598713
2021-09-15,84.58003997802734,87.44633349979816,84.20757793624053,86.7629588705574,65642733,85.41131713802201
2021-09-16,81.29269409179688,85.75246062248713,81.14047725438397,84.58003367180893,66242913,82.72854398955599
2021-09-17,82.62706756591797,83.23594977042983,81.12752334294817,81.9404535101739,41826321,82.33018022643199
2021-09-22,80.06196594238281,81.43519388515962,79.03527701686357,80.32106219743514,49023858,80.17747894813533
2021-09-23,80.94290161132812,83.4043530838932,80.60607351664808,82.20925753021288,44935254,81.65110940395647
2021-09-24,81.54207611083984,83.39788497684033,79.99719462223212,81.27974040231055,47480100,81.64571856997077
2021-09-27,81.77850341796875,83.39464526956895,79.93241289155587,82.26431632423969,53997282,81.70185385969786
2021-09-28,79.95185089111328,82.20602251725039,79.76723961152119,81.58418257989648,48733314,80.64170433996162
2021-09-29,76.43456268310547,79.31057424511566,76.11069234897339,78.70169208661393,73666443,77.28527642573151
2021-09-30,80.81011962890625,80.87165425206989,76.82321570825289,77.14709346040833,67511403,79.50166319640967
2021-10-08,81.9404525756836,84.20110323497029,80.9688266851139,83.55334769931231,58231185,82.37012749858927
2021-10-11,82.83110046386719,85.21158073783806,80.32106464550505,81.97283297347293,63591819,82.78791528240343
2021-10-12,83.23918151855469,85.14680666472808,81.94367796517082,82.58819400374283,63495402,83.44322204948453
2021-10-13,87.83497619628906,88.61227240972224,82.37119693819963,83.23918277535981,96593430,86.27281518140364
2021-10-14,88.39852142333984,89.38633706527425,86.84391416239912,87.7702025948416,53339796,88.20959088367107
2021-10-15,91.76358032226562,93.11413956111367,87.77019778028816,89.06569387611977,86353515,90.88263922122248
2021-10-18,92.6024169921875,93.48012117542977,90.69803123536646,92.06154833860136,64864134,92.26018980099457
2021-10-19,92.23643493652344,95.51404849203979,91.98057071545271,93.27607421721954,58157355,93.24368471467199
2021-10-20,94.11815643310547,95.54320813035511,92.38218476988771,92.62833066956038,65113527,94.01451644444944
2021-10-21,92.9554443359375,94.76590847504004,91.98381847500892,94.2477085100726,54187725,93.23505709532883
2021-10-22,97.16258239746094,97.48646014309139,93.59995684719296,94.6363567377103,100964604,96.0829997959151
2021-10-25,102.78182983398438,103.20286872823957,97.88483422389837,98.16984608006098,100556928,101.28984426204077
2021-10-26,103.31945037841797,105.25947005587365,102.91460874329452,104.3882447488444,93973302,103.83117639252872
2021-10-27,104.20364379882812,105.8197858807173,102.94376654241398,104.22307305616415,65720331,104.32239874065313
2021-10-28,99.74711608886719,104.87082064365865,98.91151724163186,103.51378237810012,89480142,101.17648465805257
2021-10-29,100.82561492919922,101.61910841438214,95.14484442347093,98.82406797615958,104147874,99.19652258901743
2021-11-01,97.81034088134766,99.8863803278604,95.16104569590418,97.61925810600992,85435761,97.6192556350374
2021-11-02,101.65796661376953,103.57531009438398,99.6369905582795,100.40133639486174,87026220,101.62342242214434
2021-11-03,98.137451171875,101.64826055949416,97.11724105508941,101.41506501610962,59174442,98.96765092881952
2021-11-04,105.25946807861328,106.55496425183969,100.08717948093764,100.76731460123565,104989302,103.9672039371302
2021-11-05,101.69683837890625,105.90721961117933,101.37620006336864,104.93559374318686,58254978,102.99341935115142
2021-11-08,102.02071380615234,103.51377905350112,99.4297140217303,99.78273195101647,50954841,101.65473562712793
2021-11-09,103.86355590820312,106.86911539645571,102.0368947329203,102.0368947329203,60991512,104.25652201252637
2021-11-10,100.48553466796875,102.21502734068945,97.67429736046438,101.69682742775659,82463550,100.12495312304087
2021-11-11,101.04585266113281,102.66522666621741,99.76978567826113,101.372969872141,41655450,101.16028833520379
2021-11-12,99.35846710205078,102.58426480952157,98.94390711135176,102.27981629335662,44665146,100.2955463409747
2021-11-15,95.52377319335938,99.35846025602393,94.066334436557,99.35846025602393,67611672,96.31618929531344
2021-11-16,95.06063079833984,96.41443700350436,93.27608222528272,95.21933393830945,45542544,94.91705000904231
2021-11-17,96.14237213134766,98.21193987668133,95.21933056552204,97.16258220971638,49013325,96.524547524517
2021-11-18,95.67276000976562,96.799842150696,93.923830499629,95.4784303903521,38729166,95.46547755336354
2021-11-19,96.1326675415039,97.16258860862179,93.27608506427691,95.7764027398277,52547592,95.52378040480086
2021-11-22,100.72521209716797,100.89038671494811,96.57961236431795,96.6443864335291,86106135,99.39840372547802
2021-11-23,99.90904998779297,100.31389162705696,98.45161119094215,99.71472036712929,45108771,99.55818426859736
2021-11-24,98.19898223876953,100.27178201876552,97.48646009423969,98.92122271715094,42581451,98.65240811725825
2021-11-25,96.51483154296875,98.6167788521957,94.34486331162005,98.1989794633875,51291432,96.4921579022615
2021-11-26,96.40471649169922,98.70746497535372,95.23552159781586,95.543209536623,36748179,96.7825676882896
2021-11-29,98.6070556640625,99.45237273363969,93.90115115664497,94.50679382062404,60047025,97.3201931847824
2021-11-30,98.68479919433594,99.75358616138493,98.13421219352031,99.42971581556223,39536478,98.85753251641374
2021-12-01,98.8855972290039,99.59164790428282,97.2856525662695,98.84673130612538,32483592,98.58763256651874
2021-12-02,100.01268005371094,101.71626459235642,98.16658961169654,98.7819506213959,54021633,99.9651780859213
2021-12-03,99.39732360839844,100.33655497532422,96.7933661337404,99.42647119671395,63098145,98.84241490582103
2021-12-06,97.72936248779297,100.89037831443447,97.44111123217888,97.48645604201793,53640258,98.68695067813543
2021-12-07,95.47842407226562,99.21918930958064,94.2736101632959,99.10907043468603,68303580,96.32374118171406
2021-12-08,97.41845703125,97.48647054967192,95.38127609772175,95.87032850653371,46314528,96.76206789288123
2021-12-09,97.00064849853516,97.36662420315858,96.20067616432122,97.16258366700788,33887133,96.85598295533832
2021-12-10,97.62248992919922,97.82005157903941,94.83068162208453,95.8638420972328,43461819,96.75774104344106
2021-12-13,96.64439392089844,98.13421986692792,96.51484577243961,98.13098042192469,42882372,97.097819853422
2021-12-14,95.02500915527344,96.2136258858637,94.47118272859623,95.70514427122201,47133384,95.23660592324445
2021-12-15,95.0088119506836,95.70514428996579,94.47765422346173,95.0282412056073,29445108,95.06387015470371
2021-12-16,92.69310760498047,95.05415871782236,90.36120408158206,94.89545557886117,83599548,92.7028234681283
2021-12-17,90.35472869873047,92.58947120640607,90.2348988915994,91.9805815975017,45335445,91.05969959891199
2021-12-20,87.6082534790039,91.16116787128804,86.88925249284986,90.43568799632862,65353509,88.55289128104727
2021-12-21,89.45758819580078,89.64219947217589,87.25523289636236,87.60825822622148,44895915,88.78500685477968
2021-12-22,90.43244934082031,92.36274309834756,89.71668037990862,90.68830614753413,43332690,90.83729093969218
2021-12-23,90.68183898925781,91.40407946050338,89.76526890748467,91.26157355042204,36906402,90.61706245241528
2021-12-24,87.44632720947266,91.33283064100478,85.81399547171249,91.32635175154104,62990643,88.19771777406329
2021-12-27,86.48442077636719,87.94509902634297,86.15082468103155,87.12245055116693,32156985,86.8601148279139
2021-12-28,87.72161865234375,87.77020290926599,86.21883508741205,86.84715391816114,35562852,87.23688554967391
2021-12-29,87.12245178222656,88.16533062626355,85.17920001449721,88.14266192545135,42480912,86.8223274743291
2021-12-30,86.51679992675781,88.4114672356908,86.15081682996478,86.79857229296874,35198019,87.02636133080448
2021-12-31,86.83744049072266,88.8033608038756,86.47469682889573,88.41794844302821,34887591,87.37183270783133
2022-01-04,87.77020263671875,90.50694774205884,85.8982039289082,89.38957655256837,73398267,88.05845143589526
2022-01-05,82.02465057373047,86.3062845863286,81.52588729440369,85.68120520516734,90512673,83.28560748482091
2022-01-06,80.97530364990234,82.43598202959382,80.28545011039377,80.96883217269932,52772352,81.23224526329665
2022-01-07,79.83525085449219,81.92748725402885,79.34943795393154,81.5517932291675,48580065,80.37072535415086
2022-01-10,79.77046966552734,80.79715851926753,77.41589777164756,79.34943086758702,48642546,79.32784198548082
2022-01-11,77.43534088134766,79.76400505083252,77.01754145289522,79.76400505083252,63732441,78.07229579502513
2022-01-12,82.91207885742188,82.91207885742188,79.1259758285951,79.67332340260377,97080672,81.65004451447962
2022-01-13,82.6885986328125,83.7411957852562,80.51863767190974,83.47561320713302,65131170,82.31614402999281
2022-01-14,81.98579406738281,83.33311408460989,80.96883072414585,81.22792702099993,44864445,82.09591295871284
2022-01-17,86.30952453613281,86.63339487189863,81.9469192080742,81.9469192080742,72343398,84.96327953870188
2022-01-18,86.1767349243164,87.10949481256893,84.95248432783393,86.2836069435563,37516329,86.07957135490642
2022-01-19,81.93073272705078,86.75971450000756,81.06922573823894,86.1346350897872,69564540,83.25322432176576
2022-01-20,81.31537628173828,82.17040442967838,79.99720387166695,81.64896498400415,44995941,81.16099486102787
2022-01-21,81.09837341308594,82.82786628207862,79.78020107670163,81.31861118091976,33718296,81.23548025728873
2022-01-24,81.42224884033203,81.90158287383196,79.11301402783432,79.69922749740182,32513058,80.81228191399943
2022-01-25,77.83047485351562,81.29270023262256,77.73007429825824,80.32107430389433,51831669,78.95108312813214
2022-01-26,80.80364227294922,81.41577131026855,78.47821761108575,79.34944292471279,52333752,80.23254373143452
2022-01-27,78.14138793945312,80.74210604985562,78.05394517180584,79.99719685730376,39794889,78.9791463870382
2022-01-28,73.45491027832031,78.37781342911015,71.17483053568257,77.72358646626286,97311933,74.335851414371
2022-02-07,79.15511322021484,80.73562111215996,77.08554558593501,77.98592581699145,75337359,78.99209330610327
2022-02-08,76.74872589111328,78.70169597803692,74.69859469914586,78.70169597803692,59711859,76.71633885609869
2022-02-09,79.4077377319336,79.80286099714763,76.1203984516986,77.42238083383059,59978592,78.44366572692661
2022-02-10,77.76892852783203,80.32106222290571,77.1147015881177,79.92269950676149,43885380,78.40156411295182
2022-02-11,74.5528564453125,77.76893571058045,74.00550147124588,76.45076337596277,59831778,75.44243120904628
2022-02-14,75.1325912475586,76.11069601212992,72.87194062451253,74.55608868180661,39959847,74.70507596140034
2022-02-15,77.18272399902344,77.71711379333574,75.19736683951366,75.19736683951366,47557284,76.69906821062428
2022-02-16,77.92438507080078,79.34619727328051,77.85637156229852,78.37781093178803,38617473,78.3756513021266
2022-02-17,79.48223114013672,80.56073644855955,77.4061918167401,78.45554953513808,57319158,79.14971980181213
2022-02-18,78.68873596191406,79.47575794010477,77.73006789206755,78.05394564592348,29731398,78.63152059802879
2022-02-21,78.3421859741211,79.60854193011086,77.61346662050484,78.05394212497951,32861412,78.52139817491226
2022-02-22,76.90419006347656,77.40619281575515,75.8839799219365,77.40619281575515,37635633,76.73145426705607
2022-02-23,81.6165771484375,81.78499122040479,77.40943514251904,78.34543457959911,87344670,80.27033450378711
2022-02-24,79.3041000366211,81.54531380585239,78.24178462109924,80.35668970566223,71465964,79.69706615452424
2022-02-25,80.26924133300781,81.73963028755779,80.2660018887128,80.93642601237744,43804059,80.75829116975946
2022-02-28,80.83927154541016,81.03036172741501,79.67332343590529,79.96481416974015,35487270,80.51431890291015
2022-03-01,81.54531860351562,83.10963681814144,80.72591700139033,82.58819741326617,52955874,81.7936241410158
2022-03-02,80.51539611816406,80.76154202140981,79.01261255437869,80.64494425263545,36372741,80.09651689798419
2022-03-03,79.4174575805664,81.24735841643043,79.02557371572397,80.81336176929025,29890020,79.89679657090693
2022-03-04,75.72203826904297,78.33247459636168,74.4913087974215,76.85883867495195,87511902,76.18194055427539
2022-03-07,72.4217529296875,73.74316469014002,71.25903689659513,73.48406100187303,70838760,72.47465150547423
2022-03-08,70.01859283447266,73.03063135830509,68.01380659648498,71.60234764662887,87449802,70.3543435964209
2022-03-09,72.41526794433594,72.41850738879683,68.01380436237997,70.28093364543143,75340566,70.94919323183758
2022-03-10,74.1998291015625,75.60220472406249,74.16744206754885,75.43379066460813,74502849,74.65649196439128
2022-03-11,74.44274139404297,75.07106028120617,71.2590415868361,71.90031825378648,55834812,73.59094775402842
2022-03-14,70.9286880493164,72.87193977669494,70.9286880493164,72.87193977669494,45252183,71.57643862510925
2022-03-15,68.920654296875,71.90030561317637,67.82919134213495,68.3797782796128,59461086,69.55005041739544
2022-03-16,74.30670928955078,74.49131316142142,69.37408760631706,71.57643559319732,100129881,72.7240366857631
2022-03-17,76.07830810546875,78.0150809436868,76.0005762572598,77.85313835776529,94753290,76.69798843547177
2022-03-18,75.9487533569336,77.36409421174588,75.1552598814489,76.07830890962362,45164568,76.15603581670946
2022-03-21,79.47251892089844,80.60284050136941,77.13737594434961,77.73006830823326,83753304,79.0709117888725
2022-03-22,79.28466796875,80.12674568316457,78.38429507540171,79.34944203710236,34523721,79.26523624243876
2022-03-23,80.05225372314453,81.29269418865728,79.76076300103085,80.9688238451054,44550288,80.36857030427755
2022-03-24,80.02310180664062,80.96881946709419,78.50736792460653,78.92839934845864,34104381,79.83309639944711
2022-03-25,76.21109771728516,80.63199106778127,75.7900588433489,80.02958776041912,62407119,77.54438254280511
2022-03-28,74.6208724975586,76.07831135561311,74.12858065509337,76.07831135561311,42931062,74.9425881694217
2022-03-29,74.81519317626953,76.59650977048645,74.10266357341588,75.43703314989605,41576193,75.17145550672394
2022-03-30,76.76492309570312,76.76492309570312,71.97156778558188,73.51968881505665,75377988,75.16713799232939
2022-03-31,74.42654418945312,76.1106997422023,73.48406585845322,75.85483548175876,48519429,74.67376993003622
2022-04-01,76.4216079711914,77.58755593358991,73.3901328908724,73.45166750956616,54884415,75.79976559855123
2022-04-06,78.34542846679688,79.67331909516072,77.60375871902187,79.34944134331379,61587990,78.54083542699316
2022-04-07,77.73006439208984,79.4465993605263,77.40942609737249,77.73006439208984,36809859,78.19536328332954
2022-04-08,79.01908874511719,79.83525085991454,77.43857338945818,77.73330353952383,51515691,78.76430433149663
2022-04-11,75.46294403076172,78.20940772028449,74.32938292767383,77.73007364985499,57921021,76.00057822624001
2022-04-12,77.13414001464844,77.26368815762117,74.87996822750333,75.1390719263661,38666601,76.42593213325765
2022-04-13,76.75843811035156,78.36162216106247,75.46617401876085,76.11716152490057,32901753,76.86207809672497
2022-04-14,78.14786529541016,79.34620035192577,78.01183827312775,78.37781397285976,39491250,78.5019679734879
2022-04-15,76.49932861328125,77.73005799083019,75.38196495999586,77.2442451283875,38771793,76.53711718803577
2022-04-18,77.43858337402344,78.05395189692356,74.49131855794344,76.04268652565953,33177714,76.66128460963016
2022-04-19,79.3041000366211,81.26030199130182,78.74379474108414,78.7535056617318,62334462,79.76939892300236
2022-04-20,78.30656433105469,80.42794845759755,78.00860212985405,80.21095013651916,39234279,78.91437163950211
2022-04-21,75.79977416992188,77.97945344563034,75.17145532878892,77.0078275944626,46214628,76.31689431478038
2022-04-22,76.24024200439453,76.32444532778287,74.18687142817768,74.4945519582029,32007480,75.58385292011836
2022-04-25,73.68162536621094,76.57706608831145,73.396613551172,74.49130858795053,48566751,74.55176833523147
2022-04-26,75.0775146484375,76.38597583080417,73.98281971925567,74.16419153035507,47452860,75.14877006616578
2022-04-27,76.1139144897461,76.37301813629821,70.8671416294526,73.39336697198573,76302501,74.45135808516564
2022-04-28,75.1325912475586,76.27263118698978,74.49131461186266,75.98114045932489,43911639,75.29884568213701
2022-04-29,78.70169067382812,78.97050527020725,74.73421614213824,75.72203917580048,74448930,77.46880402872453
2022-05-05,80.58016967773438,81.74287826183189,78.30332194028489,79.73809198314187,75977637,80.20878995995038
2022-05-06,78.40373229980469,79.67332035693387,77.762455675317,78.0604178744348,43646598,78.61316944401852
2022-05-09,75.37549591064453,76.72281580678741,74.81519058225953,74.81519058225953,52534905,75.63783409989715
2022-05-10,75.56982421875,75.67670366410375,71.99100105417955,72.58045401965289,62908992,74.41250964567776
2022-05-11,81.8432846069336,83.12583049459786,74.97712925576793,75.13907184723061,137857713,79.98208145243314
2022-05-12,82.29346466064453,83.46265953865412,80.55102151914073,80.96558147423829,72346818,82.10238190614646
2022-05-13,87.47223663330078,87.93214142402844,82.8829218861961,84.14279904029904,110136183,86.09576664784178
2022-05-16,86.51356506347656,88.41795080668594,85.92411215693755,87.80582920052046,60710640,86.95187600903336
2022-05-17,91.49476623535156,92.30445692496394,86.96051468193971,87.11597837811878,88046709,90.2532459474184
2022-05-18,91.14498138427734,93.27608386435054,90.36120624358959,91.49476729180203,61590810,91.59409049740583
2022-05-19,92.145751953125,92.41781341603257,88.83899057236499,89.16610035612355,52090953,91.13418531384086
2022-05-20,93.17892456054688,94.44527321772001,91.07373018514092,92.95544734361894,53605008,92.89930932113593
2022-05-23,95.60798645019531,96.51483824451012,93.2145482708045,94.79829575964631,76676448,95.11245765516998
2022-05-24,91.00894927978516,94.8825021919,91.00894927978516,93.92382673799447,87148959,92.30013358382344
2022-05-25,93.01698303222656,93.48660617245659,90.04704958464514,91.09316789460222,69257319,92.18354626310942
2022-05-26,92.83560943603516,94.31895629102034,91.49476107729132,93.07203699880482,42928497,92.88310893478227
2022-05-27,93.56108856201172,96.38851578366088,92.83884810150693,94.87926079774428,45956055,94.26281748239317
2022-05-30,96.5537109375,97.06543205020768,94.27362351286516,94.57159314746987,65557050,95.96425550019096
2022-05-31,95.83793640136719,97.47350761487755,95.06063273515252,97.16258763097511,53103357,96.12402558379908
2022-06-01,97.1561050415039,98.71718379115391,94.9343204246075,96.51483584227711,65073525,96.93586975242177
2022-06-02,97.49293518066406,98.7819599081174,95.614464943557,95.86708232971803,53318331,97.29645334411282
2022-06-06,103.06682586669922,103.79230576278546,97.98845918117905,98.4580822653326,88427187,101.61586360355459
2022-06-07,101.9850845336914,103.59798695169079,100.76083392593786,102.99233683056114,60066267,102.11463513710669
2022-06-08,106.04000091552734,106.25052033532052,101.37619406017336,103.18665810522802,87154020,104.5555717703404
2022-06-09,104.42062377929688,108.43343558268606,103.96395847655752,108.18405024870195,92262516,105.60600594618016
2022-06-10,112.96768951416016,113.3563413183067,103.98339027256209,104.12589618117971,131474700,110.10247370167632
2022-06-13,112.96768951416016,116.22588133213749,110.31191577617241,112.06084518837363,108204396,113.16849554082336
2022-06-14,111.28031158447266,111.6689634216201,105.98171402387797,110.7653510507421,121436802,109.64366300999025
2022-06-15,108.49821472167969,112.13534009136984,107.69500295195107,111.40338127754121,91184361,109.44285258833354
2022-06-16,108.82209777832031,110.99205876870526,107.9832594897068,108.66016260378925,57051735,109.26580534557746
2022-06-17,109.46984100341797,110.5062408999937,105.92988413187173,106.91122829543932,78644277,108.63532201176115
2022-06-20,110.82364654541016,112.92236202419517,108.50470070818824,109.49576326636469,73624671,110.75023642593119
2022-06-21,110.44146728515625,110.7005709668192,107.5913638514479,110.03986510343302,59348217,109.57780070114113
2022-06-22,110.0787353515625,112.58876391179085,109.46984575283422,110.90137641523839,56036349,110.71244833872919
2022-06-23,114.48991394042969,114.66803891988533,109.46984215894737,111.63981048830321,96942678,112.87593167308746
2022-06-24,113.69641876220703,115.39029259027858,112.06408697306125,114.32473762746194,70795065,113.71693277518229
2022-06-27,113.25595092773438,115.623481029067,112.81548279710874,114.02677571601717,65146572,113.89830491797004
2022-06-28,114.29558563232422,116.20645030020444,110.99529570095922,112.38472096444401,80890413,113.83244387782929
2022-06-29,107.40028381347656,113.35634765577164,107.36141788959735,113.35310821103862,108343806,109.37268311961519
2022-06-30,108.00916290283203,109.90707716460152,106.87884134958546,107.20271909737465,66043434,108.26502713900634
2022-07-01,106.61973571777344,107.85046520651824,103.67247124686483,107.58489005419919,70233789,106.0475573903855
2022-07-04,108.87390899658203,109.537854300602,106.94361511960207,107.5265891336704,62853618,108.45179280559536
2022-07-05,108.13872528076172,110.31192575799423,106.74606051408617,109.14597765296772,52127109,108.39890385094736
2022-07-06,108.85447692871094,110.31191563267724,107.5233469104384,108.10956035398931,55030260,108.89657982394219
2022-07-07,113.15554809570312,113.98790749337834,107.9703089453122,109.3726846041464,91394622,111.70458817813123
2022-07-08,109.46984100341797,113.96523389434661,109.46984100341797,113.15554323199572,57143271,110.96830530039419
2022-07-11,105.03275299072266,108.78322936790921,103.27735201758581,108.78322936790921,76295232,105.69777812540589
2022-07-12,100.07746124267578,103.9639645919059,97.18849187514245,103.6400868418311,135154407,100.40997256990805
2022-07-13,100.36247253417969,101.64501833606536,96.11646497915216,100.07746070866801,102320085,99.37465194979906
2022-07-14,104.6117172241211,104.6117172241211,99.42971747528725,100.0483180003433,81746808,102.88438397450982
2022-07-15,109.53137969970703,113.32071438951299,107.850463803962,108.49821186634694,133352352,110.234185964394
2022-07-18,109.17835998535156,112.06085050113104,106.23109540129619,111.73697274683457,71673468,109.1567686292596
2022-07-19,107.235107421875,109.17835910617154,106.1080178867829,109.17835910617154,47454075,107.50716147160982
2022-07-20,107.42942810058594,108.12899988307164,106.58087892954627,107.84398805866387,30979044,107.37976897106796
2022-07-21,105.0975341796875,107.20272860770116,104.59229196471469,106.55497305465812,39600984,105.63085158403446
2022-07-22,106.75577545166016,108.38809978158993,105.58334108133307,105.58658052607504,42532122,106.90907210486107
2022-07-25,104.59552764892578,105.9072211066541,103.64009157835272,105.58334334177758,34505130,104.71428011131087
2022-07-26,105.25946807861328,106.12745392461672,103.64008674270501,104.44329852133882,32296848,105.00900291531167
2022-07-27,105.51856231689453,106.81406587809977,103.96720193579608,104.93558830887302,27316716,105.43327671026346
2022-07-28,105.39873504638672,107.34845820477842,104.93559082570897,106.561443645719,32719551,105.89426135895803
2022-07-29,103.79016876220703,106.20057431783601,103.0126142773085,104.6454727633481,34456092,104.33445245245052
2022-08-01,107.08828735351562,107.58721903237047,102.4812965032301,103.01909923405208,56275128,105.71893429637207
2022-08-02,105.81180572509766,107.06884894371433,104.0947093072939,105.26104104824812,46992798,105.65845465870196
2022-08-03,104.3182601928711,108.4846407229016,103.31392328208541,105.84420479245473,56616933,105.37227473261937
2022-08-04,105.87660217285156,107.38958481021308,104.3538980649699,106.26537942525545,55991031,105.87336168267818
2022-08-05,105.12820434570312,107.52565541040072,103.11629004206766,106.91333624505403,47269155,105.25671659939049
2022-08-08,104.11091613769531,105.26104547639234,103.3495640623382,104.35714149063361,38846358,104.24050855880863
2022-08-09,103.58283233642578,104.90467064489843,103.07418657056185,104.05584012300956,34831983,103.85389651729535
2022-08-10,99.89917755126953,103.57634803410974,98.81384317089324,103.57634803410974,77549703,100.7631229187575
2022-08-11,102.06011962890625,102.34198294929666,99.00823045682968,100.89702837102729,49633443,101.13677767834419
2022-08-12,101.05902099609375,102.46833015176257,100.43373988686447,102.06011738581411,30401289,101.32036367824026
2022-08-15,102.12167358398438,103.4240762502621,100.82899238810008,101.14649368316896,40535778,102.12491407411551
2022-08-16,103.32363891601562,104.28586429982583,102.21562854857609,102.31282100943211,47172993,103.27504392147252
2022-08-17,106.24269104003906,106.78374164412614,102.61088033249928,103.67029069520845,63261339,105.2124376722215
2022-08-18,105.63038635253906,106.91334621045209,104.91762675630406,105.94140669944798,42837132,105.82045310643173
2022-08-19,103.47591400146484,106.08395252830364,102.70159996145736,105.303157507737,37286769,104.08715549707529
2022-08-22,104.67463684082031,105.64657630504738,101.15298023580688,102.37762603701967,44300295,103.82473112722487
2022-08-23,104.19514465332031,105.47162342677436,103.34308111271983,104.96945867498188,27899925,104.33661639760483
2022-08-24,100.2717514038086,104.63252440991293,100.20695642878434,104.21783063751003,56034849,101.70374408083529
2022-08-25,100.29767608642578,100.78364581810143,98.05573137398049,100.29119510581232,42066219,99.7123510928359
2022-08-26,102.29014587402344,103.00290542372443,100.43374538516579,101.40244434246074,36637965,101.90893222763789
2022-08-29,101.58386993408203,102.65949026698144,100.9164772306639,101.6227484028274,25773498,101.7199458105758
2022-08-30,100.70912170410156,103.18756269776362,100.43373937147244,102.21562330841166,33074211,101.44347459111255
2022-08-31,93.2997055053711,96.09241486526969,92.01026475732826,94.27812592840682,122417922,93.80079504265636
2022-09-01,92.885009765625,95.44444826591838,92.01998427334549,92.33424508191447,57774699,93.44981410162961
2022-09-02,91.3623046875,93.82455070245457,90.09878048633642,93.53296591286013,48498576,91.76187862543033
2022-09-05,87.07281494140625,87.75965801503054,84.59113319835802,87.15057188035388,105362481,86.4745353849316
2022-09-06,88.42704772949219,88.91625049241048,86.57063996118032,87.07604517418315,56970852,87.97131272769434
2022-09-07,91.58909606933594,92.35044818868927,87.66894055268622,88.12251281690843,57261951,90.53616160357048
2022-09-08,90.15061950683594,92.33100216858469,89.74240674001918,91.68628553283324,34928733,90.7413428051466
2022-09-09,90.61715698242188,91.19708613102186,89.73917686397485,91.03509126892108,22829478,90.51780665913952
2022-09-13,92.26945495605469,92.8817741545147,90.51024688287693,91.36231045924079,33457233,91.8871586644821
2022-09-14,90.17329406738281,91.94546393372511,89.50265352178221,91.36230178835062,31545318,90.54047050763005
2022-09-15,87.31256103515625,90.87633646393286,86.47345204416186,90.71434903113234,45718569,88.22078318108366
2022-09-16,86.17215728759766,87.94431990794529,85.64730908202336,86.82659544556768,31342908,86.58792875918876
2022-09-19,87.58794403076172,88.7380733504827,86.39893624381726,86.8265919679662,33284997,87.57498454168723
2022-09-20,88.83850860595703,89.90115954816761,88.1257490472167,88.7056707497848,33373506,88.95513906711379
2022-09-21,87.47454833984375,88.3201383099736,86.50260891384549,88.05771051238084,25126089,87.43243185455428
2022-09-22,87.00476837158203,87.27367713318652,84.65591737335912,86.66135058624594,27839850,86.31145429270923
2022-09-23,86.30821990966797,87.40002775949328,85.62137691442852,86.53176181449375,23893236,86.44320819452992
2022-09-26,88.43028259277344,89.41842443926463,85.39459593272245,86.30822133793559,43081920,87.74776765492017
2022-09-27,88.75751495361328,89.0393782988005,87.49399063592017,88.43353264810763,24928779,88.43029462944465
2022-09-28,86.0555191040039,88.44648924202819,86.01664063647796,88.44648924202819,25686054,86.83954966083668
2022-09-29,85.71533966064453,88.0577098024552,85.5306687982947,87.47454763461958,26507004,86.43457275379814
2022-09-30,81.64614868164062,85.38487333398758,80.67096880836766,85.2066834583536,64210764,82.56733027466528
2022-10-10,81.38372802734375,83.06842706074514,80.81352779065672,81.73038633887093,35243550,81.75522762624854
2022-10-11,82.61809539794922,83.38592846869251,80.77788990348904,81.64291543812054,39846117,82.26063792337692
2022-10-12,84.99286651611328,85.28769182508624,80.97875901767493,82.2908758703835,43461429,83.75310578629148
2022-10-13,83.64511108398438,85.20669378340229,83.61271359497138,84.23475428239271,28855980,84.15483948745269
2022-10-14,85.70561981201172,87.18296449283882,84.21855366053244,84.90862977064918,43708353,85.70237932179434
2022-10-17,84.44857025146484,85.20668176890585,83.16237009767188,85.20668176890585,32903508,84.2725407060142
2022-10-18,88.6635513305664,90.3903617390068,88.28449556811141,90.3903617390068,73242537,89.1128028792282
2022-10-19,86.66459655761719,89.56097931688683,86.46373065768735,88.66355633227339,40201209,87.56310217739713
2022-10-20,85.37191772460938,86.04255832182793,83.39240825107004,85.53067208712432,38525034,84.93562809916911
2022-10-21,86.27581787109375,87.75965091053443,84.8859442149875,85.37515441124054,31435662,86.30713766553856
2022-10-24,82.79952239990234,86.27905992304962,82.15155783647778,85.82225461989057,50223768,83.74338005314324
2022-10-25,83.55763244628906,84.42589841998584,81.00466753675505,81.96689289377515,33972801,82.99606613434332
2022-10-26,83.544677734375,85.54363764905054,82.70880917420534,84.23475388701556,37924581,83.93237485254362
2022-10-27,82.61485290527344,84.46802031612708,82.61485290527344,83.90753414805376,29329746,83.23257537555799
2022-10-28,77.71951293945312,81.96689072767973,76.39767478067856,81.96689072767973,78949179,78.69469281593713
2022-10-31,79.91610717773438,81.31893550243237,76.81885829759464,76.94520776278404,56382699,79.35130032592046
2022-11-01,84.82439422607422,84.94751061184752,80.02301831772732,80.05865629580516,65784813,83.26497438521635
2022-11-02,86.68403625488281,87.99291246094569,83.70342310813871,84.55872710358322,56195787,86.12679060798907
2022-11-03,86.82011413574219,88.04475252879647,85.56307083940214,85.86112921184426,30715191,86.80931250131361
2022-11-04,90.77914428710938,91.69276230932218,86.82659159198653,87.1440928935123,67466067,89.76616606280602
2022-11-07,90.35148620605469,91.37202554750846,88.44324537182982,89.09444299355673,40752618,90.05558570846432
2022-11-08,89.55126190185547,91.55669533240325,88.6084794271939,90.53616333558638,31690347,89.90547888715088
2022-11-09,87.35467529296875,90.35149109246485,87.03394090758252,90.11498720863001,33583908,88.24670243100537
2022-11-10,84.31898498535156,85.84492957470412,82.8740304039438,85.73477515536516,46649031,84.3459816546665
2022-11-11,87.08576965332031,88.4367648400015,85.90648336692338,87.63653433028149,49829877,87.14300595341507
2022-11-14,85.46263885498047,88.2974598692628,85.1289350851371,87.22508743293398,34571091,86.29634460312678
2022-11-15,86.50260925292969,86.92378399455448,84.26714559824708,85.52742933292659,33854505,85.89784628191042
2022-11-16,84.58464813232422,86.37302056519644,84.26714682638081,86.10735227250815,31064823,85.07493850796716
2022-11-17,83.26280975341797,84.20559219891533,82.15479938240092,84.20559219891533,33378171,83.20773377824474
2022-11-18,82.51117706298828,84.09219515412562,82.12888079316706,83.51227347673954,30355128,82.91075100342698
2022-11-21,82.35566711425781,82.48526448067197,80.51222114008829,81.91505683131662,24754521,81.78438424500602
2022-11-22,81.15370178222656,82.69584883917254,80.99495483945124,82.61485141503508,24043653,81.61483515361678
2022-11-23,81.48091888427734,81.48091888427734,80.08780481177712,81.1536961356145,26540643,81.01654752677727
2022-11-24,80.79732513427734,82.61485460510103,80.43771227767684,82.08028493270888,25594218,81.2832973390184
2022-11-25,79.3912582397461,80.67097757807994,79.37505578778664,80.67097757807994,26346492,79.81243053520423
2022-11-28,79.41069030761719,79.41717128811865,76.85449223269067,77.75515572434786,29732784,78.5607846094755
2022-11-29,80.44418334960938,80.89128201555741,78.72709430116463,79.78974521707141,37074234,80.02085322211047
2022-11-30,84.07923889160156,84.234745339292,79.85454448423489,80.46362314526192,63862014,82.72284290504281
2022-12-01,86.3924560546875,87.78232975559236,85.82872939774775,86.82659276323496,77395755,86.66783840267586
2022-12-02,84.90863800048828,86.68728912145498,84.3902707451032,85.8287370980555,34822614,85.32873262234882
2022-12-05,85.32331848144531,86.69374914986217,84.85031075205164,86.1624274306279,31569927,85.6224594611197
2022-12-06,86.6969985961914,88.00264184490624,84.23799289976364,84.41294230266769,36902037,86.31254444695377
2022-12-07,88.68623352050781,90.15710464325993,86.71319764129373,86.71319764129373,57799779,88.51884526835381
2022-12-08,88.86441802978516,89.09444091523866,87.75640772706963,88.68946864434012,28374195,88.57175555736448
2022-12-09,88.99725341796875,89.96919285451781,87.94431655660411,89.24995974775814,30297696,88.97025427636356
2022-12-12,87.43567657470703,88.5987679340566,86.82659784933723,88.10955769337843,24038463,87.62034745270029
2022-12-13,87.40975952148438,89.09445118469228,87.31256705510295,88.12251169025814,18415299,87.93892592042653
2022-12-14,86.30821990966797,87.29311383446912,85.40107549963156,87.28339236438266,28309386,86.33413641458954
2022-12-15,87.94755554199219,88.21322382810537,85.37191459614586,86.28554002376838,29137035,87.17756465541447
2022-12-16,87.63977813720703,87.9184009763612,86.680800651425,87.49722622737843,16858992,87.41299325499774
2022-12-19,86.34062194824219,89.094445393258,86.0522776429417,87.14732604054858,25211673,87.1624483281473
2022-12-20,84.75311279296875,86.1462269229767,83.80709731285008,86.1462269229767,25472463,84.90214567626516
2022-12-21,84.49393463134766,85.15809422422508,84.10515737999144,84.74664095702559,12589890,84.58572874518806
2022-12-22,83.97232055664062,85.36867509901289,83.75201173405898,85.20668026434043,17762985,84.36433579657084
2022-12-23,81.70122528076172,83.06842293228955,81.15694157840433,82.97123047334135,27245604,81.9755299304852
2022-12-26,85.0187759399414,85.36867469636368,81.7044592236384,81.70769971354126,28064259,84.03063661998117
2022-12-27,84.92159271240234,85.52419042422855,84.16995469478273,85.35572200752522,16660962,84.87191261047121
2022-12-28,82.49173736572266,83.97556292311698,81.96688921688525,83.42479826966398,30769134,82.81139650190829
2022-12-29,82.53709411621094,83.86541330658456,81.6850305826766,82.28762827983023,21676731,82.69584600182402
2022-12-30,83.25309753417969,84.35462694901794,83.10406464124664,83.74878132167113,22466919,83.57059637481476
2023-01-03,84.3902587890625,84.85678554515854,80.99495189349481,83.07166111134761,36412290,83.41399874257195
2023-01-04,83.94316864013672,84.39025987687066,83.10081917787696,84.23474601262797,21802377,83.81141589829478
2023-01-05,85.88056945800781,86.69375453752271,84.57816675326002,85.05118192735863,35680800,85.71749691626353
2023-01-06,86.24342346191406,87.86332748363539,85.88705110260773,86.7974286500398,41656569,86.66460068271907
2023-01-09,85.3298110961914,86.82659883376144,84.97667178835395,86.82659883376144,34250646,85.71102723943561
2023-01-10,86.36978149414062,87.33848046378921,83.36324421665742,84.89891034304318,52053762,85.69050205819576
2023-01-11,87.14732360839844,87.79852864480017,84.6915585925096,85.8222523507575,38509125,86.54580361523607
2023-01-12,89.839599609375,92.15605320403918,87.70132847826956,87.96375626907832,67043757,89.89899376389458
2023-01-13,90.25430297851562,90.69167278940415,89.09445210485066,89.87524716499625,38523303,90.01347595759016
2023-01-16,88.7056655883789,90.31584806713565,88.12250342944739,90.25429358572865,49499967,89.04800569498731
2023-01-17,87.47130584716797,88.93245544289725,87.12788804881016,88.70890611729929,33499713,87.84388311295845
2023-01-18,87.15055847167969,88.28449264682503,86.33737347417144,87.42594079071586,25832451,87.25747486422539
2023-01-19,87.63653564453125,87.74993055481474,86.34709492034301,86.78771260076711,24371589,87.24452037322966
2023-01-20,87.49722290039062,88.08362555335576,86.50908845522723,87.79852915984854,31394805,87.36331230299122
2023-01-30,91.35906982421875,93.30618925741524,91.03832801897207,92.33424978598383,84556323,91.90119570020202
2023-01-31,92.59342193603516,93.56536132607224,90.84069499309153,92.33424205352343,56133051,92.33315941839965
2023-02-01,98.5967788696289,98.5967788696289,92.70358037763506,93.29970451472984,81896091,96.63237937229762
2023-02-02,98.04277038574219,99.17993770346644,97.18097798820918,99.09569979164576,44408979,98.13456202580592
2023-02-03,95.57404327392578,97.17773734835873,94.86128376056969,97.17773734835873,45884484,95.8710214609514
2023-02-06,93.94766998291016,94.50167516800097,93.17983693422124,94.50167516800097,30133980,93.87639402837745
2023-02-07,93.63016510009766,94.7576109532946,93.17659288366876,94.59886401443362,23050422,93.854789645687
2023-02-08,92.54808044433594,93.63017437378339,91.62149297904139,93.63017437378339,27870432,92.5999159323869
2023-02-09,93.41309356689453,93.57184050033837,91.45949335433629,92.01025800935348,27194667,92.81480914052305
2023-02-10,91.31694793701172,92.62583162338738,90.71435022984541,92.61935064292786,38912433,91.55237659674818
2023-02-13,91.46598052978516,91.78024134326846,89.76184602461674,90.3936081418026,28038432,91.00268929922345
2023-02-14,91.35258483886719,92.17225830523171,90.42276436722503,92.01026345688815,22093104,91.3158691704413
2023-02-15,90.39036560058594,91.97786466776824,90.24781369541081,91.68628729243578,27249648,90.87201465458833
2023-02-16,89.7488784790039,91.29426594381209,89.04584786666959,90.7143442909113,31004445,90.0296640964952
2023-02-17,88.0123519897461,90.09878277044086,87.88924302276656,89.57717507526716,30298950,88.66679259431784
2023-02-20,88.3816909790039,88.54367840824278,86.50260713859618,87.98967324340572,39210444,87.80932550861428
2023-02-21,89.01345825195312,89.5998609367361,87.56526311370392,88.12250880105941,34107018,88.72619410079771
2023-02-22,87.61062622070312,88.32338581117831,87.11817548824935,88.0901149913992,25526388,87.68406250671028
2023-02-23,87.61709594726562,88.01558723641014,86.98857435832853,87.4421465625583,30107463,87.5404191806681
2023-02-24,86.69052124023438,87.43567085369273,86.5026098841058,87.15704801737313,20060283,86.87626732601098
2023-02-27,84.17318725585938,86.1429824725945,83.58678463523736,85.85464560486224,50911143,84.63431812123041
2023-02-28,84.49393463134766,84.88271188270387,83.44747876744331,84.55872960402215,36099009,84.27470842716495
2023-03-01,86.01663208007812,86.3535688780406,83.50902678891701,84.47772564454068,43097283,85.29307591567859
2023-03-02,85.43671417236328,86.8686993338194,84.88270901785425,86.21750172357895,34471488,85.72937417467898
2023-03-03,85.46263885498047,85.92917306856421,84.90863364746151,85.8514161304153,19194483,85.43348185700206
2023-03-06,85.6181411743164,85.73477657589771,83.58679131678038,85.53067018461248,33637341,84.9799030223315
2023-03-07,84.4550552368164,86.49936700500474,84.3967412451119,85.58898207678062,31779864,85.11705449564435
2023-03-08,83.25956726074219,84.166711707129,82.61485061004284,83.7487774603717,36269280,83.34704319263801
2023-03-09,82.96150970458984,84.17967448018213,82.2941096163387,83.1008211215201,29019429,83.14509793370355
2023-03-10,78.77245330810547,81.9668944336911,78.5003040387396,81.64291215179513,85039224,79.74655059351205
2023-03-13,77.91390228271484,78.71089232831457,76.78321589604354,78.31240101316943,50203023,77.80267016902432
2023-03-14,77.74867248535156,78.56510545270187,75.49701382161625,77.75515346566476,59570448,77.2702639198899
2023-03-15,77.30805969238281,78.55862190075982,76.91604196466879,78.24112061358977,36214377,77.59424118593715
2023-03-16,76.06723022460938,77.63205346195691,75.81128337985902,76.13526569513274,35511075,76.50352235547511
2023-03-17,77.07803344726562,78.0726563164705,76.30696732676752,76.71193962068828,40500786,77.15255236350121
2023-03-20,76.3199234008789,77.54780968342705,76.00566258092583,77.07803499098563,25896999,76.62446522174393
2023-03-21,77.59639739990234,77.59639739990234,76.0672197685891,76.74757438030281,32661807,77.08667152279793
2023-03-22,78.7918930053711,80.21092375901281,78.42903965252209,78.46791070632288,46601796,79.14395213896866
2023-03-23,79.53380584716797,79.53704633738431,77.59316746490494,78.72385384519842,29238312,78.88800654981907
2023-03-24,79.70551300048828,80.2271206842157,78.88583954588275,79.53704458948769,24305478,79.60615774352891
2023-03-27,78.93768310546875,79.69579469271103,77.85234873836588,79.69579469271103,27748608,78.82860884551522
2023-03-28,79.3782958984375,79.59212377142049,78.5327132929445,79.21306796579057,24553512,79.16771098760084
2023-03-29,80.24980163574219,81.07594870614147,79.87722681453833,79.87722681453833,43290786,80.400992385474
2023-03-30,83.32760620117188,83.32760620117188,80.9949574306051,80.9949574306051,62780166,82.55005661098295
2023-03-31,82.9453125,84.51337616219423,82.61485663281745,83.90105695313312,50102283,83.35784843167056
2023-04-03,82.91290283203125,83.66454077173363,81.72713564220926,82.93882675138249,40107375,82.76819308199138
2023-04-04,81.29301452636719,82.87727315103243,80.34375109847963,82.87727315103243,41323299,81.50467959195974
2023-04-06,80.99494934082031,81.28004572042308,79.59535428602429,80.34698482232866,24582681,80.62344978242255
2023-04-07,80.76168060302734,81.68502746993701,80.45390078582714,81.01114642990176,20616873,80.96686961959716
2023-04-10,81.31893157958984,81.38372655426944,79.69903496667125,80.76168589897385,29417373,80.80056436684352
2023-04-11,80.93987274169922,82.44962229004508,80.54138143781974,81.69151073338377,26236536,81.31029215652136
2023-04-12,78.856689453125,80.60618351918701,78.83401343543323,80.60618351918701,33698910,79.43229546924842
2023-04-13,78.66877746582031,78.72709145696358,77.03267848592861,77.94306340539075,24289392,78.1428491362375
2023-04-14,79.71846771240234,80.17528042480056,78.72385227973608,78.85668271472714,31651932,79.53920013897967
2023-04-17,80.81352996826172,80.89128690750373,79.11911683354151,79.37505625352414,27118155,80.274644569769
2023-04-18,80.67097473144531,81.70122818041771,80.48954435245061,81.12454697127728,23529660,80.95391575477122
2023-04-19,81.27033233642578,82.03168434892325,79.72818537144887,80.67096774723343,33578241,81.01006735226598
2023-04-20,79.38153076171875,80.97227031951354,79.37504978142539,80.97227031951354,30092490,79.90961695421923
2023-04-21,78.72709655761719,80.6547730334267,78.72709655761719,79.21306628945433,31215744,79.36965538288702
2023-04-24,82.1256332397461,83.7811676314316,78.7854000474935,79.08346579359193,80105202,81.56406697289039
2023-04-25,79.14826965332031,81.57811826152577,78.46790759383711,81.3189309495061,56225619,79.73143183622773
2023-04-26,81.31893157958984,82.46582042816163,78.07913835375265,78.72709551585818,52347612,80.62129678716805
2023-04-27,83.88484954833984,83.90753297976492,80.84916277481018,80.9949551727338,72739314,82.88051510097165
2023-04-28,82.89347839355469,85.19697762357674,82.2908732482978,84.7110078850724,57583440,83.46044308847641
2023-05-04,81.8113784790039,83.46043942757935,81.44852515461909,82.61484947520418,35437281,82.24011435373411
2023-05-05,81.01763153076172,82.22607484596891,80.33079591089161,81.8211025525248,30731877,81.19150076254074
2023-05-08,82.30059051513672,83.94317052027144,81.81138031127078,81.96689417899661,36487860,82.68504711555964
2023-05-09,81.03059387207031,82.08352332303036,80.67097360936056,81.00791044044301,26965449,81.2616969348204
2023-05-10,84.16670989990234,84.94102389439466,80.7357650111569,81.31892716693841,76107267,83.28116626848464
2023-05-11,85.44967651367188,87.40975791864993,83.80710384060879,84.48421801776212,64271061,85.55551275764354
2023-05-12,84.26715087890625,86.9075869897039,84.07924692768303,86.1786323716673,31372059,85.0846615987644
2023-05-15,85.82225799560547,86.35682025385132,83.81357666835149,84.26714891446565,41077881,85.33088497260276
2023-05-16,85.89676666259766,86.63868322178227,85.2714855085965,85.65702228692304,24491793,85.93564513099214
2023-05-17,84.55873107910156,86.113832696345,83.91400700065591,85.85141231090462,26866815,84.86219025870082
2023-05-18,83.93669128417969,85.49179291720773,83.12025829227152,84.97990668670653,30208995,84.18291416455298
2023-05-19,83.96908569335938,84.53281233195176,83.03602474774573,83.64510341761367,18031746,83.84597425768563
2023-05-22,85.88704681396484,86.17862418429236,83.2887299098833,84.53281115335594,36049563,85.11813363604684
2023-05-23,85.18401336669922,86.4637326549012,85.18401336669922,85.86760850641271,27185820,85.61058646276655
2023-05-24,84.85355377197266,85.85465767852682,84.0792471172385,84.75312081533869,20427885,84.92915285591266
2023-05-25,82.80923461914062,85.48206799190443,82.6602091500232,84.86974883420076,39623685,83.65050392035609
2023-05-26,80.019775390625,81.96689474907066,78.66229919000692,81.96689474907066,55744020,80.21632310990087
2023-05-29,79.35237121582031,81.17313360835679,78.40310784669595,80.99495114787052,37416873,79.64287089029102
2023-05-30,81.70771026611328,82.61485475804685,79.64396284997763,79.6828339032148,50064174,81.32217595804592
2023-05-31,82.18071746826172,82.58245669691726,80.88156264017557,81.70770969895962,35514351,81.88157893511818
2023-06-01,82.7606430053711,83.54791156180941,82.04140991164584,82.18071391192136,26020713,82.78332149294211
2023-06-02,83.93020629882812,84.10191519755323,82.80923401431122,83.54791003549367,33203925,83.61378517023086
2023-06-05,83.69046783447266,83.93021221155746,81.53600151572748,83.91077668490071,31438356,83.05222718725253
2023-06-06,84.51985931396484,85.85465960918009,82.99715506287727,83.57059581723871,38694333,84.45722466200739
2023-06-07,83.11701965332031,85.34924290828866,82.77684232216062,84.88271611564383,30147084,83.7477016279232
2023-06-08,82.61485290527344,83.85893420963275,82.44314399863977,83.0003896764644,19336278,82.97231037118199
2023-06-09,83.5867919921875,83.94317176491889,81.80490054384003,83.84597188849435,32245203,83.1116214336488
2023-06-12,84.39997100830078,85.20668246666966,82.77683403686625,83.10081629927635,30867363,84.12782917061223
2023-06-13,84.63001251220703,84.88271885865323,83.30493370771737,84.39674910834665,24453441,84.27255502619255
2023-06-14,85.2066879272461,85.98100195052773,84.72071821014144,85.1030144864679,37732800,85.30280269597175
2023-06-15,88.08362579345703,89.09768416241097,85.30064540571024,85.3686808679715,73188321,87.49398512052608
2023-06-16,87.82444763183594,89.37306825891882,87.47454884323824,88.72511110962759,45689046,88.22402157799768
2023-06-19,87.2186050415039,89.09120801566205,86.78771622890835,87.8244506697596,37069425,87.69917642869143
2023-06-20,86.90758514404297,87.21536498752522,85.82225817368706,87.1538105018907,30709848,86.64840276841842
2023-06-21,86.75531768798828,88.53720174237358,86.25962649046065,86.50585184408766,32343528,87.18404864027417
2023-06-26,85.17105102539062,87.0501349439568,84.97990659246923,85.02202555041599,30453666,85.73369752060556
2023-06-27,84.25094604492188,85.48206530183283,83.28872813729393,84.88918168821637,29708595,84.3405798280162
2023-06-28,84.31574249267578,85.04469703872196,83.61918543209993,84.23474507134539,17180853,84.32654165449922
2023-06-29,82.84163665771484,84.48745721117416,82.68937069010637,84.31574830175848,25045515,83.33948818633179
2023-06-30,83.67426300048828,84.23474916627399,82.19367782118327,82.33298924007083,22717308,83.36756332931519
2023-07-03,86.65811920166016,87.23804086005951,83.87189098481014,83.87189098481014,48769518,85.92268368217661
2023-07-04,87.96051788330078,89.09444473967669,86.34385438972907,86.98857845917591,47136006,87.79960567090218
2023-07-05,86.50260925292969,88.27801969895803,86.07819402110998,87.96375888783689,27909939,86.95294099099924
2023-07-06,86.8589859008789,88.1225026650523,86.43781117438475,86.50260614533629,25113555,87.13976658010533
2023-07-07,85.6602554321289,86.7164327229045,85.56630346716229,86.50260487272473,18657450,85.98099720739856
2023-07-10,85.38488006591797,87.31256394947839,85.12570016478625,86.50261192782254,20663286,85.94104806006088
2023-07-11,87.25747680664062,87.69809447163543,85.46587139732169,85.85464863660161,30721560,86.80714755853258
2023-07-12,86.05227661132812,87.84712256437099,85.74449678382841,87.63653519576971,26109585,86.5479653198425
2023-07-13,86.7715072631836,87.31255787518174,85.85788186157366,86.66459333681183,24825903,86.64731566664632
2023-07-14,85.66349792480469,86.76178678103872,85.36868006288928,86.76178678103872,30816609,85.93132158957756
2023-07-17,85.68941497802734,86.50260744786316,84.99609839697331,86.50260744786316,23677989,85.72937360762127
2023-07-18,86.01016235351562,86.68728394325544,84.39674668479014,85.93564590636299,29536944,85.69806432718707
2023-07-19,85.79956817626953,86.1462264618667,85.12245405548117,86.01339602977399,15075000,85.68941623120581
2023-07-20,85.83845520019531,87.31256689112998,85.53067534957717,86.01664509588157,27381153,86.22723248030081
2023-07-21,85.63433837890625,85.78984482284471,84.73691544415044,85.53066494451096,22586109,85.38703288196713
2023-07-24,83.4248046875,85.13217227842783,83.42156419726015,84.5619720564751,28785111,83.992847054396
2023-07-25,85.72181701660156,86.49937155164173,85.09330278940412,85.10301684499265,52164852,85.7714971192158
2023-07-26,84.91187286376953,85.45291610170902,84.42914362091187,85.45291610170902,19759464,84.93131086213015
2023-07-27,84.76283264160156,86.10410631968102,84.49393129104017,85.69265306874756,33795207,85.12029008410758
2023-07-28,86.88185119628906,87.09336181744551,84.02483790997269,84.60404737145781,51992475,86.00001697456908
2023-07-31,88.50885009765625,89.99918854405354,87.81900327670762,87.85805219364312,64518048,88.77568063947247
2023-08-01,87.36994934082031,88.75615233618132,86.7191514558973,88.43074966981024,36101979,87.61508437763298
2023-08-02,87.20724487304688,88.50884054052764,86.67358632964499,88.0858193418599,26218053,87.46322391440651
2023-08-03,87.28208923339844,87.36343430887723,86.39699791085452,86.97295262399554,19850964,87.01417381771006
2023-08-04,87.30487060546875,87.88082535781334,86.76795732123298,87.52939256228068,26415945,87.3178844281717
2023-08-07,86.87859344482422,87.18446792613973,86.29287460983686,87.18446792613973,19261140,86.78531199360027
2023-08-08,85.67786407470703,86.7191511134183,85.42080259784814,86.29612988315229,27513564,85.9392725953245
2023-08-09,85.54769897460938,85.74294353678248,84.67888115443998,85.25484330307748,21749811,85.32317455527728
2023-08-10,85.48262023925781,86.18874046663268,84.84483374693092,85.58023879678086,18004830,85.50539815094048
2023-08-11,84.35999298095703,85.48262507553257,84.28189515139272,85.47937037864914,25837584,84.70817106929411
2023-08-14,79.98987579345703,83.62459029584492,79.23168780199946,82.9770471059698,75867105,80.94871796376714
2023-08-15,79.57335662841797,80.09074168285419,78.71429545321655,79.9898684293089,34506387,79.4594645881629
2023-08-16,79.46272277832031,79.88574399116374,78.81517217177304,79.16335025338186,23993808,79.3878796470857
2023-08-17,80.05169677734375,80.15907942961871,78.22619913648822,79.1926430069629,26050665,79.47899178115023
2023-08-18,78.1904067993164,79.90526713229406,78.09604293213366,79.90526713229406,29539950,78.73057228791471
2023-08-21,76.27704620361328,78.0569853824321,76.15989947095875,78.03095525778161,38363760,76.83131035233471
2023-08-22,76.31935119628906,77.60793548760448,75.1348948532838,77.43547380596011,33634767,76.35406051239245
2023-08-23,74.87132263183594,76.3193573835363,74.85180189836576,76.3193573835363,24371265,75.34749397124601
2023-08-24,76.4365005493164,77.1198379060655,75.17069164314742,75.17069164314742,32043177,76.24234336617644
2023-08-25,75.68807983398438,76.25102322629579,75.33013765717037,75.90935453380011,20032578,75.75641357248351
2023-08-28,76.6415023803711,80.69923783988138,76.22499056947203,80.69923783988138,40058208,77.85524359657484
2023-08-29,80.27947235107422,80.53654126330235,77.05801516923339,77.05801516923339,63967038,79.29134292786999
2023-08-30,81.28495788574219,81.82838053496393,80.64717882043868,81.13202437498182,45656205,81.25350574704827
2023-08-31,81.15480041503906,81.67218549370797,80.69923968050027,81.51599728496775,26620188,81.1754085297491
2023-09-01,81.0636978149414,82.804588369032,80.6992462186554,82.32625216574864,23331549,81.52251080087628
2023-09-04,82.14727783203125,82.32624892603779,80.9855967933811,81.87068817251729,28953480,81.81970785048338
2023-09-05,81.03440856933594,82.06592405715757,80.92377121764682,82.06592405715757,22371150,81.34136794804677
2023-09-06,81.49646759033203,82.09845987975926,81.12225938785292,81.35004347480103,19778568,81.57239561931475
2023-09-07,80.82940673828125,81.48671400178588,80.73503542406826,81.48671400178588,18273906,81.0170520547118
2023-09-08,79.41390991210938,80.37709163373725,78.97136796539101,80.37709163373725,20290320,79.58745650374588
2023-09-11,80.37709045410156,80.86194345244469,78.81191645551776,79.3000167028206,22954032,80.01698345402134
2023-09-12,81.99758911132812,82.44664045749188,80.40638494245532,80.92702472408133,35859720,81.61687150375845
2023-09-13,81.85441589355469,82.74276198274333,81.48020766302052,82.00084746788262,27443691,82.02579517977284
2023-09-14,79.2772445678711,80.35757306082782,78.7468406882243,80.30876005494143,45774075,79.46055277230774
2023-09-15,79.49200439453125,80.32177330263579,78.58739235821187,79.39764053399966,24676785,79.46705668512631
2023-09-18,80.49748992919922,81.74051594678602,79.49200463591657,79.5603383709605,28921566,80.57667017063393
2023-09-19,80.42916107177734,80.79035794909623,79.33255910005376,80.0484434608986,18719079,80.1840260403091
2023-09-20,79.39764404296875,80.13955106889011,79.39764404296875,79.72303924808554,16349130,79.64494638494254
2023-09-21,77.99191284179688,79.35534034847656,77.62420657823724,79.07224130684958,27889386,78.32381992283689
2023-09-22,79.73931884765625,79.93781068278221,77.60794657549626,77.93985119973375,29029188,79.0950253686449
2023-09-25,79.98336029052734,80.3673325784851,79.51152608653743,80.31851957537629,19436040,79.95407298518329
2023-09-26,77.60794067382812,79.72303929973289,77.54286163276261,79.72303929973289,35538789,78.2912805354412
2023-09-27,77.3899154663086,78.81842192026733,77.37690412766214,77.80642725936178,22720101,77.86174717141269
2023-09-28,77.02222442626953,77.9333459272241,76.8107138118401,77.70556182807591,25577304,77.25542805511124
2023-10-09,77.43547821044922,77.6111945987059,74.73139864937798,77.02222109032043,27537213,76.59269048617769
2023-10-10,77.41594696044922,78.1025464500603,77.11983659350388,77.432220443818,19180983,77.5461100013378
2023-10-11,77.6372299194336,78.90954833296911,77.44524748213763,78.73383193295656,23005119,77.99734191151344
2023-10-12,79.5440673828125,79.88574351656919,77.77063746491774,78.22619819544123,41802282,79.06681612143315
2023-10-13,78.21318817138672,78.99739881383161,78.03096238654904,78.71429976991674,19933569,78.41384979058911
2023-10-16,77.2857894897461,78.44747043335995,76.95713960130911,78.22619574472344,19806663,77.56346650813839
2023-10-17,77.44524383544922,78.09278700347852,76.95714357482206,77.28904817709545,14749077,77.49839147124993
2023-10-18,81.04741668701172,81.67543910610165,79.39764291146969,79.91828268005574,92358852,80.70683290152768
2023-10-19,78.29127502441406,80.68948004747979,78.20667525342887,80.35756801350188,44325984,79.06247677510758
2023-10-20,77.83572387695312,78.68176637774052,77.51358334131316,78.09604751097213,25697583,78.0103578653356
2023-10-23,77.65675354003906,78.09604079035729,76.85951666886118,78.09604079035729,22061049,77.53743699975252
2023-10-24,76.64800262451172,78.25873488314174,76.36165634673937,77.86825320713773,33233676,77.08946461813095
2023-10-25,77.25,78.09929714281417,76.86602769200333,77.43548048411112,25102719,77.4051082782725
2023-10-26,77.64373779296875,77.70556213950967,76.69682206965687,76.81396881664422,21959805,77.3487073340451
2023-10-27,78.73057556152344,79.23494187169067,77.28905017267427,77.44524583506096,30961668,78.41818920196279
2023-10-30,79.59288024902344,79.719783632775,77.67301876967834,77.93658962756814,35188641,78.99522755049226
2023-10-31,77.62096405029297,79.39439409154346,77.28254258979766,79.2349437284689,38161425,78.09930024387803
2023-11-01,76.85951232910156,77.44523856021213,76.60570557329329,77.44523856021213,28017126,76.97015215420232
2023-11-02,76.4039535522461,77.40619160551226,76.4039535522461,77.3996822120565,25624248,76.73803290333483
2023-11-03,77.65675354003906,77.8194511424127,76.42999350903102,76.63499472236745,27203826,77.3020660638276
2023-11-06,79.03970336914062,79.21216506547029,78.09604236076018,78.26199466330024,43064358,78.78263693179036
2023-11-07,78.41168212890625,79.49526532906644,78.26199586073098,79.07224410009745,28353879,78.72298110623456
2023-11-08,78.09603881835938,78.37588315606699,77.82921326764044,78.21318555780162,24038442,78.10037841402227
2023-11-09,77.86825561523438,78.3400898272779,77.5558717543343,78.09603970320538,21954822,77.9214057322822
2023-11-10,77.10682678222656,77.7706434723912,76.68380553921956,77.7706434723912,24570570,77.18709193127911
2023-11-13,77.15888977050781,77.50381315880564,76.50158251462975,77.40619459665287,20921538,77.05476181464773
2023-11-14,77.32483673095703,77.51031719971141,76.98967745636598,77.21745408565907,16564965,77.27494379567814
2023-11-15,77.65349578857422,78.09603771831364,77.54285844418473,78.06349819911891,23607501,77.76413065035753
2023-11-16,77.54286193847656,78.03096219621115,77.19142915708215,78.03096219621115,18507021,77.58841776392329
2023-11-17,77.041748046875,77.63723099697012,76.79444320461685,77.11984588081323,17838687,77.157807416154
2023-11-20,76.46903991699219,76.95714015593508,76.33237244591366,76.72935607225848,23031282,76.58618417294697
2023-11-21,76.20872497558594,77.01571855470563,76.0330085716823,76.69357057291239,24715902,76.41915070065795
2023-11-22,74.84203338623047,75.98093889727294,74.80298447377807,75.98093889727294,31671324,75.20865225242716
2023-11-23,74.46131896972656,75.25854839270662,73.90488497727254,75.00474162268817,31729182,74.54158411323523
2023-11-24,70.56303405761719,74.4515630372226,70.09120723534843,74.4515630372226,84197844,71.7019347767294
2023-11-27,67.97608947753906,68.98482944792657,66.7070333588288,68.98482944792657,64644261,67.88931742809814
2023-11-28,68.30474853515625,68.90998806400717,67.36108757797966,67.98260059042158,36663429,68.19194139238103
2023-11-29,65.72432708740234,68.30149582458426,65.5323372145385,68.29498643095857,65773890,66.51938670884171
2023-11-30,64.8034439086914,65.96837963238214,64.57566725817237,65.60067335723662,56172645,65.1158302664153
2023-12-01,64.12010955810547,65.34686968619958,62.74040845820317,65.23623232870212,58256955,64.06912923416941
2023-12-04,63.90534210205078,64.84900313460706,62.99747528843539,64.12010741569603,35283945,63.91727350836441
2023-12-05,63.889060974121094,65.0670153612732,63.65152025786469,64.103826262074,45711741,64.202532197753
2023-12-06,65.4672622680664,65.48353575314833,63.77843945970667,63.892324064003084,52904211,64.9097458269738
2023-12-07,64.90106201171875,65.47051480569583,64.20145113265629,65.46726010878679,30950772,64.85767598335696
2023-12-08,64.60820770263672,65.1971812428507,64.53336456776557,64.76439591851718,23310057,64.77958450441766
2023-12-11,64.81645965576172,64.94336303888714,63.335885429477706,64.02248494139548,30325905,64.36523604137552
2023-12-12,63.88582229614258,64.66677828241207,63.81748855424626,64.4878071851076,23939163,64.12336304426697
2023-12-13,62.4117546081543,63.71985973775151,62.38572075700472,63.71985973775151,35260476,62.83911170097017
2023-12-14,62.21000289916992,63.83700497845738,62.18722746934865,62.80223482880135,27749010,62.744745115658645
2023-12-15,62.89334487915039,63.25454175147016,62.177464252123166,62.82826583775958,30552402,62.77511696091457
2023-12-18,61.52015686035156,62.63953052064859,61.276106731767456,62.17095472063623,30153441,61.81193137092254
2023-12-19,61.17523193359375,61.39650663998851,60.576498029708596,61.34769735731069,23810916,61.04941220109695
2023-12-20,60.15998458862305,61.6080156129152,60.156729891749386,61.28261295591979,25477446,60.64157669776254
2023-12-21,61.72190475463867,61.81952704259568,59.499423420868915,59.65561535769061,39944829,61.013618406034425
2023-12-22,62.55818557739258,63.576682257254106,61.188248667970555,61.793491945464744,35399298,62.44103883420575
2023-12-25,62.535404205322266,63.192711476535784,61.89436669484713,62.802237218814604,16130958,62.54082745890173
2023-12-26,62.39548110961914,62.52889389049078,61.82603204434397,62.52889389049078,12414099,62.25013568148463
2023-12-27,62.2978630065918,62.96493436369414,62.05381287339919,62.802236757505405,18409206,62.43887008122837
2023-12-28,64.44549560546875,64.6439948603895,62.04079242433204,62.16119013202458,41633340,63.7100942967301
2023-12-29,64.42922973632812,65.01494851709471,64.1526401051934,64.74486827922308,24110187,64.53227278620541
2024-01-02,62.67206954956055,64.9563826080514,62.597233866187324,64.95312791123273,34178496,63.408562007933085
2024-01-03,62.857547760009766,63.085331842181645,62.05380897464289,62.639527767941445,25345788,62.66556285894476
2024-01-04,62.808738708496094,63.3391425868783,62.183974687208305,63.238269326251356,26961108,62.77728532752757
2024-01-05,62.69810485839844,64.26653351647779,62.19373113919282,62.629771123313134,33720564,63.05278983802302
2024-01-08,61.63079071044922,63.01699365838576,61.549441908594325,62.73714931131358,24323517,62.065742092476434
2024-01-09,62.75667953491211,63.77843839422883,61.89111633849541,62.151432512903256,33655953,62.808744755878784
2024-01-10,61.9203987121582,62.89985392001527,61.69587304149184,62.379214143990446,21424869,62.172041891221774
2024-01-11,64.03224182128906,64.65700954453123,61.438803340912,61.891113097204574,47958522,63.37601823557744
2024-01-12,63.73613357543945,64.51058758572195,63.54739839430996,64.03224396300688,26106792,63.93137318515712
2024-01-15,63.32612991333008,64.10383115763169,62.613500262319626,63.36192413072247,21065979,63.34782044442713
2024-01-16,63.5506477355957,63.957395440042575,62.8250067921526,63.09508702957513,25142580,63.44434998926363
2024-01-17,60.784751892089844,63.306601984232714,60.784751892089844,63.19270993792754,48238413,61.6253685894708
2024-01-18,61.98222351074219,62.15143050821336,60.16974464795814,60.410540080646214,34377495,61.434466222304565
2024-01-19,61.611270904541016,62.78921795833262,61.403014989530135,61.660080186388655,24271548,61.93450128413459
2024-01-22,60.309669494628906,62.24905555343009,60.05585898717256,61.458331758049454,39671919,60.871528011743855
2024-01-23,61.12641906738281,61.487615930624585,59.971251216091105,60.19902785523421,33217686,60.86176207136617
2024-01-24,61.403011322021484,61.777219517745365,59.89966169788604,61.59174276823876,28992363,61.02663084588429
2024-01-25,61.79349136352539,62.118890291302336,60.41379410045247,61.46158304210733,39230724,61.4420585850934
2024-01-26,60.478878021240234,61.50063313177176,60.36173127691727,61.50063313177176,34756392,60.78041414330975
2024-01-29,58.06440734863281,60.524433142587775,58.02210373660058,60.49189362129045,43812756,58.87031474260706
2024-01-30,55.959068298339844,57.10122112116127,55.415649362492516,56.320261448645404,57228354,56.15864626066454
2024-01-31,55.555572509765625,57.0361430785681,55.422159727095455,55.67271553171771,37610523,56.004625105143056
2024-02-01,55.607635498046875,56.294227580717354,54.784372214306345,55.318027059388044,34995222,55.56207843102353
2024-02-02,54.341827392578125,55.92978061314241,53.04348261522673,55.63041552699243,44397513,54.438363540315756
2024-02-05,54.66722869873047,55.89723970593175,52.965383471661745,53.691028186253135,55864860,54.50995062544132
2024-02-06,57.22813034057617,57.30622817266047,53.85372827811087,54.016429612346755,52856925,56.129362263782504
2024-02-07,58.42885208129883,59.548229428932416,57.3029690640988,57.67717726294974,48028110,58.42668352477668
2024-02-08,58.9527473449707,59.66211856324636,58.79981011138296,59.05687529855079,35773698,59.13822533986667
2024-02-19,59.71092987060547,60.312922182867325,59.170769351489525,59.834582285168835,35906121,59.73154046832078
2024-02-20,58.25313949584961,59.76950429448815,57.59583222048243,59.71093092111412,34007208,58.53949200360673
2024-02-21,59.54823303222656,60.39427176371243,57.485194596876084,57.628371470731864,44307894,59.14256646427169
2024-02-22,59.54497528076172,59.75648588376053,58.98203190502085,59.51569045766966,24271839,59.427831023181035
2024-02-23,59.4441032409668,59.87037915245622,58.84211093951022,59.54497649937883,27352470,59.38553111097775
2024-02-26,60.52443313598633,61.86833621931264,60.37800156625482,60.52443313598633,46638228,60.92359030718459
2024-02-27,63.03001022338867,63.1048533528019,60.91491165846364,60.9962604574502,61902795,62.349925078218064
2024-02-28,61.17523193359375,63.9476453661726,61.17523193359375,63.77843836332566,50487459,62.09936974445336
2024-02-29,62.21651077270508,62.349923547204995,60.5862540364424,60.853083309351526,36708867,61.71756278545083
2024-03-01,62.535404205322266,62.79572782495544,61.42579088254456,62.118892372164424,36647484,62.25230763760742
2024-03-04,61.5884895324707,62.37921327600479,61.20777193429445,61.826030263255035,38059530,61.72515824758998
2024-03-05,62.09286117553711,62.36294143349019,60.36173110584637,61.012532695905854,44887329,61.60584457162455
2024-03-06,62.36294174194336,62.79572705443874,61.500633261661214,61.82603219634568,30030120,62.21976735268111
2024-03-07,61.464839935302734,63.11462123479379,61.43555511069008,62.49635542971483,30398064,62.00500542692887
2024-03-08,61.20451736450195,61.87483967173144,60.93117869239312,61.27285110155182,20144904,61.336845242875505
2024-03-11,64.67002868652344,65.04749159040927,61.175229095087204,61.175229095087204,83424138,63.63091645733997
2024-03-12,66.73957824707031,67.24719924583268,64.35439187271929,65.40543553611914,73508676,66.11372312187409
2024-03-13,67.14958190917969,68.46419646276243,66.97712020954361,67.33180769968736,53343873,67.53029952716192
2024-03-14,69.01087188720703,70.07818157666316,67.81990606032346,67.81990606032346,63405657,68.96965317473122
2024-03-15,68.16157531738281,68.78308836307485,67.09101092219694,68.33403701358102,43988406,68.01189153421821
2024-03-18,70.9469985961914,71.01858703073607,68.8579301027279,68.9360279309255,59094546,70.27450524321846
2024-03-19,70.5467529296875,71.53922692448143,69.76254229303927,70.94699871400071,44091804,70.6161740490694
2024-03-20,71.09342956542969,71.84184597722201,70.61508595759817,70.61508595759817,29041569,71.18345383341662
2024-03-21,71.24636840820312,71.52295807428186,70.611843993435,71.2366117648942,26600127,71.12705682530667
2024-03-22,70.59556579589844,71.25287304608987,70.02611301653879,71.24636365243889,31401483,70.62485061950903
2024-03-25,69.70072174072266,70.8689047410761,69.26142701834733,70.40684203527671,29732820,69.94368450004869
2024-03-26,71.45787811279297,71.58478895237472,70.04889967194337,70.28644041828261,39403881,71.0305222457037
2024-03-27,68.97833251953125,71.49041481439656,68.33729129636978,71.46112999036208,56654694,69.60201287676587
2024-03-28,67.806884765625,68.93277150920798,67.0356854890636,68.28522091768306,47830593,67.92511392129886
2024-03-29,66.07575988769531,67.85244450936001,65.46400349958998,67.82315968585314,30703482,66.46406929888177
2024-04-01,68.98809051513672,69.303729087598,66.07576237384119,66.07576237384119,42872781,68.1225273255253
2024-04-02,69.09546661376953,70.70945354139823,68.91975023497271,68.9880839685149,32275437,69.57489013004682
2024-04-03,67.73529815673828,68.69523263126563,67.53680633685879,68.4967333635673,25090137,67.98911237495423
2024-04-08,68.98483276367188,69.96103326243997,67.15934259757955,67.35783441499798,38468154,68.70173620789713
2024-04-09,69.01087188720703,69.95778013610108,68.77332370294826,68.90348923410646,25262538,69.24732524208547
2024-04-10,68.93277740478516,69.798340617525,68.33403976540909,69.73326157269575,21723255,69.02171926257309
2024-04-11,69.30372619628906,70.10421030941448,67.61815074885915,68.00863243892933,30256185,69.0086957515209
2024-04-12,68.5292739868164,70.67366491709961,68.18435059519202,68.98483472907519,34475367,69.12909649970267
2024-04-15,69.5119857788086,70.12374219674516,68.03792085859301,68.33403870055287,33999576,69.22454961138226
2024-04-16,68.86444091796875,70.0749274887447,68.56506838630419,69.11500044404745,29496912,69.16814559767255
2024-04-17,69.31023406982422,69.36880371531366,68.2038755120716,68.65943623252596,29076486,68.96097109906982
2024-04-18,69.5054702758789,70.44913122389602,68.13879558024314,68.98483052329897,40199268,69.36446569333935
2024-04-19,68.3763427734375,69.26793610665034,67.37735933504226,69.04666884575401,33531129,68.34054607171004
2024-04-22,67.8654556274414,68.8318994869284,67.71577681358133,68.33403514547923,19408434,68.13771064265039
2024-04-23,66.72004699707031,67.86545447436758,66.37837831671182,67.86219977761954,26189982,66.98795992938324
2024-04-24,67.4945068359375,67.94355820454531,66.54433639404742,67.32204513239842,22493676,67.32746714484341
2024-04-25,67.9891128540039,68.82539119823892,67.23418703552103,67.48799380770646,28405152,68.01623036258796
2024-04-26,71.38304138183594,71.50994477174355,68.33403829672775,68.33403829672775,76036134,70.40900815010241
2024-04-29,72.03709411621094,73.34519927718655,71.17478561716885,71.93947555085471,57502779,72.1856930035221
2024-04-30,71.09993743896484,73.01328948592862,71.09993743896484,72.72693575627531,34667898,71.73772145461943
2024-05-06,73.6380615234375,74.31814422349971,72.72694002891416,73.21504029756458,56033661,73.56104859195045
2024-05-07,74.80298614501953,75.4895856532379,72.90265286606305,73.63805793007343,43257144,74.39840822144016
2024-05-08,73.61528778076172,74.47759628906458,73.54044464550576,74.36695893467834,27339534,73.87777623844401
2024-05-09,74.24005126953125,74.32139634627622,73.58924596865882,73.63805897296082,23702205,74.0502311948221
2024-05-10,74.12615966796875,74.68584835720011,73.54044085193608,73.86583605649932,24183990,74.11748295903499
2024-05-13,73.44281768798828,73.98298566499999,72.427575673037,73.28012007940362,24744348,73.28445967534175
2024-05-14,73.18575286865234,74.05131602330121,72.92542925898731,73.4460690304986,18785559,73.38749938364695
2024-05-15,71.30819702148438,73.54044243273849,71.03485461682921,73.05234216758274,29920053,71.96116469035069
2024-05-16,71.0381088256836,71.57502209279383,70.48492952201671,71.31145122846085,26147166,71.03268681349805
2024-05-17,71.45462036132812,71.69542324219402,70.82659792772505,71.38954131972828,21445998,71.3255471770824
2024-05-20,72.52193450927734,72.88963331351154,71.09342800634585,71.09342800634585,22787571,72.1683319430449
2024-05-21,71.19104766845703,72.23558189970971,70.74850572826007,72.23232720293149,25224129,71.3917117654756
2024-05-22,70.58580017089844,71.42533318597191,70.01310015498251,70.99906473274437,26519451,70.67474450395095
2024-05-23,69.94476318359375,70.2376188476063,69.47618369422801,70.2376188476063,18686169,69.88618857514268
2024-05-24,68.10624694824219,69.6356340973608,67.94354935698205,69.62912470414675,30862656,68.56181013419501
2024-05-27,67.79712677001953,68.59435624438954,67.22768140136628,68.33404006393532,22813653,67.87305480525845
2024-05-28,67.48149108886719,67.97935548755486,67.22117489722163,67.94356126642163,18283938,67.56067382454789
2024-05-29,73.11741638183594,73.54043757674735,68.65618055080763,68.6594352474902,90794331,71.77134483646364
2024-05-30,74.14568328857422,74.64029295615455,72.85709886399341,73.02630586651951,67137543,73.88102503624073
2024-05-31,74.52313995361328,75.36267294968198,73.86257803591022,74.45155152226702,55628952,74.58279697973516
2024-06-03,77.15237426757812,78.25223083463482,73.53718092260424,74.51988330784408,81043767,76.31392867493906
2024-06-04,77.49404907226562,78.03096233586211,76.77817216862252,77.08730133936514,47228748,77.43439452558341
2024-06-05,78.35310363769531,80.14605416524996,77.60142513251749,77.60142513251749,58330185,78.70019431182092
2024-06-06,77.60794067382812,79.33255760552092,77.28253802068168,78.48652262385033,52759626,78.07434543334358
2024-06-07,76.63174438476562,78.54835129624743,75.53514237327585,77.78040665284891,54778194,76.90507935142963
2024-06-11,79.60264587402344,80.04844252196472,76.2510231005897,76.34864166288199,66479079,78.63403716552595
2024-06-12,79.03970336914062,80.55280972118896,78.6264462373284,78.6264462373284,56199591,79.40631977588599
2024-06-13,82.32299041748047,84.04435264157055,80.73503352370327,80.95956291701177,87755784,82.36745886091809
2024-06-14,82.34251403808594,82.62886778527977,80.22090595738284,81.83163833752901,60782928,81.73076259358284
2024-06-17,83.69617462158203,84.561745227299,81.633143708622,82.00084252295582,62594640,83.29702118583434
2024-06-18,83.18529510498047,83.72545558663722,82.32624138030607,83.17227631831175,38636733,83.07899735730793
2024-06-19,82.6516342163086,83.95323727685034,82.45965180532008,83.3024394704886,29732433,83.02150776615967
2024-06-20,81.83814239501953,82.57679469770368,81.1222580737152,82.28719372028381,34859982,81.84573172214614
2024-06-21,81.56805419921875,82.77203875114411,80.63741203508111,81.99758478935237,34899036,81.65916832848133
2024-06-24,81.33051300048828,82.64513488897218,80.62764747448706,81.35004118055414,32526906,81.53443178798251
2024-06-25,82.65489196777344,84.19403580041515,81.46718089998862,82.00083944066364,58723929,82.77203622272573
2024-06-26,82.2351303100586,82.74926070083718,81.14829243236385,82.00084426896515,33575028,82.04422781441987
2024-06-27,81.18733978271484,82.11798943102013,80.83590700393725,81.6819494304625,24873252,81.3804120725574
2024-06-28,81.43138885498047,82.0431452370028,80.33479436978071,80.69923848331386,27894621,81.26977615392133
2024-07-01,80.30876159667969,81.95203352214806,78.90954725750956,81.4313937232473,38781996,80.39011412544578
2024-07-02,79.38787841796875,80.60161963957712,79.0885058976653,80.33153939020495,30788211,79.69266798507039
2024-07-03,79.10478210449219,79.84669658943028,78.09604205776729,79.3846264538077,28972209,79.01584025056326
2024-07-04,79.60264587402344,81.2491724368345,79.56034226268444,79.7230398665049,29758902,80.13738685784746
2024-07-05,78.75659942626953,79.56033820948831,77.73158595487264,79.12755292320954,28699434,78.68284119687682
2024-07-08,79.71977996826172,80.7708235503491,78.48000866762008,78.6817551727581,31612398,79.65687072874364
2024-07-09,82.19608306884766,82.49220090899446,78.5873987214422,79.7881212233358,42228765,81.09189423309478
2024-07-10,82.16353607177734,83.47490325511588,81.83814088429901,82.16028137512072,32784768,82.49219340373075
2024-07-11,82.34577178955078,83.38705141086349,81.89672041834838,82.97704895643774,30107835,82.54318120625422
2024-07-12,85.45658874511719,85.90564006078765,81.96504402454227,82.4954478607552,56658966,84.4424242768157
2024-07-15,85.16047668457031,86.16596202972386,84.8025419552087,85.35246656062856,29614656,85.37632688983429
2024-07-16,84.27539825439453,85.31993258198392,83.41633697335843,84.80254746380685,35276304,84.33722260324562
2024-07-17,84.4446029663086,85.09865555270994,83.50419662735129,84.27865065892064,31557513,84.34915171545661
2024-07-18,85.06936645507812,85.54770261909782,83.79379342060048,83.92070425337425,28596612,84.80362083159214
2024-07-19,85.92516326904297,86.55644037605516,84.5194396375092,84.76674445509225,40864137,85.66701442753578
2024-07-22,86.4295425415039,87.89058866358582,85.93818757154345,85.93818757154345,30224865,86.75277292554439
2024-07-23,82.40108489990234,86.36445640807412,82.32624177183814,86.22778893867637,50223147,83.69726102660486
2024-07-24,81.34678649902344,83.02585248971269,80.85868626674487,82.4010847882216,35592015,81.74377508516034
2024-07-25,81.47694396972656,82.82735261624914,80.53653772779634,81.3402765015291,30331260,81.61361143792402
2024-07-26,82.96076965332031,83.83284220599046,81.72425298265809,82.31648119123666,37452495,82.83928828065628
2024-07-29,82.05418395996094,83.33885706567187,81.22409305923219,83.31579395881148,23657796,82.20571136162167
2024-07-30,80.3445816040039,81.62595998636371,79.59025440045548,81.55678574430159,33118017,80.52026533027437
2024-07-31,81.37890625,81.69842715615113,79.90318409227031,79.91636301024936,26247009,80.99350583280714
2024-08-01,80.44010925292969,81.93559219883052,79.05661694844656,81.69183500025261,31090464,80.47743946673559
2024-08-02,77.33714294433594,79.80107293416958,77.27784535074818,79.71213031350146,43701351,78.1386870764179
2024-08-05,76.15129089355469,77.95971298267325,75.76589045350349,76.03929270237036,31580505,76.62563144324382
2024-08-06,75.4134292602539,77.28443612196159,74.43840038252644,77.08020811911693,38730453,75.71208858824731
2024-08-07,75.41671752929688,76.09199380424509,74.59979804847308,75.44636255434094,24606558,75.36950312733835
2024-08-08,74.59320831298828,75.03790630527907,73.62147425177771,75.03790630527907,25607223,74.41752962334836
2024-08-09,76.29622650146484,77.6994797293397,75.1169696490865,75.12355156883771,35955654,76.37089195996369
2024-08-12,75.89435577392578,76.91220851736884,75.59789044269361,76.42468657765403,16133703,76.13481824466275
2024-08-13,75.34425354003906,75.89106556278479,74.44498838343536,75.88118137397484,18130950,75.2267691620864
2024-08-14,74.64262390136719,75.30142654624785,74.1814597881227,75.30142654624785,16898955,74.70850341191259
2024-08-15,76.25340270996094,76.58610254428734,74.076053891653,74.6327425625005,26563614,75.63851971530043
2024-08-16,77.44584655761719,78.50322858234435,75.92730039885161,76.45763877602444,30665574,77.29212517960438
2024-08-19,77.54795837402344,78.72063328409843,77.41289708174894,77.49195551151283,21054726,77.89382957995694
2024-08-20,77.89712524414062,78.17711694177267,76.89244383068899,77.73900838271565,18745266,77.6555620055341
2024-08-21,79.38602447509766,80.0876510673746,76.42140124830264,77.29761080627698,33313014,78.63169226359163
2024-08-22,79.2279052734375,79.96906105820902,78.93144748318481,79.38602212644682,18746535,79.37613793827711
2024-08-23,78.8392105102539,79.48484176403706,78.44722064470174,78.99073790519672,14935806,78.92375763966423
2024-08-26,78.86226654052734,80.04482560295037,78.30228316913806,78.89191910535048,16954026,79.06979177087193
2024-08-27,79.32013702392578,79.47825388081397,77.90371246800714,78.23640475028374,15277938,78.90070112424895
2024-08-28,78.01899719238281,79.14884812978403,76.68491826605653,79.14555340034072,26712210,77.95092119607445
2024-08-29,77.36019897460938,77.90371627242169,76.1908187564753,76.85950562258114,23815461,77.15157800116879
2024-08-30,82.15959167480469,82.9402767014939,78.15405254480174,78.39122783302437,57908376,81.08464030703344
2024-09-02,79.4189682006836,82.48900030626483,79.3860284435899,81.69843105716173,30340446,80.43133231684611
2024-09-03,81.3887939453125,81.51066878416293,79.1883819924603,79.1883819924603,30545970,80.69594824064524
2024-09-04,82.4560546875,82.97650884412393,80.84856600577808,80.86833438228528,30181788,82.09370984580067
2024-09-05,83.28944396972656,84.19529857463439,82.21888304434319,82.35064960860902,30037665,83.23454186290138
2024-09-06,82.87769317626953,84.03059972147439,82.81839558360137,83.29273862781206,23442456,83.24222949378176
2024-09-09,82.34406280517578,83.6550862550003,81.88289866393961,82.17936401881542,21255378,82.6273492413719
2024-09-10,82.23535919189453,83.27297285318191,81.89607743079303,82.35065211184663,18374487,82.46813649195649
2024-09-11,85.01880645751953,85.84231543094994,82.16618138591538,82.35064854195667,46608444,84.34243442479494
2024-09-12,84.65975952148438,85.64467258139165,84.65646479183933,85.21644820066203,23175324,84.98696563157178
2024-09-13,83.9943618774414,84.98586433165723,83.94824320486053,84.72233875331501,17097483,84.30948980465305
2024-09-18,85.12751007080078,85.4239754128233,83.70119376264857,84.00424856372524,20045943,84.75089308209088
2024-09-19,84.11624908447266,85.44044389289934,83.4376780321666,85.31856151529438,27312969,84.33145700317954
2024-09-20,84.36000061035156,85.24938152226821,83.29932392753238,84.12282533037569,26969379,84.30290202005072
2024-09-23,82.35064697265625,84.64328861283205,81.95206764190704,84.31058879239356,32274819,82.98200107579845
2024-09-24,83.76378631591797,84.16235811667504,81.2833827350447,83.33885667887137,46948362,83.06984238921257
2024-09-25,86.56700134277344,88.82670336861752,84.87387218822214,84.9858703785007,61713102,86.7558589665377
2024-09-26,88.81023406982422,88.83987909630405,86.3364199412685,86.96228284517066,44719923,87.99551103579893
2024-09-27,93.54703521728516,96.18226087624281,89.43280022134621,89.92690408997242,92976720,93.05403210495807
2024-09-30,101.22871398925781,101.48235539679926,95.5267508020543,95.5267508020543,116641377,99.41260672937045
2024-10-08,107.83981323242188,111.3512484549946,101.22870857802542,111.3512484549946,133031817,106.80659008848063
2024-10-09,100.69507598876953,105.64270417251099,98.98547327265867,103.76181321972476,97775574,101.77441781131306
2024-10-10,104.05498504638672,106.06763504485666,102.10821455976031,102.11480401883003,75050061,104.0769448836679
2024-10-11,98.83724212646484,103.43899917828871,97.50645788765223,103.43899917828871,55925547,99.9275663974686
2024-10-14,101.12659454345703,102.10821282420922,98.88665348171541,99.14688433455834,51709446,100.70715361646056
2024-10-15,98.16197204589844,101.58116994569745,98.16197204589844,100.63249141333357,36644706,99.30170467916479
2024-10-16,95.45757293701172,97.4965807695367,94.5385394228858,96.51495493374352,45096561,95.8308977098114
2024-10-17,95.33570098876953,98.11256245298974,95.23688171811983,96.35355380137294,30736962,96.2283817199597
2024-10-18,98.91959381103516,100.86306954636967,94.89429385915814,95.34557378783308,57327726,98.22565240552099
2024-10-21,100.94542694091797,101.65364302416651,99.1172440430167,99.80898647808408,47344806,100.57210466936705
2024-10-22,100.38543701171875,102.1543297401,99.80897999366266,100.46778262899348,31119798,100.78291558182714
2024-10-23,101.7458724975586,102.7077299836109,99.70357741665198,100.38544319997163,38008500,101.38572663260716
2024-10-24,100.0329818725586,102.1049219671657,99.67063701040887,101.74587183461978,29065542,100.6028469500444
2024-10-25,101.50211334228516,102.70772802158825,100.1383893411241,100.1383893411241,41946111,101.44941023499916
2024-10-28,100.50072479248047,101.78539787856315,99.39723167125368,101.78539787856315,32797317,100.5611181140991
2024-10-29,100.59955596923828,102.20703722200291,100.07250477813203,101.78540230065958,35563683,100.95969932312441
2024-10-30,100.64895629882812,101.29458756390714,99.31487736450372,99.80898123198881,32534460,100.41947374241299
2024-10-31,96.57754516601562,99.8056864095501,96.51495284570252,99.48287077731132,72255597,97.63272814042274
2024-11-01,95.62886047363281,97.37140295096897,95.55968623283758,96.58083373665754,42912258,96.18664988581311
2024-11-04,101.12001037597656,101.75905221863472,97.3747019417577,97.50316624044875,65195667,100.08458817878966
2024-11-05,101.29129791259766,101.6009346428083,98.98547723559129,100.15815218215036,50345994,100.62590326366575
2024-11-06,98.93936157226562,102.03244908206086,98.16197128296997,101.45599205433072,55458360,99.71126064576549
2024-11-07,99.40711212158203,99.4400518784263,96.8443628498482,97.18364460717225,45202776,98.56384228328551
2024-11-08,98.12903594970703,101.29788730143176,97.83257059878837,101.16612827410216,50014716,99.08649794997571
2024-11-11,98.58690643310547,98.64619648816665,96.38319973373005,97.17376898520583,54257790,97.87210088500073
2024-11-12,99.08758544921875,102.11480094948277,98.5934815858171,98.87018608244038,73967238,99.93195599483954
2024-11-13,99.00853729248047,99.25888396052366,97.27258426381167,98.16197275035636,43534737,98.51333517227192
2024-11-14,97.09141540527344,98.91959830959928,96.84436345767732,98.82077903844625,37374870,97.61845905751669
2024-11-15,95.52674865722656,97.4339899563086,94.87453544904814,97.10459239235058,45970782,95.94509135419442
2024-11-18,95.0919418334961,96.49848978018912,94.42654217128018,95.53004285294001,34861785,95.33899126165512
2024-11-19,94.8646469116211,96.01426622147316,92.89811564905956,95.09193800581716,39584007,94.5923429273846
2024-11-20,95.01947021484375,95.658512022746,94.04443385562999,94.8712375463071,31805079,94.90747203107325
2024-11-21,94.20914459228516,95.02935132307955,93.5503343766358,95.02276940325325,28659882,94.26294343066684
2024-11-22,91.7353286743164,94.16302414297802,91.5739170833581,94.04443649693275,37542534,92.49075663355084
2024-11-25,93.22093200683594,95.3159275758781,92.52588734051886,93.22093200683594,52359945,93.68758230774431
2024-11-26,92.56542205810547,94.20914534124259,91.53439032014207,92.23272975743629,28561935,92.76965257316338
2024-11-27,92.56212615966797,92.56212615966797,91.24452081338596,91.99555329736151,33000843,92.12292437757397
2024-11-28,90.44735717773438,92.74658825814112,89.92690301896799,92.62800061688955,47576766,91.04028281828117
2024-11-29,90.52971649169922,91.53439039324196,89.61397767257377,89.92690913500272,38401380,90.55936151917165
2024-12-02,93.02328491210938,93.5503285280227,90.28265810936003,91.11604370655927,45407163,92.2854238498307
2024-12-03,93.10564422607422,94.169615716526,92.42377844000086,93.81386030982921,27434913,93.23301279420036
2024-12-04,92.22613525390625,93.32963590502371,91.83744010982464,92.67412044964254,25503858,92.46440375625154
2024-12-05,90.67135620117188,91.68591425242866,90.35842475084999,91.30710329039974,27080313,90.90523173481684
2024-12-06,92.32495880126953,92.88494220676516,90.25960061287412,90.80641263929498,37409520,91.82316720696961
2024-12-09,92.39412689208984,93.54703338313745,91.46850395407506,91.97908146004389,27645804,92.46988807643412
2024-12-10,93.07270050048828,96.84435905715104,92.8915280752265,96.51495396218174,52778745,94.26952921095528
2024-12-11,92.48635864257812,93.50751367599518,92.03507871699956,92.90141162278104,28007964,92.67631701185762
2024-12-12,93.4449234008789,93.4449234008789,91.70568317114706,92.26566656339064,30040185,92.86517665763495
2024-12-13,91.0831069946289,92.76635943179056,91.05346196827882,92.67082735425193,33707589,91.63430946489943
2024-12-16,90.56924438476562,91.6332158651339,90.11796444110789,91.08640384171662,21447078,90.77347489700247
2024-12-17,93.15504455566406,94.09714115120828,90.24971895953776,90.5593556723199,52704621,92.50063488880336
2024-12-18,93.76444244384766,94.49900879033738,93.09905033762318,93.30327832893708,25231914,93.78750052393609
2024-12-19,94.0114974975586,94.51878030261588,92.2327280291209,92.82894591485794,26018556,93.58766860976512
2024-12-20,92.2986068725586,94.45619483405609,92.2986068725586,93.88303252018774,29012133,93.01780285972443
2024-12-23,92.46330261230469,93.31645659590917,91.86379002104569,92.39742310198085,24454788,92.5478497430865
2024-12-24,95.00629425048828,95.03593927723186,91.94614640591892,92.19649307759256,42686214,93.99612664454635
2024-12-25,94.18278503417969,95.97474094699564,94.1103160625711,95.10840801725901,25017309,94.75594734791548
2024-12-26,93.8336181640625,94.47265998393796,93.5503317395698,94.18278410037765,20281365,93.95220329585675
2024-12-27,94.3013687133789,94.71970887760004,93.22093118325995,94.47265694649549,23604957,94.08066959141297
2024-12-30,93.8764419555664,95.36204831696476,93.3296374846751,94.60441885338761,24884043,94.18937591906877
2024-12-31,93.10893249511719,94.37383716919183,92.89152559061813,93.87973330966726,23285928,93.45809841830904
2025-01-02,89.30104064941406,93.24728211514194,88.74763919315593,93.22093181896584,50635212,90.43198731923731
2025-01-03,89.17916107177734,90.45065526008344,88.35894681975938,89.43280247141323,29809428,89.32958771720672
2025-01-06,89.36033630371094,90.22007979791861,88.61918045887136,89.57774322450555,24734049,89.39986552016698
2025-01-07,90.26618957519531,91.48498318938668,88.11519104666066,89.3603349582836,28716654,89.95545460374755
2025-01-08,88.66859436035156,90.25302005997818,87.55850418199672,89.92361494728648,32724741,88.82670620077549
2025-01-09,88.73776245117188,89.49867908601718,87.83848979783716,88.60929062102312,19683864,88.69164377834208
2025-01-10,87.62767791748047,89.06716566074088,87.21922191323345,88.60929625107752,24164463,87.97135516381827
2025-01-13,87.62108612060547,88.43471091716447,86.37265503357654,86.63287835405944,20164125,87.47615069044882
2025-01-14,91.01393127441406,91.29392296456504,87.62437842730728,87.73308188177577,37736919,89.97741088876212
2025-01-15,90.48359680175781,91.346635015576,90.42101201785893,90.98099542218436,18700749,90.7504146117309
2025-01-16,89.84784698486328,90.70100098409095,89.11328063004615,90.50664963959258,21771525,89.88737619966679
2025-01-17,91.11275482177734,91.96920357986038,89.75562025102894,90.09819673849132,25842459,90.94585955088888
2025-01-20,93.69197845458984,94.35078867629848,91.87697446380196,91.9033247616307,40739127,93.30658053156343
2025-01-21,94.2256088256836,94.68018349256685,93.22093495292563,93.87973761603621,22932432,94.04224242372537
2025-01-22,93.05622863769531,94.30796199104387,92.16684014181963,93.87973762119901,24317067,93.17701025685294
2025-01-23,91.28075408935547,93.8797378005886,91.24451960353895,93.87314834145343,28852176,92.135003831161
2025-01-24,91.92967224121094,92.39742582561037,90.91511418134924,91.08310769156971,20443101,91.7474040827235
2025-01-27,90.42101287841797,92.27225889147087,90.42101287841797,91.9329695923717,19022304,91.03809488276893
2025-02-05,93.15504455566406,94.45619126620558,92.7597674956494,93.1319889889912,43605270,93.45700110583967
2025-02-06,102.4705581665039,102.4705581665039,93.03976065000671,93.15834075411033,114437604,99.32695899433817
2025-02-07,107.68170928955078,108.70285683598765,103.43241277928225,105.40882835811838,146122578,106.60565963494021
2025-02-10,108.74567413330078,109.36165282949068,105.92928361353697,107.68499743540501,81813420,108.01220352544281
2025-02-11,108.66991424560547,112.09570166222896,107.38853586664526,111.76629656120252,84109068,109.38471725815991
2025-02-12,113.66035461425781,114.28293030696133,106.28174396251697,107.87934092420296,83807166,111.40834296124537
2025-02-13,112.42510223388672,114.08858635249649,111.8321790677058,112.39216247684485,59951955,112.78195588469634
2025-02-14,117.2837905883789,118.45317076234831,112.49756643704431,112.49756643704431,73093383,116.07817592925717
2025-02-17,114.79679870605469,118.18964634705831,113.47919338835996,117.28379174871483,69604527,115.48854614715765
2025-02-18,117.33979034423828,119.73125891521492,114.90880009653578,115.75206993599288,75539214,117.32661645199634
2025-02-19,118.09082794189453,118.5849318244966,116.27911119254463,116.45039943273073,48575346,117.65162365297859
2025-02-20,119.50067138671875,121.10815261058247,117.99200943212561,119.73125722111043,47081151,119.53361114314227
2025-02-21,126.16118621826172,127.31409274052395,120.30770345000502,120.56134484515367,71787735,124.5943274695969
2025-02-24,123.94760131835938,128.02560180528909,123.02527309715347,126.81998716670462,59822241,124.99949207360065
2025-02-25,122.69916534423828,125.17297945470371,121.48696876041379,121.87895863972915,48330756,123.11970451978526
2025-02-26,122.5707015991211,123.78948764744179,120.23194123084747,122.69916589331142,41558688,122.19737682580346
2025-02-27,123.69066619873047,126.48729591062644,122.2116493191445,125.83178799366256,50533842,124.12987047616714
2025-02-28,119.18444061279297,123.45020299053722,118.25881766013167,122.24129361988395,71791287,120.29782042115396
2025-03-03,118.65410614013672,121.8789602973074,117.85695499200702,121.54955519555924,45623466,119.46334047648372
2025-03-04,113.5911865234375,114.632102437435,111.34795818101834,112.00676085429805,79035990,113.1904157139636
2025-03-05,116.5953369140625,117.00050571511647,114.30269520944587,114.30269520944587,41720658,115.96617927954162
2025-03-06,118.23246765136719,119.29973381561946,117.59672057406853,118.64421836152351,34380297,118.37630734701838
2025-03-07,117.39908599853516,118.91433740870332,117.01697276184568,118.22258744659652,26275239,117.77679872302805
2025-03-10,115.62030792236328,117.72518773701262,114.96150526215877,117.2343785865491,29752980,116.10233364051156
2025-03-11,115.41607666015625,115.8739460416208,113.60435997159135,113.64388918560451,28610991,114.96479422445613
2025-03-12,115.62030792236328,118.54540198729184,115.62030792236328,116.75674835427188,38853168,116.59533927733946
2025-03-13,116.7732162475586,117.71531288718126,115.66313363505401,115.90689084923852,30663255,116.71722092326462
2025-03-14,123.83560943603516,124.24407297505688,117.14215134196837,117.59672601679786,67409154,121.74061125102014
2025-03-17,125.25533294677734,126.16118754238887,123.84219555554432,125.9371987103468,39920661,125.08623868157018
2025-03-18,126.67835235595703,128.46700594924926,125.17627237200992,127.98936818815396,52001634,126.7738768924054
2025-03-19,130.79588317871094,131.4316378387863,126.00967383940447,126.66518179877063,56505450,129.41239828563388
2025-03-20,131.7577362060547,132.88099012709438,130.440130948116,131.76102339601854,47823852,131.69295242708836
2025-03-21,122.53776550292969,129.55733400750756,121.87896282519608,129.45850719733448,84632028,124.65802077854444
2025-03-24,123.6445541381836,124.67887300364224,121.17403480826052,124.18476913765763,44368215,123.16582065002878
2025-03-25,121.743896484375,125.0412195449166,121.54296322157388,124.50758645768533,36925608,122.77602641695516
2025-03-26,123.8586654663086,124.84358606144744,121.22015248890585,121.74390140882919,36061452,123.30746800555396
2025-03-27,127.31409454345703,128.8886435297174,123.8850199541409,123.88831468368284,43318311,126.69591934243844
2025-03-28,125.99649047851562,128.73052795022434,125.667085375887,127.31409581017625,34481946,126.79803460154233
2025-03-31,123.49302673339844,126.2534219396058,123.19656139805537,125.17297686187138,34735173,124.31433669035319
2025-04-01,120.39664459228516,124.47135035450482,120.02112082869307,124.43841059938248,46221597,121.62970525849435
2025-04-02,118.74962615966797,120.45263938793185,118.21599308170528,120.23193775197767,35130123,119.13941954310171
2025-04-03,117.76471710205078,119.08891942266544,116.69415618085719,117.1026197114569,30306966,117.84926423519114
2025-04-07,105.98857879638672,111.23925440842751,105.98857879638672,109.80306141816826,82049520,107.73880400040032
2025-04-08,107.88263702392578,110.63973751961744,104.75002030172344,105.9885747045683,82393053,107.75746494842222
2025-04-09,106.92407989501953,108.04405425294287,103.32041468217551,105.34294893842007,63581568,106.0961829433793
2025-04-10,110.81102752685547,114.3224628006115,110.0204658469156,110.18516462618915,63268734,111.71798539146086
2025-04-11,116.93132781982422,117.77789234168596,110.8110248265013,111.00867089623996,56983479,115.17341499600383
2025-04-14,118.25552368164062,119.80371480205359,117.13555692039324,119.63901602523096,42620751,118.39826513469582
2025-04-15,118.5750503540039,120.23194500954251,117.7054302148829,120.10018598167538,34954671,118.83747519280978
2025-04-16,115.99911499023438,117.59671949245232,114.6650360669028,117.47154993159427,39548379,116.08695684986317
2025-04-17,115.18549346923828,116.42734262160651,114.19399098506089,115.27114135812995,25586592,115.26894235863523
2025-04-18,113.97329711914062,114.59916002120308,113.31448692172312,114.59916002120308,22158039,113.96231468735562
2025-04-21,114.8824462890625,115.24808587273596,113.72295029523349,113.9732969636022,22486023,114.61782748567731
2025-04-22,116.88521575927734,117.5736710037213,114.23022913110195,114.88244988899623,33636618,116.22970529803354
2025-04-23,122.53446960449219,124.51417988787072,120.96651758776827,124.18477478243243,74378067,122.67172236004372
2025-04-24,120.56134796142578,123.39421224644308,119.6884331082845,122.69588036393006,45267633,121.21466443871778
2025-04-25,122.15235900878906,123.62478642630225,121.2530863489361,121.87895677812868,40160826,122.3434105946758
2025-04-28,118.58493041992188,120.93356742953183,117.4517847250371,120.93356742953183,53934960,118.99009419149694
2025-04-29,116.93791961669922,118.79245274331313,116.27910942363408,118.28846467968646,35694921,117.33649392788215
2025-04-30,116.30875396728516,116.91485602504267,115.0603229061229,116.90497937596923,39143841,116.09464429948359
2025-05-06,118.5717544555664,119.34255531618905,117.2409701926013,118.58493337399405,44488059,118.38509332145225
2025-05-07,118.32140350341797,120.45593584589896,117.97223757198003,120.23193947728996,32651970,118.91652564043233
2025-05-08,118.34776306152344,119.23715155049962,117.1684986888177,117.43860619533287,25014507,118.25113776694691
2025-05-09,119.6456069946289,120.56134577629142,118.35434444187266,118.83198220982821,43117848,119.52043240426433
2025-05-12,121.97119140625,121.97119140625,118.7759897811335,120.2319436088431,48411051,120.90612419787783
2025-05-13,120.72604370117188,124.04642232844685,120.57122911192737,123.85537325415758,39531321,121.7812317138487
2025-05-14,122.90010833740234,122.90010833740234,119.69172781453732,120.72604671978351,40707921,121.830648163114
2025-05-15,124.118896484375,126.81999424924675,121.6417875586984,122.8671706424235,62640411,124.19355943077339
2025-05-16,128.193603515625,128.79312368326714,123.05822072899471,123.53585851742582,68798382,126.68164930929561
2025-05-19,126.09860229492188,127.80819748269232,124.18477157418833,127.80819748269232,48411843,126.03052378393419
2025-05-20,130.0481414794922,130.0481414794922,125.66707872645581,126.3258888968534,51629973,128.58778722848007
2025-05-21,131.7610321044922,133.07865252836933,128.79971103808487,129.76486324873582,59843658,131.21313189031545
2025-05-22,131.36575317382812,133.5925078342183,131.10223512430701,131.75444078898636,43908840,132.02016537745115
2025-05-23,133.40805053710938,137.0677185828832,133.29275761872393,137.04795020516892,70672254,134.5895089129055
2025-05-26,125.50238800048828,132.74924002410057,125.17298289416881,132.3572501340142,92865189,127.80820363958588
2025-05-27,122.67281341552734,125.50238288235991,121.51002271113474,123.81584328248307,69082632,123.22840633634065
2025-05-28,119.53360748291016,122.85069136734795,119.26679471010694,122.67281367233689,53326164,120.55036452012168
2025-05-29,118.9571533203125,120.56134734354966,116.96427168169954,118.44987805892968,57618339,118.82759078185389
2025-05-30,116.04853057861328,118.18964484726727,115.71912548365621,117.60331116688192,57167973,116.65243363651227
2025-06-03,117.26731872558594,117.92283419781168,114.96150563762588,115.70266146006166,54567810,116.71721952034117
2025-06-04,118.75621795654297,120.0079512886469,117.97553293115905,118.42023094126287,44071230,118.91323405878298
2025-06-05,118.83198547363281,119.48749341715026,117.27720483193046,119.37220803846598,32583825,118.53222790757117
2025-06-06,118.5717544555664,119.36891315304433,117.76142437908787,118.91433847984193,26909304,118.56736399589954
2025-06-09,114.67821502685547,117.40236819607848,113.68012311135305,117.30684366068184,76527402,115.25356877809567
2025-06-10,116.32193756103516,116.93792383205346,114.70786685475281,115.15914680185412,51535764,115.98924274928048
2025-06-11,119.24044036865234,120.55475851256064,116.61181162026271,116.61181162026271,60932022,118.80233683382524
2025-06-12,116.35816955566406,118.54869726988984,116.28240585459312,118.54869726988984,43214088,117.06309089338235
2025-06-13,113.97329711914062,115.26125740872924,112.487690754556,115.12620365548098,63071961,113.90741509414197
2025-06-16,113.45613098144531,114.31587445038889,112.26040049163936,113.97000324084615,30685215,113.34413530782452
2025-06-17,113.22884368896484,114.10505323742697,112.78744041556884,113.31448403642676,21013590,113.37377911398688
2025-06-18,114.2862319946289,115.02738783436136,112.64580345042943,112.9257951539221,30869091,113.98647442647324
2025-06-19,112.16158294677734,113.73941915610801,112.11216954204319,113.32437369827846,30114363,112.67105721497619
2025-06-20,112.0792236328125,112.97520155207508,111.93099096617426,112.00675466420832,22061448,112.32847205035394
2025-06-23,111.4039535522461,111.901352171883,109.88870212546898,110.9592630669957,28378002,111.06466928319935
2025-06-24,113.11026000976562,114.0391777225712,112.40204394139027,112.40204394139027,43413777,113.1838272245757
2025-06-25,115.0504379272461,115.20196532550119,112.99166929059932,113.97000038087592,37721481,114.4146908477822
2025-06-26,111.15361022949219,113.41659932584938,110.95266942778336,113.41659932584938,61479642,111.84095966104165
2025-06-27,110.09951782226562,110.91643734648092,109.83599977283116,110.02046693109143,41585247,110.28398498052589
2025-06-30,109.3320083618164,110.09951445860109,108.23839190333538,110.09951445860109,43201032,109.22330490791762
2025-07-01,109.14424896240234,109.80635388923561,108.30427387724515,108.80167248504038,26555412,109.0849589096277
2025-07-02,108.92025756835938,109.9743448119338,108.35039000305237,109.36165330310699,27981033,109.08166412778185
2025-07-03,110.20492553710938,110.43221663814195,108.92355470859933,109.02566870575941,37049343,109.85356562795022
2025-07-04,109.03225708007812,110.34656765138894,108.62708828557223,109.54282706079901,31231065,109.33530433901309
2025-07-07,108.23839569091797,108.86425860053173,108.18898982614301,108.43932895844696,26462316,108.43054803919756
2025-07-08,107.67511749267578,108.63038550433654,107.29301179589686,107.7146467081256,35075442,107.86617159763641
2025-07-09,107.3193588256836,108.11322276122957,107.31276936673808,107.68170367341938,36489933,107.5817836512171
2025-07-10,105.81399536132812,107.41488712757746,105.03001558671775,107.32265731738734,63006618,106.08629935854111
2025-07-11,106.69679260253906,107.66523198116677,105.08600913531407,105.3758850187666,50480949,106.48267790633997
2025-07-14,104.91142272949219,106.69678910630711,104.60508074784178,106.69678910630711,51692742,105.4044308612137
2025-07-15,106.41350555419922,107.05584209960335,104.75002150306038,104.81590101447206,48837282,106.07312305228766
2025-07-16,106.63420867919922,107.35559612468181,106.41680176485863,106.41680176485863,33227505,106.80220218957989
2025-07-17,108.0506362915039,108.28122213052238,106.75938122705269,107.05584658024011,47067405,107.69707988302632
2025-07-18,108.40968322753906,108.53815506185876,107.1381890391188,108.41627268664678,41059947,108.0286757761722
2025-07-21,110.05999755859375,110.05999755859375,107.8002880349077,108.04075805935716,46183509,109.3067610506984
2025-07-22,112.55357360839844,112.65898233838385,109.76023849407134,110.34986692817759,64249251,111.65759814695122
2025-07-23,111.36113739013672,112.98509227943153,111.00867671500664,112.6853321993764,47672205,111.78496879485829
2025-07-24,112.89285278320312,114.15117559439624,111.21619733070084,111.36443000310072,56718981,112.7534085694334
2025-07-25,111.31501770019531,112.458047606447,110.34986549469753,112.3262810411066,47112228,111.37431026711329
2025-07-28,111.00867462158203,111.70041704031489,110.52444738904211,111.31501661567417,35117010,111.07784635031301
2025-07-29,111.41999816894531,112.5,109.7699966430664,112.01000213623047,38735984,111.22999827067058
2025-07-30,108.69999694824219,111.16000366210938,107.12000274658203,108.05000305175781,52483427,108.9933344523112
2025-07-31,105.23999786376953,108.19999694824219,105.0,108.19999694824219,59949943,106.14666493733723
2025-08-01,105.80000305175781,106.23999786376953,104.36000061035156,104.94999694824219,36233692,105.46666717529297
2025-08-04,104.87999725341797,105.13999938964844,102.56999969482422,104.0,41293694,104.19666544596355
2025-08-05,104.86000061035156,105.20999908447266,103.77999877929688,104.87999725341797,33834986,104.61666615804036
2025-08-06,104.3499984741211,105.0,103.9000015258789,104.86000061035156,30561960,104.41666666666667
2025-08-07,105.33000183105469,106.43000030517578,104.16000366210938,104.2699966430664,42876298,105.30666859944661
2025-08-08,103.93000030517578,105.02999877929688,103.91000366210938,105.0,32661461,104.29000091552734
2025-08-11,105.5199966430664,105.66000366210938,103.2300033569336,103.87999725341797,35669790,104.80333455403645
2025-08-12,105.66999816894531,106.43000030517578,104.69999694824219,105.4000015258789,31219504,105.5999984741211
2025-08-13,106.83000183105469,107.6500015258789,105.83999633789062,106.29000091552734,45983014,106.77333323160808
2025-08-14,106.37000274658203,107.5,105.79000091552734,107.37000274658203,41954793,106.55333455403645
2025-08-15,106.06999969482422,106.63999938964844,105.31999969482422,105.8499984741211,36135346,106.00999959309895
2025-08-18,108.37000274658203,109.48999786376953,105.66000366210938,105.66000366210938,61925173,107.84000142415364
2025-08-19,107.62999725341797,108.91999816894531,107.18000030517578,108.66999816894531,38973519,107.90999857584636
2025-08-20,108.25,108.26000213623047,106.01000213623047,107.18000030517578,38505345,107.50666809082031
2025-08-21,107.0999984741211,108.83000183105469,107.0,107.80000305175781,44946378,107.6433334350586
2025-08-22,110.66000366210938,110.97000122070312,107.11000061035156,107.11000061035156,76312005,109.58000183105469
2025-08-25,111.61000061035156,112.48999786376953,110.30999755859375,111.30999755859375,61162758,111.46999867757161
2025-08-26,113.75,114.69000244140625,110.70999908447266,111.75,69291585,113.0500005086263
2025-08-27,110.68000030517578,114.05999755859375,110.66000366210938,113.95999908447266,68974693,111.8000005086263
2025-08-28,109.31999969482422,110.19000244140625,107.11000061035156,109.38999938964844,76252199,108.87333424886067
2025-08-29,114.05999755859375,116.58999633789062,108.12000274658203,108.87999725341797,114490194,112.92333221435547
2025-09-01,109.69999694824219,111.4800033569336,108.5,108.5,132986738,109.8933334350586
2025-09-02,110.0199966430664,111.0999984741211,108.5999984741211,108.79000091552734,77322410,109.9066645304362
2025-09-03,107.20999908447266,110.7300033569336,107.01000213623047,110.5,73522327,108.31666819254558
2025-09-04,104.0,107.08999633789062,103.70999908447266,106.58999633789062,81574074,104.93333180745442
2025-09-05,107.26000213623047,107.5,103.11000061035156,103.86000061035156,78752385,105.95666758219402
2025-09-08,106.25,107.12999725341797,105.51000213623047,106.1500015258789,55592345,106.29666646321614
2025-09-09,105.48999786376953,107.19999694824219,105.2699966430664,106.0,38163622,105.98666381835938
2025-09-10,105.19999694824219,106.44999694824219,105.0199966430664,105.5199966430664,32236895,105.5566635131836
2025-09-11,106.58999633789062,106.5999984741211,104.88999938964844,105.25,53778149,106.02666473388672
2025-09-12,105.91000366210938,107.58000183105469,105.9000015258789,106.5999984741211,45591018,106.46333567301433
2025-09-15,108.69999694824219,110.8499984741211,106.0,106.0,97480407,108.51666514078777
2025-09-16,107.80000305175781,109.0,107.22000122070312,109.0,53316021,108.00666809082031
2025-09-17,110.98999786376953,112.0,108.19999694824219,108.19999694824219,98123971,110.39666493733723
2025-09-18,109.70999908447266,112.80000305175781,108.55999755859375,110.98999786376953,93401380,110.3566665649414
2025-09-19,109.08999633789062,110.80000305175781,109.0,109.80000305175781,47297748,109.62999979654948
2025-09-22,107.98999786376953,108.91000366210938,107.1500015258789,108.87000274658203,49155923,108.01666768391927
2025-09-23,105.5999984741211,107.69000244140625,104.63999938964844,107.44999694824219,65096262,105.97666676839192
2025-09-24,105.70999908447266,105.83000183105469,104.0,105.0,54816227,105.18000030517578
2025-09-25,107.5,108.80000305175781,104.87000274658203,105.33999633789062,69348204,107.05666859944661
2025-09-26,107.29000091552734,111.2300033569336,107.0,107.44999694824219,75661207,108.50666809082031
2025-09-29,108.61000061035156,109.13999938964844,106.38999938964844,107.0,61398368,108.04666646321614
2025-09-30,109.20999908447266,109.9800033569336,107.76000213623047,108.19000244140625,56775550,108.98333485921223
2025-10-09,110.5999984741211,112.4800033569336,108.06999969482422,108.66999816894531,100872197,110.38333384195964
2025-10-10,107.79000091552734,110.55000305175781,107.58000183105469,110.55000305175781,59010253,108.64000193277995
2025-10-13,105.69000244140625,105.9800033569336,104.0999984741211,105.0,74442980,105.25666809082031
2025-10-14,105.98999786376953,109.36000061035156,105.62000274658203,106.68000030517578,76778627,106.99000040690105
2025-10-15,107.0999984741211,107.51000213623047,105.5,106.44999694824219,47579133,106.70333353678386
2025-10-16,106.95999908447266,109.30000305175781,106.51000213623047,107.0,52309638,107.59000142415364
2025-10-17,104.43000030517578,106.62999725341797,104.26000213623047,106.5999984741211,62572494,105.1066665649414
2025-10-20,104.5199966430664,105.62999725341797,104.08000183105469,105.22000122070312,35561452,104.74333190917969
2025-10-21,104.76000213623047,105.06999969482422,104.23999786376953,104.69000244140625,29907419,104.68999989827473
2025-10-22,103.77999877929688,104.31999969482422,103.37000274658203,104.0999984741211,35787419,103.82333374023438
2025-10-23,103.69000244140625,103.7300033569336,102.0,103.30000305175781,37860342,103.14000193277995
2025-10-24,103.76000213623047,104.37000274658203,103.61000061035156,103.9800033569336,30554268,103.91333516438802
2025-10-27,104.01000213623047,104.97000122070312,103.87999725341797,104.0,34598784,104.28666687011719
2025-10-28,103.72000122070312,104.31999969482422,103.5,104.0199966430664,26541583,103.84666697184245
2025-10-29,104.5199966430664,105.18000030517578,103.0,103.7300033569336,39734040,104.23333231608073
2025-10-30,103.61000061035156,104.86000061035156,103.5,104.0,35898945,103.99000040690105
2025-10-31,100.79000091552734,101.31999969482422,100.0,101.0,63705259,100.70333353678386
2025-11-03,99.5999984741211,100.98999786376953,98.5,100.79000091552734,55167021,99.69666544596355
2025-11-04,97.80000305175781,99.54000091552734,97.70999908447266,99.0,43501704,98.35000101725261
2025-11-05,95.80000305175781,96.66000366210938,94.7300033569336,96.66000366210938,58721510,95.7300033569336
2025-11-06,97.5199966430664,97.75,95.4000015258789,95.58000183105469,40200367,96.88999938964844
2025-11-07,97.19999694824219,98.1500015258789,96.83000183105469,97.0,32256073,97.3933334350586
2025-11-10,99.38999938964844,100.3499984741211,97.3499984741211,97.3499984741211,55487690,99.02999877929688
2025-11-11,98.70999908447266,99.77999877929688,98.13999938964844,99.5,31985788,98.87666575113933
2025-11-12,97.7699966430664,98.98999786376953,97.54000091552734,98.80000305175781,26064335,98.0999984741211
2025-11-13,99.83000183105469,100.5,97.01000213623047,97.01000213623047,57999022,99.11333465576172
2025-11-14,98.37000274658203,100.5,98.33000183105469,99.0,34298466,99.06666819254558
2025-11-17,98.08000183105469,98.58999633789062,97.25,97.80000305175781,20724759,97.97333272298177
2025-11-18,96.48999786376953,97.8499984741211,96.0199966430664,97.54000091552734,30475645,96.78666432698567
2025-11-19,95.16999816894531,96.66000366210938,95.01000213623047,96.4000015258789,34829235,95.61333465576172
2025-11-20,93.61000061035156,95.5,93.5,95.16999816894531,39181087,94.20333353678386
2025-11-21,92.69999694824219,94.38999938964844,91.69999694824219,92.48999786376953,45171313,92.92999776204427
2025-11-24,93.93000030517578,94.41000366210938,92.19999694824219,93.0999984741211,32730213,93.51333363850911
2025-11-25,93.91000366210938,95.37999725341797,93.69999694824219,94.0,27748887,94.32999928792317
2025-11-26,95.08999633789062,95.44000244140625,94.44999694824219,94.75,30657697,94.99333190917969
2025-11-27,94.29000091552734,95.16000366210938,94.22000122070312,94.5999984741211,20227996,94.55666859944661
2025-11-28,95.16999816894531,95.2300033569336,94.19999694824219,94.5999984741211,21935062,94.86666615804036
2025-12-01,95.7699966430664,96.30000305175781,95.13999938964844,95.38999938964844,23371272,95.73666636149089
2025-12-02,96.62000274658203,97.80000305175781,96.25,96.41999816894531,35921746,96.89000193277995
2025-12-03,95.05000305175781,96.6500015258789,94.88999938964844,96.63999938964844,23157284,95.53000132242839
2025-12-04,95.23999786376953,95.29000091552734,94.19999694824219,94.91999816894531,16614164,94.90999857584636
2025-12-05,95.9800033569336,96.22000122070312,94.70999908447266,95.29000091552734,21161847,95.6366678873698
2025-12-08,96.52999877929688,97.1500015258789,96.20999908447266,96.20999908447266,24780498,96.62999979654948
2025-12-09,96.02999877929688,96.66000366210938,95.69999694824219,96.20999908447266,16322702,96.12999979654948
2025-12-10,96.47000122070312,96.6500015258789,94.9000015258789,95.5999984741211,19840224,96.00666809082031
2025-12-11,96.2300033569336,97.12000274658203,95.8499984741211,96.9800033569336,25090767,96.4000015258789
2025-12-12,97.0,97.69999694824219,95.6500015258789,96.19999694824219,55462088,96.78333282470703
2025-12-15,95.52999877929688,97.16000366210938,95.52999877929688,96.55000305175781,29330099,96.07333374023438
2025-12-16,94.25,95.69999694824219,94.13999938964844,95.5,25876771,94.69666544596355
2025-12-17,95.20999908447266,95.69999694824219,93.68000030517578,94.5,27282500,94.8633321126302
2025-12-18,93.52999877929688,94.5999984741211,93.5,94.38999938964844,25279734,93.87666575113933
2025-12-19,94.2300033569336,95.2699966430664,93.7300033569336,94.0,27206794,94.41000111897786
2025-12-22,94.37000274658203,95.36000061035156,94.25,94.69999694824219,20623482,94.66000111897786
2025-12-23,94.80999755859375,95.5,94.5,94.5,23661741,94.93666585286458
2025-12-24,94.41999816894531,94.80000305175781,94.05000305175781,94.80000305175781,19280995,94.42333475748698
2025-12-25,94.83999633789062,95.2300033569336,94.12000274658203,94.43000030517578,18220163,94.73000081380208
2025-12-26,100.01000213623047,101.44999694824219,95.25,95.27999877929688,102095895,98.90333302815755
2025-12-29,100.20999908447266,101.30000305175781,99.5999984741211,100.5,51916696,100.37000020345052
2025-12-30,99.75,100.1500015258789,98.73999786376953,99.26000213623047,31875638,99.54666646321614
2025-12-31,97.72000122070312,100.19999694824219,97.37999725341797,99.9800033569336,40285887,98.43333180745442
2026-01-05,98.11000061035156,99.4800033569336,97.9000015258789,98.4000015258789,38262521,98.49666849772136
2026-01-06,99.98999786376953,100.5,98.12000274658203,98.22000122070312,52178486,99.53666687011719
2026-01-07,97.5999984741211,99.95999908447266,97.05999755859375,99.95999908447266,56084881,98.2066650390625
2026-01-08,96.87999725341797,97.19999694824219,96.33000183105469,97.19999694824219,30065475,96.80333201090495
2026-01-09,97.01000213623047,97.94999694824219,96.9000015258789,97.05000305175781,35034058,97.28666687011719
2026-01-12,97.47000122070312,98.0,96.30000305175781,97.01000213623047,42525719,97.25666809082031
2026-01-13,97.19000244140625,99.5999984741211,96.87999725341797,99.0,49872272,97.88999938964844
2026-01-14,96.0999984741211,97.73999786376953,95.51000213623047,96.80999755859375,51474973,96.4499994913737
2026-01-15,95.66999816894531,96.63999938964844,95.5999984741211,96.08000183105469,29563546,95.96999867757161
2026-01-16,95.86000061035156,97.44000244140625,95.5999984741211,96.69999694824219,38458802,96.3000005086263
2026-01-19,96.19000244140625,97.30000305175781,95.7699966430664,96.80999755859375,33492715,96.42000071207683
2026-01-20,94.73999786376953,96.26000213623047,94.68000030517578,96.22000122070312,38914947,95.22666676839192
2026-01-21,94.0999984741211,94.94000244140625,94.0,94.01000213623047,30833393,94.34666697184245
2026-01-22,94.12000274658203,95.12999725341797,93.88999938964844,94.72000122070312,29101425,94.37999979654948
2026-01-23,93.6500015258789,94.36000061035156,93.51000213623047,94.23999786376953,38330272,93.84000142415364
2026-01-26,92.62999725341797,93.66000366210938,92.5,93.6500015258789,37545961,92.93000030517578
2026-01-27,91.80999755859375,92.98999786376953,91.80000305175781,92.66999816894531,36298092,92.1999994913737
2026-01-28,93.33999633789062,93.5,90.01000213623047,91.80000305175781,71556618,92.28333282470703
2026-01-29,92.30999755859375,92.91999816894531,91.61000061035156,92.66000366210938,37182481,92.27999877929688
2026-01-30,90.88999938964844,92.2699966430664,90.69999694824219,92.2699966430664,32917560,91.28666432698567
2026-02-02,87.05000305175781,89.08999633789062,86.97000122070312,88.0,64697385,87.70333353678386
2026-02-03,87.37000274658203,87.4000015258789,85.87999725341797,87.19999694824219,37782685,86.88333384195964
2026-02-04,89.13999938964844,89.33000183105469,86.44999694824219,86.98999786376953,37650471,88.30666605631511
2026-02-05,90.11000061035156,91.2300033569336,88.33000183105469,88.5,35424031,89.89000193277995
2026-02-06,89.81999969482422,90.66000366210938,89.0,89.38999938964844,24708779,89.82666778564453
2026-02-09,90.05999755859375,90.6500015258789,89.83000183105469,90.5,20817951,90.18000030517578
2026-02-10,90.80999755859375,91.56999969482422,89.83999633789062,90.0,26760481,90.73999786376953
2026-02-11,92.27999877929688,92.94999694824219,90.87999725341797,90.87999725341797,39694959,92.03666432698567
2026-02-12,91.16000366210938,92.3499984741211,91.08000183105469,92.29000091552734,23031332,91.53000132242839
2026-02-13,90.2699966430664,91.08999633789062,89.87999725341797,90.05000305175781,21733887,90.413330078125
2026-02-24,90.87000274658203,91.98999786376953,90.61000061035156,91.9800033569336,20644458,91.1566670735677
2026-02-25,91.44999694824219,92.79000091552734,90.88999938964844,90.88999938964844,32478010,91.70999908447266
2026-02-26,89.8499984741211,91.4000015258789,89.61000061035156,91.4000015258789,29101894,90.28666687011719
2026-02-27,89.31999969482422,89.94000244140625,89.0999984741211,89.4000015258789,21934083,89.45333353678386
2026-03-02,96.79000091552734,97.25,87.72000122070312,88.0,143513688,93.92000071207683
2026-03-03,95.20999908447266,96.98999786376953,93.98999786376953,96.38999938964844,86574145,95.39666493733723
2026-03-04,95.98999786376953,96.80000305175781,93.69999694824219,95.19999694824219,70096892,95.49666595458984
2026-03-05,94.47000122070312,96.81999969482422,93.88999938964844,96.80000305175781,55243997,95.06000010172527
2026-03-06,93.62000274658203,96.0,93.25,96.0,50354037,94.29000091552734
2026-03-09,97.5199966430664,98.0,93.0,93.62000274658203,109340899,96.17333221435547
2026-03-10,96.5999984741211,97.48999786376953,96.08000183105469,97.18000030517578,50746243,96.72333272298177
2026-03-11,99.22000122070312,100.33999633789062,95.66999816894531,96.75,90374375,98.40999857584636
2026-03-12,99.0999984741211,100.69000244140625,98.69999694824219,99.2300033569336,50252357,99.49666595458984
2026-03-13,99.66999816894531,100.73999786376953,99.36000061035156,100.08999633789062,51976482,99.92333221435547
2026-03-16,104.62000274658203,105.0,98.79000091552734,99.66999816894531,108781426,102.80333455403645
2026-03-17,102.87000274658203,106.66000366210938,102.70999908447266,104.62999725341797,84138860,104.08000183105469
2026-03-18,101.69000244140625,102.81999969482422,100.05000305175781,102.81999969482422,61799648,101.52000172932942
2026-03-19,102.30999755859375,103.87999725341797,100.47000122070312,100.98999786376953,53105939,102.21999867757161
2026-03-20,103.02999877929688,104.44999694824219,101.55999755859375,102.0,62878324,103.01333109537761
2026-03-23,107.62999725341797,111.81999969482422,103.18000030517578,103.87000274658203,178244551,107.54333241780598
2026-03-24,106.63999938964844,108.4000015258789,104.93000030517578,108.4000015258789,92144617,106.6566670735677
2026-03-25,106.5999984741211,107.66000366210938,105.27999877929688,106.72000122070312,66266489,106.51333363850911
2026-03-26,103.13999938964844,107.68000030517578,102.69999694824219,106.62000274658203,82812067,104.5066655476888
2026-03-27,105.30000305175781,105.88999938964844,102.75,103.98999786376953,65845464,104.64666748046875
2026-03-30,106.05000305175781,108.0,103.25,103.51000213623047,72755723,105.76666768391927
2026-03-31,105.25,108.48999786376953,105.0999984741211,107.0,58865901,106.27999877929688
2026-04-01,102.6500015258789,106.5,102.37000274658203,105.9000015258789,71519811,103.84000142415364
2026-04-02,101.6500015258789,103.4800033569336,100.5,102.48999786376953,60434947,101.87666829427083
2026-04-03,99.01000213623047,102.30000305175781,99.0,101.80000305175781,49174516,100.10333506266277
2026-04-07,97.9800033569336,99.7699966430664,97.44999694824219,99.5,37969746,98.39999898274739
2026-04-08,101.22000122070312,101.27999877929688,98.11000061035156,98.5,56281840,100.20333353678386
2026-04-09,99.02999877929688,100.20999908447266,98.80999755859375,100.20999908447266,37906293,99.3499984741211
2026-04-10,101.66999816894531,102.19999694824219,99.02999877929688,99.38999938964844,60573135,100.96666463216145
2026-04-13,104.25,104.98999786376953,100.80999755859375,101.56999969482422,66313598,103.3499984741211
2026-04-14,103.81999969482422,104.19000244140625,102.5,103.0,54334283,103.50333404541016
2026-04-15,103.02999877929688,104.7699966430664,102.5,103.81999969482422,42871917,103.43333180745442
2026-04-16,105.54000091552734,105.97000122070312,103.27999877929688,103.27999877929688,64366146,104.93000030517578
2026-04-17,103.77999877929688,105.45999908447266,103.12000274658203,104.98999786376953,44204763,104.12000020345052
2026-04-20,102.91000366210938,103.94999694824219,102.62000274658203,103.77999877929688,38367696,103.16000111897786
2026-04-21,101.52999877929688,103.19000244140625,101.33000183105469,102.91000366210938,43225769,102.01666768391927
2026-04-22,101.62000274658203,102.37999725341797,100.5999984741211,101.11000061035156,34373337,101.53333282470703
2026-04-23,99.9800033569336,101.58999633789062,99.01000213623047,101.56999969482422,49216375,100.19333394368489
2026-04-24,99.45999908447266,99.91000366210938,98.69999694824219,99.91000366210938,33773878,99.3566665649414
2026-04-27,102.33999633789062,104.0,99.87999725341797,100.0,60167020,102.07333119710286
2026-04-28,101.4800033569336,103.30000305175781,101.33999633789062,101.8499984741211,36155004,102.04000091552734
2026-04-29,105.4000015258789,105.63999938964844,101.0,101.47000122070312,105655781,104.01333363850911
2026-04-30,102.9800033569336,105.44999694824219,102.37000274658203,104.54000091552734,60097853,103.60000101725261
2026-05-06,100.75,101.88999938964844,100.19999694824219,101.69999694824219,67048711,100.94666544596355
2026-05-07,100.45999908447266,101.26000213623047,100.01000213623047,101.05000305175781,46884596,100.57666778564453
2026-05-08,100.0199966430664,101.0,99.80000305175781,100.47000122070312,38215750,100.27333323160808
2026-05-11,100.44000244140625,100.7300033569336,99.0,100.0199966430664,48281004,100.05666859944661
2026-05-12,99.2300033569336,100.0999984741211,99.0999984741211,99.97000122070312,35344129,99.47666676839192
2026-05-13,98.5999984741211,99.25,97.80999755859375,99.2300033569336,45619352,98.55333201090495
2026-05-14,98.7300033569336,100.0,98.44999694824219,99.0,33917988,99.06000010172527
2026-05-15,96.30000305175781,98.02999877929688,96.26000213623047,98.0,46621723,96.86333465576172
2026-05-18,94.51000213623047,95.94000244140625,94.30000305175781,95.33999633789062,35461317,94.91666920979817
2026-05-19,96.0,96.08000183105469,93.80000305175781,94.51000213623047,29618439,95.2933349609375
2026-05-20,93.36000061035156,95.48999786376953,93.30000305175781,95.30000305175781,41500993,94.0500005086263
2026-05-21,93.51000213623047,96.19999694824219,93.41000366210938,93.41000366210938,37394974,94.37333424886067
2026-05-22,93.75,94.19000244140625,92.61000061035156,93.55000305175781,26859177,93.51666768391927
2026-05-25,95.95999908447266,97.20999908447266,95.0,95.0,40599516,96.05666605631511
2026-05-26,96.55000305175781,96.91999816894531,94.51000213623047,95.80000305175781,38652435,95.9933344523112
2026-05-27,95.22000122070312,97.2699966430664,94.66000366210938,96.0,36237356,95.71666717529297
2026-05-28,95.87999725341797,95.98999786376953,94.02999877929688,95.22000122070312,31458976,95.2999979654948
2026-05-29,96.18000030517578,99.5,96.12999725341797,98.9000015258789,60629393,97.26999918619792
2026-06-01,93.6500015258789,96.22000122070312,93.5999984741211,96.18000030517578,44598076,94.49000040690105
2026-06-02,96.76000213623047,96.87999725341797,94.30999755859375,96.0,55496417,95.98333231608073
2026-06-03,94.81999969482422,96.0,94.5,96.0,37043374,95.1066665649414
2026-06-04,93.44000244140625,94.38999938964844,93.0999984741211,93.5999984741211,31871174,93.6433334350586
2026-06-05,93.01000213623047,94.0,92.30000305175781,93.5199966430664,33996897,93.10333506266277
2026-06-08,91.19000244140625,92.0199966430664,90.30000305175781,91.0,31684395,91.17000071207683
2026-06-09,91.88999938964844,91.91999816894531,90.02999877929688,91.22000122070312,28192695,91.27999877929688
2026-06-10,90.30999755859375,91.0,90.0999984741211,91.0,24128660,90.46999867757161
2026-06-11,89.80000305175781,90.80000305175781,88.87999725341797,90.0999984741211,31508734,89.82666778564453
2026-06-12,91.5999984741211,91.77999877929688,89.25,89.9000015258789,38535178,90.87666575113933
2026-06-15,90.81999969482422,91.9000015258789,90.4000015258789,91.61000061035156,31297908,91.04000091552734
2026-06-16,89.63999938964844,90.5,89.5,90.3499984741211,33601868,89.87999979654948
2026-06-17,87.47000122070312,89.30000305175781,87.0,89.0,49526711,87.92333475748698
2026-06-18,88.12999725341797,89.33000183105469,86.08000183105469,87.0,43578976,87.84666697184245
2026-06-22,87.58999633789062,87.9000015258789,84.5999984741211,87.0,63724220,86.69666544596355
2026-06-23,85.0,88.31999969482422,84.75,86.91000366210938,46621668,86.02333323160808
2026-06-24,83.30000305175781,84.69999694824219,82.77999877929688,84.5,45573530,83.5933329264323
2026-06-25,82.19999694824219,83.80999755859375,81.33999633789062,87.0,55643208,82.44999694824219
