date,close,high,low,open,volume,vwap
2018-01-02,17.83031463623047,18.151581249188123,17.733933886383145,17.83031463623047,2738127,17.90527659060058
2018-01-03,17.669677734375,17.841019900515676,17.348411172861233,17.78212064792487,4044073,17.619702935917303
2018-01-04,17.214550018310547,17.65361511208474,17.1342329899987,17.60542550786559,8127895,17.334132706798
2018-01-05,17.080686569213867,17.34840944307428,16.973597726053633,17.241319067994397,4169290,17.134231246113927
2018-01-08,16.8076114654541,17.11816991037865,16.518470791492632,17.102106199176387,6847912,16.814750722441797
2018-01-09,16.92005729675293,17.01643804866105,16.705879550201637,16.871867686758907,4687648,16.880791631871872
2018-01-10,16.539888381958008,16.920054195383905,16.507762491823883,16.920054195383905,3829849,16.655901689721933
2018-01-11,16.812965393066406,16.93076389839736,16.277521123197985,16.52382625329736,3756688,16.673750138220583
2018-01-12,17.048561096191406,17.19313143393858,16.74335824132946,16.946827832517307,3268890,16.995016923819815
2018-01-15,16.561307907104492,16.952181845186466,16.38461014727362,16.823675219083917,3700477,16.632699966521525
2018-01-16,16.384613037109375,16.759424861975823,16.100826372140173,16.54524711402931,4400082,16.414954757075122
2018-01-17,16.76477813720703,17.06998103075099,15.945547140755327,16.304295234737182,5629336,16.593435436237783
2018-01-18,16.732650756835938,16.80761373127231,16.54524638458506,16.721942635870754,2899608,16.695170290897767
2018-01-19,16.625558853149414,16.754065460956284,16.411379641551697,16.73264616106887,3121695,16.597001318552465
2018-01-22,17.134231567382812,17.16100492921043,16.32035629559402,16.598787309627028,8262367,16.87186426406242
2018-01-23,16.775484085083008,17.118169953270733,16.51311677310785,17.080688471011477,6921817,16.802256937153864
2018-01-24,17.56258773803711,17.964171296785032,16.250748214921877,16.695167312418388,16956603,17.259169083248008
2018-01-25,17.685741424560547,18.446071519952664,17.310929670610214,17.380537042542773,17345505,17.814247538374474
2018-01-26,17.294864654541016,17.712511918461225,17.187775808910153,17.514396405104364,7648591,17.39838412730413
2018-01-29,16.630916595458984,17.40195641306463,16.020509307227876,17.294867549508293,21307191,16.684460771917163
2018-01-30,16.245393753051758,16.459572993604574,16.079407177801034,16.438153690821466,8626779,16.261457974819123
2018-01-31,15.983027458190918,16.331065873846843,15.634987510615085,16.2668125571756,8270671,15.983026947550949
2018-02-01,15.47970962524414,16.143662120989106,15.47970962524414,15.988382117606188,6235356,15.701027123825796
2018-02-02,15.742077827453613,16.223978466115234,14.890721002700683,15.26017718879199,7758163,15.618925765423176
2018-02-05,15.60821533203125,15.892001956639746,15.495772413331212,15.576089440368328,2848770,15.665329900667402
2018-02-06,15.03528881072998,15.565379018254704,15.008516980349082,15.31371982968279,3875635,15.203061603111257
2018-02-07,15.09418773651123,15.517189081440096,14.80504707251031,15.351200979214374,4613770,15.138807963487212
2018-02-08,16.04728126525879,16.05263532549837,15.110253318854754,15.110253318854754,7173069,15.736723303203972
2018-02-09,15.956254959106445,16.331065191399396,15.420810675888056,15.581443194893652,5542876,15.902710275464633
2018-02-12,16.491695404052734,16.545240585872406,15.875934238683689,16.063340077173308,5398201,16.304290076202943
2018-02-13,15.8438081741333,16.5987856510712,15.80097263779298,16.502404928345666,5267265,16.08118882099916
2018-02-14,15.661762237548828,16.063345884665466,15.624280749916066,16.063345884665466,2419674,15.783129624043454
2018-02-22,16.282878875732422,16.411385529645038,15.956258180017898,16.106182609582614,4847313,16.216840861798453
2018-02-23,16.149015426635742,16.384610918919304,15.881292510353568,16.132951714636437,3663163,16.13830628530287
2018-02-26,16.40602684020996,16.81296446279383,15.999089217626093,16.0954699468295,5448541,16.40602684020996
2018-02-27,16.98966407775879,17.04320774170625,16.223978347102907,16.443510126743302,9959229,16.752283388855982
2018-02-28,17.69645118713379,17.948110399703104,16.700523989182,16.71123210958753,11505295,17.448361858672964
2018-03-01,17.76605987548828,17.937400523275738,17.380538439226747,17.69109690590634,7184203,17.694666279330253
2018-03-02,17.5143985748291,17.93739995045333,17.326994220698765,17.562589710272782,6091756,17.592930915327063
2018-03-05,17.551881790161133,17.787477302979937,17.27345072955709,17.530464016268514,3277155,17.53760327423272
2018-03-06,17.70716094970703,17.937402410898006,17.444793592400153,17.509046916552048,4370052,17.6964523176684
2018-03-07,17.428726196289062,17.80353637575276,17.33234547293463,17.80353637575276,2218629,17.52153601499215
2018-03-08,17.112810134887695,17.45549591843554,16.786189590534235,17.45549591843554,4778841,17.118165214619157
2018-03-09,17.669677734375,17.749994757733393,17.09139792365022,17.359119292285126,9634495,17.503690138586204
2018-03-12,17.846376419067383,18.312213380424424,17.69645200303799,17.755351263743826,9090415,17.951680600843265
2018-03-13,17.45549964904785,17.776766203610986,17.300221197322276,17.675031411686053,5987139,17.51082901666037
2018-03-14,16.98430633544922,17.439435080978345,16.871863429860007,17.439435080978345,3924097,17.098534948762524
2018-03-15,16.69516944885254,16.984308606445975,16.331065790976528,16.984308606445975,6094290,16.67018128209168
2018-03-16,16.213272094726562,16.748716506071492,16.063347659549983,16.598792070894913,8735058,16.341778753449347
2018-03-19,16.45421600341797,16.566658907913226,15.961607315431474,16.30429162011773,5585025,16.327494075587555
2018-03-20,16.46492576599121,16.523825014240064,16.09546963046603,16.293583612481598,1963141,16.361406803565767
2018-03-21,16.572017669677734,16.893284266785937,16.41138360516365,16.486346577115548,5758819,16.62556184720911
2018-03-22,16.59878921508789,16.802258822352304,16.40067519995566,16.40067519995566,4825429,16.600574412465285
2018-03-23,16.068696975708008,16.529179799447352,15.795620023579781,16.331064276811716,5822506,16.13116559957838
2018-03-26,16.64162254333496,16.711229912579537,15.800973925222182,15.902708715299484,7919866,16.38460879371223
2018-03-27,17.45549964904785,17.48762553854428,16.598787304959718,16.78619317810149,9379119,17.18063749751728
2018-03-28,17.675033569335938,17.910629071442163,17.198488504873794,17.257386231460384,9685393,17.59471704855063
2018-03-29,17.24131965637207,17.857082440456523,17.123522690835696,17.857082440456523,4779213,17.407308262554764
2018-03-30,17.92668914794922,17.97487874426187,17.278800499631704,17.380535283340357,7942488,17.726789463947597
2018-04-02,17.669677734375,18.081969438671052,17.61613254149614,18.065907259535216,8035810,17.7892599048474
2018-04-03,17.509042739868164,17.835664875333144,17.439435371621414,17.562587929848547,4523553,17.594714328940906
2018-04-04,17.798187255859375,18.087327974242957,17.444793214715006,17.846376864949956,7249984,17.77676948160578
2018-04-09,17.680387496948242,17.95882007472313,17.535817147851265,17.648261603771108,6497529,17.72500823984088
2018-04-10,17.54117202758789,17.969527465352705,17.257385401128786,17.81960306213502,5478538,17.58936163135646
2018-04-11,18.735210418701172,19.270656168528944,17.56258719850248,17.56258719850248,14785624,18.522817928577535
2018-04-12,18.97616195678711,19.34561965547053,18.676313162792336,18.794111669250192,12962064,18.99936492501666
2018-04-13,19.008291244506836,19.195697142123436,18.574580190265,18.970811290519492,6360010,18.926189525631756
2018-04-16,18.387174606323242,18.94939073000335,18.322921291276376,18.735213013180463,7458534,18.55316220920099
2018-04-17,17.89456558227539,18.992225981122303,17.71251375981735,18.435363925951595,9667015,18.199768441071683
2018-04-18,18.151578903198242,18.355046965814292,17.069979148151436,18.140869251523792,7668351,17.858868339054656
2018-04-19,18.156932830810547,18.28008539861044,17.75534923646125,18.140869119375814,8015490,18.06412248862741
2018-04-20,18.151578903198242,18.456781763082244,17.61613308555214,17.61613308555214,11313919,18.074831250610874
2018-04-23,18.156932830810547,18.39252831481389,17.616132957226625,18.17835060208358,9623494,18.055198034283688
2018-04-24,18.649539947509766,18.71379325573858,17.985589095812028,18.156931251088864,11685492,18.449640766353458
2018-04-25,18.719148635864258,18.820883430717835,18.20512213376596,18.430009494393875,12054621,18.581718066782685
2018-04-26,18.56922721862793,18.76198717193854,18.462136823757657,18.638834596565665,4788513,18.597783738108042
2018-04-27,18.820886611938477,18.906559242022247,18.0444911358899,18.569228910022666,10235749,18.590645663283542
2018-05-02,18.26131248474121,18.993057188428832,18.250552325536454,18.993057188428832,4534791,18.5016406662355
2018-05-03,18.83164405822754,18.880069396787423,18.2935975689357,18.530338024224108,9932803,18.668437007983552
2018-05-04,18.939252853393555,19.019960209486374,18.61642496838706,18.66484876629684,7609210,18.85854601042233
2018-05-07,19.369691848754883,19.46654098531917,18.863927385355964,18.939253123248363,10355503,19.233386739810005
2018-05-08,19.627954483032227,19.96154407745712,19.380452327250552,19.509583485215384,14177056,19.6566502959133
2018-05-09,19.63333511352539,19.907739216734765,19.315887289787682,19.627955033300566,8525524,19.618987206682615
2018-05-10,19.42349624633789,19.633334765030085,19.208277647516372,19.633334765030085,8093548,19.42170288629478
2018-05-11,19.235177993774414,19.50958206937699,18.820882610211132,19.477300051910948,8203465,19.188547557787512
2018-05-14,19.315885543823242,19.423494835417273,18.77783908585308,19.348169100983817,7167303,19.172406488364533
2018-05-15,19.272842407226562,19.531106254189755,18.901590724895037,19.3589298430927,6633318,19.23517979543712
2018-05-16,19.305126190185547,19.33202812936582,19.019960401034353,19.278222711640478,5891659,19.219038240195243
2018-05-17,19.009199142456055,19.42349452360098,18.933871869867136,19.240559500510248,7503210,19.122188511974723
2018-05-18,19.01995849609375,19.149089638463707,18.697130640168858,18.993056559607837,4828041,18.95539292490877
2018-05-21,19.165231704711914,19.31050462690695,19.03610056039736,19.095286053049364,5471257,19.170612297338742
2018-05-22,19.455780029296875,19.681758790972456,19.197517707744858,19.208277868127094,7646367,19.4450188426714
2018-05-23,19.95078468322754,20.219808729755343,19.439640072380218,19.558011083874653,14769211,19.870077828454367
2018-05-24,19.988445281982422,20.21980564966745,19.810888791787992,19.95078164412014,5292807,20.00637990781262
2018-05-25,19.85393524169922,20.01534842323336,19.762466181486182,19.843173541935684,4313196,19.877249948806252
2018-05-28,20.300514221191406,20.4995910428142,19.681758817435025,19.902359038580954,9519490,20.16062136048021
2018-05-29,20.32741355895996,20.494208338672475,20.07991142914595,20.300511622047686,6304669,20.30051110892613
2018-05-30,19.71942138671875,20.32741505769735,19.69789952772919,20.149858566509913,6328132,19.914911990715098
2018-05-31,19.39659309387207,20.219805337430156,17.750170146120652,19.907737618963452,32680579,19.122189525807627
2018-06-01,17.47038459777832,19.39659326263256,17.45962443809865,19.39659326263256,20945955,18.108867432836508
2018-06-04,17.47038459777832,17.47038459777832,17.47038459777832,17.47038459777832,0,17.47038459777832
2018-06-05,17.47038459777832,17.47038459777832,17.47038459777832,17.47038459777832,0,17.47038459777832
2018-06-06,17.47038459777832,17.47038459777832,17.47038459777832,17.47038459777832,0,17.47038459777832
2018-06-07,17.47038459777832,17.47038459777832,17.47038459777832,17.47038459777832,0,17.47038459777832
2018-06-08,17.47038459777832,17.47038459777832,17.47038459777832,17.47038459777832,0,17.47038459777832
2018-06-11,17.47038459777832,17.47038459777832,17.47038459777832,17.47038459777832,0,17.47038459777832
2018-06-12,17.47038459777832,17.47038459777832,17.47038459777832,17.47038459777832,0,17.47038459777832
2018-06-13,17.47038459777832,17.47038459777832,17.47038459777832,17.47038459777832,0,17.47038459777832
2018-06-14,17.47038459777832,17.47038459777832,17.47038459777832,17.47038459777832,0,17.47038459777832
2018-06-15,17.47038459777832,17.47038459777832,17.47038459777832,17.47038459777832,0,17.47038459777832
2018-06-19,16.717119216918945,17.470384257594922,15.721732115787853,17.21750203766966,18159699,16.636411863433906
2018-06-20,15.603363037109375,16.81935048937002,15.070696593957909,16.652555682229625,15079345,15.831136706812435
2018-06-21,15.7970609664917,16.302825456830554,15.684070044587349,15.990757710572879,12357037,15.927985489303202
2018-06-22,16.67945671081543,16.733262129908063,15.608743802710915,15.942331859371839,8203225,16.340487547811467
2018-06-25,16.13064956665039,17.05070951626777,16.087605844321683,17.05070951626777,6648246,16.422988309079948
2018-06-26,16.195213317871094,16.604130173095275,15.65716684963502,15.87238543692945,5357551,16.152170113533796
2018-06-27,16.00151824951172,16.302825842350252,15.926192505825776,16.270542281224188,3726490,16.076845532562583
2018-06-28,16.275920867919922,16.566466733930287,15.883147326243673,16.001516780991196,3363240,16.24184497603129
2018-06-29,16.684837341308594,16.760164622650183,16.15755252937701,16.205976330602383,5734773,16.53418483111193
2018-07-02,16.453475952148438,16.733261660599403,16.3566283556087,16.49113959052047,3631345,16.514455322785512
2018-07-03,16.55032730102539,16.679458473254588,16.1414119222996,16.453478152170995,4221949,16.45706589885986
2018-07-04,16.4588565826416,16.657933383074596,16.141408794255135,16.40505116829056,3824161,16.41939958665711
2018-07-05,16.4588565826416,16.56646587197899,16.195212669241478,16.383529310423082,1937175,16.406845041287358
2018-07-06,15.807821273803711,16.437336852435944,15.710972131181483,16.40505329177357,7035093,15.985376752473712
2018-07-09,15.759394645690918,16.017656927210385,15.44194687314875,15.700209154668217,6732351,15.73966614868335
2018-07-10,15.33434009552002,15.76477730173907,14.903901349936092,15.743255441428117,11201227,15.334339582398394
2018-07-11,13.860090255737305,15.162165104255894,13.80090629483044,15.119121383942794,15921352,14.274387218274546
2018-07-12,14.096829414367676,14.247483960902091,13.827806956961298,13.827806956961298,18115893,14.057373444077022
2018-07-13,14.742486000061035,14.887758920645277,13.994601079357352,14.080688507945844,12668059,14.541615333354555
2018-07-16,15.979995727539062,16.03380114740187,15.382763725695629,15.382763725695629,13908388,15.79885353354552
2018-07-17,15.98537540435791,16.114506561532465,15.549558133734994,15.97999532431684,9526306,15.883146699875121
2018-07-18,15.737876892089844,16.09836847220625,15.635647660827276,16.001519321703547,4873185,15.823964341707791
2018-07-19,15.15678596496582,15.818583590704245,14.909283788118541,15.737876225265788,9186082,15.294884447929535
2018-07-20,15.54417896270752,15.67331012743358,14.941565321287657,15.162165548885026,6364653,15.386351470476251
2018-07-23,15.759394645690918,16.06608072015413,15.425805095712628,15.872384009014528,6057694,15.750426820519225
2018-07-24,15.727112770080566,15.829341985605366,15.345099386369068,15.754016248468263,5562663,15.633851380685
2018-07-25,16.281299591064453,16.302822987622893,15.544176367018393,15.732493002305198,7300071,16.042766315235244
2018-07-26,15.66254711151123,15.92619103853463,15.377382864873033,15.92619103853463,10182052,15.655373671639632
2018-07-27,15.377382278442383,15.592600860030593,15.323576863362971,15.522655205855605,2524731,15.43118666727865
2018-07-30,15.119120597839355,15.452708643238878,15.038413241607373,15.37738290628987,2753400,15.203414160895202
2018-07-31,15.124500274658203,15.226729487203107,15.038412840802438,15.119120194883402,1650178,15.129880867554583
2018-08-01,14.839335441589355,15.242870698357367,14.839335441589355,15.183686738331733,2682535,14.973847193845359
2018-08-02,14.123732566833496,14.909281141551764,13.999981500377077,14.764008217423127,4911313,14.344331736254112
2018-08-03,14.581071853637695,15.065314427457832,14.145254614754867,14.225960427587635,8262258,14.597213631950131
2018-08-06,14.338951110839844,14.823193677042221,14.096829058056313,14.823193677042221,3775309,14.419657948646126
2018-08-07,14.462702751159668,14.575692123325334,13.940796528556845,14.419659034204678,6539598,14.326397134347282
2018-08-08,14.521886825561523,14.564928998939246,14.16139380713888,14.435797860712297,5662507,14.416069877213218
2018-08-09,14.946945190429688,15.113738437475762,14.349713238677927,14.473462769189904,5503255,14.803465622194459
2018-08-10,15.000750541687012,15.129881703988904,14.801673717979481,14.850097519001471,3977961,14.977435321218465
2018-08-13,15.00613021850586,15.03303215842095,14.527269222684948,14.898520919480664,4150723,14.855477199870586
2018-08-14,14.957706451416016,15.049173970945759,14.7693897928699,14.90928265159025,3398100,14.925423405077225
2018-08-15,14.941564559936523,15.065315638001127,14.634878444180622,15.022271918619076,6814750,14.880586214039425
2018-08-16,14.053788185119629,14.634878394817298,13.806286029825246,14.634878394817298,12614233,14.164984203254058
2018-08-17,12.64948558807373,14.134494749762485,12.64948558807373,14.12373458906808,13594950,13.14448864196998
2018-08-20,12.28899097442627,12.7517116350501,11.385071508571242,12.735569858664496,18105189,12.141924706015871
2018-08-21,12.64948558807373,12.64948558807373,12.111438299548414,12.3804623286523,15169474,12.470136491898623
2018-08-22,12.697908401489258,12.913127761955606,12.595679186025682,12.913127761955606,9357658,12.735571783156848
2018-08-23,12.514971733093262,12.805516810541388,12.240567663995527,12.80013673098537,11262360,12.520352069210057
2018-08-24,12.62258243560791,12.832420172977677,12.41812400838665,12.493450513795711,6838074,12.624375538990746
2018-08-27,13.510359764099121,13.628729219592143,12.703289277311612,12.84856221123173,11003079,13.280792753667626
2018-08-28,14.371234893798828,14.753249837764088,13.510360483073937,13.51574056329975,14228359,14.211615071545618
2018-08-29,14.252863883972168,14.527267957428323,14.06992732187983,14.451940684988918,8328925,14.283353054426774
2018-08-30,14.247485160827637,14.554171280696773,14.150636021236679,14.338952680900036,4501287,14.317430820920363
2018-08-31,13.332806587219238,13.429654196490374,12.821661210440208,13.429654196490374,14723170,13.194707331383272
2018-09-03,12.983074188232422,13.451175035758867,12.4288858992926,13.214434571872086,12657070,12.954378374427963
2018-09-04,13.295141220092773,13.612589028122827,13.047639069619066,13.11758472717541,7352032,13.318456439278222
2018-09-05,13.800907135009766,14.225962744454758,13.295142620858186,13.526503016467206,7442910,13.774004166774239
2018-09-06,13.311284065246582,13.61259011816336,13.047640114420714,13.521121054718506,7075965,13.323838099276886
2018-09-07,13.553404808044434,13.730959778333553,13.214435108863432,13.483459143894924,4462162,13.499599898413805
2018-09-10,13.020737648010254,13.521120509440735,12.993835707783097,13.521120509440735,3816645,13.178564621744696
2018-09-11,13.343564987182617,13.35432514707463,12.778615799685069,13.176770193938117,3231156,13.158835311314105
2018-09-12,13.397370338439941,13.56954521077844,13.160628349609725,13.246717325143758,3170133,13.375847966276035
2018-09-13,13.451175689697266,13.639492361785392,13.316664440790728,13.47269755109691,2517153,13.469110830757794
2018-09-14,13.074543952941895,13.504981183175301,12.961553025481905,13.456555840250322,2574411,13.180359387199701
2018-09-17,12.762473106384277,13.2843785382033,12.71943016085195,12.972312372579296,2302026,12.922093935146508
2018-09-18,13.117585182189941,13.262858121665175,12.767855342912211,12.805518212976116,3793669,13.049432882255777
2018-09-19,13.252097129821777,13.558783229963767,13.063780482271621,13.182149934863453,5236825,13.291553614019056
2018-09-20,13.090683937072754,13.305902547956347,12.966932850973455,13.230576803829553,2702415,13.121173112000852
2018-09-21,13.435033798217773,13.451175578975876,13.074543777264767,13.214435105528484,3684664,13.320251051486139
2018-09-25,13.246718406677246,13.504980736270921,13.18753290463747,13.391989812550007,3642247,13.313077349195211
2018-09-26,13.209054946899414,13.408131777188174,13.128347582951427,13.246718588657131,3132564,13.248511435679672
2018-09-27,13.106825828552246,13.332806141573213,13.090684047758261,13.203674973951216,2941911,13.17677200596124
2018-09-28,12.999215126037598,13.182150157505067,12.622582594258477,13.117584580628646,6970557,12.934649292600382
2018-10-08,12.509592056274414,12.76785435565398,12.385840986313857,12.719430559361495,2120947,12.554429132747417
2018-10-09,12.138339042663574,12.590298814909735,11.761705770844719,12.482688758902684,6352663,12.163447876139344
2018-10-10,11.971546173095703,12.240569431808066,11.783230276838273,12.10605818729311,3333660,11.998448627247347
2018-10-11,11.067625999450684,11.81013087900468,11.029962362659491,11.411976501247427,5783475,11.302573080371618
2018-10-12,11.320508003234863,11.417356370132461,10.626427655627547,11.245182265330245,9261955,11.121430676331622
2018-10-15,11.110669136047363,11.379693119902472,11.040723485203602,11.320506858260973,4348800,11.177028580384478
2018-10-16,10.922353744506836,11.347411625804938,10.76093979763045,11.105290320649152,2573422,11.010235055980742
2018-10-17,11.568009376525879,11.62719410080596,10.841646288832912,11.083766804942334,3718783,11.345616588721583
2018-10-18,11.024581909179688,11.46039990895298,10.857787128500298,11.46039990895298,3097674,11.114256315544322
2018-10-19,11.83703327178955,11.880077759640075,10.873929692936422,11.0299627864547,4728522,11.530346908122015
2018-10-22,12.127578735351562,12.461168330902417,11.890838278283638,11.92312106788381,4759519,12.15986178151254
2018-10-23,12.143721580505371,12.315897243162379,11.869317459985982,12.106058707508437,4355313,12.109645427884578
2018-10-24,12.245948791503906,12.299753436698408,11.928501000015167,11.998446653926841,3038410,12.158067742739162
2018-10-25,12.380460739135742,12.57415746105062,11.707901522407775,11.91235994300028,2557023,12.22083990753138
2018-10-26,12.509592056274414,12.75171334678394,12.283612544317293,12.38046090658463,2875494,12.514972649125218
2018-10-29,12.940030097961426,13.391989152473798,12.305134465987821,12.482690193673175,6347998,12.879051238807682
2018-10-30,12.87008285522461,13.182149801704277,12.654865041127895,13.182149801704277,2316178,12.902365899352262
2018-10-31,13.13910961151123,13.343566527341663,12.32665741066159,12.913129294682891,4308265,12.936444516504828
2018-11-01,13.946179389953613,14.451942339543145,12.999215993228445,12.999215993228445,7347705,13.799112574241734
2018-11-02,14.742486000061035,15.129879428709248,14.204439571382963,14.204439571382963,12762672,14.692268333384414
2018-11-05,14.290528297424316,15.248251797106386,13.930036772639422,14.74248733854776,7898157,14.489605622390043
2018-11-06,13.73634147644043,14.258246229350355,13.354326513261741,14.258246229350355,8695926,13.78297140635084
2018-11-07,13.677154541015625,13.989220728245925,13.42965239171282,13.634110822820771,4897791,13.698675886991458
2018-11-08,13.666393280029297,13.924655597480205,13.445794602047854,13.445794602047854,3899626,13.678947826519119
2018-11-09,13.671773910522461,13.730957866133467,13.348946037061278,13.59644663703249,2620846,13.583892604572403
2018-11-12,14.20444107055664,14.31205036764962,13.5749255280391,13.661012965713486,4896036,14.030472322081787
2018-11-13,14.247485160827637,14.715586000226752,13.838568281848985,14.096830601605069,6241755,14.267213147634457
2018-11-14,13.655631065368652,14.430417901156993,13.634109208818977,14.24748289016705,7974733,13.906719391781541
2018-11-15,13.9730806350708,14.06454815235347,13.66101290520108,13.693294924503574,6070306,13.899547230875116
2018-11-16,13.774002075195312,14.15063537738528,13.612588902374457,14.026884303291595,4860594,13.84574211831835
2018-11-19,13.542643547058105,13.881613218704954,13.268239453850429,13.478077968618935,7564843,13.56416540653783
2018-11-20,13.574926376342773,13.930037848623098,13.445795211761729,13.542644354879965,7968606,13.650253145575867
2018-11-21,13.515740394592285,13.548023954273932,13.20367419428225,13.440414654276532,4477110,13.422479514382822
2018-11-22,13.504979133605957,13.698675857814806,13.386608143573742,13.4565537980302,3967599,13.530087711664834
2018-11-23,12.99383544921875,13.574925659132441,12.83242073233809,13.574925659132441,6363580,13.133727280229762
2018-11-26,13.144488334655762,13.166010194066152,12.805517894418502,12.91312796115286,3335233,13.038672141046804
2018-11-27,13.40813159942627,13.504980742752837,13.015356485123691,13.079923606918008,4109571,13.30948960910093
2018-11-28,13.348947525024414,13.494218929751327,12.95617241400842,13.289760484086573,2749665,13.26644628959472
2018-11-29,12.977693557739258,13.66639305984583,12.913127979416766,13.451174465437527,3821598,13.185738199000617
2018-11-30,12.977693557739258,13.122966493806066,12.595679398140907,13.122966493806066,2871652,12.898779816562078
2018-12-03,13.386608123779297,13.494217414847316,13.079922029076625,13.085302108788845,5907607,13.320249189234412
2018-12-04,13.515740394592285,13.548023954273932,13.192912494600085,13.316663574438309,4773855,13.418892281155435
2018-12-05,13.827807426452637,14.03226431629958,13.182150120153137,13.268239095109207,8910378,13.68074062096845
2018-12-06,13.881612777709961,14.069927887651483,13.074542303177168,13.800905422383728,7286049,13.67536098951287
2018-12-07,13.897751808166504,14.096828599868553,13.429651035237262,13.720196873388044,5549040,13.808077147757439
2018-12-10,14.581071853637695,15.011510552235988,13.763241251093884,13.93541611478732,14567070,14.45194121898919
2018-12-11,14.683300971984863,15.011510458371767,14.43041875767518,14.661779114157754,11960074,14.708410062677268
2018-12-12,14.5703125,14.96308758404255,14.484225063393106,14.812433030615693,5150643,14.672541715811883
2018-12-13,14.494985580444336,14.930804393528947,14.059168306724553,14.66178037782123,10080367,14.494986093565947
2018-12-14,14.47884464263916,14.84471623960647,14.414279066703752,14.538028599389717,5994732,14.57927998298313
2018-12-17,14.269007682800293,14.511128233963294,13.935418067956448,14.263626063032063,4303656,14.238517994906678
2018-12-18,14.145255088806152,14.62949613949,14.145255088806152,14.295908099586756,3410811,14.306668772367436
2018-12-19,13.881612777709961,14.500365063571701,13.666392650385086,14.500365063571701,5156331,14.016123497222248
2018-12-20,14.193678855895996,14.435799380724367,13.956938410885758,13.978460269523053,5524669,14.195472215835373
2018-12-21,15.140642166137695,15.447328266692326,14.129113271432345,14.22058232510905,18625101,14.905694568087455
2018-12-24,14.694064140319824,15.06531584012982,14.473463921003438,15.06531584012982,10806817,14.74428130048436
2018-12-25,14.17753791809082,14.618736816009724,13.763242499588019,14.618736816009724,9432591,14.186505744562856
2018-12-26,14.274385452270508,14.57031137765281,13.7632409519492,14.096828973422323,5919193,14.20264592729084
2018-12-27,14.70482349395752,14.855476505551534,14.419659249710039,14.419659249710039,6720285,14.659986416406364
2018-12-28,14.984607696533203,15.038413113350567,14.403517507475437,14.710203611303621,8436928,14.808846105786401
2019-01-02,14.70482349395752,15.09759857156549,14.516506844623809,14.979227578487809,4855494,14.772976303382272
2019-01-03,14.17753791809082,14.742487895356291,13.881613498797302,14.69406409539106,5818630,14.26721310408147
2019-01-04,14.317431449890137,14.511128198216367,13.935418033627734,14.1506366428791,4315539,14.254659227244746
2019-01-07,14.365854263305664,14.468083480504692,14.02688459222536,14.13987550882867,8949033,14.286940778678572
2019-01-08,13.774002075195312,14.344332108389176,13.7686219952864,14.231342733478098,8402007,13.962318726290297
2019-01-09,14.150633811950684,14.403516012071503,13.774000551426324,13.774000551426324,10233861,14.109383458482837
2019-01-10,13.99460220336914,14.355093724378397,13.903133148623814,14.199059093005955,4596972,14.084276358790452
2019-01-11,14.048407554626465,14.161396940735894,13.838569023734001,13.838569023734001,3861801,14.016124506365452
2019-01-14,13.40813159942627,14.156018186773046,13.21981493249927,14.059169043446479,7098597,13.594654906232861
2019-01-15,13.413512229919434,13.795524076596758,13.33818495295798,13.548023465219403,7706812,13.515740419824724
2019-01-16,13.774002075195312,13.956938646381383,13.365086754187088,13.504979607372292,10359313,13.698675825254595
2019-01-17,13.962318420410156,14.269006058971136,13.74171975532969,13.747099835120737,10281693,13.99101474490366
2019-01-18,13.827807426452637,14.129113451022176,13.612588837474394,14.043026015430879,7390093,13.856503238316401
2019-01-21,13.714818954467773,13.903134077690636,13.558784312668429,13.827808336274465,5704807,13.72557911494228
2019-01-22,13.720198631286621,13.790144290408909,13.365087176866464,13.698676771605546,5500312,13.62514336618733
2019-01-23,13.289761543273926,13.704058547938903,13.03149919513395,13.601829316958908,8908450,13.341773095448927
2019-01-24,13.725577354431152,13.897752214858249,13.144487200489703,13.413511189589379,7511077,13.589272256593034
2019-01-25,14.312049865722656,14.419659159041753,14.043025862742537,14.043025862742537,10127629,14.258244962502316
2019-01-28,13.956938743591309,14.57031249905818,13.580305438778096,14.338952128350908,7496592,14.035852227142527
2019-01-29,13.612587928771973,13.9354157906891,13.37584749669941,13.9354157906891,5708046,13.641283738720162
2019-01-30,13.316662788391113,13.639490669327643,13.203673414904518,13.623348890439626,7790875,13.38660895754109
2019-01-31,13.666393280029297,13.779384198437697,13.187532284596946,13.305901743746194,5866173,13.544436587687981
2019-02-01,13.644871711730957,13.720198992279073,13.289760247967452,13.677155271784398,6022819,13.551610317325826
2019-02-11,14.069929122924805,14.129114624651233,13.60720988786839,13.644871989544388,7679406,13.935417878481475
2019-02-12,14.381996154785156,14.494985532903994,13.806286025338004,13.897753543845406,8360656,14.227755904342386
2019-02-13,14.392754554748535,14.489603680838265,14.263623412871986,14.457321665051445,5104497,14.381993882819595
2019-02-14,14.42503833770752,14.581071418431343,13.93541569885208,14.473462131834799,11015512,14.313841818330312
2019-02-15,14.500365257263184,14.667160050001453,14.112971793760302,14.274386506568895,7814674,14.426832367008311
2019-02-18,15.237488746643066,15.70558952542329,14.640256824707237,14.640256824707237,12250194,15.194445032257866
2019-02-19,15.506516456604004,16.141412165998897,15.36124350081161,15.44195086951461,11810152,15.669724041138172
2019-02-20,15.339719772338867,15.65716758841811,15.092219154954343,15.49575441001339,6479278,15.363035505237107
2019-02-21,14.930803298950195,15.85624319743314,14.893139662426572,15.597980900182085,9126918,15.226728719603301
2019-02-22,15.221349716186523,15.28591529288803,14.715585262342342,15.129880661335811,8022283,15.074283423805632
2019-02-25,15.96385383605957,16.13064707984569,15.178303715618716,15.253630987763485,13835671,15.757601543841325
2019-02-26,16.410430908203125,16.73326030889708,15.872384472654312,15.969233600735434,11774863,16.338691896584837
2019-02-27,15.818582534790039,16.577229256286795,15.58184053480946,16.41043291664692,9437902,15.992550775295433
2019-02-28,16.012279510498047,16.08760525211799,15.603362624063093,16.060703311494073,5014848,15.901082462226377
2019-03-01,16.03380012512207,16.410431882689092,15.764776121690119,16.141409418621897,4856256,16.06966937650043
2019-03-04,16.614891052246094,16.74940229028861,16.141410139695378,16.46423803461632,10717534,16.501901160743362
2019-03-05,16.57184410095215,16.647169825394005,16.16830892616036,16.620267890905094,6221271,16.462440950835504
2019-03-06,16.587987899780273,17.050707078988967,16.24901825005379,16.948479407594714,10012684,16.62923774294101
2019-03-07,17.239025115966797,18.180606784209075,16.89467385010112,17.04532839481,15186042,17.438101916759
2019-03-08,16.249019622802734,17.002284719518496,16.033801023741088,16.996904639383168,12828748,16.428368455354107
2019-03-11,17.873918533325195,17.873918533325195,16.674074611906914,16.846249469173586,26869446,17.473970559519103
2019-03-12,18.966154098510742,19.66023512407419,18.594902459307242,19.100665316584323,25910143,19.07376389396406
2019-03-13,18.234411239624023,19.294363929767602,17.863159563765816,18.966155971091933,15179721,18.463978244385814
2019-03-14,17.26054573059082,18.562620465305102,16.94847955527857,18.50881504993401,16039837,17.59054858372483
2019-03-15,17.31435203552246,17.922345717565552,17.08299166233314,17.54033232870768,12026890,17.43989647180705
2019-03-18,18.229032516479492,18.37968553783045,17.421961989559783,17.486527570138765,16835242,18.010226681289907
2019-03-19,18.433488845825195,19.014579004452802,17.93310449915013,18.126801218692663,15869671,18.46039078314271
2019-03-20,18.142942428588867,18.76169620370033,17.76092908105909,18.632565061383048,6859047,18.221855904449427
2019-03-21,18.28821563720703,18.831642151528797,18.142942714965873,18.142942714965873,11062303,18.4209335012339
2019-03-22,18.670230865478516,18.78860186270595,18.029955158916508,18.27745577410096,9074539,18.496262629033655
2019-03-25,17.90082359313965,18.15908590189039,17.438102853612175,18.15908590189039,14736411,17.832670782880736
2019-03-26,17.378915786743164,18.024571500306546,17.082989866518787,17.89006027815534,7778641,17.495492384522834
2019-03-27,16.89467430114746,17.56185345341985,16.388909857164133,17.411200444053605,11743071,16.94847920391048
2019-03-28,16.749401092529297,17.27130730651996,16.555704369428096,17.03994694686346,8975790,16.858804256159118
2019-03-29,17.174461364746094,17.31435268629958,16.168312476650918,16.90005726248058,10428807,16.88570884256553
2019-04-01,17.20136260986328,17.717887233548733,16.625652488206,17.357395705093726,24678594,17.18163411053934
2019-04-02,16.518041610717773,17.35739566146151,16.437335792993398,17.271308224397004,22956379,16.77092435505756
2019-04-03,16.72249984741211,16.948480136739963,16.464237539245865,16.69559790848599,20061529,16.71173917446598
2019-04-04,16.46424102783203,16.787068981443422,16.362011791013813,16.695601446094805,21236263,16.537773933429758
2019-04-08,15.732495307922363,16.491140500342627,15.63564616667463,16.469618639994785,29236504,15.95309399164654
2019-04-09,15.877765655517578,16.0122784282756,15.517274133808083,15.791678219847537,16031385,15.802439405867085
2019-04-10,15.646405220031738,16.082224015760836,15.544177545136737,15.867005427511197,16496788,15.757602260309772
2019-04-11,15.867006301879883,16.01765932195653,15.458090961671841,15.813200882170083,18729711,15.780918861836085
2019-04-12,16.399669647216797,16.399669647216797,15.662544925521704,15.872383406127044,20032140,16.153961406651764
2019-04-15,16.03380012512207,16.647172328388713,16.03380012512207,16.399671723021488,13716876,16.23825752621095
2019-04-16,15.974614143371582,16.04993987684986,15.528035204078082,15.963853984030992,15213736,15.850863074766508
2019-04-17,17.136796951293945,17.28744996582689,15.84548385878963,16.02842043183346,31698342,16.756576925303488
2019-04-18,17.136796951293945,17.890062023958667,16.959240458213664,17.21750276884157,27188976,17.328699811155428
2019-04-19,16.614891052246094,17.1314156841196,16.46423803461632,17.12603560404546,15037915,16.736848256994005
2019-04-22,16.184452056884766,16.94309867999755,16.14140834235488,16.840869473147897,9996636,16.42298635974573
2019-04-23,15.694830894470215,16.302824573875533,15.587221598030974,16.184453578109967,11975851,15.86162568879224
2019-04-24,15.953092575073242,16.02841984928436,15.592601061415905,15.678688495163046,7120663,15.85803782859117
2019-04-25,15.388144493103027,15.899290616850365,15.345100771036401,15.899290616850365,9217773,15.544178626996597
2019-04-26,14.860857963562012,15.44194814483517,14.651019457705516,15.36124079037271,15430125,14.98460852203423
2019-05-06,14.677921295166016,15.684068561035497,13.800905179802841,14.850096162507757,18756963,14.720965012001452
2019-05-07,14.790909767150879,15.167543036229244,14.317428910767285,15.000748258798406,11294034,14.758627238049137
2019-05-08,15.108358383178711,15.479611593433681,14.365853502033502,14.462702634080586,11587845,14.984607826215298
2019-05-09,14.634878158569336,15.140642621120449,14.527268862214292,14.957706047634472,7969951,14.767596547301359
2019-05-10,14.833954811096191,14.946945725567092,14.285148175320208,14.812432952058609,11090731,14.688682903994497
2019-05-13,14.19905948638916,14.634878295220078,13.956938952170749,14.634878295220078,12098878,14.263625577926662
2019-05-14,13.989222526550293,14.2959102126367,13.967700664686246,14.091451755245762,8764177,14.08427780129108
2019-05-15,14.462702751159668,14.49498476919354,13.967698466812529,14.069927679421818,10228326,14.308461995721913
2019-05-16,14.500365257263184,14.731725627251933,14.365854022832545,14.516507036417,6249340,14.53264830244922
2019-05-17,14.1829195022583,14.613356699465424,14.118353922677231,14.5165075604114,5896819,14.304876708133653
2019-05-20,13.488838195800781,14.236723201284068,13.20905402117209,14.150635762936778,11763051,13.644871806085646
2019-05-21,13.774002075195312,13.854709431288132,13.316662956277309,13.488837828280772,7769338,13.648458154253584
2019-05-22,13.865471839904785,14.123734161124107,13.698677039276093,13.860090220355739,6706587,13.895961013434993
2019-05-23,13.332806587219238,13.849331274971947,13.311284725229541,13.849331274971947,8150055,13.49780752914024
2019-05-24,13.235955238342285,13.504979238175558,13.149867804693997,13.365086388814719,5701675,13.29693409373728
2019-05-27,13.542643547058105,13.634111065005728,13.230575814919709,13.295141393358879,5453266,13.469110142327848
2019-05-28,13.526500701904297,13.7901430749183,13.343564141057133,13.569544417472489,7621231,13.553402639293244
2019-05-29,13.499598503112793,13.639491361634958,13.289759985011967,13.4619364029488,5829778,13.476283283253238
2019-05-30,13.397370338439941,13.655632646947687,13.289759503863598,13.488837854528573,7189261,13.447587496417077
2019-05-31,13.7632417678833,13.82780734419268,13.284379255731826,13.451174046038917,11009185,13.625142789269269
2019-06-03,13.343564987182617,13.714818212023243,13.101444456599666,13.574925357873559,10668598,13.386609218601842
2019-06-04,13.144488334655762,13.370467088782458,13.053019277637993,13.343565149360673,4864858,13.189324900358736
2019-06-05,12.950790405273438,13.332805344180937,12.886225595006325,13.18215078493383,5395072,13.056607114820233
2019-06-06,12.401981353759766,12.886223909734042,12.15986007577263,12.886223909734042,10356003,12.482688446422145
2019-06-10,13.020737648010254,13.219814468674983,12.396602936741626,12.509593086869998,11277912,12.879051684475622
2019-06-11,13.172520637512207,13.253831248749538,12.86353473156856,13.107471217982043,7947618,13.096628872610102
2019-06-12,12.9556884765625,13.27009400460551,12.874376314343493,13.036999863331257,6301956,13.0333862651705
2019-06-13,13.638705253601074,13.801329552656913,12.982789987332971,13.112888030767413,13906051,13.474274931196987
2019-06-14,13.389349937438965,13.736281711644615,13.362246401468354,13.546553858049467,8297563,13.495959350183979
2019-06-17,13.32972240447998,13.497767118311673,13.009895718681049,13.308039265627519,5244264,13.279128413824234
2019-06-18,13.801331520080566,13.92600840944284,13.280934619457803,13.427296199292314,11139837,13.669424849660402
2019-06-19,13.936849594116211,14.652394691299275,13.85011704305164,14.148260575061192,16077900,14.14645377615571
2019-06-20,14.142840385437012,14.392197248849138,13.888063125229067,13.904325866516894,11911530,14.141033586505072
2019-06-21,14.47350788116455,14.625289848040326,14.186206688731929,14.20246787915048,12445458,14.428334805978935
2019-06-24,14.20246696472168,14.516873222742857,14.08321048816211,14.316304595724331,7682881,14.26751689187555
2019-06-25,14.110315322875977,14.408458868125903,13.801330983711718,14.289202380566183,8451949,14.106701724904532
2019-06-26,14.104894638061523,14.202467984900856,13.85011737546933,14.072369155181487,3774955,14.05249333281057
2019-06-27,14.137417793273926,14.337987974579766,13.93142876631966,14.104893863081273,5648466,14.135611511391119
2019-06-28,13.991058349609375,14.397617574390777,13.823013642567675,14.094052091821702,5762925,14.070563188855942
2019-07-01,14.690340042114258,14.89633064068607,14.47892904644857,14.527717272994813,13319061,14.688533243082967
2019-07-02,14.793333053588867,15.156525968017917,14.581922090618205,14.847541668845542,10457137,14.84392703740833
2019-07-03,14.57650375366211,14.63071237657712,14.408459038796137,14.625290428655315,10661091,14.538558389678457
2019-07-04,13.942270278930664,14.533136958442773,13.926007537544923,14.533136958442773,11260387,14.133804924972786
2019-07-05,13.87722110748291,14.126577976766264,13.725439137323601,14.02900307764222,10295482,13.90974607385759
2019-07-08,13.400191307067871,13.92058815505034,13.215883863901116,13.877220329393174,8308417,13.512221108673108
2019-07-09,13.394771575927734,13.579079028251256,13.286355883649309,13.46524138818361,6383859,13.420068829276099
2019-07-10,13.064102172851562,13.443557860283866,12.982790793723339,13.394771187896966,9606703,13.163483608952923
2019-07-11,12.901479721069336,13.253831128040474,12.847272647404806,13.129152687351379,7806460,13.000861165504872
2019-07-12,12.939423561096191,13.004472969767926,12.749696506862023,12.901477684979286,7246686,12.897864345908713
2019-07-15,13.145415306091309,13.226727466723307,12.64128192634352,12.988212932863119,11878744,13.004474899719378
2019-07-16,13.286354064941406,13.36766621074488,13.112887430140578,13.12915016948131,8686864,13.25563590194229
2019-07-17,12.939423561096191,13.313458048683728,12.83642827630755,13.270091776235905,16251696,13.029769962029157
2019-07-18,12.641282081604004,12.841851511629496,12.61417854469394,12.711752673380607,8633646,12.699104045975814
2019-07-19,12.841850280761719,12.971949106540874,12.565389888255929,12.673805576405226,6731337,12.793063091852842
2019-07-22,12.630439758300781,12.896058591605641,12.55996917072799,12.852692314776291,5235276,12.695489173544805
2019-07-23,12.896059036254883,12.939425314579477,12.527444895045601,12.630440193791626,5889888,12.787643081959986
2019-07-24,13.199623107910156,13.28635566027472,12.896058399183998,12.90147879598169,7831150,13.127345722456292
2019-07-25,13.25925064086914,13.302618468168918,13.064102397071844,13.21588436446974,6311892,13.208657168703303
2019-07-26,13.11830997467041,13.351404079503384,13.053260565244948,13.237568000733887,7836997,13.17432487313958
2019-07-29,13.573657035827637,13.60076057108302,13.172519751166726,13.270093098446258,11609566,13.448979119359128
2019-07-30,14.25667667388916,14.33798883057568,13.909746459653764,13.958533133305519,20545096,14.168137321372868
2019-07-31,14.19162654876709,14.527715952444554,14.018161450327188,14.142839877555945,14873692,14.245834650512945
2019-08-01,14.251255989074707,14.397617557973174,14.115736764602227,14.272939127026318,12884833,14.25487010388337
2019-08-02,14.25667667388916,14.468087660913953,13.79590881993248,13.79590881993248,14617083,14.173557718245197
2019-08-05,14.007318496704102,14.63071060572134,13.969374171246736,14.321724749395372,13551978,14.202467757890725
2019-08-06,13.920588493347168,14.197047338465294,13.57907868361259,13.671231631985298,15793054,13.898904838475017
2019-08-07,13.551974296569824,14.267517884328365,13.541133502508549,14.202468467259408,14298474,13.786875227802247
2019-08-08,13.448980331420898,13.844697224451977,13.34598503500583,13.600760751221488,10288794,13.546554196959569
2019-08-09,13.139995574951172,13.5736583857679,13.009896731706155,13.524871707276153,14881413,13.241183564141743
2019-08-12,14.066948890686035,14.104894770769635,13.297196698820576,13.362246114292288,18343285,13.823013453425416
2019-08-13,14.224152565002441,14.30004277297321,13.855539216957801,14.056107856845232,11685259,14.126578184977816
2019-08-14,14.240412712097168,14.836699742168044,14.224151522873614,14.527715434316903,30471379,14.433754659046274
2019-08-15,14.549399375915527,14.684918599012091,13.99647858831302,14.088631535946655,22476327,14.410265521080213
2019-08-16,15.080636024475098,15.622716038417257,14.43014186882499,14.500611681295316,33015183,15.044497977239116
2019-08-19,15.362518310546875,15.676924593218526,15.102320649398086,15.270365359948444,40409386,15.380587851054495
2019-08-20,15.237838745117188,15.81786304274051,15.096897580345978,15.373357962508532,27702774,15.384199789401224
2019-08-21,15.666081428527832,15.790759855693887,15.124002996175761,15.124002996175761,32138980,15.526948093465826
2019-08-22,15.882914543151855,15.991330241510882,15.389622727893167,15.747395307928194,20183095,15.754622504185301
2019-08-23,15.747393608093262,15.828704209910185,15.50887909744959,15.758234401308725,10783533,15.694992305151013
2019-08-26,15.264942169189453,15.541402549373839,15.156526485872073,15.351674715843357,13398252,15.320957068145121
2019-08-27,15.32999324798584,15.584770519241518,15.216157155835589,15.313730505992822,13844361,15.376973641020982
2019-08-28,14.961379051208496,15.32457199735317,14.852963362128023,15.32457199735317,17071039,15.04630480356323
2019-08-29,14.966800689697266,15.183632085848197,14.869227336879586,15.096899527387825,9797097,15.00655337080835
2019-08-30,14.527715682983398,15.118580775859822,14.327147054357503,15.118580775859822,16794411,14.65781450440024
2019-09-02,14.950536727905273,14.988482606861968,14.419300626112985,14.614448866732666,15742915,14.78610665362674
2019-09-03,15.118584632873535,15.281208976583029,14.885490463976913,14.939699095513637,17300407,15.09509469114449
2019-09-04,15.492616653442383,15.58476960114001,14.972221347525885,15.172789983956115,17711011,15.349869200702761
2019-09-05,15.508882522583008,15.877495938622332,15.28662915267792,15.308312294797881,19792608,15.557669204627752
2019-09-06,15.503458023071289,15.877493326275532,15.151107409319852,15.49261722924529,13336911,15.51068625288889
2019-09-09,16.69603157043457,16.7773437246926,15.384200961586238,15.535982925781067,33927072,16.285858752237804
2019-09-10,16.376205444335938,16.86949723206044,16.28947289048989,16.793607022895344,21884172,16.51172518896209
2019-09-11,16.06722068786621,16.679768945624076,15.975066188644835,16.479200307837047,14996847,16.24068527404504
2019-09-12,16.056377410888672,16.20815936732534,15.660660555046709,16.007590741187666,14269827,15.975065777753573
2019-09-16,16.061796188354492,16.213579680392233,15.899173455442801,16.072638531028666,12256302,16.058183108063176
2019-09-17,15.828702926635742,16.16479230347252,15.58476803916078,16.02927309386423,9749203,15.859421089756347
2019-09-18,15.882914543151855,15.942543564974441,15.693186683298439,15.844968661001076,8046853,15.839548263808245
2019-09-19,15.741975784301758,16.20274214017171,15.568509106400679,15.899178167920825,13299622,15.837742343624717
2019-09-20,15.546826362609863,15.985909545017954,15.432988718288875,15.731132270919252,15301753,15.65524154197223
2019-09-23,15.454671859741211,15.817864830220481,15.221577724875369,15.481776947002682,14692956,15.49803813827902
2019-09-24,15.953383445739746,16.19189794528325,15.405883090430605,15.449249363074879,19896508,15.850388160484535
2019-09-25,15.487194061279297,16.197318731549082,15.449249734977325,15.834125801685257,15703303,15.711254175935233
2019-09-26,15.042692184448242,15.71486950048023,14.961380024622486,15.546826334647573,14307865,15.239647236516987
2019-09-27,15.39504337310791,15.568508493276962,14.934277035383994,15.124004898294022,11103778,15.299276300589623
2019-09-30,15.015586853027344,15.541404133901672,14.91259310655028,15.481776665172982,7323115,15.156528031159766
2019-10-08,14.804177284240723,15.395042425730887,14.739126317279911,15.0155867232617,11878021,14.979448675750506
2019-10-09,14.896329879760742,14.955958897448802,14.684918894894222,14.809597327087337,6454549,14.845735890701256
2019-10-10,15.286625862121582,15.367938015293571,14.847542716433361,14.90174978461447,9971208,15.167368864616172
2019-10-11,15.432989120483398,15.573930304834594,15.026429860928616,15.286627538899596,11918292,15.344449762082201
2019-10-14,15.606452941894531,15.731131373283922,15.32999254430512,15.519720389780234,11520679,15.555858953161191
2019-10-15,14.912591934204102,15.422144882238998,14.896329193601842,15.395041348502103,12735561,15.077022003348313
2019-10-16,14.825860977172852,15.113162187788209,14.706602934486945,14.961380211306448,10334403,14.881875366482669
2019-10-17,14.912591934204102,15.096897824695349,14.755388026549442,14.78791350775396,8040972,14.921625928482962
2019-10-18,14.82043743133545,15.091477421282361,14.614448403768064,14.912591927439577,8110651,14.84212108546196
2019-10-21,14.66323471069336,14.885486473339071,14.47892727396014,14.858382940287214,6915819,14.675882819330857
2019-10-22,14.609025955200195,14.684917708106285,13.991057342794612,14.60360555882126,14700106,14.428333668700363
2019-10-23,14.885488510131836,15.058955177739993,14.42472218160218,14.668658665147714,10079224,14.789721956491336
2019-10-24,15.357096672058105,15.411305294672736,14.858384478145469,14.858384478145469,13207776,15.20892881495877
2019-10-25,15.606452941894531,15.628136079923104,15.243259992190824,15.373358820362268,10467772,15.492616338002819
2019-10-28,15.601034164428711,15.747395749038343,15.367940018702338,15.666083585266266,13702290,15.57212331072313
2019-10-29,15.454671859741211,15.666082855338146,15.36793930266559,15.666082855338146,8820010,15.496231339248316
2019-10-30,15.660662651062012,15.785341091118385,15.31373086758761,15.470934792398028,7503745,15.586578203256002
2019-10-31,15.991327285766602,16.07805982842268,15.54682378010429,15.638976718951326,12201459,15.872070298097858
2019-11-01,15.573929786682129,16.08890472825801,15.449251349077358,15.882914131267482,13979100,15.704028621339168
2019-11-04,15.503458023071289,15.709448614769313,15.395042330309277,15.698606270042909,10553199,15.535982989383292
2019-11-05,15.568509101867676,15.704029895472791,15.118583541115969,15.50888162765404,13855483,15.463707512818813
2019-11-06,15.058955192565918,15.63897956485339,14.97764303130402,15.63897956485339,12598047,15.22519259624111
2019-11-07,15.660662651062012,15.76365640068204,15.113162214605929,15.134845354141799,18593638,15.512493755449993
2019-11-08,15.975065231323242,16.126847187479974,15.676923266333436,15.817862878743124,15627172,15.926278561712218
2019-11-11,15.628137588500977,16.294896085867016,15.628137588500977,15.996750970568836,20844522,15.850390420956323
2019-11-12,15.487194061279297,15.92627874554763,15.416724254261029,15.850388542043405,13599366,15.61006568702932
2019-11-13,15.969646453857422,16.359944503013732,15.584770352574427,15.628136630158416,24094668,15.971453769815193
2019-11-14,16.34368133544922,16.63640292606566,15.931700158232836,15.931700158232836,21682882,16.303928139915907
2019-11-15,16.452096939086914,16.620141647178762,16.045537711764833,16.484620870804488,26340388,16.372592099343503
2019-11-18,16.576772689819336,16.750239333787142,15.964224467649652,16.435833077152093,26126107,16.43041216375204
2019-11-19,18.235536575317383,18.235536575317383,16.424993731452222,16.565933356537318,51109846,17.632022294028996
2019-11-20,19.363059997558594,20.056920383198193,18.799298434226422,18.972761979736024,92178942,19.406426271661072
2019-11-21,18.70172691345215,19.406429770106037,18.35479665809038,19.341380347225705,57442852,18.820984447216187
2019-11-22,18.566204071044922,19.026971928790612,18.27348247582688,18.571626018862233,51504949,18.622219491887474
2019-11-25,18.734251022338867,18.999869091837457,17.839820360348995,18.376478447362825,39873067,18.52464682484177
2019-11-26,18.81014060974121,18.89145276738441,18.192170382913467,18.620412758873883,28728294,18.6312545866797
2019-11-27,18.6420955657959,18.76677399851019,18.105437506160804,18.51199673624196,20909407,18.504769023488965
2019-11-28,18.52825927734375,18.875189485736765,18.322268690660213,18.376477311171804,14110842,18.575239151246908
2019-11-29,18.70172691345215,18.84266655424258,17.986183261768495,18.549944926731374,21579448,18.510192243154407
2019-12-02,19.52568244934082,19.6232573400191,18.10543621890324,18.484891886907274,27763372,19.084792002754387
2019-12-03,19.444374084472656,19.704571754984286,19.216700347324753,19.243803883611267,13666306,19.4552153955939
2019-12-04,19.45521354675293,20.598999449466923,19.35763865154067,19.460633943459072,25860099,19.80395054925351
2019-12-05,19.677467346191406,19.97560933392425,19.379322256657797,19.81298657251546,19410924,19.677466312257817
2019-12-06,20.474323272705078,20.859199368243118,19.08117891203888,19.51484323230597,35770518,20.138233850995693
2019-12-09,20.436376571655273,21.135658922341598,20.116549904370864,20.382167952211997,29169036,20.562861799455913
2019-12-10,20.588159561157227,20.924248986118737,19.89429757255606,20.54479328380093,19984089,20.46890203994401
2019-12-11,20.41469383239746,21.37417385297244,20.154496176153472,20.59357933334011,23629618,20.647787953841124
2019-12-12,20.571897506713867,20.59900104324196,20.024397073623764,20.284596297355005,13647717,20.39843187452653
2019-12-13,20.38216781616211,20.588158397411103,19.829247035672974,20.577316053234686,20396647,20.266524416415397
2019-12-16,21.731943130493164,21.796992539392683,20.49600436140226,20.57731495935148,30658186,21.341646677096037
2019-12-17,21.60184669494629,22.32281221959926,21.41211884367443,21.65605531712414,25667511,21.77892591940666
2019-12-18,22.21981430053711,23.060037764271424,21.5096912044941,21.66147315741702,24196263,22.263181089767546
2019-12-19,22.404123306274414,22.875731937982405,21.954197812220812,22.393282512897393,19565025,22.41135101882588
2019-12-20,22.837787628173828,23.58043630702709,22.463752314766545,22.463752314766545,20512455,22.960658749989154
2019-12-23,22.111398696899414,23.412388420242188,21.89456733482566,22.837784535296617,23794936,22.47278481732242
2019-12-24,22.875732421875,23.01667204415965,21.672317481150433,22.13308377832769,26155212,22.52157398239503
2019-12-25,23.824369430541992,24.117092562267803,22.5938509895841,22.7456329520974,26950512,23.511770994131297
2019-12-26,24.06288719177246,24.285140544348412,23.352763954987036,23.596700447992312,15516180,23.90026389703597
2019-12-27,24.0466251373291,25.418084883479427,23.69969335200017,24.06830827698088,24491629,24.3881344576029
2019-12-30,23.824369430541992,24.686276084867917,23.363603146351704,23.851472964694285,27436137,23.95808288725387
2019-12-31,23.927364349365234,24.192982391908448,23.363602783081518,23.363602783081518,18913306,23.827983174785064
2020-01-02,26.317934036254883,26.317934036254883,23.672589484758923,24.127935411090935,29679963,25.436152519089564
2020-01-03,26.92506217956543,27.852016675995465,26.030630062353545,26.691968068598758,34776934,26.935902972638146
2020-01-06,26.507661819458008,27.244888555275622,24.989842069245277,25.20667346213281,43173694,26.247464147992968
2020-01-07,27.59182357788086,28.09595620953731,26.171573990113615,26.426352831007417,32025165,27.28645125917726
2020-01-08,26.171571731567383,27.37498670749596,26.133627401934817,27.103948248604194,24656046,26.560061946999387
2020-01-09,25.39097785949707,27.04974024271641,24.25261233913693,26.48055670708616,41788975,25.564443480450137
2020-01-10,25.016942977905273,25.456026114657064,24.40981514159158,25.11993826643356,32130811,24.960928078051307
2020-01-13,25.369295120239258,25.564443353361064,24.697116321919417,25.044046514135957,32330488,25.21028493183991
2020-01-14,25.46687126159668,26.307093300984018,25.22293633109728,25.369297909757105,36015481,25.66563363122599
2020-01-15,24.881423950195312,25.74874943729738,24.637487493772625,25.190408267250348,25193563,25.089220293755105
2020-01-16,24.59954261779785,25.184988896334225,24.068306510763513,24.935632033187222,28962385,24.617612674965198
2020-01-17,24.377290725708008,25.109097019534996,24.176722087316282,24.800112691350396,24715602,24.55436994418643
2020-01-20,25.01152229309082,25.46144776861245,23.911101163830512,24.339343502590864,34245567,24.79469040851126
2020-01-21,24.82721710205078,25.569865766510066,24.637489250494003,24.82721710205078,26914291,25.011524039684947
2020-01-22,24.778430938720703,25.033208211703304,23.434074759227556,24.539916407841353,27324360,24.41523796988385
2020-01-23,25.743331909179688,27.10394930640297,24.12251528593277,24.58328316547205,51673381,25.656598833838476
2020-02-03,24.919370651245117,27.694817127100116,24.388134515232345,24.393554912318077,50475484,25.66744076452586
2020-02-04,27.055164337158203,27.212366712394335,24.789272359293044,24.789272359293044,59004948,26.35226780294853
2020-02-05,27.10394859313965,28.280260048311973,26.328777536243223,26.50766149455731,52690800,27.237662059231614
2020-02-06,29.272262573242188,29.581248435575013,26.72449012399011,27.049738726635244,45800811,28.52600037760244
2020-02-07,30.29679298400879,31.380953017479907,28.55671994550265,28.55671994550265,40297602,30.078155315663782
2020-02-10,29.228897094726562,30.35642023811164,28.198947294068883,30.193795932365553,32904279,29.26142154230236
2020-02-11,28.155582427978516,29.212635815512666,27.34246396036751,29.05543344942001,33125518,28.2368940679529
2020-02-12,28.171846389770508,28.936176665782455,27.960433842026166,28.112217368704204,39163714,28.35615229919304
2020-02-13,27.13105010986328,28.24231361615714,26.61607675957151,28.139318325738657,48906253,27.32981349519731
2020-02-14,26.963008880615234,27.456300679570536,26.697389265239035,27.066004178377415,30955110,27.038899608474935
2020-02-17,27.505088806152344,27.911648047820027,26.832909950066863,27.223206449851734,33398599,27.416548934679742
2020-02-18,27.27741050720215,27.852015950292714,26.83290698479666,27.45629754634362,31363570,27.320777814097173
2020-02-19,25.754173278808594,27.472564844061406,25.754173278808594,27.103949911835876,47969880,26.3269704672262
2020-02-20,25.94931983947754,26.448030447891185,25.315086908479103,25.976423373454306,44646114,25.904145731949274
2020-02-21,27.10394859313965,27.640606671683663,25.99268655503628,26.01979164199034,48281491,26.912413939953197
2020-02-24,28.51335334777832,28.91449373433859,27.109369749319352,27.418355634548046,57255054,28.179072277145423
2020-02-25,27.646028518676758,28.45914700452019,26.350459028158024,27.86285990811495,49739595,27.485211517118326
2020-02-26,26.56728744506836,27.25030702082803,25.586124354464385,27.114786254416813,39889770,26.467906273453593
2020-02-27,28.426618576049805,29.12590089772732,26.561865718243094,26.561865718243094,50363427,28.038128397340074
2020-02-28,27.673133850097656,29.08253952379027,27.103950252717762,27.109372200980825,42506742,27.95320787553523
2020-03-02,27.8953857421875,28.82234033139813,26.01979187364976,28.459147361804423,44100333,27.579172649078462
2020-03-03,27.049741744995117,28.383255581400025,26.07942087795745,28.02548456000875,44492923,27.170806068117532
2020-03-04,25.862585067749023,26.56186584177852,25.32592704425882,26.453451708685844,37553038,25.916792651262124
2020-03-05,25.938478469848633,26.572711424675038,25.62949413856421,26.019790625734128,21143229,26.04689467769596
2020-03-06,26.019790649414062,26.610655777525608,25.228355329815713,25.656597696908648,22151473,25.95293391891846
2020-03-09,24.209245681762695,25.69454293759729,24.04120097719817,25.510235492065153,28946674,24.648329865519386
2020-03-10,24.61038589477539,25.006102791649983,23.74306033948838,23.851474482998828,24525555,24.453183008637918
2020-03-11,23.927364349365234,25.206670992986282,23.86231493787096,24.70253689073042,17312214,24.332116760074157
2020-03-12,23.363605499267578,24.089989903284206,22.864893286499278,23.585857293319634,23660973,23.439496229683687
2020-03-13,22.95704460144043,23.303974811610686,21.899989678702454,22.024668110707484,21098374,22.720336363917855
2020-03-16,22.91367530822754,24.252609299537,22.63721494567333,23.09256078656843,37147992,23.267833184479287
2020-03-17,23.48285675048828,23.949044925120766,21.52053072060279,23.694267702958832,32760390,22.98414413207061
2020-03-18,23.98699378967285,25.206671439995198,23.499122419363843,23.499122419363843,27936015,24.230929216343963
2020-03-19,24.995262145996094,25.233776675115514,23.645485579394972,23.851474624547887,32819311,24.624841466835523
2020-03-20,26.01436996459961,26.33419508627236,25.152463292231186,25.152463292231186,31709709,25.83367611436772
2020-03-23,25.721647262573242,26.55644886346651,25.206672339672224,25.315088031288205,21576376,25.828256155237327
2020-03-24,25.320507049560547,26.198676430188375,24.301398052955637,26.187832535266594,26187879,25.273527177568184
2020-03-25,27.59182357788086,27.754444806169253,25.965584929687545,25.965584929687545,32549242,27.10395110457922
2020-03-26,27.4020938873291,28.67597870167333,27.109370732996183,27.228628773917134,29823180,27.72914777399954
2020-03-27,26.963008880615234,27.770705418970334,26.561868483593877,27.67855401703639,18221545,27.098527594393147
2020-03-30,25.53191566467285,26.448027736554337,24.7459008527229,26.04689051194002,22738291,25.575281417983362
2020-03-31,25.792118072509766,26.48055812863782,25.42350470675071,25.943900046645847,15323956,25.89872696929943
2020-04-01,25.835485458374023,26.91422206566772,25.152465770031103,25.819222715580022,16043004,25.96739109802428
2020-04-02,26.285409927368164,26.442612289600554,25.22293461813448,25.75417072185096,14298043,25.98365227836773
2020-04-03,26.21493911743164,26.822066956190568,25.84090383930672,26.290827770926057,11067130,26.292636637642975
2020-04-07,26.670284271240234,27.120209767688348,26.296250532436545,26.713650546779803,20252104,26.695581523788377
2020-04-08,26.21493911743164,27.00095089862809,26.0902591404897,26.334194045123123,11925336,26.43538305218314
2020-04-09,26.507661819458008,26.767859490923048,25.759594289446248,26.453454746686354,11586750,26.34503853327577
2020-04-10,26.036052703857422,26.719072314455953,25.83548251766241,26.507659783998896,9831955,26.19686917865859
2020-04-13,25.098257064819336,26.258304208923054,24.77300843367016,25.884270454362078,12448873,25.376523235804182
2020-04-14,26.648603439331055,26.778702269635488,25.233775945694678,25.320508499230964,19122937,26.22036055155374
2020-04-15,26.946746826171875,27.61892570183213,26.670286409714915,26.838329577729503,17366245,27.07865297923964
2020-04-16,27.689393997192383,28.085112434668314,26.789542981551698,26.789542981551698,16234170,27.5213498044708
2020-04-17,27.217782974243164,28.188103772247825,26.96842611570439,27.543031590041686,12568927,27.45810428739846
2020-04-20,27.049741744995117,27.26657313702027,26.659445239349843,27.049741744995117,9588168,26.991920040455074
2020-04-21,27.087684631347656,27.347882287906394,26.475137920157756,26.887115992142057,9977791,26.9702349464706
2020-04-22,27.418354034423828,27.537608962256986,26.40466388433745,26.81664504059932,12280231,27.120208960339422
2020-04-23,26.07399559020996,27.608080981815668,25.786694420301643,27.608080981815668,23071632,26.48959033077576
2020-04-24,25.31509017944336,26.274568743937905,24.94105484845352,26.12820716011147,23012899,25.510237923944928
2020-04-27,24.82721710205078,25.51023674729501,24.7459049441121,25.342192034461853,12240403,25.027786264485965
2020-04-28,25.20667266845703,25.36387503562559,24.23092988028563,24.82721696740144,13997103,24.933825861456086
2020-04-29,25.450605392456055,25.981843017882813,25.006100313964254,25.006100313964254,10061572,25.47951624143437
2020-04-30,25.634916305541992,25.89511398162261,24.67001581462612,25.499397070308458,19296814,25.400015367263574
2020-05-06,24.74590492248535,25.315088476658243,24.51281079368505,25.315088476658243,36300850,24.857934730942883
2020-05-07,25.054893493652344,25.46687317313237,24.577862840195937,24.68628009622284,29425258,25.033209835660216
2020-05-08,24.70796012878418,25.41266294313186,24.50739147466926,25.1090989879145,27639055,24.876004848861765
2020-05-11,24.3935546875,25.098257481865584,24.33392566740513,24.92479236951719,23415177,24.60857927892357
2020-05-12,24.474864959716797,24.653750455309563,24.220087707872363,24.496546546188338,17939110,24.44956770763291
2020-05-13,24.220090866088867,24.556180314627763,23.85689788002602,24.393555987683,29175076,24.211056353580883
2020-05-14,24.767589569091797,25.542763763603453,24.344769114058767,24.350189511339835,48926044,24.885040815584674
2020-05-15,24.398977279663086,24.854323240544197,24.16046272872536,24.778433022514303,30950028,24.47125441631088
2020-05-18,24.100830078125,24.32308340306204,23.52622615275413,24.176721835640173,21249939,23.983379877980394
2020-05-19,24.371871948242188,24.626649223908267,24.122515069700803,24.209247627297728,22678230,24.37367874728375
2020-05-20,23.976150512695312,24.49654579363295,23.90568070612674,24.431496383515746,15589386,24.126125670818336
2020-05-21,23.72679901123047,24.10625318882598,23.56959508179326,23.959891604926053,17622378,23.800882427283238
2020-05-22,23.249765396118164,23.94362734364207,23.076300296962266,23.64006342011925,14577654,23.423231012240834
2020-05-25,22.71310806274414,23.22266258277795,22.30654883625552,23.146770824091906,19898788,22.747439827259203
2020-05-26,23.114246368408203,23.255187538101076,22.718529495374927,23.011251077198068,19326459,23.029321133961403
2020-05-27,23.1413516998291,23.802688222701125,22.97872893083135,23.24976739612776,18249945,23.30758961778719
2020-05-28,23.233505249023438,23.406970355964866,22.57216875335904,22.98956877921176,16072662,23.070881452782448
2020-05-29,23.69969367980957,24.084571352577782,23.05461987852152,23.146772835591097,16996332,23.612961636969626
2020-06-01,24.4477596282959,24.63748746611154,23.69427022449686,24.068305503564922,23434057,24.25983910630143
2020-06-02,24.371871948242188,24.848901015025262,24.241773111846804,24.848901015025262,20676580,24.48751535837142
2020-06-03,24.496545791625977,24.556176356187205,24.187561481319637,24.426077535963454,17436478,24.413427876377607
2020-06-04,24.377290725708008,24.989840536213016,24.20382562203941,24.39355346690203,15828777,24.523652294653477
2020-06-05,25.385557174682617,25.41266070914785,24.285137546030597,24.393553234791874,24686686,25.02778514328702
2020-06-08,24.91394805908203,25.36387354646614,24.865161387807937,25.36387354646614,16822792,25.04766099778537
2020-06-09,25.515653610229492,25.727064571228617,24.816372870971076,24.973575217219054,18869451,25.35303035080973
2020-06-10,25.835485458374023,25.878851738557685,25.28256461058209,25.559025034478054,19293424,25.66563393583793
2020-06-11,26.724489212036133,27.429193459786212,25.640332409882678,25.905951989585443,34948948,26.598005027235008
2020-06-12,27.819494247436523,27.895386010873857,26.07399919738251,26.198679187701185,33669013,27.262959818564298
2020-06-15,27.59182357788086,29.185535188795505,27.44004004265037,27.770707549358313,42707949,28.07246626977558
2020-06-16,27.7490234375,28.45914661593917,27.271994387249332,28.242315229461592,30954957,27.826721480229498
2020-06-17,27.21236228942871,28.40493633102764,26.892535642834456,27.85201558261722,33571888,27.5032780877636
2020-06-18,27.000953674316406,28.014643927405498,26.724493260165005,27.374987439991564,32541147,27.246696953962303
2020-06-19,27.933326721191406,28.524194908011623,26.941321282453327,27.12563027002686,30377982,27.799614303885452
2020-06-22,27.862857818603516,28.350727632802545,27.6460264454261,27.91706488644771,27490429,27.953203965610722
2020-06-23,29.765554428100586,30.616617162119233,27.917064296734594,28.171843093461572,43617885,29.433078628984806
2020-06-24,30.41063117980957,30.817190403594186,29.640879008086685,29.976965319545357,29642290,30.289566863830146
2020-06-29,30.05828285217285,30.72503981592195,29.70050870454087,30.19380054282032,21403225,30.161277124211892
2020-06-30,31.24542999267578,31.79835076354719,29.825183738790628,30.356419821686394,28852257,30.956321498337868
2020-07-01,30.72503662109375,31.64656922887885,29.630035804075334,31.494788810775784,28396936,30.667213884682642
2020-07-02,29.966121673583984,31.23458744769605,29.657135824415576,30.725032979555326,38234089,30.285948315231867
2020-07-03,29.727611541748047,30.24258490393582,28.730184096086283,29.949861766700334,28121725,29.566793513923386
2020-07-06,30.069122314453125,30.35100468174932,29.169271240508884,29.543305013001145,46597915,29.863132745570443
2020-07-07,30.762981414794922,32.0585508941246,29.45115229547356,29.83060489736264,44322627,30.75756153479769
2020-07-08,31.321325302124023,31.440580243220598,30.193798944457814,30.83887428427555,31229934,30.985234829934143
2020-07-09,32.54642105102539,33.500482267211574,30.898502489814398,31.066545653604667,38561599,32.315135269350456
2020-07-10,32.51389694213867,32.958400491828854,32.12359735972692,32.35669147892805,22817937,32.53196493123148
2020-07-13,32.96382522583008,33.24028564402336,32.18865104491139,33.0017695570327,21524868,32.79758730492161
2020-07-14,33.39206314086914,34.59547806100688,32.36211332266834,32.52473763118441,31408618,33.44988484151479
2020-07-15,32.74156951904297,34.096767975403274,31.982658135337136,33.41374835042817,35070681,32.94033187659446
2020-07-16,31.185802459716797,34.216026050396295,30.8985012675431,32.839142903441726,31120198,32.1001099258854
2020-07-17,32.94756317138672,33.46253658552344,31.104494712211295,31.54899830875675,31056388,32.504864823040485
2020-07-20,33.760677337646484,34.24854715133996,32.307905587962885,33.43000988161865,42065158,33.439043358983106
2020-07-21,34.397361755371094,35.083023585974495,33.066850668193105,33.76883815116799,26094750,34.182412003179564
2020-07-22,34.93609619140625,35.22995170954646,33.54844686341071,34.36471080766693,23286406,34.571498254787805
2020-07-23,34.225948333740234,35.18097567906439,33.49130951902941,34.49531382326759,25831950,34.29941117727801
2020-07-24,30.830291748046875,34.1524859891142,30.822127364293852,33.71170268045267,44615918,31.93496836715164
2020-07-27,30.20176887512207,31.418003640435533,29.385504851470124,30.830292546990087,24105512,30.33509245567591
2020-07-28,30.55276107788086,31.140472141000547,30.185441663431053,30.756827073264084,21831231,30.626224960770816
2020-07-29,32.04652404785156,32.087339739882395,30.511949932536087,30.740502861668155,26110164,31.548604573423347
2020-07-30,31.213939666748047,32.5526122544853,31.01803491824488,32.5526122544853,21366671,31.594862279826074
2020-07-31,31.328210830688477,31.924083132122178,30.85477625174674,31.27107260409893,20830347,31.369023404852467
2020-08-03,31.173118591308594,31.95673433626687,30.218091280921673,31.809806578699682,30265530,31.11598140283238
2020-08-04,30.52010726928711,31.426160712718907,30.471133427241966,31.12414393617488,23932012,30.80580046974933
2020-08-05,30.658876419067383,30.895590608395384,30.21809311954629,30.495622999192904,23256081,30.590853382336352
2020-08-06,29.940563201904297,30.495622960493144,29.605895092796313,30.495622960493144,27489375,30.014027085064583
2020-08-07,29.27939224243164,30.40583756642088,28.593730277455638,30.063008140833084,23257393,29.426320028769386
2020-08-10,29.614057540893555,29.793636621052926,28.65086575171167,29.540593654810188,24312811,29.352853304552713
2020-08-11,28.96104621887207,29.752823291803082,28.895746718335513,29.61405679323784,16165509,29.203205409670222
2020-08-12,28.53658676147461,29.14062345066845,27.818276732022273,29.099810876190453,18717060,28.498495648055112
2020-08-13,28.805957794189453,29.12430026136206,28.405987057357137,28.830444718187316,13824118,28.77874837096955
2020-08-14,29.32836151123047,29.68751649812055,28.56923585233586,28.822278776567263,16543566,29.195037953895625
2020-08-17,29.499780654907227,29.58140892372162,29.058997344709702,29.467129347381466,17184962,29.380062307779514
2020-08-18,29.82628631591797,29.94872404356824,29.165111376926703,29.45080563571056,16411966,29.646707245470974
2020-08-19,28.773305892944336,29.826287196338566,28.756980239349073,29.818122812640915,17043094,29.11885777621066
2020-08-20,28.822282791137695,29.0998126740544,28.226410448304776,28.69168067645925,11528536,28.716168637832293
2020-08-21,30.030349731445312,30.7568241067323,29.1242963011257,29.1242963011257,27860063,29.970490046434435
2020-08-24,30.560922622680664,30.764988619900542,29.695684787300394,30.144629358424123,22602416,30.340532009960537
2020-08-25,30.454811096191406,30.813966136818085,30.16911682664286,30.57724882845502,15310010,30.479298019884116
2020-08-26,30.495622634887695,30.75682685804648,30.28339225744621,30.52827394123253,14476780,30.511947250126795
2020-08-27,30.120141983032227,30.618060393182333,29.630381728776445,30.42215878251999,17396642,30.122861368330334
2020-08-28,30.879268646240234,31.018032031758285,29.801797300441002,30.046678991731767,25103871,30.566365992813175
2020-08-31,29.91607666015625,31.687368034557082,29.8670996994917,30.895590963047017,28928417,30.490181464735013
2020-09-01,29.589569091796875,29.818122008365805,28.895745958612654,29.67935862724894,19339874,29.434479019591777
2020-09-02,30.169113159179688,30.560919459634004,29.67935606206171,29.79363251046926,18638064,30.136462893625133
2020-09-03,30.185441970825195,30.65071219593305,30.030352933722583,30.446646198471708,15828320,30.288835700160277
2020-09-04,29.32836151123047,30.201763615326485,28.993693444369377,29.630378275519845,21901991,29.507939523642108
2020-09-07,27.981529235839844,29.418155635599696,27.83460146509622,29.385504327923314,22339077,28.411428778845252
2020-09-08,28.071319580078125,28.405987708858405,27.60604933064701,28.201921700728963,17018411,28.02778553986118
2020-09-09,27.30402946472168,27.875414846506253,26.94487133764575,27.622371903684563,16539277,27.37477188295789
2020-09-10,26.77345848083496,27.94888062943457,26.61020505866279,27.655025092284667,16690802,27.110848056310772
2020-09-11,27.43463134765625,27.597884757381088,26.748969517851755,26.912222927576597,13559695,27.2604952076297
2020-09-14,27.255054473876953,27.687673397652762,27.018337166459983,27.589722589473347,12916917,27.32035501266323
2020-09-15,27.320356369018555,27.891738663183894,27.206079910185487,27.206079910185487,13945661,27.472724980795977
2020-09-16,26.928550720214844,27.687673375240923,26.814271144664634,27.385656567215488,14079367,27.143498413373464
2020-09-17,26.691831588745117,27.222401284009266,26.06330797827542,27.222401284009266,20005370,26.6591802836766
2020-09-18,26.871408462524414,26.936711074905734,26.2020722546156,26.50409216617929,17672681,26.670063930681916
2020-09-21,26.275535583496094,26.92854923836238,26.22656173904104,26.8632466273558,20208297,26.476882186966503
2020-09-22,26.48776626586914,27.05915166367308,26.185749470924165,26.52857884132658,23166130,26.577555800155462
2020-09-23,27.426467895507812,27.614211347033766,26.300025869151533,26.300025869151533,20155153,27.11356837056437
2020-09-24,27.7121639251709,28.89574736938882,27.206081107859823,27.279541879943594,31397042,27.93799746747318
2020-09-25,27.459121704101562,28.13662234937717,27.40198347062051,27.712164676517787,15797230,27.66590917469975
2020-09-28,27.116291046142578,27.679512084545763,26.94487323984592,27.54074869932471,10366586,27.24689212351142
2020-09-29,27.132614135742188,27.32035446413508,26.773456017251654,27.108124100699808,12610010,27.075474872376304
2020-09-30,27.181591033935547,27.997855047650127,27.083640224153825,27.46728530701571,12925667,27.421028768579834
2020-10-09,28.332521438598633,28.454962278699025,27.410145401362026,27.655023967762897,16231712,28.06587637288656
2020-10-12,26.651018142700195,28.41414807933992,25.630686689277347,28.357009854238612,56980899,26.89861763710582
2020-10-13,26.455114364624023,26.602042124004214,25.655176071220687,26.471440017199583,35181356,26.23744418661631
2020-10-14,25.68782615661621,26.7244833121711,25.679663330221295,26.22656180038094,31205870,26.030657599669535
2020-10-15,25.80210304260254,25.924542319380084,25.32050720463097,25.712313513079064,22462790,25.682384188871197
2020-10-16,25.451108932495117,25.957191684226533,25.312344005684917,25.687824656524366,17930432,25.573548207468857
2020-10-19,24.49608039855957,25.344994064819716,24.463429094484244,25.328669969681926,24055110,24.768167852621175
2020-10-20,24.7409610748291,24.76544955498723,23.998160969265875,24.389967310395928,12604579,24.50152386636074
2020-10-21,24.251203536987305,24.81442615252776,24.12060141699243,24.602197318311067,16707087,24.39541036883583
2020-10-22,23.932861328125,24.28385511332071,23.263525066542527,24.194065570996198,16902350,23.826747169329412
2020-10-23,22.683977127075195,24.161414519404126,22.610513243106904,24.08795063543584,21208573,23.15196829652874
2020-10-26,23.018646240234375,23.394126946257025,22.284007368624703,22.488073375871817,16418966,22.89892685170537
2020-10-27,23.328824996948242,23.57370357355028,22.790090882903744,22.814579363323954,17441157,23.23087315113409
2020-10-28,23.769609451293945,24.06346344603089,23.18189834801986,23.3941271845466,20054895,23.671657081781564
2020-10-29,23.475751876831055,23.696143521568438,23.116595295433093,23.49207752982641,14528571,23.429496897944194
2020-10-30,22.839065551757812,23.989997627164126,22.692137787765525,23.908372475523937,18210540,23.173733655562486
2020-11-02,22.488073348999023,23.12475985133322,22.349308401960805,22.896205363005542,23895361,22.65404720076435
2020-11-03,23.149246215820312,23.23903419199921,22.528885424430072,22.773763987681512,21283623,22.972388610749864
2020-11-04,23.50840187072754,23.679818115163872,22.830902833364835,23.263523300847034,19892894,23.339707606418745
2020-11-05,23.2471981048584,24.079787749865687,22.97783104993251,23.87572175198547,22208747,23.43493896821887
2020-11-06,23.500242233276367,23.53289198497483,22.937019615152074,23.190061029190492,18480496,23.323384611134426
2020-11-09,24.561386108398438,24.82259036294449,23.2635261063351,23.54105601601532,39890066,24.215834192559342
2020-11-10,24.243040084838867,24.487918648564538,23.328823770256484,24.487918648564538,31839361,24.019927501219964
2020-11-11,23.46759033203125,24.20222763104526,23.361476695565912,24.079788340692936,20019081,23.677098219547474
2020-11-12,23.50840187072754,23.90837258877899,23.3288243566085,23.5247275238929,11973624,23.581866272038344
2020-11-13,23.018646240234375,23.50840341210738,22.757440443162004,23.377801292021235,17333977,23.094830031834586
2020-11-16,23.0676212310791,23.14924794388958,22.61867508907148,22.953344767284456,18348610,22.94518142134672
2020-11-17,22.44725799560547,23.010480541245357,22.292167413522044,22.830901480864586,18380165,22.58330198345762
2020-11-18,21.035123825073242,22.28400675883449,20.480064051446004,22.047291006493484,62715781,21.26639821178458
2020-11-19,21.377954483032227,21.56569482838474,20.814731890074672,21.01879788899697,33012215,21.252793733830547
2020-11-20,21.165725708007812,21.53304357280751,20.782080632699213,21.467742515272008,30449434,21.160283304504844
2020-11-23,20.977985382080078,21.467742535610338,20.586177479595843,21.386117381288642,32272186,21.010635132428753
2020-11-24,21.149396896362305,21.6228298820265,20.77391626082509,20.89635553080897,27024626,21.182047679737966
2020-11-25,20.68412971496582,21.141237115286057,20.675966888204744,21.100424538380683,19428956,20.833777906152207
2020-11-26,20.32497215270996,20.790242357603212,20.21885852367639,20.659640249454228,18185456,20.444691011329855
2020-11-27,20.749431610107422,20.87187090266819,20.11274510913132,20.36578807824366,18182012,20.578015873968976
2020-11-30,21.998313903808594,22.24319246414008,20.488225296698,20.773917988351343,42488012,21.57657722154889
2020-12-01,23.44310188293457,23.614518135179903,21.794249760617827,22.07994091952664,60591584,22.95062325957743
2020-12-02,23.549217224121094,23.973674887018888,22.945182037797334,23.059458502077486,36804862,23.489358049645773
2020-12-03,23.271686553955078,23.88388454677673,23.12475878657388,23.500241031759163,25736798,23.426776629101898
2020-12-04,23.549217224121094,23.557380051126827,23.108433907211833,23.263524506520653,16608878,23.40501039415325
2020-12-07,23.141084671020508,23.630843381546345,22.969668421731456,23.590029247477514,19044727,23.2471988247661
2020-12-08,23.255361557006836,24.120600975355796,23.173734844279565,23.30433696188318,30128848,23.516565792214067
2020-12-09,22.577863693237305,23.500242949559148,22.569700865838865,23.18189890862057,20335533,22.882602502878438
2020-12-10,22.03912925720215,22.879881785646123,21.941176886578532,22.49623668734542,22565764,22.286729309808933
2020-12-11,22.022802352905273,22.365633295283413,21.71262271784887,22.218705526135636,23404566,22.033686122012522
2020-12-14,22.29216957092285,22.365633456024725,21.231026985740307,21.900363221646224,22805961,21.96294333756263
2020-12-15,21.924850463867188,22.39012067196445,21.802409624346897,22.12891645386774,16184381,22.039126920059513
2020-12-16,21.467744827270508,22.07994289143488,21.304492944300122,21.957503589982043,15328260,21.61739355433517
2020-12-17,21.24735450744629,21.712624782728295,21.002474349945114,21.69629912751485,21356142,21.3208178800399
2020-12-18,21.52488136291504,21.582019591150885,20.937170313860733,21.263675587279817,21501761,21.34802375597555
2020-12-21,23.0676212310791,23.083946885021206,21.30449108473293,21.386117797543413,38193830,22.485353066944413
2020-12-22,22.790090560913086,23.345150320728877,22.659488447650546,23.10027019068662,31151577,22.9315764430975
2020-12-23,22.708465576171875,22.749279712729766,22.079941885281396,22.65949016920252,27801029,22.512562391394344
2020-12-24,21.884037017822266,22.97783088306918,21.737109251311484,22.52888631375291,21783827,22.19965905073431
2020-12-25,22.128917694091797,22.504398389424804,21.565695094192254,22.02280250148027,22240811,22.066337059236286
2020-12-28,21.116750717163086,22.202381792990256,20.986147042637214,22.202381792990256,28320271,21.43509318426352
2020-12-29,23.230873107910156,23.230873107910156,21.149400493466505,21.214701552357678,66404653,22.537048903095606
2020-12-30,24.087949752807617,24.479756081681963,22.659487816499098,23.043131318909403,71725635,23.742397883662893
2020-12-31,24.07978630065918,24.226714059394308,23.328823411379577,24.218551233142367,38873575,23.878441257144356
2021-01-04,24.569543838500977,24.953187313158125,23.769605585692535,24.071622358514162,43601981,24.430778912450545
2021-01-05,25.173582077026367,25.744967504155127,24.24304160811957,24.324666763223647,43608514,25.05386372976702
2021-01-06,24.64301109313965,25.49192486067967,24.308342970939247,25.18174521945737,33244642,24.81442630825286
2021-01-07,23.6879825592041,24.43894553018804,23.181898174821413,24.259366446907045,43046178,23.76960875473785
2021-01-08,24.838912963867188,25.508249173064403,23.312498648315028,23.426776663302338,69925572,24.553220261748873
2021-01-11,24.234878540039062,25.279695461213382,23.63084336826015,24.487919943523465,62704595,24.381805789837532
2021-01-12,22.675811767578125,23.834906571181467,22.112589239029358,23.834906571181467,81237693,22.874435859262984
2021-01-13,22.186054229736328,23.459425545452124,21.875873059394074,23.108431800701638,92078721,22.50711761152751
2021-01-14,21.271839141845703,22.422771243105927,21.116750104725536,22.09626595851083,87271209,21.60378682989239
2021-01-15,21.133075714111328,21.859551775853397,20.70045676489089,21.345304553515746,75172530,21.231028084951873
2021-01-18,21.859548568725586,21.949336542181033,20.553525971565673,21.11674851824024,59907809,21.454137027490763
2021-01-19,21.492231369018555,21.88403772103749,21.239189961285497,21.875874894091258,41659281,21.538486350447183
2021-01-20,21.69629669189453,21.908525515144063,21.149399758839966,21.3126531788473,32270993,21.58474065529285
2021-01-21,22.700302124023438,22.937019438843098,21.892200925221964,22.03096587189899,67670797,22.509840829362833
2021-01-22,22.357471466064453,22.806417620370624,21.941176620536954,22.773766311591952,52087143,22.368355235657344
2021-01-25,21.353466033935547,22.137080280532274,21.1820513419019,22.02280226227649,55718449,21.557532552123238
2021-01-26,21.369789123535156,21.78608389882608,20.986144094614197,21.141234671346073,38660424,21.380672372325147
2021-01-27,22.855390548706055,23.239034043861075,21.182050077721474,21.426928639411926,89695714,22.425491556762868
2021-01-28,22.634998321533203,23.581864352279425,22.23502918414039,22.9533423117478,84041484,22.81729728598434
2021-01-29,22.267681121826172,22.86355343181314,21.508555399040063,22.773763899083622,59979322,22.213263317559793
2021-02-01,22.634998321533203,22.765600425298206,21.222862101511666,21.386115509667864,56876870,22.207820282781025
2021-02-02,21.802410125732422,22.73295212022638,21.769760376169465,22.65132541096902,47397287,22.101707540709423
2021-02-03,21.590181350708008,22.16972798777577,21.353464066114217,21.712620627577266,38787681,21.704457801532666
2021-02-04,19.476058959960938,21.65548383752949,19.443407653618348,21.630995357772548,87227654,20.191650150369593
2021-02-05,19.059762954711914,19.908676626882656,19.043437302560584,19.516870316650007,43339660,19.337292294718385
2021-02-08,18.741418838500977,19.263828805508233,18.19452350723223,19.182202102203984,51428848,18.733257050413812
2021-02-09,19.08424949645996,19.28831547359315,18.4802143909737,18.774069896253447,44613665,18.950926453675603
2021-02-10,19.33729362487793,19.56584653698475,18.92916164537295,19.01894962217208,36697403,19.27743393574521
2021-02-18,19.70461082458496,20.08009304297509,19.484220746140643,19.95765376452827,35808763,19.756308204566896
2021-02-19,20.757593154907227,20.782080077766665,19.541360017722372,19.696449052165423,43687533,20.360344416798753
2021-02-22,20.12906837463379,20.733103495567256,20.088255800923378,20.724940669445196,42760208,20.31680922370814
2021-02-23,19.64747428894043,19.99846805908137,19.574010404171393,19.916841347460217,24938093,19.739984250731066
2021-02-24,19.778076171875,20.496389357402535,19.606661480699117,19.631148404067094,33908967,19.960375669992217
2021-02-25,19.476058959960938,20.039279982270806,19.32913119521924,19.98214175307125,26221843,19.614823379150327
2021-02-26,19.263830184936523,19.729100403117577,19.01895005748861,19.18220347578722,25051322,19.337293548514236
2021-03-01,19.84337615966797,19.87602746493238,19.19036562337899,19.271992329640096,22105513,19.636589749326447
2021-03-02,19.982141494750977,20.047442549691993,19.63114774060552,19.916840439809956,24142262,19.886910595016165
2021-03-03,20.259674072265625,20.545366809611792,19.74542839056266,19.769915316372224,28118319,20.18348975748003
2021-03-04,20.275997161865234,20.406599272658248,19.851539523337948,19.998467287205084,22130979,20.178045319287143
2021-03-05,20.439250946044922,20.692292345640368,19.908678109902862,20.15355823971458,37281698,20.346740467196053
2021-03-08,20.439250946044922,21.353465738022013,20.41476246599375,20.806568805412503,45510281,20.73582638335356
2021-03-09,19.49238395690918,20.341299278242268,19.22301689473619,20.16172175576029,37329985,19.685566709962547
2021-03-10,18.594493865966797,19.745425943378397,18.349613739919665,19.712774637145458,39699819,18.896511183088286
2021-03-11,18.814884185791016,19.3536182900305,18.365939617891446,18.58633126696214,42655035,18.844814031237654
2021-03-12,18.080245971679688,18.708769579554897,17.73741505437502,18.6108172216536,45143684,18.175476868536535
2021-03-15,16.276302337646484,17.468046864983688,16.276302337646484,17.468046864983688,82996438,16.673550513425553
2021-03-16,16.29262924194336,16.504858075926,15.884497228184458,15.900822882390832,42222875,16.22732818201794
2021-03-17,16.366092681884766,16.44771939378669,16.088562795558236,16.292628796863035,28115859,16.300791623743233
2021-03-18,16.162025451660156,16.423231221264896,16.121212877262497,16.374254263707805,23769698,16.235489850062518
2021-03-19,15.729408264160156,16.11305179856647,15.623293068177503,15.998775332339077,34987540,15.821917710301378
2021-03-22,15.75389575958252,15.876336614291823,15.615130806892097,15.704920351838883,25386141,15.748454393588814
2021-03-23,15.802871704101562,15.941636647834274,15.54982874047718,15.794708877187869,29802822,15.76477903080434
2021-03-24,16.129377365112305,16.20284125211601,15.557991923283497,15.753895102993354,32871197,15.963403513503936
2021-03-25,15.9008207321167,16.12121236339888,15.819194029023315,15.91714638411535,21364704,15.94707570817963
2021-03-26,15.957962036132812,16.055914410123727,15.688594953783005,15.974287691281326,23460515,15.90082380001318
2021-03-29,15.729408264160156,15.933474272080554,15.688594128436026,15.908985790646074,19730365,15.783825554892246
2021-03-30,15.990612030029297,16.13753980047,15.696756489147889,15.72940779675695,26780982,15.941636106549062
2021-03-31,16.145702362060547,16.35793118733192,15.860009652776005,16.00693742080234,25284818,16.121214400722824
2021-04-01,16.374256134033203,16.374256134033203,15.925311536779239,16.17835295212783,21191100,16.224607934948548
2021-04-02,16.227325439453125,16.38241601440182,16.09672334167522,16.38241601440182,19124759,16.235488265176723
2021-04-06,16.749736785888672,16.80687501382446,16.162025739920683,16.28446657909731,30226921,16.57287917987794
2021-04-07,16.717084884643555,16.790548762772058,16.48853198104367,16.668109484857847,19078033,16.66538854281976
2021-04-08,16.978286743164062,17.247653740058983,16.504853792351785,16.72524539623845,36177768,16.910264758524942
2021-04-09,16.970130920410156,17.076244565460794,16.766064901012633,16.798714654528148,20470926,16.937480128961194
2021-04-12,16.284467697143555,17.035430652072833,16.227327908384762,17.035430652072833,23560825,16.51574208586705
2021-04-13,16.480371475219727,16.610973597635823,16.219167230387534,16.219167230387534,16919850,16.43683743441436
2021-04-14,17.312955856323242,17.57416160132618,16.602807164530226,16.602807164530226,41960961,17.163308207393214
2021-04-15,17.40275001525879,17.57416628242269,16.904828425997195,17.18235833900528,30307843,17.293914907892894
2021-04-16,17.533349990844727,17.941481982569602,17.427236358032253,17.427236358032253,24156427,17.63402277714886
2021-04-19,17.75374412536621,17.88434625644907,17.23133560103477,17.533352445326305,29098621,17.623141994283348
2021-04-20,18.308801651000977,18.610818457188767,17.57416436711984,17.66395234784864,42864060,18.164594825103194
2021-04-21,18.104734420776367,18.49654073794107,17.81904173067297,18.259825005158195,26295780,18.140105629796803
2021-04-22,18.16187286376953,18.243499570042864,17.90066864921481,18.10473463644818,17351758,18.102013694342403
2021-04-23,17.843530654907227,18.365939090838655,17.737415468296188,18.161873100940447,22507681,17.982295071347355
2021-04-26,17.37826156616211,17.87618155488664,17.353773085313343,17.810880496189974,27198292,17.536072068787362
2021-04-27,17.22317123413086,18.03943525890578,17.100731941794635,17.39458593202156,25256253,17.45444614494376
2021-04-28,17.63946533203125,17.71292921572458,17.22317051006906,17.22317051006906,25533947,17.525188352608296
2021-04-29,17.75374412536621,17.892509084254275,17.419075969853854,17.696605887629985,19699015,17.68844305982478
2021-04-30,17.394582748413086,17.85169163959366,17.223168081895214,17.65578693943068,18819744,17.489814156633987
2021-05-06,17.076244354248047,17.402749669865567,16.896666819883446,17.35377426174798,18793326,17.125220281332354
2021-05-07,16.651784896850586,17.215007479531558,16.62729797384271,17.14154359670795,18620496,16.83136345007495
2021-05-10,16.578319549560547,16.749735779973353,16.308952521968862,16.53750697688599,17329799,16.545669283834254
2021-05-11,16.733413696289062,16.79871476063272,16.259980590572503,16.423234029881737,15411313,16.597369682498094
2021-05-12,17.190521240234375,17.288473615732944,16.480372356245454,16.676275550342403,20085546,16.986455737404256
2021-05-13,17.035429000854492,17.304796037007826,16.880338417341996,16.978289217634174,16330549,17.07352115173477
2021-05-14,17.1088924407959,17.30479716798364,16.896665173992517,17.100731170988077,17672670,17.10345159425735
2021-05-17,17.508861541748047,17.721088788876028,16.953801832275214,17.01910288298379,23521631,17.394584054299763
2021-05-18,17.304798126220703,17.72925424023133,17.263983990421544,17.50886413451623,17126639,17.432678785624528
2021-05-19,17.28030776977539,17.353771649342733,16.880338623742034,17.198681063933908,15084118,17.171472680953386
2021-05-20,18.447566986083984,18.725096874768703,17.394585663091956,17.557839088282986,53921390,18.189083174648214
2021-05-21,17.835369110107422,18.83121065188644,17.794554975054965,18.447567123793718,41922172,18.153711579016274
2021-05-24,18.01494598388672,18.22717480780478,17.533350105938048,17.647628123063157,23328926,17.925156965876514
2021-05-25,18.423080444335938,18.733261673466657,17.957810157540067,18.031274050918384,33193490,18.371384091780886
2021-05-26,18.069578170776367,18.54639137271989,18.003810886646768,18.51350851466296,23819444,18.206593476714342
2021-05-27,18.25865936279297,18.439520574580467,17.86405564837333,17.979149574424223,25529554,18.18741186191559
2021-05-28,17.67497444152832,18.398414565952322,17.58454383796942,18.266879997875233,31010117,17.885977615150022
2021-05-31,17.510557174682617,17.79828965873937,17.38724370094855,17.633872216432575,23121272,17.565363511456848
2021-06-01,17.354358673095703,17.55166052004132,17.10773018840191,17.403683742828182,26583224,17.337916460512975
2021-06-02,16.93509292602539,17.32147554250273,16.811779458470138,17.263929362178,26062144,17.022782642332754
2021-06-03,17.10773277282715,17.48589587927957,16.984419295859418,17.000861510926033,24536862,17.192682649322048
2021-06-04,17.214603424072266,17.296812920985,17.000859359305444,17.115951714173836,17117524,17.170758568120903
2021-06-07,17.78184700012207,17.87227761034324,16.959755105066634,17.140616325508976,38626693,17.537959905177313
2021-06-08,18.15178680419922,18.250438509707198,17.62564855619844,17.757183118198633,36229831,18.00929129003495
2021-06-09,18.110685348510742,18.39841626270488,17.979150768303167,18.16001042408461,29340902,18.16275079317293
2021-06-10,18.028472900390625,18.439518788432306,17.938042303256456,18.08601907383396,28270713,18.135344664026462
2021-06-11,17.420129776000977,18.127127823944623,17.280374074427925,18.036698770938088,32500600,17.609210558124506
2021-06-15,17.436567306518555,17.72429976631257,17.206382593095952,17.42012666128534,20852448,17.45574988864236
2021-06-16,16.778892517089844,17.494113030583677,16.688461922689953,17.444786396538877,24470454,16.98715582345449
2021-06-17,16.540489196777344,16.976196886519126,16.367849087848555,16.861104525910477,28446780,16.628178390381674
2021-06-18,17.148836135864258,17.231044064740736,16.293859877010416,16.458278870794842,27704887,16.89124669253847
2021-06-21,18.867008209228516,18.867008209228516,17.02552112202261,17.107730618989688,71279335,18.25317918015988
2021-06-22,18.973880767822266,19.837076625540973,18.645044325263513,19.52468239711412,91246581,19.152000572875583
2021-06-23,20.05904197692871,20.478309032638617,18.54639276072602,18.973880923569357,83482278,19.69458125676445
2021-06-24,19.58222770690918,20.239902130767902,19.434250922340574,20.059040919399262,40673238,19.752126920005885
2021-06-25,19.064311981201172,19.96861340288423,18.84234678743957,19.894625004963697,44042494,19.291757390508323
2021-06-28,20.535852432250977,20.946898325136782,19.59866829823635,19.59866829823635,80306042,20.36047301854137
2021-06-29,19.68910026550293,20.92223802990564,19.64799473254672,20.840028532008976,52105155,20.086444342651763
2021-06-30,19.65621566772461,19.993273194947424,19.319158140501795,19.680878987283258,29054290,19.65621566772461
2021-07-01,19.236949920654297,19.79597265697679,19.154740418015837,19.63155365169988,23943386,19.395887665215643
2021-07-02,19.360261917114258,19.84529622094826,19.080750570226336,19.409588555752638,40894594,19.42876956942962
2021-07-05,19.056089401245117,19.960390753044944,18.84234533132765,19.236949044398774,39912880,19.28627516187257
2021-07-06,18.332645416259766,19.072529246417492,17.263926767389503,19.072529246417492,47997980,18.223033810022255
2021-07-07,18.168231964111328,18.538172391751036,17.962708981639516,18.08602245751942,24709392,18.223037779167296
2021-07-08,17.436567306518555,18.086020617711203,17.436567306518555,18.077799511086717,38219091,17.65305174358277
2021-07-09,16.885766983032227,17.551660927951385,16.787115273258852,17.444788111695583,47448957,17.074847728080822
2021-07-12,15.455326080322266,15.79238361180051,15.200478047061685,15.241583580178398,137619212,15.48272924639482
2021-07-13,15.7759428024292,16.186988721225053,15.126489498084197,15.414221954844441,66676850,15.696473673912815
2021-07-14,15.891034126281738,16.1212203903494,15.512872658187337,15.79238242224827,37843078,15.841709058272826
2021-07-15,16.367849349975586,16.441837745270572,15.578641890850202,15.923920546221517,41330791,16.129442995365455
2021-07-16,16.56515121459961,16.967976051193013,16.22809366626603,16.44183774511442,49568624,16.58707364401955
2021-07-19,15.989686965942383,16.68846377774704,15.948581433002506,16.647359812822913,33426739,16.208910725563978
2021-07-20,16.236312866210938,16.236312866210938,15.743057478191272,15.775941902466554,16992609,16.071894403537716
2021-07-21,15.981465339660645,16.34318460967448,15.899255844469973,16.236313363537597,21685981,16.0746352646017
2021-07-22,15.997905731201172,16.07189411890072,15.685511536037499,15.923918911517301,18585854,15.91843712871313
2021-07-23,15.521093368530273,15.92391975307927,15.241583583357132,15.92391975307927,34410655,15.562198901655558
2021-07-26,14.008445739746094,15.36489696538664,13.983782420001447,15.36489696538664,73196246,14.452375041711393
2021-07-27,13.071259498596191,14.189304864800905,12.964388252951656,13.967339699213376,65165605,13.408317538782917
2021-07-28,12.610889434814453,13.285004518592029,12.388924253175746,13.13702773083289,52361669,12.761606068860743
2021-07-29,13.128806114196777,13.24389924711301,12.873957314170772,12.972608234952759,40860065,13.082220891826852
2021-07-30,13.07948112487793,13.449423082231538,12.906841806115539,13.112364767308486,33256472,13.145248671075002
2021-08-02,13.36721420288086,13.498748778691441,12.742424183772687,13.030156656364268,31305599,13.202795721781662
2021-08-03,12.6602144241333,13.071260357176692,12.240948168275043,12.989051640972752,86597045,12.657474316528345
2021-08-04,12.610889434814453,12.84107493932252,12.438250110431428,12.610889434814453,47374360,12.630071494856134
2021-08-05,12.257390975952148,12.53690236728704,11.755915163503543,12.41358888711364,60041925,12.183402835580912
2021-08-06,11.928553581237793,12.323157314402371,11.821681540837071,12.257390025541607,39320389,12.024464145492411
2021-08-09,12.166959762573242,12.191622299008676,11.673704329817179,11.944994582630645,41430205,12.010762130466366
2021-08-10,12.372482299804688,12.430028477494277,12.060087307760874,12.150517127559924,36581924,12.287532695019946
2021-08-11,12.282051086425781,12.69309698439731,12.232726017713583,12.273830764312303,39322999,12.40262469617889
2021-08-12,12.224504470825195,12.520457224450995,12.216283365000306,12.249167004292062,26524442,12.320415020092165
2021-08-13,12.01898193359375,12.27383073468436,11.961435758899153,12.166958707388803,23582198,12.084749475725753
2021-08-16,12.08475112915039,12.208065388187325,11.871007040692731,11.887449255500838,23597441,12.054607852676815
2021-08-17,12.05186653137207,12.356040425218882,11.829902137054837,12.002541458860637,40083048,12.079269697881932
2021-08-18,12.166959762573242,12.208064512637565,11.764134936760266,12.051866619194723,33815456,12.04638640399036
2021-08-19,12.347820281982422,12.619110536762946,12.15873874391872,12.191622387407028,36540344,12.375223187554695
2021-08-20,11.969658851623535,12.33137895603712,11.838123484192453,12.33137895603712,30067385,12.046387097284368
2021-08-23,12.257390975952148,12.372484132386512,11.944995937637152,12.010763231597364,24372396,12.191623681991937
2021-08-24,12.208064079284668,12.37248228969766,12.09297093999164,12.314935328047211,20406785,12.22450576965799
2021-08-25,12.569783210754395,12.78352726045648,12.388922800698184,12.388922800698184,35625480,12.580744423969685
2021-08-26,12.166959762573242,12.5286798383219,12.150517548944356,12.421807801757822,25540325,12.282052383279833
2021-08-27,11.936773300170898,12.166958784414351,11.89566855341118,12.068307862595729,23521954,11.999800212665477
2021-08-30,11.180450439453125,12.018983791207736,11.048915073523505,11.920332854766485,57603700,11.416116434728123
2021-08-31,11.032472610473633,11.501064710725181,10.695415079836001,10.711856509033801,46937495,11.076317467011606
2021-09-01,12.134076118469238,12.134076118469238,11.221553646335542,11.2791006100247,51443893,11.82990196109134
2021-09-02,12.479354858398438,12.82463350709777,12.166959853193902,12.495796288141884,84336493,12.490316072896704
2021-09-03,12.495796203613281,12.619110453890535,12.084750270704898,12.314935773611381,44911282,12.399885642736237
2021-09-06,12.8739595413208,12.964390155687674,12.41358849802894,12.536901974337269,46370268,12.75064606501247
2021-09-07,13.441201210021973,13.687828122199539,12.660213374766906,12.824632361562394,57772109,13.263080902329472
2021-09-08,14.53458309173584,14.731884933087809,13.482305036509693,13.482305036509693,100582533,14.249591020444447
2021-09-09,13.646724700927734,14.181084077189707,13.572736310735921,13.942676693679259,68662431,13.800181696284454
2021-09-10,13.112364768981934,13.646724938556522,13.03015605489899,13.548073227244384,51817270,13.263081920812482
2021-09-13,13.909794807434082,14.222189034941577,12.841075196251442,13.0465981682478,63753450,13.657686346209033
2021-09-14,13.580958366394043,14.12353888704517,13.400097147499775,13.630283440630734,47029380,13.701531466979661
2021-09-15,13.622061729431152,13.893351977724615,13.326108161105278,13.638503942786095,29175773,13.613840622753683
2021-09-16,13.07948112487793,13.770038399927495,13.005492733407209,13.465863727435,36903545,13.285004086070877
2021-09-17,12.865736961364746,13.054818491939741,12.495795790771076,13.030155956302263,29284463,12.805450414691855
2021-09-22,12.578004837036133,12.865736499839407,12.41358663200457,12.62732990654168,20376092,12.619109322960037
2021-09-23,12.956168174743652,13.28500461206896,12.643773167280656,12.643773167280656,34233133,12.961648651364422
2021-09-24,13.161691665649414,13.49874922326685,12.865738076320591,12.956168688174595,29660287,13.175392988412284
2021-09-27,12.709540367126465,13.235679447227676,12.602668329730536,13.178133267094447,23010822,12.849296048028227
2021-09-28,12.561563491821289,12.79174977876615,12.45469145517001,12.643772992017011,17567504,12.60266824191915
2021-09-29,12.027204513549805,12.479355212436685,11.969658331803302,12.479355212436685,26617471,12.158739352596598
2021-09-30,12.397144317626953,12.47935381147112,12.125854085552175,12.125854085552175,16595831,12.334117404883415
2021-10-08,12.38070297241211,12.701318275740382,12.331377118972767,12.561562605671396,25711231,12.471132789041754
2021-10-11,12.956168174743652,13.449423614739523,12.175181048090115,12.3724829104853,47683186,12.86025761252443
2021-10-12,12.21628475189209,12.841074753374478,12.051866536767221,12.742423824299557,38083282,12.369742014011264
2021-10-13,12.331377983093262,12.446471126511643,12.166959766786931,12.216284839674882,15490582,12.31493629213061
2021-10-14,12.19984245300293,12.364260656411089,12.076528212440934,12.183400240658196,14811597,12.21354377395165
2021-10-15,12.331377983093262,12.775307559124304,12.27383180338802,12.578005699556707,28098777,12.460172448535195
2021-10-18,11.920331954956055,12.232726955442747,11.871006098454833,12.109412706193638,25444488,12.008021669617877
2021-10-19,12.30671501159668,12.388923724839751,11.838122131678913,11.961436377555323,27195496,12.177920289371782
2021-10-20,12.643773078918457,12.783528759806993,12.109412891989372,12.273831893510877,33772016,12.512238243571607
2021-10-21,12.487574577331543,12.71776085467057,12.388923651618187,12.495795683809622,18287186,12.5314196945401
2021-10-22,12.635551452636719,12.79174934085981,12.42180738665137,12.504016884032772,25309589,12.616369393382634
2021-10-25,12.709540367126465,12.767086547259694,12.397145361817111,12.651994186993235,21235072,12.624590758734422
2021-10-26,13.285003662109375,13.728933996766651,12.56978387406352,12.627330050478566,49318143,13.194573844313183
2021-10-27,13.531631469726562,13.605619863698427,13.252121675629953,13.29322564205174,43304322,13.463124336351648
2021-10-28,13.572736740112305,13.770038597526916,13.252121417815534,13.5316312064744,33997886,13.531632251818252
2021-10-29,14.287956237792969,14.608573138440208,13.572737177612767,13.737154613416848,65352532,14.156422184615314
2021-11-01,14.320838928222656,14.879861591765398,14.279734966262717,14.35372178418748,68081086,14.493478495416923
2021-11-02,13.93445873260498,14.5428065679236,13.77003972067415,14.255074081052602,55238338,14.082435007067579
2021-11-03,14.098875045776367,14.50169986788246,13.827584795459375,13.893352081353925,40329664,14.142719903039401
2021-11-04,14.674339294433594,14.715443258210028,14.000224253199526,14.057770429692818,47493458,14.463335601947717
2021-11-05,15.28268814086914,15.923920370337823,14.518142443276124,14.674340339175384,116089678,15.241583651494361
2021-11-08,15.603303909301758,15.849932420484704,15.044281165572782,15.52109440557411,85290082,15.499172498453083
2021-11-09,15.093606948852539,15.611524127208012,15.04428030861619,15.364897198089363,54411269,15.249803794892246
2021-11-10,15.562199592590332,15.981466640988417,15.23336315306708,15.37311883586644,64154726,15.592343128881943
2021-11-11,15.586861610412598,15.90747851640987,14.93740982732,15.455327032368125,59892274,15.477249984714156
2021-11-12,16.030790328979492,16.277417245295975,15.299129118293656,15.455325433553439,61343791,15.869112230856373
2021-11-15,16.83643913269043,17.173496634138623,15.537534194227344,16.030789571571116,81013698,16.51582332035213
2021-11-16,17.49411392211914,17.831171431857857,16.474720286809895,16.556928211709558,76709173,17.266668546928965
2021-11-17,17.132394790649414,17.822952090696,16.951535142738475,17.181719864076797,72004855,17.30229400802796
2021-11-18,15.989686965942383,17.263928694779317,15.660848974486367,17.263928694779317,90675507,16.304821545069355
2021-11-19,16.302082061767578,16.647360717140007,15.751280434578609,15.792384401735584,62446670,16.233574404495396
2021-11-22,16.228092193603516,16.713126488509896,16.014348134151916,16.15410380502351,45823034,16.318522272088444
2021-11-23,16.400733947753906,16.524047418515753,15.743059490330957,16.113001470632355,47166053,16.222613618866873
2021-11-24,16.408952713012695,16.63913899745754,16.24453528242276,16.334965888457482,35947771,16.430875664297663
2021-11-25,16.244535446166992,17.222825204898967,16.23631433935226,16.61447584473516,48785839,16.56789166347274
2021-11-26,16.3349666595459,16.869326078215114,16.12122257847504,16.186989867418703,34390768,16.44183843874535
2021-11-29,16.18699073791504,16.5404905230035,15.997908400019767,16.071896800062277,28162210,16.2417965536461
2021-11-30,15.488210678100586,16.44183710473389,15.126489822752022,16.096558462813846,62531489,15.6855125351955
2021-12-01,15.553977966308594,15.586860825155163,15.258024396610582,15.266245503326168,25906163,15.466287729358113
2021-12-02,15.274466514587402,15.57864118910013,15.167595263984198,15.41422219184745,19914873,15.340234322557244
2021-12-03,15.808825492858887,16.00612734362596,15.290908330597295,15.373117827087507,31357714,15.701953722360713
2021-12-06,15.874593734741211,15.9321399153535,15.430664935720817,15.710176299851213,28067683,15.745799528605176
2021-12-07,15.6444091796875,15.792384402267087,15.414222886759523,15.784164863248085,27437348,15.617005489571369
2021-12-08,17.206382751464844,17.206382751464844,15.389558939140743,15.701954721683531,71795281,16.600774814023477
2021-12-09,17.124174118041992,17.790068114255245,17.000860647338182,17.568104494194728,77742049,17.305034293211808
2021-12-10,17.30503273010254,17.61742850965347,16.877546161899,17.017301838431628,54769530,17.266669133885003
2021-12-13,18.0449161529541,18.266879753606208,17.329695576585245,17.453009036506575,74685236,17.88049716104852
2021-12-14,18.398414611816406,18.95743731154546,17.658532272534433,17.995589800074175,76380641,18.338128065298765
2021-12-15,17.88871955871582,19.458914929495048,17.855835130754702,18.497067363854008,75613857,18.40115653965519
2021-12-16,17.96270751953125,18.48062470327637,17.411905908619687,18.250439985174445,66134509,17.951746043809102
2021-12-17,17.69963836669922,18.2915439433001,17.37902147402659,17.95448640506707,48725366,17.790067928008636
2021-12-20,16.030790328979492,17.67497395246457,15.989686365598644,17.428347036148086,75016318,16.5651502156809
2021-12-21,16.071895599365234,16.499383752559478,15.899257057507455,15.989687665918188,50377316,16.156845469810722
2021-12-22,16.696683883666992,17.01730074931978,16.137661213314093,16.441835866776344,59875091,16.61721528210029
2021-12-23,16.729570388793945,17.206383625513638,16.630918671396557,17.206383625513638,41447469,16.855624228568047
2021-12-24,17.11595344543457,17.428349251698325,16.606257335448706,16.72957080928297,47114708,17.0501866775272
2021-12-27,15.973246574401855,16.836442480375887,15.899258174687974,16.540490449536296,67864423,16.236315743155238
2021-12-28,16.006128311157227,16.622697220080298,15.825268662358821,16.137662886286215,54692627,16.151364731198782
2021-12-29,15.751280784606934,16.08011723321771,15.58686177629361,16.014349943495553,36373181,15.80608659803942
2021-12-30,16.655582427978516,16.935093805223225,15.685513714954629,15.701955929619823,60728474,16.42539664938546
2021-12-31,16.696683883666992,16.89398572590643,16.376068586029866,16.85288176344575,45417310,16.655579398534428
2022-01-04,16.984418869018555,17.181720740811652,16.598036232759064,16.688465277320965,62307268,16.921391947529756
2022-01-05,16.844663619995117,17.428349711292707,16.441838758572015,16.89398869722637,65255687,16.904950696619945
2022-01-06,16.228092193603516,16.499382429058297,15.899255782145552,16.441836253055115,51908825,16.20891013493579
2022-01-07,15.767721176147461,16.778893726730676,15.611523293109308,16.219871044712598,62550629,16.052712731995815
2022-01-10,15.167594909667969,15.70195428623285,14.715443461793278,15.537535292821012,64422035,15.194997552564699
2022-01-11,14.723665237426758,15.208699565218225,14.551026697712407,15.184036244680831,58569371,14.827797166785798
2022-01-12,14.764769554138184,14.846979056531918,14.435933112579084,14.756550015113064,43428779,14.682560574416394
2022-01-13,14.238630294799805,14.822316311521014,14.139980152941625,14.740106814628708,44010354,14.400308919754147
2022-01-14,14.156420707702637,14.403049196808034,13.901572680174544,13.97556107010459,45522831,14.153680861561739
2022-01-17,14.304397583007812,14.411270399404637,14.057770660272539,14.164641908653628,37450125,14.257812880894996
2022-01-18,13.909794807434082,14.329061858468553,13.786481337839437,14.329061858468553,43042167,14.008446001247357
2022-01-19,14.107097625732422,14.797654983748634,13.926237962639012,14.690783721015242,78846317,14.276996857373357
2022-01-20,13.860469818115234,14.033108363002237,13.465864517772651,13.901573785559993,45676678,13.78648089963004
2022-01-21,13.36721420288086,13.975562008008753,13.31788912895585,13.802923465263301,39892182,13.553555113281822
2022-01-24,12.027204513549805,12.18340162857942,12.027204513549805,12.027204513549805,39225682,12.079270218559676
2022-01-25,11.402413368225098,12.027203335143478,11.34486719211688,12.018982228840061,108255817,11.591494631828484
2022-01-26,11.229774475097656,11.714808788995576,11.18044940345156,11.509285827785126,60757846,11.375010889181597
2022-01-27,10.892717361450195,11.262658548999752,10.85161261083182,11.254437442074495,44558236,11.002329507093924
2022-01-28,11.188671112060547,11.36131045222349,10.876276078241508,11.032473987155015,50782170,11.142085880841847
2022-02-07,11.311984062194824,11.410634990271141,11.073577456675086,11.410634990271141,42191315,11.265398836380351
2022-02-08,11.377750396728516,11.427075464640584,11.139343811132663,11.287319798876691,33820103,11.314723224167254
2022-02-09,11.60793685913086,11.649041608542959,11.27087932516583,11.311984074577929,42006153,11.509285930946549
2022-02-10,11.673704147338867,11.731251110132527,11.451739754873818,11.599715755181222,31804004,11.618898337448405
2022-02-11,11.311984062194824,11.624379059773773,11.279100419502718,11.542169561039566,36416424,11.405154513823772
2022-02-14,11.328425407409668,11.468181083815233,11.164007195170141,11.254437015899912,26783884,11.32020456213168
2022-02-15,11.361309051513672,11.550390583622598,11.279100337385866,11.328425409060975,24168900,11.396933324174045
2022-02-16,11.459959983825684,11.57505312446382,11.353088733814124,11.451739661214864,27550029,11.46270061403454
2022-02-17,11.484622955322266,11.61615752120012,11.27087889376682,11.410634566014007,28735137,11.457219790096403
2022-02-18,11.525729179382324,11.698367731202753,11.336647628709354,11.377752381812865,24713761,11.520248179764812
2022-02-21,11.575053215026855,11.706587785923633,11.451739750813097,11.484623393537293,32738016,11.577793583921194
2022-02-22,11.090018272399902,11.443517999786604,10.835170251638944,11.427075787346366,58512915,11.122902174608484
2022-02-23,11.287320137023926,11.451739125677362,11.090018291449212,11.098239397683454,41303920,11.276359184716833
2022-02-24,10.835171699523926,11.303763840578075,10.637869043915071,11.196891797458928,57182299,10.925601528005691
2022-02-25,10.950263023376465,11.13934455366413,10.884495739104548,10.925600487776464,31699081,10.99136777204838
2022-02-28,10.851612091064453,10.991367766068207,10.646089131824567,10.974926337013109,29376347,10.829689662985743
2022-03-01,10.851612091064453,10.95848412395014,10.761182271241736,10.859833197595938,22258674,10.85709282875211
2022-03-02,10.810508728027344,10.851613481945403,10.711857789028782,10.794067296864903,18224010,10.791326666333843
2022-03-03,10.761181831359863,10.876274182064565,10.728298190585972,10.851611647486106,21735033,10.788584734670133
2022-03-04,10.810508728027344,10.933822989781524,10.457009725951158,10.670753035110723,43169533,10.733780481253342
2022-03-07,10.350136756896973,10.7529615845741,10.276148363240377,10.728299048024535,41868322,10.459748901570483
2022-03-08,10.013078689575195,10.44878713774652,9.897985551715209,10.284368929380724,31621385,10.119950459678975
2022-03-09,9.782892227172852,10.095287209110506,9.264975076705733,10.013078498500288,38729870,9.714384837663031
2022-03-10,9.823997497558594,10.078846317237684,9.815776390857486,9.996636818242393,30881100,9.906206735217921
2022-03-11,10.161055564880371,10.226822853921052,9.5362663189939,9.593812500902514,37777859,9.974714912598442
2022-03-14,9.971975326538086,10.259707035140723,9.971975326538086,10.087068480383921,23553773,10.067885896072298
2022-03-15,9.363625526428223,9.971973247019395,9.363625526428223,9.889763756557754,32353823,9.566408099958613
2022-03-16,9.64313793182373,9.76645219133525,9.084115954331892,9.511603348884474,40591095,9.49790202583029
2022-03-17,10.604984283447266,10.604984283447266,9.865101950744569,9.881544163652917,40312580,10.358356839213032
2022-03-18,10.457009315490723,10.728299583090024,10.317253628059817,10.498114067795331,57337167,10.500854175546854
2022-03-21,10.687193870544434,11.106460895166142,10.54743819567053,10.678972764020587,57156960,10.78036432046037
2022-03-22,10.892717361450195,10.983147185604293,10.530997280825895,10.60498489112948,42374423,10.802287275960127
2022-03-23,11.106461524963379,11.287321174696507,10.802287622403577,10.933822198212367,66807809,11.065356774021154
2022-03-24,10.678973197937012,10.99136820246581,10.637868447655451,10.942043129334259,40061843,10.769403282686092
2022-03-25,10.52277660369873,10.85161305406109,10.506334389176644,10.711857366655103,35072959,10.626908015645489
2022-03-28,10.670751571655273,10.769403281132076,10.448787185352124,10.481670827175105,33790788,10.629647346046491
2022-03-29,10.50633430480957,10.744740925409834,10.424125584883097,10.687194743060509,31143671,10.558400271700833
2022-03-30,10.703636169433594,10.909159130130787,10.473449888967066,10.506333531318303,34915307,10.695415062843816
2022-03-31,10.572100639343262,10.785844703058212,10.514554462192262,10.588542852248041,25353194,10.624166601531245
2022-04-01,10.958483695983887,11.065355724695854,10.284368666886074,10.440565764844894,61466423,10.769402695855272
2022-04-06,10.900938987731934,11.501065709725324,10.802288051952525,10.933822632991737,41428796,11.068097583136593
2022-04-07,10.596763610839844,11.229773890744573,10.588542504657328,10.80228656135569,37460876,10.805026668747248
2022-04-08,10.300811767578125,10.629649013309333,10.111730998089254,10.596765367137008,33017522,10.347397259658903
2022-04-11,10.169276237487793,10.547438525317116,9.906207092565792,10.185718451049365,34554772,10.2076406184569
2022-04-12,10.185717582702637,10.83517006686801,10.004857168983417,10.687193293460664,70127822,10.341914939518022
2022-04-13,9.585592269897461,10.013080471742411,9.56092973025502,9.873324773755254,50655330,9.71986749063163
2022-04-14,9.766451835632324,9.980195917127844,9.552707754136806,9.560928861273078,32708357,9.766451835632324
2022-04-15,10.457009315490723,10.646090078480807,9.988416393630885,10.111730650544713,74074639,10.363838595867472
2022-04-18,10.119952201843262,10.41590502020776,9.98841683189551,10.41590502020776,41765226,10.174758017982176
2022-04-19,10.161055564880371,10.3008112500938,10.029520986799008,10.045963201063143,29171468,10.163795933924392
2022-04-20,10.835171699523926,11.114683076295856,10.111730719645976,10.152835472231486,84934433,10.687195165155252
2022-04-21,10.736520767211914,11.131124510541946,10.62142761673668,10.695416014613048,73555664,10.82969096483018
2022-04-22,10.794066429138184,10.835171179751866,10.235043702411105,10.604984889918416,51893086,10.621427103767052
2022-04-25,9.823997497558594,10.794066136068315,9.815776390857486,10.522775886994898,54192999,10.144613341494798
2022-04-26,10.810508728027344,10.810508728027344,10.078847401119353,10.193939771280355,93909867,10.566621619058013
2022-04-27,11.402413368225098,11.459959544333316,10.62142630158105,11.098239491069325,144336781,11.161266404713155
2022-04-28,11.994319915771484,12.043644986488548,11.11468190924116,11.262657905400216,145281132,11.717548937167065
2022-04-29,12.142297744750977,12.989052182607224,11.591496108784154,11.772355762379282,140864528,12.240948678714119
2022-05-05,12.183401107788086,12.347820106906283,11.8299021413029,11.903889750096619,100874160,12.12037445199909
2022-05-06,11.394193649291992,11.838123251627838,11.38597332599551,11.75591453060739,86695584,11.539430075638448
2022-05-09,11.591495513916016,11.723030085783268,11.353088906404649,11.42707651507406,63098465,11.555871502034643
2022-05-10,11.723031044006348,11.75591468966102,11.188670822107964,11.303763973903298,70665724,11.555872185258444
2022-05-11,11.50106430053711,12.0436447728472,11.468180659306434,11.723029466850065,91648881,11.670963244230249
2022-05-12,11.591495513916016,11.632599479618614,11.27087940698367,11.287320836463131,55679021,11.498324800172767
2022-05-13,11.575053215026855,11.747692535330847,11.451739750813097,11.640820500475245,48190598,11.591495167056934
2022-05-16,12.265610694885254,12.265610694885254,11.484623579531581,11.575053402485661,96250765,12.005281656434029
2022-05-17,12.183401107788086,12.232726964325122,11.879227213832047,12.084750178721903,66971169,12.098451761981751
2022-05-18,11.673704147338867,12.536900749164914,11.673704147338867,12.232726857856285,81221758,11.961436347947549
2022-05-19,11.838122367858887,11.8956693306858,11.443518654800604,11.45173976149129,52924046,11.725770117781764
2022-05-20,11.961437225341797,12.076529588841028,11.764135358764891,11.854565184943992,52826444,11.934034057649237
2022-05-23,11.986100196838379,12.232727930997152,11.829903076142331,12.04364638067251,50094338,12.01624373465929
2022-05-24,11.566832542419434,11.936774516959517,11.55861221943581,11.912111195984902,47544214,11.687406426271586
2022-05-25,11.953215599060059,11.994320348813565,11.394192884031327,11.492843813035003,52949627,11.78057627730165
2022-05-26,11.935294151306152,12.168265568889401,11.72024400639853,12.168265568889401,58666410,11.941267908864695
2022-05-27,11.61271858215332,12.042818858939267,11.576876892421158,11.935293789742781,44132143,11.744138111171248
2022-05-30,11.738165855407715,11.774007547985446,11.3439063825193,11.639600559918932,38642839,11.61869326197082
2022-05-31,12.177227020263672,12.347474849410437,11.576878017981159,11.648561404414888,76329679,12.033859962551757
2022-06-01,11.998018264770508,12.23098883779387,11.881532550992151,12.042819739310888,47323929,12.03684655118551
2022-06-02,12.230988502502441,12.320593158193544,11.711283550374034,11.908413280174463,56361013,12.08762173702334
2022-06-06,12.383316040039062,12.46396006013734,12.105543142515371,12.213068217801963,58355606,12.31760641423059
2022-06-07,12.463960647583008,12.661090388832788,12.195147519430286,12.41019853467249,62708802,12.440066185282028
2022-06-08,12.239950180053711,13.037428949027856,12.132425096798782,12.956784922953307,105619323,12.469934741960117
2022-06-09,12.598367691040039,12.858220183271447,12.132424819710135,12.141385456743413,94366881,12.529670898007206
2022-06-10,12.7238130569458,12.7238130569458,12.284752101354393,12.410198454894813,78601967,12.577459405081997
2022-06-13,12.383316040039062,12.670050428669976,12.123463561129801,12.589406408571698,66564702,12.392276676612946
2022-06-14,11.935294151306152,12.177226205227214,11.648560624762656,12.123463241733651,75419276,11.920360327098672
2022-06-15,11.971137046813965,12.26683123945183,11.800889211929563,11.854651326300049,61087647,12.012952499398452
2022-06-16,13.171835899353027,13.171835899353027,11.98009841850173,12.03386139070159,172771501,12.774590072402594
2022-06-17,12.768614768981934,13.3868841607485,12.4639599640844,13.31520077777653,166871815,12.873152964604946
2022-06-20,12.903021812438965,13.028468168792884,12.670051228543675,12.777576310618437,89530034,12.867180403258509
2022-06-21,12.777575492858887,12.99262564324529,12.616287452802416,12.89406120461819,79237657,12.795496196302198
2022-06-22,12.275792121887207,12.840299461253126,12.275792121887207,12.813418403530964,71263850,12.46396123500918
2022-06-23,12.589406967163086,12.598367604134552,12.042820075370878,12.275791509428757,62272373,12.410198215556171
2022-06-24,12.50876235961914,12.6162874346577,12.392276648027368,12.499801723065927,47533688,12.50577548076807
2022-06-27,12.616288185119629,12.840298985074925,12.499802466598869,12.571485854221892,57896296,12.652129878931142
2022-06-28,12.661090850830078,12.661090850830078,12.311633686026674,12.365396655432354,52812009,12.544605129228943
2022-06-29,12.616288185119629,12.876140678886438,12.544604797496605,12.571485854221892,64316931,12.679011220500891
2022-06-30,12.876140594482422,13.037428642843665,12.616288102418965,12.625248739446452,73133617,12.843285779915016
2022-07-01,12.652129173278809,12.9030210159663,12.544604097841312,12.9030210159663,45204582,12.699918095695473
2022-07-04,12.80445671081543,12.813417347495452,12.383316186721146,12.54460422882818,44332854,12.667063415010675
2022-07-05,12.374356269836426,12.840298263190727,12.186187174271547,12.795495934811788,66338597,12.466947235766233
2022-07-06,12.410199165344238,12.652130394802985,12.213069414076555,12.365396832619753,43071622,12.425132991407926
2022-07-07,12.12346363067627,12.365395692358948,12.042819610115377,12.293712308423343,37927311,12.177226311050198
2022-07-08,12.132424354553223,12.401237473511618,12.078661388948204,12.123463717863494,37418532,12.204107739004348
2022-07-11,11.854650497436523,12.069701503482543,11.809849023438055,12.033859811563763,32444700,11.911400341452373
2022-07-12,11.962177276611328,12.114504691709255,11.872572613188993,12.033860665535835,28514503,11.983084860503192
2022-07-13,12.096582412719727,12.365395526131277,11.953215646775789,12.01593839324293,40887915,12.138397861875598
2022-07-14,12.132424354553223,12.132424354553223,11.765046795607866,11.89945292782039,31872484,12.009965168238104
2022-07-15,12.195147514343262,12.535644029256893,12.150346038447644,12.266830901216302,60109868,12.293712527349266
2022-07-18,12.795496940612793,12.983666050968868,12.248910884118201,12.284752578732054,70749486,12.676024625233287
2022-07-19,12.858220100402832,12.920942850164783,12.696932052976813,12.777576076689822,60444811,12.825365001181476
2022-07-20,12.911982536315918,13.109112282043915,12.777576396452929,12.974705287647527,60717804,12.932890404937588
2022-07-21,13.404805183410645,13.530251528535425,12.858219184824062,12.974704039078048,121497757,13.264425298923378
2022-07-22,12.858220100402832,13.351043170589666,12.777576076689822,13.351043170589666,83123368,12.995613115894107
2022-07-25,12.741734504699707,13.216637159992814,12.705892810989537,12.813417892120048,43468758,12.888088158560686
2022-07-26,13.207676887512207,13.24351858221174,12.777576551117814,12.777576551117814,63080491,13.076257340280586
2022-07-27,13.368963241577148,13.431685985695193,13.08222972042803,13.17183351852048,55049456,13.29429298256679
2022-07-28,13.234559059143066,13.557134317768861,13.225598421658994,13.368965203270458,57455158,13.339097266190308
2022-07-29,13.342082977294922,13.781143921175007,13.135992605870927,13.368964032860365,65599068,13.419739834780286
2022-08-01,13.512331008911133,13.60193566821303,13.001586672677057,13.18079513674749,55570785,13.371951116600407
2022-08-02,12.938863754272461,13.315201976008556,12.661090833892692,13.30624219323077,69029166,12.97171885472457
2022-08-03,12.589406967163086,13.324162108155841,12.508762943486637,13.100151311069427,65789273,12.80744400626852
2022-08-04,12.858220100402832,12.867179882844985,12.517723586133112,12.705892689952343,41791961,12.747707856460309
2022-08-05,13.50337028503418,13.691539384728575,12.831337908201823,12.86717960078488,78770566,13.342082525988191
2022-08-08,13.431687355041504,13.539212436434491,13.324162273648515,13.440647992124266,40496596,13.431687355041504
2022-08-09,13.42272663116455,13.449608542239012,13.207676469769135,13.431687268189371,37127129,13.360003881057565
2022-08-10,13.261439323425293,13.512331176230626,13.15391424365158,13.368964403199007,39617731,13.309228247769164
2022-08-11,13.682579040527344,13.691538822405104,13.261438529073,13.360002965994944,66263876,13.545185464001817
2022-08-12,14.282927513122559,14.587583177047478,13.503370070902948,13.727380859628123,105872373,14.124626920357661
2022-08-15,13.834906578063965,14.471097281764836,13.799064884385043,14.372533692314533,96015804,14.035022914737949
2022-08-16,13.619855880737305,13.879708363330757,13.476489111655862,13.87074772662983,61528379,13.658684451907973
2022-08-17,14.112680435180664,14.130601709401365,13.55713375233978,13.655698196953468,74859315,13.933471965640601
2022-08-18,13.557133674621582,13.8707482808855,13.404806262752421,13.8707482808855,76523776,13.61089607275317
2022-08-19,13.386883735656738,13.861787200932445,13.377923953969752,13.449607334665462,58974392,13.542198296852979
2022-08-22,13.584013938903809,13.637776903588302,13.010546873113675,13.333122097620626,44595109,13.410779238535262
2022-08-23,13.413764953613281,13.575052124606945,13.288318616588645,13.458567277874455,37115020,13.425711898269624
2022-08-24,13.440648078918457,14.0230758205249,13.404806384889344,13.41376702202997,85523901,13.6228434281109
2022-08-25,13.709460258483887,13.79010427807732,12.920942190118453,13.53921158277923,75459124,13.473502242226553
2022-08-26,13.870747566223145,14.049956880035852,13.485449592405839,13.601935304570762,67830503,13.802051346221612
2022-08-29,13.700499534606934,13.799063972074132,13.449607695441946,13.619855515527712,40017827,13.649723734041004
2022-08-30,13.736342430114746,14.014116203012769,13.584015015063153,13.628817346760691,42591899,13.778157882730222
2022-08-31,13.261439323425293,14.032036155736929,13.225597630167389,13.61985625600434,61505443,13.50635770310987
2022-09-01,13.01950740814209,13.368964562469941,12.992626351511758,13.225597787730326,41677119,13.127032774041263
2022-09-02,13.225598335266113,13.324162783346791,12.89406244132192,12.94782455680832,36104691,13.147941186644942
2022-09-05,12.714852333068848,13.216636889266177,12.544604505066202,13.216636889266177,54618822,12.825364575800409
2022-09-06,12.795496940612793,12.804457577899607,12.455000414514497,12.714852914098275,35122526,12.684984977675633
2022-09-07,12.58044719696045,12.70589355960387,12.49980316772778,12.70589355960387,31075545,12.595381308097366
2022-09-08,12.392276763916016,12.723812628685327,12.356435071901315,12.661089881292938,31873155,12.490841488167552
2022-09-09,12.58044719696045,12.598368472138123,12.248911296974372,12.383317442673196,24926000,12.475908988690982
2022-09-13,12.661090850830078,12.768615935108032,12.562526403875307,12.580446823988261,22824899,12.664077729937807
2022-09-14,12.616288185119629,12.687971572742653,12.365396328439045,12.383316748078109,18467868,12.55655202876711
2022-09-15,12.53564453125,12.71485300560905,12.293713304498635,12.67901131073724,23254870,12.514736947119227
2022-09-16,12.2578706741333,12.670050560969168,12.239949400798402,12.48188146361946,22889370,12.389290211966957
2022-09-19,11.854650497436523,12.239949326463412,11.720244366374434,12.141384887320102,29567750,11.938281396758123
2022-09-20,11.872570991516113,12.015937749782681,11.80088761238283,11.944254370649396,16548768,11.896465451227208
2022-09-21,11.917374610900879,11.944255667360844,11.55895682179005,11.809849530527643,23621501,11.806862366683925
2022-09-22,11.720244407653809,11.944255196568497,11.711283771009219,11.818808847144268,14808084,11.79192779174384
2022-09-23,11.272222518920898,11.774007048244556,11.164697445751539,11.648560702280312,30999163,11.403642337638999
2022-09-26,11.254302024841309,11.45143089705712,11.093013988907177,11.155736734200088,20985762,11.266248970268535
2022-09-27,11.585838317871094,11.585838317871094,11.281183507123876,11.343906254795357,20633589,11.484286714288688
2022-09-28,11.317024230957031,11.53207436560136,11.317024230957031,11.514153948314302,14875564,11.388707609171808
2022-09-29,11.173659324645996,11.541036912459898,11.128856992210137,11.42455118994003,16468892,11.28118440977201
2022-09-30,11.128856658935547,11.281184071935689,11.1019756020924,11.173658990029717,14004549,11.17067211098788
2022-10-10,11.030292510986328,11.218461623018863,10.949648483753327,11.16469865335239,15734913,11.066134205919505
2022-10-11,10.967568397521973,11.057173057984096,10.582270408414937,11.02133136470592,22116768,10.869003954640334
2022-10-12,11.352867126464844,11.352867126464844,10.86004320796889,10.967568286717093,21272181,11.188592486966192
2022-10-13,11.030292510986328,11.19157971091892,10.528507927388434,10.73459745962085,41002199,10.916793383097895
2022-10-14,11.290143966674805,11.37078713190153,11.101974872079113,11.128855927154689,31232205,11.254301990218481
2022-10-17,11.442471504211426,11.50519425163644,11.173658386694685,11.200539442086356,24652347,11.373774714180849
2022-10-18,11.379748344421387,11.505194698679066,11.272223264143395,11.469353005253069,22562417,11.385722102414617
2022-10-19,11.227420806884766,11.415589908878738,11.182618476975083,11.308064829815521,17988690,11.275209730912863
2022-10-20,11.352867126464844,11.505194534991473,11.10197527605237,11.28118374063271,24171325,11.320012312502897
2022-10-21,10.994449615478516,11.388708216691118,10.940686651682865,11.361827162059951,28077095,11.107948161284165
2022-10-24,10.636033058166504,11.18261912189365,10.537468610307535,11.003410646453062,31428959,10.78537359678923
2022-10-25,10.268654823303223,10.64499302529863,10.170090381650468,10.573309639636015,30660729,10.361246076750774
2022-10-26,10.456823348999023,10.618111385133021,10.313456585561386,10.358258912768978,28284990,10.462797106564478
2022-10-27,10.537468910217285,10.707716753097959,10.483705938788237,10.501627214109067,29715307,10.57629720070116
2022-10-28,9.981921195983887,10.465784472368982,9.946079503456597,10.438902562073498,34599127,10.131261723936488
2022-10-31,10.2059326171875,10.277616006661916,9.856475452599666,9.901277784654528,24752215,10.113341358816362
2022-11-01,10.546428680419922,10.555388462809942,10.125288144887653,10.286575336841826,28787843,10.409035096039172
2022-11-02,10.752518653869629,10.940687764493683,10.662913989940686,10.84212331779857,48756413,10.785373469434665
2022-11-03,10.546428680419922,10.653953759900494,10.44786338332937,10.582270373580114,30577364,10.54941527454993
2022-11-04,10.815241813659668,10.869004784950704,10.501627187151179,10.53746888316739,31052638,10.72862459525385
2022-11-07,10.967568397521973,11.057173057984096,10.70771590762186,10.76147887480581,32799742,10.910819121042643
2022-11-08,10.895885467529297,10.967568857089352,10.815241440640882,10.958608219760993,19791780,10.892898588419845
2022-11-09,10.797321319580078,10.976529798443904,10.797321319580078,10.851083435972509,16044787,10.857057479201353
2022-11-10,10.949647903442383,11.021331289509652,10.68083477842344,10.707715834565326,28935097,10.883937990458492
2022-11-11,11.003410339355469,11.272223472280668,10.949648225490463,11.191579446949769,41617607,11.075094012375535
2022-11-14,11.101975440979004,11.317025601670112,11.003410143095547,11.084054166988057,33166240,11.140803728581554
2022-11-15,11.290143966674805,11.290143966674805,10.976528524170874,11.084053599006507,30408391,11.185605485840162
2022-11-16,11.343905448913574,11.603757912349565,11.290143341738286,11.290143341738286,38550775,11.412602234333809
2022-11-17,12.481881141662598,12.481881141662598,11.514154624406535,12.150345284318698,169972304,12.159305635910577
2022-11-18,12.625248908996582,13.377925338745902,12.347475139147804,12.481882132764976,182887693,12.783549795630096
2022-11-21,12.177227020263672,12.696931999174897,12.05178066673796,12.454999929061032,87714731,12.308646562058842
2022-11-22,12.015938758850098,12.365395902371324,11.92633495467544,12.060741088204104,59307051,12.102556538632287
2022-11-23,12.383316040039062,12.490841115325654,11.765046643507834,12.105543142515371,77693086,12.213067932957516
2022-11-24,12.12346363067627,12.302672090515287,12.051780246740663,12.27579103517277,38235469,12.159305322644073
2022-11-25,12.437079429626465,12.53564387170476,12.042819952246548,12.042819952246548,55817818,12.338514417859258
2022-11-28,12.015938758850098,12.266830606885838,11.87257198854396,12.17722680271118,45622270,12.051780451426632
2022-11-29,12.150345802307129,12.257870880526953,11.890493316309215,11.962176701789097,46487748,12.099569999714433
2022-11-30,12.177227020263672,12.46396056599859,12.078661723017264,12.105543633829942,44084016,12.239949769759841
2022-12-01,12.30267333984375,12.517724368022204,12.248911223699208,12.419159064201496,46658298,12.35643631052172
2022-12-02,12.311633110046387,12.535643905445484,12.275791416963866,12.275791416963866,27828755,12.374356144151912
2022-12-05,12.401237487792969,12.454999598926552,12.239949445325522,12.419157906659713,35557183,12.36539551068168
2022-12-06,12.248910903930664,12.45500043466031,12.141385819915188,12.3026730186717,36589630,12.281765719502054
2022-12-07,12.248910903930664,12.401238319919274,12.123464545312572,12.195147934656223,28902282,12.257871256387503
2022-12-08,12.329554557800293,12.347474977327693,12.024899735034097,12.24891053359355,34821881,12.233976423387361
2022-12-09,12.168266296386719,12.311633068229856,12.024899524543581,12.275791375269073,31518384,12.168266296386719
2022-12-12,11.899453163146973,12.230989036423303,11.890493380813401,12.069701845485287,29684532,12.00697852679456
2022-12-13,12.428118705749512,13.091190448616603,11.827769711535607,11.899453097005921,69136216,12.449026288633908
2022-12-14,11.998018264770508,12.141385034179763,11.854650640827904,12.096582705106032,47349011,11.99801797992606
2022-12-15,11.693364143371582,11.99801897363241,11.612720117180963,11.881533252971893,41895240,11.768034411394986
2022-12-16,11.523115158081055,11.729205536895178,11.460392408001416,11.558956851631331,33357641,11.570904367659216
2022-12-19,11.334944725036621,11.639599511780048,11.263261346336202,11.558955497108755,25304229,11.412601861050957
2022-12-20,11.200540542602539,11.40663007841038,11.137817789014662,11.308065629267512,19050972,11.248329470009194
2022-12-21,11.245342254638672,11.334946061310932,11.155737593433033,11.218461198090333,14737542,11.245341969794211
2022-12-22,11.40662956237793,11.657522274445984,11.245342366943767,11.28118406087729,33838290,11.436498067922562
2022-12-23,11.487272262573242,11.63959965785666,11.209499380256393,11.227419797889759,23551449,11.445457100228765
2022-12-26,11.415590286254883,11.514155586221227,11.352867535027862,11.424550923439714,18502938,11.427537802501325
2022-12-27,11.317024230957031,11.469351623296749,11.173657474527479,11.451430351476418,22887838,11.320011109593752
2022-12-28,11.532075881958008,11.55895693868983,11.021331531386457,11.281184025216433,33898714,11.370788117344764
2022-12-29,11.254302024841309,11.720244005436236,11.254302024841309,11.675441678284164,49114473,11.409616018372951
2022-12-30,11.397669792175293,11.478313817246669,11.084054329016256,11.11093538586225,30799455,11.320012646146074
2023-01-03,11.57687759399414,11.603758649288965,11.299103840836487,11.406628916549124,29058123,11.49324669470653
2023-01-04,11.899453163146973,12.015938878817039,11.505194540868823,11.558956653003706,50503492,11.806862194277612
2023-01-05,12.0697021484375,12.446040360961316,11.83673071124973,11.872572405083742,62428039,12.117491073549516
2023-01-06,11.944255828857422,12.105543878864717,11.818809472792482,12.006978579623196,37677789,11.956203060171541
2023-01-09,12.10554313659668,12.302672013925713,11.90841340473431,11.90841340473431,33639937,12.105542851752233
2023-01-10,12.356435775756836,12.401238106960607,12.006978617807492,12.132424974271373,43042180,12.254884166841643
2023-01-11,12.060741424560547,12.428118997348985,12.060741424560547,12.3474749731694,30914360,12.183200615490028
2023-01-12,12.159305572509766,12.230988957918418,12.006978164883039,12.12346387980544,22018258,12.132424231770408
2023-01-13,12.30267333984375,12.320594614914217,12.105544441269192,12.159306557413734,23116975,12.242937465342386
2023-01-16,12.293713569641113,12.419159077131267,12.213069540806913,12.284752932096552,27529829,12.308647395859765
2023-01-17,12.266830444335938,12.347474465197852,12.168266004689903,12.29371235431214,18211813,12.260856971407897
2023-01-18,12.7238130569458,12.822378354203762,12.356435487796526,12.544604590840468,73488716,12.634208966315363
2023-01-19,12.867179870605469,12.903021563940115,12.562525904527657,12.61628801726294,42812175,12.777575779691082
2023-01-20,12.78653621673584,12.885100656035974,12.679010286275078,12.867179382781398,28974390,12.783549053015632
2023-01-30,12.544605255126953,12.992626871381486,12.526683980300731,12.885101786024409,47866164,12.687972035603059
2023-01-31,12.571486473083496,12.705893472393214,12.455000748828446,12.526684139980258,29927890,12.577460231435053
2023-02-01,12.679011344909668,12.679011344909668,12.410199059913296,12.571486260004436,36647771,12.589407249910877
2023-02-02,12.903021812438965,13.11807283112188,12.643169317124942,12.705892922568596,59842930,12.888087986895263
2023-02-03,12.965744972229004,13.12703216253075,12.741734178639513,12.840298620186879,39379396,12.944837104466423
2023-02-06,13.100151062011719,13.324161854839279,12.768615191170934,12.885100905985267,55791068,13.064309369340643
2023-02-07,13.288320541381836,13.35104329171282,12.947824024023069,13.09119079879868,50803816,13.195729285705909
2023-02-08,12.894062042236328,13.386885121919716,12.88510140508813,13.342083645245511,44769188,13.055349523081391
2023-02-09,13.234559059143066,13.288321174980654,12.71485319400137,12.777576801856453,42961745,13.079244476041696
2023-02-10,13.135993003845215,13.52129184826761,13.037428560763535,13.189755971138279,51560072,13.231571137625453
2023-02-13,13.207676887512207,13.306242188835977,13.046389688631015,13.16287455550444,35237126,13.1867695883264
2023-02-14,13.0015869140625,13.261439405422351,12.92094289010024,13.207676437936385,30989395,13.061323069861698
2023-02-15,13.118072509765625,13.198715678446119,12.920942770190994,13.010547430324927,34474687,13.079243652800912
2023-02-16,13.18079662322998,13.69154101706396,13.07327153266143,13.118073867365023,99347867,13.315203057651791
2023-02-17,12.768614768981934,13.610894946169235,12.768614768981934,13.368963742272172,62656784,13.04937482804437
2023-02-20,13.601935386657715,13.700499826222863,12.822377943187874,12.867179417378086,94325790,13.374937718689486
2023-02-21,13.395844459533691,13.592974185003477,13.279358751507603,13.530251440117626,53868730,13.42272579868159
2023-02-22,13.198716163635254,13.315201884278071,12.956784939633556,13.288320827063083,39757404,13.15690099584896
2023-02-23,12.920943260192871,13.171835121735755,12.840299233920735,13.162874484475873,37870843,12.977692538616454
2023-02-24,12.777575492858887,12.938862678382021,12.643168507967381,12.903020986650954,33198264,12.786535559736096
2023-02-27,12.607327461242676,12.786536783599919,12.49980238054836,12.679010848372222,29540417,12.631222208463653
2023-02-28,12.75965404510498,12.777575317991921,12.526682624774695,12.661089607826778,29333793,12.687970662623867
2023-03-01,13.028467178344727,13.144952888703608,12.634208574042866,12.687970683726457,48202034,12.935876213697066
2023-03-02,13.395844459533691,13.494409749535238,12.938862263708266,12.965744172545039,62839804,13.276372157592398
2023-03-03,13.386883735656738,13.521290715361172,13.189754866010187,13.351042045308882,39119237,13.365976439009366
2023-03-06,13.18079662322998,13.503371894935631,13.144954926373797,13.431688501223265,28541444,13.276374481513136
2023-03-07,12.777575492858887,13.252478121928863,12.768614856292785,13.171834101900627,31155481,12.932889490360177
2023-03-08,12.867179870605469,13.001586861510425,12.705892677866245,12.72381309726688,28204744,12.85821980332738
2023-03-09,12.78653621673584,12.89406129266326,12.64316859429927,12.867179382781398,23307938,12.774588701232789
2023-03-10,12.499801635742188,12.705892002359679,12.481881217294287,12.643168401458706,29708208,12.562524951798716
2023-03-13,12.750693321228027,12.759653957610054,12.374355993049441,12.454999156887718,32594794,12.628234423962509
2023-03-14,12.741734504699707,13.11807271592319,12.634209423569196,12.72381323057793,39484119,12.831338881397365
2023-03-15,12.661090850830078,12.956785046227802,12.607327881424398,12.813418267190531,23407353,12.741734592827427
2023-03-16,12.544605255126953,12.759655425841109,12.311633809586574,12.616288645365005,34203973,12.538631496851545
2023-03-17,13.234559059143066,13.306242449948797,12.65213044067971,12.65213044067971,75599300,13.06431064992386
2023-03-20,13.790104866027832,14.363572809616524,13.718421479895916,13.790104866027832,113954020,13.957366385180089
2023-03-21,14.265007019042969,14.408373786344573,13.736341423718303,14.005154539675479,85449548,14.136574076368616
2023-03-22,14.578622817993164,14.650306203387434,14.094758684781812,14.273968002800842,74189022,14.44122923538747
2023-03-23,14.560701370239258,14.739910686115035,14.309809524359858,14.47109671230137,59313648,14.536807193571384
2023-03-24,15.152090072631836,15.39402214197559,14.58758361989648,14.605503184647814,97652980,15.044565278167967
2023-03-27,14.910157203674316,15.644912300143847,14.623423674229295,15.143128623615059,106885146,15.05949772601582
2023-03-28,14.336691856384277,14.999763649654028,14.28292888592813,14.704069448478776,75771327,14.539794797322145
2023-03-29,14.59654426574707,14.847435263086814,14.336690922426063,14.515900242583085,65795181,14.59355681708665
2023-03-30,14.480057716369629,14.721989786219883,14.327730306730588,14.471097079441833,45358672,14.509925936440034
2023-03-31,15.250655174255371,15.304417285954338,14.33669073003935,14.462136227025846,79309024,14.963921063416352
2023-04-03,16.666404724121094,16.773928956606927,15.044566926747073,15.143130521681277,146764063,16.161633535825032
2023-04-04,17.150264739990234,17.965663841042925,16.782887198156235,16.818729743245708,171945917,17.2996052597298
2023-04-06,16.505115509033203,17.195069170529326,16.263183439303383,16.78288841738962,92525541,16.654456039621973
2023-04-07,17.5266056060791,17.804380245923795,16.460315362134086,16.971059744523473,96503055,17.263767071378993
2023-04-10,16.209421157836914,17.920863483816007,16.15565904592415,17.70581332709822,107050727,16.761981229192358
2023-04-11,16.666404724121094,17.239871854890502,15.98541165179899,16.200461825837518,100443001,16.63056274360353
2023-04-12,18.333044052124023,18.333044052124023,16.53199862581562,16.549918191902787,108004104,17.732695576687888
2023-04-13,17.777498245239258,18.807947642578657,17.50868595343485,18.691462771881245,170920697,18.031377280417587
2023-04-14,18.064231872558594,18.46745202067829,17.024821834146575,17.598288970079587,130956515,17.852168575794487
2023-04-17,17.29363250732422,18.610817061784836,17.159226373560223,18.368884995569612,121087365,17.68789198088976
2023-04-18,16.971059799194336,17.437000994851598,16.549918373780752,17.12338722154389,99954007,16.985993055942227
2023-04-19,17.105464935302734,17.7416547910633,16.729126720507246,16.738087357653182,91029216,17.192082148957763
2023-04-20,18.816905975341797,18.816905975341797,16.85457101651749,16.85457101651749,151934338,18.162794322400362
2023-04-21,18.53017234802246,19.578542886755002,18.153834162091123,19.103639408844824,144864043,18.75418313228953
2023-04-24,19.506860733032227,20.11617037807419,18.288241442948298,18.458490128255143,161066735,19.30375751801824
2023-04-25,20.0803279876709,20.48354811154653,18.664579799159583,19.0050754633804,162051877,19.742818632792336
2023-04-26,19.309730529785156,20.160972264583165,18.646658758171327,19.712950658703537,125516231,19.37245385084655
2023-04-27,17.938783645629883,18.80794485546032,17.508683358851933,18.781062946636716,113540807,18.085137286647377
2023-04-28,19.641265869140625,19.73087052573853,17.938784230047112,17.938784230047112,135754598,19.103640208308757
2023-05-04,20.528348922729492,21.05701453064987,18.933391462165186,19.712949773374348,153238157,20.172918305181515
2023-05-05,19.202207565307617,20.34018292931747,19.040919503124563,19.712951956176017,92091709,19.527769999249884
2023-05-08,19.085718154907227,19.69502776217024,18.324082854895114,18.97819393542943,83484282,19.034942923990858
2023-05-09,18.377845764160156,19.282849577959176,18.216557718859992,18.754183966838298,79528241,18.625751020326444
2023-05-10,17.401159286499023,18.673540718906683,17.060663617124266,17.831259619098763,96047897,17.711787874176657
2023-05-11,17.705814361572266,18.324084666425456,17.374277615762054,17.463882280229694,74437354,17.801392214586592
2023-05-12,16.857465744018555,18.116303477173954,16.766245341054695,17.860886696852045,84582809,17.246671520749068
2023-05-15,16.766246795654297,17.122006224089734,16.14595182943059,17.039908028288064,75387238,16.678068283058206
2023-05-16,16.446977615356445,17.24059117127223,16.328390561788147,16.83922241593155,65707946,16.671986449472275
2023-05-17,16.766246795654297,17.167615559586384,16.164194519698476,16.23717050042389,55430802,16.699352291646388
2023-05-18,17.18585777282715,17.441274542360595,16.647659331946084,16.757124158855962,65172613,17.091597215711275
2023-05-19,16.793611526489258,17.641958293142487,16.738879982155495,17.021661657745096,60893775,17.05814993392908
2023-05-22,16.72063446044922,17.067269871736833,16.16419161981678,16.793610428082626,54220607,16.65069865066761
2023-05-23,16.23716926574707,16.72063618871793,16.05473019774854,16.72063618871793,41089352,16.33751188407118
2023-05-24,16.246292114257812,16.446977358739215,15.863167794656889,16.07297525387695,45671855,16.185479089217974
2023-05-25,15.881412506103516,16.538196319986987,15.589508588821973,16.14595151856778,63260080,16.003039138304157
2023-05-26,15.917901039123535,16.19156052098925,15.5986304836905,15.881412180269677,39618454,15.902697347934428
2023-05-29,16.32839012145996,16.620294030241553,15.297604226089401,15.90877868755756,141028128,16.082096125930306
2023-05-30,16.948684692382812,17.012538447012005,15.22462635785738,15.790189675902488,128795950,16.395283165750733
2023-05-31,16.757123947143555,17.222344670950758,16.55643872365834,16.939563003175852,91591902,16.845302447250884
2023-06-01,17.19498062133789,17.59634934830813,16.538195115407596,16.574683972352375,96611432,17.109841695017874
2023-06-02,17.01253890991211,17.505128013113445,16.96692958104578,17.331809431629527,65459649,17.16153216802378
2023-06-05,17.331811904907227,17.459519435864518,16.729759630559112,16.857467161516404,71216829,17.17369699044362
2023-06-06,16.766246795654297,17.860888246420128,16.629417049279724,17.249713755388054,74134147,17.085517363784717
2023-06-07,16.665903091430664,17.021660719823934,16.401364118605894,16.784488387600312,49207497,16.696309309953495
2023-06-08,16.03648567199707,16.556439709469235,15.662483583994831,16.556439709469235,75741450,16.08513632182038
2023-06-09,16.72063446044922,16.848341968836607,15.781067354770304,16.100337865623086,85957998,16.450014594685374
2023-06-12,16.738880157470703,17.194980424759365,16.58380599699718,16.72063572920689,71130687,16.839222193075752
2023-06-13,17.350055694580078,17.468641006108214,16.665905249903116,16.69327015416408,95681296,17.16153398353047
2023-06-14,17.432153701782227,17.933863326590345,17.16761469750863,17.24059067456953,86739682,17.511210575293735
2023-06-15,17.03078269958496,17.651079292288514,16.957806732201266,17.38654032309493,71411727,17.213222908024914
2023-06-16,17.331811904907227,17.514252726175886,16.665905865080468,16.875711591620195,80166209,17.17065683205453
2023-06-19,18.234888076782227,18.31698626228119,17.249711590679063,17.45039507751853,115440940,17.933861976580825
2023-06-20,18.490304946899414,19.064990508606122,17.942984287250294,18.244010389074646,134902134,18.49942658091861
2023-06-21,17.021663665771484,18.599770342657088,17.012541450658983,18.244012652692664,112234107,17.54465848636252
2023-06-26,15.388824462890625,17.012540372557645,15.3158484864998,16.848343990707153,107973663,15.905737773982688
2023-06-27,15.41618824005127,15.781068095341329,15.07867502636461,15.397943812315669,70918779,15.425310453919069
2023-06-28,15.197259902954102,15.525652633496932,14.56784195265063,15.142528361158412,75950467,15.09691816303389
2023-06-29,15.717215538024902,15.9452656824764,15.106041081299509,15.151652154120523,78990128,15.589507433933605
2023-06-30,15.40706729888916,15.835802686669647,15.188139367630512,15.644239659390495,58256529,15.477003117729772
2023-07-03,14.604331016540527,15.370579617849566,14.166474300102974,15.334090760699386,93801995,14.713794978164357
2023-07-04,14.503988265991211,14.722916187227236,14.412768733780647,14.686429070296793,49166907,14.546557728999696
2023-07-05,14.303304672241211,14.6316974217204,14.239450043207912,14.503988163653803,38378934,14.391484045723175
2023-07-06,14.367158889770508,14.814136957555005,14.221206938652488,14.303305128641936,51894001,14.467500928659334
2023-07-07,14.221206665039062,14.449256801758889,13.755984177344484,14.257694652116546,58047135,14.142149214714145
2023-07-10,14.485745429992676,14.567843622036333,14.11174332840914,14.275938842554186,35280412,14.388444126812717
2023-07-11,14.330671310424805,14.576965017470439,14.230329558656921,14.467501051012126,31667783,14.379321962184056
2023-07-12,13.956668853759766,14.45837933976614,13.947546639300572,14.34891450614032,39258934,14.12086494427549
2023-07-13,13.938424110412598,14.166474247094477,13.327249674509785,13.655642428094719,60651834,13.810716010672287
2023-07-14,13.993156433105469,14.367158515590399,13.938424017890545,13.956668446276263,50592935,14.099579655528805
2023-07-17,13.838082313537598,13.947546274356993,13.683008151557898,13.86544808625689,28296006,13.82287891315083
2023-07-18,13.610032081604004,13.94754617590016,13.591787653291778,13.874570202535704,32448822,13.716455303598648
2023-07-19,13.8745698928833,13.938423650666556,13.637397549770922,13.637397549770922,37027297,13.816797031106924
2023-07-20,13.527934074401855,13.874570387474556,13.50969051578868,13.828960186028263,35121599,13.637398325888364
2023-07-21,13.655641555786133,13.755983296337227,13.454957204741769,13.527933174222959,27857641,13.622194018955042
2023-07-24,13.55530071258545,13.828961068789884,13.45495895895215,13.491446948449921,27975334,13.61307358010916
2023-07-25,13.81983757019043,13.92930239845773,13.619154081565533,13.774228240011631,37993760,13.789431350071231
2023-07-26,13.345494270324707,13.819838108199747,13.309006282795858,13.819838108199747,46601505,13.491446220440103
2023-07-27,13.099200248718262,13.454958794428125,13.062712259666656,13.36373838682797,47482879,13.205623767604346
2023-07-28,13.236030578613281,13.299884340609973,12.998858219850911,13.099199970123179,32321755,13.17825771302472
2023-07-31,13.692130088806152,13.920180220052321,13.217785398241858,13.336371570882932,65509814,13.610031902366778
2023-08-01,13.765106201171875,13.892813719205233,13.50969029516294,13.65564224145376,36906950,13.72253673851335
2023-08-02,13.646519660949707,13.8015938172059,13.54617791805425,13.765105831612807,26430885,13.66476379873662
2023-08-03,13.546178817749023,13.746862316868706,13.464080627226311,13.59178815031297,26838012,13.585707253948014
2023-08-04,13.828960418701172,13.901936394266171,13.464080540876173,13.546178730872361,44091560,13.731659117947837
2023-08-07,13.865447998046875,14.166474105870686,13.755984037923874,13.865447998046875,55254155,13.929302047280478
2023-08-08,13.728618621826172,13.920180774500666,13.646520432116782,13.810716811535562,30498274,13.765106609481208
2023-08-09,13.336372375488281,13.72861890327808,13.318128816257875,13.637398497299252,36121010,13.461040031674747
2023-08-10,13.391104698181152,13.655642829714653,13.318128721892066,13.327250066471509,26748726,13.45495874992929
2023-08-11,13.126565933227539,13.664763514903354,13.11744371914603,13.3911040519958,34927981,13.302924389092306
2023-08-14,13.345494270324707,13.36373782911801,12.935004193139592,12.98061352509397,31664225,13.214745430860768
2023-08-15,13.007980346679688,13.345494453438132,12.843783965575806,13.27251847737913,34474742,13.065752921897875
2023-08-16,12.670466423034668,13.044468523227687,12.661344208409895,12.935004557557214,37862636,12.792093051557416
2023-08-17,12.816418647766113,12.907638186112326,12.542758292842901,12.6339787011314,26455516,12.755605042240447
2023-08-18,12.36031723022461,12.843783262641173,12.36031723022461,12.779929504569798,30059106,12.521472574363465
2023-08-21,12.305584907531738,12.615733226081135,12.287341349351182,12.342072893835066,25327960,12.40288649432135
2023-08-22,12.469781875610352,12.524513422704642,12.186999315815669,12.38768368502666,28030542,12.393764871376888
2023-08-23,12.15963363647461,12.424171769325852,12.13226786271545,12.405928210133833,21452540,12.238691089505304
2023-08-24,12.332951545715332,12.588367449755777,12.223486716898641,12.232608930957069,34222465,12.38160190412325
2023-08-25,11.858607292175293,12.186999180933245,11.785631316895747,12.186999180933245,35508105,11.943745930001429
2023-08-28,12.186999320983887,12.579245845075747,12.132267773866387,12.579245845075747,43909045,12.299504313308674
2023-08-29,12.5518798828125,12.579245655959834,12.095779603959798,12.132267591470324,37182974,12.408968380910713
2023-08-30,12.761686325073242,12.944126273084203,12.588368591948402,12.743442765243293,41467040,12.764727063368616
2023-08-31,12.61573314666748,12.761685090962052,12.460658988368944,12.624855360671443,29331953,12.612692408666158
2023-09-01,12.706954002380371,12.86202816623848,12.460659435096703,12.615733598954812,28935839,12.676547201238519
2023-09-04,12.697832107543945,12.779930298704203,12.542757939783963,12.779930298704203,31421515,12.673506782010705
2023-09-05,12.606611251831055,12.807295615288018,12.561001920540946,12.633977894535798,23956500,12.658302929220007
2023-09-06,12.597490310668945,12.624856084307186,12.351195738098003,12.524513464396538,28707647,12.524514044358044
2023-09-07,12.332951545715332,12.953247312670698,12.314707117598479,12.779929595271664,62950779,12.53363532532817
2023-09-08,12.132267951965332,12.332952324207433,11.995437342278427,12.132267951965332,38814997,12.153552539483732
2023-09-11,12.533636093139648,12.66134449090909,12.177878414258531,12.18699975914455,48428702,12.457619666102424
2023-09-12,12.232608795166016,12.506269124285481,12.223486581208853,12.506269124285481,31384364,12.320788166886784
2023-09-13,11.977193832397461,12.259975527688384,11.876852080833306,12.241731968286842,28509133,12.038007146973051
2023-09-14,11.776508331298828,11.968070471348476,11.7308981322504,11.940704699896296,30386814,11.825158978299235
2023-09-15,11.849485397338867,11.931583589227955,11.767387205449777,11.776509420091292,20695381,11.849485397338867
2023-09-18,11.88597297668457,11.995436938786684,11.703533039847718,11.776509014582459,18860354,11.86164765177299
2023-09-19,11.676166534423828,11.885972231140652,11.621434121834726,11.885972231140652,22849709,11.72785762913307
2023-09-20,11.594069480895996,11.75826586472974,11.575825051606794,11.612313040242928,15747553,11.642720132410844
2023-09-21,11.502848625183105,11.657922788317071,11.484605066548529,11.557581040971309,15008303,11.548458826682902
2023-09-22,11.949827194213867,11.968070752296187,11.420750960693407,11.466360290870316,36728551,11.779549635734488
2023-09-25,11.88597297668457,12.02280358176889,11.858607203644603,11.94982760703415,22992307,11.922461254032688
2023-09-26,11.986315727233887,12.177877880521036,11.876851763918696,11.949827739462156,30947234,12.013681790557873
2023-09-27,12.059290885925293,12.11402242890445,11.895094517103438,11.949826930024786,19036816,12.022802610644392
2023-09-28,12.041047096252441,12.168755486540263,12.022803537606888,12.08665729777968,19395882,12.077535373466532
2023-10-09,11.913339614868164,12.059291564278858,11.82211921151536,12.05016934995513,16356877,11.931583463554128
2023-10-10,11.968070983886719,12.059291385890132,11.867729237636745,11.922460782885011,19230180,11.965030535804532
2023-10-11,12.132267951965332,12.287342120978463,11.913340020397007,11.995437342278427,27584429,12.110983364446932
2023-10-12,11.958948135375977,12.196120472051065,11.849484180743362,12.132266716000919,27518000,12.0015175960568
2023-10-13,11.867729187011719,11.968070932833658,11.803874557904829,11.867729187011719,16370200,11.87989155925007
2023-10-16,11.594069480895996,11.876852045282748,11.530215718268327,11.867729830638147,21939060,11.667045748149024
2023-10-17,11.594069480895996,11.694411232159801,11.475483300342988,11.667045458168266,14059300,11.587988004466261
2023-10-18,11.375142097473145,11.603192254928825,11.256555911203113,11.594070039844443,18974307,11.41163008786836
2023-10-19,11.311286926269531,11.539337072927726,11.26567759289171,11.311286926269531,18566023,11.372100530696322
2023-10-20,11.119725227355957,11.356897598458268,11.074115892095158,11.26567805799436,17961819,11.18357957263646
2023-10-23,10.809576988220215,11.083236460373845,10.672746382201154,11.07411511592637,21974950,10.855186610265072
2023-10-24,10.900796890258789,11.019383071501414,10.727479160714815,10.855186686712814,21460866,10.882553040825007
2023-10-25,10.76396656036377,11.064992669370413,10.672746158265053,10.982894481470014,30582861,10.833901795999745
2023-10-26,10.71835708618164,10.727479300998581,10.53591713955424,10.64538110753068,22066653,10.660584508911487
2023-10-27,10.973773002624512,11.028505421539808,10.563282905557793,10.736601507170992,27362947,10.855187109907371
2023-10-30,10.946407318115234,11.001139737480418,10.827821134442576,10.900797113634628,31896886,10.925122730012744
2023-10-31,10.946407318115234,11.156213040806808,10.79133314484655,10.98289530771126,32310343,10.964651167922865
2023-11-01,11.05587100982666,11.393385122616863,10.864308851762786,10.900796840444368,48180899,11.104521661402103
2023-11-02,11.34777545928955,11.63055803748538,11.019383545528019,11.055871535945966,79917803,11.332572347434317
2023-11-03,11.320408821105957,11.43899499841108,11.046748478858925,11.238310631437622,43018889,11.268717432791988
2023-11-06,12.004559516906738,12.013681731510585,11.402507272129085,11.402507272129085,69322544,11.80691617351547
2023-11-07,11.858607292175293,12.013681457129888,11.767386888104738,12.013681457129888,44701856,11.879891879136641
2023-11-08,12.643099784851074,12.852906371603952,11.78563161840861,11.849485380926227,121247574,12.427212591621213
2023-11-09,12.506270408630371,12.716076131538122,12.433294429363128,12.588368602791594,62229685,12.551880323177206
2023-11-10,12.351195335388184,12.524513056035708,12.177877614740659,12.43329352356836,42759256,12.351195335388184
2023-11-13,12.405927658081055,12.58836759159414,12.259974841328361,12.424171216461252,45958578,12.418090030334518
2023-11-14,12.31470775604248,12.405928161471552,12.23260956514477,12.31470775604248,33830527,12.3177484942196
2023-11-15,12.114023208618164,12.451537311854217,12.095779649764937,12.405927979750023,38781890,12.220446723412438
2023-11-16,12.08665657043457,12.24173072432986,11.986314829066753,12.050168585396984,28336601,12.104900707943727
2023-11-17,12.095779418945312,12.214365594026214,12.004559016593163,12.050169217769238,26195345,12.10490134318823
2023-11-20,12.205243110656738,12.332951497145121,11.968070765724976,12.095779152213359,32580364,12.168755124508946
2023-11-21,12.104901313781738,12.369439429692472,12.077534671832822,12.223486615791543,38364001,12.18395847176901
2023-11-22,12.041047096252441,12.22348703241916,11.995436894725204,12.041047096252441,32493705,12.086657007798934
2023-11-23,12.031925201416016,12.114023392356373,11.812997272203239,11.949827880417919,32884686,11.986315288658544
2023-11-24,11.749143600463867,12.13226791449634,11.703533397375761,11.995437305232018,31155500,11.86164830411199
2023-11-27,11.566702842712402,11.812996530119218,11.548458414786309,11.64880102849541,23918263,11.642719262539309
2023-11-28,11.6305570602417,11.657922833270206,11.438994909157675,11.566703299861103,21096172,11.575824934223192
2023-11-29,11.603191375732422,11.749143326254224,11.45723942521062,11.657922922206975,20980264,11.603191375732422
2023-11-30,11.502848625183105,11.667045002605478,11.438994865048732,11.566703255259714,17390076,11.536296164279106
2023-12-01,12.114023208618164,12.25085381475748,11.511970977443463,11.5210931918412,61674025,11.95894933360637
2023-12-04,12.168755531311035,12.360317682476435,12.041047140553355,12.18699909002371,41074611,12.190040118113608
2023-12-05,11.64880084991455,12.296462372402233,11.64880084991455,12.287341028521228,39543642,11.864688024077111
2023-12-06,11.968070983886719,12.123145145327186,11.320408565500717,11.475482726941184,50069019,11.803874898238206
2023-12-07,12.186999320983887,12.241731738043642,11.922461190069953,11.958949178129037,50335780,12.117064083032494
2023-12-08,12.08665657043457,12.259974281877561,11.86772866020905,12.077534356689627,39932322,12.071453170840394
2023-12-11,12.478903770446777,12.533635316139062,11.876851548178246,12.004559068088398,63918806,12.29646354492136
2023-12-12,12.679587364196777,13.026223679426248,12.542757628948777,12.542757628948777,82729195,12.74952289085727
2023-12-13,12.488024711608887,12.843783226892503,12.451536725677917,12.570122897439122,46472081,12.594448221393103
2023-12-14,12.442416191101074,12.852906277014736,12.433293976539328,12.469781964844048,36496113,12.576205481551712
2023-12-15,12.442416191101074,12.588368144319952,12.21436604671101,12.451537535720558,36307377,12.415050127377347
2023-12-18,12.132267951965332,12.533635826507263,12.077535534102116,12.38768387212838,32098891,12.24781310419157
2023-12-19,12.31470775604248,12.360317958757015,12.095779826943424,12.159633588778417,31995570,12.256935180580973
2023-12-20,11.9315824508667,12.4241706852624,11.904216679495324,12.278218744692147,30102878,12.086656605208141
2023-12-21,12.150510787963867,12.177877430237457,11.840362468400933,11.84948468249213,35252258,12.05625022886742
2023-12-22,10.937284469604492,12.15963335517085,10.937284469604492,12.132267582044777,60391281,11.344734098126613
2023-12-25,10.399085998535156,10.599770364595532,9.897376388297578,10.490306402183212,110997820,10.298744250476089
2023-12-26,10.216646194458008,10.545038955921115,10.107182230617724,10.399086134191815,50465129,10.289622460332282
2023-12-27,10.262255668640137,10.444695595427522,10.098059299560392,10.344353853180008,42718742,10.268336854542683
2023-12-28,10.344354629516602,10.399086176689286,9.979473878615591,10.21664623620991,44668155,10.240971561607159
2023-12-29,10.800454139709473,11.019382052555482,10.34435388630919,10.353476100163322,68201291,10.721396692858049
2024-01-02,10.754844665527344,11.274798711080111,10.754844665527344,10.992017022072984,49225962,10.9281626807116
2024-01-03,10.937284469604492,11.20182259633585,10.64538056974706,10.736600973423629,54789329,10.928162545229133
2024-01-04,10.782210350036621,10.946406729358518,10.672746387136105,10.946406729358518,32995876,10.800454488843748
2024-01-05,10.52679443359375,10.800454775737956,10.462940672738926,10.745722359332216,28424929,10.59672996069021
2024-01-08,10.289621353149414,10.535915904686023,10.280500009343832,10.517671477190488,25169031,10.368679089059755
2024-01-09,10.152791976928711,10.444695867389196,10.034205803943584,10.353476336591402,34247782,10.210564549420496
2024-01-10,10.006839752197266,10.225767663927751,9.897375796332023,10.12542592187016,31968316,10.043327737485681
2024-01-11,10.271378517150879,10.344354492375142,9.942985758699448,9.942985758699448,31854006,10.186239589408489
2024-01-12,10.079816818237305,10.28962253896159,10.061572388639217,10.198403000798011,26418951,10.143670581946038
2024-01-15,10.052451133728027,10.171036447407507,9.952108509925292,10.034206703966696,23828045,10.058532030353609
2024-01-16,9.79703426361084,10.043328843897028,9.64196009156597,10.034206629084439,49617060,9.827441066357947
2024-01-17,9.477763175964355,9.778789260817405,9.477763175964355,9.724056849961324,29691802,9.578105204248706
2024-01-18,9.641960144042969,9.651082358905207,9.313568238483043,9.45039798164744,33301433,9.535536913810406
2024-01-19,9.79703426361084,10.13454838219606,9.64196009156597,9.66020452119115,51707081,9.85784757912429
2024-01-22,9.149372100830078,9.8335225752379,9.021664569037034,9.760546594229783,41320060,9.334853081701672
2024-01-23,9.459519386291504,9.541617573135259,8.985175563333012,9.08551730839637,42588216,9.328770840919924
2024-01-24,9.496006965637207,9.550739377834406,9.167615102280553,9.441275423382187,33020782,9.404787148584056
2024-01-25,9.696691513061523,9.742301712490548,9.304445015890986,9.44127561417806,33777512,9.58114608048102
2024-01-26,9.678447723388672,10.006840484974,9.632838390894936,9.74230235477596,40484050,9.772708866419203
2024-01-29,9.514251708984375,9.769667611188554,9.45951929496952,9.578105467049868,40955016,9.581146205047483
2024-01-30,9.185859680175781,9.587228427697498,9.176738335414774,9.441276472214065,29249560,9.316608814429351
2024-01-31,8.720637321472168,9.277079323419077,8.68414933560585,9.18585892378218,35909045,8.893955326832364
2024-02-01,8.83010196685791,9.103761447199847,8.49258785381955,8.693271356744669,35547780,8.808817089292436
2024-02-02,9.122005462646484,9.714935469741613,8.766246936424068,8.912199754577886,96412070,9.201062622937387
2024-02-05,8.20980453491211,8.848344713639056,8.20980453491211,8.848344713639056,89357276,8.422651261154426
2024-02-06,8.793614387512207,8.893956143645903,7.762827571086323,7.936145308034035,67905366,8.483466034081479
2024-02-07,9.30444622039795,9.404788846120097,8.711516160889465,8.76624771133581,71848845,9.140250409135836
2024-02-08,9.605470657348633,9.942984725163077,9.350054770613244,9.368299197493993,57758706,9.632836717708317
2024-02-19,9.89737606048584,10.0159613633815,9.623715728547841,9.988595591170364,50397975,9.845684384138394
2024-02-20,9.751422882080078,9.851765493018378,9.532494972665535,9.733179324599957,37562377,9.711894449254665
2024-02-21,9.742301940917969,10.006840059878293,9.541617580690138,9.623715767598897,52033296,9.763586527162133
2024-02-22,9.879131317138672,9.979473058672388,9.769667361844931,9.79703313318282,36301446,9.876090579218664
2024-02-23,10.025083541870117,10.079815956040447,9.760545424921645,9.915619583471667,49027199,9.955148307610736
2024-02-26,9.988595962524414,10.171035900618392,9.824400453210957,9.952107974905617,44142025,9.994677438784587
2024-02-27,10.645380973815918,10.645380973815918,9.879132337663265,9.924742541232783,70660340,10.389964761765034
2024-02-28,10.326109886169434,11.137968684017395,10.326109886169434,10.88255277512116,104274225,10.596729485452087
2024-02-29,10.690991401672363,10.718357176411272,10.189280891766781,10.21664666650569,47613491,10.532876489950139
2024-03-01,10.709235191345215,10.809577817445131,10.499429463940505,10.69099163110852,51602507,10.672747490910282
2024-03-04,10.663623809814453,10.736600652540004,10.462940319631397,10.690990452064865,38067869,10.621054927328617
2024-03-05,10.444696426391602,10.690990999606036,10.408208438131195,10.508551058304008,34327477,10.514631954709612
2024-03-06,10.399085998535156,10.517672175300731,10.216646061181288,10.353476666653371,30682932,10.377801411672392
2024-03-07,10.070693969726562,10.645380416769111,10.061571755501546,10.371720079614246,38284852,10.25921538066574
2024-03-08,10.161913871765137,10.207523200760157,9.961229518406736,10.07069347389072,29884473,10.110222196977343
2024-03-11,10.344354629516602,10.344354629516602,9.970352534048315,10.09806005741275,35794871,10.219687264360507
2024-03-12,10.444696426391602,10.55416039117282,10.335232461610385,10.389964878972124,40657645,10.444696426391602
2024-03-13,10.672745704650879,10.882552272583814,10.3990853799281,10.444695579038928,72704865,10.651461119054263
2024-03-14,10.38996410369873,10.581526245257534,10.271377933215453,10.563281817517554,41311093,10.414289427390573
2024-03-15,10.353476524353027,10.399085855607948,10.134547732595145,10.353476524353027,37346828,10.29570337085204
2024-03-18,10.435574531555176,10.453818961215463,10.098060412320452,10.417330971837176,64583505,10.32915130169703
2024-03-19,11.083236694335938,11.47548322195158,10.444696462594433,10.472062236399024,194436019,11.001138792960651
2024-03-20,11.220067977905273,11.302166174197874,10.85518720215397,10.946407613577374,149062300,11.125807118085705
2024-03-21,11.183579444885254,11.603191751184216,11.156212800820212,11.42075180712864,125350394,11.314327998963227
2024-03-22,11.09235954284668,11.329531915886925,10.7822111888621,11.128847533318847,92146590,11.068034215865234
2024-03-25,10.590648651123047,11.265677756170971,10.563282876711273,11.074115595403988,70284217,10.806536428001763
2024-03-26,10.079816818237305,10.526794904083005,9.851766667914932,10.399086506723254,93894393,10.15279279674508
2024-03-27,9.432153701782227,10.052450345982132,9.413909273450594,10.0342059176505,67895697,9.632837773738318
2024-03-28,9.714935302734375,9.851765904287188,9.423031411329255,9.441275839513183,60003218,9.66324420611694
2024-03-29,9.605470657348633,9.678446624987314,9.30444457335353,9.678446624987314,33580691,9.529453951896492
2024-04-01,10.335232734680176,10.563282884818648,9.851766659970455,9.851766659970455,108215769,10.250094093156426
2024-04-02,9.988595962524414,10.481184230349276,9.942985760515358,10.408208255111685,71060128,10.137588651129683
2024-04-03,9.705814361572266,9.897376515746133,9.632838385691006,9.879132086804692,52539738,9.745343087669802
2024-04-08,9.4230318069458,9.62371617568346,9.4230318069458,9.605471746733558,40122325,9.489926596525022
2024-04-09,9.751422882080078,9.942985020303347,9.486884774051962,9.596349598701414,52329470,9.727097558811796
2024-04-10,9.505128860473633,9.632837238021613,9.423030679902942,9.614592811253837,35394904,9.520332259466063
2024-04-11,9.541617393493652,9.660203564486189,9.395665450715825,9.441275650319445,37021163,9.532495469565221
2024-04-12,9.176738739013672,9.568984419141048,9.158494308804702,9.468642662818661,50185092,9.301405822319808
2024-04-15,9.103761672973633,9.331811825542419,8.966931929409279,9.213226511755868,38597781,9.13416847597511
2024-04-16,8.99429702758789,9.395665753085916,8.948687696458675,9.158493403468194,49239489,9.112883492377494
2024-04-17,9.258835792541504,9.313568211614742,9.103761620099998,9.103761620099998,44906431,9.225388541418747
2024-04-18,9.112883567810059,9.213226188179272,8.994297388246066,9.158493770710404,39425728,9.106802381411798
2024-04-19,8.903078079223633,9.085518025531025,8.857467875161213,9.085518025531025,33377015,8.94868799330529
2024-04-22,8.966931343078613,9.049029531825898,8.711515432486578,8.830101608461296,27448753,8.909158769130363
2024-04-23,8.976053237915039,9.094639409669298,8.921320824050687,9.012541223843872,21499036,8.997337823878341
2024-04-24,9.103761672973633,9.103761672973633,8.875711520404847,8.939566154684867,26901890,9.027744955450705
2024-04-25,9.0216646194458,9.14025080673217,8.939566422867367,9.012542404283238,23009870,9.033827283015112
2024-04-26,9.249713897705078,9.249713897705078,8.966931344200413,8.98517577278753,37054962,9.155453046536856
2024-04-29,9.295324325561523,9.36830117857451,8.948688840947117,9.003420393278933,55437314,9.204104781694383
2024-04-30,9.122005462646484,9.304445397910968,9.030785060043126,9.286201839355636,40115601,9.152411973533527
2024-05-06,9.240592002868652,9.350055968348935,9.194981799766301,9.258835562144233,38066470,9.261876590327963
2024-05-07,9.231470108032227,9.350056292229185,9.149371913592617,9.2132265481247,31192408,9.243632771284675
2024-05-08,8.985176086425781,9.18585958823575,8.976053871813802,9.176738243566037,31516571,9.049029848825112
2024-05-09,9.167616844177246,9.185860405081234,8.98517688542564,8.98517688542564,27339873,9.112884711561373
2024-05-10,9.039907455444336,9.249714037659519,9.012541682091832,9.176738062091347,24403237,9.100721058398562
2024-05-13,8.912199974060059,9.012541723441098,8.78449158125871,8.985175949963043,23956465,8.903077759586623
2024-05-14,9.13112735748291,9.213225542965642,9.003418972293973,9.049029172000179,41689437,9.115923957580842
2024-05-15,9.0216646194458,9.322690760271849,9.012542404283238,9.14025080673217,37188365,9.118965928000295
2024-05-16,8.921321868896484,9.049030269575434,8.893956093730392,8.966932074134846,31690762,8.954769410734103
2024-05-17,8.976053237915039,8.9851754518828,8.784491094303114,8.921320824050687,24883130,8.915239928033651
2024-05-20,8.985176086425781,9.10376139661246,8.87571125096655,8.976053871813802,27081396,8.988216244668264
2024-05-21,8.99429702758789,9.122005416599485,8.948687696458675,9.0307850144566,28525399,9.021663380215351
2024-05-22,8.957809448242188,8.97605387747766,8.866589911891625,8.957809448242188,22962464,8.933484412537156
2024-05-23,8.775369644165039,8.930443815346168,8.7388816550602,8.930443815346168,27512522,8.814898371523803
2024-05-24,8.702393531799316,8.811857497426333,8.702393531799316,8.72063796104162,16259524,8.738881520341655
2024-05-27,8.656783103942871,8.75712572228654,8.510831153561803,8.729759079133405,22507713,8.641579993263738
2024-05-28,8.574685096740723,8.702393491011478,8.556441537526196,8.702393491011478,14821052,8.611173375092799
2024-05-29,8.574685096740723,8.665905502640157,8.547319322947798,8.574685096740723,14770649,8.59596997410956
2024-05-30,8.437854766845703,8.574684496169022,8.437854766845703,8.5108307384771,18752583,8.483464676620143
2024-05-31,8.428732872009277,8.62029502227959,8.39224488481218,8.39224488481218,35079490,8.48042425970035
2024-06-03,8.264537811279297,8.437855542347506,8.19156096299858,8.428733327569631,32442737,8.29798477220846
2024-06-04,8.46522045135498,8.483464879045636,8.18243878168737,8.264536966410931,25849411,8.377041370695997
2024-06-05,8.263668060302734,8.542002963649143,8.215680009801906,8.52280792651149,36061713,8.340450344584594
2024-06-06,8.014126777648926,8.34044971895553,7.994930825935584,8.282863694442216,30683075,8.116502440846679
2024-06-07,8.110103607177734,8.18688558167092,7.9949306454379565,8.100505631537752,20954589,8.09730661142887
2024-06-11,8.16769027709961,8.234874273743383,7.9565393965306415,8.062114379158473,21299195,8.119701315791211
2024-06-12,8.254070281982422,8.273265317451726,8.138896407913352,8.18688536955658,21095540,8.2220773357825
2024-06-13,8.177289009094238,8.273266025278785,8.148495080456824,8.234875035742288,16884174,8.199683371609948
2024-06-14,8.254070281982422,8.273265317451726,8.119701372444048,8.14849438330466,15619352,8.215678990626065
2024-06-17,8.12929916381836,8.24447211996703,8.110103213470268,8.24447211996703,16397948,8.161291499085218
2024-06-18,8.158092498779297,8.215679436802661,8.110103536312048,8.119701511868163,15212856,8.16129182396467
2024-06-19,7.985332489013672,8.177288336214179,7.985332489013672,8.158092385368802,18678677,8.049317771413842
2024-06-20,7.764585018157959,7.994930950424638,7.745389066145717,7.985332974418517,20919519,7.834968344909438
2024-06-21,7.7549872398376465,7.831769219217157,7.649411789362472,7.735792202649466,14651478,7.7453894161390915
2024-06-24,7.447858810424805,7.735791670964904,7.438260834833691,7.735791670964904,24168796,7.5406371054078
2024-06-25,7.025557994842529,7.505445824766444,6.948775557623076,7.447859340094379,60884477,7.15992645907735
2024-06-26,7.46705436706543,7.476651885081001,6.9487751221811775,6.977568591541229,51890738,7.297493791442537
2024-06-27,7.35188102722168,7.45745647248094,7.342283509101751,7.45745647248094,23603047,7.383873669601456
2024-06-28,7.294294357299805,7.50544524236949,7.275098863898621,7.342283319631096,22573214,7.358279487855971
2024-07-01,7.31348991394043,7.361478876686679,7.092741509089682,7.323087889552347,21541300,7.25590343323893
2024-07-02,7.3230881690979,7.428663158919115,7.284697180498061,7.313490193119598,17705550,7.345482836171693
2024-07-03,7.265501499176025,7.351880992473816,7.227110511564413,7.284696992981831,14246294,7.281497667738084
2024-07-04,7.035155296325684,7.303892674157682,7.025557778004908,7.265501685561208,18480434,7.121535249496091
2024-07-05,7.131133079528809,7.169524069803407,6.967971599690119,7.0351556038423135,16865877,7.089542916340778
2024-07-08,6.833602428436279,7.121535302718359,6.804809415602083,7.102339808276667,25034000,6.919982382252241
2024-07-09,6.833602428436279,6.881591393368855,6.641647484019351,6.7760159451112,32435905,6.785613768608162
2024-07-10,6.72802734375,6.929579803740904,6.516876450187444,6.670440403573535,29404419,6.724827865892782
2024-07-11,6.939177989959717,6.958373484714731,6.7760160557137485,6.86239601093966,25103727,6.891189176796066
2024-07-12,6.891189098358154,6.9583735595516165,6.833602613473772,6.9391780645901555,18672300,6.894388423794514
2024-07-15,6.833602428436279,6.919982382252241,6.804809415602083,6.891188911761358,18882280,6.852798075430201
2024-07-16,7.159925937652588,7.284696874183915,6.747222598729735,6.795211103633323,45515634,7.063948470188746
2024-07-17,7.255903720855713,7.515043123112822,7.169523767551116,7.2750992151837695,50625727,7.3134902038398835
2024-07-18,7.275099277496338,7.3230882425558566,7.083144332571641,7.198317299526459,28124729,7.227110617541278
2024-07-19,7.342283725738525,7.3710767386045335,7.207915264498214,7.275099266290026,22457705,7.307091909613757
2024-07-22,7.54383659362793,7.572629606292415,7.294294709700067,7.351881192685724,33222676,7.470253636540138
2024-07-23,7.188719272613525,7.572629617404608,7.179121754263508,7.563032099054591,31749863,7.313490214760548
2024-07-24,6.967971324920654,7.246306222264205,6.967971324920654,7.159926268724246,23409500,7.0607496240351715
2024-07-25,7.236708164215088,7.342283610938672,6.881591293375474,6.95837327002656,29570042,7.153527689509745
2024-07-26,7.217512607574463,7.351881065550714,7.179121619581249,7.246306077397712,20134700,7.249505097568808
2024-07-29,7.198317050933838,7.303892495824735,7.09274160604294,7.246306014336065,20149850,7.198317050933838
2024-07-30,7.217512607574463,7.246306077397712,7.131132655761392,7.159926125584642,14505450,7.198317113577855
2024-07-31,7.524641036987305,7.5342385552437605,7.179121684277952,7.198317178447545,31633015,7.412667092169673
2024-08-01,7.591825008392334,7.8221709375366215,7.54383650198228,7.591825008392334,35714065,7.652610815970412
2024-08-02,7.515043258666992,7.754987170924083,7.495847763992693,7.563032224181088,25794478,7.588626064527922
2024-08-05,7.495847702026367,7.822171108791823,7.486250183596904,7.515043196541982,44017331,7.601422998138364
2024-08-06,7.630216121673584,7.754987064167253,7.515043155213283,7.630216121673584,32449700,7.633415447018041
2024-08-07,7.601423263549805,7.716596232353481,7.505445789546741,7.649411771722988,24274874,7.607821761816676
2024-08-08,7.553433895111084,7.601422858383084,7.390271969174291,7.543836377050687,26384545,7.515042907556153
2024-08-09,7.42866325378418,7.630216175335536,7.419065735340001,7.57262969170039,16793052,7.492648388153239
2024-08-12,7.361478805541992,7.4478587545877595,7.294294349877878,7.428662803549445,15273630,7.367877303335876
2024-08-13,7.342283725738525,7.409467727530337,7.2463062534240175,7.3710767386045335,13327600,7.33268590223096
2024-08-14,7.419065475463867,7.505445426719201,7.313490030335867,7.351881018081199,19153157,7.412666977506312
2024-08-15,7.563032150268555,7.668607141117085,7.3134902642847095,7.3998702183032234,29285900,7.51504318522345
2024-08-16,7.399869918823242,7.591824855921682,7.390271943139985,7.553433868501994,20468371,7.460655572628302
2024-08-19,7.419065475463867,7.515042944827198,7.399869981591201,7.438260969336533,16732998,7.4446594672940885
2024-08-20,7.31348991394043,7.5054453072687615,7.294294420373263,7.428662875343429,21691715,7.371076547194151
2024-08-21,7.591825008392334,7.956539853860801,7.457456549724832,7.457456549724832,74936853,7.668607137325989
2024-08-22,7.073546409606934,7.697401129437969,7.054350914970339,7.57262972781507,59946319,7.275099484671746
2024-08-23,6.987166881561279,7.150328356419865,6.958373410905828,7.015959894560039,27197262,7.031956216295658
2024-08-26,7.073546409606934,7.179121858936546,6.891188981730944,6.996764431060557,24156511,7.04795241675814
2024-08-27,6.929580211639404,7.188719627060595,6.891189221033057,7.015960169332037,27811800,7.003163019911018
2024-08-28,6.948775291442871,6.977568761504289,6.680038373267482,6.8240048082612095,27447383,6.868794142071548
2024-08-29,7.083144664764404,7.159926646335285,6.862396238919767,6.891189253180492,22805419,7.035155850006485
2024-08-30,7.294294357299805,7.399869799834647,7.044752943084415,7.083143929886782,34923467,7.246305700072956
2024-09-02,7.006362438201904,7.33268584846759,7.006362438201904,7.255903869581546,27060179,7.1151369082904665
2024-09-03,7.073546409606934,7.140730869663359,6.958373441787369,6.996764431060557,13845200,7.057550240352554
2024-09-04,7.035155296325684,7.111937273518631,6.987166789408434,7.015959802027447,13380550,7.044753119750916
2024-09-05,7.332685470581055,7.457456408669211,7.044753064596853,7.044753064596853,37240200,7.278298314615706
2024-09-06,7.198317050933838,7.409467483058961,7.198317050933838,7.323087989654292,19910200,7.268700528308879
2024-09-09,7.131133079528809,7.236708531612305,7.073546594116912,7.159926551063109,16640250,7.147129401752675
2024-09-10,7.198317050933838,7.236708038592951,6.9775686430656,7.159926063274725,18986729,7.137531244197462
2024-09-11,7.1695237159729,7.23670817446611,7.111937233403013,7.150328221782938,13103450,7.1727230412806735
2024-09-12,7.131133079528809,7.323088488558503,7.131133079528809,7.150328574666108,17812550,7.19511821587204
2024-09-13,7.015960216522217,7.188719675412775,7.015960216522217,7.169524179980491,14327000,7.07354670281907
2024-09-18,6.967971324920654,7.035155326423568,6.833602406601455,7.015959832043209,15724389,6.945576352648558
2024-09-19,7.342283725738525,7.342283725738525,6.9391778843609035,7.006362343809403,37969472,7.207915111945984
2024-09-20,7.409467697143555,7.428663191527734,7.246306223706373,7.332685719606837,19127920,7.361479037459222
2024-09-23,7.706997871398926,7.889355749386661,7.457456451447826,7.486249921039751,63170077,7.684603357411138
2024-09-24,7.985332489013672,8.042919426236487,7.745388595326355,7.8317685435039195,57596952,7.924546836858838
2024-09-25,7.90855073928833,8.129299603668938,7.850964715754844,8.004528665595263,59042267,7.962938352904037
2024-09-26,8.062114715576172,8.07171269130102,7.8125737539235525,7.898952789507145,47162883,7.982133720266915
2024-09-27,8.446025848388672,8.580393852718295,8.148494996076801,8.158092972189882,73488500,8.39163823239459
2024-09-30,9.213846206665039,9.24263921862899,8.63798047550597,8.63798047550597,112997376,9.031488633599999
2024-10-08,9.674538612365723,10.135231406690156,9.137064753519516,10.135231406690156,144936445,9.648944924191797
2024-10-09,8.724360466003418,9.338616272338637,8.714762490201093,9.23304128445311,87570903,8.925913076181049
2024-10-10,8.705164909362793,9.060281792340769,8.5899919404494,8.724360861838388,65424031,8.785146214050988
2024-10-11,8.254070281982422,8.810740040291906,8.177288309478584,8.714762117005451,54843966,8.41403287725097
2024-10-14,8.39803695678711,8.436427946262743,8.071713088587526,8.340450014916964,50168957,8.302059330545793
2024-10-15,8.330852508544922,8.637980407926484,8.206081570592827,8.302058581492895,56549431,8.391638162354745
2024-10-16,8.570796966552734,8.762751916158642,8.177289091032273,8.20608210464481,74136171,8.50361265791455
2024-10-17,8.474818229675293,8.743555133615436,8.474818229675293,8.570796153024858,52555461,8.56439719765534
2024-10-18,8.73395824432373,8.935511155048534,8.3020584961182,8.426829432787205,62715215,8.657175965163487
2024-10-21,9.607355117797852,9.607355117797852,8.925914324175617,8.925914324175617,108482196,9.380208186590439
2024-10-22,9.424996376037598,9.866493201622783,9.319421386448255,9.607354257971352,140776301,9.536970321369544
2024-10-23,9.338616371154785,9.54016928856959,9.204248369753822,9.37700827477033,61424419,9.361011343159399
2024-10-24,9.213846206665039,9.309823218315985,9.117868279700746,9.24263921862899,41156961,9.21384590156059
2024-10-25,9.559365272521973,9.674538237815808,9.175455388209189,9.233041413199423,65513200,9.469786299515656
2024-10-28,9.876091003417969,9.914481991256476,9.453790137194382,9.549767149133977,78225237,9.748121043956276
2024-10-29,9.62654972076416,10.202415489305391,9.59775670693112,9.981666609083003,80583306,9.80890730566689
2024-10-30,9.482583999633789,9.76091891525211,9.377009002438367,9.482583999633789,46716439,9.540170639108089
2024-10-31,9.616952896118164,9.808907851913117,9.233042069214829,9.405801987087,65694136,9.552967605748703
2024-11-01,9.338616371154785,9.693734157091686,9.290628322262076,9.578560276871773,47453006,9.440992950169516
2024-11-04,10.029654502868652,10.0776434643329,9.424995785171081,9.520973708099575,83962298,9.844097917457544
2024-11-05,10.672704696655273,10.73029163611883,9.914481999713008,9.972068939176564,92142796,10.439159444162371
2024-11-06,11.67087173461914,11.738055737086855,10.63431410788082,10.701498110348536,182179813,11.347747193195607
2024-11-07,11.67087173461914,11.709262723931175,11.200581886718371,11.373341796279218,101225083,11.526905448422895
2024-11-08,11.37334156036377,11.862826435110556,11.296559583332376,11.738055493606202,74454101,11.510909192935566
2024-11-11,12.237138748168945,12.256334699281176,11.402134096366781,11.402134096366781,101818326,11.965202514605634
2024-11-12,11.805240631103516,12.477083400368366,11.63248072189044,12.265932501920538,103568551,11.971601584454106
2024-11-13,11.74765396118164,11.882022884266359,11.450124016562244,11.67087198093706,65493754,11.693266954003414
2024-11-14,11.584491729736328,12.054782490916498,11.56529669282002,11.709262673289158,77010490,11.734856971157617
2024-11-15,11.229374885559082,12.016391538422596,11.210179848584227,11.584491765071052,78737929,11.485315424188634
2024-11-18,10.903050422668457,11.373341159553846,10.691900450929984,11.373341159553846,66046820,10.98943067771743
2024-11-19,11.469318389892578,11.565296317297879,10.883855595597627,10.979832607689575,78511439,11.306156767596027
2024-11-20,11.63248062133789,11.786044576949473,11.421329724715276,11.517307654629203,62254879,11.613284974334213
2024-11-21,11.613286018371582,11.757252003307123,11.430928127785595,11.670872046220435,46402362,11.600488716488101
2024-11-22,11.325352668762207,11.949206464984714,11.267765727961445,11.574894553376557,62318651,11.514108287236121
2024-11-25,11.987597465515137,12.1507593967452,11.037419806220095,11.41173263350907,103873419,11.725258889493476
2024-11-26,11.805240631103516,12.534670341877186,11.75725166573173,11.901217646533704,90305042,12.032387546237478
2024-11-27,12.985763549804688,12.985763549804688,11.526905120722502,11.718860056744719,113262552,12.499477406777293
2024-11-28,12.352312088012695,13.4368586456802,12.28512808768457,13.4368586456802,139544147,12.691432940459157
2024-11-29,12.400300979614258,12.717026858332567,12.093173076690649,12.265932064428503,102965208,12.403500304879158
2024-12-02,12.611452102661133,12.908982035266467,12.294726218113071,12.342714267343155,83339182,12.605053452013557
2024-12-03,12.237138748168945,12.726624517770901,12.169954749902793,12.496278596304096,64822642,12.37790600528088
2024-12-04,12.006793975830078,12.237139919342482,11.882023027599173,12.12196694758628,52222720,12.041985640923912
2024-12-05,12.44828987121582,12.56346283414548,12.016391031401263,12.016391031401263,67732203,12.342714578920853
2024-12-06,12.544266700744629,12.669037637603946,12.333116729425784,12.390702752398804,60444987,12.51547368925812
2024-12-09,12.669037818908691,12.841797720926753,12.525071844102536,12.640244807010129,55718645,12.678635794645993
2024-12-10,12.505875587463379,13.081741303262588,12.448289565071452,13.00495932986447,62866543,12.678635485265806
2024-12-11,12.419495582580566,12.6018534550641,12.189149663424509,12.505875531092418,49493756,12.40349956702306
2024-12-12,12.285127639770508,12.563462522099012,12.20834566639115,12.419495635527724,50307078,12.352311942753557
2024-12-13,12.246736526489258,12.52507140594068,12.160356578502038,12.22754057568618,56961041,12.310721503643991
2024-12-16,11.286961555480957,12.409899108543843,11.14299466272399,12.361910144291521,122117355,11.613285108916264
2024-12-17,11.047018051147461,11.200582010087027,10.883856115945823,11.171788996614207,66251355,11.043818725726771
2024-12-18,11.248570442199707,11.258167502692885,10.96063757519731,11.152592514761125,45052858,11.155791840029968
2024-12-19,11.363743782043457,11.459720797345236,10.874257983470223,11.123799870818935,59570205,11.232574187619639
2024-12-20,11.123799324035645,11.41173218641459,10.931844387554127,10.941441447893201,64409418,11.155791966001454
2024-12-23,10.36557674407959,11.085408449705765,10.327185756392062,10.99902849858049,88418595,10.59272365005914
2024-12-24,10.557531356811523,10.576727307719755,10.279196475835388,10.413565386253056,38418459,10.471151713455555
2024-12-25,10.260001182556152,10.59592302247504,10.144828215664544,10.538336081372549,39016400,10.333584140231912
2024-12-26,10.173622131347656,10.336784063071574,10.14482820317517,10.260001169924987,28880405,10.218411465864799
2024-12-27,10.202414512634277,10.442358407337869,10.154425550630895,10.192816537170938,39087899,10.266399490201014
2024-12-30,10.260001182556152,10.317588123658645,10.00086223587838,10.154426191733856,26830690,10.192817180697725
2024-12-31,9.914482116699219,10.35597894008476,9.914482116699219,10.26959898752686,31615758,10.0616477244944
2025-01-02,9.578560829162598,9.972069626091029,9.463387857615281,9.914482682660665,40167977,9.671339437622969
2025-01-03,9.281030654907227,9.684136503138141,9.24263966532873,9.6265495611137,34873344,9.402602274458033
2025-01-06,9.194650650024414,9.348214607511633,9.060281729566404,9.233041639396218,32417148,9.201048995700816
2025-01-07,9.281030654907227,9.290628631130199,9.089075707014741,9.204248675750232,24501983,9.220244997684055
2025-01-08,9.233041763305664,9.329019695679914,8.954706857796417,9.223443787005559,33602483,9.172256105593998
2025-01-09,9.300225257873535,9.367410172984528,9.146661306728436,9.156259282503342,23123850,9.271432245862167
2025-01-10,9.069879531860352,9.50177838284163,9.069879531860352,9.261834475039434,25468496,9.213845815520777
2025-01-13,9.079477310180664,9.156259285780697,8.820337456045543,8.829935431823884,20193107,9.018691350668968
2025-01-14,9.453790664672852,9.472985702006426,9.041086835896886,9.137064768504962,37701500,9.322621067525388
2025-01-15,9.47298526763916,9.607354184066534,9.309823338874978,9.444192255302351,40295699,9.463387596860224
2025-01-16,9.396203994750977,9.578560973622778,9.319422012561436,9.511376968035288,36672247,9.43139566031173
2025-01-17,9.309823989868164,9.424996962582275,9.27143299896346,9.319421966422695,20245397,9.335417983804634
2025-01-20,9.828103065490723,10.029656001506078,8.88752330762803,8.88752330762803,92467459,9.58176079154161
2025-01-21,10.02005672454834,10.077643662500492,9.674537842775406,9.828101790230043,49220676,9.924079409941413
2025-01-22,9.856895446777344,9.98166546418046,9.703330588217158,9.904883492557019,31244633,9.847297166391654
2025-01-23,9.760918617248535,10.068046538122829,9.722527627139248,9.962471544150642,30821411,9.850497594170205
2025-01-24,9.78011417388916,9.8952880656452,9.684137151177065,9.684137151177065,21048929,9.786513130237141
2025-01-27,10.029654502868652,10.260000419521068,9.866492583078198,9.87609055843371,39200036,10.052049168489306
2025-02-05,10.346381187438965,10.547934109318904,10.03925327421749,10.18321925471171,56068131,10.311189523658454
2025-02-06,10.864660263061523,10.912649229498594,10.2695994590567,10.403968382017817,56661820,10.68230298387227
2025-02-07,10.720693588256836,11.00862645301239,10.538335710609202,10.797475563483204,51786900,10.755885250626143
2025-02-10,10.883855819702148,10.903050856390434,10.643911911561672,10.7014979369399,38335298,10.81027286255142
2025-02-11,10.845464706420898,11.056615599446587,10.691900753425257,10.845464706420898,32904257,10.864660353097582
2025-02-12,11.06621265411377,11.085408605884654,10.787877760629476,10.816671688285801,32169383,10.979833006875966
2025-02-13,11.02782154083252,11.181385492004772,10.797475614074141,11.02782154083252,41695387,11.002227548970476
2025-02-14,11.344548225402832,11.402135168842781,10.720694400589363,10.970236296640115,60894340,11.155792598278325
2025-02-17,11.354146003723145,11.786044868388842,11.229375057875117,11.51730793942338,63175632,11.456521976662367
2025-02-18,11.075810432434082,11.70926218456027,11.066212456719844,11.574894185814317,57963350,11.283761691238064
2025-02-19,11.133398056030273,11.267766063038895,11.037420123612629,11.075811113517007,28394139,11.1461947475606
2025-02-20,10.951040267944336,11.190984185875854,10.845465273567294,11.142995219226869,33125703,10.995829909129162
2025-02-21,11.267765998840332,11.315754964775735,10.749487180427451,10.98943109479107,41363450,11.111002714681172
2025-02-24,11.06621265411377,11.306156559369658,10.979832701771514,11.229374582912842,25956489,11.117400638418312
2025-02-25,10.845464706420898,11.066212660023796,10.787877766390853,10.912648707028152,22584039,10.899851710945184
2025-02-26,10.816671371459961,11.01822336727052,10.730291421647816,10.951039368667,26165248,10.855062053459433
2025-02-27,11.18138599395752,11.37334185685343,10.691901106450437,10.826269112101507,47988444,11.082209652420461
2025-02-28,10.509542465209961,11.296559066763072,10.490347429486546,11.114201193167354,43552993,10.765482987153192
2025-03-03,11.037420272827148,11.248571177812467,10.519141444454759,10.586325448867328,58696828,10.935044298364792
2025-03-04,10.960638046264648,11.258167986547491,10.88385606713918,10.97983308338932,28116318,11.034220699983772
2025-03-05,11.095006942749023,11.181385982588285,10.720694108858666,10.941442069525761,32595919,10.999029011398656
2025-03-06,11.469318389892578,11.594089329394128,11.095006486701278,11.104603547191127,47006017,11.38613806866266
2025-03-07,11.306157112121582,11.526905991712239,11.133398114304333,11.40213504504159,33811065,11.322153739379383
2025-03-10,11.190983772277832,11.373341655741683,11.14299480740243,11.306156738790772,21054576,11.235773411807315
2025-03-11,10.912649154663086,11.181386083429002,10.749487219084001,11.047018076702741,31355717,10.947840819058698
2025-03-12,11.037420272827148,11.21977724850987,10.855063297144428,11.02782229639295,27769873,11.037420272827148
2025-03-13,10.816671371459961,11.037419318479145,10.663106507730966,11.037419318479145,23712932,10.83906573255669
2025-03-14,11.392537117004395,11.574895007263136,10.739889367132532,10.797476310191453,46732141,11.23577383046669
2025-03-17,11.325352668762207,11.699664580370362,11.28696167999949,11.613285542139277,27553939,11.437326309710686
2025-03-18,11.33495044708252,11.594089387882745,11.277363507286159,11.392536471565522,26495650,11.40213444741714
2025-03-19,11.085409164428711,11.632481003076355,11.037420197896914,11.517308032588083,36517800,11.25177012180066
2025-03-20,10.864660263061523,11.095007118896781,10.845465225674738,11.07581116619659,20704926,10.935044202544347
2025-03-21,10.547933578491211,10.94144142633118,10.499944615637068,10.807073428715581,27271942,10.663106540153153
2025-03-24,10.768682479858398,10.83586647890554,10.509542628710841,10.547933616068256,25463021,10.704697195824927
2025-03-25,10.624715805053711,11.018223662231499,10.567129780512909,10.749486745309925,17916950,10.73668974926604
2025-03-26,10.624715805053711,10.720693733039523,10.557531804651656,10.586324816922058,13725857,10.634313780914963
2025-03-27,10.624715805053711,10.691900720769123,10.413565827986295,10.605520768644563,13408844,10.57672745126971
2025-03-28,11.037420272827148,11.277364191801652,10.615119378169924,10.663107429714096,37709150,10.97663461426624
2025-03-31,11.008626937866211,11.085408916474295,10.682303071125164,10.9414420200991,26003474,10.925446308488555
2025-04-01,11.210179328918457,11.277363328186105,10.893453453351915,11.01822347618802,29966900,11.126998703485492
2025-04-02,11.25816822052002,11.498112139102084,11.16219120227524,11.171789178693741,27427629,11.306157187299114
2025-04-03,11.37334156036377,11.440525561437896,11.10460372544053,11.10460372544053,23796479,11.306156949080732
2025-04-07,10.240805625915527,10.893453320486788,10.240805625915527,10.84546435788949,29950800,10.45835485743928
2025-04-08,10.183218955993652,10.346380883934659,9.914482039808084,10.164023919637074,33218604,10.148027293245464
2025-04-09,10.922246932983398,11.075810889494885,9.78971138074111,9.904884348124725,45100873,10.595923067739799
2025-04-10,11.056615829467773,11.219776846435016,10.826268979868827,11.0182239251068,28002644,11.034220551923871
2025-04-11,10.999029159545898,11.200582085845696,10.874258213235224,10.979833206891918,19234060,11.024623152875606
2025-04-14,11.277363777160645,11.373341707346938,11.066212879938828,11.066212879938828,23505487,11.238972788148805
2025-04-15,11.267765998840332,11.498111936954192,11.114202040097759,11.238972985404448,16888809,11.293359991964095
2025-04-16,11.469318389892578,11.766849232598329,11.133397474600727,11.219776510889476,41945537,11.456521699030546
2025-04-17,11.48851490020752,11.594089893236983,11.334950941141608,11.334950941141608,21391387,11.47251857819537
2025-04-18,11.56529712677002,11.642079107943003,11.277364239714622,11.450124155010544,18963522,11.494913491475883
2025-04-21,11.78604507446289,11.891620984887464,11.450124136210977,11.526906117257896,27503175,11.709263398520443
2025-04-22,11.699665069580078,11.997195931417123,11.622883088844082,11.853229946365483,25420220,11.773248029947093
2025-04-23,11.517308235168457,11.87242512924854,11.45012423003027,11.795643147572491,25043342,11.613285864815756
2025-04-24,11.344548225402832,11.574895083849212,11.248571206754136,11.450124135823835,19639888,11.389338172002061
2025-04-25,11.78604507446289,11.853229994364003,11.306157235262946,11.392537192769081,33196213,11.648477434696614
2025-04-28,12.534669876098633,12.669037875770563,11.51730732621203,11.690067229005482,85114031,12.240338359360408
2025-04-29,12.765015602111816,12.813004564945345,12.381104814756924,12.400300766015668,48193500,12.653041660604694
2025-04-30,13.043351173400879,13.14892616493034,12.774614248853732,12.803407261941153,43589738,12.988963862394984
2025-05-06,13.158523559570312,13.331283461087096,12.765015708616167,13.062545633102468,44606282,13.08494090975786
2025-05-07,13.052948951721191,13.36967483682308,12.860993093211734,13.24490389491728,35592806,13.094538960585334
2025-05-08,12.889786720275879,13.177718670691819,12.832199781004682,12.956970719997818,29904449,12.966568390657459
2025-05-09,12.841797828674316,13.120132720198004,12.736222840618211,12.86099286499663,30133500,12.899384463163509
2025-05-12,12.908982276916504,13.043351197090816,12.84179827448604,12.976167194660352,23162741,12.931377249497785
2025-05-13,13.139328002929688,13.360076874312913,12.908982070862002,13.004960000213556,33009602,13.136128982701536
2025-05-14,12.918580055236816,13.196914952160764,12.784211137120185,13.100937022746972,31717400,12.966568714839255
2025-05-15,12.256335258483887,12.937775078419289,12.21794335450777,12.908982065750573,50918824,12.47068456380365
2025-05-16,12.035587310791016,12.390704212001195,11.99719631918217,12.265933260444088,40264439,12.14116261399146
2025-05-19,12.29472541809082,12.448289362386708,12.073976561680501,12.102769572407652,29072121,12.272330447386011
2025-05-20,12.56346321105957,12.621049236595354,12.227541372618461,12.304323350208422,31560974,12.470684606757795
2025-05-21,12.56346321105957,12.678636177444512,12.496279209496697,12.52507222226459,17185524,12.579459532666926
2025-05-22,12.361909866333008,12.91857964239112,12.29472586707841,12.870590679217832,29027512,12.52507179193418
2025-05-23,12.17955207824707,12.371507932341483,12.169955017793027,12.32351896881788,18650048,12.24033834279386
2025-05-26,12.313920974731445,12.640244827830468,12.208345987387258,12.208345987387258,23735650,12.387503929983056
2025-05-27,12.256335258483887,12.400301237140843,12.150759353176307,12.31392128382132,16963465,12.269131949600345
2025-05-28,12.44828987121582,12.717026784718358,12.333116908286161,12.467484907380758,30751542,12.499477854740114
2025-05-29,12.889786720275879,12.947372744233727,12.256334964859454,12.438691927810439,34789042,12.697831476456352
2025-05-30,12.899383544921875,13.129730382482501,12.803406534975501,12.870590533469295,27473815,12.944173487459958
2025-06-03,13.657607078552246,13.85916000193636,12.87059133739208,12.87059133739208,63707657,13.462452805960227
2025-06-04,14.079909324645996,14.49261316070314,13.638412474423806,13.676803465081672,71841001,14.070311653257647
2025-06-05,14.051115989685059,14.16628895902919,13.907149091519846,14.070311026919049,44299262,14.041518013411364
2025-06-06,13.868758201599121,14.444623967779643,13.772781184111302,14.051116090858761,36605443,14.028721117830022
2025-06-09,13.907770156860352,14.141841797872678,13.76147468363913,13.937028879457387,27308950,13.937028879457387
2025-06-10,13.80048656463623,14.015052699703222,13.546909419685804,13.927275602170452,38869385,13.787482894675085
2025-06-11,14.190607070922852,14.297889674729083,13.800486735947587,13.868758329386125,54887027,14.096327827199842
2025-06-12,14.892822265625,15.048870020608803,14.02480546588011,14.132088064901978,85751801,14.655499250704636
2025-06-13,14.844057083129883,15.009858055033307,14.668502894027908,14.727021267101227,50887207,14.840806010730367
2025-06-16,15.000104904174805,15.487754604843225,14.853809435903484,14.91232780923561,69549346,15.113889648307172
2025-06-17,15.078128814697266,15.829108871700157,14.912327841699616,15.117140753630949,73958799,15.27318850936568
2025-06-18,15.029363632202148,15.204917822155531,14.853809442248766,15.068375571067568,38185700,15.029363632202148
2025-06-19,14.64899730682373,15.526766387128761,14.54171377848295,15.000104752922146,65046459,14.905825824145147
2025-06-20,14.727021217346191,15.087881881411544,14.336900901784038,14.951339631447095,57745409,14.71726800018059
2025-06-23,14.444185256958008,15.458496647276197,14.288136563732257,14.580726584618242,70244708,14.730272822655488
2025-06-24,14.639244079589844,15.05862218516661,14.444184387447397,14.463689891602652,65672563,14.71401688406795
2025-06-25,14.707514762878418,14.912327672485686,14.434431193441387,14.697761545726172,50998877,14.684757876268497
2025-06-26,14.561220169067383,15.000104707902684,14.483196292390794,14.600232107405676,32537499,14.68150705645362
2025-06-27,14.063817977905273,14.561220914780124,13.702957297266076,14.444185093771575,65275077,14.10933206331716
2025-06-30,14.795291900634766,15.107387409482977,13.995546694152234,14.034558632758259,83673632,14.632742001423324
2025-07-01,14.775785446166992,14.980598356099433,14.639244126290688,14.805045097670186,46530838,14.79854264285237
2025-07-02,14.385666847229004,14.785539471790722,14.317396183557893,14.71726880811961,39000104,14.49620083419254
2025-07-03,14.39542007446289,14.785539481581925,14.00529973722582,14.414925579759824,39098997,14.395419764423545
2025-07-04,14.453937530517578,15.048870789435142,14.268631044536754,14.356408143729052,68193430,14.590479788163158
2025-07-07,14.463690757751465,14.951340482369163,14.405173311663441,14.405173311663441,43654950,14.606734850594691
2025-07-08,14.844057083129883,15.068375497988642,14.239371568589505,14.385666106095828,78874200,14.717268049902676
2025-07-09,15.009858131408691,15.302447207910133,14.805045219786889,14.844057158661615,54450819,15.039116853035239
2025-07-10,14.707514762878418,15.097634147788463,14.522208287575642,15.039116705110947,47884465,14.775785732747508
2025-07-11,14.239372253417969,14.678256817162639,14.141841936977805,14.629491658942557,63242030,14.353157002519472
2025-07-14,14.024806022644043,14.13208862592487,13.51764986869535,14.13208862592487,61728522,13.891514839088089
2025-07-15,14.151595115661621,14.288136442160077,14.015052859045136,14.210112561270094,46224854,14.15159480562228
2025-07-16,14.171100616455078,14.366160318619883,13.956535409132805,14.083323517951408,37485774,14.164598781402589
2025-07-17,14.200360298156738,14.414925505913999,14.054064823648027,14.141841922329649,37101660,14.223116875906255
2025-07-18,13.937028884887695,14.278384059085523,13.810239846760446,14.210112466175143,43540095,14.008550930244555
2025-07-21,14.08332347869873,14.327148338254663,13.927275717401818,13.93702893501238,41779953,14.112582511451736
2025-07-22,13.976040840148926,14.463690558033028,13.937028899922918,13.976040840148926,45364203,14.125586766034957
2025-07-23,14.063817977905273,14.327148342645001,13.917523434174095,13.946782156896726,57013900,14.102829918241456
2025-07-24,14.07357120513916,14.171100590987272,13.888263790827102,14.16134830348508,38017830,14.044311862317846
2025-07-25,14.07357120513916,14.210112531350124,13.907770226067539,14.083323492641354,41692075,14.06381798751894
2025-07-28,14.2783842086792,14.414925535694447,13.868758367397392,14.063818070360627,52829654,14.187356037257013
2025-07-29,14.707514762878418,14.814797361199185,14.04431087841336,14.278383439477368,72067391,14.522207667496987
2025-07-30,14.61973762512207,14.80504502998991,14.434431150372207,14.746526657369019,51036827,14.619737935161396
2025-07-31,14.190607070922852,14.73677423772298,14.093076754649529,14.688010009704348,54751858,14.34015268776512
2025-08-01,14.28813648223877,14.317396135243108,13.712710591590561,14.19060709591173,60197166,14.106081069690811
2025-08-04,14.336901664733887,14.580726526141328,14.015052922085507,14.151595179316166,63937992,14.310893704320241
2025-08-05,15.009858131408691,15.39997752015594,14.268630362670931,14.327147805924023,112426413,14.892822004745186
2025-08-06,15.517013549804688,15.556025489214985,14.922081241268138,15.000105120088735,84713881,15.331706760095935
2025-08-07,15.21467113494873,15.69256762158078,15.126894039420804,15.517013430524928,59739069,15.344710931983437
2025-08-08,14.90257453918457,15.243929700490021,14.707514845632021,15.117140667151368,52940417,14.951339695102204
2025-08-11,14.834303855895996,15.058622270603006,14.756279978596343,14.863562577353871,45480050,14.883068701698448
2025-08-12,14.609984397888184,15.009857928598592,14.551466955425768,14.931834051903385,51854169,14.723769760637515
2025-08-13,14.980598449707031,15.156152639351227,14.590479061739916,14.609984566079278,60077304,14.909076716932725
2025-08-14,15.097634315490723,15.360965600818535,14.961092994314518,15.05862237656638,56850065,15.139897636874592
2025-08-15,15.165905952453613,15.204917891496944,14.648997527599969,15.029363700742955,49787325,15.006607123850175
2025-08-18,15.195164680480957,15.458495966720676,15.009858202478114,15.165905958715875,50289577,15.22117294989325
2025-08-19,15.000104904174805,15.4292362315111,14.980598469691433,15.2536829717507,48012336,15.136646535125779
2025-08-20,15.360965728759766,15.546272207664313,15.000105058174489,15.10738765858049,71009688,15.302447664866188
2025-08-21,15.282941818237305,15.634050200863047,15.03911696591076,15.399977635739887,73274512,15.318702995003704
2025-08-22,15.39022445678711,15.39022445678711,15.117140881933606,15.21467119515457,45430154,15.29919659850261
2025-08-25,15.712074279785156,15.829109168663859,15.16590619434916,15.399977832342584,68301546,15.569029880932725
2025-08-26,15.965652465820312,16.307005777665744,15.712074391137971,15.731578965931972,97589351,15.994910878208008
2025-08-27,15.546272277832031,16.424042310079468,15.507260338406677,16.267994552378056,99205030,15.825858308772725
2025-08-28,15.877875328063965,16.12170018461155,15.370719179988333,15.702321133711935,65320357,15.79009823088795
2025-08-29,16.24848747253418,16.355770999283198,15.79985065201271,15.877874527765833,78924246,16.134703041276698
2025-09-01,15.877875328063965,16.287501161473354,15.663308263751029,16.287501161473354,62411295,15.942894917762784
2025-09-02,15.282941818237305,16.092440253551995,15.087882122399668,15.84861540122545,60927810,15.487754731396322
2025-09-03,15.351212501525879,16.092440276902433,15.195164744629341,15.263435405742078,65208858,15.546272507685885
2025-09-04,14.6587495803833,15.546271877016379,14.375912794312123,15.27318830807958,60482604,14.860311417237268
2025-09-05,15.45849609375,15.54627225976654,14.580726062522572,14.648997654026108,70741763,15.195164805346371
2025-09-08,16.131452560424805,16.33626453632519,15.32195322321479,15.399977098829593,70675150,15.929890106654929
2025-09-09,16.199724197387695,16.67762069691885,15.946146121266585,16.18997097981734,62310855,16.274497005191044
2025-09-10,16.658113479614258,16.911691543828884,16.04367568342048,16.04367568342048,82124756,16.537826902287875
2025-09-11,16.94095230102539,16.95070365853838,16.12170061246453,16.550831032007018,62208234,16.671118857342766
2025-09-12,16.560583114624023,17.01897501622968,16.541076680462943,16.92144470566022,37959497,16.70687827043888
2025-09-15,18.21859359741211,18.21859359741211,16.482559947341787,16.56058382710697,90208197,17.639915714055334
2025-09-16,18.345380783081055,18.89154977424308,17.99427427188939,18.530688185805168,117320218,18.410401609737843
2025-09-17,18.803773880004883,19.06710331512519,18.062546082095896,18.257604854028123,88784207,18.64447442574199
2025-09-18,18.6672306060791,19.5840125966042,18.374641519431286,18.813527009639056,96056847,18.87529490737153
2025-09-19,18.969573974609375,19.223150180271848,18.530688502816698,18.530688502816698,59291197,18.90780421923264
2025-09-22,18.403900146484375,19.018337938294696,18.140568867035977,18.969573713316525,53865100,18.520935650605015
2025-09-23,18.111309051513672,18.60871195476714,17.672425449985965,18.345380677708963,53066471,18.13081548542226
2025-09-24,18.579452514648438,18.67698282506173,17.84797797690266,18.013778946534472,46457284,18.368137772204275
2025-09-25,19.262163162231445,19.847343174650227,18.618465706641576,18.628218923876087,74280136,19.242657347841085
2025-09-26,18.71599578857422,19.252409708223425,18.628218694779118,19.01833807818181,55907422,18.865541397192256
2025-09-29,18.686737060546875,18.989079365093275,18.345381885614593,18.579453527221744,35517615,18.673732770418248
2025-09-30,18.686737060546875,18.872044474407723,18.199087342139627,18.774514158679064,35143910,18.58595629236474
2025-10-09,18.03328514099121,18.696489010704095,17.701683206134767,18.598958701587037,56940366,18.14381911927669
2025-10-10,17.37983512878418,18.29661709189698,17.272551598777664,17.945508710229102,39572184,17.649667939819608
2025-10-13,17.223787307739258,17.60415347962443,16.580089850593904,16.68737338019679,38193345,17.136010212652533
2025-10-14,16.72638511657715,17.652920333802367,16.67762088840153,17.311565155864862,34283801,17.01897544626035
2025-10-15,16.9702091217041,16.999468773274828,16.09244003717795,16.775150358607164,36447303,16.687372644052292
2025-10-16,16.52157211303711,17.018975022924646,16.4825592446996,16.90193827814807,28954364,16.674368793553786
2025-10-17,16.17046356201172,16.667866466456847,16.141203911078737,16.453301273656095,28710542,16.326511313182433
2025-10-20,16.59959602355957,16.74589055965371,16.307005091135338,16.38502896773461,29141543,16.550830558116207
2025-10-21,16.73613739013672,16.804408049825707,16.463052891144805,16.58008963649447,29250811,16.667866110369076
2025-10-22,16.784902572631836,16.99946964130145,16.599597017263072,16.658114463156572,23722864,16.794656410398787
2025-10-23,16.843421936035156,16.872679728963362,16.492313539008123,16.736138401335545,19687714,16.73613840133555
2025-10-24,16.872678756713867,17.018975153869185,16.61910255151284,16.92144484251096,21147815,16.83691882069863
2025-10-27,16.550830841064453,17.02872734383891,16.36552528667823,16.970209898255685,34060751,16.648361157193865
2025-10-28,16.52157211303711,16.853174052962135,16.365524360158975,16.502065678868355,27625813,16.580090175386072
2025-10-29,17.136011123657227,17.340824976493476,16.404536532537634,16.472807196737687,38988337,16.960457544229445
2025-10-30,16.54107666015625,17.301810849380946,16.443548209942474,17.253046624274056,38797458,16.762145239826555
2025-10-31,16.706878662109375,16.970209958523157,16.550830899842556,16.73613831512293,30225102,16.74263984015836
2025-11-03,17.438352584838867,17.516376463017092,16.87267900298775,16.970209315769527,66388866,17.275802683614568
2025-11-04,17.038480758666992,17.506625909458943,16.78490267789021,17.49687269170952,49833973,17.110003115338714
2025-11-05,16.014415740966797,16.970208677776082,15.887627641282267,16.755643485911524,66597042,16.29075068667505
2025-11-06,16.072933197021484,16.082686413965497,15.77059091270076,15.9949093217053,36092457,15.975403507895914
2025-11-07,15.614543914794922,16.072933971845515,15.604790697380738,15.907132996276406,42523610,15.764089528007057
2025-11-10,15.399977684020996,15.809602581505265,15.312200588089366,15.634050249878008,45631088,15.50726028453854
2025-11-11,15.204917907714844,15.458495976825969,15.126894029544959,15.409730820440291,36280225,15.263435971361924
2025-11-12,15.058622360229492,15.399977523035659,14.93183425645142,15.243929767507579,31164850,15.130144713238858
2025-11-13,15.097634315490723,15.126893967272474,14.902574620869007,14.980598498717693,25684486,15.04236763454407
2025-11-14,14.93183422088623,15.263435235534583,14.93183422088623,15.019610385573213,25797899,15.042367892435683
2025-11-17,14.795291900634766,14.883068995027822,14.629490929029657,14.785538683453764,22778207,14.769283941564082
2025-11-18,14.912327766418457,15.00010486110562,14.678256133998012,14.756280011471492,24206355,14.863562920507363
2025-11-19,14.727021217346191,14.902574475737076,14.639244123091757,14.902574475737076,19434210,14.756279938725008
2025-11-20,14.54171371459961,14.834303716788567,14.54171371459961,14.785538561404078,17781694,14.639243715329263
2025-11-21,14.36616039276123,14.707515570899838,14.327148452126934,14.414925551083607,28508102,14.466941471929333
2025-11-24,14.844057083129883,14.892822239004653,14.30764222874339,14.405172540492929,34871268,14.681507183625975
2025-11-25,15.234176635742188,15.458495983161034,14.824550810123423,14.892822401138547,47386394,15.172407809675548
2025-11-26,14.86356258392334,15.282941622182829,14.853809366727075,15.117140650318285,29761927,15.000104524277747
2025-11-27,14.795291900634766,15.16590578245101,14.77578546627276,14.834303839240793,23436600,14.912327716452845
2025-11-28,13.819993019104004,14.395419832522025,13.693203981391726,14.102829817041233,78503737,13.96953894433925
2025-12-01,14.200360298156738,14.210112585696228,13.800486745260686,13.878510626284786,53221386,14.070319876371217
2025-12-02,13.985794067382812,14.28813637181343,13.898016969284239,14.171100551054673,25302841,14.057315802826826
2025-12-03,13.702957153320312,14.161348145043709,13.634685560860648,13.946782010389649,26959482,13.83299695307489
2025-12-04,13.732215881347656,13.898016858632007,13.546909399151156,13.732215881347656,21919144,13.725714046376941
2025-12-05,13.761474609375,13.800486549333193,13.546909404663952,13.683450729458617,18741091,13.702956854457382
2025-12-08,13.810239791870117,13.976040769522294,13.702957189320246,13.761474634304532,24928900,13.829745916904221
2025-12-09,13.937028884887695,14.190606961142194,13.761474689001039,13.78098112415201,31576079,13.96303684501031
2025-12-10,14.122335433959961,14.180853809567209,13.693204089939563,13.878510574146137,28765312,13.998797777822245
2025-12-11,13.927275657653809,14.288136336634333,13.907770152634384,14.141841793575587,22856849,14.04106071564084
2025-12-12,13.966287612915039,14.054064710892424,13.829746287277347,13.907770167675464,18557851,13.950032870361603
2025-12-15,14.375913619995117,14.79529267968079,14.141841976033918,14.141841976033918,46215948,14.437682758569942
2025-12-16,14.483196258544922,14.590478856195027,13.99554656539685,14.32714757543844,44469935,14.356407226712266
2025-12-17,15.204917907714844,15.234176629499052,14.366159822211582,14.40517269141452,63914679,14.935084786475159
2025-12-18,15.312200546264648,15.692567650890084,14.912327937106573,15.10738763302295,53843137,15.305698711420435
2025-12-19,15.45849609375,15.536519972510037,15.195164805346371,15.302447406111922,29153058,15.396726957202135
2025-12-22,15.292695045471191,16.08268704665518,15.263435393488082,15.614543776341408,44114113,15.546272495204818
2025-12-23,16.16071128845215,16.219228733498273,15.419484427120459,15.517013812236671,71838205,15.933141483023627
2025-12-24,16.043676376342773,16.570337101507214,15.829109311074712,16.18997091887534,49759972,16.147707596308233
2025-12-25,15.809602737426758,16.170464342064214,15.7120742834173,15.975403713573263,32705832,15.897380454302757
2025-12-26,15.936392784118652,15.946146001615826,15.565778890288218,15.819356034388608,32773081,15.816105892007565
2025-12-29,15.887628555297852,16.258241518973627,15.624297263608312,16.06318088952152,34932697,15.923389112626596
2025-12-30,15.99491024017334,16.30700575935939,15.751085383279735,15.877875350596586,33458830,16.017667127604156
2025-12-31,15.985157012939453,16.22898186968465,15.809602818445148,15.994910230437585,27575529,16.007913900356417
2026-01-05,16.492313385009766,16.56058404818619,16.092440763345518,16.141204991261237,51278753,16.381779398847158
2026-01-06,16.307004928588867,16.48255911424631,16.131452603167357,16.33626457961042,38854686,16.30700554866751
2026-01-07,16.23873519897461,16.46305362226781,16.082687438402292,16.170464536253725,32437305,16.261492086548238
2026-01-08,16.58984375,16.794655740133255,16.160711474179198,16.22898213755695,44016046,16.515070321437484
2026-01-09,17.116504669189453,17.214034986611505,16.531326485129295,16.531326485129295,51967370,16.953955380310084
2026-01-12,18.062545776367188,18.130816438399712,17.26280054643872,17.2920583386035,77701930,17.818720920401873
2026-01-13,17.86748504638672,18.384394407792914,17.57489596497854,18.257604441676296,70788488,17.942258473052725
2026-01-14,17.95526123046875,18.6282183157948,17.555388638086757,17.730942822105373,75507122,18.046289394783436
2026-01-15,17.926002502441406,18.501429308461468,17.68217764769514,17.76995474422268,44595804,18.03653648619934
2026-01-16,17.926002502441406,18.28686410596972,17.184776581020458,18.072298903477975,63625907,17.799214396477193
2026-01-19,17.926002502441406,18.32587697564241,17.623660203422123,17.691930865113314,35367133,17.95851322716865
2026-01-20,17.711437225341797,18.179580498025967,17.38958849284193,18.082052044727103,35928748,17.760202072069898
2026-01-21,17.487119674682617,17.916251959402587,17.457860021098497,17.594403210921634,29500749,17.6204105517279
2026-01-22,17.311565399169922,17.77970869308518,17.214035081211886,17.535883828308137,27262349,17.435103057822328
2026-01-23,17.418848037719727,17.57489579432028,17.10675252451862,17.301811290151313,29424682,17.366832118852873
2026-01-26,16.911691665649414,17.545635900634508,16.68737325115616,17.350577137689232,46545464,17.048233605813362
2026-01-27,16.950702667236328,17.067739413144576,16.404535526881773,16.901938441578874,39856935,16.807659202420894
2026-01-28,17.701684951782227,17.711438169679337,16.74589192069879,16.853175457330885,45483873,17.386338347386783
2026-01-29,18.30636978149414,18.823277261564872,17.516375945513698,17.652919123468553,66960239,18.215340996190903
2026-01-30,18.37464141845703,18.53068917850981,17.769954953075487,18.32587719102905,49074342,18.225095183347445
2026-02-02,17.16526985168457,18.67698318108097,17.08724597391384,18.51118220828867,57013799,17.643166335559794
2026-02-03,18.121063232421875,18.28686420899285,16.83366828974654,17.52612998821378,94646324,17.747198577053755
2026-02-04,17.07749366760254,18.121063786040175,16.931199121508342,17.769955387225238,59889793,17.376585525050352
2026-02-05,17.35057830810547,17.92600327881099,16.794656052608918,16.843422141811825,65304164,17.357079213175126
2026-02-06,19.08660888671875,19.08660888671875,16.648360396126453,17.06773943414608,107198339,18.27385938985465
2026-02-09,20.998197555541992,20.998197555541992,20.79338370637856,20.861654369354355,60546924,20.929926272487517
2026-02-10,21.91497802734375,23.09509133215671,20.85190147533121,21.017702456660768,282900095,21.95399027827722
2026-02-11,21.690658569335938,22.1880614896959,20.968937232020302,21.96374307274023,181582107,21.615885763684048
2026-02-12,20.939678192138672,21.632141758059216,20.60807623554056,21.163998475886366,135125297,21.05996539524615
2026-02-13,20.890913009643555,21.300538827881113,20.061908156039454,20.559311068201914,105803134,20.751119997854705
2026-02-24,20.13993263244629,20.890913631612857,19.50598838207602,20.676348429094986,91526673,20.178944882045055
2026-02-25,20.666595458984375,20.88116066406986,20.25696962364951,20.725112903964774,68333857,20.60157524890125
2026-02-26,20.812889099121094,22.724475007641406,20.773876230668375,22.041766551842418,116896878,21.43708011247696
2026-02-27,21.05671501159668,21.914977698384362,20.67634882611801,21.232269208044084,101917629,21.21601384536635
2026-03-02,21.06646728515625,21.39806922797777,20.227709210932883,20.70560569082602,89513334,20.897415241355635
2026-03-03,19.935121536254883,21.40782394799775,19.84734443580268,21.26152754042001,78817290,20.396763306685102
2026-03-04,19.92536735534668,20.481287724517244,19.65228284933482,19.847343476519864,53446501,20.019645976399584
2026-03-05,19.554752349853516,20.46178109524048,19.271916489383464,20.364250782575088,56932525,19.76281664482582
2026-03-06,19.7010498046875,20.169193098284534,19.281670739918287,19.35969462218446,39188555,19.717304547630107
2026-03-09,19.72055435180664,19.847344322954967,18.735501676960777,19.25241105888071,54592583,19.434466783907464
2026-03-10,20.00339126586914,20.052155492624667,19.310927712477426,19.837590290569942,48997027,19.788824823657077
2026-03-11,20.6470890045166,20.82264319952892,19.730307019583403,19.80833089956265,83289572,20.400013074542972
2026-03-12,19.935121536254883,21.07622198189744,19.827838000094168,20.686100708671603,58689546,20.27972717274883
2026-03-13,18.774513244628906,19.476728135262547,18.647725142519647,19.08660875157719,76673889,18.966322174137034
2026-03-16,18.852537155151367,19.04759777746159,18.50142877908735,18.696489401397574,43450160,18.800521237233436
2026-03-17,18.676982879638672,19.486481296033375,18.501428692428938,18.93056094335985,53167342,18.88829762270033
2026-03-18,18.676982879638672,18.80377284161724,18.41365159882407,18.59895900312723,38436583,18.631469106693327
2026-03-19,18.1015567779541,18.345381633811055,17.565142839163215,18.335628416348452,46336064,18.004027083642793
2026-03-20,17.389589309692383,18.355135552547104,17.194528673459956,18.121063905209844,42705322,17.64641784523315
2026-03-23,16.44354820251465,17.16526952313906,16.258240798767478,17.018974987648534,53860418,16.622352841473727
2026-03-24,16.999469757080078,17.009222974834763,16.41428971345137,16.658114576610327,44519505,16.807660815122073
2026-03-25,17.662673950195312,18.072299800919847,17.360329775926083,17.40909586543859,42893580,17.698434509013747
2026-03-26,17.65291976928711,17.896744622840146,17.438352707609393,17.65291976928711,27686403,17.662672366578885
2026-03-27,17.769954681396484,17.955262091214568,17.262800399096687,17.311564625779127,36886551,17.662672390569245
2026-03-30,17.487119674682617,18.30637137267706,17.262801244579308,17.331071909372827,40837496,17.685430763979664
2026-03-31,17.136011123657227,17.77970861502358,17.106753330563535,17.477366304893586,38369186,17.34082435641478
2026-04-01,18.852537155151367,18.852537155151367,17.360328417115255,17.506624813965903,70777767,18.355134242472662
2026-04-02,19.106115341186523,19.720553142957918,18.901301500438745,19.43771728507457,105653876,19.24265666152773
2026-04-03,18.73550033569336,19.40845743374519,18.54044157438978,19.379199642679428,57409207,18.89479978127611
2026-04-07,19.096363067626953,19.252410830081093,18.823278553214177,19.01833918639988,54017063,19.057350816974076
2026-04-08,19.72055435180664,20.05215631602153,19.330434941035033,19.896108551712885,87000734,19.701048536287733
2026-04-09,19.56450653076172,19.749813947929383,19.223151349737947,19.505989084374697,56575491,19.512490609476348
2026-04-10,19.554752349853516,20.13017914831974,19.496234906348676,19.554752349853516,64039595,19.727055468173976
2026-04-13,19.028091430664062,19.876600863071804,18.355134326859464,19.84734307175593,101974862,19.086608873531777
2026-04-14,18.920808792114258,19.35969428486191,18.598960050844664,19.028092325949473,64038400,18.959821042606944
2026-04-15,18.833030700683594,19.58401167746613,18.715995815611695,18.9890784542701,63726399,19.044346064587142
2026-04-16,20.266721725463867,20.71535854600867,18.598958823329728,18.77451300884237,121598507,19.860346364934088
2026-04-17,20.188697814941406,20.383756573880497,19.79857657659137,20.091167505353898,73276203,20.12367698847109
2026-04-20,19.65228271484375,20.822642749472596,19.574258836550893,20.364250836795566,96514844,20.016394766955745
2026-04-21,19.50598907470703,19.94487457298237,19.22315134021046,19.486482639175666,71812889,19.558004995966623
2026-04-22,19.710800170898438,20.071661770877302,19.17438623982725,19.613271718148034,91022513,19.652282727200998
2026-04-23,18.550195693969727,19.652283236648294,17.750450455174228,19.51574191106937,179461016,18.65097646193075
2026-04-24,16.697126388549805,17.838226750164488,16.697126388549805,17.71143678763177,127864348,17.0774931757547
2026-04-27,15.877875328063965,16.316758953708007,15.624297254026148,15.770591795907496,151070854,15.93964384526604
2026-04-28,16.648361206054688,16.96045673039592,15.790098514116295,16.004663722041876,137857528,16.4663054835223
2026-04-29,16.228981018066406,16.521571946948505,15.868121290751864,16.336264544680102,88450414,16.20622475192226
2026-04-30,14.834303855895996,15.92663906820914,14.72702125713847,15.712073870694082,127564971,15.162654727081202
2026-05-06,15.877875328063965,16.23873507402222,15.429236624693667,15.44874305967412,114971239,15.848615675593285
2026-05-07,15.556025505065918,15.91688617750838,15.321953868365618,15.848615516000292,71686290,15.598288516979972
2026-05-08,17.116504669189453,17.116504669189453,17.05798722283065,17.05798722283065,38328953,17.09699885373652
2026-05-11,16.4045352935791,17.555388860993062,16.31675820045526,17.555388860993062,157149703,16.758894118342475
2026-05-12,16.433795928955078,16.940952083992865,15.965652644413762,16.375278483446426,102201672,16.44680021912057
2026-05-13,16.54107666015625,16.67761983888024,16.189970146867577,16.199723363936144,60096070,16.469555548634688
2026-05-14,15.946146011352539,17.40909515257321,15.916886358843154,17.350577707790475,91432339,16.424042507589636
2026-05-15,15.604790687561035,15.985156865294812,15.321953893553712,15.712074218813541,69229177,15.637300482136519
2026-05-18,15.048870086669922,15.40973075418356,14.902574618141912,15.234176563997144,65586518,15.12039181966513
2026-05-19,14.883069038391113,15.33170679872656,14.678256127583236,15.058622297570732,59255251,14.964343988233637
2026-05-20,14.405173301696777,14.80504592678774,14.307642984793503,14.736774332908235,61484684,14.505954071092674
2026-05-21,13.927275657653809,14.668503450752302,13.878510499928218,14.570973135301124,64494694,14.158096536111444
2026-05-22,14.161348342895508,14.258877729015042,13.780981225710653,14.054064809010585,52421091,14.067069099207067
2026-05-25,13.761474609375,14.366160143785986,13.693203946977668,14.268630758949515,50605772,13.940279566712883
2026-05-26,13.927275657653809,14.063817913261854,13.498144315928272,13.71271045185005,49255988,13.829745962281313
2026-05-27,13.566414833068848,14.08332326712901,13.527402893330684,13.859004846164076,45131367,13.725713664509513
2026-05-28,13.927275657653809,14.093076635849998,13.38110849545767,13.839498559771352,65193899,13.800486929653827
2026-05-29,13.663945198059082,14.512455588093939,13.605426823176188,14.249124296297941,67024839,13.927275869776404
2026-06-01,13.605426788330078,13.946781959016981,13.429873524367054,13.537156126239902,58458280,13.66069409057137
2026-06-02,12.990987777709961,13.605426514509485,12.805681300001211,13.507897132074667,81934307,13.134031864073554
2026-06-03,13.029999732971191,13.34209617545894,12.591115186171725,12.82518682044904,56226998,12.987737031533953
2026-06-04,13.920000076293945,14.140000343322754,13.029999732971191,13.300000190734863,105136154,13.696666717529297
2026-06-05,13.960000038146973,14.5600004196167,13.859999656677246,13.930000305175781,103147470,14.126666704813639
2026-06-08,14.300000190734863,14.65999984741211,13.65999984741211,13.789999961853027,108596642,14.206666628519693
2026-06-09,14.34000015258789,14.800000190734863,14.020000457763672,14.5600004196167,97246310,14.386666933695475
2026-06-10,13.9399995803833,14.34000015258789,13.710000038146973,14.100000381469727,70294048,13.99666659037272
2026-06-11,13.210000038146973,13.880000114440918,13.119999885559082,13.75,71312202,13.40333334604899
2026-06-12,13.25,13.649999618530273,13.020000457763672,13.470000267028809,90219711,13.306666692097982
2026-06-15,13.210000038146973,13.399999618530273,12.960000038146973,13.149999618530273,76142935,13.18999989827474
2026-06-16,13.319999694824219,13.739999771118164,13.039999961853027,13.149999618530273,76627219,13.366666475931803
2026-06-17,12.710000038146973,13.140000343322754,12.65999984741211,13.119999885559082,77979559,12.836666742960611
2026-06-18,12.0,12.800000190734863,11.960000038146973,12.520000457763672,114480877,12.25333340962728
2026-06-22,12.069999694824219,12.09000015258789,11.579999923706055,11.789999961853027,93881750,11.913333257039389
2026-06-23,11.449999809265137,12.010000228881836,11.369999885559082,11.960000038146973,80417515,11.609999974568685
2026-06-24,11.430000305175781,11.869999885559082,11.260000228881836,11.399999618530273,78375602,11.520000139872232
2026-06-25,11.920000076293945,12.539999961853027,11.359999656677246,12.520000457763672,140143735,11.93999989827474
