date,close,high,low,open,volume,vwap
2018-01-02,14.844218254089355,14.922213527940084,14.41367980330186,14.494795730042295,34649702,14.726703861777102
2018-01-03,14.99397087097168,15.012689297068487,14.697585724483526,14.837977580799413,33512400,14.901415297507898
2018-01-04,14.903494834899902,15.14060313539546,14.766221800959835,14.912854963106641,30824892,14.936773257085065
2018-01-05,14.997092247009277,15.390192050050764,14.944054870312682,15.224841359061301,46579573,15.110446389124242
2018-01-08,14.944052696228027,15.084445462603995,14.50727479410394,15.06884585960781,45313116,14.845257650978654
2018-01-09,14.741265296936035,14.925335328769748,14.6008715968528,14.925335328769748,27839942,14.755824074186194
2018-01-10,15.79265022277832,16.157671427790998,14.859817542631236,14.859817542631236,116507373,15.603379731066852
2018-01-11,16.697406768798828,17.00315207037664,15.71777610492104,15.898726397324907,147076598,16.472778314698836
2018-01-12,15.970481872558594,16.700526121848224,15.892485684257158,16.700526121848224,98256563,16.187831226221324
2018-01-15,15.383953094482422,15.711537494963432,15.187402271164299,15.564903396859542,75382450,15.427630953536719
2018-01-16,15.670974731445312,15.720892360905586,15.380830912469373,15.477545518794686,47158623,15.59089933494009
2018-01-17,14.99397087097168,15.24043746909264,14.719423888263135,15.134363642435025,60256315,14.98461074277582
2018-01-18,14.841097831726074,15.106283763909946,14.79118019985813,14.972130471445135,29251746,14.912853931831384
2018-01-19,15.125005722045898,15.312196405044437,14.819260421231348,14.853578453822612,38669311,15.085487516107229
2018-01-22,15.811371803283691,16.045360384909028,15.000211570012024,15.115645534282276,69557632,15.618981252734914
2018-01-23,15.727134704589844,15.783291812653967,15.511864570147434,15.69281667525009,36719527,15.674097029130415
2018-01-24,16.419736862182617,16.616288551967,15.602338220364485,15.727133205507783,101717142,16.212787878171365
2018-01-25,15.889368057250977,16.628772575637974,15.873768450561029,16.37294488286771,68701185,16.130636361149993
2018-01-26,16.029760360717773,16.210710647232535,15.755212447647423,15.88000745275986,43242284,15.998561151865909
2018-01-29,15.736494064331055,16.19823174091323,15.436988247581263,16.02663975234022,46366091,15.790571350941848
2018-01-30,16.288705825805664,16.310544904584436,15.589860795769706,15.911205671833132,54410609,16.0630371753866
2018-01-31,16.06407928466797,16.22319049988436,15.79265200952251,16.092157842076457,54974290,16.026640598024944
2018-02-01,15.221719741821289,16.369821697994457,14.784941803817421,16.132714302036355,73150647,15.458827747877722
2018-02-02,15.30595588684082,15.536823814360933,14.819260298117445,15.28723654415222,40340541,15.220679999773067
2018-02-05,15.003329277038574,15.243557302020287,14.844217172889099,14.912854143661335,26534972,15.030367917315987
2018-02-06,13.50892448425293,14.6601470404239,13.502684093740537,14.444877819154021,73117179,13.890585206139122
2018-02-07,13.655558586120605,14.033059683746767,13.072147466099256,13.905145854224076,52329637,13.586921911988876
2018-02-08,13.923864364624023,14.039298320511737,13.586921710093144,13.680515671710655,31013595,13.850028131742969
2018-02-09,13.549483299255371,13.66491818040434,12.947353735080464,13.3248548432207,44884417,13.387251738246725
2018-02-12,13.964422225952148,14.02993946499033,13.633719038413439,13.633719038413439,29369230,13.876026909785304
2018-02-13,13.902024269104004,14.242088489163848,13.824028996608302,14.101694802317683,26117451,13.989380584958719
2018-02-14,13.867707252502441,13.973782917382229,13.689876700408375,13.91450515153668,16260868,13.843788956764348
2018-02-22,14.348163604736328,14.46047874733078,13.995621317406838,14.039299479257323,30579818,14.268087889824649
2018-02-23,14.285765647888184,14.441758022256666,14.16097248051136,14.295125776044662,19639610,14.29616538355207
2018-02-26,14.660148620605469,14.775583503036477,14.36688318022118,14.429280686038567,37231177,14.600871767954375
2018-02-27,14.725665092468262,15.287236209352223,14.685106670055804,14.825500364424302,48767528,14.89933599062543
2018-02-28,14.894135475158691,15.131243773319135,14.444877695230874,14.66014691465395,37348362,14.823418981236232
2018-03-01,15.730255126953125,15.74273407883769,14.77246262450129,14.822380262334633,99300991,15.415150610097369
2018-03-02,15.371472358703613,15.752093178371762,15.224840107905875,15.561782768537688,67393475,15.449468548327083
2018-03-05,15.81449031829834,16.020400339333104,15.555543838214106,15.708415569904373,68026296,15.796811498615185
2018-03-06,16.020397186279297,16.49461189254799,15.848805230806352,15.926801407812722,94813008,16.121271436544546
2018-03-07,15.490026473999023,15.805130063647306,15.477547522592063,15.708415444800856,57837635,15.590901353412798
2018-03-08,15.59298038482666,15.839446049312697,15.493145125875865,15.493145125875865,38469897,15.641857186671741
2018-03-09,16.235668182373047,16.360463184659128,15.552422728764522,15.62417944326265,79070688,16.049518031932234
2018-03-12,16.30742645263672,16.87523891692731,16.216951302796883,16.216951302796883,85712242,16.466538890786968
2018-03-13,16.63812828063965,16.909555537769805,16.09839624964376,16.285586009844387,87126485,16.548693356017736
2018-03-14,16.03599739074707,16.64436539791983,15.973598982559851,16.49149369056851,56785859,16.217987257075585
2018-03-15,16.344865798950195,16.38542331080762,15.817612653918003,16.0297621732733,50762126,16.18263392122527
2018-03-16,16.4727783203125,17.30889554755797,16.44469976354043,16.956353261354213,89302198,16.742124543803634
2018-03-19,16.397899627685547,16.77539974500793,16.05471570616186,16.223187014417608,56767749,16.409338359618445
2018-03-20,16.407262802124023,16.566375860751663,15.880009643957804,15.989203229416333,48072524,16.284549435611165
2018-03-21,15.820731163024902,16.691168305779488,15.777054828973375,16.347986127889225,56928921,16.096318099259253
2018-03-22,16.101516723632812,16.494616541575553,15.826972445966934,15.914326944234665,59090310,16.141035237058432
2018-03-23,15.346514701843262,15.811372136966993,14.77870316717327,15.424509982216856,74783620,15.312196668661175
2018-03-26,16.032875061035156,16.064074261865045,15.162439138386327,15.162439138386327,53334101,15.753129487095508
2018-03-27,16.032875061035156,16.032875061035156,16.032875061035156,16.032875061035156,0,16.032875061035156
2018-03-28,18.18244743347168,18.631706072616115,17.742550751571173,17.964058503581413,194130021,18.18556808588632
2018-03-29,17.97966194152832,18.48819844270409,17.689518077432332,18.138774982143605,106344733,18.05245948722158
2018-03-30,18.650428771972656,18.778342604994194,18.157493698076788,18.304127789288607,122581010,18.528755025014547
2018-04-02,19.605098724365234,20.488014646491372,18.878175169848223,19.024807409706458,147377160,19.657096180234944
2018-04-03,20.26962661743164,20.278986745607156,19.289996041852923,19.392950130603953,99007802,19.946203134963906
2018-04-04,19.27751922607422,20.519217055427358,19.243201192689927,20.519217055427358,86066294,19.679979158063833
2018-04-09,19.47718620300293,20.029399001370894,18.956172612346354,19.336793428891575,74440216,19.487585938906726
2018-04-10,19.027929306030273,19.633178560523334,18.44763795344437,19.539584598076537,84629335,19.036248606665993
2018-04-11,19.146480560302734,19.795407890717147,19.009208456719918,19.099683585043994,68583767,19.317032302579932
2018-04-12,19.05600929260254,19.711176230431043,18.996731525676758,19.30871630472702,54396608,19.25463901623678
2018-04-13,19.967002868652344,20.450577787071005,19.30559648889837,19.31183596452303,101523638,19.907725714873905
2018-04-16,21.005910873413086,21.02462929995068,19.50214602663419,19.960763034312393,133315337,20.510895399999317
2018-04-17,19.792293548583984,20.840562138252793,19.031050010707766,20.619050670298027,109436905,19.88796856584818
2018-04-18,20.2540283203125,20.644009282181074,19.00297224989836,19.811010899383213,104880366,19.967003284130644
2018-04-19,19.236963272094727,20.03252307118861,19.158965239512202,19.9888449050605,82082973,19.476150527598513
2018-04-20,18.453880310058594,19.555187254996476,18.410202144606803,19.16832507267652,89956972,18.806423236553957
2018-04-23,18.28852653503418,18.82201906974205,17.745672041780303,18.684746950299175,69509798,18.28540588218551
2018-04-24,18.9280948638916,19.024809483445193,17.995261209238194,18.329085058732712,79772364,18.64938851885833
2018-04-25,18.956174850463867,19.405433610958234,18.588032941419446,18.588032941419446,61724050,18.983213800947183
2018-04-26,18.453880310058594,19.1589649428525,18.40708332152895,18.87506052800632,46975706,18.673309524813348
2018-04-27,18.99361228942871,19.19328283652198,18.00150269036223,18.637949356205702,64077532,18.729465938770975
2018-05-02,19.31807518005371,19.639420067314692,18.928094231550567,18.93745436000903,62488131,19.29519649297299
2018-05-03,19.58325958251953,19.592619710239855,18.563071551617877,19.187041020016565,59781134,19.246316948125756
2018-05-04,19.249435424804688,19.832847379762594,19.243197780162923,19.467824368763246,48135577,19.441826861576732
2018-05-07,20.08867835998535,20.166674555165812,19.374233651403163,19.436630241488512,67602217,19.876528855518107
2018-05-08,20.076200485229492,20.43186161688775,19.77981346340482,20.004443762177903,46197531,20.09595852184069
2018-05-09,19.56766128540039,20.10115565574937,19.502145877871087,20.091795527404493,45144457,19.723654273006947
2018-05-10,18.912494659423828,19.645657745668327,18.728423724631938,19.567661555836253,62825023,19.0955253765747
2018-05-11,18.715944290161133,19.12776430826218,18.625469151563383,18.94057272538173,43029836,18.823059249995566
2018-05-14,18.456998825073242,18.906255719853352,18.244849329139296,18.781462544702215,48641467,18.53603462468863
2018-05-15,18.921855926513672,18.931216055551154,18.410200597579415,18.53187495388635,39840723,18.754424193214746
2018-05-16,18.513154983520508,18.900015270802314,18.472597478229293,18.812658954518227,35076250,18.628589244184038
2018-05-17,18.403959274291992,18.687865467078424,18.307244661694707,18.475715985688,23495743,18.466356467688374
2018-05-18,18.506916046142578,18.609870138789088,18.03582008173192,18.44139880702481,34576722,18.38420208888786
2018-05-21,19.07160758972168,19.20264023618339,18.62858835531003,18.62858835531003,48449189,18.967612060405035
2018-05-22,18.95929527282715,19.05289107557719,18.672268388433046,18.99985278291061,31906254,18.89481824561246
2018-05-23,19.190162658691406,19.608222190660054,18.784583908946445,18.906256435692878,59953216,19.194322919432636
2018-05-24,19.923664093017578,20.208915189367122,19.21523950579691,19.434663001689188,80597927,19.782606262727203
2018-05-25,19.71364402770996,19.917394011963097,19.378240688437995,19.78887425358284,45964299,19.66975957603702
2018-05-28,18.87983512878418,19.748124597098183,18.84535453201678,19.748124597098183,50947520,19.157771419299717
2018-05-29,18.616525650024414,19.215237507554722,18.591447683377794,18.87983418550607,34113906,18.807736946985642
2018-05-30,17.88616180419922,18.472335702725573,17.82033419881431,18.190220021026548,56124107,18.0596105685797
2018-05-31,18.083641052246094,18.268582106702905,17.475522837773788,18.096179117130415,40157038,17.942581998907595
2018-06-01,18.086776733398438,18.362621520457804,17.861082367591713,17.930043564356552,31403819,18.10349354048265
2018-06-04,17.29998016357422,18.26544402392043,17.190269364333844,18.205887310864583,57304411,17.58523118394283
2018-06-05,17.713754653930664,17.735697186203392,17.246696121907927,17.256098750763982,34265928,17.565382654013995
2018-06-06,17.97392463684082,18.18081002012645,17.713751569432667,17.741963129018668,33549214,17.956162075466647
2018-06-07,17.9394474029541,18.481738006660656,17.93004293501072,18.18081342212433,30234022,18.11707611487516
2018-06-08,17.826601028442383,18.13065920768734,17.531947317080107,18.008408481073133,28623059,17.829735851069945
2018-06-11,18.14319610595703,18.1808121361046,17.66986856904078,17.82659988252975,27970808,17.997958937034138
2018-06-12,18.099313735961914,18.259180508643198,17.622852531729468,18.221566311866106,32499985,17.993782258778193
2018-06-13,17.607175827026367,18.093041411543425,17.600906795370694,18.042889158298046,26678424,17.767041344646827
2018-06-14,17.403425216674805,17.798387069095437,17.397156185251532,17.557021083957288,24139435,17.532989490340594
2018-06-15,16.632307052612305,17.50686729409085,16.57588392986949,17.397156483853138,49342002,16.905019425524216
2018-06-19,15.359651565551758,16.25301988679407,14.967824193306749,16.25301988679407,63001851,15.526831881884192
2018-06-20,15.591614723205566,15.829845305429863,15.199787333403956,15.199787333403956,43915912,15.540415787346461
2018-06-21,14.770342826843262,15.6543067103677,14.698247117545533,15.494441791782583,45727574,15.040965551585499
2018-06-22,15.115152359008789,15.296960727924864,14.481958043622054,14.528977623760836,32625081,14.964690376851904
2018-06-25,15.046191215515137,15.428615074437234,14.95215204918332,15.296961712744896,32016924,15.142319446378565
2018-06-26,15.654306411743164,15.807904134160541,14.817362124670833,14.880055203950944,40627319,15.426524223524845
2018-06-27,15.579075813293457,15.792230254860458,15.425479014050758,15.604151941023659,34360472,15.59892836073489
2018-06-28,15.541460990905762,15.817307612207289,15.422345696997295,15.62609568702219,28903144,15.593704766703448
2018-06-29,16.597827911376953,16.701271538096055,15.569671710055793,15.569671710055793,49969351,16.2895903865096
2018-07-02,16.55394172668457,16.895615905131546,16.303173104641463,16.48811413586401,45396141,16.584243578819194
2018-07-03,17.268638610839844,17.409696432978244,16.4912510323197,16.647982354465732,46476983,17.05652869204593
2018-07-04,16.7388858795166,17.209079840324296,16.60096349461736,17.193406340504346,34475814,16.849643071486085
2018-07-05,16.600961685180664,16.995923539389434,16.54453856315084,16.70753889778866,27347337,16.713807929240314
2018-07-06,14.93961238861084,16.977117633726678,14.93961238861084,16.666788601869307,133737414,15.618780803649452
2018-07-09,15.60728645324707,15.785960289133328,15.108880973923554,15.350246964391927,70882773,15.500709238767984
2018-07-10,15.842384338378906,15.9082100931079,15.503845580463828,15.73580711766878,46577608,15.751480003983545
2018-07-11,15.510113716125488,15.726403606138405,15.130825308141356,15.547729748946253,35906698,15.455780876801748
2018-07-12,16.27809715270996,16.610368744260605,15.610422211841462,15.641769212957069,48972850,16.166296036270676
2018-07-13,16.306310653686523,16.513194242000253,16.143308453678056,16.35959834914045,29254075,16.32093778312161
2018-07-16,16.099422454833984,16.259289209865457,15.861191879019193,16.21227054960244,36821244,16.073301181239547
2018-07-17,15.908210754394531,16.086884608154232,15.516384289319138,16.086884608154232,35743708,15.837159883955968
2018-07-18,15.886269569396973,16.23734639489349,15.814172943009718,15.989711355757976,27937832,15.979262969100061
2018-07-19,15.92074966430664,16.18405635566819,15.579075478061846,15.760882917088876,28661808,15.894627166012226
2018-07-20,16.343923568725586,16.45676982222978,15.701326643052791,15.851788927380081,53695969,16.16734001133605
2018-07-23,16.773365020751953,17.04921344455249,16.262421475905803,16.32824906606036,54078263,16.694999980403413
2018-07-24,16.88620948791504,17.31878917280562,16.694999447121482,16.770229657252795,51649396,16.96666603594738
2018-07-25,16.864274978637695,17.234160811828804,16.754562299739717,16.93010074701103,30726226,16.950999363402072
2018-07-26,16.481847763061523,16.911290245000146,16.30317391564046,16.829790990471462,31441658,16.56543730790071
2018-07-27,16.309444427490234,16.56334852051225,16.17465563056883,16.45677128948218,23802259,16.349149526190438
2018-07-30,15.9771728515625,16.55707760423264,15.814172507294757,16.300038104704456,27706803,16.11614098769663
2018-07-31,16.03672981262207,16.152709648207843,15.814170929798252,15.92388173418735,17800980,16.001203463542723
2018-08-01,15.958364486694336,16.3313856856559,15.923883890960052,16.102557740642347,18251314,16.071211354436763
2018-08-02,15.447420120239258,15.920749485823496,14.742130144364697,15.86119092596594,39703549,15.370099916809151
2018-08-03,15.096343994140625,15.51324841514972,15.064997914600117,15.322036502418324,16939196,15.22486344129682
2018-08-06,14.889458656311035,15.246806355513378,14.695112226602555,15.152767196939324,20186380,14.943792412808989
2018-08-07,15.190380096435547,15.202919078177837,14.381647496201301,14.889456487892035,37783806,14.924982223604895
2018-08-08,14.54465103149414,15.140228391721266,14.519573064061928,15.105747795596459,30954814,14.734817495759112
2018-08-09,15.350247383117676,15.453691004120133,14.481957064695376,14.538380189254893,43952231,15.095298483977729
2018-08-10,15.669979095458984,15.804767875642726,15.293824317295867,15.293824317295867,41901983,15.589523762799194
2018-08-13,16.24675178527832,16.331386480462818,15.365922397055778,15.400402994468145,47425658,15.981353554265638
2018-08-14,15.9771728515625,16.246750414734734,15.867460197264482,16.14957582408076,22951324,16.03046115452057
2018-08-15,15.5822114944458,16.177787927079976,15.444287272859658,15.977173385179817,27397743,15.73476223146181
2018-08-16,15.61355972290039,15.974041088819119,15.215462318436039,15.466232843797766,28056066,15.601021043385183
2018-08-17,15.381595611572266,16.049268692631674,15.309498062946727,15.829845208568194,25706441,15.580120789050222
2018-08-20,15.98971176147461,16.002249825782243,15.227997689791298,15.422345042420188,29149427,15.739986425682716
2018-08-21,15.964635848999023,16.077483959189927,15.707598141743862,15.983444786846862,28427613,15.916572649977605
2018-08-22,15.927020072937012,16.24988535273434,15.80163574821487,15.883135007594705,19902502,15.992847057962074
2018-08-23,16.832923889160156,16.977117135305754,16.42855755185034,16.42855755185034,75310187,16.74619952543875
2018-08-24,17.146387100219727,17.296849383266256,16.635443528329372,16.698135686524157,67788429,17.026226670605116
2018-08-27,17.240427017211914,17.41283183907358,17.021001695406987,17.124445324110045,49377819,17.224753517230827
2018-08-28,17.180866241455078,17.519404970439243,17.014732312141703,17.17773264524129,35606165,17.238334508012006
2018-08-29,17.027271270751953,17.290577958949243,16.870539960799036,17.246694736893033,23626726,17.06279639683341
2018-08-30,16.96771240234375,17.158924302774256,16.738884473298477,17.058616119111537,24394871,16.955173726138828
2018-08-31,16.720077514648438,17.083694223645995,16.647980892118362,16.97711700750697,25786458,16.817250876804266
2018-09-03,17.591503143310547,17.64792626979033,16.456769742803775,16.720078279364444,52099779,17.23206638530155
2018-09-04,17.720022201538086,17.98959975948569,17.281175270781297,17.50059873615969,54106554,17.66359907726836
2018-09-05,17.397159576416016,17.80779500692095,17.309389441451643,17.55388907047838,34415615,17.504781341596203
2018-09-06,17.67927360534668,18.328139572227652,17.381484467925965,17.381484467925965,57306174,17.796299215166766
2018-09-07,16.973981857299805,17.989599943509152,16.626038641088872,17.710617915674433,62229757,17.196540147299277
2018-09-10,16.51946258544922,17.17773487359841,16.51946258544922,16.926964390543233,36756049,16.73888668149895
2018-09-11,16.854869842529297,17.030408282856254,16.481850426963845,16.585292229576503,26209254,16.789042850783133
2018-09-12,16.989656448364258,17.334464251376126,16.77023296663577,16.854867659346827,33081843,17.031451222125384
2018-09-13,17.020999908447266,17.422232638806737,16.572748522045966,17.118174494748988,40631434,17.00532702309999
2018-09-14,16.27809715270996,17.14638848720182,16.20600236028146,17.09623438879598,51929663,16.543496000064412
2018-09-17,16.240480422973633,16.553941190372054,16.096287182694905,16.18092186573722,23133829,16.29690293201353
2018-09-18,16.488115310668945,16.566482809347466,15.829844872455464,16.20286607471869,38315960,16.294814330823957
2018-09-19,16.713808059692383,16.97084754604109,16.268690272466348,16.45990400857644,42605178,16.651115292733273
2018-09-20,16.77963638305664,17.111906100915135,16.70753975919805,16.87994456938468,30862687,16.866360747723274
2018-09-21,17.19340705871582,17.23102309206199,16.569617187131676,16.883079840764257,37196347,16.998015779303163
2018-09-25,17.328195571899414,17.491195928471505,17.0241373912712,17.08369595652386,32230809,17.281176297214042
2018-09-26,17.31879425048828,17.541351350150666,17.046081210746806,17.259235680739014,35740193,17.30207560379525
2018-09-27,17.30938720703125,17.48806105073548,17.16206036147216,17.334463334375332,26571860,17.319836206412962
2018-09-28,17.306255340576172,17.415968017744397,16.892486281314884,17.318795245799272,35377919,17.204903213211818
2018-10-08,16.481847763061523,17.036674562258924,16.42855823289924,16.883078681668664,32501123,16.649026852739894
2018-10-09,16.06494140625,16.79217485534749,15.669979522063905,16.528866319568404,43853827,16.175698594553797
2018-10-10,15.974039077758789,16.143308471455644,15.579077159132794,16.064942807081334,27088376,15.898808236115741
2018-10-11,14.732728004455566,15.485037629132075,14.419265354346155,15.259344190039565,51413181,14.879010329311265
2018-10-12,14.858111381530762,15.071266742379333,14.322090762152351,14.629285279830661,36591780,14.750489628687482
2018-10-15,14.845573425292969,15.202920178842001,14.839303474226682,14.87691858321198,23777964,14.96259902612055
2018-10-16,14.206111907958984,15.04619074892058,13.88638022351815,14.84557527684065,37592169,14.379560960132572
2018-10-17,14.61674690246582,14.751535691889233,13.974149035764015,14.481958113042408,35001290,14.447477210039688
2018-10-18,14.481958389282227,14.880055732959537,14.328361580886808,14.47568935697611,30955537,14.563458567709525
2018-10-19,15.265612602233887,15.347113692187216,14.231187432372021,14.297014104125095,48223988,14.947971242264375
2018-10-22,16.368999481201172,16.710673672687754,15.579075717067855,15.723268967521108,74359307,16.219582956985594
2018-10-23,16.2498836517334,16.635442892497522,16.105692245086125,16.48811421156107,38121212,16.330339596439014
2018-10-24,16.25301742553711,16.47870989892587,15.948957466705236,16.22793946240235,33699126,16.226894930389406
2018-10-25,15.883135795593262,15.980308560125623,15.32830709687891,15.679385798069985,50129176,15.7305838175326
2018-10-26,15.10888385772705,16.111964039391776,14.670036852925394,16.111964039391776,58853707,15.296961583348073
2018-10-29,14.162225723266602,14.88945824624615,13.666954735347257,14.88945824624615,57490488,14.239546234953337
2018-10-30,14.644959449768066,14.764075666720304,13.535302979484563,14.036842138757516,50921302,14.314779365324311
2018-10-31,14.648092269897461,14.889458272674007,14.387918251994192,14.560323065110314,29169985,14.641822931521887
2018-11-01,14.95528507232666,15.463094129163943,14.88945839805263,15.086939340357254,53543095,15.102612533181079
2018-11-02,15.901941299438477,15.967767047541383,15.610419390847525,15.610419390847525,64479271,15.826709245942462
2018-11-05,15.660573959350586,15.948958602669212,15.331439691871003,15.673113861293524,36959277,15.646990751296933
2018-11-06,15.980306625366211,16.014787220252583,15.359651319998843,15.641767869429026,38045588,15.784915055205879
2018-11-07,15.892539024353027,16.090019973821178,15.754614799902575,15.892539024353027,36637197,15.912391266025594
2018-11-08,15.365921020507812,16.09942164639653,15.334574942079001,16.06807648745023,34285056,15.599972536327781
2018-11-09,15.60728645324707,15.804767383818474,15.29068932559067,15.347113368093552,27722717,15.567581054218737
2018-11-12,16.93323516845703,17.039812404872265,15.450558327404453,15.610423262544634,72855853,16.474535300244582
2018-11-13,17.365812301635742,17.914370119656592,16.70754181663157,16.754560480215705,86937382,17.3292414126413
2018-11-14,17.491193771362305,17.80465638125807,17.231020687851995,17.3720784945121,49121439,17.508956946824124
2018-11-15,17.71061897277832,17.898697292803963,17.20281081884632,17.510002588475004,48285833,17.6040423614762
2018-11-16,18.149463653564453,18.447252757047398,17.74196374299037,17.74196374299037,59531893,18.112893384534075
2018-11-19,17.933176040649414,18.11498347083191,17.63225333417615,18.11498347083191,32497758,17.89347094855249
2018-11-20,17.525678634643555,17.826603254820437,17.3658136944633,17.619717808319503,33476253,17.572698527975763
2018-11-21,17.491193771362305,17.67613663764221,17.240425154617654,17.36580946298998,27354888,17.469251854540722
2018-11-22,17.519405364990234,17.836003410713165,17.318790839017684,17.49746467410484,27679028,17.55806653824036
2018-11-23,16.676193237304688,17.538215473875333,16.591558547480833,17.5288110064621,40910154,16.935322419553618
2018-11-26,16.613500595092773,16.88621175248562,16.519461440593677,16.651116624685418,22257408,16.67305792939069
2018-11-27,16.964580535888672,17.171464116953214,16.679329454316886,16.748290648005064,29495950,16.93845803571959
2018-11-28,17.19340705871582,17.33446488505744,16.569617187131676,16.926964906507255,35978869,17.03249637696831
2018-11-29,16.622905731201172,17.553889271582197,16.607234068891092,17.33446577062275,34738026,16.928009690558152
2018-11-30,16.986520767211914,16.986520767211914,16.629174905031135,16.676193565091335,22002535,16.86740547981832
2018-12-03,17.607175827026367,18.024080224366035,17.54448367150465,17.88302241470092,43236428,17.725246574299018
2018-12-04,17.688674926757812,17.732559986938487,17.365809684934938,17.632253642337627,24061235,17.59568153287708
2018-12-05,17.500598907470703,17.647925751287715,17.240425814009594,17.318791469480775,20405823,17.46298349092267
2018-12-06,16.973981857299805,17.365810134828337,16.898751637158938,17.365810134828337,23997769,17.079514543095694
2018-12-07,17.359540939331055,17.403426000234735,17.061751819011075,17.124443975031333,19466086,17.274906252858955
2018-12-10,17.669870376586914,17.735697976337754,17.240427857751996,17.240427857751996,25474652,17.54866540355889
2018-12-11,17.415966033935547,17.798389883991707,17.22475410890747,17.798389883991707,19197208,17.479703342278242
2018-12-12,17.359540939331055,17.544483811021568,17.240425658996063,17.437906594097626,10314753,17.381483469782896
2018-12-13,17.588369369506836,17.757638747239728,17.115039992181465,17.428502620115733,32677723,17.487016036309342
2018-12-14,17.020999908447266,17.522540821396603,17.014732715870977,17.522540821396603,24905835,17.186091148571617
2018-12-17,16.77963638305664,16.9551747896482,16.616636040014832,16.87994456938468,19495158,16.783815737573224
2018-12-18,16.579021453857422,16.832925538188675,16.315712901562545,16.638578180386563,21916772,16.57588663120288
2018-12-19,16.378402709960938,16.76082649932038,16.362729211929093,16.594692569284597,16057810,16.500652807070136
2018-12-20,16.735750198364258,16.757692727586047,16.381537973585907,16.459903623959477,20697741,16.624993633178736
2018-12-21,16.710674285888672,16.848598509509248,16.48811537014813,16.65111756122932,16760323,16.682462721848683
2018-12-24,16.829792022705078,17.039811042839542,16.64798272866722,16.738886456203552,17411427,16.83919526473728
2018-12-25,16.88620948791504,17.020998250333694,16.453631641989237,16.70126847805203,24453818,16.786946460079324
2018-12-26,16.89248275756836,16.9896555092434,16.6950018188252,16.80157719874941,19650388,16.859046695212317
2018-12-27,16.807844161987305,17.425364868466524,16.795307938852954,17.146384711418445,28168339,17.009505656435593
2018-12-28,16.29376983642578,16.911290647930784,15.832980344711093,16.892483551583393,42856551,16.34601360968922
2019-01-02,15.83924674987793,16.23107498436876,15.760881102979763,16.221670518272237,24630274,15.943734279075485
2019-01-03,16.014789581298828,16.35332838714649,15.67311717852591,15.682519808267013,29791475,16.013745048990412
2019-01-04,16.716943740844727,16.83919446776522,15.78282666835337,15.820442701013178,29116627,16.446321625654438
2019-01-07,17.328195571899414,17.494331364101722,15.782826700612155,15.820442733348848,45024695,16.86845121220443
2019-01-08,17.246694564819336,17.544483682965776,17.140117348673297,17.303117688722242,26505789,17.310431865486137
2019-01-09,17.102500915527344,17.585232892604907,17.08369382099255,17.356404967089322,29925417,17.2571425430416
2019-01-10,17.22475242614746,17.522541551064396,17.108770740392327,17.168329300961727,24420184,17.28535490586806
2019-01-11,17.55388832092285,17.575830853726995,17.115041342770432,17.24983013630147,25721263,17.414920172473426
2019-01-14,17.381484985351562,17.82660098697553,17.30311932375194,17.557023405307255,21688357,17.50373509869301
2019-01-15,18.14006233215332,18.165138459363163,17.168329301401336,17.303118082566822,39536173,17.824510030972608
2019-01-16,18.525619506835938,19.74185199762202,18.309329658515782,19.466005434361623,80520869,18.858933720991246
2019-01-17,18.230968475341797,18.788930769586024,18.21529497426951,18.55696920619813,29889264,18.41173140639911
2019-01-18,18.669815063476562,18.682353128474215,18.183947574647775,18.18708301037981,27693217,18.512038588866186
2019-01-21,18.832813262939453,19.466007540199755,18.37515923135153,18.69175545049917,40352164,18.89132667816358
2019-01-22,18.447254180908203,18.96446861642469,18.29679373893927,18.80773730365576,22488416,18.56950551209072
2019-01-23,18.268577575683594,18.569502092062596,18.168271242522025,18.447251392348328,27288783,18.335450303422736
2019-01-24,18.707427978515625,19.039697679348535,18.290523594611074,18.403369838706592,42677481,18.679216417491745
2019-01-25,18.550697326660156,18.948794630182366,18.528754796319443,18.713697667073305,25077895,18.676082251053987
2019-01-28,19.089853286743164,19.528700235086905,18.71996752883385,18.776390655364757,48304842,19.112840350221305
2019-01-29,19.98948860168457,20.218316530524962,19.553777113060647,19.90485391660086,73102756,19.92052741509006
2019-01-30,19.741857528686523,20.4690910856383,19.66349185952332,19.983223569033356,46266435,19.958146824616048
2019-01-31,19.550643920898438,19.989490895156816,19.371970063344552,19.964412926903808,32369602,19.637368293133267
2019-02-01,20.61328125,20.688513317584775,19.638414518837983,19.71678018317574,51145192,20.313403028807585
2019-02-11,21.628896713256836,21.628896713256836,20.845242008026116,21.064665472607917,73844716,21.36767847817993
2019-02-12,21.32170295715332,21.55679991853645,21.186914179744193,21.409473077871816,45241302,21.355139018477985
2019-02-13,21.47216796875,21.989380614101744,21.21826388013527,21.31543664119308,56171591,21.55993748766234
2019-02-14,21.393802642822266,21.6759183012938,21.205724311197745,21.440821306245773,39807747,21.42514841843794
2019-02-15,21.03645133972168,21.61322246262442,20.992568119504078,21.378127346510002,44129108,21.214080640616725
2019-02-18,22.258956909179688,22.258956909179688,21.2213962431018,21.2213962431018,67188753,21.91310335382039
2019-02-19,22.13043785095215,22.6069008533434,21.666514752044613,22.459573997837566,61521284,22.134617818780054
2019-02-20,21.754281997680664,22.099091628134044,21.34051117672264,22.074013661336394,44484400,21.731294934179118
2019-02-21,22.158649444580078,23.04261425670144,21.628898747809625,21.69472634506583,74049229,22.276720816363717
2019-02-22,24.374826431274414,24.374826431274414,21.779359040402696,22.130435848953315,82498129,23.509670634317175
2019-02-25,24.374826431274414,24.374826431274414,24.374826431274414,24.374826431274414,0,24.374826431274414
2019-02-26,27.271221160888672,29.481129536033382,26.945220445829914,29.481129536033382,195191489,27.89919038091732
2019-02-27,26.94835090637207,28.2053349583512,26.330831984393104,27.31823664367468,119243361,27.161505949705457
2019-02-28,27.092544555664062,27.437354171718,26.04871491840525,26.70698531410139,72847047,26.859537881929104
2019-03-01,27.669313430786133,28.738221017160917,26.801024050397334,27.427949277855507,95857057,27.736186166114795
2019-03-04,27.681852340698242,29.371414223405438,27.183446876292837,28.18025780510365,121344616,28.07890448013217
2019-03-05,27.465566635131836,27.575279298176486,26.801027141437682,27.004777128274675,73927056,27.28062435824867
2019-03-06,28.117565155029297,28.299374429411852,27.11448698594864,27.518853321107,99805982,27.843808856796596
2019-03-07,28.80718231201172,30.929323994259928,27.208525918327265,27.584678849458328,140027465,28.98167740819964
2019-03-08,26.49696922302246,28.318184735953384,26.48756475496363,26.48756475496363,108902915,27.100906237979824
2019-03-11,27.2398738861084,27.612895098351203,26.518911268629033,26.86998810948267,71962176,27.123893417696213
2019-03-12,29.869821548461914,29.963860708650323,27.271220371218142,27.274353967810846,156294894,29.034967542776794
2019-03-13,27.62543296813965,29.77891817647556,27.27122069416601,29.77891817647556,113170791,28.225190612927076
2019-03-14,25.860639572143555,27.0831412631781,25.387310188374723,27.0831412631781,90903481,26.11036367456546
2019-03-15,25.446870803833008,26.581604299909255,25.020561883874503,26.142757315002612,68777945,25.683012329205592
2019-03-18,26.230527877807617,26.29321820357656,24.88263806067857,25.500158917603155,65135115,25.80212804735425
2019-03-19,26.478158950805664,26.989104373466294,25.954677302974517,26.487563418389943,55964245,26.473980209082157
2019-03-20,26.293212890625,27.11448541569147,25.86063685747117,26.434272531480246,51041784,26.422778387929213
2019-03-21,27.534528732299805,27.989049221735673,26.390392597274914,26.39352619405595,89417593,27.3046568504368
2019-03-22,27.080005645751953,27.647372305667755,26.42486886690102,27.547064123731875,49027606,27.05074893944024
2019-03-25,26.01423454284668,26.616081819360094,25.926466259396506,26.315159100585895,49243948,26.185594207201092
2019-03-26,26.161561965942383,26.537716751967224,25.895119835367105,26.327697747347422,48701116,26.198132851092236
2019-03-27,25.38730812072754,26.4154660590797,25.076980949267064,26.330831375954116,54490749,25.62658504302477
2019-03-28,25.45313835144043,26.080063629856937,25.102059680616946,25.2838689676196,35839796,25.545087220638106
2019-03-29,27.446760177612305,27.515721373724045,25.70391030465865,25.70391030465865,78831594,26.888797285331666
2019-04-01,30.186418533325195,30.19268756524895,28.876144887133403,30.19268756524895,121627635,29.751750328569184
2019-04-02,30.528091430664062,32.97309469161277,29.49679986316095,30.19268628370658,136849416,30.999328661812594
2019-04-03,31.371305465698242,32.18630534678951,30.151937401519863,30.1770135287685,80439099,31.23651607133587
2019-04-04,30.5092830657959,31.346229150627455,30.18955141150132,31.346229150627455,64881835,30.68168787597489
2019-04-08,31.032766342163086,31.44967074491341,29.55949239293986,30.954400687002646,92961312,30.68064316000545
2019-04-09,29.662939071655273,30.53122856069498,29.289917852613332,30.405844235099728,74735354,29.828028494987862
2019-04-10,28.622241973876953,29.311859419864298,28.242953573911254,29.164532566298245,69055726,28.725684989217502
2019-04-11,28.813453674316406,29.308725602193995,28.531338033665655,28.838531641799324,54138527,28.884505770058684
2019-04-12,28.83853530883789,29.183343153593174,28.462380460484237,28.68807300170336,38992144,28.828086307638433
2019-04-15,28.029796600341797,29.62218579881306,27.907545886489675,29.496799649672305,49552829,28.51984276188151
2019-04-16,28.4310302734375,28.581492563724634,27.258682629159157,27.741414661143825,65035760,28.090401822107097
2019-04-17,28.24921989440918,28.619105630086548,27.96083524713622,28.224141929144377,38180351,28.276386923877315
2019-04-18,27.67871856689453,28.35266246712098,27.663046907001142,28.35266246712098,32771474,27.898142647005553
2019-04-19,28.293106079101562,28.625375799572534,27.772758048045485,27.772758048045485,41128151,28.23041330890653
2019-04-22,27.19912338256836,28.358932933315565,27.177180850849698,28.32131874091081,50811416,27.578412388911207
2019-04-23,27.092544555664062,27.67871832840475,26.606677129029883,27.080006492271377,48324764,27.12598000436623
2019-04-24,28.336992263793945,28.39028179831699,27.239874800588144,27.3276449332307,64491018,27.989049620899692
2019-04-25,27.19912338256836,28.50939521982991,27.17091181878224,28.054874763735704,54580412,27.62647680706017
2019-04-26,26.92327880859375,27.741416059098704,26.73833591226874,26.998509038045764,45989690,27.1343435933204
2019-05-06,23.431304931640625,25.114597864927614,23.431304931640625,24.318403257182723,71972345,23.992402576069622
2019-05-07,23.807462692260742,24.055097750005835,22.882748221654545,23.63192426632091,51115631,23.581769554640374
2019-05-08,24.08330726623535,24.763520217964608,23.102169747960264,23.258901063165585,48048686,23.98299907738674
2019-05-09,24.45945930480957,24.845018517539703,23.97986278470149,24.083304558403178,45236722,24.42811353568359
2019-05-10,26.170969009399414,26.5126413952262,24.669485152927727,25.076985138504003,83337552,25.784365185851115
2019-05-13,25.823022842407227,26.487562280632094,25.478215059697728,25.79794487624806,47000936,25.92960006091235
2019-05-14,26.06439208984375,26.387257382007697,25.54717943184778,25.54717943184778,45513692,25.99960963456641
2019-05-15,27.27602767944336,27.747011182808567,26.26034474601724,26.620747890597663,44572312,27.09446120275639
2019-05-16,26.477405548095703,27.194118032424285,26.420068475420948,26.932004644075835,38990179,26.69719735198031
2019-05-17,25.70335578918457,27.12449383505972,25.416670428062794,26.702657991830925,49945512,26.08150668410236
2019-05-20,26.10471534729004,26.35453997434853,25.322474520444853,25.703355840911826,39500866,25.927243280694473
2019-05-21,26.547027587890625,26.895145659882704,25.474007607998576,26.080141581985362,45900620,26.30539361859063
2019-05-22,26.72722816467285,26.82551975379857,26.272629102913495,26.547025685801298,32642145,26.608459007128307
2019-05-23,25.51496124267578,26.702657174329953,25.252849712622574,26.702657174329953,44534368,25.823489376542767
2019-05-24,25.24875259399414,26.026897712607166,25.240561320377566,25.39209433764957,28938044,25.505403875659624
2019-05-27,26.19890785217285,26.37501283494613,25.105409832906506,25.543628167941506,45332680,25.893110173341828
2019-05-28,26.415971755981445,26.587982966958602,25.928607582318662,26.317680163483544,38937588,26.310854101752906
2019-05-29,26.121095657348633,26.485596271849776,25.969562628505756,26.194815277315406,25580292,26.192084852568055
2019-05-30,25.539533615112305,25.985943242376063,25.330663530336818,25.875364744764152,26870645,25.618713462608394
2019-05-31,25.531341552734375,26.05966205178729,25.478100123981275,25.67877892892492,27075931,25.689701242834314
2019-06-03,25.35523796081543,25.912226139682385,25.2241831146308,25.80164763135162,26679775,25.4972157383762
2019-06-04,24.298599243164062,25.453530151782143,23.905430999007216,25.379812376648335,52027360,24.552520131317806
2019-06-05,24.634431838989258,25.052173931176423,24.40917916681847,24.57709476156011,31705351,24.698594978994716
2019-06-06,24.503374099731445,24.94159251293973,24.36412797368749,24.568902449486405,28272119,24.60303152878622
2019-06-10,24.429655075073242,24.85558655439742,23.75389712161427,24.4992790586433,30116333,24.34637958369498
2019-06-11,26.3668270111084,26.47330988192907,24.368222592302406,24.5443294473402,62863545,25.736119828446622
2019-06-12,25.80164337158203,26.39958597565002,25.75249758135014,26.067850505426193,38753326,25.984575642860733
2019-06-13,26.57159996032715,26.82142642251133,25.703354494557335,25.797550448391554,50159105,26.365460292465272
2019-06-14,25.70335578918457,26.710849266178936,25.670590691792526,26.53883804950587,34385416,26.028265249052012
2019-06-17,25.87946319580078,26.096524577812485,25.572299642248158,25.60506289212828,20622597,25.849429138620476
2019-06-18,26.293106079101562,26.714941904156003,25.64601761202848,25.944988023579725,36230591,26.21802186509535
2019-06-19,26.845996856689453,27.849394588433313,26.845996856689453,27.72652918287049,66970642,27.18046276727074
2019-06-20,28.279422760009766,28.78726510074052,26.854189175019155,26.919717517083058,85543021,27.973625678589812
2019-06-21,28.668495178222656,29.319679262160335,28.30399643419164,28.381809838316,81013990,28.764056958191542
2019-06-24,28.459625244140625,29.139478789841355,28.201607512727296,28.873269784642005,47750604,28.600237182236427
2019-06-25,28.054170608520508,28.58658493159235,27.28012109747904,28.324473407019415,55182449,27.973625545863968
2019-06-26,27.79205894470215,28.131985721657056,27.439847105131463,27.542232484058243,29323915,27.787963923830223
2019-06-27,28.336761474609375,28.69307081566382,27.94768888472528,28.054171753686255,45346668,28.32584039166616
2019-06-28,27.910829544067383,28.30809340173995,27.681481261361093,28.08693454494888,28793425,27.966801402389475
2019-07-01,28.770885467529297,29.110812274746884,28.504678283627502,29.078049024501965,61290676,28.79545867530123
2019-07-02,28.586584091186523,28.934702133536337,28.29989875326383,28.66439934298396,32956006,28.607061659328895
2019-07-03,27.83711051940918,28.455531398863318,27.685577489461732,28.443244487410674,34375462,27.992739802578075
2019-07-04,27.923118591308594,28.1074148804152,27.628241941241487,27.968168754241056,22038584,27.886258470988427
2019-07-05,28.04188346862793,28.11560308514801,27.853491562715607,27.882159173010766,20221927,28.00365937216385
2019-07-08,26.94838523864746,27.931306677250802,26.854189286159777,27.890350308159114,40503639,27.24462706735268
2019-07-09,26.989343643188477,27.300600982489737,26.665797544021324,26.97296109431628,25336720,26.985247389899843
2019-07-10,26.83780860900879,27.190022318475574,26.796854085274337,27.10811327100667,16752843,26.941561670919565
2019-07-11,26.706750869750977,27.271930298366666,26.620746188454167,27.00981876923028,28122514,26.866475785523935
2019-07-12,26.6944637298584,26.87875998921546,26.456924193198212,26.70265500328965,21293328,26.676715970757357
2019-07-15,28.009119033813477,28.45962429126834,26.424161207421218,26.825518823805485,56984634,27.630968177501014
2019-07-16,28.03778839111328,28.230275925107183,27.726529239833887,27.7592943337641,27555105,27.99819785201812
2019-07-17,27.89444923400879,28.283521848772875,27.853494708299888,27.853494708299888,27300878,28.010488597027187
2019-07-18,27.312885284423828,27.80843885834065,27.276024552983394,27.80843885834065,24362969,27.46578289858262
2019-07-19,27.648717880249023,28.045981762568836,27.33336489606842,27.501280481452596,27600778,27.676021512962095
2019-07-22,27.54633140563965,28.205704961009125,27.267837320087786,27.849397465916013,30466617,27.673291228912188
2019-07-23,28.734025955200195,28.79545866525897,27.65281469387395,27.792060814651894,59445236,28.39409977144437
2019-07-24,28.672590255737305,29.27872417048172,28.55791612201175,28.820027635579496,54230939,28.83641018274359
2019-07-25,29.114906311035156,29.360635294888958,28.590681398460916,28.672592291886637,44058826,29.022074334795008
2019-07-26,28.779075622558594,29.467118636629408,28.545631697983328,29.467118636629408,48292040,28.930608652390443
2019-07-29,28.811838150024414,29.057568979889368,28.619350601746977,28.770883627784144,26720335,28.829585910553586
2019-07-30,28.963369369506836,29.438448451423493,28.81593198971109,28.93060612340052,42311364,29.07258327021381
2019-07-31,29.114906311035156,29.303298223954457,28.516963627410615,28.844603504690138,34228053,28.978389387466745
2019-08-01,29.229583740234375,29.430262586968805,28.926517651361486,29.07805069579793,33473441,29.195454659521555
2019-08-02,28.242565155029297,28.54563120950689,28.0910321277905,28.340856748470046,53448784,28.293076164108896
2019-08-05,27.40708351135254,28.504677307843107,27.35793771356165,28.091032739681562,48788914,27.756566177585768
2019-08-06,26.64531898498535,26.825519614710984,25.699258286079427,26.641223348108714,59440698,26.39003229525859
2019-08-07,26.3668270111084,26.850095567003105,26.3668270111084,26.821427954802957,28009171,26.52791652973997
2019-08-08,27.030296325683594,27.1367791896751,26.755897891826773,26.755897891826773,33802855,26.974324469061823
2019-08-09,26.723134994506836,27.501278299938967,26.45692598283004,27.112205723117082,32530623,26.893779759091945
2019-08-12,27.480802536010742,27.480802536010742,26.72313555153712,26.743611888715634,30159591,27.228246874519538
2019-08-13,26.862380981445312,27.300599351909174,26.776376301426563,27.23507100854594,23407270,26.979785544927015
2019-08-14,26.952482223510742,27.59957255719427,26.854190629198108,27.562711823168264,28058346,27.135415136634375
2019-08-15,27.067155838012695,27.11220599717577,26.080140580612404,26.211197269279232,28495129,26.753167471933622
2019-08-16,27.386606216430664,27.841207171049653,26.952483448312268,27.030298708802754,40344733,27.39343227859753
2019-08-19,29.467117309570312,29.479404220460236,27.861681218090688,27.861681218090688,79945625,28.93606758270708
2019-08-20,29.020708084106445,29.733323005636045,28.946988470612006,29.44663952160424,49746671,29.23367318678483
2019-08-21,29.037090301513672,29.344253833628173,28.877366004098786,28.95518125842423,28341571,29.08623671308021
2019-08-22,29.03299903869629,29.27872803755532,28.803648892741542,29.09852553958417,27574800,29.03845865633105
2019-08-23,29.532644271850586,30.34765011447716,29.31558291579136,29.70465547163155,70758582,29.731959100706366
2019-08-26,29.0084228515625,29.29510635217502,28.79136148349813,28.873270527041235,34545388,29.031630229078548
2019-08-27,30.880064010620117,31.543533132262912,29.38520651008869,29.38520651008869,78323595,30.60293455099057
2019-08-28,31.052078247070312,31.26913962154597,30.601572949641834,30.749010341301236,42832272,30.97426360608604
2019-08-29,30.69576644897461,31.06436267092502,30.351744047772176,31.06436267092502,44499129,30.703957722557266
2019-08-30,30.429561614990234,31.617257562444593,30.183830781650816,30.724438245355195,49664457,30.74354998636188
2019-09-02,32.2971076965332,32.63293881388032,30.5114692529033,30.695765510029567,72098199,31.813838587772278
2019-09-03,32.428165435791016,32.62065297255539,31.801551487472068,32.186526561000825,47206394,32.283456631939494
2019-09-04,32.56740951538086,32.968767133907356,31.9448949037024,32.21110020498646,50776569,32.49369051766354
2019-09-05,33.17354965209961,34.836322956843745,33.17354965209961,33.54214222502304,95587026,33.72780742034765
2019-09-06,33.546234130859375,34.23018330834131,32.9892459996887,33.75510421799549,56311318,33.5885544796298
2019-09-09,34.553733825683594,34.84041736900587,33.80425801829812,34.193328805408626,59219285,34.39946973766253
2019-09-10,34.029502868652344,34.934609000602364,33.632237201254384,34.75030904702523,57498233,34.19878302350303
2019-09-11,33.11211013793945,34.26704272456611,33.05067928378498,34.15646422994965,53745440,33.47661071543018
2019-09-12,33.61176681518555,33.81244564349042,33.124400778082205,33.296413842645975,39405727,33.516204412252726
2019-09-16,33.32917785644531,33.988553313381736,33.17355102476982,33.779683194369454,32563409,33.49709406486562
2019-09-17,32.387210845947266,33.14078218360039,32.10052364703769,33.14078218360039,49724371,32.542838892195114
2019-09-18,32.34625244140625,32.60017452814569,32.034995136344754,32.57560070754064,30423563,32.32714070196557
2019-09-19,32.833621978759766,33.04658772083532,32.47731263075601,32.657513275151175,29372614,32.785840776783694
2019-09-20,32.68208312988281,32.92781393980008,32.387208375835904,32.87866629924741,26923393,32.66570181517293
2019-09-23,31.711456298828125,32.460932079422115,31.07665467074856,32.460932079422115,52569288,31.749681016332932
2019-09-24,31.77288246154785,32.26024846170376,31.711451605132954,31.715547241988826,38261092,31.914860842794855
2019-09-25,31.260948181152344,31.879367204338024,31.12579585335747,31.535344777416242,30774845,31.422037079615947
2019-09-26,30.351749420166016,31.61726075203403,30.249362178682865,31.53534800170851,37890941,30.739457450294307
2019-09-27,30.732629776000977,30.978358763179116,30.429561868900947,30.572905472282258,26370764,30.71351680269368
2019-09-30,30.278026580810547,30.925115021689198,30.26573967031528,30.810440886823162,22675183,30.489627090938342
2019-10-08,30.003629684448242,30.912829687874353,29.97496022516369,30.46642188434843,27256002,30.297139865828765
2019-10-09,30.3476505279541,30.3476505279541,29.471213818232442,29.85209325750685,21357626,30.055504958046882
2019-10-10,30.96197509765625,30.982453282603874,30.302599720882395,30.409082586186766,32627142,30.749009367047506
2019-10-11,31.256851196289062,31.74012156726508,30.650717262320185,31.00293094824989,46469200,31.215896675291443
2019-10-14,31.600873947143555,32.039092316687196,31.228182072613915,31.658209168227902,41110307,31.622716112148222
2019-10-15,30.675289154052734,31.535343333773454,30.667099728444274,31.404290345498897,32164428,30.959244072090154
2019-10-16,30.69576644897461,30.99883433047529,30.576996678449134,30.716244632931257,19064579,30.75719915263301
2019-10-17,30.306697845458984,30.80225332796217,30.269838957739502,30.638433379569673,18824579,30.459596710386887
2019-10-18,29.549028396606445,30.593380713155703,29.528550211654085,30.450037114912455,29201948,29.890319773805412
2019-10-21,29.67189598083496,29.942198800924572,29.028901256614297,29.569508745005294,21329984,29.547665346124614
2019-10-22,30.245264053344727,30.253455327703506,29.675990815738523,29.8152369352026,20169686,30.058236732262248
2019-10-23,29.782474517822266,30.482804468306142,29.712850532039724,30.294412545639208,18579093,29.992709839389377
2019-10-24,29.827524185180664,29.987248492354013,29.52855190875153,29.819332910728942,14538608,29.781108195428732
2019-10-25,30.712148666381836,30.712148666381836,29.61455498232128,29.77427927083354,24095322,30.346284105028317
2019-10-28,33.783775329589844,33.783775329589844,32.56741178257633,33.783775329589844,145798908,33.37832081391867
2019-10-29,33.1981201171875,36.380319098587655,33.1776419326695,34.4021930097671,207001119,34.25202704948155
2019-10-30,32.37902069091797,33.861589595311365,31.994041886524684,33.30869705993295,112617504,32.74488405758467
2019-10-31,31.232276916503906,32.542836354891236,31.162654786292972,32.354444452139425,72778862,31.64592268589604
2019-11-01,31.56401252746582,31.74012121669717,31.047980763245175,31.125794167460047,47878825,31.45070483580272
2019-11-04,31.756502151489258,32.25615134283316,31.57220219786596,31.77697663840475,51818411,31.86161856406279
2019-11-05,31.93670082092285,32.13328397611646,31.05616856254634,31.16674704939559,55347317,31.708717786528553
2019-11-06,31.22408676147461,31.98175373291143,31.10122504409419,31.79336182340994,38791206,31.435688512826744
2019-11-07,31.55991554260254,31.641824580194598,31.129888474715464,31.129888474715464,28960128,31.44387619917087
2019-11-08,31.711456298828125,32.45683644196004,31.662308649283215,31.9367089663949,48381685,31.94353379669046
2019-11-11,31.256851196289062,31.764695388790617,31.133985785084597,31.379716607493528,30220437,31.385177456721426
2019-11-12,30.994739532470703,31.408385922108394,30.372223053668886,31.232277231738404,34737247,30.925116169415997
2019-11-13,31.301902770996094,31.36333362754004,30.716245181492134,30.994739247218455,23692918,31.12716052667609
2019-11-14,31.392004013061523,31.506678152231654,31.002931436922502,31.125795001851955,24626028,31.300537867405225
2019-11-15,30.638429641723633,31.363333333181423,30.6343340048976,31.330568238573147,27875684,30.87869899326755
2019-11-18,30.69576644897461,30.937401626816886,30.380413505311488,30.51147018621095,16474720,30.671193860367662
2019-11-19,31.371524810791016,31.392002995054327,30.642525477767705,30.794058496681465,27325721,31.135351094537683
2019-11-20,31.65821075439453,32.260250936271994,31.49439266044014,31.49439266044014,43456480,31.80428478370222
2019-11-21,31.58039665222168,31.92441907769171,31.293713145875003,31.371526553976192,19735317,31.599509625262797
2019-11-22,31.453433990478516,32.18652711538396,31.2896159084941,31.572203763307645,33795854,31.643192338118855
2019-11-25,30.298505783081055,31.383814530149873,30.26574253353908,31.383814530149873,34796731,30.649354282256667
2019-11-26,30.46232795715332,30.67529371529529,29.962678661950626,30.306699276065874,26369597,30.36676677813308
2019-11-27,30.089635848999023,30.429562650858042,29.970866065389316,30.224788181578827,17251736,30.16335485508213
2019-11-28,30.093727111816406,30.318979734565517,30.02819877367297,30.122396568346684,11295525,30.146968540018296
2019-11-29,29.8193302154541,30.220689689828664,29.647319012150717,30.032295939102603,18898760,29.895779639144493
2019-12-02,30.024106979370117,30.495090468378507,29.9258153836818,30.032298253712764,21265120,30.148337610476812
2019-12-03,29.692371368408203,29.864382584450965,29.14767010837864,29.864382584450965,26597147,29.568141353745933
2019-12-04,29.434354782104492,29.47940494159128,29.164051976972086,29.47940494159128,22925309,29.35927056688929
2019-12-05,30.220691680908203,30.396796684458295,29.499883573570706,29.643225328328423,33308001,30.039123979645733
2019-12-06,30.212499618530273,30.302599936517705,29.807044491163527,30.26574105156133,22698034,30.107381348737167
2019-12-09,30.425466537475586,30.585190842799197,29.95038925868318,30.499186158475606,25074636,30.320348879652656
2019-12-10,31.469818115234375,31.518965760146887,30.404987591485085,30.42956141394134,42637222,31.13125715562212
2019-12-11,31.412485122680664,31.74831260106439,31.20361131339711,31.527159272527648,27566826,31.454803012380722
2019-12-12,31.084842681884766,31.60906573987059,31.084842681884766,31.58039628064624,21007926,31.259583701213373
2019-12-13,32.469120025634766,32.61655926273043,31.543535625485475,31.55582253661206,69292935,32.20973830461689
2019-12-16,32.69846725463867,32.98924638600476,32.21110124799841,32.49778843887734,48356700,32.63293829621394
2019-12-17,32.93191146850586,33.92711797906634,32.399497147379044,32.78856787174829,63181496,33.08617553165041
2019-12-18,32.55512237548828,33.116206127967246,32.46502206343635,32.81314009782054,34852296,32.712116855630626
2019-12-19,32.61656188964844,32.85000213058467,31.98994785384224,32.54693605432352,32023033,32.48550395802511
2019-12-20,32.10871505737305,33.08344340567157,32.075953657456594,33.01791690941533,27754504,32.42270404016707
2019-12-23,31.19542121887207,32.108715010191474,31.084842715311126,32.108715010191474,38054098,31.462992981458225
2019-12-24,31.469818115234375,31.531252671375018,30.96197575171015,31.289617476735195,22211714,31.321015512773183
2019-12-25,31.338760375976562,31.76059619499215,31.133985921877144,31.432960025571663,25514414,31.41111416428195
2019-12-26,31.77288246154785,31.77697809840372,31.207706753976716,31.514868428897504,21422267,31.58585577130943
2019-12-27,30.957881927490234,31.936705919736433,30.94559501627614,31.862988148875203,33937823,31.280060954500936
2019-12-30,31.703266143798828,31.9449013697495,30.396800256119207,30.72444202359974,46124285,31.34832258988918
2019-12-31,31.834320068359375,31.879368381672425,31.351049658697573,31.707359010070757,27480096,31.688246036243125
2020-01-02,32.534645080566406,32.75579835665126,31.92850937615686,32.27662738049997,41566649,32.406317604458174
2020-01-03,32.366729736328125,32.88685710940175,31.965372129827326,32.415877376188455,38720349,32.40631965851907
2020-01-06,32.76399230957031,33.21449756422815,31.95718144505509,32.06775994035432,49741738,32.645223772951184
2020-01-07,33.419273376464844,33.79196524492927,32.48550143148947,32.78447183578673,53776366,33.23224668429453
2020-01-08,33.132591247558594,33.132591247558594,33.132591247558594,33.132591247558594,54492282,33.132591247558594
2020-01-09,33.61176681518555,34.39810327616301,33.452040662120865,33.58309735502102,42475652,33.820636917823144
2020-01-10,33.32917785644531,34.11961001655628,33.17355102476982,33.96397948845706,30761099,33.54077963259047
2020-01-13,33.77558135986328,33.77558135986328,33.77558135986328,33.77558135986328,37540498,33.77558135986328
2020-01-14,33.41518020629883,33.41518020629883,33.41518020629883,33.41518020629883,29603881,33.41518020629883
2020-01-15,34.15646743774414,34.18104126028298,33.222691752655145,33.31688770929733,42530984,33.85340015022742
2020-01-16,34.258853912353516,34.54963305004118,33.78787044311546,34.275236460351124,40422352,34.19878580183672
2020-01-17,35.7946662902832,36.15506756308557,34.3243806506053,34.55372893134679,70096928,35.42470483465802
2020-01-20,35.79876708984375,37.03970462773549,34.89366074743767,36.867691544161744,68553652,35.9107108216723
2020-01-21,35.950294494628906,36.63424372627176,35.54893683602338,35.70456735269559,48049518,36.044491685641354
2020-01-22,37.780982971191406,38.22329697587148,35.63084380558631,35.85609644487424,62978512,37.21170791754973
2020-01-23,36.3229866027832,38.239681978235616,35.589893417015446,37.326384451616406,68259232,36.71752066601142
2020-02-03,32.690277099609375,32.96876932977549,32.690277099609375,32.690277099609375,47363576,32.78310784299808
2020-02-04,34.000831604003906,34.258849307438105,32.69027229743408,32.69027229743408,73806927,33.649984402958694
2020-02-05,33.94759750366211,35.09023959660315,33.583096890171525,34.017219638103136,66703968,34.20697799681226
2020-02-06,36.060874938964844,36.49909335578627,33.82883017721442,34.15647008047882,77413807,35.46293282398852
2020-02-07,37.375526428222656,37.63763980302642,35.67999185525713,35.84380994219202,65492193,36.897719362168736
2020-02-10,38.579612731933594,40.49630460742654,37.19123593224534,37.391914783297196,72033877,38.75571775720183
2020-02-11,38.3338737487793,39.2144060814932,37.81374266553899,38.571413288201576,46078370,38.45400749860383
2020-02-12,40.074466705322266,40.48811129955169,38.25196719397994,38.35435812960471,62311685,39.604848399617964
2020-02-13,39.337276458740234,40.93042391461266,39.234885526720596,40.17685252991293,50822825,39.8341953000245
2020-02-14,39.2266960144043,40.79117762859377,38.66151657964131,39.12021314677784,54899419,39.55979674087979
2020-02-17,40.340667724609375,40.53315525246645,39.52975755065115,40.217802322711286,52416373,40.13452684257566
2020-02-18,40.54134750366211,40.606873994591076,39.922924842642814,40.13589055869074,37089621,40.35704878029867
2020-02-19,39.5010871887207,40.496293594497146,39.46832209658631,40.463528502362756,50090373,39.821900959934716
2020-02-20,42.957698822021484,43.45325246228828,39.64443907828888,39.730443766741985,103083265,42.01846345419955
2020-02-21,42.24098205566406,43.432775499742526,41.90924653643492,42.232790781380125,73240549,42.52766803061383
2020-02-24,41.97887420654297,42.900359336036466,41.31130750170298,41.66351752564551,59790095,42.06351368142747
2020-02-25,41.585697174072266,42.08535005821281,39.71814970634809,40.95089567372462,65655525,41.12973231287773
2020-02-26,38.90724563598633,41.15976830166301,38.817141624363785,40.8730848084972,77284289,39.628051854004376
2020-02-27,41.32769012451172,42.79387653823642,39.49699938138479,39.49699938138479,91621073,41.20618868137765
2020-02-28,39.39461135864258,41.15977186929502,39.29222412389274,40.508587725573555,71532196,39.94886911727678
2020-03-02,40.13589096069336,41.07785784192882,38.94410132694528,39.93111651601341,60387266,40.05261670985582
2020-03-03,42.412994384765625,44.149485360115655,40.9549956409767,40.9549956409767,107341331,42.50582512861933
2020-03-04,42.10173034667969,43.32628877903829,40.55773072776099,42.22459945001642,60157868,41.99524995115966
2020-03-05,41.294925689697266,43.20752551371849,40.54544992147253,42.875789974036365,63793542,41.682633708296095
2020-03-06,40.320186614990234,41.23348024508039,40.18912994938324,40.463526493114834,32492377,40.58093226981796
2020-03-09,37.32638168334961,39.2348819464153,37.137989778471905,39.2348819464153,78746844,37.89975113607894
2020-03-10,39.546146392822266,39.61986416712778,37.269046003217944,37.269046003217944,63215114,38.811685521056
2020-03-11,38.325687408447266,39.849212730557475,38.24377835906222,39.636246984302225,35491403,38.80622616602232
2020-03-12,37.33867263793945,38.00623934754779,36.74072806686794,37.08884615239925,46059172,37.36188001745173
2020-03-13,37.58849334716797,37.95708959905677,34.81584312123584,35.38102256222931,55502008,36.787142022486854
2020-03-16,34.81174850463867,37.59668572358484,34.51687001591373,37.59668572358484,62201718,35.64176808137908
2020-03-17,35.634944915771484,36.167359318656594,34.19742417976979,35.4260747921944,56368189,35.33324280473263
2020-03-18,35.58169937133789,37.342764092044305,35.20900750345293,36.16325763143549,50235127,36.04449032227837
2020-03-19,36.122310638427734,36.74072972778524,34.83632480928358,35.720952945618095,48066385,35.89978839183218
2020-03-20,36.40079879760742,36.859495364202324,35.65951436217638,36.61376453260886,31970291,36.306602841328704
2020-03-23,34.34485626220703,35.62674619894873,34.19741703665738,35.139383911209734,41285573,34.723006499271044
2020-03-24,35.737327575683594,35.737327575683594,34.62335126185039,35.344161204412266,43531328,35.366002137739194
2020-03-25,36.67110061645508,37.219897459825006,36.408987256830635,36.638335522396254,38578283,36.766661777703575
2020-03-26,36.64653015136719,37.18713577072174,36.17554666683936,36.286125172989685,27181956,36.66973752964276
2020-03-27,36.470420837402344,37.252661562273154,36.470420837402344,37.16665319265817,23675878,36.73116774569261
2020-03-30,35.91753005981445,36.392605451230786,35.30320301581114,35.7864733773322,24990418,35.87111284228546
2020-03-31,35.99943923950195,36.74481927244852,35.95848287093555,36.523662275036216,20092036,36.23424712762867
2020-04-01,35.536651611328125,36.61376727833191,35.42607309846095,35.88886533683536,22649930,35.85883066270699
2020-04-02,36.73663330078125,36.740728938229,35.35645153439836,35.475221323959346,27866956,36.27793792446953
2020-04-03,36.122310638427734,36.654725035957995,36.04449722167202,36.4622374646247,19526188,36.273844298685916
2020-04-07,37.817840576171875,38.24377199783565,37.109317621320024,37.26904005623248,41717827,37.72364339844251
2020-04-08,37.6417350769043,38.21101013153684,37.473821354594676,37.68678708340959,22707578,37.775522187678604
2020-04-09,38.301109313964844,39.099732621583854,37.99394764070311,38.00623455120436,29778019,38.4649298587506
2020-04-10,37.2977180480957,38.29702034162183,36.99465195892782,38.29702034162183,24792211,37.52979678288178
2020-04-13,36.863590240478516,37.46972603280462,36.53185473360077,36.818538233594275,18445042,36.95505700229464
2020-04-14,37.703163146972656,37.731832603537974,37.10522237429089,37.25675353757594,21782652,37.51340604160051
2020-04-15,37.5966796875,38.342063367706835,37.56801392781736,38.00623225688198,25400850,37.83558566100806
2020-04-16,38.370731353759766,38.65332290177964,37.12979775312082,37.436959425662444,34397038,38.05128400288674
2020-04-17,38.99325180053711,39.800062727614495,38.87448202256726,38.89496020780746,47802850,39.22259885023962
2020-04-20,39.65672302246094,39.99255417281281,38.907247313877896,38.907247313877896,27996655,39.518841503050545
2020-04-21,39.17345428466797,39.66901160515102,38.7639053462487,39.51338108641148,20202706,39.2021237453559
2020-04-22,39.35365676879883,39.480617832781306,38.73114205760749,38.82533802213032,16794809,39.18847221972921
2020-04-23,38.96458053588867,39.709960569133735,38.919532226870736,39.4519465363315,13865145,39.19802444396438
2020-04-24,38.78847122192383,39.23487710762106,38.5427404306532,39.02191140756591,14479065,38.85536292006603
2020-04-27,40.95090103149414,41.569320066200135,39.742728725875445,39.7550156373969,58873575,40.75431660785657
2020-04-28,41.294925689697266,42.22050647303744,39.69767885578023,40.139992908689734,52259933,41.07103700617164
2020-04-29,40.73383712768555,41.442360136270686,40.54954085914123,41.29492090358131,18075932,40.90857937436582
2020-04-30,42.02391815185547,42.75291934072901,40.99595025529758,40.99595025529758,33088559,41.92426258262736
2020-05-06,42.54404830932617,42.79796670195674,41.47102473426688,41.69218172888185,28111785,42.271013248516596
2020-05-07,42.18364715576172,42.949505432221976,41.74952440107591,42.59319608740717,20389104,42.294225663019866
2020-05-08,42.34336853027344,43.54334953074495,42.228694388773256,42.593194998617285,23406199,42.70513748326388
2020-05-11,41.97067642211914,43.162466037124915,41.46692789541929,42.87987449862914,22991098,42.20002345155445
2020-05-12,42.78977966308594,42.916740720177614,41.724950952677446,41.97068179244047,20761344,42.47715711198033
2020-05-13,43.00274658203125,43.101041877765304,42.22869700309059,42.59319763550032,16808655,42.777495154295714
2020-05-14,42.859405517578125,43.49420710693771,42.59319649162812,42.80616223381873,16309382,42.98226970538132
2020-05-15,42.69148635864258,43.772697574639146,42.61367295118573,43.05189132944921,19836567,43.02595229482248
2020-05-18,42.552242279052734,42.978173785050195,41.77410074061991,42.67510770523257,21914630,42.43483893490761
2020-05-19,44.39112091064453,44.87848324389277,43.12560970619391,43.40820127351686,41644952,44.13173795357707
2020-05-20,44.21091079711914,45.255264854331735,43.90374914373528,44.43616341555188,25807391,44.456641598395386
2020-05-21,42.47852325439453,44.43207571079175,42.10173571208039,44.22730123864712,32593618,43.00411155908889
2020-05-22,42.0607795715332,43.330382672839455,41.72494842987524,42.59319389454625,24732652,42.372036891415966
2020-05-25,41.921531677246094,42.3638456842032,41.11881270628828,42.06077963776825,18547471,41.801396689245855
2020-05-26,43.125606536865234,43.31809777017926,42.306508747666555,42.347461419272626,21273160,42.91673768490369
2020-05-27,42.54404830932617,43.494202780240364,42.49080503086329,43.12560655707437,14872860,42.84301870680994
2020-05-28,42.662818908691406,44.43616684042871,42.621862539847726,43.28942917346064,32816420,43.240282762989274
2020-05-29,43.129703521728516,43.58840007229987,42.306510069997216,42.7160589773974,23426908,43.008204554675196
2020-06-01,45.607486724853516,46.04980076825181,44.432075782148786,45.255273005772736,42437827,45.36312109175137
2020-06-02,44.84162521362305,45.86549750269871,44.731046710689014,45.61157909714806,19398916,45.14605647567026
2020-06-03,44.68190002441406,45.60338880076019,44.354260145601295,45.202027454128775,21379168,44.87984965692518
2020-06-04,44.68190002441406,45.08735331172314,43.944711221191184,45.05459191133823,15385712,44.57132151910946
2020-06-05,44.86627960205078,45.14983468793409,43.683897461724825,44.94118185658767,24489907,44.56667058390323
2020-06-08,45.754398345947266,46.32151219236136,44.93582615242984,44.9465275350318,31686210,45.67057889691282
2020-06-09,46.01120376586914,46.44456702827666,45.4654889910801,45.797198408830454,19620695,45.97375326174197
2020-06-10,47.7821044921875,48.28502122860675,46.011209389093594,46.04330982512573,32172716,47.35944503662929
2020-06-11,49.17313766479492,50.168262213231976,47.642996004102855,47.78209911608068,32735819,48.99479862737658
2020-06-12,48.69697570800781,49.95960879727653,48.172659984400624,48.1994115825829,30806444,48.94308149656166
2020-06-15,49.633243560791016,50.505315121134544,48.884224883187535,48.884224883187535,32019840,49.67426118837103
2020-06-16,50.41972351074219,50.906586288457675,49.96496116733012,50.64977909956214,21095012,50.43042365550999
2020-06-17,51.013587951660156,51.19549288537847,49.959611331598936,50.66582830105349,21271082,50.72289738954586
2020-06-18,49.916805267333984,51.313192585049386,48.15125927947657,50.98683201316641,40328702,49.793752377286644
2020-06-19,50.665828704833984,51.30784481208523,49.997060997830225,50.12011389932997,30266694,50.65691150491648
2020-06-22,52.60792922973633,53.212492334579295,50.83168175312002,51.14734096221237,32622704,52.21736777247855
2020-06-23,55.10643768310547,55.57725016961741,51.92845432776675,52.15850988040237,36877473,54.204047393496545
2020-06-24,55.625404357910156,56.144367521371805,54.582129197259505,54.844285195854006,25239856,55.450633692180496
2020-06-29,55.51840591430664,57.13949639086861,54.464429291387795,56.845239938542754,29333566,55.707443865521014
2020-06-30,57.621009826660156,59.38655595425118,55.56120724929334,55.641458332965264,45777375,57.52292434340156
2020-07-01,57.235801696777344,58.13462498965378,55.42745372823184,57.423055466073386,33893978,56.932626804887654
2020-07-02,55.77521514892578,57.25185372790446,55.26694959549058,57.118099439396865,44551081,56.098006157440274
2020-07-03,56.68473815917969,57.24115063390647,54.83893720477379,55.21879729267958,41043305,56.25494199928665
2020-07-06,60.78293991088867,61.51590843365462,57.13949263219193,57.13949263219193,52995435,59.81278032557841
2020-07-07,62.596641540527344,64.3354361070786,61.52661468641398,61.52661468641398,48683567,62.81956411133998
2020-07-08,64.46920013427734,65.38942257195455,61.92253078313906,62.7357542398696,38920541,63.92705116312365
2020-07-09,63.92347717285156,65.4857155850512,63.666666279036185,64.20168340278278,39950668,64.35861967897965
2020-07-10,62.650146484375,63.67737526449197,61.80482264596756,63.131660439363365,37321507,62.71078146494485
2020-07-13,63.50615692138672,64.01977122191428,62.38262703190806,62.43613022401069,33050253,63.302851725069694
2020-07-14,62.077674865722656,63.50081384528297,60.5261341566227,63.13700399229666,40768236,62.03487428920945
2020-07-15,61.79411697387695,64.07862996986563,61.52125958025072,62.86414749797648,36265292,62.464668841331104
2020-07-16,57.13949203491211,63.92882240205266,56.94688944711319,62.48963696941668,64525238,59.33840129469265
2020-07-17,55.28834915161133,58.24697497211718,53.180392236213414,56.716836995259044,63045422,55.571905453313974
2020-07-20,56.92549133300781,57.55680977205205,54.945939811374465,57.44445825332568,36173439,56.47608030547811
2020-07-21,57.43376159667969,62.061632727898264,56.213930149399495,62.061632727898264,94757899,58.569774824659156
2020-07-22,57.3160514831543,58.90504521249811,55.80196371719384,55.80196371719384,49582694,57.34102013761541
2020-07-23,56.65798568725586,58.09182238324949,55.159944409847434,56.29417582193388,43378449,56.63658416011759
2020-07-24,54.73728561401367,57.706612821772836,54.02036355956602,56.492130339584506,48807404,55.48808733178418
2020-07-27,56.71148681640625,57.17695054420612,54.80148868253667,55.01549405487798,36645476,56.229975347716355
2020-07-28,56.98434066772461,58.40212709963882,56.33162320847002,57.94201594926086,25239643,57.23936365861115
2020-07-29,58.5037841796875,58.6268370821855,56.235325020316154,56.235325020316154,34617775,57.78864876072972
2020-07-30,57.30534362792969,58.81943493734067,57.192992124481,58.530527356862095,26054970,57.772590229917114
2020-07-31,58.60008239746094,59.65406269345795,57.08599466433668,57.08599466433668,31138552,58.44671325175185
2020-08-03,58.83549499511719,59.10835240646559,58.04902319599906,58.851545212580724,27630712,58.66429019919394
2020-08-04,57.74941635131836,59.27420554184402,57.42305574752307,59.22605489074345,26640479,58.14889254689515
2020-08-05,59.151145935058594,59.69686068127871,57.78685906950832,58.375375627789026,30516749,58.878288561948544
2020-08-06,58.93714141845703,59.15114676730325,57.87781234154077,58.95854046755453,22261384,58.655366842433686
2020-08-07,56.80778884887695,59.11904972028246,55.25624812370077,58.93714479190451,33210673,57.061028897620055
2020-08-10,55.87150955200195,56.764983928658964,54.566074692047444,56.20856779156647,27248717,55.73418939090279
2020-08-11,54.66773223876953,56.711484578313744,54.571430939356894,56.22997436678249,23197982,55.31688258548005
2020-08-12,52.77913284301758,54.5714305383238,51.628851234680376,54.5714305383238,42505703,52.993138205340586
2020-08-13,53.31414794921875,54.86033989861434,53.153645779591486,53.96151660529716,22167181,53.77604454247486
2020-08-14,55.159942626953125,55.373947986170315,53.13758938222306,53.80100822447716,25338518,54.55715999844883
2020-08-17,55.74845886230469,57.139493688240464,55.69495938007961,55.90896473791588,31095841,56.19430397687492
2020-08-18,56.20322036743164,56.272770064770064,55.1331935936504,55.53980153900652,22040382,55.869728008617365
2020-08-19,54.27182388305664,55.99992078699778,54.036419460148444,55.828713518190135,21264543,54.76938804340096
2020-08-20,54.09526824951172,54.73193177725172,53.10013998851726,53.39974897648995,15889175,53.97578000509356
2020-08-21,53.8277587890625,54.68913275777046,53.34089604902494,53.55490140413148,20602188,53.952595865285964
2020-08-24,55.0422477722168,55.65216347829652,54.18622253545666,54.19692391882582,21247464,54.96021126198999
2020-08-25,57.25719451904297,58.63753159933838,54.95128636128212,54.983386791699715,43235563,56.94867082655449
2020-08-26,57.03249740600586,58.680343303526776,56.44933329766536,58.102528029668306,28772319,57.387391335732666
2020-08-27,58.075767517089844,58.9317889130959,56.71148063135432,56.71148063135432,32127302,57.90634568718002
2020-08-28,61.12535095214844,61.259101513012254,57.38024981519958,58.10252067331018,40141481,59.92156742678676
2020-08-31,59.62195587158203,61.52660485329195,59.4293495828365,61.259096325282464,28548820,60.19263676923683
2020-09-01,59.70756149291992,60.45123140892609,59.18859831621515,59.65941084474133,18783189,59.782463739353716
2020-09-02,59.10835266113281,60.18908092805092,58.851545466141495,59.787818060797115,17729600,59.382993018441745
2020-09-03,58.316532135009766,59.38655902078188,58.075775157093965,59.13510437413617,16164479,58.59295543762854
2020-09-04,56.9789924621582,57.77616187601018,56.21927231503156,57.123448124025686,24731657,56.99147555106665
2020-09-07,55.05293655395508,57.62100442073711,54.94058504735505,56.81848251590502,24070415,55.87150867401575
2020-09-08,55.38999938964844,56.181819925518276,54.57142725648001,55.1492424428968,16790302,55.38108219054891
2020-09-09,53.95616149902344,55.12249330572359,53.24994455720338,54.566077143632036,19282734,54.109533120650134
2020-09-10,54.05781173706055,55.577251913270736,53.85450777391453,54.17016324297614,18235293,54.49652380808194
2020-09-11,54.255767822265625,54.785432359846496,53.12688905180135,54.07386290460084,16680622,54.05602974463782
2020-09-14,54.67308044433594,54.83893515661881,53.854511979801835,54.59817819638664,13921311,54.45550919358553
2020-09-15,53.7689094543457,54.785436799288036,52.94498842444061,54.619582083596995,20773783,53.833111559358116
2020-09-16,50.85308074951172,53.76890844747435,50.40901980944643,53.55490308564847,46435026,51.67700300214417
2020-09-17,51.28644561767578,51.88565990654251,49.19453886908829,51.08849046610297,28599216,50.788881464435526
2020-09-18,53.21784210205078,53.50139714899627,50.93868177226376,51.23829074926896,25609644,52.552640341103604
2020-09-21,52.736331939697266,53.74751045145894,52.36717324047594,53.50140093750995,18647525,52.950338543877386
2020-09-22,52.5223274230957,53.496052968593375,52.21736958585603,52.37787175573576,12251566,52.745249992515035
2020-09-23,52.48487091064453,52.902183953202105,51.62884949027525,52.522323890743046,13697123,52.338634784707295
2020-09-24,51.28644561767578,52.43137471052185,51.09383930025126,52.43137471052185,13382347,51.6038865428163
2020-09-25,52.13176345825195,52.538375126608315,51.569998461611775,51.89635904886753,11634078,52.080045682157355
2020-09-28,52.66142654418945,53.982911643401124,52.431370975180315,52.52767226979775,13606714,53.0252363875903
2020-09-29,52.66142654418945,53.73680585862241,52.59187684734393,53.29809377014093,12761810,52.99670308338526
2020-09-30,52.747032165527344,53.14294245543587,52.31366889442853,52.69888151639815,11328462,52.73454783846392
2020-10-09,53.517452239990234,54.38952765297557,53.23389716721308,53.58165682267452,16894599,53.713625686726296
2020-10-12,55.23484802246094,55.32045165681434,54.0578184796768,54.0578184796768,27801169,54.87103938631736
2020-10-13,56.12297058105469,56.17112122981402,54.79078405970652,55.03154101797118,19286203,55.694958623525075
2020-10-14,53.77425765991211,55.80196349201488,53.496051430474104,55.641457612281826,22331582,54.3574241941337
2020-10-15,51.68235397338867,53.76355926078993,49.22128861406826,53.50139953697523,77071055,51.55573394941562
2020-10-16,51.74655532836914,52.05151315558005,50.7728298148932,51.20084053978793,22780441,51.5236327662808
2020-10-19,51.366695404052734,53.03058765914891,51.040338525423685,51.92311157673454,17220678,51.81254052954177
2020-10-20,51.77865219116211,51.96055710814687,50.97613028008416,51.361342877503546,10225114,51.571779859797715
2020-10-21,51.37204360961914,52.056861505982546,51.14198803284878,51.896359342872074,12280564,51.52363104948349
2020-10-22,52.23876953125,52.741686244064006,50.59092741511301,51.25434630055426,20529569,51.85712773014234
2020-10-23,51.024288177490234,53.10549363686177,50.83168556587651,52.179922419514185,17508723,51.65382246007618
2020-10-26,48.65952682495117,51.01893849368386,48.135214771663136,51.01893849368386,39891366,49.27122669676606
2020-10-27,48.83607864379883,49.00728218551133,48.04425808460209,48.70232436783334,18904436,48.62920630463742
2020-10-28,49.80980682373047,50.10406327521237,48.36526873691981,49.060788038024086,22951002,49.42637961195422
2020-10-29,49.028682708740234,49.42459300023674,48.354566189291596,48.95378417499531,17900067,48.93594729942286
2020-10-30,49.724205017089844,50.82098349362674,48.04426245029264,48.686278575904254,38053834,49.52981698700307
2020-11-02,47.08122634887695,49.40853718480195,45.625990793793,49.32828611169216,64290264,47.3719181091573
2020-11-03,48.3385124206543,48.408065829765164,46.32150813005251,47.081228224335305,33347688,47.689362126823994
2020-11-04,47.134735107421875,48.0924104078633,45.93095401073246,46.54621850135244,33223361,47.05269984200587
2020-11-05,49.8419075012207,50.17361693656818,47.348741616436854,47.88375503741593,49182467,49.12142201807524
2020-11-06,49.542293548583984,50.83167817869082,49.14638328517868,50.68722624097322,23160422,49.84011833748449
2020-11-09,50.344818115234375,51.206192096811556,49.54229616436094,49.84725398566733,31234266,50.36443545880229
2020-11-10,50.64442443847656,51.2864404796146,50.146860335084085,50.32341270343976,21827092,50.69257508439174
2020-11-11,47.701847076416016,50.47857156966153,47.498543103682934,50.344817294285704,36261447,48.559653916586825
2020-11-12,47.552040100097656,48.25826070565188,47.509238288478045,47.70184458353242,14756550,47.773179698075865
2020-11-13,47.439693450927734,48.02821006338856,46.81907640508316,47.28454011808362,14552931,47.42899330646649
2020-11-16,50.07731246948242,50.398320525587934,47.01168386216412,47.493197803556484,32904584,49.16243895241149
2020-11-17,49.62255096435547,50.82098328936122,49.221291816078065,50.18431600062478,21418342,49.88827535659825
2020-11-18,48.311763763427734,49.48879695506087,48.151261601048304,49.21058701615653,17789031,48.650607439845636
2020-11-19,49.32828903198242,49.451341922858184,47.6162425126568,47.92655287116476,14271766,48.7986244891658
2020-11-20,48.5257682800293,49.48879609545026,48.27431365851324,49.22128754350712,15543875,48.76295934466427
2020-11-23,48.16731262207031,48.84678169274385,48.044259724034106,48.54717269867236,18513078,48.35278467961609
2020-11-24,47.182884216308594,48.16731108362408,47.06518015604449,48.16731108362408,21403270,47.47179181865906
2020-11-25,45.733001708984375,47.455746104356464,45.67949850761881,47.16148964025075,24650653,46.289415440319885
2020-11-26,45.6955451965332,46.00050302025691,44.6683202114258,45.63669316536295,20110250,45.45478947607197
2020-11-27,45.87744903564453,46.54621669839723,45.24078180468355,45.743694760200405,14169675,45.8881491795751
2020-11-30,47.31129455566406,48.204765338871006,46.1075096592165,46.321515037591986,34387891,47.207856517917186
2020-12-01,48.22616195678711,48.31176186854273,46.653218540354736,47.08122924253643,21755845,47.730380788561526
2020-12-02,48.51507568359375,49.05008912893644,48.06566216082489,48.25826848693559,24134898,48.54360899111836
2020-12-03,49.85261154174805,50.10941502593432,48.8360841304601,49.103588997976914,24825123,49.59937023271416
2020-12-04,50.451820373535156,50.47321942339985,49.22128771631869,49.48879626920104,18920437,50.048775837751236
2020-12-07,51.832157135009766,52.15851400119273,50.29131412225382,50.42506839769324,29466910,51.427328419485434
2020-12-08,52.51162338256836,53.480000044881386,51.2008396321963,52.244118541484994,27618236,52.397487686548686
2020-12-09,54.82288360595703,56.460027924116545,53.98291239704173,54.03641559333251,57525045,55.08860797570511
2020-12-10,54.887088775634766,55.459555191408015,53.67260995528409,54.51793006435374,24209569,54.67308464077562
2020-12-11,53.501399993896484,55.50235421684539,53.501399993896484,55.33649950393171,26620996,54.16838473487945
2020-12-14,54.75868606567383,55.25625022061342,53.88126182320432,54.04176770735095,19788779,54.632066036497186
2020-12-15,54.19157409667969,55.154598291705845,53.85986464849685,54.56073281426947,16732044,54.40201234562746
2020-12-16,53.65655517578125,54.85498367698055,53.479999086545,53.988260875623176,17106283,53.997179313102265
2020-12-17,54.138065338134766,54.83358459816109,52.84333182782706,54.1327165043309,19320111,53.93832725470764
2020-12-18,54.250423431396484,54.80148706316816,53.76890950062303,54.571431480422746,13629299,54.27360666506255
2020-12-21,53.501399993896484,54.57143051961269,52.308320285078196,53.90266283396558,20066151,53.46038359952913
2020-12-22,51.25434112548828,53.929411734215144,51.25434112548828,53.49604848294108,26187723,52.146031328397235
2020-12-23,52.60257339477539,52.950333015001576,51.1259350030783,52.14781481467572,17447874,52.22628047095176
2020-12-24,49.14638900756836,52.22807156350722,48.74512986383081,51.77865805378914,33744525,50.03986347830213
2020-12-25,50.29666519165039,50.49462032485049,48.702322744278135,48.95378107186799,21315397,49.831202753593004
2020-12-28,49.75630187988281,51.57535115299311,49.702802397156745,50.63372608390872,20254710,50.34481847667755
2020-12-29,50.38762283325195,50.933337642712644,49.997061360331685,50.42507210160245,18946582,50.43934061209876
2020-12-30,54.170166015625,54.5714288433687,50.02380946354898,50.02380946354898,33832995,52.92180144084756
2020-12-31,56.12297058105469,56.176470063742386,54.76403246112867,55.04224240029592,33233818,55.68782436864191
2021-01-04,56.80243682861328,57.49795611587475,55.748460229694466,56.6793839305626,25275637,56.68295105806084
2021-01-05,58.64288330078125,59.167199023667806,56.33697503025262,56.46002792436041,27625232,58.04901911823389
2021-01-06,55.208099365234375,58.658936859690314,54.576780928255516,58.25232888836538,50740111,56.147939051060064
2021-01-07,52.516971588134766,55.577250935395,51.147335920222446,55.21344111287444,75092916,53.08051948125074
2021-01-08,53.23924255371094,53.528150156442315,51.49509926962488,52.575827434326115,43815970,52.754163993259375
2021-01-11,51.933807373046875,53.74215522600412,51.6716513698956,53.18039023955543,34493184,52.44920465631554
2021-01-12,54.036415100097656,54.566075937521255,51.2543417800699,51.794703999547565,38955187,53.285610939229606
2021-01-13,50.82633590698242,54.03642024095533,50.50532413056369,54.03642024095533,55711140,51.78936009283382
2021-01-14,51.25434112548828,52.565124832292156,50.291313329087174,50.810276492296815,30468599,51.37025976228921
2021-01-15,51.14198303222656,52.591873479207514,50.093355382722685,51.89635426848804,28285788,51.275737298052256
2021-01-18,51.896358489990234,52.45812348058071,50.441119091208364,50.922633001562474,32918538,51.59853368725977
2021-01-19,52.16386413574219,53.421148413075215,51.4201979232698,51.794705446477245,28361438,52.335070157362395
2021-01-20,52.8593864440918,53.44255424150856,51.27039636740257,52.21737032652985,27306295,52.52411235100097
2021-01-21,54.566078186035156,54.77473471511406,52.035463095957006,52.966386796855716,37178501,53.792091999035414
2021-01-22,53.38370132446289,55.042244791316314,53.23389682328106,54.04711648252336,29932311,53.88661431302009
2021-01-25,51.28644561767578,53.019891331092,51.24899263523327,52.95569046343988,40685528,51.85177652800035
2021-01-26,49.970306396484375,51.89100576870319,49.9168069146611,51.286442680313705,30998902,50.59270635994955
2021-01-27,51.179443359375,51.62885315114823,49.54229893381179,49.97030967434561,26565963,50.78353181477834
2021-01-28,50.45716857910156,51.74655325047569,50.35551845042508,50.505319226548515,18891478,50.853080093334114
2021-01-29,51.965904235839844,53.929408993878795,51.093832658347715,51.19548649522794,38655134,52.32971529602212
2021-02-01,55.21879577636719,55.234845992910174,52.52767480095763,53.39439763768316,47084646,54.32710552341166
2021-02-02,57.6905632019043,58.102523717090236,55.748460977121916,55.748460977121916,40168490,57.180515965372145
2021-02-03,56.65798568725586,57.835015200994675,56.336977638054364,56.87733988747971,23175383,56.94332617543497
2021-02-04,55.37395095825195,56.37442810924825,54.02036531704172,56.235324989737805,28655122,55.25624812818064
2021-02-05,53.10014343261719,55.5344573316161,53.014539797796125,55.10644658644727,25566657,53.8830468540098
2021-02-08,54.70518112182617,55.37394880792143,53.56560461004068,54.758684319658464,21336746,54.5482448465961
2021-02-09,56.52423095703125,57.07529458473833,54.9459386084424,55.32044985344473,24936320,56.18182138340399
2021-02-10,56.89874267578125,57.61031218997628,56.17647177893475,56.17647177893475,22309858,56.89517554823076
2021-02-18,54.42697525024414,58.79804242042307,54.30392235178524,58.60543610722006,28253496,55.84298000748415
2021-02-19,52.329715728759766,54.51792356424077,50.970781400690555,54.020359459793696,34626371,52.60614023123036
2021-02-22,51.61815643310547,54.42162906389765,51.36134924116346,52.52767741625094,30956165,52.467044912722194
2021-02-23,51.29179000854492,52.24946524962191,51.09383487412047,51.52719812216743,22208550,51.54503004409577
2021-02-24,49.86330032348633,51.789352112882085,49.221284298510305,51.44694133754759,38488318,50.29131224495958
2021-02-25,48.95378494262695,50.366218869435336,48.83072832869399,50.25921618666294,22186300,49.38357738025209
2021-02-26,46.760223388671875,48.09775875237384,46.01120462504983,47.56274534978666,38903246,46.95639558869851
2021-03-01,48.34386444091797,48.418766688563984,46.717421471911365,47.77675060685644,26657720,47.826684200464435
2021-03-02,48.51507568359375,49.649303444826586,48.20476528516716,48.980535709531146,23382894,48.78971480452916
2021-03-03,49.40854263305664,49.745604606220674,47.54134641082415,48.15126206264891,17759896,48.898497883367156
2021-03-04,47.065185546875,49.18384401642746,46.776277911433155,49.06079110822707,24196705,47.675102491578535
2021-03-05,47.64834976196289,48.151262740095135,46.278713943074884,46.36431386021283,15582024,47.35944214837764
2021-03-08,45.23008728027344,48.311766091115445,44.56666840522658,48.18336435502543,29870750,46.03617392553849
2021-03-09,45.636695861816406,46.54622055279076,44.47036769524293,45.123085196149916,21798371,45.55109470328336
2021-03-10,45.35313415527344,47.01702624149134,44.94117368743856,46.171706257472984,17223772,45.770444694734444
2021-03-11,45.920257568359375,46.300117686098005,45.155188498290194,45.73300378402026,12913132,45.791854584249194
2021-03-12,46.97422790527344,47.00097950353891,45.36383889249903,46.43921451230394,19215348,46.44634876710379
2021-03-15,46.92073059082031,47.28988929185319,45.77044895694504,45.77044895694504,17386325,46.66035627987285
2021-03-16,45.86675262451172,47.295236736247325,45.26753464273664,46.90467899577038,19840549,46.14317466783189
2021-03-17,47.88375473022461,47.931905380633594,44.94117907648326,45.7972005445581,21671806,46.91894639578049
2021-03-18,47.61624526977539,48.36526775473909,47.25778795826311,48.311764556755364,18348599,47.74643366092587
2021-03-19,45.481536865234375,47.054480244390696,45.47618803164762,47.054480244390696,26419605,46.00406838042423
2021-03-22,46.754878997802734,47.011686198342446,45.54574896449948,45.66344932412605,13268513,46.43743805354822
2021-03-23,45.14982986450195,47.027731147278935,44.818124160667686,46.50341542153425,22831743,45.665228390816196
2021-03-24,44.2884635925293,45.433392729224146,44.03165639761739,45.208685969367686,15825791,44.58450423979028
2021-03-25,44.27775573730469,45.04817720942842,42.87067077701746,44.10119965583849,15778622,44.06553457458352
2021-03-26,45.23543167114258,45.74369344586506,44.095851517407844,44.101200351063476,15470798,45.02499221147183
2021-03-29,44.031654357910156,45.52969192528869,43.60364362437343,45.513641708504466,23522611,44.38832996919076
2021-03-30,44.57736587524414,45.139130850264934,43.92464844032029,44.03165111582578,18582554,44.54704838860979
2021-03-31,44.94118118286133,45.16588794310334,44.192162363189574,44.43826817534918,11995581,44.766410496384744
2021-04-01,45.26218795776367,45.3531404261394,44.6576211133288,44.94117990134375,11363259,45.09098316574396
2021-04-02,45.358489990234375,45.70624965223564,45.05353214600482,45.36919137329437,11045228,45.37275726282494
2021-04-06,46.01120376586914,46.12890782658081,44.83417430215636,45.36918769475308,11322869,45.658095298202106
2021-04-07,45.1284294128418,45.79719706254514,44.304508441016594,45.72229481833668,15896478,45.07671163880118
2021-04-08,45.048179626464844,45.599243234715686,44.57201826456992,44.91977418365415,12971307,45.07314704191682
2021-04-09,44.32056427001953,45.4761947962103,43.78019827653759,45.4761947962103,13026970,44.525652447589145
2021-04-12,43.75344467163086,44.513164778053124,42.87602050843302,43.8069441518675,18951050,43.714209986039
2021-04-13,43.37893295288086,43.946046752095405,43.095374196039685,43.496637008301846,11970724,43.473451300338645
2021-04-14,43.97815704345703,44.18680987194741,43.020477965382085,43.38964039857092,13119304,43.72848162692884
2021-04-15,44.23495864868164,44.299163230731786,43.657143411507434,43.96745379560064,7220382,44.063755096973615
2021-04-16,44.031654357910156,44.92512880712554,43.88184985827868,44.39546422431,9036332,44.27954434110479
2021-04-19,46.26801300048828,46.423166334090055,44.13865700286912,44.13865700286912,24629044,45.60994544581582
2021-04-20,46.92073059082031,48.627424693301414,46.25731172420921,46.25731172420921,28044318,47.26848900277698
2021-04-21,46.28940963745117,47.16683382336242,45.78649668076251,46.72812173040679,13586780,46.414246713858695
2021-04-22,47.327335357666016,47.766047410395636,46.391059227691734,46.551565086775284,15970459,47.16148066525113
2021-04-23,47.241737365722656,47.68579830468699,46.76557599401083,47.08123148751717,10548476,47.23103722147349
2021-04-26,46.44991683959961,48.13521184759445,46.246612860475054,47.29523690335038,14070583,46.94391384922304
2021-04-27,48.30641555786133,48.72907744840503,47.209637147619304,47.26313663095235,28523249,48.081710051295225
2021-04-28,49.94355773925781,49.97030933897868,47.4610932321414,48.151263703918175,32190964,49.124986770125965
2021-04-29,50.59627151489258,50.65512354417164,48.4722681994215,49.67604923935643,27461042,49.90788775282857
2021-04-30,49.162437438964844,50.58022390506855,49.10893795516165,50.29666884052866,14224999,49.61719976639835
2021-05-06,48.16731262207031,49.11428653933506,47.34874043685445,49.11428653933506,13126797,48.210113199419936
2021-05-07,46.54622268676758,48.39737258803473,46.38036795819381,48.161964438651935,13593783,47.107987744332036
2021-05-10,45.743690490722656,47.19892973995188,45.310330987514,46.813720879936675,12426530,46.08431707272951
2021-05-11,45.492244720458984,45.63669667806714,44.79672538968945,45.27289050963865,11439420,45.30855559607186
2021-05-12,45.636695861816406,45.7758026970569,44.769972988264655,45.35314078601962,10778939,45.394157182379324
2021-05-13,44.99467468261719,45.47618857413851,44.71111963871634,45.36918589985242,9220696,45.060660965157346
2021-05-14,46.70137023925781,46.85117473128974,44.630866377852705,44.87697588017255,18355539,46.061137116133416
2021-05-17,47.46109390258789,48.627425779318514,46.18241050569794,46.23591370589548,18114703,47.42364339586811
2021-05-18,47.61624526977539,47.899804047259366,46.621120703277995,47.45574310476036,9383874,47.37905667343758
2021-05-19,48.04426193237305,48.2368645392993,46.5301703903828,47.61624747211105,14230883,47.603765620685046
2021-05-20,49.25873947143555,49.75629987000813,47.66974583861654,48.044257060442874,18988353,48.8949283933534
2021-05-21,47.62159729003906,49.7028025794152,47.348739898071955,49.42994518744809,14744589,48.22437992250874
2021-05-24,49.14103698730469,49.22128806795552,47.921205703540075,48.140559895475015,14353506,48.761176919600096
2021-05-25,52.69887924194336,52.85403256504155,48.79862482825902,49.14103562029064,38255928,51.45051221174797
2021-05-26,51.98731231689453,53.806357898647335,51.62885129165052,52.94498761441056,23910415,52.474173835730795
2021-05-27,50.8691291809082,52.37786804317883,50.382266442668325,51.94985733454613,24624168,51.209754555585114
2021-05-28,50.13081359863281,50.82633288203217,49.31759025184968,50.601626137699874,22066411,50.09157891083822
2021-05-31,50.22711181640625,50.451818546955884,49.4887944774875,50.10940776024199,22157650,50.05590828028321
2021-06-01,49.11428451538086,50.2806162961231,48.67557242484597,49.76700196015698,23753280,49.356824412116644
2021-06-02,47.712547302246094,49.37643945277419,47.402236945157966,49.28013815978193,28975506,48.16374123339275
2021-06-03,46.95283126831055,48.04426087473912,46.85652996696737,47.883754991365684,20718330,47.28454070333902
2021-06-04,47.017032623291016,47.79815556828838,46.54622006550774,46.81372863574731,23039252,47.12046941902904
2021-06-07,47.44504165649414,47.54669550384144,46.76022375295393,47.07053412899956,19151281,47.25065363776317
2021-06-08,47.728607177734375,47.88376053044665,47.00098735594597,47.562752441034455,18253282,47.53778502137567
2021-06-09,47.61624526977539,48.02820949373945,47.23103635927124,47.61624526977539,13055686,47.62516370759536
2021-06-10,47.5948486328125,48.04426214658062,47.011684546238676,47.01703338052106,20314146,47.55026510854393
2021-06-11,46.97422790527344,48.14590853594043,46.48201632663509,47.59484492690524,23545096,47.20071758928299
2021-06-15,48.472267150878906,48.68627249937278,46.47131305654662,46.562265515379906,31439719,47.87661756893277
2021-06-16,47.37548828125,49.1570844590416,47.08658069256845,48.151258589478836,23241864,47.873051144286684
2021-06-17,47.3487434387207,48.00680978612818,46.920732685464834,47.0277353737788,13946316,47.425428636771244
2021-06-18,45.79719924926758,47.803502294174464,45.39594012607341,47.241737293021814,31197031,46.33221388983848
2021-06-21,46.63181686401367,47.50388843485703,45.54038740625568,45.79719455599095,31584669,46.558697568375464
2021-06-22,47.60554504394531,48.285014077916465,46.06470577024874,46.55156850208237,23509522,47.318421630703504
2021-06-23,46.77627182006836,47.74464845620263,46.54621625145808,47.60554534828487,20978462,47.02237884257636
2021-06-24,46.07540512084961,47.017030187636536,46.011204255947774,46.899329840139174,14140499,46.367879854811314
2021-06-25,46.58366775512695,46.77627033792514,45.690193392253896,46.075402272318044,18217730,46.35004382843533
2021-06-28,46.66926956176758,46.92072789659839,45.95770380006174,46.674622110041376,16465687,46.515900419475905
2021-06-29,49.558345794677734,49.69210007065352,47.05448238922743,47.05448238922743,57336118,48.76830941818623
2021-06-30,49.89005661010742,50.39831841571289,48.69162435547044,49.1731382767047,28301320,49.65999979376358
2021-07-01,49.61185073852539,50.19501479638261,48.65952427165571,49.91680856696956,23071146,49.488796602187904
2021-07-02,48.58997344970703,49.22129190529305,48.47227309373243,49.22129190529305,20989865,48.76117948291084
2021-07-05,45.95770263671875,47.61089340342203,45.58854025176003,47.61089340342203,54527485,46.38571209730028
2021-07-06,45.593894958496094,46.40176574778107,45.208682339820605,45.95770481254072,21539832,45.73478101536592
2021-07-07,45.14447784423828,45.74369205975615,44.88232185710345,45.684843747924006,22564192,45.256830587032624
2021-07-08,45.085628509521484,45.508290385840155,44.88767337036225,45.26218459896131,21715652,45.1605307552413
2021-07-09,44.98398208618164,45.09633360678324,44.085158777964125,44.97328070320636,21611842,44.721824823643004
2021-07-12,45.733001708984375,45.930956867994034,45.03213354369258,45.31568862463152,24238519,45.56536404022366
2021-07-13,46.33221435546875,46.50877045626882,45.583195564544035,45.79720093337967,16650970,46.14139345876054
2021-07-14,46.37501525878906,47.01703135265167,45.7972000314191,46.50876954029413,16289920,46.396415547619945
2021-07-15,46.278709411621094,46.54086540035152,45.59924040275823,46.01120087489683,11844785,46.139605071576945
2021-07-16,47.3028450012207,49.10257227088272,46.80042092151195,47.61779857498017,22069154,47.735279397871786
2021-07-19,46.1405143737793,46.515459043169884,45.03818262392128,46.49296050362302,18335317,45.89805201362349
2021-07-20,46.1405143737793,46.1405143737793,45.59309701585248,46.1180195529993,10165490,45.95804192113703
2021-07-21,47.08537673950195,47.86525802445666,46.215508723348556,46.2605020889479,20961281,47.05538116243573
2021-07-22,46.88290786743164,47.752775872707595,46.792921137358206,47.39282895241385,16247019,47.142868292499145
2021-07-23,45.33814239501953,47.2203593791326,45.09068073028088,46.83041685627306,21740280,45.883060834811005
2021-07-26,44.00334167480469,45.66808866847192,43.1934648594738,45.14316981884217,22220199,44.2882984009168
2021-07-27,39.89396286010742,44.44577469803179,39.60150785899233,44.32579239628876,57122591,41.31374847237718
2021-07-28,39.361541748046875,40.11892813941001,38.37169151534301,39.14407569384964,31742101,39.2840538009333
2021-07-29,40.24641036987305,40.95880345112251,39.9539553588915,40.15642364052992,21350089,40.38638972662902
2021-07-30,41.77618408203125,41.85867006386562,39.58651427995795,40.19392288772582,20528938,41.07378947528494
2021-08-02,41.34124755859375,42.57855957975778,40.8313264485525,41.20626745685027,22178035,41.58371119563468
2021-08-03,41.35624694824219,41.851174007122886,40.94380959189206,41.74618576071394,15435592,41.38374351575238
2021-08-04,41.46872329711914,41.94865250599124,41.153773472563934,41.671195291495614,12878507,41.52371642522477
2021-08-05,40.20891571044922,41.43122981027765,39.82647398960618,41.43122981027765,19542699,40.48887317011101
2021-08-06,39.15907669067383,40.441382018396794,38.76913419298119,40.21641519280489,26157136,39.4565309673506
2021-08-09,40.80133056640625,40.88381654636233,38.75413795003351,38.76913573900438,21119699,40.146428354267364
2021-08-10,40.73383331298828,40.86131264313361,39.89396095956553,40.44887535992393,12559666,40.496368971895805
2021-08-11,40.178924560546875,40.89131396519734,40.0064481263796,40.50137516706284,17900031,40.358895550707935
2021-08-12,39.62400436401367,40.58385909995578,39.44403090375566,40.04394243794902,18167646,39.8839647892417
2021-08-13,38.57416534423828,39.84147296244095,38.506677151745194,39.59401129827631,23115882,38.97410515280814
2021-08-16,38.76913070678711,39.121576842471505,38.15422515756331,38.469174966303825,16760763,38.68164423560731
2021-08-17,38.26670455932617,38.91160564650745,37.411834465557185,38.83662043434998,23930383,38.1967148904636
2021-08-18,39.78147888183594,40.486371142755786,37.55431311991224,37.98174818438139,39398655,39.27405438150132
2021-08-19,41.81367492675781,42.35359160039188,39.9539565682432,39.9539565682432,49933980,41.37374103179763
2021-08-20,40.11143112182617,41.9861472518121,39.21156752818362,41.61870329196172,28650053,40.43638196727397
2021-08-23,41.48372268676758,42.578557518016396,39.931457170032665,39.931457170032665,32350955,41.33124579160555
2021-08-24,41.75368118286133,42.43607866600221,41.05628591197265,41.888661272591435,23433932,41.74868192027873
2021-08-25,42.713539123535156,43.118479423475854,41.69369319800745,41.90366224242115,24810997,42.50857058167282
2021-08-26,40.68134689331055,42.668544568534365,40.471377854744595,42.668544568534365,27435869,41.27375643886317
2021-08-27,39.10658264160156,40.64385037439861,38.76913426199662,40.61385479759963,30391414,39.50652242599893
2021-08-30,37.49432373046875,39.009096549702,36.309505955111526,38.769131949622746,37272774,37.604308745094094
2021-08-31,37.16437530517578,37.591810380264505,36.114533921730306,37.11938194365239,26036689,36.95690653572353
2021-09-01,37.70429229736328,38.31920157759412,36.36949666317668,37.44183287859947,35448293,37.46433017937803
2021-09-02,36.79693603515625,38.60416032145212,36.5794662342239,37.86927237567592,35647660,37.32685419694409
2021-09-03,40.47887420654297,40.47887420654297,39.69149590335804,39.74398630273014,43150162,40.21641477214799
2021-09-06,43.883365631103516,44.30330002693538,40.48637925547648,42.36859257935156,91576020,42.89101497117179
2021-09-07,44.52076721191406,45.218162537417044,43.943354197789425,44.99319570358263,57175002,44.56076131570685
2021-09-08,44.985694885253906,46.290498800855765,44.13832539051002,44.993195639088,51949206,45.13817302553989
2021-09-09,42.06863784790039,44.82072280696188,41.88866438156928,44.24330979519991,50405422,42.926008345477186
2021-09-10,42.54106903076172,43.90586046597139,42.12863167035998,42.698543964386936,51105431,42.858520389031035
2021-09-13,43.21596145629883,44.58075647141017,41.90366055956644,42.78102931481905,48780917,43.233459495758474
2021-09-14,41.303749084472656,43.718385564013595,41.168772708496554,43.718385564013595,43725860,42.063635785660935
2021-09-15,40.82382583618164,41.618704941548636,40.04394451994925,41.318752877623844,23666258,40.82882509922651
2021-09-16,40.19392013549805,40.68884343015002,39.90896215807486,40.343898018352355,18325732,40.26390857457431
2021-09-17,41.08628463745117,41.2362625264275,40.08893725390968,40.17892398729547,16396816,40.803828139262784
2021-09-22,40.05144119262695,41.03379451266904,39.78148470941476,40.41888516371549,15141044,40.28890680490358
2021-09-23,40.778831481933594,41.13127765868409,40.066438374663086,40.26891038246428,19056034,40.65884917176026
2021-09-24,40.988800048828125,41.318751397973834,40.40388629352437,40.7863317621451,16678867,40.90381258010878
2021-09-27,41.25875473022461,42.308599886387775,40.718838082965,40.756334412211544,21530561,41.428730899859126
2021-09-28,41.61870193481445,41.84366875558096,40.35889517605639,41.61870193481445,17733931,41.27375528881726
2021-09-29,41.05628967285156,41.46872701431272,39.743988702859916,41.243763896255686,20544531,40.75633513000807
2021-09-30,42.9535026550293,43.70338836155513,40.71883960519037,41.05628798718863,26231804,42.45857687392493
2021-10-08,44.05583572387695,44.243309944655515,42.75853256117557,43.005994218833095,21602453,43.68589274323602
2021-10-11,42.556060791015625,44.048335087564446,42.51106742795936,43.620899997913476,18598360,43.03848776884647
2021-10-12,42.59355163574219,43.11847418297883,41.918654936633445,42.59355163574219,13916142,42.54356025178482
2021-10-13,43.08097839355469,43.328440023813776,41.60370192747522,42.51856323102323,12880767,42.67104011494789
2021-10-14,42.82602310180664,43.40343237829591,42.09113146862822,42.09113146862822,9334491,42.77352898291026
2021-10-15,43.583404541015625,43.78587281943478,42.45107712626957,42.743532132601054,19720187,43.27345149557332
2021-10-18,42.81852340698242,43.868364904429505,42.046139143008325,43.55341133956517,14277669,42.91100915147342
2021-10-19,44.43827438354492,47.100372432834604,42.586056879016965,42.85601334183707,55808434,44.70823456513216
2021-10-20,43.38093948364258,44.90320949903768,43.26845792478397,44.43827803696936,23645809,43.85086896915474
2021-10-21,42.81852340698242,44.01084203867492,42.65354773014872,43.380938627713626,13421301,43.16097105860202
2021-10-22,43.51591491699219,44.1308204853136,42.83351744558242,42.975994567353546,15340702,43.493417615962734
2021-10-25,45.03819274902344,45.4281315740855,43.17097345383631,43.56091599766608,19790033,44.54576592564842
2021-10-26,45.63059997558594,46.335492337744974,44.783226758962314,44.805721583012435,22193614,45.58310635743107
2021-10-27,45.93804931640625,46.30549325865909,44.543258767737235,45.44312231828375,16850197,45.59560044760085
2021-10-28,45.480613708496094,46.440468306099866,44.993187516597565,45.74307310749529,21469108,45.63808984373117
2021-10-29,47.24285125732422,47.49031662539649,44.993194152820294,45.143172036874006,41248255,46.575454011847
2021-11-01,46.680442810058594,47.602801278901126,45.915555551575935,47.580306454211865,22090021,46.73293321351188
2021-11-02,46.67293930053711,47.33283827561948,46.02803811395132,46.86040979736075,14299983,46.6779385633693
2021-11-03,46.50046920776367,47.08537927326309,46.38048689304225,46.50046920776367,9058582,46.65544512468967
2021-11-04,47.692787170410156,47.79027094028275,46.11802675072757,46.35798765782183,17190655,47.200361620473494
2021-11-05,47.55030822753906,48.82511281648578,47.28034803369596,47.61779641661619,18707912,47.885256359240266
2021-11-08,46.612945556640625,48.35268148804643,46.350486131916846,47.85025746071024,14944633,47.105371058867966
2021-11-09,45.80307388305664,46.04303851260545,44.07833554570957,46.04303851260545,24150543,45.30814931379055
2021-11-10,45.06818389892578,46.402979653283914,44.70823697077491,45.63809614973065,13807792,45.39313350766154
2021-11-11,46.48546600341797,46.62794312616901,44.445774328288735,44.918202778088265,16316131,45.85306115262524
2021-11-12,47.25785446166992,48.32269003915824,46.462971647638575,46.462971647638575,17798550,47.34783871615557
2021-11-15,47.54280090332031,48.21769757588796,46.4029728500556,47.51280533037211,14776798,47.38782377642129
2021-11-16,46.567955017089844,47.977743424146865,46.25300145706526,47.542807555541486,12057394,46.932899966100656
2021-11-17,46.38798141479492,47.002890744423325,46.163018305649395,46.253001318047225,8600430,46.51796348828921
2021-11-18,44.07832717895508,46.140513525786254,43.77087441508875,45.96804084041981,24377498,44.66323837327669
2021-11-19,43.943355560302734,44.4307818560068,43.71838871949297,43.97335113907737,10807524,44.0308420452675
2021-11-22,43.418434143066406,44.22081403828954,43.125979101238336,43.905860452369055,22395058,43.58840909419809
2021-11-23,44.13832092285156,44.513261888652735,43.178466249124014,43.49341606539428,19245106,43.943349686876104
2021-11-24,43.365936279296875,44.69323487066113,43.19346358557958,44.54325699839958,14028582,43.750878245179194
2021-11-25,42.74353790283203,43.71839053471686,42.44358210263126,43.71839053471686,12461901,42.96850351339339
2021-11-26,42.856014251708984,43.26845528616289,42.046137408519975,42.74353269970978,10202904,42.72353564879728
2021-11-29,43.73338317871094,43.935851460638595,42.60855277908217,42.66854393206329,18633110,43.42592913947723
2021-11-30,43.80087661743164,44.52826379462218,43.4934200882644,43.86836480751264,12959124,43.94085350010607
2021-12-01,43.905853271484375,44.610749277066965,43.64339385219351,43.830864334720275,11234847,44.05333213358162
2021-12-02,43.38093948364258,44.09333260646031,43.23846234658601,43.84587094571089,10920354,43.5709114788963
2021-12-03,44.05583572387695,44.35579150210874,43.49342049907605,43.57591019747349,11155496,43.96834924168724
2021-12-06,44.11582565307617,44.97069587850344,43.898359579287515,44.06333525272857,14087191,44.32829370362237
2021-12-07,44.993194580078125,45.2031599009799,44.31829409542751,44.54326092364438,17183354,44.838216192161845
2021-12-08,45.9455451965332,46.40297585422428,44.65574291379138,44.97819348447684,17280671,45.668087988182954
2021-12-09,47.05538558959961,48.052736761503034,45.750585301992196,45.750585301992196,24513919,46.952902551031606
2021-12-10,46.5229606628418,46.99538913345675,45.803070545420724,46.99538913345675,14695089,46.440473447239754
2021-12-13,47.17536544799805,48.73512808328299,46.61295021381692,46.86791262956633,20495134,47.507814581699314
2021-12-14,47.54280090332031,47.54280090332031,46.83790865780446,47.06287545491594,12512468,47.30783682148169
2021-12-15,46.93539810180664,47.69278455120458,46.86790991387309,47.65529193985645,12349385,47.16536418896144
2021-12-16,47.19785690307617,47.5428060291713,46.492964581562006,47.5428060291713,9053344,47.077875837936496
2021-12-17,47.00289535522461,47.550312830795036,46.717937345248416,47.24285627643689,8930595,47.09038184375603
2021-12-20,46.717933654785156,47.46781937671793,46.49296682257511,47.20535993185656,11617970,46.89290661802607
2021-12-21,48.12022018432617,48.14271872639486,46.54545983390774,46.97289494553991,21061898,47.60279958154293
2021-12-22,47.68528747558594,48.65264303569276,47.62530003655561,48.21770714165824,17371967,47.98774351594477
2021-12-23,48.0002326965332,48.780113893350034,47.685279172932084,47.685279172932084,18439955,48.1552085876051
2021-12-24,47.76777648925781,48.00774111699465,47.10787376298151,47.962747749293996,12616745,47.62779712307799
2021-12-27,46.79291915893555,47.91774951852797,46.48546637023416,47.79776721683629,9698551,47.06537834923256
2021-12-28,47.63279342651367,47.95524401561599,46.867909941895675,47.1678657079291,10004809,47.48531579467511
2021-12-29,46.79291915893555,47.84276057997067,46.27549734227371,47.632791552010225,9160851,46.970392360393305
2021-12-30,46.342987060546875,47.31783957527133,45.855560803184645,46.75542437687128,13469940,46.505462479667614
2021-12-31,46.605445861816406,46.98038681322848,46.140514470794514,46.500461354166305,10485664,46.57544904861313
2022-01-04,46.84541320800781,47.235355718900685,45.81807024784499,46.65044567132877,13879247,46.632946391584504
2022-01-05,47.09288024902344,47.91025419375993,46.8754104431833,47.152867687899054,12665636,47.29284829532222
2022-01-06,44.73073196411133,47.02538229270736,44.54325776119045,47.02538229270736,19208592,45.43312400600305
2022-01-07,44.09333419799805,45.14317575405283,44.04834082907709,44.760730258840894,14125831,44.428283593709324
2022-01-10,44.228309631347656,44.6257529076213,43.86836640651676,44.01834429968276,10331414,44.24080964849524
2022-01-11,43.43342971801758,44.468273443074764,43.41843192897664,44.130825049037405,8712126,43.77337836335633
2022-01-12,44.243309020996094,44.34079278750257,43.418430648079514,43.643397477056766,11488738,44.000844152192734
2022-01-13,43.860862731933594,44.88820937232951,43.79337454388644,44.35578974642593,9134616,44.18081554938319
2022-01-14,43.21596145629883,44.23580734086943,43.11847769183398,43.60590395169271,11314239,43.52341549633408
2022-01-17,43.82337188720703,44.09333208781324,42.833521537085026,43.478422741988,15316980,43.5834085040351
2022-01-18,44.88071060180664,45.14317376835111,43.530917031086084,43.943354368669304,25719978,44.51826713374794
2022-01-19,44.933204650878906,45.180666309280234,44.31829530365548,44.47577394708421,12035592,44.81072208793821
2022-01-20,45.14316940307617,45.43562440053452,44.61824683951384,45.22565537510958,11015166,45.065680214374844
2022-01-21,45.33064270019531,46.61294803544579,45.143172203818516,45.218161146122696,16177192,45.69558764648654
2022-01-24,45.91555404663086,46.268000226172504,45.48062188757549,45.58560640980857,10399738,45.88805872012628
2022-01-25,43.98085021972656,45.96805182781014,43.94335760389842,45.74308497653824,13196016,44.63075321714504
2022-01-26,44.535762786865234,45.255652900580635,43.793374131501146,44.0858291415636,9772261,44.528263272982336
2022-01-27,44.84321212768555,46.867905937904254,44.25080139976363,44.61824532237971,29512899,45.32063982178448
2022-01-28,43.92084884643555,46.34298208498977,43.87585548664351,45.04567912246963,18022240,44.71322880602295
2022-02-07,43.725887298583984,44.84321697421035,43.343441828847,44.49077080052331,12704827,43.970848700547116
2022-02-08,43.53841018676758,43.7183836384987,41.25125686793566,43.5684057620561,19344330,42.83601689773398
2022-02-09,44.30329513549805,44.655745016436,43.05098540301957,43.853365209727784,11194648,44.00334185165121
2022-02-10,42.346092224121094,44.24330680881692,42.188617311094475,44.07833114248244,17407737,42.926005448010834
2022-02-11,40.261409759521484,42.57855883535506,40.08143629367667,42.188620044791996,23094368,40.97380162951774
2022-02-14,39.15907669067383,40.28390338109883,38.919112076709126,39.78148304876113,17212765,39.454030716160595
2022-02-15,41.08628463745117,41.20626694863224,39.29405816110252,39.36154635175817,13120927,40.52886991572864
2022-02-16,40.71883773803711,41.43123080001531,40.54636503751204,41.22876252385395,6876317,40.89881119185482
2022-02-17,40.313899993896484,40.78632843681779,40.17891990752368,40.538863085750805,8894034,40.42638277941265
2022-02-18,40.11143112182617,40.49387287021671,39.65400043073482,40.253911972341385,12846068,40.08643480759257
2022-02-21,39.908958435058594,40.49386840485823,39.63150123704509,40.118927451467094,15584242,40.011442692320635
2022-02-22,38.83662796020508,39.61650927417716,38.469180268088316,39.61650927417716,19862092,38.97410583415685
2022-02-23,39.743988037109375,39.8564733130211,38.43168708910005,38.9041155791341,23065234,39.34404947974351
2022-02-24,38.29670715332031,39.46653097145573,37.49432730470016,39.406539815717124,22965595,38.41918847649207
2022-02-25,39.19656753540039,39.21906607632907,38.46917669149135,38.49167523242003,15890352,38.96160343440693
2022-02-28,39.174076080322266,39.65400160910179,38.61915788784612,39.45903407105326,9018007,39.14907852575673
2022-03-01,39.11408233642578,39.36154397893535,38.88161848190973,39.17407348839988,8098360,39.119081599090286
2022-03-02,38.551666259765625,39.14407701250699,38.49167510917069,38.84412125953235,9099850,38.7291394604811
2022-03-03,38.41668701171875,38.86661693226084,38.01924748971249,38.649150865978285,11080544,38.434183811230696
2022-03-04,37.71929168701172,38.3641965692837,37.494324867614516,38.05674005672394,15966993,37.85927104130331
2022-03-07,36.99940490722656,37.62181130408369,36.36200072106242,37.62181130408369,16037634,36.99440564412422
2022-03-08,36.59446716308594,37.86177858904797,36.114541590361746,37.06689570001444,17072506,36.85692911416522
2022-03-09,35.99455642700195,37.029400161349685,33.96986232583324,36.93941342629619,23029375,35.664606304728295
2022-03-10,35.012203216552734,37.014402500270876,34.94471502441279,36.58696736667127,20232462,35.657106913745466
2022-03-11,35.567115783691406,35.64960175199202,33.9548592752896,34.49477960194892,18967951,35.05719227032434
2022-03-14,34.029850006103516,35.49212872318769,34.029850006103516,35.207170757962444,20776745,34.517276245131576
2022-03-15,32.920021057128906,34.8697262275115,32.62756602532502,33.8948736423202,24076052,33.472437769988474
2022-03-16,33.75239562988281,33.88737573001444,31.990161011871027,33.58741995194416,24082279,33.209977457256095
2022-03-17,34.95970916748047,35.672102222102524,34.374799167379805,34.71974456486806,24424403,35.0022035189876
2022-03-18,34.71974563598633,35.20717189069654,34.2398201347227,34.92971466974982,13032692,34.72224588713519
2022-03-21,34.71974563598633,35.4696350422845,34.34480465160444,34.97470803412771,10874224,34.84472844329176
2022-03-22,35.192176818847656,35.51463114782783,34.37480288104516,34.71974831579943,12257060,35.02720361590688
2022-03-23,34.989707946777344,35.53712538722979,34.877226388386504,35.20717402842443,9180931,35.134686574131216
2022-03-24,34.794734954833984,35.09469072061376,34.50227994258232,34.78723792007311,5577271,34.79723520601002
2022-03-25,34.284812927246094,35.34965214766129,34.23981956361867,35.019700814393524,9015138,34.62476154617535
2022-03-28,33.692405700683594,34.04485189336163,33.18248085940269,33.74489610437286,11966364,33.63991281781597
2022-03-29,33.407447814941406,34.08234462369754,33.354957411073336,33.96236602646087,7645051,33.61491661657076
2022-03-30,34.98221206665039,35.09469362875503,33.647412517088696,33.744896289661554,12813297,34.574772737498044
2022-03-31,33.33995819091797,34.98221049260337,33.06999799149279,34.98221049260337,26794526,33.797388891671375
2022-04-01,32.2601203918457,33.459936036083924,32.162632907068016,33.069997253275055,33424730,32.627563111665886
2022-04-06,31.90767478942871,32.80753839802308,31.735198358967363,32.2826157903954,19870619,32.150137182139716
2022-04-07,31.532732009887695,32.35010968981709,31.502736430463358,32.09514726471022,17761528,31.795192710056046
2022-04-08,31.112794876098633,31.780192780619306,30.87283024750064,31.14279045467338,12931820,31.255272634739526
2022-04-11,29.733001708984375,31.082797069963235,29.65051387381534,31.000309234794198,20544024,30.155437550920983
2022-04-12,29.995460510253906,30.04045387394196,28.983113546039856,29.785493339093232,21804048,29.673009310078573
2022-04-13,29.185585021972656,29.875479578081826,29.05810381900635,29.703006868746364,17119618,29.37305613968694
2022-04-14,29.485538482666016,29.583024106970665,29.028107797235528,29.40305064671593,20035329,29.36555679562407
2022-04-15,28.72065544128418,29.320565125397543,28.570677555409922,29.17058723952329,17824574,28.87063270736388
2022-04-18,29.043106079101562,29.17058728228154,28.240728107265483,28.645666540335874,13687118,28.81814048954953
2022-04-19,28.608171463012695,29.29806786505279,28.34571202728947,29.22307892359369,16331207,28.75065045178498
2022-04-20,28.180736541748047,28.930624101896047,28.13574317657615,28.72065506442719,15027515,28.41570127340675
2022-04-21,27.22838020324707,28.323215017113963,27.025910063650358,27.535833000288115,23436845,27.525835094670466
2022-04-22,26.605974197387695,27.258376129527008,26.15604240744516,27.055905987330235,28232097,26.67346424478662
2022-04-25,25.136198043823242,26.29852298956219,25.136198043823242,26.088553940490062,35123790,25.52363969240289
2022-04-26,24.026363372802734,25.398657254092587,24.018864478813352,25.12119817648543,27593958,24.481295035236226
2022-04-27,26.246028900146484,26.426002358250674,23.883886559447006,24.026363687729216,44051854,25.51863927261472
2022-04-28,25.961074829101562,26.980920786589373,25.68361572600269,25.781101356821214,33348387,26.208537113897876
2022-04-29,28.555679321289062,28.555679321289062,25.4811438651385,26.096051328245338,44870595,27.530834169238876
2022-05-05,27.430849075317383,28.19573442646924,27.108398483200762,28.120745484259878,42538128,27.578327328329127
2022-05-06,27.20588493347168,28.023260709584797,26.470996996291458,26.920926944430768,24095320,27.233380879782644
2022-05-09,27.273372650146484,27.813291144858347,26.995913579291905,27.145891455429513,14859503,27.36085912476558
2022-05-10,27.70830726623535,28.000762272018992,26.853435212053213,27.010911985604793,24008784,27.520834916769186
2022-05-11,28.435699462890625,29.10309924270028,27.595826961549598,27.670815909773584,28137014,28.378208555713503
2022-05-12,28.240726470947266,28.57817483572295,28.05325412419213,28.360706913486997,10354991,28.290718476954115
2022-05-13,28.158239364624023,28.668162301566216,27.895778072397512,28.405701009339705,9593019,28.24072657952925
2022-05-16,28.038259506225586,28.69816038202304,27.79829673463436,28.330716400226354,9888203,28.178238874294326
2022-05-17,28.000764846801758,28.21073389751136,27.6333208674437,27.925775900119756,8415585,27.94827320391894
2022-05-18,27.94076919555664,28.285718294813393,27.84328543993275,28.16573599941974,10116277,28.02325764343426
2022-05-19,27.550830841064453,27.67831204031345,27.12339573826025,27.37835813675824,9144577,27.45084620654605
2022-05-20,27.81329345703125,28.143242952579797,27.423352806040477,27.535834363110958,15952082,27.793296405217177
2022-05-23,27.60332489013672,28.120746755386417,27.265876494324733,27.985766653308133,12205455,27.663316046615957
2022-05-24,26.096052169799805,27.670814419542126,26.096052169799805,27.670814419542126,15776610,26.62097291971391
2022-05-25,26.253528594970703,26.49349321309525,25.811095689687235,25.856087196201923,14067155,26.18603916591773
2022-05-26,27.13839340209961,27.288371282882043,25.53363565587838,26.396006610993766,18433434,26.653466780286678
2022-05-27,27.108400344848633,27.888283538000223,27.010914713281714,27.633321116979047,14130704,27.335866198710193
2022-05-30,28.045757293701172,28.188236287717523,26.7109596647517,27.220882626058106,18853698,27.648317748723468
2022-05-31,30.070451736450195,30.325414150071186,27.805793029469186,28.068254337608444,39484159,29.400552971996856
2022-06-01,29.545528411865234,30.242921822688576,29.283068985919048,29.9579657151427,25843649,29.690506406824284
2022-06-02,30.20543098449707,30.505384897370448,29.005611614236226,29.538031250608814,29706417,29.905475832034583
2022-06-06,31.64521026611328,31.870177088284592,29.920472067000976,30.145438889172286,34894512,31.145286473799615
2022-06-07,32.43259048461914,33.17497909720513,30.895322863236853,31.645208510095603,31746637,32.167630815020374
2022-06-08,32.12514114379883,32.61256742426176,31.420248783403398,32.41759616832311,17468939,32.052652450488
2022-06-09,31.037803649902344,32.72504738326716,30.932819132601946,32.12513957460353,22738426,31.565223388590482
2022-06-10,32.170135498046875,32.425097917485274,30.44539529764425,30.737852190529477,22888814,31.6802095710588
2022-06-13,31.51022720336914,32.12513645935662,31.36775008880425,31.83268147747771,13464109,31.667704583843335
2022-06-14,31.630207061767578,31.742692312975418,30.250418226252865,30.745343290897615,18355810,31.20777253366529
2022-06-15,32.8900260925293,34.71974898273536,31.64521327684999,31.64521327684999,45683856,33.08499611737155
2022-06-16,31.315263748168945,33.1599843173838,31.17278475577772,33.1599843173838,33443803,31.882677607110157
2022-06-17,32.08015060424805,32.09514839448815,30.752849886766548,30.895328894047537,22849937,31.642716295167578
2022-06-20,32.087646484375,32.77004405633991,31.667712091543386,32.15513839740867,21035751,32.175134210752766
2022-06-21,33.89487075805664,34.23231912902059,31.750194509382226,32.24512151389194,35741195,33.29246146548649
2022-06-22,32.37260055541992,33.7823888971611,32.320110157231376,33.67740438201686,25182427,32.8250332032708
2022-06-23,33.75239562988281,34.157332211510294,32.02015658967805,32.32011236774833,31685260,33.30996147702372
2022-06-24,33.932369232177734,34.23232129267798,33.21997611580076,33.819883955568656,21295480,33.79488888021883
2022-06-27,34.26231384277344,35.229669286040725,33.85737729531459,34.04484778140602,24507537,34.449786808042916
2022-06-28,34.269813537597656,34.49478034521981,33.28746033703107,34.24731499745196,14258808,34.01735140661618
2022-06-29,33.19747543334961,34.46478665969181,32.980009366780244,34.28481320373076,25277402,33.547423819940555
2022-06-30,32.650054931640625,33.51992655288239,32.37259773942106,33.197472282176605,21616253,32.847526407981356
2022-07-01,32.245121002197266,32.972508131252795,32.04264900781817,32.77003985564081,11618665,32.42009271375608
2022-07-04,34.50978088378906,34.86972408591508,32.38010237270501,32.59007140989276,31762303,33.91986911413638
2022-07-05,33.8123893737793,34.907224328776216,33.27246893192278,34.34480906122619,16606817,33.997360878159434
2022-07-06,33.37744903564453,34.45728605737795,32.8900227829966,33.81238488945728,16259824,33.57491929200636
2022-07-07,32.69505310058594,33.62491228612955,32.45509219888595,33.354955806871146,13885734,32.925019195200484
2022-07-08,32.770042419433594,33.362453223606984,32.69505347467953,32.85253211804677,10085914,32.94251637257337
2022-07-11,31.36025619506836,32.66505633382224,31.12779047745377,32.54507774672388,21009732,31.71770100211479
2022-07-12,30.505386352539062,31.682709096041304,30.37040810796832,31.367755520147487,17291367,30.852834518849562
2022-07-13,30.640365600585938,31.105295197391435,30.505385500401978,30.692857861768587,10308209,30.75034876612645
2022-07-14,31.225276947021484,31.697705429784143,30.520382740345557,30.640365049462083,12611202,31.14778837238373
2022-07-15,29.028108596801758,30.85783324830629,28.690660208912895,30.48288852911457,40504575,29.52553401800698
2022-07-18,30.9028263092041,31.112793490492727,29.020609415614228,29.028108309923955,25524346,30.345409738437017
2022-07-19,30.56537628173828,31.11279371084146,30.280420155334276,30.805340901348956,10961783,30.652863382638003
2022-07-20,31.045303344726562,31.255272384742952,30.33291024691175,30.895325459000567,12786368,30.877828658793756
2022-07-21,30.752845764160156,31.495236281523344,30.74534872942899,30.91032254057053,12887911,30.99781025837083
2022-07-22,30.872827529907227,31.262768157670532,30.392902033724372,30.895324211858007,15136202,30.842832573767378
2022-07-25,30.9028263092041,31.075299018944104,30.242923609948342,31.030305653085758,10930778,30.740349646032183
2022-07-26,31.570222854614258,31.75019258110236,30.82783239293718,30.865326860698648,14818645,31.382749276217933
2022-07-27,31.960166931152344,32.185133775243024,31.38275389070339,31.48024138252647,13138547,31.842684865699585
2022-07-28,32.03515625,32.6725604562513,31.75769899846029,32.132640024183914,15163593,32.1551385682372
2022-07-29,31.840179443359375,32.522576900227165,31.73519493316687,32.03515067657403,13460367,32.03265042558447
2022-08-01,31.68270492553711,31.7951864713091,30.970311885602467,31.72019753453877,11805853,31.482734427482892
2022-08-02,30.81283950805664,31.405250297806333,30.092947515328884,31.405250297806333,13239473,30.77034577373062
2022-08-03,30.820335388183594,31.48023806122703,30.707853837389326,31.04530220853931,11477216,31.002809095599986
2022-08-04,31.060300827026367,31.82518431791942,30.857832542676388,31.247771322951632,8764973,31.247772562540728
2022-08-05,33.34745407104492,33.59491571923067,31.19528074152639,31.300265259889155,24331417,32.712550177267325
2022-08-08,32.93501663208008,33.57242077473747,32.68755498478895,33.44494143371289,10880545,33.064997463868835
2022-08-09,32.28261947631836,32.890028132255765,31.89268064204038,32.62756865785885,10437120,32.3551094168715
2022-08-10,31.435245513916016,32.28261498112173,31.150287534061576,32.245122369471886,11323787,31.622716009699776
2022-08-11,32.74004364013672,32.92001708994826,31.487733963348642,31.630211085065927,14022651,32.38259823114454
2022-08-12,32.485084533691406,32.9425189575439,32.18513247247929,32.620064634682194,7527165,32.53757865457153
2022-08-15,31.952669143676758,32.69505413355144,31.75019712937686,32.635066695306726,8564290,32.13264013553502
2022-08-16,30.79783821105957,32.192626896692424,30.535378784247303,32.177629108909805,23786876,31.1752812973331
2022-08-17,31.08279800415039,31.292765186053032,30.54287947165498,30.820336702542505,15420103,30.97281422061947
2022-08-18,30.589326858520508,31.723711620825238,30.51109336231902,31.57702591383534,9005137,30.94137728055492
2022-08-19,30.530649185180664,31.35210366214412,30.21771521218522,30.335066384675315,8623483,30.70015601983667
2022-08-22,30.481754302978516,31.09784283626586,30.22749498067836,30.315507894752784,12060176,30.602364039974248
2022-08-23,30.638221740722656,31.176076787748652,30.33506717959348,30.50131359025793,8526808,30.7164552360216
2022-08-24,29.640743255615234,31.029389195107143,29.39626334982605,30.745793474313192,10129601,30.022131933516146
2022-08-25,29.797210693359375,29.97323652660713,29.102888645808438,29.72875661714829,7512719,29.624445288591648
2022-08-26,31.723709106445312,32.3495807569188,29.826546507617458,29.983013487619065,32244549,31.299945456993857
2022-08-29,31.977975845336914,32.5940663183854,31.000056117531305,31.283651868673328,18550430,31.857366093751207
2022-08-30,32.59406280517578,32.828761425489795,31.792165282778853,31.880178198013436,15707202,32.40499650448148
2022-08-31,32.897212982177734,33.40573159455159,32.27134506863053,32.32024029991384,16978484,32.85809654845328
2022-09-01,33.738224029541016,34.50100007472034,32.47670693138523,33.004784376724906,18972069,33.57197701188219
2022-09-02,33.6110954284668,33.982705919018535,33.25904377746696,33.73822602032056,9198115,33.617615041650765
2022-09-05,32.9852294921875,33.70889167778185,32.64295910536631,33.44485292346232,13408324,33.112360091778555
2022-09-06,32.916770935058594,33.229704883411756,32.623395824785874,33.219927329605,7777872,32.923290547752075
2022-09-07,32.84832000732422,32.9461104766083,32.427814274561584,32.80920232742368,9641033,32.74074825283137
2022-09-08,33.2394905090332,33.88491732811796,32.662517766937185,32.86787999790337,9848363,33.26230853469611
2022-09-09,34.52056121826172,34.7161458848331,32.760306680053766,33.21014880184088,17459887,33.99900459438286
2022-09-13,35.3517951965332,35.74296080007135,34.236963713758016,34.79438132037923,17231425,35.11057323678752
2022-09-14,35.49848175048828,35.75274294283129,34.716146794177746,34.9899630962696,15800874,35.322457162499106
2022-09-15,34.921512603759766,35.77230545335355,34.647696273573835,35.45936770825401,11962063,35.11383811022905
2022-09-16,33.2394905090332,35.498482510596126,33.13191875077451,35.009522686123816,35226212,33.956630590134615
2022-09-19,32.94611358642578,33.62088057176662,32.68207481787515,33.386178200676845,15299555,33.083022992022514
2022-09-20,32.046424865722656,33.34705595841038,31.753049739816692,32.94610908256323,12891522,32.382176854649906
2022-09-21,32.01708984375,32.613617675442455,31.048947783275338,31.938854483908003,11432438,31.89321843415593
2022-09-22,32.07575988769531,32.408252677630095,31.508568499257724,31.71393070556442,7126897,31.997527021527713
2022-09-23,31.801944732666016,32.62339731729086,31.489010769996273,32.08554230210643,7643189,31.971450939984383
2022-09-26,31.332544326782227,32.564721359647976,31.156518503448954,31.74326876091509,10782840,31.684594729959716
2022-09-27,32.926551818847656,33.1514766142867,31.332545523986987,31.596584269075713,13616596,32.470191319040445
2022-09-28,32.770084381103516,33.21014895023872,32.19311166389675,32.85809729493056,8597484,32.72444833174632
2022-09-29,32.779869079589844,33.88491939482738,32.574506836098195,33.12213948540926,11899406,33.07976510350514
2022-09-30,33.141693115234375,33.97292697509303,32.85809554903082,33.04390265194138,10196081,33.32423854645274
2022-10-10,32.721187591552734,33.52308133254242,32.59406073465303,33.14169330090916,8716235,32.946109886249396
2022-10-11,31.723709106445312,33.10257553348042,31.430333985250684,33.053680301692495,11424966,32.085539541725474
2022-10-12,32.67229461669922,32.77986637263568,30.76535059633039,31.684597433992987,12744774,32.07250386188843
2022-10-13,33.552425384521484,34.22718861714839,32.28112682293911,32.50605163094892,15501954,33.353580274869664
2022-10-14,34.27608108520508,34.69658680981816,33.44485092099813,33.72844849907992,10760969,34.13917293867379
2022-10-17,34.59880065917969,34.88239454217712,34.119618356067356,34.23696767766862,10108570,34.533604519141385
2022-10-18,33.53286361694336,34.93128892826883,33.26882488014059,34.57923727919847,10585995,33.91099247511759
2022-10-19,33.66977310180664,33.972929529556886,33.053682691428484,33.53286495071534,9083424,33.565461774264
2022-10-20,34.17829132080078,34.383653544821634,33.26882577960294,33.464410448870694,13319819,33.94359021507512
2022-10-21,33.5133056640625,34.59879703392271,33.30794344016119,34.43254875947835,10681408,33.8066820460488
2022-10-24,32.96567153930664,34.21741126725305,32.515829381521115,33.249269142006554,19787415,33.23297072936027
2022-10-25,31.332544326782227,33.2394882592479,30.833805115749147,33.2394882592479,23561001,31.801945900593093
2022-10-26,33.229705810546875,33.47418569767314,31.156517412246853,31.273866713536695,22588447,32.62013630682229
2022-10-27,36.55463409423828,36.55463409423828,34.422769161013264,34.422769161013264,36786342,35.84401244982994
2022-10-28,37.601009368896484,38.43223953677156,36.085234734876934,36.55463569525586,62313295,37.37282788018166
2022-10-31,40.75968933105469,41.35622088546055,36.41772763887844,37.16094489538046,54858893,39.51121261846456
2022-11-01,40.994388580322266,42.19723299281536,39.07766702508443,40.71079472636542,37871503,40.75642953274069
2022-11-02,39.89912033081055,41.21931407531205,39.713316943273604,40.730354258193124,32149813,40.277250449798736
2022-11-03,37.825927734375,40.2805041142778,36.975138787456274,39.14611760823051,44675592,38.36052354536969
2022-11-04,39.586185455322266,39.99691363230089,37.64990507076744,37.816149614221864,34787952,39.07766805279687
2022-11-07,38.73539352416992,40.417416324456795,38.31488782409821,38.82340643187021,27034457,39.155899224241644
2022-11-08,39.556846618652344,39.6937547590374,37.94327786590379,38.78428927737433,19129612,39.064626414531176
2022-11-09,38.77451705932617,39.537293220995686,38.62782761417393,39.136346298776125,13642435,38.979879298165265
2022-11-10,39.498172760009766,40.241393758485465,38.43224022755255,38.68650141720324,19006786,39.39060224868259
2022-11-11,40.1924934387207,42.53950193417224,39.41993980196779,41.07262255713182,27604762,40.71731172495358
2022-11-14,40.61300277709961,41.17041669160187,39.60574670887053,41.0530673755139,18902301,40.463055392524005
2022-11-15,42.14833068847656,42.97956453588817,40.0360246309613,40.0360246309613,28324182,41.721306618442014
2022-11-16,41.845184326171875,42.99912985593469,41.34644319645245,42.09944180353277,12416911,42.063585792853004
2022-11-17,42.24612808227539,42.705747764261474,41.28776730795327,41.85495874438309,17461639,42.079881051496706
2022-11-18,42.71552658081055,44.10417056218658,42.246125640748204,42.255903194920165,20773573,43.021940927915104
2022-11-21,41.444236755371094,43.03824313523604,40.87704155482958,42.55906458488511,17547933,41.786507148478904
2022-11-22,41.356224060058594,42.11900021481932,40.68145709503101,41.414896853214024,10927039,41.385560456636306
2022-11-23,41.718048095703125,41.93319159170019,40.98460842894993,41.180193086177525,11977432,41.54528270545108
2022-11-24,40.04581069946289,41.99186872779319,39.87956241793306,41.75717009917953,16568932,40.639080615063044
2022-11-25,39.556846618652344,40.32940395993035,39.14611846703013,40.12403801888573,19986082,39.67745634853761
2022-11-28,39.05811309814453,39.82089303256086,38.62782975523186,39.11678962555125,15120197,39.16894529531242
2022-11-29,39.214576721191406,39.683981438975856,38.44202302795342,39.155903929318924,15346344,39.11352706270689
2022-11-30,39.077667236328125,39.65463996306603,38.60826626498552,39.01899444645237,11896206,39.11352448812656
2022-12-01,39.99691390991211,40.339184284380536,39.058108240502285,39.60574457011907,16327677,39.79806881159831
2022-12-02,39.214576721191406,40.583665732049944,39.155903929318924,39.55685083913976,14936806,39.651382127520094
2022-12-05,39.410160064697266,40.221835142491706,39.01899445373903,39.605744735410035,13553583,39.550329886976
2022-12-06,39.08744812011719,39.771988864751556,38.9211998460865,39.31236918342095,11502788,39.26021227698508
2022-12-07,38.833187103271484,39.45905506139781,38.657161273740044,39.136343527568364,11314589,38.98313447946978
2022-12-08,38.745174407958984,39.01899443904064,38.06062992595581,38.84296860851219,11817332,38.60826625765181
2022-12-09,38.62782287597656,39.116782659216774,37.94327843334685,38.73539462516415,21933329,38.562627989513395
2022-12-12,39.05811309814453,39.60574949587064,38.40290866254107,38.57893451429347,16815965,39.02225708551875
2022-12-13,37.93349838256836,39.410155189364986,37.904158260787284,38.911417884688916,11846846,38.41593727757354
2022-12-14,38.04107666015625,38.42246473463127,37.55211682509238,37.95306374062605,8486964,38.00521940662663
2022-12-15,37.93349838256836,38.334445229219114,37.659678385257145,38.031288840593675,7672092,37.97587399901487
2022-12-16,37.54233169555664,37.865046944281985,37.063153195316545,37.82592926616974,13260211,37.490177278385055
2022-12-19,37.64990234375,37.92371862159147,36.671982802353895,37.52277175883775,6749452,37.41520125589846
2022-12-20,35.9776611328125,37.45431801161972,35.63538705209887,37.1609428927702,16093049,36.355788732177025
2022-12-21,36.04611587524414,36.92624124821001,35.79185469848923,36.2514780892228,8034637,36.25473727398113
2022-12-22,36.838226318359375,37.38586258941429,36.08523157505086,36.310152615716206,11500964,36.76977349427484
2022-12-23,37.64990234375,38.334446768820676,36.642646409861456,36.82844977975859,13833237,37.54233184081071
2022-12-26,38.71583557128906,39.02876953238851,37.64012554631809,37.64012554631809,11884046,38.46157688333189
2022-12-27,38.86252212524414,39.08744316000591,38.246431802786454,38.842963287812665,7988180,38.73213236267883
2022-12-28,38.442020416259766,39.3025869693083,38.25621330670721,38.95053905058872,9761975,38.66694023075843
2022-12-29,39.47861099243164,39.60574157782951,38.04107179780577,38.481132608741376,12667767,39.04180812268897
2022-12-30,39.566627502441406,40.270730832779755,39.31237003896776,39.41994179559915,9306386,39.71657612472964
2023-01-03,40.974830627441406,41.23886562306762,39.22435373804565,39.45905234092829,18878516,40.47934999618489
2023-01-04,41.81584167480469,42.09943926239236,40.456533988014066,41.14107847408291,25784166,41.45727164173704
2023-01-05,41.16063690185547,41.796286146221384,40.77924884742284,41.385557966508884,9920643,41.24539063183323
2023-01-06,41.27798843383789,43.028465540928785,40.77925104283737,41.493131955292135,21846478,41.69523500586802
2023-01-09,41.590919494628906,42.15811465462208,39.99691322871822,40.66189885676052,19154367,41.248649125989736
2023-01-10,42.03098678588867,42.81332177238791,41.19975656219588,41.649598713124504,13794964,42.01468837349082
2023-01-11,41.053062438964844,42.00164560031845,40.77924615752959,42.00164560031845,16814479,41.27798473227096
2023-01-12,41.15085983276367,41.50290776607154,40.48587418573658,40.98461155577323,12788190,41.046547261523926
2023-01-13,41.27798843383789,41.43445543204075,40.69123812319405,41.30732856069733,7900505,41.134560663024224
2023-01-16,43.02846145629883,43.43918588866654,41.27798451537819,41.55180453409048,24010707,42.581877286781186
2023-01-17,43.0186882019043,43.507648040054995,42.59818244265729,42.803544679368386,10852488,43.04150622820553
2023-01-18,44.98429870605469,45.688401966507584,42.950224278287195,43.0284596318784,23782633,44.540974983616486
2023-01-19,45.365692138671875,45.73730265161206,44.53446192520645,44.98430407060027,15864651,45.21248557183012
2023-01-20,45.18966293334961,45.93288390381746,44.73982082149478,45.22878061189363,11401406,45.28745588622062
2023-01-30,45.26789855957031,47.28241052049154,44.98430098414078,45.96222057075254,18207766,45.84487002140088
2023-01-31,46.177364349365234,46.597870072557264,45.06253661084393,45.65906442864762,19731935,45.94592367758881
2023-02-01,46.72499465942383,47.03792861534008,45.923100931080064,46.167580817293825,19359797,46.56200806861466
2023-02-02,46.177364349365234,49.287148951802145,45.32657161799502,48.70039495805022,52317795,46.93036163972081
2023-02-03,46.7836799621582,47.15529050353107,45.85465547395988,46.37295173633183,25294797,46.597875313216385
2023-02-06,46.32404708862305,46.94013743701461,45.805750931505436,46.59786709372316,15182187,46.35664515238103
2023-02-07,45.62972640991211,46.255594329922154,44.88650918751694,46.07956851111094,21300850,45.590609975783735
2023-02-08,46.74455642700195,46.940141094321746,45.42436645091106,45.86443101976377,14076523,46.36968799074492
2023-02-09,46.23603820800781,46.73477930076865,45.37547163265943,46.73477930076865,19844570,46.11542971381197
2023-02-10,45.37546920776367,46.0306735242394,44.80827407069476,46.020895970016554,19393361,45.40480560089927
2023-02-13,45.33634948730469,46.20669726214013,45.16032367548775,45.16032367548775,20455657,45.567790141644196
2023-02-14,45.33634948730469,45.73729634078395,44.90606251154466,45.42436239321316,13279038,45.32656944654443
2023-02-15,45.28746032714844,45.83509294356078,45.13099333239243,45.27767904158827,9924544,45.41784886770055
2023-02-16,44.42688751220703,45.473261180723945,44.006381787797366,45.28745780058811,19210141,44.63551016024278
2023-02-17,42.99912643432617,44.54423747788349,42.96000875462415,44.20196710665894,20040879,43.50112422227793
2023-02-20,43.77167892456055,43.95748603296064,43.07735691545274,43.51742147420669,10899062,43.602173957657975
2023-02-21,44.29975891113281,45.05275748099782,43.3316205573545,43.7912402510759,20758499,44.228045649828374
2023-02-22,43.566314697265625,43.996601681735946,42.969783181862304,43.88902993561836,17176319,43.51089985362129
2023-02-23,43.22404861450195,43.81079890333413,42.81332042794554,43.38051560688836,9382717,43.282722648593875
2023-02-24,43.527198791503906,44.10417149195639,43.12625191359402,43.12625191359402,14965107,43.58587406568478
2023-02-27,43.34139633178711,44.97452400205594,42.93067189080726,42.940449445392254,16218491,43.748864074883436
2023-02-28,43.41963195800781,44.29975736430492,42.911113315707,43.52719998097479,17130776,43.54350087933991
2023-03-01,44.28019714355469,44.37799133929367,43.13603303191199,43.419630603854365,15627974,43.931407171586784
2023-03-02,44.36820983886719,45.09187196195036,43.68366539388951,44.02593948161191,11873465,44.381249064902356
2023-03-03,44.485565185546875,44.73004509071362,43.86947477999583,44.34865330506096,10387001,44.36169501875211
2023-03-06,45.18966293334961,45.52215574003951,44.28019742477037,44.886510250801294,13662226,44.997338699386496
2023-03-07,43.10669708251953,45.10165020007471,43.02846172512234,45.10165020007471,18214190,43.74560300257219
2023-03-08,43.781463623046875,43.947708174611826,43.03824259243279,43.11647795585215,11687205,43.5891381300305
2023-03-09,44.58335494995117,44.77893961708315,42.79376028182436,43.46852719690632,14539596,44.05201828295289
2023-03-10,44.270423889160156,44.82783780237854,44.1041756054899,44.417109601315396,9241096,44.40081243234287
2023-03-13,45.95244598388672,46.529418726467064,43.51742441456495,44.10417471223729,23114373,45.33309637497291
2023-03-14,45.43414306640625,46.03067461069056,45.05275502477325,45.952442983660106,10344606,45.505857567290015
2023-03-15,45.07231903076172,46.54897613335966,44.92562958387233,45.766641121040635,11350527,45.515641582664564
2023-03-16,44.16284942626953,45.072314961757485,43.937928363687284,44.69092691083684,11281600,44.391030917238105
2023-03-17,46.206703186035156,46.93036536411099,44.65181080261972,44.65181080261972,23045718,45.92962645092195
2023-03-20,44.19218826293945,46.69566394516695,44.08462023351708,46.01111943443227,17716904,44.99082414720783
2023-03-21,44.319313049316406,45.091870377654196,43.81079444321306,44.57357421760157,13740151,44.40732595672788
2023-03-22,43.908592224121094,44.6713683303918,43.5956582456271,44.6713683303918,17000495,44.058539600046664
2023-03-23,44.91585159301758,45.00386451420476,42.549284006910916,43.615216616636744,24331595,44.15633337137775
2023-03-24,46.3533935546875,46.451184028877094,44.33887770436159,44.857173932407896,29597020,45.7144850959754
2023-03-27,49.482730865478516,50.98872796298048,46.15780642359954,46.15780642359954,66468546,48.87642175068618
2023-03-28,47.91806411743164,49.0133331098706,47.331313804099075,48.76885319090412,28805528,48.087570343800444
2023-03-29,47.849609375,49.03289127107634,47.184623706195495,48.514595043804505,22249146,48.02237478409061
2023-03-30,47.31175231933594,47.996296800286025,46.636985393192475,47.526892099287394,15661507,47.315011504271475
2023-03-31,52.044883728027344,52.044883728027344,46.45118226941367,47.1455043090759,52244804,50.18031657515612
2023-04-03,56.298831939697266,56.89536350174942,52.690309903149824,52.80765921242437,83971770,55.2948351148655
2023-04-04,55.94678497314453,57.79505260370169,54.460346585966406,57.423445804757854,59337113,56.067394720937536
2023-04-06,51.64393615722656,53.981163437762845,50.450873034422024,53.5997753851856,63675448,52.02532420980381
2023-04-07,52.025325775146484,53.189048807828094,50.47043339291662,51.53636595344486,34659967,51.894935991963735
2023-04-10,47.91806411743164,52.27958497648158,47.683361753818104,52.02532750216214,58294151,49.293670282577104
2023-04-11,48.09408950805664,48.83730681336324,47.350868472282556,47.918063669608436,36534702,48.09408826456748
2023-04-12,49.482730865478516,50.39219640290066,48.113645647222675,48.23099495610923,39781841,49.329524305200614
2023-04-13,49.746768951416016,52.1231138751758,49.48273021205746,49.87389954380359,49412155,50.45087101288309
2023-04-14,49.38493728637695,50.08904055628861,48.44613541347277,49.56096310385487,20685995,49.306704418712776
2023-04-17,48.98399353027344,49.86412267354738,48.172318461424446,49.27736866787566,21281122,49.006811555081754
2023-04-18,48.905757904052734,50.01080810447974,48.43635694035468,48.895980349388445,22315785,49.11764098296239
2023-04-19,49.98147201538086,51.252766766138464,48.67105958479261,48.89598064811788,33200166,49.96843278877065
2023-04-20,48.954654693603516,51.712387564338975,47.14550126278081,50.245508219034285,50760333,49.270847840241096
2023-04-21,48.07453155517578,50.31396852866259,47.820274078535476,48.964438319118166,29741949,48.73625805412462
2023-04-24,46.39250564575195,48.2114367442924,45.86443188364934,47.800712292605105,26110638,46.822791424564564
2023-04-25,45.668846130371094,47.11616669275209,45.248340403341864,46.206701165034666,28575174,46.011117742155015
2023-04-26,44.593135833740234,46.50007995232404,44.39755488247422,46.06001535104047,23463902,45.16359022284616
2023-04-27,44.974525451660156,45.355913510710565,43.56631879612961,44.11395513222119,21826781,44.63225258616677
2023-04-28,48.30923080444336,48.52437058450082,45.571052879293845,45.571052879293845,41186209,47.46821808941268
2023-05-04,45.766639709472656,48.514595319110626,45.11143532263488,48.514595319110626,31288706,46.46422345040605
2023-05-05,46.177364349365234,46.98903567125802,45.17010463242128,45.434143370039564,21217266,46.11216821768151
2023-05-08,45.825313568115234,46.42184512769714,44.71048580845534,46.17736522494831,24445974,45.65254816808923
2023-05-09,45.414581298828125,47.31174756068279,45.101647349949054,45.47325781316805,21408839,45.942658736486656
2023-05-10,45.22877883911133,46.15780315054864,44.87672720694839,44.98429895349451,13871457,45.42110306553612
2023-05-11,44.29975891113281,45.541717300614,44.28020007069208,45.23856086948371,15947259,44.707225427479635
2023-05-12,43.89881134033203,44.426888832794816,43.76190318979738,44.01616065072354,12379715,44.02920112097474
2023-05-15,43.16537094116211,43.918369487691955,42.050543183860114,43.898810647857346,26399667,43.04476120423806
2023-05-16,41.5126838684082,43.4098463713127,41.22908631572345,43.321833466357674,32504309,42.050538851814785
2023-05-17,41.62025833129883,42.38303440378285,41.268206688470165,41.37577843827527,16991825,41.757166474517284
2023-05-18,42.11899948120117,42.90133446354304,41.74738896566349,41.93319608866606,17707589,42.25590763680257
2023-05-19,41.83539962768555,42.17767372869386,41.19975412089968,42.05054313514979,14979007,41.73760915909303
2023-05-22,42.00164794921875,42.138556097592826,41.141077648838085,41.69849152748526,14916332,41.76042723188322
2023-05-23,41.56158447265625,42.2950241986443,41.36599979963263,41.99186776893433,9284448,41.74086949031106
2023-05-24,41.13129806518555,41.58114016778643,40.87703689034708,41.473568419236855,10926278,41.19649170777302
2023-05-25,40.66189956665039,41.3562216011357,40.06536800192146,41.03350633609849,16289952,40.69449638990252
2023-05-26,41.19975662231445,41.38556001610806,40.29029103341091,40.671679106731595,10593249,40.95853589061114
2023-05-29,41.40511703491211,41.933194527254834,40.994388852934215,41.63981938610909,12771028,41.444233471700386
2023-05-30,41.365997314453125,41.52246429737835,40.23161075562845,41.40511499280122,23835525,41.04002412248664
2023-05-31,41.54202651977539,41.73761119697731,40.9943901697035,41.160638450988735,11879642,41.424675962152065
2023-06-01,42.96001052856445,43.56631966711299,40.88682191482377,41.17041577820569,31239856,42.4710507035004
2023-06-02,42.774208068847656,43.1262560169623,42.18745402772159,42.911116225970154,20117573,42.69597270451052
2023-06-05,42.64707946777344,43.263169934195375,42.35370429868079,42.89155939709526,12442469,42.75465123354987
2023-06-06,41.58114242553711,42.735087868233656,41.32688123689291,42.53950319938441,12937665,41.881037176887894
2023-06-07,42.04076385498047,42.62751410338783,41.268206501219325,41.454009876106,10021362,41.97882815319588
2023-06-08,41.346439361572266,42.05054266506235,40.80858432939166,41.93319335796974,14976511,41.40185545200876
2023-06-09,40.87704086303711,41.82562412283589,40.19249635793904,41.60070304967619,21912860,40.96505378127068
2023-06-12,39.81110763549805,41.03350718508077,39.58618656603091,40.808586115613636,25186534,40.143600462203246
2023-06-13,41.698486328125,42.030979102918245,39.165674707617654,40.04580373809001,27707392,40.965046712886966
2023-06-14,42.93067169189453,43.61521242368923,41.8647391846421,41.8647391846421,26711801,42.803541100075286
2023-06-15,42.75464630126953,43.126253065032515,42.07987938668475,42.93067212851189,17984100,42.653592917662266
2023-06-16,43.654335021972656,43.93793263165464,42.11900138399451,42.68619660335847,22692179,43.237089679207266
2023-06-19,45.302032470703125,45.74338232523064,43.889716677577795,44.32125667902541,42481937,44.97837715783718
2023-06-20,49.833221435546875,49.833221435546875,45.7826161965433,46.106270276015046,81173649,48.48301968921235
2023-06-21,48.45032501220703,50.09802862136042,48.29340103711446,48.75436310943239,56965636,48.94725155689397
2023-06-26,44.36048889160156,47.73435628960471,44.0074090057272,47.567626199810014,48889899,45.36741806231115
2023-06-27,44.017215728759766,45.262801352524875,43.40913208350082,44.24279369728002,37718794,44.22971638826183
2023-06-28,43.546443939208984,44.91952771735837,42.065470490703134,44.91952771735837,37254156,43.510480715756835
2023-06-29,44.429141998291016,45.27260976604911,42.76182242729976,44.19375790671736,36922573,44.154524730546626
2023-06-30,43.438560485839844,44.2820282609222,42.92855662785138,43.98779253185611,25004356,43.54971512487114
2023-07-03,43.6151008605957,44.42914282605151,42.2518231022974,43.8995229980994,27261623,43.43202226298154
2023-07-04,43.30125045776367,43.742596548083576,43.02663070618208,43.29144060519154,21007805,43.35682590400978
2023-07-05,42.17335891723633,43.64452260039574,42.153742952497346,43.29144271781944,19901605,42.65720815670981
2023-07-06,41.53585433959961,42.17336011698285,41.310276350728124,41.69277832061294,21808205,41.67316360243686
2023-07-07,40.770851135253906,41.50643301102784,40.22161532111873,41.35931513932789,21949546,40.83296648913349
2023-07-10,39.63315200805664,41.92816765013987,39.33892000088965,41.63393564297288,43317156,40.300079886362056
2023-07-11,36.504478454589844,39.66257415787514,35.67081673452353,39.66257415787514,93315192,37.279289782329506
2023-07-12,35.76889419555664,37.21063206019147,35.670814371911696,36.77909206024188,42249993,36.216780209219934
2023-07-13,35.955238342285156,36.22004824004363,35.48446643783537,36.17101020150225,38678959,35.88658434005472
2023-07-14,36.97524642944336,37.93640621304079,36.288702657913035,36.671204600824375,49169471,37.06678510013239
2023-07-17,37.58333206176758,37.94621809596039,36.97525205340281,37.26948407413653,33178980,37.501600737043596
2023-07-18,37.024288177490234,37.65198412015942,36.877170304080856,37.36755822696153,25766910,37.1844808672435
2023-07-19,37.01448059082031,37.612750690158734,36.798708716111605,37.37736659171541,20993774,37.14197999903022
2023-07-20,36.07292938232422,37.06351494364693,35.99446927110715,37.01447690646596,25036061,36.376971199026094
2023-07-21,35.74927520751953,36.220047097114026,35.6021573551752,35.79831324451351,15737503,35.85715988660292
2023-07-24,35.93562316894531,36.17101099702846,35.523699146503056,35.759083233223606,14504549,35.87677777082561
2023-07-25,37.651981353759766,38.005061230910115,36.661399468521424,36.89678355904655,47191819,37.439480684397104
2023-07-26,36.93601608276367,37.367556083251316,36.65159020588278,37.279286112542174,22167314,36.985054123965924
2023-07-27,36.26908874511719,36.97524852049655,35.994472717519784,36.91640062542734,26309134,36.412936661044505
2023-07-28,39.12314224243164,39.32910424238936,35.89638927764447,36.08273905591684,66384421,38.116211920821826
2023-07-31,40.32950210571289,40.61392800155964,39.21141822975033,39.7116160109102,60575107,40.05161611234095
2023-08-01,40.0352668762207,40.60411862214356,39.52526302374725,39.76065085618218,24028437,40.05488284070384
2023-08-02,40.12353515625,40.98661885035304,39.73122336583157,39.858725258921936,22743232,40.28045912414487
2023-08-03,40.58450698852539,40.85912303786882,39.62334707446033,39.82930911146789,26734622,40.355659033618174
2023-08-04,40.74142837524414,42.4479762033003,40.70219644459937,41.58489617729245,70392465,41.29720034104793
2023-08-07,40.60411834716797,40.99642641008587,39.897958596008046,40.21180654288742,31518628,40.49950111775396
2023-08-08,40.06468963623047,40.66296346841015,39.91757551213951,40.329499549229475,22044596,40.21507620559337
2023-08-09,39.741031646728516,40.56488338093688,39.682183758084214,40.01564764434385,15611660,39.9960329285832
2023-08-10,40.08430862426758,40.202004422052426,39.132958577699696,39.741038567469325,20621788,39.806423874673236
2023-08-11,38.66218185424805,40.49623537059889,38.632759776255796,40.49623537059889,28326293,39.263725667034244
2023-08-14,38.299293518066406,38.64256728639794,37.514673641164265,37.661791504929596,24138147,38.15217814854287
2023-08-15,38.181602478027344,38.42679642985574,37.642176532277425,38.14237054780773,17911826,38.08352514672017
2023-08-16,37.475440979003906,38.47583270549868,37.23024703843252,37.838330704830646,18648579,37.727173574311706
2023-08-17,37.26947784423828,37.45582388656897,36.82812801623138,37.27928395536621,17998988,37.184476582346214
2023-08-18,36.5142822265625,37.71082988805164,36.48486015008743,37.181210063324045,16575038,36.90332408823386
2023-08-21,36.08274459838867,36.82813260188591,35.67081679383688,36.367170494226464,17136249,36.19389799803715
2023-08-22,36.004276275634766,36.53389606960435,35.20004047354577,36.17101009582335,25040669,35.91273760626163
2023-08-23,34.43503952026367,35.896393391869275,34.39580758967166,35.84735534931067,30021114,34.9090801672682
2023-08-24,34.631195068359375,35.28831306274551,34.180035354012425,34.70965518735703,22920274,34.699847828372434
2023-08-25,33.503299713134766,34.60176751351354,33.24829966248638,34.37618953834235,25334369,33.784455629711566
2023-08-28,34.78812026977539,36.85755789244358,34.69985029445049,36.85755789244358,50990364,35.448509485556485
2023-08-29,34.99407958984375,35.504083436539275,34.238881801930916,34.67042179158284,38758226,34.912348276104645
2023-08-30,35.28831100463867,35.64139087294253,34.87638698585922,35.04311706735683,26422192,35.268696287813476
2023-08-31,35.307926177978516,35.87677789558883,35.062732246187,35.29812006690635,23242413,35.41581210658478
2023-09-01,35.47465896606445,35.99447268530358,35.23927486872386,35.347160805572784,17523662,35.56946884003063
2023-09-04,35.533504486083984,35.70023830680525,34.81753864736919,35.65119652688795,22238408,35.35042714675281
2023-09-05,34.75869369506836,35.43543140497375,34.75869369506836,35.36677739691999,19802837,34.98427293170349
2023-09-06,34.45465087890625,34.62138094958593,34.15060906951337,34.52330487758169,15190231,34.40888029933518
2023-09-07,33.57195281982422,34.49388065998193,33.43464481611589,34.49388065998193,18896151,33.83349276530735
2023-09-08,33.32676315307617,33.6406111278299,32.9344550553155,33.37580119762588,12030572,33.30060977874052
2023-09-11,33.522918701171875,33.88580471645419,33.05214674425789,33.34637874965877,21972470,33.48695672062798
2023-09-12,32.96387481689453,33.44445285761226,32.95406496385629,33.32676081069239,16977716,33.120797546121025
2023-09-13,32.25771713256836,33.022721098917664,31.875215149393707,32.95406708867416,21418558,32.38521779362657
2023-09-14,31.620214462280273,32.46367853485274,31.39463272857515,32.44406631061679,17039142,31.82617524190272
2023-09-15,31.482900619506836,32.071368324437536,31.286746588544588,31.679056521150404,19823102,31.61367184416299
2023-09-18,32.05175018310547,32.46367418135173,31.56136233298618,31.728092406172795,23127231,32.02559556581446
2023-09-19,31.424057006835938,32.218482997139596,31.325979054332286,32.090984839043145,17326858,31.65617301943594
2023-09-20,31.443674087524414,32.198871916721515,31.384826191524684,31.42405812219117,15356496,31.675790731923538
2023-09-21,31.531944274902344,31.796750455291722,31.12001648283347,31.384826404585706,15046834,31.482903737675844
2023-09-22,32.18906021118164,32.29694614362519,31.3161703815749,31.38482438560941,27461934,31.934058912127245
2023-09-25,31.806560516357422,32.345986475435346,31.531944480760565,32.316564397725074,21885749,31.89483049085111
2023-09-26,31.98309898376465,32.44406480047385,31.688866996203277,31.816365154616822,17898849,32.03867692681393
2023-09-27,31.8555965423584,32.13021256056478,31.639824675846157,31.7869425378068,15253972,31.875211259589776
2023-09-28,31.8261775970459,31.963485619655188,31.56136766428669,31.9144475746323,15114088,31.78367696032926
2023-10-09,31.316171646118164,31.767327616951896,31.19847772681989,31.757521505134974,19069952,31.427325663296653
2023-10-10,31.20828628540039,31.99290619293447,31.198478302721036,31.35540228422785,22387042,31.466556927018633
2023-10-11,31.806560516357422,32.257716500941655,31.100400720407922,31.443674506266877,27902117,31.72155924590233
2023-10-12,31.73790740966797,32.4636794504805,31.56136745566211,32.44406722569139,22508246,31.92098477193686
2023-10-13,31.198476791381836,31.49271064546469,30.7865508922109,31.482900792579134,23023835,31.15924610968581
2023-10-16,30.51193618774414,31.16905605828707,30.3942422669042,31.16905605828707,17185351,30.691744837645135
2023-10-17,30.88463020324707,31.110208191831248,30.502128233849426,30.688476162570943,15292730,30.83232220964258
2023-10-18,30.33539581298828,30.659051752370992,29.81558396520577,30.541357833194834,18473975,30.270010510188346
2023-10-19,29.92346954345703,30.61001147326987,29.894045596345098,30.001931531740823,17247241,30.142508871024003
2023-10-20,29.344810485839844,29.99212233054591,29.197694497621423,29.815582396411294,19408841,29.511542438002394
2023-10-23,29.22711753845215,29.717505429169005,28.89365362311018,29.22711753845215,17343950,29.27942553024378
2023-10-24,30.109817504882812,30.335395487646334,28.854423820086996,29.227117797231884,32688334,29.76654560420538
2023-10-25,30.266740798950195,30.933668620495947,30.060776914916914,30.35501076772427,25806330,30.420395444787687
2023-10-26,29.972509384155273,30.394243298006742,29.619431351020356,30.119625387184943,19475612,29.995394677727457
2023-10-27,30.53154945373535,30.659051353741855,29.32519568360131,30.08039348923567,31441137,30.17193216369284
2023-10-30,31.07097625732422,31.384824200015366,30.20789254424227,30.266740436507835,29933427,30.887897667193954
2023-10-31,30.521743774414062,31.25732562574715,30.247125876471078,31.198477730749907,21796383,30.6753984255441
2023-11-01,30.20789337158203,30.845399127150017,30.158855330698962,30.82578316252425,17018107,30.404049276477007
2023-11-02,29.717506408691406,30.619820232178952,29.70770029675343,30.266742211288282,16224519,30.01500897920793
2023-11-03,30.69828224182129,30.89443815296985,29.73712239269243,29.825392365641143,27920408,30.44328092916119
2023-11-06,31.924251556396484,32.13021357656406,31.041553710127168,31.120015699335966,39820198,31.6986729476959
2023-11-07,32.01251983642578,32.14982784261494,31.531941814763712,31.835979902364695,22245724,31.898096497934812
2023-11-08,32.13021469116211,32.60099038410888,31.698674670884277,32.05175456991291,25351949,32.14329324871842
2023-11-09,32.002716064453125,32.24791001953182,31.777138074744265,32.0615602191998,15668884,32.009254719576404
2023-11-10,31.97328758239746,32.198869294678595,31.61040160669036,31.88501761626735,19336887,31.927519494588807
2023-11-13,32.777523040771484,33.41502876065001,32.3655990307792,32.68925681694098,36305130,32.8527169440669
2023-11-14,33.15022277832031,33.42484255876207,32.473488792863364,32.669644709932356,27454035,33.01618470998192
2023-11-15,32.855987548828125,33.67983932657265,32.79713965707403,33.55233743178672,24049048,33.110988844158264
2023-11-16,32.512718200683594,33.12079812916739,32.48329238352158,32.708870361162944,15753323,32.70560290445752
2023-11-17,31.875213623046875,32.767719454837675,31.728095755933854,32.26752544110641,30080536,32.12367627793947
2023-11-20,32.13021469116211,32.46367862453772,31.482902790063914,31.875214620398594,23775974,32.02559870192125
2023-11-21,31.8261775970459,32.40483550758721,31.698675686895978,32.24791151869616,16002672,31.976562930509697
2023-11-22,31.34559440612793,32.03213823052186,31.267132415112748,31.67905833561282,14084251,31.548288350587512
2023-11-23,31.2278995513916,31.365207555670686,30.610009790773216,31.208283587728516,16521114,31.067705632611833
2023-11-24,30.53154945373535,31.237709218248042,30.472703430253077,31.237709218248042,15131781,30.74732070074549
2023-11-27,30.20789337158203,30.59039719905909,30.021547319681293,30.453087317360072,12743175,30.273279296774138
2023-11-28,30.24712562561035,30.43347355019334,29.93327767095355,30.198087584200742,11308551,30.20462561558575
2023-11-29,29.76654624938965,30.38443418745654,29.717506336412022,30.247126172481988,13396144,29.956162257752737
2023-11-30,29.45269775390625,29.913661703431874,29.26634982933999,29.727313778865614,13359883,29.544236428892702
2023-12-01,30.168663024902344,30.325586999047164,29.364427189739807,29.442889176812216,18677952,29.952892404563105
2023-12-04,29.992122650146484,30.266740536246843,29.82539069620721,30.021546596376226,17071708,30.028084627533513
2023-12-05,28.82499885559082,29.913660542816245,28.82499885559082,29.90385256077947,23884797,29.187886084665962
2023-12-06,28.57980728149414,28.932887181307823,28.17768933812031,28.834809223506085,25641271,28.56346126697409
2023-12-07,28.57980728149414,28.805387145642577,28.1482672602568,28.540577220782314,20065763,28.511153895797843
2023-12-08,28.893653869628906,29.16827176421865,28.48172983376633,28.511151910224307,22322371,28.847885155871296
2023-12-11,29.629234313964844,29.805774247108356,28.324802649903773,28.815190521666302,27356704,29.25327040365899
2023-12-12,29.14865493774414,29.65865878232739,28.991730965669497,29.590004778379896,22322928,29.26634822858034
2023-12-13,28.77596092224121,29.580196745410767,28.766152940168254,29.207502780044866,23586296,29.04077020260674
2023-12-14,28.609230041503906,29.295773846913022,28.589614076622187,29.03096393305396,15548213,28.831539321679703
2023-12-15,28.2169189453125,28.795576790929672,28.158071053069833,28.756344862767893,18555582,28.39018892977067
2023-12-18,27.942302703857422,28.619038539004972,27.755954775490128,28.00114872888026,16045350,28.10576533945084
2023-12-19,28.109033584594727,28.256149576827525,27.726531630653188,27.932493645642836,15010100,28.030571597358477
2023-12-20,26.88306427001953,28.06980394937018,26.873256287632014,28.00114807265755,30614280,27.275374835673905
2023-12-21,27.461721420288086,27.589221446639645,26.588831588046947,26.726139596530366,27835169,27.213258151658227
2023-12-22,27.1380672454834,27.58922322860083,26.951719314304643,27.402877168103508,21453115,27.226336596129624
2023-12-25,26.92229652404785,27.4617224670932,26.8046026046605,27.128258544623986,17108537,27.062873865267182
2023-12-26,26.480945587158203,27.03998747246698,26.324021614814733,26.834025460271665,13635263,26.614984891479974
2023-12-27,26.5103702545166,26.677102213501538,26.157290371799945,26.5103702545166,20016895,26.448254279939363
2023-12-28,28.02076530456543,28.324805289602104,26.06902161754177,26.422101516733683,39723891,27.471530737236435
2023-12-29,28.207111358642578,28.491535359076977,27.863839465140657,28.001147474268894,24618692,28.18749539428674
2024-01-02,27.638261795043945,28.63865354016253,27.599029865895133,28.589613628726514,22137055,27.958648400367206
2024-01-03,26.716331481933594,27.62845323817969,26.1965196556102,27.62845323817969,36639075,26.847101458574496
2024-01-04,25.480554580688477,26.529984376904,25.20593855666579,26.490754318049916,48526760,25.738825838086086
2024-01-05,25.343246459960938,25.784596311934635,25.12747646048566,25.470746489041474,24727411,25.418439744127074
2024-01-08,24.539011001586914,25.264784870188336,24.4997790716013,25.10786089160864,27854848,24.76785831445885
2024-01-09,24.50958824157715,24.99016818309653,24.22516421812675,24.63709014952643,21716931,24.57497354760014
2024-01-10,24.21535301208496,24.617470906991038,23.9603511008087,24.421315015030462,19185105,24.2643916732949
2024-01-11,24.539011001586914,24.63708895586957,24.127085090144877,24.127085090144877,23927882,24.43439501586712
2024-01-12,24.313432693481445,24.588048717010007,24.225162722866877,24.401700793414655,18704098,24.375548044452774
2024-01-15,24.127086639404297,24.50958862791851,23.97016265074813,24.176124684353784,17472106,24.202279306023645
2024-01-16,24.19573974609375,24.205547728853293,23.67592788392645,24.019199797784804,20670621,24.025738452957835
2024-01-17,23.440540313720703,24.07804418423327,23.440540313720703,24.0584300907311,20759325,23.653041603891563
2024-01-18,24.038814544677734,24.13689249661978,23.00899885530827,23.244386688241715,31140685,23.728235298868594
2024-01-19,23.69554328918457,24.01919922987126,23.626889282172453,23.92112127527621,17290010,23.780543933742763
2024-01-22,22.753997802734375,23.803427539988917,22.557841907440647,23.587655681029567,26322933,23.038422416721314
2024-01-23,23.440540313720703,23.59746428582591,22.61668852482771,22.753998403430746,26131144,23.218231041458107
2024-01-24,24.029006958007812,24.274200906558914,22.76380528555708,23.823044939151945,35242012,23.689004383374606
2024-01-25,24.205547332763672,24.38208727818379,23.411119449054535,23.832851476725327,41444136,23.999584686667333
2024-01-26,23.823043823242188,24.25458380558751,23.73477385624399,24.019197850486076,26057008,23.93746716169123
2024-01-29,22.27341651916504,23.832850120742766,22.214570497600207,23.832850120742766,57045473,22.773612379169336
2024-01-30,21.547643661499023,22.5186114794203,21.518221584722895,22.10668743910344,30476542,21.86149224188074
2024-01-31,20.635522842407227,21.675144621903012,20.390328902952852,21.498604686186855,44442217,20.90033212242103
2024-02-01,20.625717163085938,21.24360513639471,20.253021285924483,20.566869264156335,36212421,20.70744786180171
2024-02-02,19.664552688598633,21.0082162652402,18.958394834635044,20.723790404884642,44617088,19.877054596157958
2024-02-05,18.928972244262695,19.65474798447662,18.242430304766103,19.546862047559152,48087492,18.94205017783514
2024-02-06,20.24321174621582,20.360905664343726,18.664163993318756,18.830895952769158,48339811,19.756093801292767
2024-02-07,20.498214721679688,20.94937258171038,20.1843667515791,20.243212778302595,46555725,20.543984684989724
2024-02-08,21.331872940063477,21.37110486868488,20.576675150233346,20.674753101105534,46609367,21.0932176529939
2024-02-19,21.841876983642578,22.008608940413946,21.184757138800283,21.81245303691304,44685032,21.678414354285604
2024-02-20,21.645721435546875,21.704567459290814,21.341681463741583,21.626105470738437,27026618,21.563990119526423
2024-02-21,22.204763412475586,22.999193153756007,21.341681535497546,21.478989548255527,47961589,22.181879367243045
2024-02-22,22.72457504272461,22.8128450131435,22.1655331438592,22.24399513193362,35950180,22.567651066575774
2024-02-23,22.81284523010254,22.861883271609916,22.459765345069044,22.753999206157417,32268056,22.711497948927164
2024-02-26,22.82265281677246,23.20515477180486,22.54803492532174,22.783420887701784,31923427,22.85861417129969
2024-02-27,23.911312103271484,23.911312103271484,22.63630436900575,22.665728315124976,51405614,23.486309525182907
2024-02-28,22.852073669433594,24.754779101823043,22.852073669433594,24.04862125248939,65675500,23.48630881356341
2024-02-29,23.950544357299805,24.156506370892803,22.616688712647274,22.616688712647274,48139920,23.574579813613294
2024-03-01,24.744972229003906,24.911704184737005,23.783812423333732,23.930928414702624,63115605,24.480162945691546
2024-03-04,24.313432693481445,25.058820646500138,24.087852840421238,25.009782605350424,46859005,24.486702060134274
2024-03-05,23.862274169921875,24.25458409985054,23.607272247797916,24.136892056212595,39152696,23.908043505856778
2024-03-06,23.64650535583496,23.99958337504486,23.185539528325453,23.685735415444327,34330008,23.610542753068426
2024-03-07,22.803035736083984,23.82304339381861,22.7834197725088,23.764195503093056,36359759,23.136499634137135
2024-03-08,23.55823516845703,23.90150707264421,22.53822743837871,22.80303735338151,37790901,23.33265655982665
2024-03-11,23.783811569213867,23.793619551043747,22.999191729636017,23.293423701807395,35422803,23.52554094996454
2024-03-12,24.029006958007812,24.068238887703046,23.636697014462328,23.78381300945671,36416268,23.911314286724394
2024-03-13,23.97016143798828,24.42131741487834,23.852467517110078,24.05843141097658,42040867,24.0813154566589
2024-03-14,23.64650535583496,23.94073735029011,23.22477145861622,23.94073735029011,38167188,23.604004721580434
2024-03-15,23.617082595825195,23.68573660660526,23.009000740507542,23.519004635847317,31853622,23.437273314312666
2024-03-18,24.499778747558594,24.499778747558594,23.558234888533633,23.577850853266995,50806133,24.185930794550274
2024-03-19,24.16631507873535,24.578240988972038,24.136893002013615,24.47035692319005,31153237,24.293816356573668
2024-03-20,24.480161666870117,24.715549491577303,24.09765972541317,24.1663137281689,39098388,24.43112362795353
2024-03-21,24.94112777709961,25.794401637330818,24.666509891944497,24.695933838072964,75761913,25.13401310212497
2024-03-22,24.391895294189453,24.91170527788128,23.95054543003469,24.862667235500265,53486341,24.41804866736847
2024-03-25,23.4699649810791,24.77439670845637,23.42092506911372,24.68612673760005,41508172,23.888428919549728
2024-03-26,22.979576110839844,23.568041934695202,22.74419015543396,23.342462090585105,32720570,23.097269400323
2024-03-27,21.65553092956543,22.95015476638856,21.596684901713875,22.90111672162585,38917370,22.067456865889287
2024-03-28,22.302841186523438,22.489189109966414,21.488797357606877,21.57706732814927,32955688,22.093609218032242
2024-03-29,22.126300811767578,22.302840749392214,21.773222807199627,22.302840749392214,13431324,22.067454789453137
2024-04-01,22.82265281677246,22.83246079904013,22.273417033871024,22.3126489629417,27231015,22.642843549894536
2024-04-02,22.479381561279297,22.773613554976006,22.34207354697835,22.753999460562582,23176709,22.53168955441122
2024-04-03,21.802642822265625,22.63630252076284,21.773220749229992,22.420532545549914,39972072,22.07072203075282
2024-04-08,20.959178924560547,21.64572083776348,20.94937094242719,21.577066833511317,39526854,21.18475690158374
2024-04-09,21.106294631958008,21.263218602623166,20.851292711956802,21.08667866795454,20885659,21.073601982179326
2024-04-10,20.458982467651367,21.04744641316868,20.302058499422582,21.037640302000483,26683343,20.60282912674754
2024-04-11,20.468791961669922,20.792447903887616,20.282444034125977,20.341290058888813,21538741,20.514561299894506
2024-04-12,20.125518798828125,20.655136730017663,20.066670907054956,20.468790684779812,20013324,20.282442145300248
2024-04-15,20.615907669067383,20.96898568336168,19.968595793732906,20.21378974259237,32964261,20.51782971538732
2024-04-16,20.06667137145996,20.96898515537011,20.007825349006197,20.576675221209463,26463104,20.34782729194542
2024-04-17,20.625717163085938,20.694371174488968,20.194175257676388,20.194175257676388,29192074,20.504754531750432
2024-04-18,20.586483001708984,21.13571690415294,20.203981053484963,20.49821303355247,33934473,20.642060319782296
2024-04-19,19.919553756713867,20.429557564902478,19.831283794885795,20.38051952863407,31528338,20.060131705500712
2024-04-22,20.174558639526367,20.351098589248153,19.35070678794566,19.61551671252834,30002123,19.958788005573393
2024-04-23,20.15494155883789,20.39032939256577,20.027441530359855,20.184365505724212,17126858,20.190904160587838
2024-04-24,20.38051986694336,20.390327848496085,20.047055976875516,20.24320999588641,20752192,20.272634564104987
2024-04-25,20.056865692138672,21.027833501614243,20.00782578013605,21.00821753681319,36091086,20.36417499129632
2024-04-26,21.096487045288086,21.165141049905454,20.115711274911224,20.154941332972008,54998638,20.792446456701587
2024-04-29,21.8222599029541,22.03802988922346,20.919946160229426,20.98860016173871,56257858,21.59341198413566
2024-04-30,20.213790893554688,21.380912809690447,20.184366944570876,21.380912809690447,81058988,20.593023549272004
2024-05-06,20.80225372314453,21.35148951547595,20.596291704031277,20.635523633775538,57253094,20.916678314217254
2024-05-07,20.870908737182617,21.07687074777932,20.576674888311377,20.79244675161988,26998481,20.841484791091105
2024-05-08,20.390329360961914,20.733599387363554,20.321673485000243,20.733599387363554,28968178,20.48186741110857
2024-05-09,20.84148406982422,21.057254054984217,20.360904191048842,20.37071217273992,29132252,20.75321410528576
2024-05-10,20.68456268310547,21.01802661945384,20.46879267104301,20.83167868545176,21406506,20.723793991200772
2024-05-13,20.4295597076416,20.959179534158828,20.28244371272505,20.498213713890568,29605321,20.557060984841826
2024-05-14,20.527637481689453,20.61590745200398,20.351097541060394,20.42955952904205,18205547,20.498214158251276
2024-05-15,20.164751052856445,20.557061020678265,20.105905025353543,20.54725490832902,20706882,20.27590569962942
2024-05-16,20.508020401000977,20.723790388538234,20.08628653704435,20.26282646806631,31887864,20.439365775527854
2024-05-17,20.851293563842773,20.880717511050097,20.360905667808883,20.42955967394461,24995585,20.697638914233917
2024-05-20,21.292640686035156,21.577066552149603,20.743406788498472,20.851292719877232,37478461,21.204371342227745
2024-05-21,20.89052391052246,21.31225780622969,20.831677885978618,21.24360379914831,21006620,21.01148653424359
2024-05-22,20.998409271240234,21.086679240973233,20.664945356844754,20.880717225383794,16178907,20.91667795635274
2024-05-23,20.498214721679688,21.018026591334703,20.458984660757846,20.939564598809554,21692339,20.65840865792408
2024-05-24,19.860708236694336,20.547251985741443,19.79205423592587,20.41975009515896,28021348,20.06667148612055
2024-05-27,19.909748077392578,19.978403955060344,19.4193601752826,19.92936404244051,21935738,19.76917073591184
2024-05-28,19.72340202331543,19.929364044293706,19.5959001211734,19.860710037300947,12924629,19.749555396260845
2024-05-29,19.674362182617188,19.90974815203063,19.537054168129696,19.62532414049491,12411545,19.70705483425917
2024-05-30,19.644941329956055,19.733211307822558,19.44878540787905,19.644941329956055,10437881,19.608979348552555
2024-05-31,19.68416976928711,19.89013365755737,19.644939710514567,19.703785734014062,14233847,19.739747712453013
2024-06-03,19.27224349975586,19.664553433485086,19.095703561907378,19.60570741109603,20944660,19.34416683171611
2024-06-04,19.44878387451172,19.46839983930917,19.105511973281715,19.272243932697354,14778783,19.340898562367535
2024-06-05,19.497821807861328,19.831285724846158,19.33108984936891,19.35070581405775,16749360,19.553399127358798
2024-06-06,19.017240524291992,19.615514309345006,18.928970560245443,19.556668290207714,18697883,19.187241797960812
2024-06-07,19.017240524291992,19.29185839806806,18.830894485243693,19.12512645161138,12439067,19.04666446920125
2024-06-11,19.13572883605957,19.24434297138677,18.760519279132414,18.81976249689819,12314694,19.046863695526252
2024-06-12,19.13572883605957,19.283839705435913,19.08635980180608,19.13572883605957,12624127,19.16864278110052
2024-06-13,18.9481258392334,19.194974788059703,18.888880735533313,19.135729684359617,12095211,19.01066045427547
2024-06-14,19.26409149169922,19.293714042471787,18.71115039376695,18.918502599251067,18353926,19.08965197597932
2024-06-17,18.967872619628906,19.254218308720823,18.879008729308985,19.06661257736088,17573991,19.03369988588624
2024-06-18,19.125856399536133,19.34308278533432,18.888879763546207,18.96787134777354,15795892,19.119272982805555
2024-06-19,18.790143966674805,19.22459679077811,18.73089885886314,19.204850304815707,15668884,18.915213205438686
2024-06-20,17.911359786987305,18.69140339813176,17.901485602671897,18.642032476554718,32248716,18.168082929263655
2024-06-21,17.9903507232666,18.069342311606103,17.654636001996717,17.85211591449948,16860571,17.90477634562314
2024-06-24,17.427536010742188,17.901485556819285,17.417661826452072,17.871864887257022,18342543,17.582227798004514
2024-06-25,17.170812606811523,17.555898255010934,16.98320875808951,17.417661560369172,21847393,17.23663987330399
2024-06-26,17.891613006591797,17.950856228199104,17.032577818399577,17.081946855854323,19905918,17.625015684396825
2024-06-27,17.69413185119629,18.029846555644056,17.62501445027609,17.76324925211649,13132599,17.782997619038813
2024-06-28,17.437410354614258,17.95085664255073,17.378167131639465,17.67438512982153,17790781,17.58881137626815
2024-07-01,17.23992919921875,17.437409106072366,16.80547641743354,17.27942593391266,19612505,17.16093824090822
2024-07-02,17.111570358276367,17.5164025144657,17.072075502781587,17.2399309927696,15010008,17.233349458507885
2024-07-03,16.933835983276367,17.160936543689814,16.795601187078244,17.052324296666082,13418524,16.963457904681476
2024-07-04,16.390771865844727,17.032578806530623,16.380897681119322,16.92396465785935,21574672,16.60141611783156
2024-07-05,16.390771865844727,16.390771865844727,16.390771865844727,16.390771865844727,0,16.390771865844727
2024-07-08,16.16366958618164,16.578375884981337,16.104424483990275,16.499382415392848,13998727,16.282156651717752
2024-07-09,16.331525802612305,16.450012232109547,15.926691832457843,16.18341494077899,17179223,16.23607662239323
2024-07-10,16.13404655456543,16.56850120782288,15.709466084712457,15.94644083649618,22011850,16.13733794903359
2024-07-11,16.627744674682617,16.785727844911264,16.252533232908622,16.430264770242836,19058914,16.555335250834165
2024-07-12,16.509258270263672,16.696864012911032,16.489511784175658,16.64749497272875,10489550,16.565211355783454
2024-07-15,16.292030334472656,16.54875346270979,16.25253359937095,16.489510243365217,11028455,16.364439132184465
2024-07-16,16.617870330810547,16.667239364790237,16.06492924034473,16.262407259571415,14733699,16.450012978648505
2024-07-17,16.726486206054688,16.864721022228554,16.558628836425797,16.607997875542715,14026297,16.716612021569677
2024-07-18,16.795602798461914,16.874594387197625,16.44013970749721,16.657367989001433,13620090,16.70344563105225
2024-07-19,17.26955223083496,17.397914738854414,16.686988561043343,16.75610596537319,24855823,17.118151843577575
2024-07-22,17.536148071289062,17.773122816174443,17.210307561658176,17.46703067277764,22077797,17.506526149707227
2024-07-23,17.101694107055664,17.58551779907884,17.101694107055664,17.58551779907884,14589282,17.26296867106339
2024-07-24,16.86471939086914,17.170811547062968,16.795601989468075,17.101694145661902,13074371,16.943710975800062
2024-07-25,17.210308074951172,17.4571570103158,16.765979237971674,16.765979237971674,15466199,17.14448144107955
2024-07-26,17.210308074951172,17.4571570103158,17.1016939407322,17.22018225836271,11513241,17.256386341999725
2024-07-29,17.052326202392578,17.26955260402459,16.933837875760897,17.21030938236278,10116295,17.085238894059355
2024-07-30,17.101694107055664,17.190559875315834,16.894341903320562,17.03257670581063,8125179,17.06219862856402
2024-07-31,18.08909034729004,18.168081934178765,17.0819462019778,17.101694569526977,29631856,17.77970616114887
2024-08-01,17.901485443115234,18.148334398876,17.85211640528631,18.010099586308556,14622282,17.96731208242585
2024-08-02,17.59539222717285,18.049595258294953,17.56577155954634,17.842241168369572,12062945,17.73691968167138
2024-08-05,17.407787322998047,18.00022518638638,17.29917506441429,17.45715824354344,17217690,17.569062524599573
2024-08-06,17.447284698486328,17.733628514905476,17.2596789601584,17.625016252343514,14485990,17.4801973911834
2024-08-07,17.26955223083496,17.565772099358913,17.220183194401645,17.44728377528773,10261554,17.35183584153184
2024-08-08,17.042451858520508,17.318923362531486,16.775854538578642,17.141191815903575,15230805,17.04574325321021
2024-08-09,16.756105422973633,17.21030845335115,16.756105422973633,17.180685902465235,10332848,16.90750643309947
2024-08-12,16.519132614135742,16.80547832321498,16.440141019098053,16.667241619417887,10019077,16.588250652149593
2024-08-13,16.647493362426758,16.667239846604705,16.400644418776576,16.519130857076195,9125415,16.57179254260268
2024-08-14,16.282155990600586,16.696862288550914,16.262407623243913,16.578375851026802,11955606,16.413808634131804
2024-08-15,16.371023178100586,16.686989549937664,16.173543254048347,16.252534847007617,16722809,16.410518660695534
2024-08-16,16.19329071044922,16.469762211878585,16.19329071044922,16.390770623371342,10572171,16.285447877592343
2024-08-19,16.22291374206543,16.469762698862997,16.13404796695366,16.19329118925881,11166643,16.27557480262736
2024-08-20,15.788457870483398,16.242660896356433,15.748962078014523,16.2130383457643,14446198,15.926693614951452
2024-08-21,15.630475044250488,15.887198171769338,15.60085343466108,15.739088240514313,9984881,15.706175550226968
2024-08-22,15.166399002075195,15.768711036898674,15.136777392025287,15.699592691243549,15732666,15.357295810333051
2024-08-23,15.502114295959473,15.62060168220397,15.166399564106374,15.166399564106374,13938293,15.429705180756606
2024-08-26,15.383625984191895,15.818080649271057,15.284886030768272,15.551483340019663,15185917,15.495530888077075
2024-08-27,15.146652221679688,15.354005384177215,15.087408057400088,15.334257015532668,11067049,15.19602188775233
2024-08-28,15.354004859924316,15.393500654210808,15.03803756397837,15.156525888491858,10824356,15.261847692704498
2024-08-29,15.59097957611084,15.729215326501395,15.245390670961463,15.294760649076233,11025398,15.5218618578579
2024-08-30,16.124174118041992,16.331528225384787,15.502114620975787,15.551484601692927,21214644,15.985938988134189
2024-09-02,15.640349388122559,16.173542132806645,15.620601020424777,16.10442472917241,15804957,15.81149751378466
2024-09-03,15.956315994262695,15.99581273029245,15.610728028888486,15.610728028888486,11598204,15.854285584481211
2024-09-04,15.906947135925293,16.124173536600978,15.778584625697075,15.837829730406124,10372585,15.936568432741117
2024-09-05,16.124174118041992,16.23278826395051,15.916821894007317,15.916821894007317,12656092,16.091261425333272
2024-09-06,15.897072792053223,16.351273957076554,15.887198608034275,16.351273957076554,9970535,16.04518178572135
2024-09-09,15.679845809936523,15.956316377201771,15.600854219289308,15.77858482741852,10448744,15.745672135475866
2024-09-10,15.995813369750977,16.22291396107668,15.502114507836808,15.719341856414394,13949754,15.906947279554823
2024-09-11,16.10442543029785,16.183417021219967,15.867450657531498,15.93656806417484,9727440,16.051764369683106
2024-09-12,15.995813369750977,16.292031368583803,15.96619081654445,16.114299815960862,9056390,16.084678518293078
2024-09-13,15.788457870483398,16.0945500267037,15.768710445075946,15.985937774481751,9162504,15.883906114087681
2024-09-18,15.719340324401855,15.867449309383513,15.472491388329784,15.72921450784169,8623053,15.686427007371718
2024-09-19,16.272281646728516,16.35127323206961,15.669970573089197,15.857575352860797,18884068,16.097841817295773
2024-09-20,16.420391082763672,16.469762002019127,16.143921468165136,16.311778827017676,19515812,16.344691517649313
2024-09-23,16.22291374206543,16.499383368361535,16.203165373527685,16.43026596178751,13561375,16.308487494651548
2024-09-24,17.328794479370117,17.397913763131587,16.301903889345446,16.469761240436046,45501260,17.009537377282385
2024-09-25,17.67438316345215,18.14833266113728,17.565770913966738,17.773123112963525,50306341,17.79616224618539
2024-09-26,18.661779403686523,18.7703935394582,17.575643695893564,17.723754565876014,50931704,18.33593887967943
2024-09-27,20.527957916259766,20.527957916259766,19.589931229234914,19.738040210526236,58085691,20.21528235391815
2024-09-30,22.581743240356445,22.581743240356445,22.581743240356445,22.581743240356445,12354101,22.581743240356445
2024-10-08,24.842878341674805,24.842878341674805,24.842878341674805,24.842878341674805,8202979,24.842878341674805
2024-10-09,27.33111572265625,27.33111572265625,26.541197961997256,27.33111572265625,157534965,27.067809802436585
2024-10-10,25.139095306396484,27.765569777438174,24.684894157879327,27.647081456824846,248834295,25.86318641390466
2024-10-11,23.08531379699707,24.902122284325568,22.818718352822508,24.07270963214047,128719439,23.60205147804838
2024-10-14,24.625652313232422,25.19834181431652,22.206531797460514,23.223550171501273,126394387,24.010175308336486
2024-10-15,25.257583618164062,26.955903657640505,23.944347324757125,24.141827231274185,144015634,25.3859448668539
2024-10-16,25.257583618164062,26.106744579556267,24.299810403164646,24.526910977343686,90124031,25.221379533628323
2024-10-17,25.43531608581543,26.16598875330704,24.86262659598103,25.79077917719817,97513120,25.487977145034503
2024-10-18,27.74582290649414,27.98279767719325,24.77376126360052,25.178593398958345,162988798,26.834127282429304
2024-10-21,27.65695571899414,28.30863677594743,26.926283075843724,27.647081535306004,136329610,27.630625190261764
2024-10-22,26.758426666259766,27.59771347635895,26.16598880717163,27.59771347635895,94044622,26.840709649930115
2024-10-23,26.521451950073242,27.587839345150744,26.383215256592873,26.649812576189255,78354677,26.830835517272288
2024-10-24,25.968509674072266,26.738679102381376,25.731534899971333,26.185737962812528,59644934,26.14624122547499
2024-10-25,26.04749870300293,26.49182753779866,25.613045934878116,26.086995436454956,58012529,26.050790725226566
2024-10-28,26.13636589050293,26.31409743408113,25.672290547066083,25.95863623023274,47382859,26.040917957216717
2024-10-29,25.553802490234375,26.74855238825072,25.524181821534256,26.13636616323847,66675085,25.94217890000645
2024-10-30,25.543930053710938,25.780904818591953,25.060104456690674,25.257584369078863,47370316,25.461646442997857
2024-10-31,26.47208023071289,27.183006394843435,25.376072199858275,25.662415995615756,98647154,26.34371960847153
2024-11-01,25.50443458557129,26.80779679885263,25.40569462446947,26.205486614416927,72112786,25.905975336297796
2024-11-04,26.16598892211914,26.215357959215016,25.33657629241374,25.376073028736876,49807981,25.9059743912493
2024-11-05,28.7825870513916,28.7825870513916,26.44246007158488,26.87691286546051,141106094,28.00254472478936
2024-11-06,30.105697631835938,31.65591061548072,29.503385592861264,30.115571815805296,203375517,30.42166461339264
2024-11-07,32.18910217285156,32.465575563299595,28.72334450761548,29.325656559491662,176349407,31.12600741458888
2024-11-08,31.260950088500977,33.36410414408278,31.19183268557436,33.09750683281614,136379647,31.938962306052705
2024-11-11,33.996036529541016,34.39099634264352,30.62901711766711,30.796874473243285,134604559,33.00534999661721
2024-11-12,33.897300720214844,36.829863779928075,33.808434944671035,34.558854119672816,163867171,34.845199814937985
2024-11-13,32.38658142089844,33.759060977452314,31.892883521901158,33.373977218893,110895759,32.679508640083974
2024-11-14,31.260950088500977,32.74204375112727,31.142463650143345,32.09036269023634,77698347,31.71515249659053
2024-11-15,29.444141387939453,31.744775326565538,29.434267204300223,30.9449834015594,94799819,30.20772797293507
2024-11-18,28.930696487426758,30.19456380255622,28.29876377151605,29.5527569025459,72121179,29.14134135383301
2024-11-19,29.62187385559082,29.86872280438741,28.575234840019522,28.93069604563716,62369404,29.355277166665918
2024-11-20,30.24393081665039,30.89561374047559,29.345400840079364,29.592249776133116,68419616,30.161648465735112
2024-11-21,30.234058380126953,30.70800788321817,29.730486326852066,29.730486326852066,49452451,30.224184196732395
2024-11-22,28.594980239868164,30.392042100915138,28.5357370217306,30.115570610759924,64420594,29.17425312083797
2024-11-25,27.74582290649414,28.81221031629417,27.084267632051933,28.57523554559506,64546223,27.880766951613413
2024-11-26,27.72607421875,28.427126221887793,27.479225266701548,27.745822586907806,34126009,27.87747523577978
2024-11-27,28.614730834960938,28.614730834960938,27.173133820420386,27.72607496047489,49680619,28.134198496780755
2024-11-28,29.009687423706055,30.411789518042916,28.950444203750415,29.42439373001155,71510241,29.457307048499796
2024-11-29,30.293304443359375,31.30044864453424,28.782588141597078,28.84183136422263,89802834,30.125447076496897
2024-12-02,30.944984436035156,31.468304886561025,29.82922613050619,30.095823447753784,77227555,30.747505151034122
2024-12-03,30.77712631225586,31.251075831186657,30.21431102311204,30.737629577357637,59413634,30.74750438885152
2024-12-04,30.214311599731445,30.895615223264166,30.05632842373951,30.609269539711278,44955880,30.388751748911705
2024-12-05,30.629018783569336,30.954859328785687,30.006958362414803,30.006958362414803,50353498,30.530278824923275
2024-12-06,30.717884063720703,31.725028235749456,30.253806830544377,30.629018290700046,67221499,30.898906376671516
2024-12-09,30.87586784362793,32.149609359550816,30.609270519368525,30.81662273825379,59769392,31.211582574182426
2024-12-10,31.458431243896484,32.85065919129039,31.290573880145757,32.81116245473349,87733275,31.866554771777544
2024-12-11,30.43153953552246,31.488052784661413,30.03658157556044,31.310321231851475,64768047,30.652057965248105
2024-12-12,31.389312744140625,31.873134566942465,30.016831329555604,30.431537632408027,68163350,31.093092880212897
2024-12-13,29.7403621673584,30.856118586801617,29.63174802727429,30.80674955038594,62651686,30.076076260478104
2024-12-16,29.434268951416016,29.848975272339473,29.25653740197624,29.740363012477,33406264,29.51326054191058
2024-12-17,29.375024795532227,29.927965911416003,29.32565575928311,29.51325960367617,33098817,29.54288215541045
2024-12-18,29.503385543823242,29.839100264991323,29.177545006608106,29.621873867950573,29736876,29.506676938474225
2024-12-19,29.542882919311523,29.55275710347827,28.930696684129668,29.08867986418149,31689928,29.34211223563982
2024-12-20,29.61199951171875,29.987210966515683,29.236789940229826,29.424393784320284,32238324,29.61200013948809
2024-12-23,28.88132667541504,29.79960505565495,28.81220927188008,29.523133558207107,32067346,29.16438033431669
2024-12-24,29.27628517150879,29.37502512843404,28.772713086167244,28.960318815994416,25397765,29.141341128703356
2024-12-25,28.752965927124023,29.375024439541143,28.57523438548828,29.305907036306795,26197865,28.90107491738448
2024-12-26,28.77271270751953,29.138049978342725,28.723343671360617,28.90107521482552,25392861,28.878035452407627
2024-12-27,29.039308547973633,29.710737952161587,28.66409899561985,28.84182864675085,41121344,29.13804849858502
2024-12-30,29.059059143066406,29.256537176124297,28.76283926851748,29.0393107747682,22236091,29.02614519590273
2024-12-31,27.637208938598633,29.177545899545652,27.637208938598633,29.128176861578073,45925062,28.150654592247637
2025-01-02,26.086997985839844,27.46935177551852,25.376073663998607,27.331116961543078,62482031,26.310807808452324
2025-01-03,25.040359497070312,26.4029649489466,24.99098857431254,26.165990169633687,40995292,25.47810434010982
2025-01-06,24.842878341674805,25.336576244940694,24.6651467951698,25.01073570411753,31414240,24.9482004605951
2025-01-07,25.277332305908203,25.287206489690025,24.69476864593671,24.931743406776437,27721795,25.086435813844975
2025-01-08,25.05023193359375,25.39581895224212,24.319557394230902,25.198340924915623,34351787,24.921869426688925
2025-01-09,25.09960174560547,25.326702331540837,24.852752791334492,24.872501159670104,19803550,25.093018956160265
2025-01-10,24.58615493774414,25.435315924755677,24.58615493774414,25.08972701957833,21087818,24.869208600081322
2025-01-13,24.961366653442383,25.15884468465575,24.19119724677854,24.428172014219406,25063955,24.770469528292224
2025-01-14,26.323970794677734,26.36346752904116,25.00086032643025,25.178591864449754,41265923,25.896099550049712
2025-01-15,25.968509674072266,26.323972776877717,25.88951808270529,26.28447792284827,22930331,26.060666844551758
2025-01-16,25.75128173828125,26.630063375427763,25.56367601369326,26.304222844989663,26875738,25.98167370913409
2025-01-17,25.82040023803711,26.116620113123652,25.53405643042565,25.593299652119736,21160015,25.823692260528805
2025-01-20,25.859895706176758,26.32397103941383,25.800650604080815,26.235105269577886,22267525,25.994839116557134
2025-01-21,26.067249298095703,26.432586580526262,25.780905489321974,26.363469174384605,21038812,26.09358045598131
2025-01-22,25.78090476989746,26.067248570680672,25.62292159360851,26.04750020281755,18256587,25.823691644728882
2025-01-23,25.968509674072266,27.14351124355065,25.968509674072266,26.36346951421525,42567454,26.360176863898392
2025-01-24,26.15611457824707,26.353594492040227,25.78090500200971,25.889517259618717,26926670,26.096871357432335
2025-01-27,25.613046646118164,26.600442410142527,25.603172462480966,26.5115766407157,25791480,25.938887172913883
2025-02-05,26.89666175842285,27.726074393188547,26.373341298796763,26.46220707275795,61809124,26.998692483469387
2025-02-06,28.111156463623047,28.4863679051323,26.551071246234958,26.95590335507372,57148073,27.716198538330104
2025-02-07,29.769981384277344,30.26367925759308,28.042038827672265,28.140778778996996,100817945,29.35856648984756
2025-02-10,30.37229347229004,30.569771492151137,29.434266757199037,30.214310303077983,77300139,30.125443907213405
2025-02-11,30.80674934387207,31.942252240284873,29.74036196799308,30.372294669756034,98905778,30.829787850716674
2025-02-12,32.47544479370117,32.485320860256344,30.94498217322203,31.102965338562797,112042028,31.968582609059847
2025-02-13,31.794145584106445,32.51494406771723,31.517674081500047,31.991625497869304,85278092,31.942254577774577
2025-02-14,34.51935958862305,34.973560796379985,31.74477953403339,31.74477953403339,172333870,33.74589997301214
2025-02-17,34.19351577758789,36.71137417943323,33.27523743143246,34.855069120185966,202263952,34.726709129484526
2025-02-18,32.32733917236328,34.56872425600541,32.26809407017191,33.98616060094612,131366498,33.0547191661802
2025-02-19,33.15675354003906,33.33448132286929,32.28784416125862,32.58406215479718,89405362,32.92635967472233
2025-02-20,32.60380935668945,33.76893668732039,32.48532291683668,32.94939637568337,65695231,32.95268965361551
2025-02-21,34.637847900390625,34.83532405524141,32.643307850144744,33.482592808109224,130093983,34.03882660192559
2025-02-24,33.48259353637695,34.637848653785895,33.05801301430368,34.34162688183427,92205596,33.726151734822174
2025-02-25,32.317466735839844,33.03826527703618,31.94225524637587,32.149611244031654,70220321,32.432662419750635
2025-02-26,32.78154373168945,33.008644330449236,32.04099682705768,32.58406380379771,54312916,32.61039496306546
2025-02-27,31.961999893188477,32.7815401870062,31.300446537894015,32.73217115202564,61300899,32.01466220602956
2025-02-28,30.164941787719727,32.13973344343449,30.016832790202734,31.962001893090864,64541336,30.773836007118984
2025-03-03,30.313051223754883,31.014101324132078,29.681116643396123,30.164940349989116,43174261,30.336089730427698
2025-03-04,30.55990219116211,30.777128599320605,29.918093384528692,30.006959161345375,32240023,30.4183747250038
2025-03-05,30.540151596069336,30.856117942470963,30.313051020006665,30.609268998931192,30672076,30.569773519515653
2025-03-06,31.922510147094727,32.43595268265307,30.91536402874587,31.497927740192463,70626919,31.757942286164553
2025-03-07,30.80674934387207,31.97187667522852,30.64876616843133,31.942252240284873,59419549,31.14246406251064
2025-03-10,30.73763084411621,30.90548820773543,30.253807121521522,30.708010175029795,34161212,30.63230872445772
2025-03-11,30.45128631591797,30.589521123866913,30.00695745707064,30.056328376558128,36385669,30.34925496561851
2025-03-12,30.589521408081055,31.300447588842154,30.421664046880018,30.727758100622395,40312583,30.770544347934408
2025-03-13,29.868722915649414,30.619143948783353,29.6218739659333,30.362420815081634,36221153,30.036580276788687
2025-03-14,31.290573120117188,31.497925332080307,29.6909911112685,29.868722654841466,67359914,30.82649652115533
2025-03-17,30.717884063720703,31.26095100257313,30.64876665877309,31.251076818536607,35775173,30.875867241688976
2025-03-18,30.65863800048828,31.201706805661356,30.510529011189437,31.1029668516928,28945789,30.790291272446357
2025-03-19,30.34267234802246,30.698135437111418,30.164940803477982,30.5302780765203,25704325,30.401916196203956
2025-03-20,29.878597259521484,30.65863896547838,29.848974707406146,30.26368102048071,41143444,30.128736977468673
2025-03-21,28.940570831298828,29.90822016201427,28.89120179383627,29.671243508931425,41091416,29.24666426238312
2025-03-24,28.792461395263672,29.11830193413424,28.239520274245617,28.94057038869429,34907996,28.71676120121451
2025-03-25,28.614730834960938,29.147925489637423,28.486370205117392,28.733219163769522,23082326,28.74967550990525
2025-03-26,28.634479522705078,28.81221107624427,28.496244706978203,28.634479522705078,18625311,28.64764510197585
2025-03-27,28.634479522705078,29.0590600376469,28.279016415626696,28.56536211484164,25549560,28.65751865865956
2025-03-28,28.55548667907715,28.80233562966277,28.515989942995592,28.733218224828082,17331153,28.624604083911837
2025-03-31,27.68657875061035,27.893930961736302,27.242249893471882,27.528593692166005,37456290,27.607586535272844
2025-04-01,27.261999130249023,27.923554403462028,27.24225076190044,27.854435114241987,28604233,27.47593476520383
2025-04-02,27.498973846435547,27.716200247918625,27.153384934247153,27.20275397171347,18401145,27.45618634286711
2025-04-03,27.212627410888672,27.716199489153038,27.153384190889337,27.202753227004116,19331026,27.36073703031035
2025-04-07,24.487415313720703,25.998131579718745,24.487415313720703,24.9811132182982,47150747,24.99098740238672
2025-04-08,23.944347381591797,24.744137426599146,23.312414692529984,24.744137426599146,60075727,24.00029983357364
2025-04-09,24.892248153686523,24.892248153686523,23.203802175936083,23.56913946438298,52340679,24.32943282776971
2025-04-10,25.30695343017578,25.879642916689818,25.237836025764988,25.820399696238855,40132528,25.474810790876862
2025-04-11,25.50443458557129,25.72166099334881,25.158845663368968,25.38594625558748,28180047,25.461647080763026
2025-04-14,25.74140739440918,26.452333553348517,25.682164175600224,25.771029945467642,27911948,25.958635041119308
2025-04-15,25.514307022094727,25.82039918556351,25.306952929655367,25.692038563240466,16012474,25.54721971243787
2025-04-16,25.336576461791992,25.52418219396497,24.95149269660731,25.494559641524585,18625598,25.27075045078809
2025-04-17,25.40569305419922,25.57355041270499,25.09960088867976,25.178592476017297,17067315,25.359614785194655
2025-04-18,25.287206649780273,25.474810492898598,25.109475107198286,25.287206649780273,12248313,25.290497416625715
2025-04-21,25.692039489746094,25.721660158799907,25.03048422012884,25.247710620858367,17862613,25.481394622891614
2025-04-22,25.573551177978516,25.889517536783778,25.4945595882772,25.672291135932173,18493536,25.65254276767983
2025-04-23,25.899391174316406,26.215357526453356,25.63279385846035,25.869770505871077,29385563,25.91584751974337
2025-04-24,25.41556739807129,26.175862608050156,25.395819030285548,25.90926529286671,25136319,25.662416345468998
2025-04-25,25.524181365966797,25.7512819440518,25.37607237518562,25.504432998313842,19496419,25.55051189506807
2025-04-28,24.981111526489258,25.69203766625158,24.961365042957574,25.524180314730803,21819106,25.211504745232805
2025-04-29,25.09960174560547,25.326702331540837,24.82313023883107,24.892247644697655,15208318,25.083144771992455
2025-04-30,25.622922897338867,25.731535159496353,25.060105684451038,25.168719829916636,23134157,25.47152124709542
2025-05-06,26.343719482421875,26.432585252512986,25.95863573423237,26.047499621015508,29413971,26.244980156389076
2025-05-07,26.353593826293945,27.58783854805152,26.14623973371852,27.39035863924711,44685541,26.695890702687993
2025-05-08,26.383214950561523,26.472080722729523,26.116619517365542,26.264728509876203,21487858,26.32397173021886
2025-05-09,25.75128173828125,26.37334024791472,25.70191270285135,26.37334024791472,19729400,25.94217822968244
2025-05-12,26.758426666259766,26.857166623325792,25.97838307707698,26.10674558625523,32456946,26.531325455554178
2025-05-13,26.343719482421875,26.975652173462695,26.343719482421875,26.955903806040677,23955317,26.554363712768815
2025-05-14,27.054643630981445,27.58783824898851,25.998130461939258,26.284476138270747,47621395,26.88020411396974
2025-05-15,26.20548439025879,26.82754289078003,26.16598765584705,26.82754289078003,28041733,26.399671645628626
2025-05-16,26.086997985839844,26.20548631446743,25.919140618880483,26.067249617183897,15709043,26.070541639729253
2025-05-19,25.80065155029297,26.01787983266211,25.45506452526577,25.929014059567105,17723683,25.75786530274028
2025-05-20,25.899391174316406,26.00800531410399,25.72165963041237,25.91913954215197,12036802,25.87635203961092
2025-05-21,26.15611457824707,26.393089344814037,25.92901399570056,26.00800558455622,18765498,26.159405972920556
2025-05-22,25.81052589416504,26.11661995152462,25.77103104104938,26.08699739920684,13311253,25.899392295579677
2025-05-23,25.178592681884766,25.810525385751937,25.178592681884766,25.69203894543085,20245017,25.389236916507155
2025-05-26,25.287206649780273,25.287206649780273,24.961366116149293,25.16871832695628,12558374,25.178593138569948
2025-05-27,25.020610809326172,25.178593993522846,24.990988256048755,25.178593993522846,10026933,25.063397686299258
2025-05-28,24.882375717163086,25.178593713409374,24.862627348531177,25.020610530970274,9515211,24.97453225970121
2025-05-29,25.899391174316406,25.938887909987532,24.882374713789098,24.921869566152207,29180714,25.573551266031014
2025-05-30,25.978382110595703,26.7880463384605,25.672289950055884,25.780904087118515,33614430,26.146239466370698
2025-06-03,26.373342514038086,27.0743945538899,26.2449818809062,26.580696623938085,39172789,26.564239649611395
2025-06-04,26.353593826293945,26.42271122938309,25.988256559998188,26.26472805566276,24372265,26.25485387189174
2025-06-05,27.034896850585938,27.331116727969338,26.4325866781917,26.481955716101563,45345023,26.932866752248994
2025-06-06,26.63848876953125,27.11417752039961,26.559207626088448,27.034896376956812,22695425,26.7706246386731
2025-06-09,26.85651397705078,27.005165888301864,26.53938939565871,26.806962079826015,23539810,26.80035642033712
2025-06-10,26.06369972229004,26.856513038268663,25.815945915461384,26.856513038268663,32127480,26.245386225340027
2025-06-11,26.1826229095459,26.72768053948192,25.84567757424348,26.073610627474064,26575980,26.25199367442377
2025-06-12,26.47992706298828,27.015076210614357,25.82585714269748,25.915048667301825,29418302,26.440286805433374
2025-06-13,27.500673294067383,28.13492245165744,27.173638335908556,27.173638335908556,99847344,27.603078027211126
2025-06-16,30.25569725036621,30.25569725036621,27.500674084980282,27.500674084980282,123972181,29.33735619523757
2025-06-17,30.305246353149414,31.415184267910167,29.770099099580392,30.2556963465971,165680834,30.496843240213323
2025-06-18,29.611534118652344,30.41425781259594,29.50252372914552,29.87910868330021,94689295,29.842771886797934
2025-06-19,28.54123878479004,30.344888149109174,28.402497253000725,30.017853188311783,82356308,29.09620806229998
2025-06-20,27.758337020874023,28.58087959214383,27.461031315586265,28.243934260277975,57609593,27.933415976201374
2025-06-23,29.5223445892334,29.829558781068457,27.342110328608666,27.401570713109617,94792337,28.89800456630351
2025-06-24,29.81964874267578,30.206144081665474,28.967375030840497,29.423243024454102,84894873,29.664389285060583
2025-06-25,32.00979232788086,32.70350376999571,29.443062638352146,29.611535309139374,154687864,31.385452912076243
2025-06-26,33.31793212890625,35.210771132596555,32.14853381454017,32.20799609135349,231601339,33.559079025347664
2025-06-27,33.41703414916992,35.448614577125674,32.58458122010232,33.07017655681166,180424915,33.81674331546597
2025-06-30,33.238651275634766,34.3684080178124,32.7134106400927,33.54586357334301,118005522,33.44015664451329
2025-07-01,31.801679611206055,33.14946095978162,31.593565425223492,32.951257153151715,101205504,32.181568665403724
2025-07-02,31.325992584228516,31.99988325508898,31.256621819324334,31.801679449467112,55749952,31.527499219547277
2025-07-03,31.682756423950195,31.900779095459452,31.167429937636353,31.345811092392168,66042128,31.583655152348665
2025-07-04,32.45574951171875,33.45667325312144,31.167430439857295,31.821500355136074,115174463,32.3599510682325
2025-07-07,32.64404296875,33.3179336823617,32.019706045004796,32.14853531347219,81069726,32.6605608987055
2025-07-08,33.119728088378906,33.7539810286833,32.3368289081386,32.64404121846801,87879822,33.0701793417336
2025-07-09,33.47649383544922,34.23957602932475,32.80260316502467,33.456673076857534,113391665,33.50622434326621
2025-07-10,33.099910736083984,33.96209294178124,32.5052993200951,33.1494607423106,94472199,33.18910099932011
2025-07-11,34.20984649658203,34.784633369258536,32.96116517867332,33.09991048765894,129147251,33.98521501483796
2025-07-14,32.96116638183594,34.001735444884204,32.71341256309554,34.001735444884204,79306344,33.22543812993856
2025-07-15,33.397212982177734,34.05128286268845,33.05035539406838,33.29810919396522,74987168,33.49961707964486
2025-07-16,32.77287292480469,33.199009770562164,32.50529836255536,33.03053899826983,55565619,32.8257270193074
2025-07-17,33.119728088378906,33.436856448742695,32.73323274285275,33.08009035120372,48046305,33.096605759991455
2025-07-18,33.37739562988281,33.793620241572015,33.05035876604985,33.119729534664714,49538584,33.40712487916823
2025-07-21,32.80260467529297,33.5458661447974,32.65395464964608,33.19901230453133,59012404,33.00080848991215
2025-07-22,32.346736907958984,32.87197377671004,32.10889536681339,32.70350300010051,60500025,32.44253535049414
2025-07-23,32.7530517578125,33.19900935599252,32.20799415133603,32.33682718645981,62900308,32.72001842171368
2025-07-24,33.575599670410156,33.79362046733194,32.40620130534251,32.455751314623676,63553071,33.25847381436154
2025-07-25,33.22874069213867,33.93236440481686,33.04044915236464,33.575598303835974,48099904,33.400518083106725
2025-07-28,34.07110595703125,34.34858902221099,32.95125764617652,33.57559832325416,86956714,33.79031754180625
2025-07-29,37.48019790649414,37.48019790649414,33.49631599330102,33.872902861428024,163579321,36.152237268763095
2025-07-30,36.667564392089844,38.14417878369804,36.063044482379574,38.14417878369804,182684170,36.95826255272249
2025-07-31,35.874752044677734,37.51983717354547,35.61708596810948,36.43963042275489,119681386,36.337225062110896
2025-08-01,35.21076965332031,36.01349334467158,34.70535355312193,35.67654801773163,89027487,35.309872183704606
2025-08-04,34.53688049316406,35.081941913569594,34.090926647993314,34.814367338213216,68424536,34.56991635157566
2025-08-05,34.71526336669922,35.2107709969652,34.13056421176843,34.53688031736961,66989343,34.685532858477615
2025-08-06,34.566612243652344,34.68553301260567,34.22966691459868,34.64589149614687,52411481,34.493937390285566
2025-08-07,34.100833892822266,34.883736831358654,33.73415931645859,34.34858770017507,65419140,34.23957668021317
2025-08-08,34.100833892822266,34.53687923281088,33.33775171252488,34.09092540391431,58373429,33.99182161271934
2025-08-11,34.84409713745117,35.15131323559033,33.96209414200847,34.090927187089186,66474129,34.65250150501666
2025-08-12,35.29005432128906,35.31978356961295,34.50715135175854,34.883738212361855,63776358,35.038996414220186
2025-08-13,35.36933135986328,35.97385124071016,34.794544505899744,35.527893641690085,85694558,35.3792423688244
2025-08-14,35.488258361816406,36.90541050762462,35.389154566053755,35.389154566053755,109103123,35.92760781183159
2025-08-15,36.52882385253906,37.133343778651486,34.566614050346416,35.081942449976296,127465262,36.07626056051232
2025-08-18,37.31172561645508,38.12435781775335,36.07295655588782,36.61801418645278,121707490,37.169679996698754
2025-08-19,36.251338958740234,37.727949535655306,36.22160593112732,37.2126211619676,96195462,36.733631475174285
2025-08-20,36.70720672607422,36.7567567337838,35.40897535371277,36.15223681062636,76626989,36.29097960452359
2025-08-21,37.113521575927734,39.046002054273885,36.80630548989793,37.75767921509436,145045108,37.65527637336652
2025-08-22,38.114444732666016,38.114444732666016,36.54864263943379,36.64774264998938,105319555,37.5925107015886
2025-08-25,38.68923568725586,39.858633967157594,38.114445036270254,38.946897985006686,125524914,38.8874382302279
2025-08-26,37.80723190307617,38.24327723601639,37.172978990949915,37.94597342808338,88958106,37.74116271001416
2025-08-27,36.816219329833984,38.56040456709618,36.78648630061236,37.836963863091654,92923169,37.38770339918084
2025-08-28,37.32163619995117,37.34145695968332,35.88466325296916,36.657657760829416,82284971,36.849252137534556
2025-08-29,37.15316390991211,37.84687157035796,36.865768576056986,37.65858003115454,62619355,37.28860135210902
2025-09-01,38.31264877319336,38.976630945411586,37.16307125363129,37.866691162065166,110511659,38.15078365741208
2025-09-02,35.577449798583984,37.926154936132406,35.32969598043346,37.88651341792674,113748550,36.27776690504995
2025-09-03,34.51706314086914,35.904482229398816,34.28912630548229,35.557628402372195,60709952,34.90355722525008
2025-09-04,33.67469787597656,34.96301695004247,33.04044871830862,34.56661311671159,57405311,33.892721181442546
2025-09-05,34.22966766357422,34.3584969242496,33.218831654295236,33.7936185338324,45506087,33.93566541403968
2025-09-08,34.88373947143555,35.02248100918568,33.892724167022166,34.2891280205335,40707867,34.59964821588113
2025-09-09,34.12065505981445,34.93328725523283,34.031463536882036,34.90355800772973,31099582,34.361801950643105
2025-09-10,34.15038299560547,34.96301515981074,34.12065374924427,34.28912451918837,31058121,34.41135063488682
2025-09-11,35.00265884399414,35.00265884399414,33.694518997127744,34.15038511155202,56293740,34.56661222837201
2025-09-12,34.6855354309082,35.745921497362104,34.61616466248026,35.468438423650305,53956522,35.01587386358352
2025-09-15,34.170204162597656,34.67562403932965,34.130562646692596,34.56661176080223,37294691,34.32546361620663
2025-09-16,34.249488830566406,34.40805112133843,33.72424817079021,34.18011806463009,35583548,34.127262707565016
2025-09-17,34.72517395019531,34.982836242036136,34.04137103416075,34.30894559516258,44741632,34.58312707546406
2025-09-18,33.85308074951172,35.15131208645804,33.4467646487,34.48732990390825,64843008,34.15038582822325
2025-09-19,33.199012756347656,34.08101577396199,33.17919199657366,33.70442889910278,37726477,33.486406842294436
2025-09-22,33.734161376953125,33.77380289585243,33.04044991790853,33.29811222990739,32533691,33.51613806357136
2025-09-23,32.43592834472656,33.5954181411027,31.801679196127672,33.5954181411027,61570197,32.611008560652316
2025-09-24,33.119728088378906,33.17919036477647,32.138625100569925,32.247637383753855,42473087,32.81251451790843
2025-09-25,34.269309997558594,34.66571383899759,33.31793246117384,33.49631551296953,65437820,34.084318765910005
2025-09-26,33.169281005859375,34.437779292360574,33.169281005859375,34.19002548450187,42567807,33.592113768026444
2025-09-29,33.92245101928711,34.46750864211326,32.515211201066016,32.98098579053842,60363649,33.63505695415546
2025-09-30,34.20984649658203,34.34858802514453,33.85308040575097,33.94227192845874,42275619,34.13717164249251
2025-10-09,35.012569427490234,35.20086095774792,33.85307965790354,34.20984574085329,66709097,34.688836681047235
2025-10-10,33.71434020996094,34.72517624713426,33.605327924517255,34.695443218107535,50555773,34.01494812720415
2025-10-13,33.169281005859375,33.42694330264627,31.98997046098114,32.06925349409901,39472446,32.86206492316226
2025-10-14,32.50529861450195,34.041371456722494,32.356648599048846,33.53595535550502,40999857,32.9677728900911
2025-10-15,32.77287292480469,32.85215595677028,32.237723800306036,32.50529836255536,23982534,32.620917560627
2025-10-16,31.871049880981445,32.703502831546835,31.752129111021567,32.703502831546835,37654296,32.10889394118328
2025-10-17,30.860214233398438,32.079162535401714,30.741293462097012,31.890870999139196,35486427,31.22689007696572
2025-10-20,30.98904800415039,31.504376399159025,30.830485711872598,31.216981063023262,25200252,31.107970038394004
2025-10-21,31.544015884399414,31.79177159145055,31.068329009718322,31.107968637502605,27857204,31.468038828522765
2025-10-22,31.27644157409668,31.504376524085018,31.137700040356357,31.316083092429132,15209285,31.306172712846017
2025-10-23,31.6728458404541,31.712487356951833,30.889944791739357,31.276440126534514,21738007,31.42509266304843
2025-10-24,31.950332641601562,32.05934114121999,31.593564664135307,31.91069112514591,26128977,31.867746148985617
2025-10-27,32.2079963684082,32.45575018662672,31.940421791081405,32.2079963684082,29540429,32.20138944870544
2025-10-28,32.02961349487305,32.51521264466648,31.950334238422585,32.21790503681325,28892344,32.1650534593207
2025-10-29,32.267459869384766,32.3566513985427,31.712489934577242,31.89087299289311,30479232,32.1122004008349
2025-10-30,31.682756423950195,32.25754518539419,31.643116797408307,32.20799517966395,32266068,31.861139468917568
2025-10-31,31.177339553833008,31.59356604373507,30.78093382302429,30.919677246466062,38692243,31.183946473530792
2025-11-03,30.95931625366211,31.316082349342093,30.404348241657814,31.197159687378235,32506935,30.893248948220673
2025-11-04,29.988121032714844,30.91967587649939,29.81964836830925,30.8007532174201,42366679,30.242481759174495
2025-11-05,29.552074432373047,29.91875090631559,29.096208324986105,29.70072634172916,39785688,29.52234455455825
2025-11-06,29.809738159179688,29.998031582874088,29.53225321322013,29.53225321322013,23034711,29.78000765175797
2025-11-07,29.353872299194336,29.670996874194664,29.34396191994913,29.561984592708964,20766981,29.45627703111271
2025-11-10,29.542163848876953,29.571894986627324,29.215128894469146,29.353872313759307,22002773,29.44306257665781
2025-11-11,28.86827278137207,29.58180495579702,28.80881239690717,29.54216343934606,29740743,29.086296711358756
2025-11-12,28.689891815185547,28.84845410160096,28.54123801773599,28.83854372242355,19528265,28.693194644840833
2025-11-13,29.284500122070312,29.304320880883978,28.69980096854843,28.828634010625645,24127738,29.09620732383424
2025-11-14,28.60070037841797,29.10611837670942,28.60070037841797,28.967374958021935,20820014,28.769173044515117
2025-11-17,28.719621658325195,28.927735844945193,28.452047085618737,28.531330120682806,17260752,28.69980152962971
2025-11-18,29.53225326538086,29.78000707428577,28.57096916730596,28.689891827273403,49440319,29.29440983565753
2025-11-19,29.24485969543457,30.00794187700229,29.13584741515017,29.631355030680655,31268838,29.462882995862344
2025-11-20,28.719621658325195,29.611535010468465,28.6205197547067,29.59171614191404,24131319,28.983892141166788
2025-11-21,28.09528350830078,28.719622301724517,27.897079696623475,28.343037327791595,29353068,28.237328502216258
2025-11-24,29.234949111938477,29.274590628205353,28.134921608282593,28.273665025005126,36910955,28.88148711614214
2025-11-25,29.43315315246582,30.04758153791221,29.185399344415472,29.33405125120337,38118496,29.555378011597835
2025-11-26,29.343961715698242,29.869198580557246,29.096207906927297,29.13584753342064,27085388,29.436456067727594
2025-11-27,28.977285385131836,29.472793005035346,28.91782500000265,29.215128815860133,23134850,29.122634463389943
2025-11-28,29.05656623840332,29.116026622938435,28.719620909018435,28.88809357371088,17302700,28.964071256786728
2025-12-01,29.17548942565918,29.185399804962966,28.73944218735048,28.927735613699262,19876708,29.033443805990874
2025-12-02,28.719621658325195,29.15566890011962,28.64034051347272,29.15566890011962,21190555,28.83854369063918
2025-12-03,28.03582191467285,28.81872296767035,27.85743886988033,28.68989181877106,26013742,28.237327917407843
2025-12-04,28.125011444091797,28.29348410909009,27.867349147234684,28.045730301163868,16091374,28.095281566805525
2025-12-05,28.95746421813965,29.20521802459598,27.85743860281739,28.125011277229458,43173027,28.673373615184335
2025-12-08,29.661087036132812,29.90884085114867,29.175489785527116,29.254770930723726,45892868,29.5818058909362
2025-12-09,29.155668258666992,29.60162587003293,29.066476736393806,29.433153204651525,23600444,29.27459028836458
2025-12-10,29.43315315246582,29.48270315799127,28.64033983257778,29.036745547416025,25209090,29.185398714344956
2025-12-11,28.739442825317383,29.561985423674898,28.739442825317383,29.42324389076522,20251623,29.013623691436553
2025-12-12,29.0862979888916,29.215129139801924,28.471867701705264,28.739442273070843,23388335,28.924431610132928
2025-12-15,28.58087921142578,29.1160264494767,28.452046173787103,28.838543396491605,19068824,28.716317278229862
2025-12-16,28.72953224182129,29.036746444030836,28.25384536932684,28.52141994393432,25072595,28.673374685059656
2025-12-17,29.264680862426758,29.413332771119716,28.224113721152907,28.719621343603816,37132541,28.967375784899797
2025-12-18,28.75926399230957,29.205219735935735,28.75926399230957,29.08629896038675,22847033,28.907915906851628
2025-12-19,28.907915115356445,29.28450008123291,28.729532066705428,28.858365108602985,23449049,28.97398242109826
2025-12-22,29.225040435791016,29.462883876616615,28.967376235677037,28.967376235677037,26416148,29.218433516028224
2025-12-23,28.937646865844727,29.284500700881445,28.868274208625746,29.234950693079526,19525762,29.030140591783972
2025-12-24,29.343961715698242,29.443061727037374,28.78899182309901,28.83854371898013,28171753,29.19200508861154
2025-12-25,29.81964874267578,29.89892988632012,29.33405150157778,29.38360150752615,38234913,29.68421004352456
2025-12-26,29.710636138916016,30.225964512117642,29.611534237883156,29.720546518040454,37778555,29.849378296305606
2025-12-29,29.928661346435547,30.24578592442925,29.621445257569007,29.661086774924012,37959320,29.9319641761446
2025-12-30,29.998031616210938,30.30524580979259,29.80973819230729,29.928660852196845,40370457,30.03767187277027
2025-12-31,29.87911033630371,30.14668491575462,29.76018956113329,29.988122622052966,29780638,29.928661604397206
2026-01-05,30.463808059692383,30.473718438855606,29.631355112096962,29.90884005803262,43819364,30.189627203548316
2026-01-06,31.306171417236328,31.464733703580755,30.33497694082382,30.582730749513434,66535820,31.035294020546967
2026-01-07,30.68183135986328,31.236801263115765,30.543089829155956,31.236801263115765,56108544,30.820574150711668
2026-01-08,30.602550506591797,30.85030432247817,30.424169346931357,30.553000499499166,32116157,30.625674725333777
2026-01-09,30.979137420654297,30.998958179611435,30.41425902185711,30.58273169256957,47791655,30.797451540707613
2026-01-12,33.119728088378906,33.337752654746765,31.335903271318838,31.415184416303987,111648473,32.5977946714815
2026-01-13,32.59449005126953,34.19993365261554,32.426019278109045,34.08101288447737,108553195,33.07348099399804
2026-01-14,34.81436538696289,35.8549306014125,32.41610661286409,32.41610661286409,251942868,34.36180086707983
2026-01-15,33.93236541748047,35.517988379801515,33.59542006543433,33.99182391580292,147228601,34.348591287572106
2026-01-16,32.90170669555664,34.526971082879726,32.78278592537823,33.744068136657006,91815421,33.40382123460486
2026-01-19,32.54494094848633,32.82242400864237,32.207995612401206,32.63413247216837,60519787,32.5251201898433
2026-01-20,32.10889434814453,33.089997289984666,31.74221599817481,32.87197273383218,56214851,32.31370254543467
2026-01-21,32.01970291137695,32.485477491066874,31.880957605921907,31.910690633016646,43126892,32.12871266945525
2026-01-22,31.970149993896484,32.663861418304045,31.811587706639596,32.20799531499338,55820276,32.148533039613376
2026-01-23,32.40620040893555,32.465658906258874,32.09898431121302,32.15844658895962,49826485,32.323614542135815
2026-01-26,31.821500778198242,32.53503297905164,31.48455543673116,32.45574994321316,54915962,31.947029731327017
2026-01-27,32.36655807495117,32.624220377848,31.56383624771329,32.098983502468016,51664629,32.18487156683749
2026-01-28,31.98006248474121,32.50529935608662,31.940420967546764,32.37646631541624,36871425,32.14192760279153
2026-01-29,31.98006248474121,32.4854785974894,31.0385972437004,31.72239640340045,50589557,31.834712775310336
2026-01-30,30.77102279663086,31.821500323956098,30.721472790150735,31.662938034965794,52834097,31.104665303579228
2026-02-02,29.898929595947266,30.979136348992803,29.898929595947266,30.622370260952355,37443818,30.25899851362911
2026-02-03,30.374616622924805,30.394437381307043,29.83946937808531,30.216054336290025,28022856,30.202841127439054
2026-02-04,30.166505813598633,30.295336968993684,29.55207550502343,30.07731428670527,35041639,30.004639429205252
2026-02-05,29.809738159179688,30.107041973255853,29.690815499422293,29.928660818937086,23029399,29.86919854395261
2026-02-06,29.502525329589844,29.8592895449291,29.29441113794794,29.532254578244657,22936621,29.55207533748896
2026-02-09,30.235876083374023,30.285426090738323,29.869199602158687,29.978211886614094,27619376,30.130167258757012
2026-02-10,30.57282066345215,30.780932957445117,30.097133799858298,30.30524609385127,26539621,30.483629140251853
2026-02-11,30.48362922668457,30.830484941201227,30.434077330204147,30.572820750137755,20166788,30.58273049936331
2026-02-12,30.463808059692383,30.622370345880885,30.23587500957285,30.463808059692383,22780328,30.44068447171537
2026-02-13,30.126863479614258,30.602550350031734,30.057492713954826,30.3448880462143,22846562,30.262302181200273
2026-02-24,29.75027847290039,30.404348391393814,29.661086948541143,30.305246487637806,26207802,29.93857127094512
2026-02-25,29.87911033630371,30.116953776856192,29.75027918150048,29.789918809820076,19825798,29.915447764886796
2026-02-26,29.581806182861328,30.216055350693246,29.512435416406163,30.027761920163787,27872918,29.770098983320242
2026-02-27,29.75027847290039,29.839469997259638,29.532253906594853,29.542164285991614,20579704,29.70733412558496
2026-03-02,28.689891815185547,29.234949438462085,28.4124068688528,29.13584753689956,43279938,28.77908270750014
2026-03-03,27.431303024291992,28.977286318952487,27.401571885663504,28.679982493514107,42924777,27.936720409635996
2026-03-04,26.777233123779297,27.401571913928557,26.678131218460404,27.00516618286461,39212251,26.95231208538942
2026-03-05,27.23309898376465,27.540315076361797,27.064626313383236,27.27274050160103,27740342,27.279346791169896
2026-03-06,27.60968589782715,27.71869629167297,27.06462636775159,27.104267885667607,19784095,27.464336185750568
2026-03-09,27.431303024291992,27.599775696096838,26.73759157798694,27.114178439767954,27622723,27.256223432791923
2026-03-10,27.67905616760254,28.006091123698543,27.43130235570522,27.847528835301183,23125379,27.705483215668767
2026-03-11,27.550222396850586,27.748426197200917,27.46103087571409,27.6988761922191,23435525,27.586559823255197
2026-03-12,27.599775314331055,27.827708370028436,27.411481886045063,27.500673410485184,19025929,27.612988523468186
2026-03-13,27.04480743408203,27.441213161232536,26.975434777895536,27.361932015802434,22847669,27.1538184577367
2026-03-16,27.114177703857422,27.213277716172776,26.777232369392816,26.866423892645894,20482998,27.03489592980767
2026-03-17,27.312379837036133,27.916899746092525,27.292560968541572,27.510583643674437,35120494,27.507280183890078
2026-03-18,27.27273941040039,27.38174979966565,26.94570446218155,27.2033686471739,19787416,27.20006455741586
2026-03-19,26.915973663330078,27.20336898912274,26.83669252004444,26.89615290495578,19639679,26.985345057499085
2026-03-20,25.86549949645996,27.04480822307237,25.86549949645996,26.95561669558503,32051490,26.258602405330763
2026-03-23,24.81502342224121,25.637566025842006,24.65645923906159,25.3204395496944,33998886,25.036349562381602
2026-03-24,25.201519012451172,25.449272833823738,24.82493214544635,25.34026054755208,20112061,25.158574663907086
2026-03-25,25.568193435668945,25.716847239650775,25.181698081824113,25.19160846143701,20238234,25.488912919047944
2026-03-26,24.75555992126465,25.48891096255125,24.74564954216748,25.469092094568452,19781635,24.996706808661127
2026-03-27,25.201519012451172,25.251069020641026,24.33933488238152,24.428526409292576,18351645,24.930640971824573
2026-03-30,25.36008071899414,25.369991098444693,24.75556080399184,24.815023080695138,19150140,25.161877540476894
2026-03-31,25.300621032714844,25.726756019612438,25.290710652990015,25.449272948163927,17044156,25.439362568439098
2026-04-01,25.61774444580078,25.736665216610387,25.439361399374803,25.647473693397398,16926538,25.597923687261993
2026-04-02,25.13214683532715,25.488911032750075,25.023134555169605,25.47900065362561,14010311,25.214730807748946
2026-04-03,24.97358512878418,25.449271996518153,24.933943611367223,25.399720099746954,12045845,25.118933578889852
2026-04-07,25.13214683532715,25.45918178558823,25.072684560580374,25.14205721445161,13128531,25.22133772716525
2026-04-08,26.232173919677734,26.232173919677734,25.588014362317722,25.588014362317722,32050758,26.017454067224396
2026-04-09,25.736665725708008,26.00424030063988,25.59792419361516,26.00424030063988,20812186,25.779610073321013
2026-04-10,26.648399353027344,26.906063543744615,25.776306768470988,25.776306768470988,44501634,26.443589888414312
2026-04-13,26.450197219848633,26.598849127440957,26.202443410457576,26.261903795452195,22470280,26.417163252582387
2026-04-14,26.68804168701172,26.77723321307499,26.27181519545365,26.707862446183917,25301214,26.579030031846788
2026-04-15,26.1826229095459,26.80696168365828,26.14298139235193,26.737590918780413,21794604,26.377521995185372
2026-04-16,26.47992706298828,26.519568580684258,26.27181476571921,26.380827049171543,20536291,26.423770136463915
2026-04-17,26.390735626220703,26.529479048406802,26.033971416827498,26.31145448077648,20380371,26.318062030485
2026-04-20,26.470016479492188,26.658309906673214,26.33127494904911,26.55920800340891,21462614,26.486533778404837
2026-04-21,26.1826229095459,26.380826715092585,25.984419103999215,26.370916335794092,17923424,26.1826229095459
2026-04-22,26.608760833740234,26.737591989355884,25.796128600841797,26.033972042894145,29469173,26.380827141312636
2026-04-23,26.22226333618164,26.70786248555831,26.103342561396378,26.559208681759277,20626060,26.34448946104544
2026-04-24,25.964599609375,26.162801519929687,25.578102386902028,26.024059993520254,19952883,25.90183450540224
2026-04-27,26.261903762817383,26.380826422870395,25.835766908760462,25.98441881616806,19981153,26.15949903148275
2026-04-28,25.90513801574707,26.489837164139313,25.806038002971366,26.103341821721642,21004889,26.067004394285917
2026-04-29,25.90513801574707,26.014150298054243,25.667294582704535,25.915048395066957,20506654,25.86219429883528
2026-04-30,26.549299240112305,27.19345876936103,26.30154542961575,26.311453918649434,47833315,26.68143447969636
2026-05-06,27.14390754699707,27.40157174313553,26.658310293193995,26.737591438912627,48062786,27.067929861108865
2026-05-07,27.21327781677246,27.441212760490473,26.95561551554615,27.431302381179986,31598218,27.203368697603025
2026-05-08,27.411481857299805,27.708785678314047,27.005165753148265,27.153817663655385,33726281,27.37514442958737
2026-05-11,27.758337020874023,27.827707785044364,27.12408787393197,27.361931304035238,44183908,27.570044226616787
2026-05-12,27.153818130493164,27.669146526641708,27.09435774331037,27.639415387944496,32810012,27.305774133481748
2026-05-13,27.104267120361328,27.133996367747304,26.648399128256923,26.96552370178439,29598944,26.96222087212185
2026-05-14,26.509658813476562,27.50067409622335,26.479927674517967,27.371842941159393,33498141,26.83008686140596
2026-05-15,25.875408172607422,26.678129976931842,25.815945898056324,26.48983655460978,33454341,26.12316134919853
2026-05-18,26.420467376708984,26.757412725206294,25.56819362577913,25.617745524212058,29182313,26.248691242564803
2026-05-19,26.658309936523438,26.67813069524081,26.06370040648337,26.410556123191043,26239752,26.466713679415875
2026-05-20,26.16280174255371,26.479926314308905,26.093430978758704,26.46010744623287,19973297,26.245386345207105
2026-05-21,25.93486976623535,27.24300962397067,25.83576786090748,26.36100663599705,41761311,26.337882417037832
2026-05-22,25.597923278808594,26.192532794003448,25.320438334327918,26.024060129535098,33378912,25.703631469046655
2026-05-25,25.915048599243164,26.13307316557525,25.488911736188555,25.518642874382458,26519243,25.84567783366899
2026-05-26,25.76639747619629,26.103342825178864,25.161877545925492,25.76639747619629,31771462,25.677205949100216
2026-05-27,25.1024169921875,25.924959599811196,25.023135845315757,25.578103873417955,29398634,25.35017081243815
2026-05-28,24.59699821472168,25.191607743057844,23.78436601175394,25.132147357287703,46047475,24.524323989844486
2026-05-29,24.05194091796875,24.943854277787416,24.032120159032164,24.70601084118321,32185591,24.342638451596113
2026-06-01,24.428525924682617,24.95376469604903,23.81409751838613,23.81409751838613,32798575,24.398796046372592
2026-06-02,24.160951614379883,24.626730004166777,23.89337892623032,24.51771771886148,25347845,24.227020181592327
2026-06-03,24.071762084960938,24.63664049274798,23.804187505416028,24.170862100900553,28156660,24.17086336104165
2026-06-04,23.348318099975586,24.02220875333811,23.209576573769723,23.972658748325024,30630804,23.526701142361137
2026-06-05,22.94200325012207,23.52670241389265,22.94200325012207,23.38796088018832,24705581,23.13690297137893
2026-06-08,22.059999465942383,22.94200242454342,21.79242489753143,22.476225942288902,30936606,22.26480892933908
2026-06-09,22.270000457763672,22.290000915527344,21.860000610351562,22.260000228881836,19704278,22.14000066121419
2026-06-10,21.790000915527344,22.200000762939453,21.579999923706055,22.040000915527344,21891679,21.856667200724285
2026-06-11,21.020000457763672,21.700000762939453,20.90999984741211,21.600000381469727,28922141,21.21000035603841
2026-06-12,21.709999084472656,22.059999465942383,21.110000610351562,21.350000381469727,32346211,21.6266663869222
2026-06-15,22.639999389648438,23.229999542236328,21.969999313354492,22.09000015258789,45018141,22.613332748413086
2026-06-16,22.579999923706055,22.81999969482422,22.350000381469727,22.5,26668000,22.583333333333332
2026-06-17,22.5,22.56999969482422,22.200000762939453,22.56999969482422,21932651,22.423333485921223
2026-06-18,22.25,22.709999084472656,22.239999771118164,22.479999542236328,22663618,22.399999618530273
2026-06-22,23.56999969482422,23.709999084472656,21.860000610351562,22.0,56383359,23.046666463216145
2026-06-23,23.280000686645508,24.270000457763672,23.100000381469727,23.489999771118164,43957247,23.5500005086263
2026-06-24,22.59000015258789,23.280000686645508,22.350000381469727,23.110000610351562,32577646,22.740000406901043
2026-06-25,22.549999237060547,23.079999923706055,22.25,22.399999618530273,35121441,22.6266663869222
