date,close,high,low,open,volume,vwap
2018-01-02,4.522652626037598,4.554147542379641,4.484858906641815,4.491158010053337,49500856,4.520553025019685
2018-01-03,4.5730438232421875,4.591940529748759,4.516353103007004,4.528951007463964,55527469,4.5604458186659835
2018-01-04,4.598240375518799,4.604539178586691,4.560446355680314,4.585642469025232,42924645,4.587741969928602
2018-01-05,4.5919413566589355,4.617137170110079,4.573044646749472,4.598240460200616,39693044,4.594041057839496
2018-01-08,4.554147243499756,4.604538866053694,4.535250234863147,4.59194096041521,70728082,4.564645448138866
2018-01-09,4.560446262359619,4.579343271892171,4.547848356123843,4.55414745942062,39354221,4.562545963458544
2018-01-10,4.598240375518799,4.617137085080259,4.5478484491867475,4.573044562531664,58626264,4.587741969928602
2018-01-11,4.598240375518799,4.636034094999501,4.585642469025232,4.591941272093124,43032764,4.606638979847844
2018-01-12,4.5919413566589355,4.629735076835652,4.585642553475044,4.610838366926187,30936859,4.60243966232321
2018-01-15,4.629734992980957,4.648632002905943,4.579343366991372,4.598240376916358,76277165,4.6192367876260905
2018-01-16,4.629734992980957,4.629734992980957,4.585642470418962,4.610838283413754,46748893,4.615037485460292
2018-01-17,4.673828125,4.736817661652735,4.6108385883472645,4.623436495677812,109441414,4.673828125
2018-01-18,4.717920303344727,4.730518510106131,4.667528677730234,4.686425687514559,67974014,4.705322497060364
2018-01-19,4.799807548522949,4.837601273272206,4.755715019827729,4.755715019827729,132260260,4.797707947207628
2018-01-22,4.730518341064453,4.787208767676075,4.711621331955399,4.774610861722629,97380316,4.743116146898642
2018-01-23,4.818704128265381,4.831302035383602,4.711621767581604,4.724219674699825,118666717,4.787209310410195
2018-01-24,4.862796306610107,4.9005903256303975,4.774610963064242,4.8313016912369005,148859926,4.8459991984349156
2018-01-25,4.799807548522949,4.843900377575994,4.762013823773692,4.843900377575994,79458185,4.801907249957545
2018-01-26,4.850198268890381,4.887992286885997,4.787208739493967,4.787208739493967,85956641,4.841799765090115
2018-01-29,4.793508052825928,4.875394294453402,4.774611042999414,4.850198481589905,91533019,4.814504463426248
2018-01-30,4.705322742462158,4.806106301449659,4.699023938976704,4.793508394120947,68342136,4.73681766096284
2018-01-31,4.730518341064453,4.736817143862291,4.680126416892898,4.692724322846344,84584594,4.715820633939881
2018-02-01,4.793508052825928,4.806105959257676,4.699023604408922,4.717920313877655,124819105,4.766212538830842
2018-02-02,4.768311977386475,4.787208685814624,4.711621251386496,4.755714071648454,62354936,4.755713971529198
2018-02-05,4.9131879806518555,4.925785886228593,4.705322088099043,4.72421909664303,157635660,4.848098651659831
2018-02-06,4.825003147125244,4.919487604910378,4.806106435782904,4.850198962486905,201354610,4.850199062606175
2018-02-07,4.755714416503906,4.976177933084836,4.755714416503906,4.887992586524022,160803229,4.829202255364216
2018-02-08,4.617137432098389,4.762013517842004,4.5793437097771585,4.749415610401595,98494873,4.652831553239184
2018-02-09,4.5415496826171875,4.573044599283107,4.440766429858701,4.5415496826171875,129082227,4.518453570586332
2018-02-12,4.560446262359619,4.591941178127946,4.503755834477518,4.522652543652293,55113084,4.552047758321694
2018-02-13,4.610837459564209,4.6486311723035385,4.573043746824879,4.573043746824879,41155277,4.610837459564209
2018-02-14,4.610837459564209,4.629734165755009,4.591940453015679,4.617136261508566,26351961,4.610837359444965
2018-02-22,4.686426162719727,4.692724966381348,4.629735427976072,4.654931243338182,40352233,4.6696288523590495
2018-02-23,4.699023723602295,4.711621630353596,4.667528806545146,4.686425816850994,29974961,4.692724720167012
2018-02-26,4.717920303344727,4.736817313129052,4.680126584133857,4.699023593918183,34545619,4.711621400202545
2018-02-27,4.623435974121094,4.736817127305811,4.623435974121094,4.736817127305811,36881977,4.661229691849333
2018-02-28,4.604538917541504,4.636033832168772,4.5730443032720025,4.610838020610064,48044847,4.60453901766076
2018-03-01,4.63603401184082,4.661229824376005,4.566745377190171,4.579343283457764,62790814,4.621336404468999
2018-03-02,4.617137432098389,4.648632350878316,4.585642813676267,4.610838628557087,34179750,4.617137532217657
2018-03-05,4.610837459564209,4.654929974247896,4.5982395553177655,4.604538357262123,31432790,4.62133566304329
2018-03-06,4.63603401184082,4.6423328147957275,4.5982402930380415,4.63603401184082,21289939,4.625535706558196
2018-03-07,4.604538917541504,4.686425455286188,4.604538917541504,4.648631737948127,29062017,4.631834430123065
2018-03-08,4.617137432098389,4.636034443437906,4.598240721116676,4.636034443437906,17396520,4.617137532217657
2018-03-09,4.617137432098389,4.629735339538798,4.598240721116676,4.629735339538798,20399374,4.615037830917955
2018-03-12,4.617137432098389,4.629735339538798,4.604539524657978,4.617137432098389,24556201,4.617137432098389
2018-03-13,4.5919413566589355,4.648632087102904,4.585642553475044,4.62343627365176,26123170,4.608738665745627
2018-03-14,4.560446262359619,4.598240281424723,4.55414745942062,4.5856423751889475,17660761,4.570944667734987
2018-03-15,4.547847747802734,4.560445652353412,4.535249843252057,4.535249843252057,14511587,4.547847747802734
2018-03-16,4.522652626037598,4.56044634543338,4.510054719572337,4.535250532502858,24805034,4.531051230347772
2018-03-19,4.510054588317871,4.535250400515128,4.510054588317871,4.5163536915460725,15273793,4.518453192383624
2018-03-20,4.522652626037598,4.535250532502858,4.503755916518598,4.503755916518598,16601097,4.520553025019685
2018-03-21,4.503756523132324,4.5478490515206955,4.503756523132324,4.5352511433586145,21694843,4.518454032595115
2018-03-22,4.478559970855713,4.522652491998452,4.478559970855713,4.510054585906559,19351151,4.493257477903293
2018-03-23,4.327385425567627,4.44706570099254,4.283292898024324,4.440766897211132,59395065,4.352581341528164
2018-03-26,4.295889854431152,4.327384467077956,4.239199131166054,4.3210856646916955,38664139,4.287491150891721
2018-03-27,4.302188873291016,4.358879599408626,4.289590967526854,4.321085882116141,25705564,4.316886480075499
2018-03-28,4.314786911010742,4.358879732712645,4.270694389666614,4.270694389666614,22781103,4.314787011130001
2018-03-29,4.36517858505249,4.3714776883774435,4.3021890535918486,4.3147869598839765,23625388,4.346281775673927
2018-03-30,4.333683967590332,4.384075592736628,4.327384864268156,4.365178583127878,19860592,4.348381474865039
2018-04-02,4.327385425567627,4.371478253468748,4.327385425567627,4.346282437627484,24152840,4.342083034868001
2018-04-03,4.302188873291016,4.333683787880302,4.283292164823656,4.321085882116141,16200017,4.306388275331658
2018-04-04,4.289590835571289,4.314786646324544,4.283292033061854,4.3021887409479165,18396218,4.295889838319229
2018-04-09,4.295889854431152,4.302188656817413,4.27699284655687,4.289590751687141,18262044,4.291690452601812
2018-04-10,4.3714776039123535,4.384075509961066,4.28329226157136,4.295890167620073,24476200,4.346281791814927
2018-04-11,4.396673679351807,4.440766503342162,4.3588799589419835,4.377776668968,26217027,4.398773380545317
2018-04-12,4.3714776039123535,4.409271322058493,4.352580594660397,4.409271322058493,18109392,4.377776506877081
2018-04-13,4.333683967590332,4.390374395701026,4.333683967590332,4.384075592736628,12837318,4.352580776960564
2018-04-16,4.295889854431152,4.358879380082511,4.27699284655687,4.358879380082511,25108476,4.310587360356845
2018-04-17,4.289590835571289,4.321085749191735,4.258096222308599,4.2958899384384805,25886186,4.2895909356905415
2018-04-18,4.308487415313721,4.346281127684822,4.29588951119002,4.333683223561121,25554512,4.316886018062854
2018-04-19,4.308487415313721,4.333683223561121,4.29588951119002,4.333683223561121,17890330,4.312686716688288
2018-04-20,4.232900142669678,4.308487875849201,4.201405529172822,4.289590867464881,27249762,4.247597849230567
2018-04-23,4.245498180389404,4.264395189362376,4.207704462801228,4.207704462801228,15449258,4.2391992775176695
2018-04-24,4.308487415313721,4.308487415313721,4.220301786090091,4.220301786090091,22659010,4.2790922055725105
2018-04-25,4.264395713806152,4.314787343454316,4.2580969102790345,4.2895915286302335,18125603,4.279093322513167
2018-04-26,4.245498180389404,4.302188906950552,4.2391993776369254,4.295890104198073,17484809,4.262295488325627
2018-04-27,4.283292293548584,4.302189002583843,4.258096481263056,4.276993190298314,25484920,4.281192592465161
2018-05-02,4.289590835571289,4.321085749191735,4.258096222308599,4.314786646324544,24175050,4.2895909356905415
2018-05-03,4.289590835571289,4.3021887409479165,4.258096222308599,4.283292033061854,21377739,4.283291932942602
2018-05-04,4.270694255828857,4.302188870036554,4.251797247018027,4.295890067338121,19732790,4.274893457627813
2018-05-07,4.283292293548584,4.289591096441079,4.26439528415555,4.27069438740582,25350972,4.279092891381738
2018-05-08,4.308487415313721,4.321085319437421,4.276992504825606,4.276992504825606,26390011,4.3021884131922485
2018-05-09,4.302188873291016,4.308487976351979,4.283292164823656,4.308487976351979,17699333,4.297989671488884
2018-05-10,4.3399834632873535,4.346282567614971,4.302189738395133,4.308488842722749,28178051,4.329485256432485
2018-05-11,4.333683967590332,4.352580676841304,4.314786957981582,4.346281873876906,16186298,4.3336838674710725
2018-05-14,4.3462815284729,4.371477339043708,4.327384520365918,4.3462815284729,21888363,4.348381129294175
2018-05-15,4.3399834632873535,4.346282567614971,4.3147876466925394,4.346282567614971,16939597,4.333684559198288
2018-05-16,4.289590835571289,4.333683654568363,4.283292033061854,4.333683654568363,24526212,4.302188841067168
2018-05-17,4.289590835571289,4.314786646324544,4.276992930194662,4.2958899384384805,15838641,4.293790137363498
2018-05-18,4.333683967590332,4.333683967590332,4.27699323912186,4.289591145408434,20367510,4.314787058100841
2018-05-21,4.3462815284729,4.358879433758304,4.327384520365918,4.3462815284729,23846814,4.344181827532374
2018-05-22,4.3399834632873535,4.352581371584761,4.3147876466925394,4.346282567614971,19173259,4.335784160521551
2018-05-23,4.295889854431152,4.333683569821967,4.289590751687141,4.333683569821967,18842718,4.306388058646753
2018-05-24,4.283292293548584,4.308488105834112,4.27069438740582,4.308488105834112,18353804,4.287491595596172
2018-05-25,4.283292293548584,4.302189002583843,4.258096481263056,4.295890199691348,22528220,4.281192592465161
2018-05-28,4.276993274688721,4.295890284454615,4.245498358531489,4.28329237806328,23952419,4.272793972558275
2018-05-29,4.232900142669678,4.270694159438319,4.220302237199384,4.2517971510539985,23501340,4.241298846435794
2018-05-30,4.15101432800293,4.220302664933141,4.13841642125582,4.21400386173848,30303512,4.169911138063964
2018-05-31,4.169910907745361,4.207704626806638,4.138416292039853,4.18880791745489,49904635,4.172010608863951
2018-06-01,4.188807964324951,4.195106767393421,4.157313047909256,4.17621005783023,16765434,4.180409259875876
2018-06-04,4.169910907745361,4.201405823808648,4.157313001391602,4.18880791745489,29023743,4.17620991098187
2018-06-05,4.088024616241455,4.169911162726974,4.056529998610115,4.169911162726974,61876150,4.104821925859515
2018-06-06,4.07542610168457,4.08172520448665,4.025034480698943,4.08172520448665,49247469,4.060728595623388
2018-06-07,4.069127559661865,4.0817254657145305,4.018735935451205,4.069127559661865,81001346,4.0565296536092
2018-06-08,3.974642753601074,4.043931380785369,3.936849038870843,4.043931380785369,64773960,3.985141057752429
2018-06-11,3.943148136138916,3.9557460410318495,3.911653223727709,3.9557460410318495,51703765,3.936849133632825
2018-06-12,3.9179530143737793,3.936850026659185,3.88015929016079,3.930550922444776,56944531,3.9116541103979183
2018-06-13,3.861262798309326,3.899056524676403,3.854963693735894,3.899056524676403,37408822,3.8717610055738745
2018-06-14,3.8738598823547363,3.8864577884616716,3.829767060801576,3.8423649669085114,32389708,3.863361577205995
2018-06-15,3.9053542613983154,3.924251269595444,3.8612617428679403,3.8675605453618127,37046692,3.8969557579539003
2018-06-19,3.7793753147125244,3.8864576633532883,3.747880400280148,3.8864576633532883,60318395,3.80457112611532
2018-06-20,3.7982728481292725,3.8171695591128407,3.7793758367878985,3.7793758367878985,33595052,3.7982727480100036
2018-06-21,3.791973352432251,3.8297670708522404,3.766777540152258,3.7982724556811367,32223155,3.7961726544789163
2018-06-22,3.8108701705932617,3.817168973168301,3.7604782482041466,3.7919731621526234,23482702,3.79617246398857
2018-06-25,3.7793753147125244,3.836066040547697,3.747880400280148,3.8297669375181163,34035651,3.7877739185134565
2018-06-26,3.7604784965515137,3.779375506240137,3.678592255521556,3.773076402891336,40693265,3.7394820861044025
2018-06-27,3.722684383392334,3.760478098410387,3.703787676062181,3.7289834860742164,25023943,3.7289833859549675
2018-06-28,3.766777276992798,3.7730760794438543,3.684890742624796,3.684890742624796,33469660,3.741581366353816
2018-06-29,3.7982728481292725,3.804571651671193,3.7541800219046033,3.7730767328881716,20357575,3.7856748405683565
2018-07-02,3.741581916809082,3.7919735439136697,3.6974890929136737,3.785674740704491,28254197,3.7436815178788088
2018-07-03,3.7793753147125244,3.7856744177421056,3.7226845888773523,3.728983691906933,28788384,3.7625781071106608
2018-07-04,3.791973352432251,3.8234682679611294,3.766777540152258,3.7793754462922546,23241603,3.7940730535152127
2018-07-05,3.6911895275115967,3.779374856735256,3.6407979108123634,3.7667769525604475,88027649,3.7037874316864055
2018-07-06,3.6911895275115967,3.6974883294201373,3.621900904371287,3.678591623336789,72603832,3.6701929204343404
2018-07-09,3.791973352432251,3.8045712585722473,3.6722930939233964,3.678592197172282,52231047,3.756279234975965
2018-07-10,3.8234682083129883,3.8297670111058344,3.779375387331984,3.791973293275447,36511937,3.810870202250269
2018-07-11,3.817168712615967,3.8360657197667325,3.7163854754325185,3.7730758961693383,50850674,3.789873302605072
2018-07-12,3.8481388092041016,3.8613173538574874,3.7690672270824987,3.795424630590559,52269840,3.826174463381362
2018-07-13,3.802013874053955,3.8481389389971925,3.8020138740539555,3.8481389389971925,29217243,3.817388895701701
2018-07-16,3.7624785900115967,3.8151927753243298,3.755889159746841,3.8151927753243298,22888698,3.777853508360922
2018-07-17,3.7361209392547607,3.775656572333491,3.722942394895184,3.769067143053062,23225624,3.7449066354944787
2018-07-18,3.716352939605713,3.7756565459094107,3.7031743953383667,3.7361209131073716,29057060,3.7317279602844966
2018-07-19,3.722942590713501,3.729531706139221,3.689996070981006,3.722942590713501,22751706,3.7141567892779093
2018-07-20,3.821781873703003,3.8613175092542518,3.6834069921729813,3.7163531980317046,65313076,3.788835458376745
2018-07-23,3.881084680557251,3.894263224079298,3.775656332380878,3.8020134194249713,56703242,3.8503347456724755
2018-07-24,3.9272098541259766,3.933798968977876,3.861317134600629,3.8679062494525285,61627268,3.9074419859014937
2018-07-25,3.920621633529663,3.9272110646139,3.881085989628346,3.920621633529663,30464941,3.909639562590636
2018-07-26,3.914031505584717,3.927210050147576,3.8942635316397842,3.920620620765503,27951370,3.911835029124026
2018-07-27,3.914031505584717,3.920620620765503,3.874495871896138,3.914031505584717,20750780,3.903049332748786
2018-07-30,3.920621633529663,3.9469787294638747,3.8876754207125828,3.9008539686796886,30397007,3.918425261235374
2018-07-31,3.920621633529663,3.9403896125810056,3.8876754207125828,3.920621633529663,24298643,3.916228888941084
2018-08-01,3.881084680557251,3.9469773981674843,3.8481384788527655,3.927209739985045,37828954,3.8920668525258333
2018-08-02,3.815192461013794,3.8876746169481016,3.7427103050794863,3.861317526463136,39319980,3.815192461013794
2018-08-03,3.7888355255126953,3.8283711628573656,3.7756569797311386,3.7954249555041315,18168689,3.7976212227004
2018-08-06,3.7756567001342773,3.8415494241625394,3.7690672706308046,3.802013789745582,23199842,3.7954244649758735
2018-08-07,3.8283708095550537,3.8349602389383826,3.749299542162828,3.788835175858941,31870479,3.804210196885421
2018-08-08,3.815192461013794,3.8415495514987597,3.802013915771311,3.828371006256277,20522759,3.819585309427955
2018-08-09,3.8481388092041016,3.867906469083536,3.788835201163222,3.788835201163222,27834849,3.834960159816953
2018-08-10,3.834960460662842,3.8547281215531544,3.821781915335532,3.8547281215531544,26844695,3.837156832517176
2018-08-13,3.808603048324585,3.8283707075452744,3.7690671014806503,3.8151921633310555,24276518,3.8020136191168366
2018-08-14,3.821781873703003,3.828370989194227,3.788835353642978,3.802013898826728,14436124,3.8129960721800695
2018-08-15,3.7624785900115967,3.8283713216525133,3.7624785900115967,3.821782205589086,27524977,3.784442833891902
2018-08-16,3.7624785900115967,3.7888356826679632,3.709764404698864,3.7493000436834136,28917846,3.753692892459475
2018-08-17,3.7361209392547607,3.788835116693068,3.7295315099743314,3.788835116693068,16244924,3.7514958553073865
2018-08-20,3.802013874053955,3.808603303703546,3.7492996936624268,3.7624782387603086,25021460,3.786638957139976
2018-08-21,3.7954251766204834,3.8349608162684468,3.788835746245156,3.8217822697191255,19650991,3.8064072463780287
2018-08-22,3.7492992877960205,3.802013462481173,3.7361207441247326,3.7954243477461618,24636611,3.7624778314673084
2018-08-23,3.7624785900115967,3.7822462524032074,3.73612149735523,3.7624785900115967,24335146,3.7602821132566784
2018-08-24,3.821781873703003,3.887674599621751,3.7361211729079797,3.7558888335829534,45603871,3.8151925487442444
2018-08-27,3.8283708095550537,3.8349602389383826,3.7822457464756125,3.8217816943730116,50820431,3.8151922649896832
2018-08-28,3.8283708095550537,3.8481387835037535,3.815192264989683,3.8283708095550537,23558250,3.8305672860161635
2018-08-29,3.802013874053955,3.8349603938993106,3.7888353289560732,3.8283709642497197,19023417,3.8086031989697795
2018-08-30,3.7690672874450684,3.83496032596858,3.7690672874450684,3.815192351571268,23191491,3.7910316336195726
2018-08-31,3.8415496349334717,3.8547281804621796,3.7690674774249224,3.7822460229536303,58956255,3.8217817642735246
2018-09-03,3.815192461013794,3.848138981220653,3.7888353705288282,3.828371006256277,30000176,3.8173889375877583
2018-09-04,3.8481388092041016,3.867906469083536,3.8020137458166072,3.8217817198973303,36542382,3.8393530080347484
2018-09-05,3.7756567001342773,3.8547279689681915,3.7756567001342773,3.828370879356887,33894767,3.802013789745582
2018-09-06,3.7756567001342773,3.808603219249054,3.7690672706308046,3.782245815436457,19243603,3.7844423966713787
2018-09-07,3.7822458744049072,3.808603278628439,3.755888784382673,3.7822458744049072,19176302,3.7822459791386733
2018-09-10,3.7624785900115967,3.7822462524032074,3.742710613418658,3.7624785900115967,16748983,3.762478485277821
2018-09-11,3.729531764984131,3.7756568304971294,3.722942649454447,3.762478285236459,20392897,3.742710414978569
2018-09-12,3.729531764984131,3.755888855505472,3.709764104193776,3.722942649454447,15753922,3.7317282415611266
2018-09-13,3.7888355255126953,3.7888355255126953,3.749299888168025,3.7690675497397024,26520876,3.7756569797311386
2018-09-14,3.7954251766204834,3.8217822697191255,3.775657199695835,3.7954251766204834,15354385,3.7976215486784812
2018-09-17,3.7558889389038086,3.782246030010401,3.749299823227816,3.775656914334408,15087951,3.762478264047342
2018-09-18,3.802013874053955,3.808603303703546,3.742710264012836,3.7492996936624268,24138312,3.784442480590112
2018-09-19,3.808603048324585,3.821781592538804,3.7888350749026176,3.8020136191168366,29899941,3.806406571922002
2018-09-20,3.821781873703003,3.8349604188867525,3.802013898826728,3.8151924440104774,27704956,3.819585397138828
2018-09-21,3.920621633529663,3.920621633529663,3.808604132909949,3.8283717977599236,51542984,3.883282466656425
2018-09-25,3.900853157043457,3.9140317022685513,3.8744960665932693,3.881085182105165,27675753,3.8964603086350924
2018-09-26,3.9469778537750244,3.993102918527127,3.90085310322422,3.9140316482674926,59522536,3.9469779585087905
2018-09-27,3.9667463302612305,3.9733357607171236,3.940389236840332,3.953567783550781,32148838,3.9601571092728953
2018-09-28,4.0260491371154785,4.052406225230696,3.9601564168274335,3.973334960885042,49044695,4.012870593057869
2018-10-08,3.8744964599609375,3.946978308957199,3.841549936452575,3.946978308957199,55606704,3.8876749017902372
2018-10-09,3.8613171577453613,3.9074419045889415,3.8415491846686325,3.8613171577453618,30343007,3.8701027490009783
2018-10-10,3.900853157043457,3.900853157043457,3.854728091654977,3.8744960665932693,22437653,3.885478135247297
2018-10-11,3.7558889389038086,3.861317617531488,3.7163533022439204,3.815192550994296,50466325,3.777853286226405
2018-10-12,3.7888355255126953,3.8086035012856883,3.7361213423864683,3.762478433949582,31025748,3.7778534563949506
2018-10-15,3.722942590713501,3.808603290656949,3.6834069555552857,3.7888353159771926,53959580,3.738317612308579
2018-10-16,3.7361209392547607,3.775656572333491,3.709763850535607,3.7163529656147545,27654991,3.7405137873746193
2018-10-17,3.7822458744049072,3.808603278628439,3.736121123966646,3.76247821398888,35503386,3.775656758999997
2018-10-18,3.729531764984131,3.802013921018471,3.71635321972346,3.7888353757578,34750417,3.749299635242021
2018-10-19,3.8415496349334717,3.8415496349334717,3.71635329531009,3.755888931896214,53374685,3.7998175217256773
2018-10-22,3.9272098541259766,3.979924029746255,3.8415491616423894,3.8481385906955596,68351138,3.916227681838207
2018-10-23,3.867906332015991,3.940388482141697,3.867906332015991,3.9008528495825696,48315386,3.8920670487245594
2018-10-24,3.9469778537750244,4.045817098700217,3.8876745581809478,3.8876745581809478,70956136,3.960156503552063
2018-10-25,3.979924201965332,3.999692175778971,3.8810849612997087,3.8876743906380162,37816947,3.9535671130146706
2018-10-26,3.98651385307312,4.006281513785147,3.953567332951338,3.993102968576695,43014070,3.9821208999365347
2018-10-29,3.979924201965332,4.039227809204963,3.9403885685393396,4.0194598353913245,49399568,3.9865135265698783
2018-10-30,4.065585613250732,4.072174729546714,3.979924901993593,4.019460542373502,62858851,4.039228414930347
2018-10-31,4.006280899047852,4.072173614979312,3.98651324136904,4.065584500486793,41174119,4.0216559184654015
2018-11-01,4.012871265411377,4.058996020240539,4.006281835177881,4.03263892770921,45857662,4.026049706943265
2018-11-02,4.058995723724365,4.098531359633216,4.012870972264691,4.058995723724365,58989167,4.056799351874091
2018-11-05,4.045816898345947,4.085352531517907,4.026049238860609,4.052406327641915,24256294,4.0524062229081546
2018-11-06,4.012871265411377,4.05240690420837,4.006281835177881,4.045817473974874,30081745,4.023853334932543
2018-11-07,4.0260491371154785,4.078763313345914,4.006281163928428,4.032638252043646,30314429,4.037031204796606
2018-11-08,4.019459247589111,4.065584303608123,4.006280705040998,4.052405761060011,22703966,4.0304414187460775
2018-11-09,3.9535675048828125,4.019460233790596,3.9469780748913763,3.9931031422274827,32411554,3.9733352711882617
2018-11-12,3.979924201965332,3.999692175778971,3.960156542352978,3.960156542352978,19715095,3.9799243066990937
2018-11-13,3.993102550506592,4.01945963816396,3.933798946176877,3.960156348035515,24675168,3.982120378282476
2018-11-14,3.9469778537750244,4.012870893192685,3.9403887383540375,4.006281463570399,23182273,3.966745828440582
2018-11-15,3.973335027694702,3.9931026870128616,3.9403885098960627,3.9535670541752626,18917757,3.9689420748678756
2018-11-16,3.98651385307312,4.0194600589936,3.9667458781597906,3.9799244233682427,27599109,3.9909065967421697
2018-11-19,4.039227485656738,4.0589951436856735,4.006280970006835,4.012870398817319,29191683,4.034834533116416
2018-11-20,3.98651385307312,4.052406579115382,3.9799244233682427,4.032638604202052,24577540,4.006281618518915
2018-11-21,3.9667463302612305,3.9931034236821286,3.9601572140066748,3.9667463302612305,23678221,3.9733356559833446
2018-11-22,3.960156202316284,3.986513289003809,3.9403882302000124,3.986513289003809,14430607,3.9623525738400347
2018-11-23,3.894263505935669,3.9733350869922,3.894263505935669,3.953567113177746,21357241,3.9206206996211797
2018-11-26,3.894263505935669,3.940388568701872,3.894263505935669,3.920620594887418,16050739,3.9096385268577367
2018-11-27,3.8744964599609375,3.933799762394121,3.8679070295787312,3.907442669267965,15256766,3.8920677506445966
2018-11-28,3.900853157043457,3.9272102474936452,3.8744960665932693,3.881085182105165,16725231,3.900853157043457
2018-11-29,3.8744964599609375,3.9272106462132492,3.8744964599609375,3.9272106462132492,15008802,3.8920678553783747
2018-11-30,3.907442808151245,3.920621355182732,3.8810857140882717,3.887675144704688,25513528,3.9030499591407497
2018-12-03,3.979924201965332,4.006281290915994,3.9667456574900015,3.98651363130364,38207174,3.9843170501237757
2018-12-04,4.019459247589111,4.026048675963787,3.979923619944774,3.999691590867562,25047673,4.00847718116589
2018-12-05,4.019459247589111,4.0326377901372235,3.9865130483194497,3.9931021624928866,19575253,4.012870028681928
2018-12-06,3.960156202316284,3.979923860231299,3.9337988014275025,3.960156202316284,26653728,3.957959621325029
2018-12-07,3.9535675048828125,3.979924596445926,3.9469780748913763,3.9601569348742487,11238065,3.960156725406705
2018-12-10,3.920621633529663,3.9535681605481114,3.9008539686796886,3.9272110646139,17379516,3.925014587585821
2018-12-11,3.900853157043457,3.933799363005541,3.900853157043457,3.907442272555353,14793943,3.911835225697485
2018-12-12,3.907442808151245,3.933799902214218,3.8942642611197584,3.933799902214218,12919761,3.9118356571617405
2018-12-13,3.9272098541259766,3.946977512882946,3.8942633372626676,3.9140313102209072,19066220,3.922816901423863
2018-12-14,3.907442808151245,3.933799902214218,3.8810857140882717,3.920621355182732,25112586,3.907442808151245
2018-12-17,3.9403886795043945,3.9403886795043945,3.894263615441169,3.900853044965041,25569326,3.925013658149986
2018-12-18,3.907442808151245,3.9535678798621205,3.9008536917361742,3.907442808151245,19341000,3.920621459916513
2018-12-19,3.907442808151245,3.9469784492457047,3.9008536917361742,3.920621355182732,18607482,3.9184249830443747
2018-12-20,3.815192461013794,3.9272102526755504,3.775656825286345,3.9008531621905846,31320641,3.839353179658563
2018-12-21,3.7822458744049072,3.815192394033349,3.755888784382673,3.808603278628439,22431361,3.78444235094031
2018-12-24,3.7558889389038086,3.788835459887704,3.7361212776745196,3.7427103933505124,20435061,3.7602818921553443
2018-12-25,3.709763765335083,3.736120853448905,3.6438710450505285,3.722942309391994,41460940,3.696585221278172
2018-12-26,3.6834068298339844,3.709763919039846,3.643871196025192,3.689995945034806,29395233,3.6790139816330076
2018-12-27,3.6834068298339844,3.7295315788435985,3.6636388558289443,3.703174489637737,37274221,3.6921924215021757
2018-12-28,3.6965856552124023,3.7558889533293507,3.6965856552124023,3.7031747709137024,32751021,3.716353421251385
2019-01-02,3.6570496559143066,3.7163529481531192,3.6175137088200575,3.703174403855463,40146019,3.6636387709624945
2019-01-03,3.6899960041046143,3.6899960041046143,3.6372818248490373,3.6438712543566307,28559214,3.6724246110194216
2019-01-04,3.7492992877960205,3.7558884025310317,3.657049482097004,3.657049482097004,32642652,3.720745724141352
2019-01-07,3.7361209392547607,3.7624780279739145,3.722942394895184,3.6570496730973,29158792,3.7405137873746193
2019-01-08,3.7427101135253906,3.7492995429100326,3.722942453774038,3.7492995429100326,26005388,3.7383173700698205
2019-01-09,3.7427101135253906,3.8020137211820217,3.7427101135253906,3.76247808747803,28589983,3.7624779827442674
2019-01-10,3.7492992877960205,3.76906694620232,3.7163527715171676,3.729531315188456,30468017,3.744906335171836
2019-01-11,3.7756567001342773,3.795424674443402,3.7427101810195,3.7558887258251525,24208044,3.771263851865726
2019-01-14,3.7427101135253906,3.7888351766140245,3.7361209983420354,3.769067202661385,13991032,3.75588876282715
2019-01-15,3.7690672874450684,3.782245832309512,3.7361210823846065,3.755888742580625,19612079,3.7624780673797287
2019-01-16,3.7756567001342773,3.782245815436457,3.762478155328625,3.7690672706308046,15852063,3.7734602236331196
2019-01-17,3.7624785900115967,3.7954251129327194,3.742710613418658,3.7888356826679632,23906300,3.7668714387876583
2019-01-18,3.815192461013794,3.828371006256277,3.775656825286345,3.7888353705288282,29249853,3.8064067641854717
2019-01-21,3.821781873703003,3.8349604188867525,3.802013898826728,3.8151924440104774,19474718,3.819585397138828
2019-01-22,3.802013874053955,3.8283709642497197,3.7954247586056638,3.8283709642497197,13014949,3.8086031989697795
2019-01-23,3.815192461013794,3.8349604359781697,3.795424800250721,3.802013915771311,15926385,3.815192565747562
2019-01-24,3.834960460662842,3.848139005990152,3.802013940243915,3.8349604606628422,13412907,3.828371135632303
2019-01-25,3.867906332015991,3.9206205087614943,3.848138672837066,3.8547277878296153,25676799,3.878888504538184
2019-01-28,3.894263505935669,3.933799139363292,3.8744958463224997,3.8876743907983737,23035097,3.9008528305404866
2019-01-29,3.867906332015991,3.8876743053961937,3.821781584464315,3.867906332015991,34855105,3.8591207406255
2019-01-30,3.8613171577453613,3.900852789697547,3.8481386137613,3.867906272636756,19091416,3.870102853734736
2019-01-31,3.9337995052337646,3.9535674808867767,3.8744962066773563,3.8876747523789263,31680814,3.9206210642659656
2019-02-01,3.960156202316284,3.986513289003809,3.92062025808374,3.986513289003809,18061090,3.9557632498012776
2019-02-11,3.9337995052337646,3.9601569108382186,3.9008532980804964,3.9206209595321946,31270592,3.9316032380508266
2019-02-12,3.9403886795043945,3.960156653874718,3.914031589811492,3.9403886795043945,38988634,3.9381923077302012
2019-02-13,3.98651385307312,3.9996923982815726,3.914031697325981,3.9403887877428856,52851490,3.966745982893558
2019-02-14,3.960156202316284,3.9931024035750613,3.9403882302000124,3.979923860231299,34273115,3.964548945363786
2019-02-15,3.9272098541259766,3.9667454858411855,3.927209854125977,3.946977512882946,33572874,3.9403883980310463
2019-02-18,3.973335027694702,3.9865135719739015,3.933799080655823,3.946977624935023,34673365,3.964549226774809
2019-02-19,3.9667463302612305,4.019460517103027,3.953567783550781,3.9799248769716793,35378854,3.9799248769716797
2019-02-20,3.9535675048828125,3.9931031422274827,3.9469780748913763,3.9733354806558054,28441988,3.964549574000557
2019-02-21,3.9337995052337646,3.979924572289917,3.9272103894836365,3.9535674808867767,33153071,3.946978155669106
2019-02-22,4.006280899047852,4.006280899047852,3.9140310967438063,3.9337987544226176,38697267,3.9755309649465027
2019-02-25,4.269853115081787,4.315978184548581,4.019460419464329,4.019460419464329,143788272,4.201763906364899
2019-02-26,4.190781593322754,4.3093885039465,4.1841921634096675,4.263263437158832,101837134,4.22812075355964
2019-02-27,4.283031463623047,4.375281284093944,4.203960188933706,4.223727850505384,108198991,4.287424312216899
2019-02-28,4.230316638946533,4.296209357861332,4.223727209954419,4.276441385086258,52403478,4.250084402254095
2019-03-01,4.322566509246826,4.3291559383362275,4.197370184359642,4.256673789359169,72451072,4.283030877314232
2019-03-04,4.368691921234131,4.474120281524124,4.32256685650661,4.355513376197881,111328328,4.388459686421622
2019-03-05,4.368691921234131,4.388459581687855,4.329156286125383,4.342334831161632,49356342,4.362102596349123
2019-03-06,4.381870269775391,4.427995018233254,4.3489237515615295,4.355513180884816,63376243,4.3862630131900575
2019-03-07,4.322566509246826,4.381870114246353,4.315977394358696,4.375280685156952,86434296,4.340138005950625
2019-03-08,4.151245594024658,4.296209583242079,4.138067049550346,4.289620468105565,79045888,4.195174075605695
2019-03-11,4.157835006713867,4.184192097548717,4.124888800270959,4.138067345688383,59684801,4.1556386348445145
2019-03-12,4.164423942565918,4.23031666183727,4.151245398711648,4.184191601246689,67738455,4.181995334371612
2019-03-13,4.164423942565918,4.190781030274459,4.124888311003107,4.184191601246689,60902304,4.160031094614495
2019-03-14,4.138067245483398,4.197370541325103,4.131477815833598,4.1512457905817,42013634,4.155638534214034
2019-03-15,4.124889373779297,4.1841926793023525,4.111710512328228,4.138067921029014,58366962,4.140264188469959
2019-03-18,4.190781593322754,4.197370709034528,4.111710005372278,4.131477980910225,67159137,4.166620769243187
2019-03-19,4.164423942565918,4.190781030274459,4.151245398711648,4.171013057392418,55286137,4.168816790517341
2019-03-20,4.164423942565918,4.190781030274459,4.131477425829607,4.151245398711648,45352635,4.162227466223328
2019-03-21,4.138067245483398,4.171013451128502,4.138067245483398,4.1578349060302005,50632385,4.149049314031767
2019-03-22,4.1314778327941895,4.171013468251394,4.118299287641788,4.1644243527758436,47911368,4.140263529562457
2019-03-25,4.0260491371154785,4.105120401461132,4.019459707986036,4.09853097233169,70925891,4.050209748854216
2019-03-26,4.006280899047852,4.0524059573005005,3.999691784555332,4.0524059573005005,34864553,4.019459546967894
2019-03-27,4.012871265411377,4.039228357942705,3.999692719145713,4.026049811677042,36709092,4.017264114166598
2019-03-28,3.98651385307312,4.012870943490025,3.9667458781597906,3.9996923982815726,36400371,3.9887102249076456
2019-03-29,4.085352420806885,4.105120393957804,3.9799240685387147,3.9799240685387147,72638024,4.056798961101134
2019-04-01,4.138067245483398,4.164424335680001,4.085352750888895,4.0919421805386955,86662425,4.1292814440174315
2019-04-02,4.124889373779297,4.164425015528451,4.111710512328228,4.157835584802917,71069826,4.133674967211992
2019-04-03,4.144655704498291,4.151245133104453,4.085352103847835,4.10512007546507,76212649,4.12708431381686
2019-04-04,4.184192180633545,4.210549271991763,4.151245973536429,4.157835089275326,97123222,4.181995808720579
2019-04-08,4.223727703094482,4.302799289225487,4.190781496891092,4.203960042212709,137370776,4.23910282973702
2019-04-09,4.223727703094482,4.250084793737716,4.203960042212709,4.223727703094482,83774867,4.225924179681636
2019-04-10,4.203959941864014,4.230317031878102,4.184191967252799,4.2105490572668876,69933729,4.206156313664972
2019-04-11,4.157835006713867,4.236906279218417,4.157835006713867,4.210549188383567,68198103,4.184192097548717
2019-04-12,4.171013355255127,4.190781329548848,4.157834810459743,4.171013355255127,48246989,4.173209831754573
2019-04-15,4.151245594024658,4.256673949819146,4.151245594024658,4.2303168608705235,96824185,4.186388379289487
2019-04-16,4.283031463623047,4.289620893614483,4.138067460025923,4.144656575816043,137691435,4.236906605754484
2019-04-17,4.269853115081787,4.315978184548581,4.236906592005315,4.269853115081787,93635564,4.274245963878561
2019-04-18,4.223727703094482,4.276441884380949,4.217138587534326,4.269852768820793,58004719,4.239102725003253
2019-04-19,4.217138767242432,4.256674404892044,4.171013699550558,4.217138767242432,74281387,4.214942290561678
2019-04-22,4.151245594024658,4.2303168608705235,4.1248885050760355,4.217138316396213,74990455,4.168816986657073
2019-04-23,4.144655704498291,4.177602219126601,4.1248880470823055,4.144655704498291,57817583,4.149048656902399
2019-04-24,4.144655704498291,4.177602219126601,4.111709189869982,4.164423676115526,45367631,4.144655704498291
2019-04-25,4.151245594024658,4.1973703425841045,4.138067049550346,4.164424138498969,74408402,4.162227662053037
2019-04-26,4.11829948425293,4.164424551589036,4.105120938471373,4.138067460025923,74724583,4.129281658104446
2019-05-06,4.091942310333252,4.171013583431162,4.039228128267978,4.10512085584957,117051555,4.100728007344131
2019-05-07,4.11829948425293,4.151246005807479,4.078763846908259,4.1117100542614935,69050451,4.1161031123228895
2019-05-08,4.065585613250732,4.131478347217247,4.052407066457429,4.072174729546714,64261894,4.083157008975136
2019-05-09,3.999692678451538,4.065585409109445,3.960157040056793,4.0326388866798295,69976563,4.008478375872592
2019-05-10,4.039227485656738,4.052406029076448,3.9601562251384808,4.012870398817319,66386816,4.017263246623889
2019-05-13,3.9403886795043945,3.9799243140437475,3.9403886795043945,3.9667457691972965,54007052,3.9535672243508455
2019-05-14,3.900853157043457,3.9667458831689273,3.900853157043457,3.907442272555353,51807970,3.9228173990852806
2019-05-15,3.920621633529663,3.9469787294638747,3.9008539686796886,3.920621633529663,50429540,3.922818110557742
2019-05-16,3.920621633529663,3.9272110646139,3.8876754207125828,3.9074430855625577,46242888,3.911836039618715
2019-05-17,3.8744964599609375,3.9272106462132492,3.8613179133978592,3.9140320996501714,46409617,3.8876750065240153
2019-05-20,3.894263505935669,3.920620594887418,3.8744958463224997,3.8876743907983737,36460394,3.8964599823818618
2019-05-21,3.894263505935669,3.9272100242259973,3.8810849614597944,3.8876743907983737,34834206,3.9008528305404866
2019-05-22,3.867906332015991,3.9008528495825696,3.861317217023442,3.894263420388743,39533749,3.8766921328740005
2019-05-23,3.8415496349334717,3.867906725990888,3.8151925438760554,3.867906725990888,39301970,3.8415496349334717
2019-05-24,3.8613171577453613,3.8744957017294235,3.8415491846686325,3.8481386137613,32789870,3.859120681381139
2019-05-27,3.8876748085021973,3.9008533543940156,3.821782079043106,3.8481391708267427,37920986,3.870103413979773
2019-05-28,3.894263505935669,3.920620594887418,3.8547278725080454,3.894263505935669,54753508,3.889870657777044
2019-05-29,3.8547279834747314,3.9008530475687437,3.8547279834747314,3.874495957858249,35659451,3.870103004839402
2019-05-30,3.8547279834747314,3.874495957858249,3.8283708937642364,3.8679065283299785,28987531,3.852531611699072
2019-05-31,3.821781873703003,3.8744960544380014,3.821781873703003,3.8349604188867525,41847808,3.8393532672813357
2019-06-03,3.8415496349334717,3.8613176103271885,3.795424882683648,3.8217819737410643,61339217,3.832764042648103
2019-06-04,3.834960460662842,3.8415495762258445,3.808603370008222,3.821781915335532,41914886,3.8283711356323025
2019-06-05,3.8415496349334717,3.874496155855897,3.8415496349334717,3.8547281804621796,40044665,3.8525318085742803
2019-06-06,3.8415496349334717,3.8547281804621796,3.8217819737410643,3.8415496349334717,45245247,3.839353263045572
2019-06-10,3.867906332015991,3.8876743053961937,3.8349601286506902,3.848138672837066,50303737,3.8635135886876255
2019-06-11,3.900853157043457,3.9140317022685513,3.854728091654977,3.867906636880071,73530667,3.889870983655662
2019-06-12,3.867906332015991,3.9008528495825696,3.861317217023442,3.894263420388743,57925686,3.8766921328740005
2019-06-13,3.8481388092041016,3.867906469083536,3.828370835123379,3.8613173538574874,64913761,3.848138704470339
2019-06-14,3.821781873703003,3.8613175092542518,3.821781873703003,3.8547280795617263,102277514,3.834960418886753
2019-06-17,3.834960460662842,3.8415495762258445,3.821781915335532,3.8349604606628422,51442634,3.8327639840747394
2019-06-18,3.8481388092041016,3.848138809204102,3.828370835123379,3.834960264550716,29853417,3.841549484510528
2019-06-19,3.867906332015991,3.914031393768945,3.861317217023442,3.9074419645751184,69257584,3.881084980936126
2019-06-20,3.9272098541259766,3.960156370989286,3.8679062494525285,3.8744956785056988,92626049,3.918424158189264
2019-06-21,3.9272098541259766,3.960156370989286,3.9140313102209072,3.9403883980310463,70055696,3.93379917844539
2019-06-24,3.914031505584717,3.9337991653283626,3.8942635316397842,3.920620620765503,59353743,3.9140314008509542
2019-06-25,3.867906332015991,3.914031393768945,3.848138672837066,3.914031393768945,55094097,3.8766921328740005
2019-06-26,3.8744964599609375,3.8876750065240153,3.8547284830156534,3.8679070295787312,24130316,3.8722999831668687
2019-06-27,3.881084680557251,3.9074417676013447,3.8679061370352046,3.881084680557251,38315124,3.8854775283979333
2019-06-28,3.894263505935669,3.9008529352742483,3.8547278725080454,3.8810849614597944,35758763,3.8832814379059877
2019-07-01,3.9272098541259766,3.933798968977876,3.9140313102209072,3.927209854125977,55517365,3.92501337777492
2019-07-02,3.9337995052337646,3.9337995052337646,3.9140318437820665,3.9206209595321946,48545047,3.927210284749865
2019-07-03,3.9469778537750244,3.946977853775025,3.9206207636884796,3.933799308731752,49557454,3.9381921570795093
2019-07-04,3.9535675048828125,3.9733354806558054,3.9403889591012558,3.9403889591012558,42718041,3.9557639815466246
2019-07-05,3.9469778537750244,3.960156713019595,3.9206207636884796,3.960156713019595,44199006,3.942585110161033
2019-07-08,3.900853157043457,3.940388792718739,3.881085182105165,3.940388792718739,47390000,3.9074423772891205
2019-07-09,3.8876748085021973,3.9074424702392654,3.874496262610379,3.9008533543940156,33964999,3.889871180450614
2019-07-10,3.8744964599609375,3.9008535530870936,3.8679070295787312,3.8942641227048873,39478487,3.8810856808755876
2019-07-11,3.8647994995117188,3.8994304519794105,3.8647994995117183,3.8855781370453815,37055809,3.8763431503342822
2019-07-12,3.8925037384033203,3.913282373849906,3.8647991113180105,3.871725433221941,30645902,3.8901950745237457
2019-07-15,3.885578155517578,3.9132827855173447,3.830168895518044,3.885578155517578,34016124,3.876343278850989
2019-07-16,3.8994300365448,3.9063560281413188,3.8786514012248356,3.8786514012248356,18003197,3.8948124886369846
2019-07-17,3.8994300365448,3.9063560281413188,3.8855777230865587,3.8855777230865587,20081664,3.897121262590892
2019-07-18,3.8786516189575195,3.899430255443917,3.871725626972202,3.899430255443917,18489983,3.883269167124546
2019-07-19,3.9063560962677,3.920208409967524,3.8855777908505686,3.892503782567876,24425011,3.904047432361931
2019-07-22,3.8647994995117188,3.8994304519794105,3.857873507177324,3.871725822111353,36658503,3.874034486222818
2019-07-23,3.871725559234619,3.885577873228124,3.864799237105258,3.871725559234619,23193091,3.8740342231893337
2019-07-24,3.8786516189575195,3.906356247429234,3.871725626972202,3.885577941208059,23639014,3.8855778311196523
2019-07-25,3.9063560962677,3.9063560962676998,3.8717254771507448,3.8786514688680516,27214939,3.894812556562048
2019-07-26,3.9063560962677,3.913282418250217,3.8855777908505686,3.892503782567876,23951453,3.901738768456162
2019-07-29,3.913282632827759,3.9202086249248396,3.899430318368369,3.90635631046545,24585131,3.910973858706989
2019-07-30,3.9271347522735596,3.9409870660450714,3.906356116483686,3.9132824385020477,36463598,3.924825978267439
2019-07-31,3.8994300365448,3.927134663461283,3.8855777230865587,3.92020834159956,38941735,3.904047474364214
2019-08-01,3.8647994995117188,3.8994304519794105,3.857873507177324,3.8855781370453815,36745010,3.874034486222818
2019-08-02,3.8301684856414795,3.837094477267632,3.8163161721239693,3.837094477267632,48858259,3.8278597116776933
2019-08-05,3.7678329944610596,3.8232422497778793,3.76783299446106,3.8163162579958834,50776320,3.7863027462333334
2019-08-06,3.691645383834839,3.740128651054416,3.6708670766444755,3.726276336172428,57956952,3.700880370511243
2019-08-07,3.6708667278289795,3.712423668526093,3.6708667278289795,3.7054973466106373,31338119,3.684719041394684
2019-08-08,3.6985714435577393,3.7054974353738968,3.6708668157626803,3.6847191296602095,36130110,3.691645231564772
2019-08-09,3.677793025970459,3.7124239779033164,3.6708670337430283,3.705497655410651,27831350,3.6870280125389345
2019-08-12,3.6985714435577393,3.7054974353738968,3.6708668157626803,3.6777928075788378,27017600,3.691645231564772
2019-08-13,3.663940668106079,3.6916452972200386,3.650088353549099,3.6847193050741636,33117436,3.668558106291739
2019-08-14,3.657015085220337,3.6916457103557185,3.6500887620341005,3.6847197174347492,30277666,3.6662498525367186
2019-08-15,3.6362357139587402,3.6500880272774987,3.6085310873212233,3.615457078848002,37126471,3.631618276185821
2019-08-16,3.6223835945129395,3.6500882226332307,3.608531280452793,3.629309586410403,45268437,3.627001032532988
2019-08-19,3.663940668106079,3.6639406681060787,3.5877527729100747,3.629309716581014,64599819,3.638544703040744
2019-08-20,3.6500885486602783,3.670867186739061,3.643162556144183,3.6500885486602783,36226109,3.6547060971811742
2019-08-21,3.643162488937378,3.6639407963676067,3.629309843630236,3.643162488937378,30471068,3.645471042978407
2019-08-22,3.6362357139587402,3.6500880272774987,3.6223834006399818,3.64316203575072,27464347,3.6362357139587402
2019-08-23,3.657015085220337,3.670867401327543,3.629310122740658,3.6362364459268943,35753115,3.6523975364295125
2019-08-26,3.6223835945129395,3.636235908573085,3.6016049582901113,3.608531280452793,37313773,3.620074820458712
2019-08-27,3.615457057952881,3.6777926326596337,3.615457057952881,3.6362356929435316,62009777,3.636235582855132
2019-08-28,3.643162488937378,3.657014803979278,3.643162488937378,3.650088481325707,36885245,3.647779927284678
2019-08-29,3.6223835945129395,3.657014544795913,3.615457272350257,3.6500882226332307,40844971,3.6316184705530365
2019-08-30,3.6362357139587402,3.6639403405962576,3.6223834006399818,3.64316203575072,39085154,3.64085315173166
2019-09-02,3.657015085220337,3.670867401327543,3.629310122740658,3.643162769113131,49710429,3.6523975364295125
2019-09-03,3.6708667278289795,3.6708667278289795,3.6500880923478194,3.663940405913524,36553152,3.663940516001926
2019-09-04,3.7262766361236572,3.7262766361236572,3.6639410490043116,3.6708673721354677,65774400,3.705498107083875
2019-09-05,3.76090669631958,3.8024636380713464,3.7332020684850695,3.7332020684850695,84592893,3.7655241342919985
2019-09-06,3.7678329944610596,3.7886113000722608,3.747054358584646,3.781685308290265,40816298,3.7678328843726554
2019-09-09,3.7678329944610596,3.8093899359486745,3.760906672413851,3.8024636139014656,60458421,3.7793765342745282
2019-09-10,3.7678329944610596,3.781685308290265,3.747054358584646,3.774758986243056,30476008,3.7655242204453234
2019-09-11,3.823242425918579,3.8509470548533695,3.7886114746174773,3.7886114746174773,80391571,3.820933651796475
2019-09-12,3.8301684856414795,3.84402079915899,3.8163161721239693,3.83016848564148,47675177,3.8301684856414795
2019-09-16,3.8163163661956787,3.8370946723959842,3.7955377297301514,3.830168680417623,50835749,3.8163162561072714
2019-09-17,3.7470543384552,3.8093899154843576,3.7401283467104114,3.802463593474357,51502550,3.7655242002166567
2019-09-18,3.7470543384552,3.76783297421999,3.7470543384552,3.7609066522099894,45530853,3.753980550376797
2019-09-19,3.7539803981781006,3.774758702225918,3.747054076652036,3.7609063894389774,31832223,3.7585977256853518
2019-09-20,3.7539803981781006,3.774758702225918,3.6985711470303366,3.7609063894389774,151999112,3.742436749144785
2019-09-23,3.7054972648620605,3.740128213144917,3.698571273364609,3.733201891382266,43786367,3.7147322504571956
2019-09-24,3.7054972648620605,3.7262758998848144,3.698571273364609,3.7054972648620605,28496217,3.710114812703828
2019-09-25,3.7054972648620605,3.7262758998848144,3.691644951601958,3.7054972648620605,31481220,3.7078060387829446
2019-09-26,3.7332024574279785,3.7747594035093464,3.705497826707067,3.7124241495199195,68941817,3.7378198958814637
2019-09-27,3.7332024574279785,3.7539810956012873,3.7124241495199195,3.7332024574279785,31368949,3.733202567516395
2019-09-30,3.7124240398406982,3.7609069770372976,3.7124240398406982,3.7332023471348865,31253639,3.7285850189062315
2019-10-08,3.7332024574279785,3.7609070881488904,3.6985718341594636,3.705497826707067,44269051,3.730893793245444
2019-10-09,3.77475905418396,3.816316326684766,3.712423805963189,3.712423805963189,67844488,3.7678330622773046
2019-10-10,3.788611650466919,3.802463965577273,3.7678333429340096,3.788611650466919,40174061,3.786302986326067
2019-10-11,3.837094306945801,3.837094306945801,3.781685055335278,3.788611046653998,82061275,3.8186245564089596
2019-10-14,3.9063560962677,3.982543986749337,3.8578731634509205,3.8578731634509205,157050530,3.915591082155986
2019-10-15,3.9271347522735596,3.9409870660450714,3.892503802712174,3.906356116483686,70126642,3.9202085403436016
2019-10-16,3.8925037384033203,3.982543941563181,3.885577746764596,3.9479129925739405,79829983,3.9202084755770326
2019-10-17,3.871725559234619,3.906356179085773,3.864799237105258,3.899430187221629,43434498,3.8809603251418836
2019-10-18,3.8301684856414795,3.9271346802640523,3.83016848564148,3.885577739711521,63946519,3.862490550515671
2019-10-21,3.8647994995117188,3.8786518144457474,3.8093902397756025,3.8301688773092657,44817354,3.8509471845776897
2019-10-22,3.850947380065918,3.871726018654381,3.830169071742711,3.871726018654381,40662319,3.8509474901543364
2019-10-23,3.837094306945801,3.8717252543349727,3.830168315627081,3.8578729414323423,41818415,3.846329292302618
2019-10-24,3.8786516189575195,3.906356247429234,3.837094676249947,3.844020998500487,43817761,3.8740341808789
2019-10-25,3.8301684856414795,3.8786514178201634,3.8163161721239693,3.8786514178201634,84640333,3.841712025195204
2019-10-28,3.837094306945801,3.8509466198484312,3.8093896811405394,3.830168315627081,60893917,3.83247686931159
2019-10-29,3.8163163661956787,3.8440209946395676,3.816316366195679,3.830168680417623,37900372,3.8255512423436415
2019-10-30,3.837094306945801,3.8509466198484312,3.82324199404317,3.830168315627081,45275254,3.837094306945801
2019-10-31,3.837094306945801,3.8509466198484312,3.81631600272445,3.8440206285297114,47776492,3.834785643172894
2019-11-01,3.8994300365448,3.9063560281413188,3.8163161557953518,3.8370944608501114,77878061,3.874034073493823
2019-11-04,3.920208692550659,3.9271350150324507,3.8994303856357506,3.8994303856357506,60337471,3.915591364406287
2019-11-05,3.9756178855895996,4.00332284479331,3.9132826356106305,3.9132826356106305,100690049,3.9640744553311804
2019-11-06,3.9756178855895996,4.00332284479331,3.954839579018353,3.9686918934875934,65635349,3.977926769800421
2019-11-07,3.9548399448394775,3.9963968920912007,3.940987629088903,3.9825445763406266,52233335,3.964074822006527
2019-11-08,3.9063560962677,3.982543986749337,3.9063560962676998,3.9756176647668204,53656993,3.9317520597615787
2019-11-11,3.850947380065918,3.899430649928828,3.844021387379934,3.899430649928828,45853234,3.86479980579156
2019-11-12,3.871725559234619,3.878651551098763,3.8509469231117532,3.8509469231117532,42681615,3.867108011148378
2019-11-13,3.8578734397888184,3.871725754480878,3.8440211250967584,3.8647994320022314,31862151,3.8578734397888184
2019-11-14,3.8647994995117188,3.8786518144457474,3.8509471845776897,3.871725822111353,37893884,3.8647994995117188
2019-11-15,3.8647994995117188,3.8994304519794105,3.857873507177324,3.871725822111353,29185624,3.874034486222818
2019-11-18,3.885578155517578,3.892504147884899,3.8440212105179277,3.857873525517811,33093496,3.8740345046401345
2019-11-19,3.885578155517578,3.892504147884899,3.864799517885132,3.8786518328850157,33882074,3.88096060709587
2019-11-20,3.837094306945801,3.8855775672376036,3.837094306945801,3.8786512456536926,30491100,3.8532553937097354
2019-11-21,3.8440208435058594,3.8509468352119143,3.8232422078572768,3.8301685298285406,22787258,3.839403295525017
2019-11-22,3.8440208435058594,3.864799148889233,3.8301685298285406,3.8440208435058594,23954364,3.846329507407878
2019-11-25,3.885578155517578,3.8994304705174616,3.8370948878853652,3.8440212105179277,38704636,3.8740345046401345
2019-11-26,3.871725559234619,3.906356179085773,3.871725559234619,3.899430187221629,59943216,3.8832690991850036
2019-11-27,3.8578734397888184,3.885578069172938,3.850947117310172,3.871725754480878,23568773,3.8647995420906427
2019-11-28,3.850947380065918,3.871726018654381,3.830169071742711,3.8578737030171575,29328721,3.8509474901543364
2019-11-29,3.850947380065918,3.8578737030171575,3.830169071742711,3.850947380065918,31119353,3.846330051608595
2019-12-02,3.8440208435058594,3.857873157183178,3.8370945215345955,3.8509468352119143,24375999,3.846329507407878
2019-12-03,3.8301684856414795,3.84402079915899,3.8163161721239693,3.837094477267632,29670850,3.8301684856414795
2019-12-04,3.8163163661956787,3.8370946723959842,3.816316366195679,3.830168680417623,27417491,3.8232424682624475
2019-12-05,3.837094306945801,3.8440206285297114,3.82324199404317,3.830168315627081,24936773,3.834785643172894
2019-12-06,3.8440208435058594,3.8509468352119143,3.8301685298285406,3.8370945215345955,25795863,3.841712069515438
2019-12-09,3.8578734397888184,3.8578734397888184,3.8440211250967584,3.8440211250967584,26767570,3.853256001558132
2019-12-10,3.850947380065918,3.8647996957031414,3.8370950644286945,3.850947380065918,25101850,3.850947380065918
2019-12-11,3.8578734397888184,3.871725754480878,3.850947117310172,3.850947117310172,29348828,3.8601821038599557
2019-12-12,3.8440208435058594,3.871725470860497,3.8440208435058594,3.864799148889233,28363123,3.8532557192907384
2019-12-13,3.8994300365448,3.8994300365448,3.857873096170076,3.8647990877665945,63448240,3.8855777230865587
2019-12-16,3.885578155517578,3.9063564628847827,3.8717258405176946,3.9063564628847827,51405783,3.8878868196400185
2019-12-17,3.947913408279419,3.982544360915213,3.8786518332730724,3.885578155906327,101024339,3.9363698674892347
2019-12-18,3.9409868717193604,3.9686914978962995,3.9271345586308906,3.9340605500425276,54080075,3.9456043094155167
2019-12-19,3.9409868717193604,3.9617651762194668,3.9340605500425276,3.9340605500425276,39316341,3.9456041993271183
2019-12-20,3.9548399448394775,3.968692260590052,3.9340613060809866,3.940987629088903,46661579,3.952531170503505
2019-12-23,3.8925037384033203,3.968691628020526,3.885577746764596,3.9479129925739405,63894787,3.915591037729481
2019-12-24,3.8994300365448,3.8994300365448,3.8786514012248356,3.892503714683077,30970734,3.8925038247714787
2019-12-25,3.885578155517578,3.8994304705174616,3.8786518328850157,3.892504147884899,27006133,3.8878868196400185
2019-12-26,3.9063560962677,3.9063560962676998,3.8786514688680516,3.8855777908505686,32412133,3.897121220467817
2019-12-27,3.8994300365448,3.9340606550578014,3.892503714683077,3.9063560281413188,49976676,3.908664802095226
2019-12-30,3.920208692550659,3.9271350150324507,3.864799433757258,3.8855780709374006,60983484,3.904047713780123
2019-12-31,3.93406081199646,3.9409871341344895,3.9063561839747765,3.913282506112806,52045482,3.927134710035242
2020-01-02,3.968691825866699,3.996396454333133,3.9617655036174795,3.9617655036174795,114338725,3.9756179279391035
2020-01-03,3.9756178855895996,3.989470530324069,3.961765571120359,3.9825442079568343,46631763,3.975617995678009
2020-01-06,3.947913408279419,3.982544360915213,3.9340610932781495,3.954839730912674,62521601,3.9548396208242607
2020-01-07,3.9756178855895996,3.9825442079568343,3.9479132566511184,3.954839579018353,41157279,3.968691783399184
2020-01-08,3.9063560962677,3.9063560962676998,3.9063560962676998,3.9063560962676998,76864713,3.9063560962677
2020-01-09,3.9271347522735596,3.9409870660450714,3.906356116483686,3.9271347522735596,46703900,3.924825978267439
2020-01-10,3.913282632827759,3.9340609393842296,3.899430318368369,3.927134947287149,44557462,3.915591296860119
2020-01-13,3.920208692550659,3.9202086925506587,3.9202086925506587,3.9202086925506587,36309109,3.920208692550659
2020-01-14,3.93406081199646,3.93406081199646,3.93406081199646,3.93406081199646,54959116,3.93406081199646
2020-01-15,3.913282632827759,3.9409872617465385,3.89250399600606,3.9340609393842296,37111210,3.915591296860119
2020-01-16,3.885578155517578,3.920208777884666,3.8786518328850157,3.9132827855173447,36468446,3.894812922095753
2020-01-17,3.8925037384033203,3.913282373849906,3.8786514248606654,3.8925037384033203,33933351,3.8948125123712973
2020-01-20,3.8994300365448,3.9063560281413188,3.8786514012248356,3.892503714683077,34533002,3.8948124886369846
2020-01-21,3.850947380065918,3.892504326977588,3.844021387379934,3.892504326977588,52298019,3.8624910314744803
2020-01-22,3.8440208435058594,3.857873157183178,3.816316216151222,3.8440208435058594,52551291,3.8394034056134196
2020-01-23,3.7539803981781006,3.8370942748997474,3.74012808539116,3.8301682836388706,93182630,3.777067586156336
2020-02-03,3.5392699241638184,3.5461959164800816,3.4423033896142288,3.4630820270934946,137191055,3.5092564100860426
2020-02-04,3.594679355621338,3.6085316711814,3.5254177778210263,3.5254177778210263,77303075,3.5762096015412546
2020-02-05,3.60160493850708,3.6293095664751944,3.566974318679545,3.608531260631717,49287138,3.59929627455394
2020-02-06,3.6223835945129395,3.629309586410403,3.5808266523325014,3.608531280452793,51953612,3.6108399444186148
2020-02-07,3.6362357139587402,3.6570143490694784,3.5877524522104847,3.6085310873212233,42062395,3.627000838412901
2020-02-10,3.62930965423584,3.636235976527963,3.60853134788992,3.6154573399168184,35861602,3.6246923262179074
2020-02-11,3.6362357139587402,3.6639403405962576,3.6223834006399818,3.6362357139587402,44005332,3.64085315173166
2020-02-12,3.643162488937378,3.650088481325707,3.622383851241907,3.629309843630236,35380023,3.6385449405016637
2020-02-13,3.615457057952881,3.6431620146954815,3.60853106646613,3.6293093711915816,36642862,3.622383379704831
2020-02-14,3.6362357139587402,3.6362357139587402,3.6085310873212233,3.615457078848002,27254631,3.627000838412901
2020-02-17,3.691645383834839,3.6916453838348384,3.622383809424898,3.6293098017332728,49727677,3.6685581923648587
2020-02-18,3.663940668106079,3.6916452972200386,3.657014675960204,3.6777929826630587,38150515,3.670866880428774
2020-02-19,3.6500885486602783,3.6777931792551564,3.643162556144183,3.6639408639577176,41546440,3.657014761353206
2020-02-20,3.6847190856933594,3.6916450774268745,3.6223835087656706,3.6500881362301523,59873913,3.666249223961968
2020-02-21,3.663940668106079,3.6916452972200386,3.657014675960204,3.6777929826630587,52965355,3.670866880428774
2020-02-24,3.643162488937378,3.6639407963676067,3.636236166283807,3.657014803979278,57088171,3.647779817196264
2020-02-25,3.594679355621338,3.6223839867414624,3.5877530327086795,3.6085316711814,66302292,3.60160545835716
2020-02-26,3.6085312366485596,3.643162186511146,3.5739002867859737,3.5808266088645766,66610608,3.6085312366485596
2020-02-27,3.6085312366485596,3.6223835505405515,3.587752600677965,3.60853123664856,50932520,3.606222462622359
2020-02-28,3.5392699241638184,3.6085314986526407,3.5392699241638184,3.5808268688571117,78711661,3.562357115660092
2020-03-02,3.6085312366485596,3.615457228461948,3.5461956590019903,3.5531219810805936,53873580,3.5900613747041663
2020-03-03,3.62930965423584,3.643162298820086,3.60853134788992,3.62930965423584,58541431,3.627001100315282
2020-03-04,3.6362357139587402,3.64316203575072,3.615457078848002,3.6223834006399818,32631975,3.631618276185821
2020-03-05,3.6985714435577393,3.6985714435577393,3.636235865886249,3.6431621879676213,89456402,3.6777929176672424
2020-03-06,3.6500885486602783,3.6777931792551564,3.643162556144183,3.6639408639577176,52043961,3.657014761353206
2020-03-09,3.5877530574798584,3.6223840117517465,3.580827064784635,3.6154576887912664,64908224,3.5969880446720803
2020-03-10,3.60160493850708,3.6293095664751944,3.5531220046954877,3.5531220046954877,72775857,3.594678836559254
2020-03-11,3.56697416305542,3.608531103194497,3.56697416305542,3.6016047813720498,53013626,3.5808264764351123
2020-03-12,3.5600483417510986,3.5739006570783305,3.5392700338928753,3.566974664547339,51313479,3.5577396775741015
2020-03-13,3.5254175662994385,3.5392698810283756,3.4700083073836905,3.4977129368415643,93207101,3.511565251570502
2020-03-16,3.4492294788360596,3.5392696847124236,3.4492294788360596,3.532343362599527,117652868,3.4792428807948474
2020-03-17,3.421525239944458,3.476934502086837,3.400746601508439,3.4423035481152233,98829801,3.433068781179911
2020-03-18,3.3799681663513184,3.4492297414271156,3.3799681663513184,3.435377426411956,58133253,3.4030553580432508
2020-03-19,3.331484794616699,3.386894052946795,3.303780165451651,3.373041738364271,71345754,3.3407196710050484
2020-03-20,3.345337152481079,3.3730417820045684,3.3245588454710795,3.345337152481079,54956219,3.3476459266522425
2020-03-23,3.2622227668762207,3.3176320174810097,3.2552964454180295,3.3176320174810097,63593843,3.27838374325842
2020-03-24,3.3037803173065186,3.31763263252575,3.255297048906586,3.2899280020872874,72047057,3.292236666246285
2020-03-25,3.3522634506225586,3.373041757481493,3.331484813498391,3.3522634506225586,53292160,3.3522633405341473
2020-03-26,3.3591887950897217,3.4284503550396312,3.3245581802473514,3.34533648309974,57912124,3.3707324434589014
2020-03-27,3.3799681663513184,3.4145987887565963,3.3661158513361586,3.3799681663513184,39124466,3.3868942688146912
2020-03-30,3.3730416297912598,3.386893943927899,3.3384110095822717,3.345337001517981,31896607,3.366115527767144
2020-03-31,3.345337152481079,3.4007464115280577,3.338411160232824,3.393820419279803,43736911,3.3614982414139867
2020-04-01,3.345337152481079,3.3730417820045684,3.338411160232824,3.345337152481079,28568330,3.3522633649061575
2020-04-02,3.3661155700683594,3.3661155700683594,3.3176323064338726,3.3314846202915525,31518331,3.349954482190197
2020-04-03,3.3522634506225586,3.359189442820459,3.3384111359615245,3.3522634506225586,26972040,3.349954676468181
2020-04-07,3.3730416297912598,3.393820266128829,3.3591893156546204,3.3799679519921897,48790818,3.3753504038582363
2020-04-08,3.3661155700683594,3.3730415618645924,3.352263256210679,3.3591892480069125,25142059,3.363806796047877
2020-04-09,3.3591887950897217,3.379967428207279,3.352262804227315,3.3730411070797035,34212517,3.3638063425081053
2020-04-10,3.338411331176758,3.366115962118868,3.3245590157057032,3.366115962118868,35887831,3.3430287696671095
2020-04-13,3.3037803173065186,3.3314849477449813,3.296854324829526,3.3314849477449813,33277002,3.310706529960342
2020-04-14,3.331484794616699,3.3384111170405766,3.303780165451651,3.3107064878755286,46165256,3.324558692369642
2020-04-15,3.31070613861084,3.331484443159992,3.31070613861084,3.331484443159992,33416753,3.317632240127224
2020-04-16,3.31070613861084,3.3245584517320066,3.2968538254896727,3.303779816917658,35051321,3.31070613861084
2020-04-17,3.31070613861084,3.331484443159992,3.2968538254896727,3.3245584517320066,56415527,3.313014802420168
2020-04-20,3.2899277210235596,3.3176323490951725,3.2830013988730475,3.3107063572098783,53298204,3.29685382299726
2020-04-21,3.2691495418548584,3.28992818094597,3.2622235490013307,3.2830018578271782,38757950,3.2737670906007197
2020-04-22,3.2691495418548584,3.2760758649736506,3.248371233029011,3.2622235490013307,37668890,3.2645322132858396
2020-04-23,3.283001661300659,3.2968543067089984,3.262223353718639,3.276075668861734,53848756,3.280693107242765
2020-04-24,3.276075601577759,3.2899279164363553,3.255296964157246,3.276075601577759,38065322,3.273766827390453
2020-04-27,3.3037803173065186,3.31763263252575,3.276075686868056,3.276075686868056,51593720,3.2991628789001077
2020-04-28,3.3522634506225586,3.3661157652835922,3.303780184176323,3.345337128159425,86661339,3.3407198000274914
2020-04-29,3.4353768825531006,3.4423028738315975,3.3453366840763215,3.352263005620007,90609188,3.40767214682034
2020-04-30,3.4492294788360596,3.490786420717793,3.4353771648754816,3.4423031567231623,73059416,3.4584643548097778
2020-05-06,3.421525239944458,3.4353775554800525,3.407672924408863,3.4145989170440334,60269148,3.421525239944458
2020-05-07,3.421525239944458,3.4423035481152233,3.407672924408863,3.4284512325796284,45853689,3.4238339041561816
2020-05-08,3.4492294788360596,3.4561554706837403,3.4284508427625844,3.4353771648754816,42018027,3.4446119307607947
2020-05-11,3.4284512996673584,3.476934570123285,3.4215253068966605,3.4492299385099727,48435004,3.4423037255624345
2020-05-12,3.4007463455200195,3.435377296884817,3.3938203534061975,3.435377296884817,44400028,3.4099813319370114
2020-05-13,3.407672643661499,3.4076726436614986,3.379968014872806,3.400746321331712,35728381,3.398437767398601
2020-05-14,3.3868939876556396,3.4007463019711244,3.3799679956305098,3.393820309945994,27234514,3.3892027617524243
2020-05-15,3.3799681663513184,3.4007464737414366,3.3730418437111176,3.3938204813664776,30584814,3.384585494601291
2020-05-18,3.3799681663513184,3.4007464737414366,3.3730418437111176,3.3868941587262773,33086055,3.384585494601291
2020-05-19,3.39382004737854,3.4076723606223216,3.3868937256240494,3.4076723606223216,32982522,3.396128711208304
2020-05-20,3.39382004737854,3.414598352111613,3.379967734134758,3.39382004737854,39444493,3.396128711208304
2020-05-21,3.3868939876556396,3.4076726242614788,3.3799679956305098,3.4007463019711244,24485860,3.3915115358492094
2020-05-22,3.345337152481079,3.386894096766313,3.345337152481079,3.386894096766313,40143360,3.3591894672428233
2020-05-25,3.3522634506225586,3.3522634506225586,3.3245588213004904,3.345337128159425,23764893,3.343028574181869
2020-05-26,3.3522634506225586,3.359189442820459,3.345337128159425,3.3522634506225586,27689053,3.3522633405341473
2020-05-27,3.3661155700683594,3.386893875722272,3.3453369341492323,3.352263256210679,36878788,3.3661154599799548
2020-05-28,3.39382004737854,3.414598352111613,3.366115420890976,3.3730414123802674,39887618,3.391511273460376
2020-05-29,3.3799681663513184,3.3938204813664776,3.3661158513361586,3.3868941587262773,32844429,3.3799681663513184
2020-06-01,3.4145987033843994,3.4145987033844,3.3799680818449604,3.3868940740467552,47707144,3.403055162871253
2020-06-02,3.4145987033843994,3.428451018053222,3.393820396513783,3.407672711182605,44022972,3.412290039317135
2020-06-03,3.4145987033843994,3.4561556473908666,3.4145987033844,3.421525025851427,47630588,3.428451018053222
2020-06-04,3.4007463455200195,3.428450974505766,3.3938203534061975,3.428450974505766,33731275,3.407672557810661
2020-06-05,3.407672643661499,3.4145986357260587,3.3868940069373656,3.4076726436614986,32461212,3.403055095441641
2020-06-08,3.407672643661499,3.421524958055845,3.400746321331712,3.4145986357260587,43395107,3.4099813076830188
2020-06-09,3.4284512996673584,3.435377622703317,3.4076729910900045,3.4145989838607025,34896862,3.42383397115356
2020-06-10,3.4145987033843994,3.428451018053222,3.407672711182605,3.428451018053222,33697945,3.416907477540075
2020-06-11,3.39382004737854,3.414598352111613,3.39382004737854,3.414598352111613,43132637,3.4007461489562307
2020-06-12,3.4007463455200195,3.4007463455200195,3.3661157244204514,3.3730417165342734,39224667,3.389202805153497
2020-06-15,3.3591887950897217,3.393819740197261,3.3591887950897217,3.3868934190696853,43421875,3.3707324434589014
2020-06-16,3.3868939876556396,3.3868939876556396,3.366115681315025,3.373041673340155,33602668,3.379967885542101
2020-06-17,3.3868939876556396,3.393820309945994,3.366115681315025,3.3799679956305098,32554719,3.3822766596388862
2020-06-18,3.3799681663513184,3.3938204813664776,3.3591895286959583,3.3661158513361586,42401233,3.377659392137918
2020-06-19,3.39382004737854,3.4076723606223216,3.3730414123802674,3.379967734134758,52024969,3.391511273460376
2020-06-22,3.3868939876556396,3.414598616286609,3.3799679956305098,3.3868939876556396,45291779,3.3938201998575863
2020-06-23,3.3730416297912598,3.4007462580645385,3.3730416297912598,3.393820266128829,28917990,3.3822765058823525
2020-06-24,3.39382004737854,3.4076723606223216,3.379967734134758,3.3868937256240494,37085324,3.39382004737854
2020-06-29,3.3799681663513184,3.4145987887565963,3.3799681663513184,3.407672796381637,33120492,3.3915117071530774
2020-06-30,3.39382004737854,3.4007460388678314,3.379967734134758,3.39382004737854,30955340,3.391511273460376
2020-07-01,3.4492294788360596,3.463081792796637,3.386893900880851,3.3938202229937477,85986376,3.433068390837849
2020-07-02,3.51849102973938,3.51849102973938,3.4284508243466663,3.4353771464223586,113132480,3.4884776279418084
2020-07-03,3.5600483417510986,3.580826979874571,3.511565403238411,3.525417718565643,140749352,3.5508135749546934
2020-07-06,3.885578155517578,3.9063564628847827,3.5877528876222224,3.5877528876222224,409549832,3.793229168674861
2020-07-07,3.7955381870269775,3.975618293608796,3.75398123935425,3.940987669014154,433578444,3.841712573330008
2020-07-08,3.837094306945801,3.8578729414323423,3.7609064208487366,3.781685055335278,208462425,3.8186245564089596
2020-07-09,3.823242425918579,3.830168748284891,3.774759160150082,3.823242425918579,168319087,3.8093901114511843
2020-07-10,3.740128517150879,3.8093900890811265,3.7332021948252407,3.8093900890811265,148133959,3.760906933685749
2020-07-13,3.7678329944610596,3.7955376221194697,3.726276052973445,3.726276052973445,132949007,3.7632155565179914
2020-07-14,3.7262766361236572,3.7886118929777384,3.71242432012661,3.7678335841147996,139644669,3.7424376164093354
2020-07-15,3.663865327835083,3.751974583802585,3.6638653278350826,3.729947182282292,116306215,3.6932350798242504
2020-07-16,3.5977838039398193,3.693235293152655,3.5977838039398193,3.663865307914064,106461590,3.6296009670107647
2020-07-17,3.575756549835205,3.6271535884778503,3.56841431580836,3.6051261861699504,71934261,3.5904414847071386
2020-07-20,3.663865327835083,3.6712079117130703,3.5684141882169316,3.5830990058592374,98907783,3.6344958092550286
2020-07-21,3.6198110580444336,3.663865513200187,3.6051262396591826,3.663865513200187,73287955,3.6296009369679343
2020-07-22,3.612468719482422,3.663865407288225,3.5977839015216673,3.619810953405961,83008668,3.624706009430771
2020-07-23,3.583099365234375,3.612469003464681,3.54638714238964,3.5977841843495275,71950901,3.5806518370295652
2020-07-24,3.5170176029205322,3.5830994658512143,3.509675368213631,3.575756881030599,71675358,3.5365974789951253
2020-07-27,3.5023326873779297,3.5390449102471275,3.4876478682529917,3.5243600911221895,39607088,3.5096751552926833
2020-07-28,3.5170176029205322,3.5317024224480487,3.5023327833930153,3.5170176029205322,29882016,3.5170176029205322
2020-07-29,3.5684142112731934,3.575756445084951,3.502332356399015,3.5096749403244445,49260222,3.54883433758572
2020-07-30,3.55372953414917,3.5904414048879087,3.546386949933211,3.5684143524674026,47326015,3.5635192963234297
2020-07-31,3.546386957168579,3.5904414122131576,3.5243599047031333,3.5537295413995187,54415257,3.5537294246949567
2020-08-03,3.575756549835205,3.575756549835205,3.5537294976409877,3.5537294976409877,57270005,3.568414199103799
2020-08-04,3.6198110580444336,3.634495876429685,3.553729550367647,3.5757566028886805,103502714,3.6026788282805886
2020-08-05,3.575756549835205,3.612468770310478,3.5537294976409877,3.612468770310478,56834467,3.58065160592889
2020-08-06,3.583099365234375,3.5977841843495275,3.5610719615047928,3.5757567806199457,41716087,3.5806518370295652
2020-08-07,3.55372953414917,3.5904414048879087,3.5390447158309373,3.5830991707856352,46250708,3.5610718849560055
2020-08-10,3.575756549835205,3.5830991339757325,3.539044679473615,3.54638691350046,48839212,3.5659667877615178
2020-08-11,3.5610711574554443,3.619810420653399,3.5610711574554443,3.5757559732549327,81997614,3.5806509118547627
2020-08-12,3.5684142112731934,3.575756445084951,3.5463868096105764,3.568414211273193,55921167,3.5635191553229064
2020-08-13,3.5684142112731934,3.590441262822138,3.5610716273477636,3.575756445084951,42891559,3.5733090338143647
2020-08-14,3.5977838039398193,3.6051260376642165,3.561071584976831,3.568414168814896,55175727,3.5879938088602885
2020-08-17,3.6858928203582764,3.7226050404272817,3.6051261462746713,3.612468730333944,154107858,3.67120800235341
2020-08-18,3.663865327835083,3.6932353132333633,3.6491805101927772,3.6858927293553756,74095178,3.668760383753741
2020-08-19,3.6344962120056152,3.671208436415256,3.6344962120056152,3.6638658514878397,57752483,3.6467336201421623
2020-08-20,3.5977838039398193,3.6418382566272047,3.590441220101755,3.63449567278914,46613446,3.6100210935562593
2020-08-21,3.5977838039398193,3.619810855226678,3.5977838039398193,3.6124686215022814,38729191,3.6051261543687723
2020-08-24,3.5904414653778076,3.6198111025090776,3.5904414653778076,3.605126283943443,44872846,3.600231344421564
2020-08-25,3.5977838039398193,3.619810855226678,3.590441220101755,3.6051260376642165,31345610,3.602678626422751
2020-08-26,3.575756549835205,3.6051261861699504,3.56841431580836,3.5977839521431054,42352927,3.583099017271172
2020-08-27,3.5684142112731934,3.58309902901038,3.5610716273477636,3.575756445084951,29189045,3.570861622543779
2020-08-28,3.583099365234375,3.5904415997350987,3.5390449078889157,3.54638714238964,67596178,3.570861957619463
2020-08-31,3.575756549835205,3.6271535884778503,3.5610717316678326,3.590441368002578,79494383,3.5879939566602963
2020-09-01,3.5684142112731934,3.575756445084951,3.553729393536006,3.575756445084951,44323903,3.56596668329805
2020-09-02,3.546386957168579,3.575756593864965,3.5243599047031333,3.575756593864965,50338222,3.548834485245559
2020-09-03,3.5390450954437256,3.561072150226946,3.5317025104401703,3.553729915337114,32580473,3.543939918703614
2020-09-04,3.5317022800445557,3.5317022800445557,3.5170174611091527,3.524360045633704,36180974,3.526807340399421
2020-09-07,3.5170176029205322,3.5463872419755655,3.509675368213631,3.5317024224480487,37646478,3.524360071036576
2020-09-08,3.546386957168579,3.5537295413995187,3.5170173204721937,3.5243599047031333,45095286,3.5390446063467635
2020-09-09,3.524359703063965,3.553729338080026,3.5096748855559343,3.524359703063965,46940337,3.529254642233308
2020-09-10,3.494990110397339,3.539044563455246,3.487647526497519,3.531701979555426,50901040,3.507227400116701
2020-09-11,3.494990110397339,3.502332344183488,3.4803049425976993,3.494990110397339,47585871,3.4925424657261757
2020-09-14,3.5170176029205322,3.5243601877411477,3.487647963865499,3.4949905486861144,45076765,3.50967525150906
2020-09-15,3.5096747875213623,3.5243596046192067,3.502332203915612,3.5096747875213623,30779452,3.5121221986853937
2020-09-16,3.524359703063965,3.5463867542691774,3.5023323017450863,3.5096748855559343,49672904,3.5243595863594095
2020-09-17,3.5170176029205322,3.5390450072686646,3.509675368213631,3.5170176029205322,32909067,3.5219126594676093
2020-09-18,3.5610711574554443,3.5610711574554443,3.5096744772140465,3.5243592930135352,53779878,3.5439389307083116
2020-09-21,3.5390450954437256,3.575756970120334,3.5317025104401703,3.561072150226946,28779882,3.5488348586680765
2020-09-22,3.5096747875213623,3.5537292388148956,3.502332203915612,3.5243596046192067,55424586,3.5219120767506236
2020-09-23,3.494990110397339,3.517017161869457,3.494990110397339,3.517017161869457,24195167,3.502332460888045
2020-09-24,3.465620756149292,3.4949907469844304,3.4582785210258082,3.4949907469844304,43664876,3.47296334138651
2020-09-25,3.458277702331543,3.480304752601162,3.4435928854472464,3.4656199357168656,34514420,3.460725113459984
2020-09-28,3.465620756149292,3.47296334138651,3.45093593578859,3.4582785210258082,20954869,3.4631733444414636
2020-09-29,3.458277702331543,3.480304752601162,3.458277702331543,3.480304752601162,21014393,3.465620052421416
2020-09-30,3.4362504482269287,3.472962667057308,3.4289082145290526,3.4582778495478896,35833659,3.4460404432710963
2020-10-09,3.4509356021881104,3.458278186715524,3.4362507832469835,3.4509356021881104,34821533,3.4484881907168727
2020-10-12,3.5023326873779297,3.5170175065028677,3.4509356453837943,3.4582782300031156,59002219,3.4900952797548634
2020-10-13,3.487647533416748,3.5096749350462373,3.480304949502361,3.5023323511318507,26343709,3.4925424726551153
2020-10-14,3.4803051948547363,3.5023325980371003,3.4729629605364125,3.494990363718776,31502469,3.48520025114275
2020-10-15,3.494990110397339,3.539044563455246,3.4803049425976993,3.487647526497519,49247675,3.504779872150095
2020-10-16,3.524359703063965,3.553729338080026,3.4949900680479042,3.5023323017450863,62326760,3.524359703063965
2020-10-19,3.5390450954437256,3.6124691949106653,3.5317025104401703,3.5390450954437256,84875617,3.5610722669315202
2020-10-20,3.5170176029205322,3.5390450072686646,3.5023327833930153,3.5390450072686646,42693503,3.519465131194071
2020-10-21,3.55372953414917,3.5610717682514434,3.5023324949785124,3.509675079194472,55112782,3.5390445991263753
2020-10-22,3.5390450954437256,3.5830995551238893,3.524360275550338,3.553729915337114,42461215,3.548834975372651
2020-10-23,3.55372953414917,3.575756586569676,3.5243598975127046,3.5390447158309373,61518392,3.5512820060771837
2020-10-26,3.494990110397339,3.5610716149273642,3.487647526497519,3.553729381141215,59464307,3.514569750607407
2020-10-27,3.465620756149292,3.4949907469844304,3.45093593578859,3.487648161747212,40975226,3.4705158129741043
2020-10-28,3.465620756149292,3.47296334138651,3.4435937006651063,3.465620756149292,32371397,3.460725932733636
2020-10-29,3.4509356021881104,3.465620421129237,3.4362507832469835,3.443593367774397,32498241,3.4509356021881104
2020-10-30,3.4289088249206543,3.4729632852911925,3.4215662398020332,3.4582784651676794,38864468,3.4411461166712933
2020-11-02,3.4362504482269287,3.450935265736347,3.4289082145290526,3.4362504482269287,45210034,3.4386979761641094
2020-11-03,3.465620756149292,3.487648161747212,3.45093593578859,3.45093593578859,45005749,3.468068284561698
2020-11-04,3.4729628562927246,3.487647674602292,3.450935453771531,3.480305090390666,32158826,3.4705153282221826
2020-11-05,3.487647533416748,3.5023323511318507,3.4729627157016454,3.487647533416748,38945999,3.487647533416748
2020-11-06,3.494990110397339,3.502332344183488,3.47296270881155,3.487647526497519,42536395,3.4900950544641254
2020-11-09,3.524359703063965,3.5390445205719954,3.4949900680479042,3.5023323017450863,53126511,3.5194647638946215
2020-11-10,3.5170176029205322,3.561072061503082,3.5023327833930153,3.5390450072686646,54423461,3.5268074826055433
2020-11-11,3.524359703063965,3.5463867542691774,3.5023323017450863,3.5170171192531168,43723322,3.5243595863594095
2020-11-12,3.5023326873779297,3.531702325627806,3.5023326873779297,3.5243600911221895,30515993,3.5121225667945555
2020-11-13,3.465620756149292,3.5023329821079145,3.4582785210258082,3.4949907469844304,44187234,3.4754107530943386
2020-11-16,3.4729628562927246,3.487647674602292,3.4656202720810985,3.4656202720810985,28908274,3.4754102676587046
2020-11-17,3.487647533416748,3.494990117331135,3.4656201317872584,3.4729627157016454,53575566,3.4827525941783803
2020-11-18,3.524359703063965,3.5463867542691774,3.480304900426207,3.4876474842370557,78363387,3.5170171192531163
2020-11-19,3.524359703063965,3.5390445205719954,3.5023323017450863,3.524359703063965,74032658,3.5219121751270155
2020-11-20,3.5170176029205322,3.5243601877411477,3.5023327833930153,3.5170176029205322,38393721,3.5145701913515652
2020-11-23,3.55372953414917,3.5610717682514434,3.509675079194472,3.5170173132967455,67794888,3.541492127198362
2020-11-24,3.546386957168579,3.575756593864965,3.539044723051326,3.5537295413995187,53609223,3.5537294246949567
2020-11-25,3.5317022800445557,3.583099321375316,3.5317022800445557,3.561071917915361,56742108,3.5488346271548092
2020-11-26,3.546386957168579,3.5610717755167722,3.5243599047031333,3.5317021388203864,37595800,3.5439395457961615
2020-11-27,3.612468719482422,3.6124687194824223,3.5463868636021876,3.5537294476394035,102235734,3.5904414341890103
2020-11-30,3.583099365234375,3.7299475563859046,3.5830993652343746,3.641838641694987,184319929,3.6320487622848847
2020-12-01,3.678550958633423,3.693235778124199,3.5610720525935,3.575756872084276,156677904,3.6442862631170407
2020-12-02,3.6858928203582764,3.7372898584321486,3.6565231843485435,3.693235404417549,121457335,3.6932352877129895
2020-12-03,3.7152626514434814,3.7299474702193964,3.656523376339821,3.678550779560542,118273035,3.700577832667566
2020-12-04,3.6858928203582764,3.700577638363143,3.6344957822844046,3.700577638363143,81963507,3.6736554136686075
2020-12-07,3.6418380737304688,3.6858925242053955,3.627153256905493,3.67120770738042,64670562,3.651627951613786
2020-12-08,3.6271538734436035,3.6785509161242347,3.6198112887262095,3.6491809273683673,85372925,3.641838692764683
2020-12-09,3.663865327835083,3.7079201308756686,3.634495692550472,3.641838276428459,120868187,3.668760383753741
2020-12-10,3.6344962120056152,3.685893256156368,3.619811392264503,3.671208436415256,61065276,3.6467336201421623
2020-12-11,3.5170176029205322,3.6491809786681824,3.5170176029205322,3.641838743961281,78616905,3.5610720615030824
2020-12-14,3.583099365234375,3.634496057080558,3.5610719615047928,3.5684145461192216,62024423,3.592889127939909
2020-12-15,3.546386957168579,3.5830991780959045,3.5317021388203864,3.575756593864965,46997780,3.5537294246949567
2020-12-16,3.5390450954437256,3.5684147352305016,3.5317025104401703,3.546387330333558,34617618,3.5463874470381325
2020-12-17,3.5610711574554443,3.5610711574554443,3.517016710056978,3.531701525856467,46625770,3.5463863416559556
2020-12-18,3.5390450954437256,3.561072150226946,3.524360275550338,3.553729915337114,45573745,3.54149250707367
2020-12-21,3.546386957168579,3.546386957168579,3.502332502124001,3.539044723051326,48310171,3.531702138820387
2020-12-22,3.494990110397339,3.539044563455246,3.487647526497519,3.539044563455246,55292684,3.507227400116701
2020-12-23,3.494990110397339,3.502332344183488,3.47296270881155,3.487647526497519,33499976,3.4900950544641254
2020-12-24,3.487647533416748,3.517017168846953,3.480304949502361,3.494990117331135,26829429,3.4949898839220204
2020-12-25,3.5023326873779297,3.5096752719972515,3.4729630491280536,3.4876478682529917,22802730,3.4949903361677452
2020-12-28,3.494990110397339,3.517017161869457,3.4803049425976993,3.487647526497519,35197691,3.4974374049548316
2020-12-29,3.5023326873779297,3.5096752719972515,3.4876478682529917,3.5023326873779297,34643050,3.4998852758760575
2020-12-30,3.5096747875213623,3.5170170210134564,3.4876473868177675,3.502332203915612,33533912,3.5047797317841956
2020-12-31,3.55372953414917,3.5610717682514434,3.5023324949785124,3.5023324949785124,47663762,3.5390445991263753
2021-01-04,3.55372953414917,3.5610717682514434,3.5023324949785124,3.546386949933211,65391015,3.5390445991263753
2021-01-05,3.55372953414917,3.55372953414917,3.5170173132967455,3.5390447158309373,57230072,3.541492127198362
2021-01-06,3.5610711574554443,3.58309855621149,3.531701525856467,3.5463863416559556,51945722,3.5586237465078003
2021-01-07,3.55372953414917,3.5830991707856352,3.5170173132967455,3.5684143524674026,56997550,3.5512820060771837
2021-01-08,3.5610711574554443,3.5757559732549327,3.531701525856467,3.5463863416559556,55243180,3.5561762188556147
2021-01-11,3.5096747875213623,3.5830988730105844,3.5096747875213623,3.561071472306989,88739180,3.534149482684436
2021-01-12,3.5170176029205322,3.5243601877411477,3.487647963865499,3.509675368213631,55272282,3.50967525150906
2021-01-13,3.5390450954437256,3.553729915337114,3.5023328706533943,3.517017690546782,61039933,3.5317026271447447
2021-01-14,3.55372953414917,3.5904414048879087,3.531702131614978,3.546386949933211,63179221,3.558624356884019
2021-01-15,3.583099365234375,3.65652346081014,3.5684145461192216,3.5684145461192216,120589264,3.602679124054579
2021-01-18,3.583099365234375,3.612469003464681,3.5610719615047928,3.5830993652343746,77093403,3.5855467767346165
2021-01-19,3.612468719482422,3.6418383554039315,3.561071681562942,3.5904413174844514,92786298,3.605126252149765
2021-01-20,3.5610711574554443,3.6344952364528873,3.5610711574554443,3.6124681878104674,79312832,3.585545850454592
2021-01-21,3.55372953414917,3.575756586569676,3.5390447158309373,3.5610717682514434,60666317,3.556176945516594
2021-01-22,3.5170176029205322,3.553729826796181,3.5023327833930153,3.553729826796181,53301173,3.524360071036576
2021-01-25,3.5023326873779297,3.5170175065028677,3.4876478682529917,3.5170175065028677,44453215,3.5023326873779297
2021-01-26,3.5023326873779297,3.5243600911221895,3.4876478682529917,3.4949904528723135,45558553,3.50478021558437
2021-01-27,3.5096747875213623,3.546386655209145,3.4949899704235183,3.4949899704235183,58205520,3.5170171377180086
2021-01-28,3.4803051948547363,3.5023325980371003,3.465620376104393,3.494990363718776,49168457,3.482752722998743
2021-01-29,3.4729628562927246,3.5023324929118598,3.4656202720810985,3.487647674602292,53232948,3.4803052070952276
2021-02-01,3.494990110397339,3.509674928083308,3.4435930734396116,3.46562012491173,71105029,3.4827527039734196
2021-02-02,3.458277702331543,3.509674736483407,3.450935118832569,3.4949899195991105,49339072,3.4729625192158395
2021-02-03,3.4803051948547363,3.494990363718776,3.443593323035725,3.4582781417860686,60410139,3.4729629605364125
2021-02-04,3.465620756149292,3.5023329821079145,3.4582785210258082,3.47296334138651,57840587,3.4754107530943386
2021-02-05,3.5317022800445557,3.539044864569107,3.458278185367541,3.465620419778392,135080715,3.5096751099937347
2021-02-08,3.5023326873779297,3.531702325627806,3.4876478682529917,3.5243600911221895,88884471,3.5072276270862424
2021-02-09,3.5096747875213623,3.5096747875213623,3.4656199861141728,3.4876473868177675,78859837,3.494989853718966
2021-02-10,3.5096747875213623,3.539044421717051,3.502332203915612,3.502332203915612,109057846,3.5170171377180086
2021-02-18,3.524359703063965,3.5684141555880564,3.524359703063965,3.531701936761147,152948254,3.5390445205719954
2021-02-19,3.546386957168579,3.5610717755167722,3.5096750863549406,3.5243599047031333,131983714,3.539044606346764
2021-02-22,3.55372953414917,3.5830991707856352,3.531702131614978,3.546386949933211,162480689,3.556176945516594
2021-02-23,3.546386957168579,3.575756593864965,3.539044723051326,3.5537295413995187,124174554,3.5537294246949567
2021-02-24,3.524359703063965,3.561071571777208,3.5170171192531168,3.5463867542691774,102925385,3.534149464698096
2021-02-25,3.55372953414917,3.5684143524674026,3.5243598975127046,3.531702131614978,159590783,3.5488345947097586
2021-02-26,3.5023326873779297,3.546387144752744,3.4949904528723135,3.531702325627806,131790675,3.514570095000996
2021-03-01,3.494990110397339,3.517017161869457,3.4803049425976993,3.509674928083308,89017041,3.4974374049548316
2021-03-02,3.465620756149292,3.5023329821079145,3.4582785210258082,3.4949907469844304,81224951,3.4754107530943386
2021-03-03,3.5317022800445557,3.5463870989799586,3.465620419778392,3.472963004302944,151027998,3.514569932934302
2021-03-04,3.5170176029205322,3.561072061503082,3.509675368213631,3.5170176029205322,148012638,3.5292550108790817
2021-03-05,3.5317022800445557,3.539044864569107,3.4949904077628986,3.5170174611091527,86939432,3.5219125174588535
2021-03-08,3.524359703063965,3.5757563892852384,3.524359703063965,3.5463867542691774,151151243,3.5414919318043894
2021-03-09,3.5170176029205322,3.5463872419755655,3.4949905486861144,3.5317024224480487,126175472,3.519465131194071
2021-03-10,3.5170176029205322,3.5463872419755655,3.5023327833930153,3.5243601877411477,103123175,3.521912542763038
2021-03-11,3.55372953414917,3.5610717682514434,3.5243598975127046,3.5390447158309373,114257976,3.5463870666377724
2021-03-12,3.583099365234375,3.5830993652343746,3.5243600887737627,3.54638714238964,173989275,3.5635196064141703
2021-03-15,3.5977838039398193,3.627153439064743,3.568414168814896,3.5830989863773577,160997178,3.5977838039398193
2021-03-16,3.5977838039398193,3.619810855226678,3.5757564025392927,3.5977838039398193,116172165,3.5977836872352635
2021-03-17,3.5610711574554443,3.5977833720109786,3.5537289246125128,3.5977833720109786,96625572,3.570861151359645
2021-03-18,3.5684142112731934,3.58309902901038,3.553729393536006,3.5610716273477636,80458804,3.5684142112731934
2021-03-19,3.5317022800445557,3.575756736850764,3.5170174611091527,3.561071917915361,111238190,3.5414921593348243
2021-03-22,3.5390450954437256,3.546387330333558,3.517017690546782,3.524360275550338,85816235,3.5341500387746887
2021-03-23,3.524359703063965,3.553729338080026,3.5096748855559343,3.531701936761147,91313382,3.529254642233308
2021-03-24,3.494990110397339,3.524359745769277,3.487647526497519,3.524359745769277,123640274,3.502332460888045
2021-03-25,3.4803051948547363,3.5023325980371003,3.4803051948547363,3.494990363718776,79828729,3.487647662582191
2021-03-26,3.494990110397339,3.502332344183488,3.4803049425976993,3.487647526497519,136706883,3.4925424657261757
2021-03-29,3.5170176029205322,3.5243601877411477,3.487647963865499,3.5023327833930153,105047426,3.50967525150906
2021-03-30,3.5317022800445557,3.539044864569107,3.5023326421737497,3.5170174611091527,88989047,3.524359928929137
2021-03-31,3.524359703063965,3.531701936761147,3.5023323017450863,3.524359703063965,74725836,3.519464647190066
2021-04-01,3.5096747875213623,3.5243596046192067,3.502332203915612,3.5243596046192067,60048254,3.5121221986853937
2021-04-02,3.5096747875213623,3.5170170210134564,3.4949899704235183,3.5170170210134564,52499684,3.507227259652779
2021-04-06,3.494990110397339,3.517017161869457,3.487647526497519,3.509674928083308,48843950,3.499884932921438
2021-04-07,3.5023326873779297,3.5023326873779297,3.4803052836336703,3.4949904528723135,66485702,3.4949902194631766
2021-04-08,3.494990110397339,3.502332344183488,3.487647526497519,3.494990110397339,54693638,3.4949899936927817
2021-04-09,3.494990110397339,3.502332344183488,3.487647526497519,3.494990110397339,51014751,3.4949899936927817
2021-04-12,3.5023326873779297,3.5096752719972515,3.4876478682529917,3.4949904528723135,61822080,3.4998852758760575
2021-04-13,3.487647533416748,3.5096749350462373,3.4729627157016454,3.5023323511318507,69096365,3.4900950613882102
2021-04-14,3.4803051948547363,3.494990363718776,3.4729629605364125,3.4803051948547363,45447966,3.482752839703308
2021-04-15,3.4729628562927246,3.487647674602292,3.4656202720810985,3.487647674602292,51999084,3.4754102676587046
2021-04-16,3.4803051948547363,3.4876477792867564,3.465620376104393,3.4729629605364125,45663324,3.4778577834152955
2021-04-19,3.487647533416748,3.494990117331135,3.4656201317872584,3.480304949502361,49493104,3.4827525941783803
2021-04-20,3.4803051948547363,3.494990363718776,3.4729629605364125,3.4876477792867564,40717653,3.482752839703308
2021-04-21,3.4803051948547363,3.4876477792867564,3.4729629605364125,3.4803051948547363,37435842,3.480305311559302
2021-04-22,3.4803051948547363,3.4876477792867564,3.4729629605364125,3.4876477792867564,41005112,3.480305311559302
2021-04-23,3.4729628562927246,3.487647674602292,3.472962856292725,3.480305090390666,31696877,3.4778577957292476
2021-04-26,3.465620756149292,3.487648161747212,3.465620756149292,3.47296334138651,47564128,3.472963224681932
2021-04-27,3.465620756149292,3.480305576509994,3.4582785210258082,3.465620756149292,37953949,3.468068284561698
2021-04-28,3.4729628562927246,3.472962856292725,3.4582780379831575,3.4656202720810985,29536757,3.4680679168562025
2021-04-29,3.494990110397339,3.502332344183488,3.46562012491173,3.47296270881155,49837809,3.487647526497519
2021-04-30,3.494990110397339,3.524359745769277,3.4803049425976993,3.517017161869457,103786792,3.499884932921438
2021-05-06,3.524359703063965,3.531701936761147,3.4949900680479042,3.5023323017450863,83066378,3.517017235957672
2021-05-07,3.55372953414917,3.5684143524674026,3.5243598975127046,3.531702131614978,123733872,3.5488345947097586
2021-05-10,3.5684142112731934,3.568414211273193,3.539044575798819,3.5610716273477636,112699280,3.558624332781735
2021-05-11,3.583099365234375,3.5904415997350987,3.5610719615047928,3.5684145461192216,116863198,3.5782043088247555
2021-05-12,3.6344962120056152,3.6418387969330315,3.5757569330411667,3.590441752782279,171479768,3.617363980659938
2021-05-13,3.612468719482422,3.6418383554039315,3.5830990835609127,3.627153537443177,117809818,3.612468719482422
2021-05-14,3.6344962120056152,3.6418387969330315,3.5977843377096947,3.605126572523391,99426170,3.624706448882781
2021-05-17,3.605126142501831,3.641838362532416,3.5904413245123323,3.6271535445429177,96206325,3.6124686098488596
2021-05-18,3.605126142501831,3.612468726553419,3.583099090574422,3.605126142501831,53509141,3.6002313198765576
2021-05-19,3.5684142112731934,3.6051260805593253,3.553729393536006,3.6051260805593253,80279919,3.575756561789508
2021-05-20,3.5977838039398193,3.6051260376642165,3.553729351252434,3.568414168814896,79524500,3.5855463976188235
2021-05-21,3.5904414653778076,3.597784049717471,3.568414412586201,3.5904414653778076,50774811,3.585546642560493
2021-05-24,3.583099365234375,3.5977841843495275,3.5757567806199457,3.5757567806199457,50643116,3.5855467767346156
2021-05-25,3.6198110580444336,3.627153642293903,3.5757566028886805,3.5830991871381497,91221589,3.607573767742339
2021-05-26,3.6198110580444336,3.634495876429685,3.6124688239086518,3.627153642293903,76880048,3.62225858612759
2021-05-27,3.6271538734436035,3.6344961080472884,3.60512646940513,3.6124690541225246,86524905,3.6222588169653407
2021-05-28,3.612468719482422,3.6344957713667156,3.6051261354452064,3.627153537443177,63262601,3.617363542098115
2021-05-31,3.605126142501831,3.6198109604913293,3.5904413245123323,3.6198109604913293,59644173,3.605126142501831
2021-06-01,3.5977838039398193,3.6051260376642165,3.5830989863773577,3.5977838039398193,55742095,3.595336275993798
2021-06-02,3.605126142501831,3.605126142501831,3.5684142725849233,3.5904413245123323,90009499,3.5928888525295286
2021-06-03,3.5977838039398193,3.627153439064743,3.5977838039398193,3.6051260376642165,64303610,3.607573682314794
2021-06-04,3.6198110580444336,3.627153642293903,3.5830991871381497,3.5977840055234007,70976466,3.6100212958254954
2021-06-07,3.6198110580444336,3.627153642293903,3.6051262396591826,3.6198110580444336,49253742,3.6173636466658396
2021-06-08,3.6198110580444336,3.627153642293903,3.6051262396591826,3.6198110580444336,46210973,3.6173636466658396
2021-06-09,3.6271538734436035,3.6344961080472884,3.6124690541225246,3.6198112887262095,55206600,3.6247063452044723
2021-06-10,3.612468719482422,3.6418383554039315,3.6051261354452064,3.627153537443177,70460460,3.61981107011052
2021-06-11,3.6418380737304688,3.663865123911107,3.6051258566112043,3.612468440080517,133560673,3.63694301808426
2021-06-15,3.5904414653778076,3.6418385054143756,3.583099231151836,3.6418385054143756,88982828,3.605126400648006
2021-06-16,3.5977838039398193,3.6124686215022814,3.5830989863773577,3.590441220101755,54199687,3.5977838039398193
2021-06-17,3.5904414653778076,3.6124688682831056,3.575756646812173,3.597784049717471,50643035,3.592888993491029
2021-06-18,3.575756549835205,3.5977839521431054,3.56841431580836,3.5977839521431054,53593477,3.58065160592889
2021-06-21,3.575756549835205,3.5830991339757325,3.5537294976409877,3.575756549835205,50478729,3.5708617271506413
2021-06-22,3.5904414653778076,3.597784049717471,3.575756646812173,3.583099231151836,51885197,3.5879940539691506
2021-06-23,3.575756549835205,3.5977839521431054,3.56841431580836,3.590441368002578,42401607,3.58065160592889
2021-06-24,3.5904414653778076,3.597784049717471,3.568414412586201,3.583099231151836,37114669,3.585546642560493
2021-06-25,3.612468719482422,3.6124687194824223,3.5830990835609127,3.5904413174844514,67031077,3.6026788408419192
2021-06-28,3.5977838039398193,3.619810855226678,3.590441220101755,3.6124686215022814,50565999,3.602678626422751
2021-06-29,3.5977838039398193,3.6051260376642165,3.5830989863773577,3.5977838039398193,46514279,3.595336275993798
2021-06-30,3.575756549835205,3.5977839521431054,3.575756549835205,3.590441368002578,37447474,3.583099017271172
2021-07-01,3.5904414653778076,3.597784049717471,3.575756646812173,3.583099231151836,48533766,3.5879940539691506
2021-07-02,3.583099365234375,3.5977841843495275,3.5757567806199457,3.5830993652343746,54516293,3.5855467767346156
2021-07-05,3.583099365234375,3.5904415997350987,3.5684145461192216,3.5830993652343746,48950022,3.5806518370295652
2021-07-06,3.5977838039398193,3.6051260376642165,3.5757564025392927,3.5830989863773577,62916595,3.5928887480477765
2021-07-07,3.5904414653778076,3.605126283943443,3.583099231151836,3.597784049717471,41714506,3.592888993491029
2021-07-08,3.5904414653778076,3.605126283943443,3.575756646812173,3.605126283943443,51488330,3.5904414653778076
2021-07-09,3.5610711574554443,3.5904407890544214,3.5610711574554443,3.5757559732549327,66507729,3.570861034655103
2021-07-12,3.546386957168579,3.5830991780959045,3.546386957168579,3.575756593864965,76487580,3.5586243641443542
2021-07-13,3.55372953414917,3.5610717682514434,3.5390447158309373,3.55372953414917,58495346,3.5512820060771837
2021-07-14,3.5317022800445557,3.561071917915361,3.5170174611091527,3.55372968350451,76526753,3.5365972196896895
2021-07-15,3.546386957168579,3.5537295413995187,3.5170173204721937,3.5317021388203864,69314810,3.5390446063467635
2021-07-16,3.562044620513916,3.5698730955653564,3.538558448759523,3.55421577216244,75885868,3.5568253882795986
2021-07-19,3.5307297706604004,3.5620444156653694,3.522900922759151,3.5620444156653694,51482758,3.5385583696949734
2021-07-20,3.5150721073150635,3.5229009552886024,3.4994147846680037,3.5150721073150635,41128073,3.5124626157572236
2021-07-21,3.5150721073150635,3.5307298032621413,3.4994147846680037,3.5229009552886024,35141145,3.515072231748403
2021-07-22,3.5150721073150635,3.5307298032621413,3.5072436326415426,3.5150721073150635,54116445,3.5176818477395826
2021-07-23,3.4994146823883057,3.5229008523224583,3.4994146823883057,3.5150720045777386,35194103,3.5072434056996897
2021-07-26,3.4524426460266113,3.507243459231795,3.444614171740156,3.499414611645341,71269390,3.468100092332854
2021-07-27,3.3898136615753174,3.4681002779384826,3.389813661575318,3.4524429546658495,85363723,3.415909200363039
2021-07-28,3.3663275241851807,3.405470641773383,3.3663275241851807,3.3976421675757407,79094956,3.379375230047915
2021-07-29,3.350670337677002,3.381984982330992,3.3428414898634995,3.381984982330992,59303694,3.3584989366238314
2021-07-30,3.358499050140381,3.358499050140381,3.3271844032677462,3.3506705750722405,49201585,3.3480608345161698
2021-08-02,3.397642135620117,3.4054706097441314,3.33501284942804,3.3506701709760596,67199716,3.3793751982640963
2021-08-03,3.3663275241851807,3.3898133200781033,3.358498676687543,3.3898133200781033,43945810,3.3715465069836092
2021-08-04,3.350670337677002,3.3741561345174893,3.3506703376770024,3.3663276600039973,38411754,3.3584989366238314
2021-08-05,3.358499050140381,3.374156373576698,3.3428417267040635,3.3506705750722405,47553888,3.358499050140381
2021-08-06,3.3663275241851807,3.3663275241851807,3.33501288079462,3.3506702024899004,45388431,3.3558893097216607
2021-08-09,3.3819849491119385,3.40547074572174,3.3584987792021304,3.3584987792021304,67494947,3.3819848246786033
2021-08-10,3.3898136615753174,3.3976425098616505,3.3663278633163847,3.389813661575318,54222733,3.3845946782511174
2021-08-11,3.397642135620117,3.4211279312921503,3.381984814072098,3.389813288196112,65066628,3.400251626994789
2021-08-12,3.3898136615753174,3.4054709848479505,3.389813661575318,3.3976425098616505,36422348,3.3950327693328624
2021-08-13,3.3741562366485596,3.38981355944948,3.3741562366485596,3.3819850846990303,43692875,3.379375344248866
2021-08-16,3.413299560546875,3.4289568825691084,3.37415606884129,3.3819849165024083,63800119,3.405470837319091
2021-08-17,3.397642135620117,3.4367852528401697,3.389813288196112,3.4132994571681365,52136092,3.408080225552133
2021-08-18,3.4524426460266113,3.4602714936130656,3.389813358534972,3.389813358534972,67528250,3.434175832724883
2021-08-19,3.413299560546875,3.4446142045913413,3.405470712885757,3.4446142045913413,50018794,3.421128159341324
2021-08-20,3.405470848083496,3.428957018699252,3.3898135254396644,3.405470848083496,54311267,3.4080804640741373
2021-08-23,3.405470848083496,3.4211281707273273,3.405470848083496,3.405470848083496,33116054,3.41068995563144
2021-08-24,3.397642135620117,3.4211279312921503,3.389813288196112,3.4132994571681365,59302384,3.4028611183694597
2021-08-25,3.3819849491119385,3.413299593458345,3.3819849491119385,3.3976422712851417,59584696,3.392423163894074
2021-08-26,3.3663275241851807,3.3976421675757407,3.3663275241851807,3.3819848458804604,60646900,3.3767657386487007
2021-08-27,3.3819849491119385,3.389813423548537,3.366327626938735,3.3741561013753336,48242229,3.379375333199737
2021-08-30,3.3663275241851807,3.3976421675757407,3.358498676687543,3.3898133200781033,68739280,3.3741561228161547
2021-08-31,3.397642135620117,3.4054706097441314,3.3663274925240785,3.3663274925240785,70285092,3.3898134126294424
2021-09-01,3.4367854595184326,3.4681001044976427,3.3898134920496172,3.3976423399444267,115402000,3.4315663520218975
2021-09-02,3.4524426460266113,3.4524426460266113,3.4211280022807915,3.436785324153701,73350971,3.4420044314446714
2021-09-03,3.491586208343506,3.5150720049803414,3.468100038406663,3.491586208343506,112975089,3.49158608391017
2021-09-06,3.4994146823883057,3.5150720045777386,3.4837573601988727,3.4837573601988727,91689783,3.4994146823883057
2021-09-07,3.5385582447052,3.554215567205223,3.483757429305115,3.5072435997051556,97979619,3.5255104137385125
2021-09-08,3.5463874340057373,3.5698732333666743,3.5229012613447503,3.5385585853520585,112385797,3.546387309572387
2021-09-09,3.5385582447052,3.546387092605219,3.5150720743051593,3.5307297701051965,83180213,3.5333391372051928
2021-09-10,3.554215669631958,3.6011876384856816,3.538558346680717,3.538558346680717,140123420,3.564653884932786
2021-09-13,3.5463874340057373,3.5698732333666743,3.5307301099984296,3.554215909359366,103195311,3.5489969257902807
2021-09-14,3.483757495880127,3.5542156351266985,3.47592902113052,3.5463871603770913,138723183,3.5046340507124483
2021-09-15,3.46809983253479,3.499414475058356,3.460271358553891,3.4759286798156737,73315288,3.475928555382346
2021-09-16,3.475928783416748,3.499414579359431,3.460271461688294,3.475928783416748,97471351,3.478538274821491
2021-09-17,3.46809983253479,3.46809983253479,3.444614037292108,3.46809983253479,83467091,3.460271234120563
2021-09-22,3.428956985473633,3.4446143079657494,3.4054708150854514,3.4289569854736333,81025976,3.426347369508278
2021-09-23,3.4524426460266113,3.4759288154859758,3.4289568498672462,3.436785324153701,85232691,3.4524427704599443
2021-09-24,3.428956985473633,3.460271630457866,3.421128137577568,3.4446143079657494,67111014,3.4367855845030224
2021-09-27,3.413299560546875,3.4524426789524565,3.405470712885757,3.436785356930223,74143949,3.4237376507950295
2021-09-28,3.4367854595184326,3.444614307413242,3.413299662434032,3.4211281370288273,52100362,3.431566476455236
2021-09-29,3.4367854595184326,3.4524427820080374,3.413299662434032,3.4289569849236368,74246541,3.434175967986834
2021-09-30,3.413299560546875,3.436785356930223,3.413299560546875,3.436785356930223,62167925,3.421128159341324
2021-10-08,3.491586208343506,3.491586208343506,3.4289569195786007,3.4289569195786007,108062275,3.470709778755204
2021-10-11,3.5072436332702637,3.546387126544939,3.483757462645455,3.4915863106203973,81113002,3.512462740820219
2021-10-12,3.491586208343506,3.522900852725958,3.4759288861522792,3.4994146827891153,67093303,3.496805315740581
2021-10-13,3.475928783416748,3.499414579359431,3.460271461688294,3.483757257630977,50388735,3.478538274821491
2021-10-14,3.4524426460266113,3.4837572897724307,3.4524426460266113,3.4837572897724307,38114680,3.4628808606085513
2021-10-15,3.4524426460266113,3.468099967899521,3.444614171740156,3.4602714936130656,48214440,3.455052261888763
2021-10-18,3.4524426460266113,3.4759288154859758,3.444614171740156,3.4602714936130656,54508695,3.457661877750914
2021-10-19,3.475928783416748,3.475928783416748,3.452442614174069,3.452442614174069,58572152,3.468100060335855
2021-10-20,3.46809983253479,3.4915860010774566,3.460271358553891,3.4759286798156737,46634126,3.4733190640553793
2021-10-21,3.4994146823883057,3.5072435301330254,3.46810003800944,3.4759288857541595,68103912,3.491586083510257
2021-10-22,3.4994146823883057,3.5150720045777386,3.4837573601988727,3.4994146823883057,56386661,3.4994146823883057
2021-10-25,3.5072436332702637,3.5072436332702637,3.483757462645455,3.4994147852953215,41341528,3.4994149097286606
2021-10-26,3.4994146823883057,3.5229008523224583,3.4915862079435924,3.5072435301330254,48901375,3.5046339142181187
2021-10-27,3.475928783416748,3.499414579359431,3.452442614174069,3.491586105145202,62291426,3.4759286589834155
2021-10-28,3.4524426460266113,3.4759288154859758,3.4524426460266113,3.468099967899521,45304075,3.4602713691797327
2021-10-29,3.46809983253479,3.4759286798156737,3.436785190011224,3.460271358553891,56860199,3.460271234120563
2021-11-01,3.4994146823883057,3.5072435301330254,3.460271563564727,3.46810003800944,67704684,3.488976592028686
2021-11-02,3.4446144104003906,3.515072177060154,3.428957087442663,3.5072437022313028,86454290,3.462881224967736
2021-11-03,3.46809983253479,3.4759286798156737,3.436785190011224,3.444614037292108,56247608,3.460271234120563
2021-11-04,3.4524426460266113,3.4837572897724307,3.4524426460266113,3.468099967899521,46609116,3.4628808606085513
2021-11-05,3.4446144104003906,3.4602717333581188,3.436785562271514,3.4524428852292424,45676923,3.4472239020100077
2021-11-08,3.4446144104003906,3.4602717333581188,3.436785562271514,3.4446144104003906,30858103,3.4472239020100077
2021-11-09,3.4446144104003906,3.4602717333581188,3.436785562271514,3.4446144104003906,29477441,3.4472239020100077
2021-11-10,3.4446144104003906,3.4524428852292424,3.421128239313786,3.4446144104003906,42583846,3.439395178314473
2021-11-11,3.475928783416748,3.475928783416748,3.4367852924456153,3.4367852924456153,48235685,3.462880953093037
2021-11-12,3.46809983253479,3.4915860010774566,3.460271358553891,3.4759286798156737,33110168,3.4733190640553793
2021-11-15,3.475928783416748,3.483757257630977,3.468099935902523,3.468099935902523,28906652,3.4759286589834164
2021-11-16,3.46809983253479,3.483757153796573,3.460271358553891,3.4759286798156737,35583902,3.4707094482950844
2021-11-17,3.4524426460266113,3.4759288154859758,3.4524426460266113,3.468099967899521,34364072,3.4602713691797327
2021-11-18,3.4602713584899902,3.4759286797514837,3.452442511209251,3.452442511209251,37729602,3.4628808498169086
2021-11-19,3.475928783416748,3.483757257630977,3.460271461688294,3.460271461688294,29735228,3.4733191675786728
2021-11-22,3.4602713584899902,3.4837571537322383,3.4602713584899902,3.4759286797514837,27912585,3.468099956904073
2021-11-23,3.46809983253479,3.4759286798156737,3.460271358553891,3.46809983253479,27148694,3.468099956968118
2021-11-24,3.475928783416748,3.475928783416748,3.460271461688294,3.475928783416748,24113681,3.47070967617393
2021-11-25,3.46809983253479,3.4759286798156737,3.460271358553891,3.46809983253479,25363022,3.468099956968118
2021-11-26,3.4524426460266113,3.468099967899521,3.4524426460266113,3.468099967899521,24708298,3.457661753317581
2021-11-29,3.4446144104003906,3.4602717333581188,3.436785562271514,3.436785562271514,38696888,3.4472239020100077
2021-11-30,3.428956985473633,3.460271630457866,3.4289569854736333,3.4446143079657494,51778704,3.439395200468377
2021-12-01,3.4524426460266113,3.4602714936130656,3.4289568498672462,3.436785324153701,39059495,3.4472236631689746
2021-12-02,3.4602713584899902,3.4680998324707444,3.4446140372284964,3.452442511209251,38563033,3.457661742729744
2021-12-03,3.4602713584899902,3.4680998324707444,3.4446140372284964,3.4602713584899902,35035709,3.457661742729744
2021-12-06,3.4602713584899902,3.4837571537322383,3.4602713584899902,3.4680998324707444,59469519,3.468099956904073
2021-12-07,3.483757495880127,3.483757495880127,3.460271698331284,3.47592902113052,48831327,3.475928896697179
2021-12-08,3.475928783416748,3.483757257630977,3.468099935902523,3.483757257630977,40543456,3.4759286589834164
2021-12-09,3.4994146823883057,3.5072435301330254,3.46810003800944,3.4759288857541595,74375154,3.491586083510257
2021-12-10,3.475928783416748,3.499414579359431,3.468099935902523,3.491586105145202,70462050,3.481147766226234
2021-12-13,3.475928783416748,3.507243426873656,3.475928783416748,3.483757257630977,51233491,3.4863669979023837
2021-12-14,3.46809983253479,3.483757153796573,3.46809983253479,3.483757153796573,41390823,3.4733189396220507
2021-12-15,3.46809983253479,3.4759286798156737,3.460271358553891,3.46809983253479,34164725,3.468099956968118
2021-12-16,3.475928783416748,3.483757257630977,3.460271461688294,3.468099935902523,28355276,3.4733191675786728
2021-12-17,3.4602713584899902,3.4837571537322383,3.4602713584899902,3.4680998324707444,32087808,3.468099956904073
2021-12-20,3.4602713584899902,3.4759286797514837,3.452442511209251,3.4680998324707444,37502360,3.4628808498169086
2021-12-21,3.483757495880127,3.4915863439297556,3.460271698331284,3.460271698331284,50837564,3.4785385127137225
2021-12-22,3.46809983253479,3.4915860010774566,3.46809983253479,3.483757153796573,34932217,3.4759285553823456
2021-12-23,3.46809983253479,3.4759286798156737,3.460271358553891,3.4759286798156737,25830811,3.468099956968118
2021-12-24,3.4602713584899902,3.4759286797514837,3.4602713584899902,3.4680998324707444,29109358,3.4654904655771546
2021-12-27,3.4602713584899902,3.4680998324707444,3.452442511209251,3.4680998324707444,31603363,3.460271234056662
2021-12-28,3.483757495880127,3.483757495880127,3.460271698331284,3.4681001730808916,43441476,3.475928896697179
2021-12-29,3.491586208343506,3.491586208343506,3.468100038406663,3.4759288861522792,47822646,3.4837574850312247
2021-12-30,3.483757495880127,3.4915863439297556,3.47592902113052,3.483757495880127,34798190,3.4837576203134675
2021-12-31,3.475928783416748,3.491586105145202,3.468099935902523,3.491586105145202,33663057,3.478538274821491
2022-01-04,3.491586208343506,3.4994146827891153,3.468100038406663,3.4759288861522792,62417158,3.4863669765130947
2022-01-05,3.5150721073150635,3.5229009552886024,3.491586309994483,3.4994147846680037,87334997,3.509853124199383
2022-01-06,3.4994146823883057,3.5150720045777386,3.4915862079435924,3.5072435301330254,52306813,3.502024298303212
2022-01-07,3.5463874340057373,3.554215909359366,3.4994150886837634,3.4994150886837634,104063623,3.5333394773496223
2022-01-10,3.554215669631958,3.577701840708832,3.530729871855109,3.5620445177575912,76134781,3.5542157940653
2022-01-11,3.5933587551116943,3.601187229047241,3.554215265534014,3.554215265534014,92957109,3.5829204165643165
2022-01-12,3.5777015686035156,3.6011873645941317,3.5542153993129033,3.593358890363925,67250634,3.577701444170183
2022-01-13,3.5933587551116943,3.6168445502183166,3.5698725867050896,3.5698725867050896,69939672,3.5933586306783667
2022-01-14,3.5307297706604004,3.5933590606703385,3.5307297706604004,3.585530212769089,75039975,3.551606200663713
2022-01-17,3.5385582447052,3.569872889705245,3.522900922205178,3.5307297701051965,37437057,3.5437773522052076
2022-01-18,3.5855305194854736,3.5855305194854736,3.538558547959905,3.538558547959905,67531027,3.5698731956436176
2022-01-19,3.5855305194854736,3.593359368056425,3.5698731956436176,3.5698731956436176,52115023,3.582921027728505
2022-01-20,3.6011879444122314,3.6246741174842927,3.5855306201308763,3.593359468921582,85118886,3.6037975606757997
2022-01-21,3.5855305194854736,3.6011878433273297,3.562044720372713,3.6011878433273297,52423778,3.582921027728505
2022-01-24,3.569873094558716,3.593359266306486,3.554215771160214,3.577701942907985,54287305,3.5724827106751387
2022-01-25,3.5072436332702637,3.5620444491948056,3.5072436332702637,3.5620444491948056,67725326,3.5255105719117776
2022-01-26,3.5385582447052,3.562044415105241,3.5150720743051593,3.5150720743051593,63007820,3.5385582447052
2022-01-27,3.5307297706604004,3.5620444156653694,3.5307297706604004,3.5385582452616355,45665402,3.5411679856620566
2022-01-28,3.5150721073150635,3.554215600582722,3.5150721073150635,3.538558277935662,61209664,3.528119938404283
2022-02-07,3.5777015686035156,3.5855300428337222,3.5307296033222877,3.546386925082697,70391476,3.5646537382531753
2022-02-08,3.6403310298919678,3.6403310298919678,3.569872891947602,3.577701739852538,113283572,3.6168449839105126
2022-02-09,3.624673843383789,3.6638169644771175,3.624673843383789,3.640331166481126,82063097,3.6377215504148985
2022-02-10,3.6481595039367676,3.6481595039367676,3.6090163843181413,3.6246737068255945,71863195,3.635111797397226
2022-02-11,3.6638169288635254,3.6873030999312513,3.632502282973241,3.640331131095824,91016968,3.661207437256006
2022-02-14,3.616844654083252,3.663816618945373,3.601187332462545,3.663816618945373,71486808,3.6272828684970566
2022-02-15,3.609016180038452,3.632501975820268,3.593358858417244,3.609016180038452,47690983,3.611625671425321
2022-02-16,3.616844654083252,3.648159297324666,3.609016179922895,3.624673501543602,43620530,3.624673377110271
2022-02-17,3.616844654083252,3.640330823164309,3.609016179922895,3.624673501543602,34468733,3.622063885723485
2022-02-18,3.6403310298919678,3.6403310298919678,3.601187536967317,3.6090163848722527,51139558,3.627283198917084
2022-02-21,3.616844654083252,3.632501975703959,3.601187332462545,3.632501975703959,54535422,3.616844654083252
2022-02-22,3.6011879444122314,3.6168452686935866,3.593359468921582,3.6090167932029376,54058925,3.6037975606757997
2022-02-23,3.5777015686035156,3.6090162121243345,3.5698727210733128,3.6011873645941317,72452612,3.5855301672670543
2022-02-24,3.5385582447052,3.5855302122052675,3.522900922205178,3.5777017376052638,89288539,3.548996459705215
2022-02-25,3.5385582447052,3.562044415105241,3.5307297701051965,3.546387092605219,45122209,3.543777476638546
2022-02-28,3.5307297706604004,3.5463870931628847,3.515072074857901,3.5385582452616355,46883381,3.530729646227062
2022-03-01,3.554215669631958,3.5698729925831993,3.530729871855109,3.538558346680717,42527761,3.551606178023422
2022-03-02,3.5463874340057373,3.5698732333666743,3.5385585853520585,3.5463874340057373,34268343,3.5516064175748236
2022-03-03,3.5777015686035156,3.5855300428337222,3.5542153993129033,3.5620442468431066,48057174,3.572482336916714
2022-03-04,3.554215669631958,3.577701840708832,3.538558346680717,3.5698729925831993,45941932,3.556825285673836
2022-03-07,3.5307297706604004,3.5620444156653694,3.522900922759151,3.5463870931628847,65333388,3.5385583696949734
2022-03-08,3.483757495880127,3.5307298375778555,3.483757495880127,3.5307298375778555,83481872,3.499414943112703
2022-03-09,3.4446144104003906,3.4994148541024264,3.3976424415272066,3.4915863792735746,106369622,3.4472239020100077
2022-03-10,3.46809983253479,3.4915860010774566,3.460271358553891,3.46809983253479,54232610,3.4733190640553793
2022-03-11,3.4994146823883057,3.5072435301330254,3.428956919185861,3.460271563564727,69499805,3.4785383772357306
2022-03-14,3.4602713584899902,3.515071796255226,3.4602713584899902,3.4759286797514837,59313711,3.478538171078402
2022-03-15,3.3663275241851807,3.4680999285545036,3.3506702024899004,3.460271454356861,123570126,3.395032551743195
2022-03-16,3.421128273010254,3.436785596122199,3.33501318254457,3.389813626786364,92888912,3.3976423505590074
2022-03-17,3.413299560546875,3.4524426789524565,3.405470712885757,3.436785356930223,90767895,3.4237376507950295
2022-03-18,3.4602713584899902,3.4680998324707444,3.4054705474247693,3.4132993947055086,82414839,3.444613912795168
2022-03-21,3.428956985473633,3.4524427825618007,3.421128137577568,3.4524427825618007,48012263,3.434175968537667
2022-03-22,3.46809983253479,3.4759286798156737,3.421127868749441,3.428956716030325,64837906,3.4550521270333014
2022-03-23,3.4602713584899902,3.4680998324707444,3.436785189947757,3.4602713584899902,55729831,3.455052126969497
2022-03-24,3.4524426460266113,3.468099967899521,3.444614171740156,3.444614171740156,34971814,3.455052261888763
2022-03-25,3.4602713584899902,3.4759286797514837,3.4289567159670025,3.452442511209251,49195795,3.4550522514028255
2022-03-28,3.483757495880127,3.4915863439297556,3.428957052732813,3.4524428502816558,60494755,3.4681002975142317
2022-03-29,3.491586208343506,3.507243530534732,3.468100038406663,3.4759288861522792,55429232,3.4889765924283
2022-03-30,3.5307297706604004,3.5307297706604004,3.483757429852932,3.4915862777541817,62726683,3.515072323724578
2022-03-31,3.5855305194854736,3.6011878433273297,3.515072375547098,3.515072375547098,114139476,3.5672635794533
2022-04-01,3.616844654083252,3.624673501543602,3.569872689221131,3.569872689221131,84438016,3.6037969482826617
2022-04-06,3.7107882499694824,3.7342744169376254,3.6011870084847186,3.609015855240753,215896652,3.6820832251306093
2022-04-07,3.6559882164001465,3.7107886564960797,3.640330894472737,3.69513133456867,113954704,3.6690359224563207
2022-04-08,3.6716456413269043,3.679474115860218,3.6246736742269876,3.6481594711269403,85031827,3.6585978104713703
2022-04-11,3.624673843383789,3.6638169644771175,3.609016520286452,3.6638169644771175,92771861,3.6325024427157864
2022-04-12,3.6481595039367676,3.663816826444221,3.6011875364144075,3.6168448589218607,71285555,3.6377212889317985
2022-04-13,3.6325020790100098,3.67164557082499,3.6325020790100098,3.6403309266930077,55428284,3.6455499096150032
2022-04-14,3.6325020790100098,3.6638167231419922,3.6325020790100098,3.648159401076001,41573333,3.6429402937206703
2022-04-15,3.6403310298919678,3.655988352401825,3.6246737073821103,3.632502181987032,47160946,3.6403310298919678
2022-04-18,3.5933587551116943,3.632501871389392,3.5855299078761655,3.632501871389392,54030462,3.603796844792418
2022-04-19,3.6325020790100098,3.6325020790100098,3.5777016384290423,3.585530112812036,50461343,3.6142352654830208
2022-04-20,3.5933587551116943,3.632501871389392,3.5855299078761655,3.624673397453846,51285568,3.603796844792418
2022-04-21,3.5777015686035156,3.616844686354541,3.5542153993129033,3.593358890363925,56930417,3.5829205514236535
2022-04-22,3.624673843383789,3.632502318282443,3.554215702795758,3.5698730258930955,65608182,3.603797288153997
2022-04-25,3.5229010581970215,3.609016521921401,3.5229010581970215,3.5933591988169713,92242009,3.5516062127718144
2022-04-26,3.4994146823883057,3.554215496701324,3.4994146823883057,3.530729700067178,83759816,3.5176816204926453
2022-04-27,3.5150721073150635,3.5229009552886024,3.475928987347423,3.491586309994483,69348249,3.5046340166503627
2022-04-28,3.5463874340057373,3.5620447580130454,3.507243937337442,3.507243937337442,55921139,3.538558709785408
2022-04-29,3.5777015686035156,3.593358890363925,3.5150719082618815,3.538558077552494,70754896,3.5620441224097745
2022-05-05,3.5385582447052,3.569872889705245,3.522900922205178,3.569872889705245,93317831,3.5437773522052076
2022-05-06,3.491586208343506,3.522900852725958,3.483757360597889,3.5150720049803414,53708781,3.499414807222451
2022-05-09,3.491586208343506,3.507243530534732,3.4759288861522792,3.491586208343506,35647157,3.491586208343506
2022-05-10,3.491586208343506,3.4994146827891153,3.4524427162154367,3.4759288861522792,69655812,3.4811478691160196
2022-05-11,3.483757495880127,3.5072436667289915,3.483757495880127,3.483757495880127,64557470,3.491586219496415
2022-05-12,3.475928783416748,3.491586105145202,3.468099935902523,3.468099935902523,40406960,3.478538274821491
2022-05-13,3.4994146823883057,3.4994146823883057,3.4759288857541595,3.4837573601988727,53045301,3.491586083510257
2022-05-16,3.483757495880127,3.5072436667289915,3.47592902113052,3.4994148186793628,43107593,3.488976727913213
2022-05-17,3.475928783416748,3.491586105145202,3.468099935902523,3.483757257630977,41001523,3.478538274821491
2022-05-18,3.46809983253479,3.483757153796573,3.46809983253479,3.483757153796573,40933456,3.4733189396220507
2022-05-19,3.4602713584899902,3.4680998324707444,3.4446140372284964,3.452442511209251,39045900,3.457661742729744
2022-05-20,3.475928783416748,3.491586105145202,3.460271461688294,3.460271461688294,48430025,3.475928783416748
2022-05-23,3.46809983253479,3.483757153796573,3.46809983253479,3.483757153796573,39725241,3.4733189396220507
2022-05-24,3.4524426460266113,3.4837572897724307,3.444614171740156,3.4759288154859758,42226565,3.4602713691797327
2022-05-25,3.4602713584899902,3.4680998324707444,3.452442511209251,3.452442511209251,32977190,3.460271234056662
2022-05-26,3.475928783416748,3.483757257630977,3.460271461688294,3.468099935902523,39870310,3.4733191675786728
2022-05-27,3.483757495880127,3.4915863439297556,3.4681001730808916,3.47592902113052,34920335,3.4811480042969247
2022-05-30,3.4602713584899902,3.4915860010129776,3.4602713584899902,3.4837571537322383,45390209,3.4707095726643193
2022-05-31,3.4602713584899902,3.4759286797514837,3.4602713584899902,3.4602713584899902,49321812,3.4654904655771546
2022-06-01,3.46809983253479,3.4759286798156737,3.460271358553891,3.460271358553891,45122675,3.468099956968118
2022-06-02,3.46809983253479,3.4759286798156737,3.460271358553891,3.46809983253479,31386396,3.468099956968118
2022-06-06,3.46809983253479,3.4759286798156737,3.452442511273007,3.46809983253479,55143361,3.4654903412078237
2022-06-07,3.475928783416748,3.491586105145202,3.460271461688294,3.468099935902523,59026850,3.475928783416748
2022-06-08,3.483757495880127,3.4915863439297556,3.4681001730808916,3.483757495880127,55051656,3.4811480042969247
2022-06-09,3.5072436332702637,3.5072436332702637,3.475928987970531,3.483757462645455,71028371,3.4968054181703523
2022-06-10,3.5229010581970215,3.5229010581970215,3.4837575637859324,3.4994148868903623,75730586,3.5098532267266584
2022-06-13,3.4994146823883057,3.5150720045777386,3.4837573601988727,3.5072435301330254,52645890,3.4994146823883057
2022-06-14,3.5229010581970215,3.530729906399251,3.4759290888837313,3.4837575637859324,63609442,3.5098533511600016
2022-06-15,3.5463874340057373,3.5855305573739824,3.515072412691071,3.5229012613447503,132664895,3.5489968013569304
2022-06-16,3.5072436332702637,3.5542156012198634,3.5072436332702637,3.538558278569997,71131317,3.52290095592013
2022-06-17,3.5229010581970215,3.530729906399251,3.4994148868903623,3.5072437350925916,60401757,3.517681950495545
2022-06-20,3.5229010581970215,3.538558381301452,3.515072209994792,3.530729906399251,47740542,3.5255105498310884
2022-06-21,3.5463874340057373,3.554215909359366,3.5229012613447503,3.5307301099984296,51901225,3.5411682015699513
2022-06-22,3.5307297706604004,3.55421556776412,3.522900922759151,3.55421556776412,38012481,3.53594875372789
2022-06-23,3.554215669631958,3.554215669631958,3.5229010237294758,3.530729871855109,41199434,3.543777454331131
2022-06-24,3.5463874340057373,3.554215909359366,3.5385585853520585,3.5463874340057373,31556871,3.546387309572387
2022-06-27,3.5463874340057373,3.554215909359366,3.5385585853520585,3.5463874340057373,31344726,3.546387309572387
2022-06-28,3.5463874340057373,3.554215909359366,3.5385585853520585,3.5463874340057373,39907337,3.546387309572387
2022-06-29,3.554215669631958,3.5698729925831993,3.54638719480635,3.554215669631958,54216084,3.556825285673836
2022-06-30,3.554215669631958,3.5698729925831993,3.554215669631958,3.554215669631958,39878677,3.559434777282372
2022-07-01,3.554215669631958,3.5620445177575912,3.538558346680717,3.554215669631958,33576753,3.551606178023422
2022-07-04,3.5463874340057373,3.554215909359366,3.5385585853520585,3.5463874340057373,32063834,3.546387309572387
2022-07-05,3.5463874340057373,3.554215909359366,3.5385585853520585,3.5463874340057373,36119372,3.546387309572387
2022-07-06,3.5385582447052,3.554215567205223,3.522900922205178,3.554215567205223,44270802,3.5385582447052
2022-07-07,3.5307297706604004,3.5385582452616355,3.522900922759151,3.5385582452616355,29848639,3.530729646227062
2022-07-08,3.5307297706604004,3.5385582452616355,3.522900922759151,3.5307297706604004,24838043,3.530729646227062
2022-07-11,3.554215669631958,3.5620445177575912,3.530729871855109,3.538558346680717,57852026,3.548996686414886
2022-07-12,3.5777015686035156,3.5855300428337222,3.5542153993129033,3.5542153993129033,68260710,3.572482336916714
2022-07-13,3.5385582447052,3.5777017376052638,3.5307297701051965,3.5777017376052638,77717206,3.5489965841385533
2022-07-14,3.491586208343506,3.5307297004715745,3.483757360597889,3.5307297004715745,88593778,3.5020244231376565
2022-07-15,3.4789812564849854,3.537804757213112,3.4621745992344226,3.504191442711987,101075238,3.4929868709775067
2022-07-18,3.51259446144104,3.529401118167464,3.478981147988192,3.487384676702556,49390358,3.5069922425322324
2022-07-19,3.53780460357666,3.54620773148586,3.5125944184444626,3.5209979470559616,31301446,3.5322022511689943
2022-07-20,3.5546112060546875,3.5546112060546875,3.5378045497895094,3.546207677570952,20800628,3.549008987299628
2022-07-21,3.51259446144104,3.554611303608252,3.51259446144104,3.546207774893888,30252627,3.526600075496777
2022-07-22,3.5209977626800537,3.5378044183206776,3.512594234508603,3.5209977626800537,23551448,3.5237988051697777
2022-07-25,3.53780460357666,3.54620773148586,3.5125944184444626,3.5294010749651616,27776325,3.5322022511689943
2022-07-26,3.5462076663970947,3.5630143226093165,3.5294010101848734,3.53780453864213,37618611,3.5462076663970947
2022-07-27,3.5294013023376465,3.554611489093945,3.5294013023376465,3.554611489093945,19279600,3.5378046979230793
2022-07-28,3.5209977626800537,3.5462075457898505,3.5209977626800537,3.5378044183206776,22340373,3.529401023716653
2022-07-29,3.5041916370391846,3.5378049534043576,3.5041916370391846,3.520998295221771,29608411,3.5153960758275757
2022-08-01,3.495788097381592,3.5125947555150674,3.487384968666023,3.495788097381592,25297145,3.4985892738542272
2022-08-02,3.462174654006958,3.495787969039855,3.4537715255998953,3.495787969039855,61867510,3.470578049548903
2022-08-03,3.4453678131103516,3.4789811263541752,3.4453678131103516,3.47057799839437,30396916,3.4565722508582923
2022-08-04,3.462174654006958,3.4705781831163436,3.4537715255998953,3.462174654006958,26697036,3.462174787574399
2022-08-05,3.470578193664551,3.4873848512320804,3.4537715360970216,3.4621746645296243,31743798,3.470578193664551
2022-08-08,3.470578193664551,3.478981322097154,3.4621746645296243,3.470578193664551,20377654,3.4705780600971097
2022-08-09,3.470578193664551,3.478981322097154,3.4621746645296243,3.470578193664551,15837110,3.4705780600971097
2022-08-10,3.462174654006958,3.4789813115234063,3.4537715255998953,3.4705781831163436,20270119,3.464975830376753
2022-08-11,3.495788097381592,3.495788097381592,3.462174781114641,3.4705783105325474,33509254,3.4845836586259415
2022-08-12,3.487384796142578,3.495787924442438,3.4789812671404,3.495787924442438,23097061,3.487384662575139
2022-08-15,3.462174654006958,3.487384840632792,3.4537715255998953,3.487384840632792,44408988,3.467777006746548
2022-08-16,3.462174654006958,3.4789813115234063,3.462174654006958,3.4705781831163436,24713833,3.467776873179107
2022-08-17,3.4789812564849854,3.4873847854614244,3.4537714709602994,3.470578128210862,29217406,3.473379170968903
2022-08-18,3.462174654006958,3.4789813115234063,3.462174654006958,3.4789813115234063,21503912,3.467776873179107
2022-08-19,3.462174654006958,3.4789813115234063,3.462174654006958,3.462174654006958,21743686,3.467776873179107
2022-08-22,3.462174654006958,3.4705781831163436,3.4537715255998953,3.462174654006958,22428981,3.462174787574399
2022-08-23,3.4537713527679443,3.470578009443362,3.4537713527679443,3.4621744807545016,28847987,3.45937357165975
2022-08-24,3.4453678131103516,3.47057799839437,3.436964685150546,3.4621744697322634,41856144,3.4509701655517557
2022-08-25,3.4537713527679443,3.4621744807545016,3.4369646960925264,3.4453678240790837,29401534,3.450970176538324
2022-08-26,3.4537713527679443,3.4621744807545016,3.4453678240790837,3.4537713527679443,25369568,3.45377121920051
2022-08-29,3.4453678131103516,3.4621744697322634,3.436964685150546,3.4453678131103516,43998039,3.448168989331054
2022-08-30,3.470578193664551,3.470578193664551,3.445368006962095,3.445368006962095,42847559,3.4621747980970654
2022-08-31,3.470578193664551,3.4873848512320804,3.4537715360970216,3.4537715360970216,64356284,3.470578193664551
2022-09-01,3.4789812564849854,3.4873847854614244,3.4621745992344226,3.470578128210862,36093049,3.4761802137269444
2022-09-02,3.4789812564849854,3.4957879137355476,3.470578128210862,3.4873847854614244,40165231,3.481782432810465
2022-09-05,3.5041916370391846,3.5041916370391846,3.4705783206740115,3.4789814494141353,49504217,3.4929871982507934
2022-09-06,3.5041916370391846,3.5294014239618954,3.495788107596722,3.5041916370391846,40809938,3.509793722865934
2022-09-07,3.495788097381592,3.5125947555150674,3.495788097381592,3.504191626799498,20347987,3.501390316759417
2022-09-08,3.5041916370391846,3.512594765779309,3.487384978856598,3.495788107596722,27873524,3.5013904605583637
2022-09-09,3.5209977626800537,3.529400890149227,3.5041911070394303,3.512594234508603,35535254,3.518196586622904
2022-09-13,3.5294013023376465,3.5462079599410705,3.5125946447342224,3.520998173887097,40466756,3.5294013023376465
2022-09-14,3.51259446144104,3.529401118167464,3.50419133342898,3.51259446144104,31176677,3.5153956376791613
2022-09-15,3.51259446144104,3.546207774893888,3.50419133342898,3.520997990155404,63585213,3.5209978565879694
2022-09-16,3.4789812564849854,3.529401228236673,3.4789812564849854,3.52099809996255,55349898,3.4957879137355476
2022-09-19,3.4789812564849854,3.4957879137355476,3.470578128210862,3.4789812564849854,33879628,3.481782432810465
2022-09-20,3.470578193664551,3.495787979664683,3.470578193664551,3.478981322097154,21349183,3.478981455664595
2022-09-21,3.487384796142578,3.495787924442438,3.453771481538502,3.47057813884054,30206758,3.4789814007078395
2022-09-22,3.487384796142578,3.487384796142578,3.47057813884054,3.4789812671404,19186414,3.481782577041899
2022-09-23,3.5041916370391846,3.5041916370391846,3.4789814494141353,3.4789814494141353,32275945,3.4957882411641683
2022-09-26,3.470578193664551,3.5125946372322123,3.470578193664551,3.495787979664683,46703328,3.4845836748537713
2022-09-27,3.470578193664551,3.478981322097154,3.4537715360970216,3.470578193664551,30893398,3.467777017286242
2022-09-28,3.470578193664551,3.495787979664683,3.4537715360970216,3.470578193664551,47189616,3.4733792364754184
2022-09-29,3.4453678131103516,3.4873846550162817,3.436964685150546,3.4789811263541752,55805201,3.4565723844257263
2022-09-30,3.4537713527679443,3.4621744807545016,3.4453678240790837,3.4537713527679443,28011217,3.45377121920051
2022-10-10,3.462174654006958,3.4789813115234063,3.4453679964905097,3.4537715255998953,43599762,3.462174654006958
2022-10-11,3.462174654006958,3.4705781831163436,3.4537715255998953,3.4705781831163436,26114344,3.462174787574399
2022-10-12,3.4789812564849854,3.4789812564849854,3.4537714709602994,3.4621745992344226,33571045,3.4705779946434236
2022-10-13,3.462174654006958,3.487384840632792,3.462174654006958,3.4789813115234063,30881345,3.470578049548903
2022-10-14,3.470578193664551,3.4873848512320804,3.470578193664551,3.470578193664551,38764649,3.4761804128537275
2022-10-17,3.462174654006958,3.4789813115234063,3.4537715255998953,3.4705781831163436,28303495,3.464975830376753
2022-10-18,3.4537713527679443,3.4789811374299195,3.4537713527679443,3.470578009443362,30605373,3.462174614321936
2022-10-19,3.4453678131103516,3.4621744697322634,3.4453678131103516,3.453771341772458,29015000,3.450970031984322
2022-10-20,3.4453678131103516,3.453771341772458,3.436964685150546,3.453771341772458,36179063,3.4453679466777856
2022-10-21,3.4453678131103516,3.4621744697322634,3.4453678131103516,3.4453678131103516,31036139,3.450970031984322
2022-10-24,3.4117543697357178,3.453771210039046,3.4033512420964236,3.453771210039046,64394621,3.422958940623729
2022-10-25,3.4117543697357178,3.4201578980772975,3.3949477137548434,3.4117543697357178,44728086,3.4089533271892862
2022-10-26,3.4033515453338623,3.4285613312002137,3.4033515453338623,3.4117546737218722,30966958,3.411754807289313
2022-10-27,3.4117543697357178,3.4201578980772975,3.4033512420964236,3.4033512420964236,23721941,3.4117545033031464
2022-10-28,3.3949477672576904,3.41175442350343,3.3949477672576904,3.41175442350343,31581024,3.4005499860062702
2022-10-31,3.3949477672576904,3.41175442350343,3.3865446394859666,3.403351295731706,49158052,3.3977489434156958
2022-11-01,3.4117543697357178,3.4117543697357178,3.3865445861155496,3.3949477137548434,51968210,3.403351108528995
2022-11-02,3.4117543697357178,3.4201578980772975,3.3949477137548434,3.4117543697357178,27953814,3.4089533271892862
2022-11-03,3.4033515453338623,3.4117546737218722,3.394948016243531,3.4033515453338623,21976629,3.403351411766422
2022-11-04,3.428561210632324,3.4369647394271396,3.3949478968576785,3.403351425652494,42793758,3.420157948972381
2022-11-07,3.428561210632324,3.4369647394271396,3.4117545537450016,3.428561210632324,31703157,3.425760167934822
2022-11-08,3.436964988708496,3.436964988708496,3.4201583306021943,3.428561459304177,25593373,3.4313627693397293
2022-11-09,3.4201581478118896,3.4453679332728364,3.4201581478118896,3.428561276064767,23286629,3.4285614096322052
2022-11-10,3.428561210632324,3.4369647394271396,3.4117545537450016,3.4201580825398166,26553459,3.425760167934822
2022-11-11,3.462174654006958,3.487384840632792,3.4369648680834466,3.4453679964905097,71268254,3.462174787574399
2022-11-14,3.5041916370391846,3.520998295221771,3.4705783206740115,3.4789814494141353,82528096,3.498589417644989
2022-11-15,3.51259446144104,3.520997990155404,3.487384676702556,3.495787804714616,50221586,3.506992376099667
2022-11-16,3.495788097381592,3.5125947555150674,3.487384968666023,3.5125947555150674,35077112,3.4985892738542272
2022-11-17,3.51259446144104,3.51259446144104,3.487384676702556,3.487384676702556,31959867,3.504191199861545
2022-11-18,3.495788097381592,3.5209982849329737,3.495788097381592,3.5125947555150674,37136685,3.5041914932320526
2022-11-21,3.487384796142578,3.504191453444616,3.4789812671404,3.495787924442438,25261016,3.4901858389091984
2022-11-22,3.51259446144104,3.529401118167464,3.478981147988192,3.487384676702556,50710171,3.5069922425322324
2022-11-23,3.5462076663970947,3.5630143226093165,3.5125943539726516,3.520997882429908,63936683,3.5406054476596878
2022-11-24,3.5294013023376465,3.554611489093945,3.520998173887097,3.5462079599410705,36138865,3.535003655106229
2022-11-25,3.5882246494293213,3.5966281782194907,3.5294011500050573,3.5294011500050573,89137891,3.5714179925512894
2022-11-28,3.563014268875122,3.5798213255361664,3.537804485288127,3.571417797205644,53589908,3.560213359899805
2022-11-29,3.621838092803955,3.638644750283464,3.5546114628859184,3.5630145912745124,93903077,3.6050314353244457
2022-11-30,3.6050314903259277,3.63864480579778,3.6050314903259277,3.621838148061854,62176156,3.616235928816545
2022-12-01,3.6050314903259277,3.63864480579778,3.596628361809129,3.630241677280981,51500979,3.6134348859776124
2022-12-02,3.6050314903259277,3.613435019545055,3.5714181748540756,3.596628361809129,45302776,3.596628228241686
2022-12-05,3.647047996520996,3.647047996520996,3.6050311557297543,3.6050311557297543,65679759,3.633042382923916
2022-12-06,3.6638545989990234,3.6722577266127403,3.6302412871395884,3.638644414753305,55213110,3.6554512042504506
2022-12-07,3.647047996520996,3.680661308873073,3.6386444680818313,3.663854652697035,58975132,3.6554512578253
2022-12-08,3.6890647411346436,3.6890647411346436,3.6470482975773213,3.6554514260078563,56470411,3.675059259948869
2022-12-09,3.672258138656616,3.6974683257310317,3.663855010100031,3.689064796472117,65112819,3.6778604914958932
2022-12-12,3.6386446952819824,3.672258009732904,3.6386446952819824,3.6638548814713316,52383175,3.6498491334322893
2022-12-13,3.672258138656616,3.672258138656616,3.6302416944690306,3.6302416944690306,41403808,3.6582526572607548
2022-12-14,3.6638545989990234,3.6722577266127403,3.647047943069306,3.6722577266127403,32245978,3.66105342289369
2022-12-15,3.6386446952819824,3.6638548814713316,3.6302415670204096,3.655451352507443,35521228,3.6442470479245745
2022-12-16,3.68066143989563,3.68066143989563,3.621837940834377,3.621837940834377,49481948,3.661053606875212
2022-12-19,3.6134347915649414,3.6806614182671593,3.5966281348893867,3.6638547615916046,42035938,3.6302414482404957
2022-12-20,3.5882246494293213,3.6386446200634155,3.5798215213414593,3.613434835097522,35650944,3.6022302636113985
2022-12-21,3.596628189086914,3.6218379741289803,3.5798215321581,3.5882246602713526,24744717,3.5994292317913317
2022-12-22,3.596628189086914,3.6218379741289803,3.5798215321581,3.6050313172001665,27086738,3.5994292317913317
2022-12-23,3.571418046951294,3.6134348901375284,3.571418046951294,3.588224704085325,21952017,3.5854236613467054
2022-12-26,3.563014268875122,3.5882244531644027,3.563014268875122,3.5798213255361664,20214445,3.5714176636382153
2022-12-27,3.6050314903259277,3.613435019545055,3.563014645634949,3.5714181748540756,24792187,3.5938270518353104
2022-12-28,3.6050314903259277,3.630241677280981,3.5882248325900017,3.6050314903259277,42682745,3.6078326667323033
2022-12-29,3.6050314903259277,3.6050314903259277,3.5546115171181496,3.6050314903259277,37418343,3.588224832590002
2022-12-30,3.621838092803955,3.638644750283464,3.5966283069358522,3.605031435324446,37202982,3.619037050007757
2023-01-03,3.6050314903259277,3.630241677280981,3.5882248325900017,3.630241677280981,44022612,3.6078326667323033
2023-01-04,3.6386446952819824,3.6386446952819824,3.5966282525694875,3.6050313808310603,60710414,3.6246392143778174
2023-01-05,3.6134347915649414,3.6470481049160504,3.605031262876013,3.6302414482404957,72891609,3.6218380531190015
2023-01-06,3.596628189086914,3.6134348460157275,3.5882246602713526,3.6134348460157275,49736236,3.5994292317913312
2023-01-09,3.5798213481903076,3.6050311319368378,3.5798213481903076,3.5966280042554235,47400776,3.5882246094391506
2023-01-10,3.5546112060546875,3.588224518585044,3.5546112060546875,3.588224518585044,49363560,3.565815643564806
2023-01-11,3.563014268875122,3.5798213255361664,3.5546111412468857,3.5546111412468857,39706839,3.5658155785527246
2023-01-12,3.5462076663970947,3.571417851066573,3.5462076663970947,3.5630143226093165,35563581,3.5546110612869213
2023-01-13,3.571418046951294,3.571418046951294,3.54620786089909,3.5546113898172624,48765613,3.563014651600559
2023-01-16,3.571418046951294,3.588224704085325,3.5630145180331216,3.571418046951294,69655134,3.5742190896899135
2023-01-17,3.5546112060546875,3.5798213908036014,3.546207677570952,3.5798213908036014,64373129,3.560213424809747
2023-01-18,3.563014268875122,3.571417797205644,3.5546111412468857,3.5546111412468857,37251381,3.5630144024425507
2023-01-19,3.5798213481903076,3.5798213481903076,3.5462076353577876,3.5630142914229035,33017491,3.5686167772461346
2023-01-20,3.5882246494293213,3.5966281782194907,3.57141799255129,3.5798215213414593,36417575,3.5854236067333676
2023-01-30,3.5798213481903076,3.6134346603205394,3.5798213481903076,3.6050311319368378,47320555,3.5910257855670515
2023-01-31,3.571418046951294,3.588224704085325,3.5630145180331216,3.5798215758694663,46694980,3.5742190896899135
2023-02-01,3.5798213481903076,3.5882244758717214,3.5714178198066056,3.5714178198066056,56665170,3.5798212146228785
2023-02-02,3.571418046951294,3.588224704085325,3.571418046951294,3.588224704085325,48534902,3.577020265995971
2023-02-03,3.563014268875122,3.5798213255361664,3.5546111412468857,3.5798213255361664,45363921,3.5658155785527246
2023-02-06,3.5546112060546875,3.5630143338361306,3.546207677570952,3.5630143338361306,32001350,3.5546110724872566
2023-02-07,3.571418046951294,3.5798215758694663,3.5546113898172624,3.5630145180331216,43900631,3.5686170042126744
2023-02-08,3.563014268875122,3.5798213255361664,3.563014268875122,3.571417797205644,20761665,3.56861662109547
2023-02-09,3.5798213481903076,3.5882244758717214,3.5630142914229035,3.5630142914229035,36399961,3.5770200384949775
2023-02-10,3.5882246494293213,3.5966281782194907,3.57141799255129,3.5798215213414593,32725096,3.5854236067333676
2023-02-13,3.5798213481903076,3.5966280042554235,3.5714178198066056,3.5882244758717214,51111586,3.5826223907507786
2023-02-14,3.5882246494293213,3.5966281782194907,3.57141799255129,3.5798215213414593,39134026,3.5854236067333676
2023-02-15,3.5798213481903076,3.5966280042554235,3.5798213481903076,3.5966280042554235,28112396,3.5854235668786796
2023-02-16,3.571418046951294,3.5966282330034973,3.5630145180331216,3.5798215758694663,53208715,3.577020265995971
2023-02-17,3.571418046951294,3.588224704085325,3.5630145180331216,3.571418046951294,36802811,3.5742190896899135
2023-02-20,3.6134347915649414,3.6134347915649414,3.571417949524904,3.5798214782138325,54522236,3.5994291775515954
2023-02-21,3.6134347915649414,3.621837919551567,3.605031262876013,3.6134347915649414,42578704,3.613434657997507
2023-02-22,3.6134347915649414,3.621837919551567,3.605031262876013,3.6134347915649414,34501953,3.613434657997507
2023-02-23,3.621838092803955,3.6302416218948705,3.613434964415361,3.613434964415361,35052182,3.6218382263713953
2023-02-24,3.6134347915649414,3.6302414482404957,3.605031262876013,3.6302414482404957,32650452,3.6162358342271497
2023-02-27,3.6050314903259277,3.621838148061854,3.596628361809129,3.613435019545055,28971098,3.6078326667323033
2023-02-28,3.6386446952819824,3.655451352507443,3.6050313808310603,3.6050313808310603,63754512,3.6330424762068283
2023-03-01,3.6554512977600098,3.663854826598039,3.638644640786261,3.6470481696242905,45519185,3.6526502550481035
2023-03-02,3.6638545989990234,3.6722577266127403,3.647047943069306,3.6554510706830223,34623867,3.66105342289369
2023-03-03,3.6890647411346436,3.6974682702675024,3.663854955140715,3.663854955140715,45771074,3.683462655514287
2023-03-06,3.672258138656616,3.705871454287617,3.672258138656616,3.6974683257310317,46781636,3.683462577200283
2023-03-07,3.6890647411346436,3.739484713824824,3.67225808357125,3.6806616127041085,94821033,3.7002691795102396
2023-03-08,3.68066143989563,3.6890645679316347,3.6554512543830056,3.6722579111573204,55613218,3.6750590874034237
2023-03-09,3.6890647411346436,3.7142749278308957,3.6806616127041085,3.6890647411346436,43711703,3.694667093889883
2023-03-10,3.6386446952819824,3.6806615386967927,3.6302415670204096,3.672258009732904,58323775,3.6498492669997282
2023-03-13,3.672258138656616,3.6806616679155315,3.6218381652101153,3.6302416944690306,56215829,3.6582526572607548
2023-03-14,3.6386446952819824,3.672258009732904,3.6302415670204096,3.655451352507443,44111291,3.6470480906784317
2023-03-15,3.6638545989990234,3.6722577266127403,3.647047943069306,3.6554510706830223,31225779,3.66105342289369
2023-03-16,3.6890647411346436,3.722678056261431,3.6554514260078563,3.663854955140715,98526720,3.6890647411346436
2023-03-17,3.68066143989563,3.722677881480264,3.68066143989563,3.7058712247059495,60599999,3.6946669204238414
2023-03-20,3.6974680423736572,3.722677826813778,3.6890645137587508,3.6890645137587508,69176958,3.703070127648729
2023-03-21,3.672258138656616,3.714274983546532,3.663855010100031,3.6974683257310317,57782704,3.6834627107677265
2023-03-22,3.7142746448516846,3.722677772642011,3.672257803793173,3.689064460076119,51215545,3.7030700737622895
2023-03-23,3.722677707672119,3.7226777076721187,3.6974679240388193,3.7058710516824904,32472662,3.714274446461019
2023-03-24,3.705871105194092,3.722677761426403,3.697467977429082,3.714274633661393,42230887,3.708672281349859
2023-03-27,3.6638545989990234,3.7058710384721754,3.663854598999024,3.7058710384721754,48735508,3.6778600788234073
2023-03-28,3.6974680423736572,3.7058711702862643,3.66385472931863,3.6806613858461437,43943386,3.689064647326184
2023-03-29,3.68066143989563,3.7058712247059495,3.6722579111573204,3.6974680966699447,31175372,3.6862635252529667
2023-03-30,3.6974680423736572,3.6974680423736572,3.672257857231237,3.6890645137587508,32309188,3.689064647326184
2023-03-31,3.6974680423736572,3.7142746989011703,3.6890645137587508,3.6974680423736572,38151435,3.700269085011193
2023-04-03,3.7142746448516846,3.722677772642011,3.6974679885687385,3.7058711163590647,39413013,3.711473468687478
2023-04-04,3.7394845485687256,3.7394845485687256,3.7058712349273852,3.7226778917480554,54185659,3.7282801106882792
2023-04-06,3.731081247329712,3.747887903370293,3.7226777189582774,3.7394843749988587,27174474,3.7338822898860946
2023-04-07,3.731081247329712,3.7394843749988587,3.7226777189582774,3.731081247329712,28527974,3.731081113762283
2023-04-10,3.705871105194092,3.722677761426403,3.705871105194092,3.714274633661393,56000877,3.7114733239381956
2023-04-11,3.7478880882263184,3.7562912163099305,3.7058712457013354,3.714274774487255,83470699,3.7366835167458614
2023-04-12,3.781501531600952,3.7983081890466415,3.739484687635569,3.756291345081258,80553993,3.773098136094388
2023-04-13,3.8319215774536133,3.848728235221739,3.773098074914009,3.781501604149236,103224086,3.817915962529787
2023-04-14,3.8235182762145996,3.8403249332235783,3.806711619205621,3.8403249332235783,50320510,3.8235182762145996
2023-04-17,3.8991477489471436,3.907551277191876,3.815114470011225,3.8319211257984085,80914942,3.8739378320500815
2023-04-18,3.91595458984375,3.941164775067366,3.890744805322434,3.899147933262106,94709165,3.915954723411183
2023-04-19,3.9579718112945557,3.999988657130039,3.9075518367133797,3.915954965459073,109567221,3.955170768379325
2023-04-20,3.9663748741149902,3.9915850613377284,3.9075517717658217,3.974778403423347,118659472,3.955170569072847
2023-04-21,3.941164970397949,3.999988471700242,3.9243583129833395,3.9831814135833126,78280640,3.955170585027177
2023-04-24,3.9663748741149902,3.9915850613377284,3.9327615582862276,3.9411650875945843,80429817,3.963573831246315
2023-04-25,4.008391857147217,4.016795386744668,3.9579718816695446,3.9579718816695446,101413280,3.9943863751871436
2023-04-26,3.974778652191162,3.99998884099172,3.9327618044243517,3.991585311157415,95414524,3.9691764325357446
2023-04-27,3.974778652191162,3.9831817813231103,3.941165334258657,3.9579719932249096,60744936,3.96637525592431
2023-04-28,3.9831807613372803,3.999987816702054,3.9495674520122424,3.974777634357148,66126418,3.9775786766838586
2023-05-04,4.075618267059326,4.092424924627933,3.9159548198063954,3.9579716640790754,162429432,4.027999337164552
2023-05-05,4.058811187744141,4.151247995117636,4.033601404361912,4.075617843566387,147717443,4.0812201957412295
2023-05-08,4.235281467437744,4.277298309261263,4.067214901548271,4.075618029491594,256372635,4.1932648927490925
2023-05-09,4.159651279449463,4.31931471612945,4.134441495117111,4.252088090306781,209430188,4.204469163565341
2023-05-10,4.0167951583862305,4.15965154710028,3.9999885008491467,4.1512484186829,176182515,4.058811735445219
2023-05-11,4.025198459625244,4.100828622140458,4.016795330847076,4.025198459625244,109218287,4.047607470870926
2023-05-12,4.075618267059326,4.084021796194792,3.99158497921629,4.025198294353505,127348608,4.050408347490136
2023-05-15,4.1428446769714355,4.1512482056599085,3.991584766899646,4.067214922286692,138586466,4.0952258831769965
2023-05-16,4.159651279449463,4.20166812093978,4.126037966538128,4.142844622993795,116501865,4.162452455642456
2023-05-17,4.1176347732543945,4.151248085631794,4.084021460876994,4.142844557186299,67403861,4.1176347732543945
2023-05-18,4.17645788192749,4.201668066636317,4.126037913212129,4.126037913212129,99878760,4.168054620591978
2023-05-19,4.109231472015381,4.193264757605226,4.100828343807553,4.176458100487257,72888167,4.1344415244760535
2023-05-22,4.08402156829834,4.126038009524096,4.067214911667577,4.08402156829834,67839548,4.092424829830004
2023-05-23,4.0167951583862305,4.134441761145816,4.0167951583862305,4.0840217885345655,76529717,4.0560106926394255
2023-05-24,3.9243581295013428,4.016794941311003,3.9243581295013428,4.008391412645443,106973865,3.955170400104563
2023-05-25,3.941164970397949,3.9579716278125585,3.8991481265102657,3.915954783924875,61060000,3.9327615749069245
2023-05-26,3.9831807613372803,3.999987816702054,3.9159541426872044,3.9411643250321102,44316771,3.9663742402421795
2023-05-29,4.050407886505127,4.084021196708301,3.983180865396514,3.983180865396514,75020642,4.039203316203314
2023-05-30,4.008391857147217,4.050408703729783,3.991585198654659,4.050408703729783,40190295,4.01679525317722
2023-05-31,3.974778652191162,4.008391970123668,3.9663751223568573,4.008391970123668,55531206,3.983181914890563
2023-06-01,3.949568033218384,4.008391533544611,3.9411649050016737,3.974778219273142,51047913,3.9663748239215564
2023-06-02,3.9915850162506104,3.9999885454640447,3.9579717008015285,3.9579717008015285,45752570,3.9831817541720613
2023-06-05,4.033601760864258,4.0588115464746055,3.9747782599362496,3.991584917243921,52581031,4.022397189091705
2023-06-06,4.008391857147217,4.084022020714897,3.9999887282521107,4.033602045237226,54662455,4.030800868704742
2023-06-07,4.0672149658203125,4.075618093896426,4.00839146647829,4.016794995256711,40869289,4.050408175398343
2023-06-08,4.1176347732543945,4.1260379009975985,4.033601492310894,4.075617932431499,70231222,4.092424722187629
2023-06-09,4.109231472015381,4.1428447862513185,4.100828343807553,4.109231472015381,46189165,4.117634867358084
2023-06-12,4.033601760864258,4.109231518397619,4.033601760864258,4.109231518397619,53459829,4.058811680042045
2023-06-13,4.0672149658203125,4.0672149658203125,4.033601652111245,4.033601652111245,36210328,4.05601052791729
2023-06-14,3.941164970397949,4.06721510135868,3.941164970397949,4.058811572300215,66081980,3.983181680718193
2023-06-15,3.9663748741149902,3.9915850613377284,3.9411650875945843,3.957971745508966,37274076,3.966375007682434
2023-06-16,3.9579718112945557,3.9831815982339744,3.9411651531008305,3.9747784694882813,46013227,3.9607728542097873
2023-06-19,3.890744924545288,3.957971552931868,3.8823413956458093,3.949568024032389,73677184,3.910352624374322
2023-06-20,3.8739380836486816,3.9075513962471797,3.8739380836486816,3.8907447399479307,33680079,3.885142521181514
2023-06-21,3.865535020828247,3.924358525313223,3.865535020828247,3.882341679152191,38569633,3.885142855656573
2023-06-26,3.8067116737365723,3.8655347737594803,3.789905016486839,3.857131645485772,65237717,3.8207171546609637
2023-06-27,3.8319215774536133,3.848728235221739,3.798308261917362,3.8151149196854877,41880361,3.8263193581975714
2023-06-28,3.865535020828247,3.932761654124024,3.848728362504303,3.865535020828247,73439169,3.882341679152191
2023-06-29,3.865535020828247,3.882341679152191,3.831921704180359,3.865535020828247,32568189,3.8599328013869325
2023-06-30,3.890744924545288,3.907551581641933,3.8655347385491643,3.873938267448643,31197422,3.887943748245462
2023-07-03,3.941164970397949,3.9495680987540935,3.890744998154121,3.8991481265102657,41297329,3.927159355768721
2023-07-04,3.8991477489471436,3.941164588766243,3.8823410931599596,3.941164588766243,56948238,3.907551143624449
2023-07-05,3.9075515270233154,3.9159546551030253,3.8823413413795724,3.899147998241299,49916904,3.9019491745019708
2023-07-06,3.871537208557129,3.934561955319592,3.871537208557129,3.916554823484047,79393811,3.8925454574779494
2023-07-07,3.943565845489502,3.961572977825458,3.871537316145677,3.871537316145677,59387063,3.9255587131535457
2023-07-10,3.9615731239318848,3.9795802569319605,3.9345622097698136,3.943565990931809,38969127,3.958571863544553
2023-07-11,4.051608562469482,4.060612343128216,3.9705762538364473,3.9705762538364473,66070247,4.027599053144716
2023-07-12,4.087623119354248,4.096626900658145,4.0426050714826065,4.051608852786504,50788282,4.0756183638316665
2023-07-13,4.132640838623047,4.1416441898871295,4.087622794330971,4.087622794330971,58236120,4.120635940947049
2023-07-14,4.159651279449463,4.168655059945896,4.114633664938953,4.141644147780482,57419102,4.147646668111437
2023-07-17,4.1686553955078125,4.1686553955078125,4.132641129270831,4.159651614286608,49104636,4.156650640095485
2023-07-18,4.132640838623047,4.177658453591235,4.096626574918941,4.168655102327152,61882700,4.135641955711074
2023-07-19,4.1686553955078125,4.1686553955078125,4.114633996152341,4.123637348049627,66412404,4.150648262389322
2023-07-20,4.1686553955078125,4.186662528626303,4.141644481168117,4.1686553955078125,59956976,4.165654135100744
2023-07-21,4.1686553955078125,4.186662528626303,4.132641129270831,4.159651614286608,47440459,4.162653017801649
2023-07-24,4.114634037017822,4.1686554369098205,4.105630255707195,4.1506483036124875,41384546,4.1296399098782794
2023-07-25,4.114634037017822,4.1506483036124875,4.105630255707195,4.132641170315155,62520793,4.123637532112501
2023-07-26,4.105630397796631,4.132641313339397,4.087623263876099,4.123637531717162,48426759,4.108631658337376
2023-07-27,4.114634037017822,4.1506483036124875,4.096626903720489,4.105630255707195,54286896,4.1206364147836
2023-07-28,4.19566535949707,4.204669139600167,4.11463348518853,4.123636835967761,62873191,4.171655994761923
2023-07-31,4.20466947555542,4.240683740197633,4.168655210913207,4.20466947555542,77610954,4.20466947555542
2023-08-01,4.19566535949707,4.213672490379397,4.159651097732415,4.19566535949707,51840307,4.189662982536294
2023-08-02,4.132640838623047,4.177658453591235,4.114633706770994,4.177658453591235,65241781,4.141644332995092
2023-08-03,4.177658557891846,4.186662338704607,4.1236371609869735,4.132640941799735,48538686,4.162652685861143
2023-08-04,4.186662197113037,4.2226764604982945,4.168655065420409,4.186662197113037,59595710,4.1926645743439135
2023-08-07,4.141644477844238,4.186662525266295,4.1146339928501385,4.186662525266295,51653443,4.147646998653557
2023-08-08,4.114634037017822,4.14164452230186,4.105630255707195,4.123637389004527,48828344,4.120636271675625
2023-08-09,4.132640838623047,4.1416441898871295,4.114633706770994,4.114633706770994,41362675,4.1296395784270565
2023-08-10,4.132640838623047,4.1506479704751,4.105629926183024,4.123637058035077,43305355,4.1296395784270565
2023-08-11,4.042604923248291,4.1416443673399685,4.042604923248291,4.132641015690129,63610380,4.07561807127885
2023-08-14,4.006590366363525,4.033601277994748,3.9795798840561782,4.024597497676382,43545951,4.006590509471484
2023-08-15,4.087623119354248,4.096626900658145,4.006590804914863,4.006590804914863,54758081,4.063613608309086
2023-08-16,4.069615840911865,4.096626754536186,4.051608708270287,4.0786196218946085,29428159,4.072617101239445
2023-08-17,4.024597644805908,4.069615689395738,3.988583380863601,4.069615689395738,60044494,4.027598905021748
2023-08-18,4.069615840911865,4.096626754536186,4.006590662004387,4.015594442987131,67897784,4.05761108581748
2023-08-21,4.015594482421875,4.087623013695537,4.015594482421875,4.078619661948285,46538546,4.03960399284643
2023-08-22,4.069615840911865,4.0786196218946085,4.024597794645966,4.024597794645966,49748733,4.05761108581748
2023-08-23,4.087623119354248,4.123637385921992,4.051608852786504,4.060612634090401,46595548,4.087623119354248
2023-08-24,4.042604923248291,4.105630102092796,4.033601571598451,4.08762296946921,42774434,4.060612198979846
2023-08-25,4.087623119354248,4.10563025263812,4.024597938198735,4.033601719502632,39705430,4.072617103397034
2023-08-28,4.132640838623047,4.240683629735364,4.105629926183024,4.21367271729534,80512722,4.159651464847145
2023-08-29,4.051608562469482,4.1326408711025175,4.033601430475907,4.1326408711025175,91341629,4.072616954682636
2023-08-30,4.015594482421875,4.06061252912987,4.015594482421875,4.051608748058706,43747963,4.030600497991206
2023-08-31,4.024597644805908,4.0876228213668915,4.024597644805908,4.033601425453431,53177218,4.045606036992903
2023-09-01,4.078619480133057,4.087622831478961,4.024597654762064,4.03360143543186,51671814,4.063613322124694
2023-09-04,4.141644477844238,4.159651610948277,4.078619726642061,4.078619726642061,78425035,4.1266386051448585
2023-09-05,4.114634037017822,4.14164452230186,4.096626903720489,4.14164452230186,39168357,4.117635154346724
2023-09-06,4.114634037017822,4.132641170315155,4.096626903720489,4.123637389004527,26633057,4.114634037017822
2023-09-07,4.132640838623047,4.159651321739182,4.114633706770994,4.123637058035077,47277789,4.135641955711074
2023-09-08,4.114634037017822,4.14164452230186,4.105630255707195,4.132641170315155,23178899,4.120636271675625
2023-09-11,4.1236371994018555,4.150648112767868,4.11463384782912,4.1236371994018555,43729952,4.129639719999615
2023-09-12,4.114634037017822,4.14164452230186,4.114634037017822,4.123637389004527,30197982,4.123637532112501
2023-09-13,4.141644477844238,4.150648259058217,4.1146339928501385,4.132641125954178,40441116,4.135642243250865
2023-09-14,4.159651279449463,4.177658411118443,4.123637016111502,4.132640796607934,71573703,4.153648902226469
2023-09-15,4.1236371994018555,4.177658596809978,4.11463384782912,4.177658596809978,87247210,4.138643214680318
2023-09-18,4.141644477844238,4.141644477844238,4.0966268597461,4.1236373447401995,45519546,4.1266386051448585
2023-09-19,4.1686553955078125,4.1686553955078125,4.123637348049627,4.123637348049627,47349335,4.153649379688417
2023-09-20,4.177658557891846,4.186662338704607,4.150648074101359,4.168655206402983,50641936,4.171656323565937
2023-09-21,4.1686553955078125,4.186662528626303,4.141644481168117,4.177658747405099,55960258,4.165654135100744
2023-09-22,4.177658557891846,4.186662338704607,4.132640941799735,4.159651425590222,68683481,4.165653946132063
2023-09-25,4.19566535949707,4.213672490379397,4.159651097732415,4.177658228614743,74876937,4.189662982536294
2023-09-26,4.186662197113037,4.204669328805665,4.177658416604781,4.204669328805665,38162721,4.189663314174495
2023-09-27,4.159651279449463,4.195665542787424,4.150647928276915,4.186662191614876,50810235,4.168654916837934
2023-09-28,4.1686553955078125,4.186662528626303,4.150648262389322,4.1686553955078125,38940156,4.1686553955078125
2023-10-09,4.159651279449463,4.168655059945896,4.114633664938953,4.159651279449463,56833004,4.147646668111437
2023-10-10,4.132640838623047,4.168655102327152,4.123637058035077,4.159651321739182,55358215,4.141644332995092
2023-10-11,4.114634037017822,4.1506483036124875,4.105630255707195,4.14164452230186,50509083,4.123637532112501
2023-10-12,4.177658557891846,4.177658557891846,4.132640941799735,4.141644293288597,74264531,4.162652685861143
2023-10-13,4.19566535949707,4.222676270482494,4.150647746953185,4.159651097732415,79466315,4.189663125644249
2023-10-16,4.186662197113037,4.195665548297409,4.168655065420409,4.186662197113037,47343182,4.183660936943618
2023-10-17,4.20466947555542,4.222676607876526,4.168655210913207,4.1956656947329165,54775273,4.198667098115052
2023-10-18,4.186662197113037,4.231679811682667,4.186662197113037,4.2136726799900375,54647671,4.2016680686362475
2023-10-19,4.078619480133057,4.195665623573162,4.078619480133057,4.195665623573162,90966352,4.117634861279758
2023-10-20,4.078619480133057,4.1056299634946605,4.042604786777765,4.078619480133057,63156740,4.0756180768018275
2023-10-23,4.087623119354248,4.114634033942017,4.060612634090401,4.069615986070376,60148662,4.087623262462222
2023-10-24,4.042604923248291,4.096626750442956,4.033601571598451,4.0786196178193705,73720770,4.057611081763233
2023-10-25,4.051608562469482,4.0696156944630575,4.033601430475907,4.060612343128216,45456094,4.051608562469482
2023-10-26,4.1236371994018555,4.132640980298494,4.042604888627719,4.051608669524358,74318161,4.0996276894426895
2023-10-27,4.132640838623047,4.168655102327152,4.114633706770994,4.123637058035077,61007632,4.138643215907064
2023-10-30,4.069615840911865,4.141644371478178,4.06061248925303,4.132641019819343,70342960,4.090624233881024
2023-10-31,4.105630397796631,4.114634179418865,4.069616129955567,4.087623263876099,64490277,4.096626902390354
2023-11-01,4.069615840911865,4.1236372388366,4.06061248925303,4.114633887177765,68432535,4.084621856333832
2023-11-02,4.0966267585754395,4.114633891234773,4.069615844924486,4.069615844924486,52329753,4.0936254982449
2023-11-03,4.078619480133057,4.1056299634946605,4.06961569946326,4.096626612148757,56462374,4.084621714363659
2023-11-06,4.051608562469482,4.087622826456633,4.042604781810749,4.0786194751217915,86804504,4.060612056912288
2023-11-07,4.051608562469482,4.060612343128216,4.042604781810749,4.051608562469482,33419359,4.051608562469482
2023-11-08,4.033601760864258,4.05160889433278,4.024597979468034,4.05160889433278,67273452,4.03660287822169
2023-11-09,4.042604923248291,4.060612485195784,4.024597790624705,4.033601571598451,37213015,4.04260506635626
2023-11-10,4.024597644805908,4.051608557424584,4.015594293482277,4.042604776777061,46530083,4.03060016523759
2023-11-13,4.015594482421875,4.042604966987542,3.9975873496034593,4.033601615240291,46268912,4.018595599670959
2023-11-14,4.033601760864258,4.042605112936555,4.006590845999511,4.015594627395736,34034196,4.0275992399334415
2023-11-15,4.033601760864258,4.060612675729004,4.033601760864258,4.042605112936555,33363528,4.042605399152507
2023-11-16,4.042604923248291,4.060612485195784,4.024597790624705,4.042604923248291,35427861,4.04260506635626
2023-11-17,4.024597644805908,4.051608557424584,4.015594293482277,4.042604776777061,39123968,4.03060016523759
2023-11-20,4.042604923248291,4.051608704222038,4.024597790624705,4.033601571598451,36927565,4.039603806031678
2023-11-21,4.069615840911865,4.087622973553444,4.042604927287544,4.051608708270287,56718560,4.066614580584285
2023-11-22,4.069615840911865,4.096626754536186,4.06061248925303,4.069615840911865,43656495,4.075618361567027
2023-11-23,4.078619480133057,4.087622831478961,4.06961569946326,4.078619480133057,31202652,4.078619337025093
2023-11-24,4.0966267585754395,4.105630110243152,4.069615844924486,4.078619625916106,52656306,4.090624237914359
2023-11-27,4.087623119354248,4.10563025263812,4.069615986070376,4.096626900658145,44362023,4.087623119354248
2023-11-28,4.069615840911865,4.096626754536186,4.06061248925303,4.096626754536186,38121271,4.075618361567027
2023-11-29,4.051608562469482,4.0786194751217915,4.042604781810749,4.0696156944630575,41930036,4.057610939800674
2023-11-30,4.078619480133057,4.096626612148757,4.042604786777765,4.051608567447561,49619220,4.072616959686527
2023-12-01,4.0966267585754395,4.114633891234773,4.078619625916106,4.087622977583819,47357988,4.0966267585754395
2023-12-04,4.132640838623047,4.132640838623047,4.096626574918941,4.096626574918941,56135146,4.120636084055012
2023-12-05,4.078619480133057,4.132640876180157,4.06961569946326,4.123637095510361,50056794,4.093625351925492
2023-12-06,4.033601760864258,4.0786198091975265,4.015594627395736,4.0786198091975265,64718981,4.042605399152507
2023-12-07,4.069615840911865,4.087622973553444,4.024597794645966,4.042604927287544,60880800,4.060612203037092
2023-12-08,4.087623119354248,4.114634033942017,4.060612634090401,4.078619767374273,75709966,4.087623262462222
2023-12-11,4.069615840911865,4.087622973553444,4.006590662004387,4.0786196218946085,80518029,4.054609825489899
2023-12-12,4.114634037017822,4.114634037017822,4.0516088558151955,4.060612637125824,60285963,4.093625643283613
2023-12-13,4.078619480133057,4.123637095510361,4.078619480133057,4.1056299634946605,33334978,4.093625351925492
2023-12-14,4.060612201690674,4.096626464423391,4.060612201690674,4.087622684078273,32066481,4.072616955934913
2023-12-15,4.033601760864258,4.0786198091975265,4.033601760864258,4.060612675729004,50461706,4.048607776975348
2023-12-18,4.033601760864258,4.060612675729004,4.024597979468034,4.042605112936555,45193317,4.039604138687099
2023-12-19,4.024597644805908,4.051608557424584,4.015594293482277,4.033601425453431,43027153,4.03060016523759
2023-12-20,4.015594482421875,4.051608748058706,4.015594482421875,4.024597834169127,47380873,4.027599237634152
2023-12-21,3.9615731239318848,4.024597874770191,3.943565990931809,4.015594522932112,127133597,3.976578996544628
2023-12-22,3.9795799255371094,3.9975870570376624,3.9345618821237873,3.9615727940365564,80507411,3.9705762882328535
2023-12-25,3.970576286315918,3.9885834184567925,3.9615729349074282,3.979580067048303,46998135,3.9735775465600462
2023-12-26,3.9885830879211426,4.006590218569758,3.961572606610149,3.9705759572725268,43740433,3.985581971033683
2023-12-27,4.024597644805908,4.024597644805908,3.970576248892447,3.988583380863601,51102913,4.006590512834754
2023-12-28,4.069615840911865,4.0786196218946085,4.015594442987131,4.024597794645966,81454912,4.054609968597869
2023-12-29,4.078619480133057,4.087622831478961,4.060612348117357,4.06961569946326,47937981,4.075618219909791
2024-01-02,4.0966267585754395,4.114633891234773,4.069615844924486,4.078619625916106,57304628,4.0936254982449
2024-01-03,4.1236371994018555,4.132640980298494,4.0876229344631065,4.096626715359745,52071630,4.114633704721152
2024-01-04,4.15064811706543,4.159651468647487,4.114633852089392,4.114633852089392,67140894,4.141644479267437
2024-01-05,4.186662197113037,4.2226764604982945,4.141644153219524,4.159651284912152,115671295,4.183660936943618
2024-01-08,4.186662197113037,4.2136726799900375,4.159651284912152,4.186662197113037,81258970,4.186662054005075
2024-01-09,4.20466947555542,4.222676607876526,4.1506480785921,4.1776585624118105,84070095,4.192664720674682
2024-01-10,4.20466947555542,4.231679959375129,4.186662343234313,4.20466947555542,63296506,4.2076705927216205
2024-01-11,4.1686553955078125,4.2136730136420795,4.159651614286608,4.204669661744794,63281014,4.1806600078121665
2024-01-12,4.213672637939453,4.222676418357856,4.159651243400678,4.159651243400678,51889806,4.198666766565996
2024-01-15,4.249687194824219,4.267694327582308,4.195665796549951,4.213672929308041,67912053,4.237682439652159
2024-01-16,4.303709030151367,4.312712381884626,4.240683850722914,4.2496872024561725,83462715,4.285701754252969
2024-01-17,4.348726272583008,4.402747666297371,4.3127120101067655,4.3127120101067655,130971078,4.354728649662381
2024-01-18,4.330718994140625,4.366733255392716,4.204669079758306,4.357729904741623,147632603,4.300707109763882
2024-01-19,4.339723110198975,4.357730242219556,4.285701714137231,4.321715978178394,80366534,4.327718355518587
2024-01-22,4.285701751708984,4.366733631850041,4.258690838779368,4.33071936749315,121225168,4.303708740779464
2024-01-23,4.285701751708984,4.312712235314704,4.240683706600922,4.276697970957813,71701635,4.279699231208204
2024-01-24,4.384740829467773,4.39374461035332,4.294705167231825,4.303708948117371,96829846,4.3577302023509725
2024-01-25,4.411751747131348,4.42075509870183,4.375737482201615,4.384740833772097,83613929,4.40274810934493
2024-01-26,4.465773105621338,4.483780237929332,4.3937445763893646,4.411751708697358,98867684,4.447765973313345
2024-01-29,4.573815822601318,4.609830086612046,4.456769249904507,4.465773030569135,167381939,4.54680505303929
2024-01-30,4.546805381774902,4.609830129721108,4.501787336678558,4.546805381774902,109389060,4.55280761605819
2024-01-31,4.591823101043701,4.618834014575093,4.528798351676963,4.528798351676963,116956313,4.579818489098586
2024-02-01,4.546805381774902,4.600826778296177,4.519794468852317,4.582819646122419,84685883,4.5558088763077995
2024-02-02,4.573815822601318,4.636840999282038,4.501787294579863,4.546805339255219,141719065,4.57081470548774
2024-02-05,4.618834018707275,4.62783737034319,4.528798355728596,4.591823105151719,155283464,4.591823248259687
2024-02-06,4.591823101043701,4.636841147154719,4.528798351676963,4.6098302336233274,140030793,4.585820866625128
2024-02-07,4.519794464111328,4.591822992730808,4.447765935491848,4.591822992730808,204264760,4.519794464111328
2024-02-08,4.492783546447754,4.510791107907403,4.375737402227298,4.510791107907403,189154197,4.459770685527485
2024-02-19,4.591823101043701,4.600826881995467,4.4207551268753,4.474776524614179,139767844,4.537801703304823
2024-02-20,4.645844459533691,4.654848240409391,4.555808797396198,4.582819710699397,93547978,4.618833832446427
2024-02-21,4.726876735687256,4.780898132576242,4.6188339419092825,4.627837293395498,105327673,4.7088696033909265
2024-02-22,4.7358808517456055,4.753887985316641,4.690862803156052,4.726877070298123,61948023,4.726877213406099
2024-02-23,4.798905372619629,4.843923419033165,4.735880622829369,4.735880622829369,76955657,4.792903138160721
2024-02-26,4.654848575592041,4.798905645385178,4.636841441867898,4.789902293185073,97110599,4.696865220948372
2024-02-27,4.636841297149658,4.717873181717284,4.618834163987528,4.654848430311788,74109269,4.657849547618157
2024-02-28,4.663851737976074,4.708869785116188,4.591823206011026,4.645844604984812,101204982,4.654848243034429
2024-02-29,4.663851737976074,4.690862652124926,4.636841253151139,4.654848386142401,83985850,4.663851881084046
2024-03-01,4.681858539581299,4.744883715251698,4.654848056668189,4.672855188384891,81789229,4.693863437167061
2024-03-04,4.672855377197266,4.699865861201767,4.645844463868862,4.6638515963131635,56178385,4.672855234089298
2024-03-05,4.75388765335083,4.771894785664421,4.654848210964132,4.663851562458977,84998106,4.726876883326461
2024-03-06,4.762890815734863,4.8349193421293295,4.753887464597496,4.762890815734863,78212146,4.78389920748723
2024-03-07,4.825916290283203,4.843923422998577,4.744883978402066,4.744883978402066,72736477,4.804907897227949
2024-03-08,4.906948089599609,4.906948089599609,4.825916208416995,4.825916208416995,87813202,4.879937462538738
2024-03-11,4.843923568725586,4.9429625869777265,4.83491978743507,4.888941187206399,75209149,4.8739353143794615
2024-03-12,4.7358808517456055,4.861930786742856,4.726877070298123,4.834919871724337,89983708,4.774896236262195
2024-03-13,4.798905372619629,4.834919638020894,4.708869709116466,4.7268768418170986,68265415,4.780898239918996
2024-03-14,4.798905372619629,4.834919638020894,4.753887755530002,4.7718948882306345,67942782,4.795904255390175
2024-03-15,4.915951728820801,4.933958860711856,4.798905156866999,4.816912288758054,103331740,4.882938582133218
2024-03-18,4.915951728820801,4.933958860711856,4.870933684431219,4.897944596929746,62577056,4.906948091321293
2024-03-19,4.879937171936035,4.942961915107341,4.852926261059859,4.897944302745532,60759208,4.891941782701078
2024-03-20,4.942962646484375,4.960970209282194,4.825916493566046,4.861930760513828,62205272,4.909949783110871
2024-03-21,5.069012641906738,5.087019774072571,4.933958936001044,4.933958936001044,88837717,5.029997117326785
2024-03-22,5.087019443511963,5.10502657450767,5.023994270365051,5.060008532356467,69526375,5.0720134294615615
2024-03-25,5.105026721954346,5.132037204566108,5.069012458922743,5.078015810018703,59494999,5.1020254618143985
2024-03-26,5.13203763961792,5.150044772660218,5.096023373533325,5.123034287758729,58399049,5.1260352619371545
2024-03-27,5.13203763961792,5.168051905702515,5.105027154716432,5.114030506575622,53655934,5.135038900012289
2024-03-28,5.087019443511963,5.132037056339299,5.051005181520547,5.123033705503379,83271600,5.09002056045727
2024-03-29,5.096023082733154,5.132037346762627,5.0510054673582605,5.069012599372996,31897989,5.093021965618014
2024-04-01,5.141041278839111,5.168051762994747,5.078016100269454,5.123034146294053,59646449,5.129036380701105
2024-04-02,5.13203763961792,5.204066601111028,5.096023373533325,5.141041420801027,59449354,5.144042538087424
2024-04-03,5.1230340003967285,5.159048264461206,5.078015955654185,5.132037351750902,41546527,5.120032740170706
2024-04-08,5.168051719665527,5.2040664137776,5.096023190089184,5.123034103342263,54189501,5.1560471078441035
2024-04-09,5.141041278839111,5.204066457408769,5.114030365359572,5.168051762994747,60502256,5.15304603386915
2024-04-10,5.13203763961792,5.19506281992792,5.105027154716432,5.159048553843325,53608278,5.144042538087424
2024-04-11,5.096023082733154,5.141041127431941,5.069012599372996,5.114030214747891,46792479,5.102025603179364
2024-04-12,5.042001724243164,5.141041165723832,5.023994592094305,5.07801598854088,89233867,5.069012494020434
2024-04-15,5.096023082733154,5.132037346762627,4.996984071314052,5.042001686688946,86802022,5.075014833603277
2024-04-16,5.087019443511963,5.123033705503379,5.0329980505248395,5.096022794347883,76393289,5.081017066513394
2024-04-17,5.177055358886719,5.18605913949938,5.042001654964026,5.087019699379554,71168947,5.135038717783375
2024-04-18,5.222073554992676,5.294102084690688,5.168051728395265,5.195062641693971,80566587,5.228075789359543
2024-04-19,5.222073554992676,5.276094952266185,5.204066422568173,5.222073554992676,51306069,5.234078309942345
2024-04-22,5.177055358886719,5.294101930907978,5.132037314471192,5.240080535203679,58456978,5.201064868088629
2024-04-23,5.114030361175537,5.186059320620745,5.105027009572327,5.17705553969363,68968217,5.135038897122869
2024-04-24,5.07801628112793,5.132037680687129,5.060009147941529,5.11403054750073,63338898,5.090021036585529
2024-04-25,5.114030361175537,5.123034142102652,5.051005611981348,5.078016096114885,52624242,5.096023371753179
2024-04-26,4.951965808868408,5.123033770148181,4.942962028595006,5.105026638925251,130695589,5.005987202537199
2024-04-29,4.978977203369141,4.987980555192073,4.879937757373394,4.933959156282733,93196034,4.948965171978203
2024-04-30,5.023994445800781,5.078015840674309,4.996983963025959,5.005987314176272,74160619,5.0329980831670165
2024-05-06,5.014991283416748,5.087019812625968,4.996984151114443,5.060008899510561,90463538,5.032998415719053
2024-05-07,5.005987644195557,5.032998558074953,4.951966245760673,5.032998558074953,57110988,4.996984149343728
2024-05-08,5.023994445800781,5.069012489523995,4.996983963025959,4.996983963025959,54390323,5.0299969661169115
2024-05-09,5.014991283416748,5.042001767208256,4.987980370301341,5.023994634905951,56997585,5.014991140308782
2024-05-10,5.032998561859131,5.051005694684298,5.014991429033964,5.032998561859131,55003899,5.032998561859131
2024-05-13,5.114030361175537,5.132037493705863,5.005987565993581,5.023994698523907,98327695,5.084018473624994
2024-05-14,5.105026721954346,5.168051467597711,5.096022941534505,5.114030073050307,81065828,5.123033710362187
2024-05-15,5.1230340003967285,5.150044483783141,5.078015955654185,5.10502686836449,43170901,5.117031479944685
2024-05-16,5.177055358886719,5.213069622689584,5.105026831280987,5.114030182569758,70373604,5.165050604285764
2024-05-17,5.222073554992676,5.240080687417179,5.150044595970762,5.18605929014367,61988586,5.204066279460206
2024-05-20,5.159048080444336,5.267090868784017,5.132037168697478,5.213069474614176,85961489,5.1860587059752765
2024-05-21,5.213069915771484,5.222073696890344,5.141041384116265,5.15904851703007,52095492,5.192061665592697
2024-05-22,5.303105354309082,5.3301162671904745,5.2040663421664,5.222073474312697,90091819,5.2790959878886525
2024-05-23,5.303105354309082,5.339119618601675,5.267091090016489,5.303105354309082,57851760,5.303105354309082
2024-05-24,5.267091274261475,5.339119805366247,5.249084141485281,5.285098407037667,52916254,5.285098407037668
2024-05-27,5.285098552703857,5.3211128192488575,5.267091419431357,5.276095200729568,60232950,5.291100930461357
2024-05-28,5.294101715087891,5.339119328344334,5.267090803674927,5.30310506600963,54679416,5.300103949035717
2024-05-29,5.2400803565979,5.312108881748573,5.222073225310233,5.2941017504609045,54085228,5.258087487885569
2024-05-30,5.213069915771484,5.303105580340508,5.186059431062734,5.240080829804148,59295943,5.2340783090582415
2024-05-31,5.2400803565979,5.276094619173237,5.213069445004461,5.222073225310233,53178209,5.243081473591865
2024-06-03,5.195062637329102,5.267091166966595,5.141041240100981,5.25808781542386,66483672,5.201065014798893
2024-06-04,5.168051719665527,5.213069765312692,5.1500445872714415,5.1950626329186065,42590075,5.177055357416553
2024-06-05,5.114030361175537,5.195062672223957,5.096023228645211,5.186059320620745,45830515,5.135038754014901
2024-06-06,5.13203763961792,5.159048553843325,5.105027154716432,5.114030506575622,43105546,5.1320377827258925
2024-06-07,5.195062637329102,5.2040664181957395,5.141041240100981,5.150044591643717,48933833,5.180056765208607
2024-06-11,5.087019443511963,5.213069360481918,5.087019443511963,5.1950622294862105,73208825,5.129036082501948
2024-06-12,5.105026721954346,5.132037204566108,4.996983932859537,5.087019590438545,76645095,5.0780159531266635
2024-06-13,5.096023082733154,5.132037346762627,5.078015950718418,5.105026863402469,53831699,5.1020254600714
2024-06-14,5.07801628112793,5.11403054750073,5.032998662823889,5.096023414314329,54892669,5.075015163817516
2024-06-17,4.996984481811523,5.105027282775553,4.987980700402558,5.069013015787543,64220667,5.029997488329879
2024-06-18,5.023994445800781,5.042001577425291,4.933958787678235,5.005987314176272,51787020,4.999984936968102
2024-06-19,5.0510053634643555,5.096022977913284,5.005987319691543,5.005987319691543,39283002,5.051005220356394
2024-06-20,5.069012641906738,5.078015993327707,5.01499124540924,5.069012641906738,41683663,5.054006626881228
2024-06-21,5.07801628112793,5.08702006238309,5.032998662823889,5.069012929196689,44258783,5.066011668778303
2024-06-24,5.0510053634643555,5.087019626753052,5.005987319691543,5.069012495108703,56295024,5.048004103302984
2024-06-25,5.096023082733154,5.123033995417205,5.0510054673582605,5.069012599372996,62803598,5.090020848502873
2024-06-26,5.114030361175537,5.150044626236189,5.0870198770420005,5.096023228645211,44662270,5.117031621484576
2024-06-27,5.213069915771484,5.249084181599094,5.096023337169797,5.12303425120246,76654104,5.186059144846792
2024-06-28,5.258087635040283,5.267090986274151,5.186059107873795,5.231076722690907,60033228,5.237079243062744
2024-07-01,5.285098552703857,5.312109467274568,5.240080934184569,5.258088067457068,66091693,5.279096318054331
2024-07-02,5.366130352020264,5.384137483564336,5.294101825843972,5.294101825843972,103842189,5.34812322047619
2024-07-03,5.348123550415039,5.411148729369412,5.294102152450108,5.384137815724993,59859115,5.351124810744853
2024-07-04,5.330116271972656,5.3751338877168395,5.312109139810204,5.339119623391935,60941276,5.339119766499899
2024-07-05,5.330116271972656,5.330116271972656,5.330116271972656,5.330116271972656,0,5.330116271972656
2024-07-08,5.213069915771484,5.276095095631757,5.186059431062734,5.222073696890344,70133555,5.225074814155325
2024-07-09,5.222073554992676,5.24908403896748,5.168051728395265,5.213069774118473,74270801,5.213069774118473
2024-07-10,5.288778781890869,5.317366519863437,5.241131946078053,5.250661494998178,95839967,5.282425749277453
2024-07-11,5.241131782531738,5.345954545412662,5.231602233908978,5.298307711086636,86058773,5.272896187284459
2024-07-12,5.365013122558594,5.365013122558594,5.250661266849273,5.260190360961442,78441725,5.326895837322154
2024-07-15,5.450777053833008,5.469835697383708,5.336425192528811,5.355483836079511,63920594,5.419012647915175
2024-07-16,5.431718349456787,5.53654111500876,5.384071968310545,5.469835636131341,77743820,5.450777144258697
2024-07-17,5.460306167602539,5.479364809634207,5.393600693294765,5.45077661938977,66639194,5.44442389017717
2024-07-18,5.412659645080566,5.46983557444762,5.355483715713513,5.460306480083392,75130451,5.412659645080566
2024-07-19,5.365013122558594,5.412659501907203,5.317366288816102,5.412659501907203,80220550,5.365012971093965
2024-07-22,5.250661373138428,5.365013231162573,5.231602275740512,5.355483682463615,108881109,5.282425626680504
2024-07-23,5.260190486907959,5.34595460794037,5.241131843833411,5.250661392567632,85372378,5.282425646227247
2024-07-24,5.222073078155518,5.307837197174367,5.212543529645031,5.2506612692930945,97609213,5.2474846016583045
2024-07-25,5.107721328735352,5.231602281193691,5.06007449397868,5.222073186878692,135933791,5.133132701302574
2024-07-26,5.041015625,5.126779741960223,5.002898340660761,5.117250193678478,98942323,5.056897902540328
2024-07-29,5.155367851257324,5.164897400228993,5.021957346411301,5.041015989960733,99002282,5.114074199299206
2024-07-30,5.079133033752441,5.183955795449915,5.079133033752441,5.155367604298283,82651200,5.114073954318266
2024-07-31,5.079133033752441,5.107721224904074,5.041015748479521,5.098191676388901,89671806,5.075956669045346
2024-08-01,5.117250442504883,5.174426371793922,5.041015870119497,5.069604061960964,106606242,5.110897561472767
2024-08-02,5.060074329376221,5.117250256587978,5.0505452353712,5.098191614184059,67668611,5.0759566071118
2024-08-05,5.021956920623779,5.098191488357945,5.0124278268539415,5.060074204490863,97422244,5.044192078611888
2024-08-06,5.012428283691406,5.079133309341428,4.964781447318042,5.041016022000298,111687466,5.018781013450291
2024-08-07,5.107721328735352,5.13630906607424,4.993369016198119,5.00289856490701,105133771,5.079133137002571
2024-08-08,5.117250442504883,5.117250442504883,5.060074513215843,5.107721348153657,49198642,5.098191799408537
2024-08-09,5.117250442504883,5.164897277442695,5.0886627050573106,5.107721348153657,47997469,5.123603475001629
2024-08-12,5.088663101196289,5.136309485449353,5.079133551709319,5.117250840869342,41576088,5.1013687127849865
2024-08-13,5.155367851257324,5.174426494806756,5.088662826031265,5.098191920609029,65226051,5.139485724031782
2024-08-14,5.1648969650268555,5.203014248913898,5.145838323083334,5.155367416858161,53727867,5.171249845674695
2024-08-15,5.212543964385986,5.231602608602621,5.145838936824722,5.15536803173608,61327889,5.196661836604443
2024-08-16,5.269720077514648,5.279249171930692,5.212543693442797,5.212543693442797,63094527,5.253837647629379
2024-08-19,5.355483531951904,5.365013080383042,5.250661225572666,5.2887785105094585,80048996,5.323719279302537
2024-08-20,5.365013122558594,5.393600859288982,5.326895837322153,5.374542216670762,87345651,5.36183660638991
2024-08-21,5.260190486907959,5.355483702280697,5.231602295099191,5.34595460794037,86636232,5.282425494762616
2024-08-22,5.345954418182373,5.355483512184459,5.250661206192127,5.269719848590177,89400785,5.317366378852987
2024-08-23,5.3268961906433105,5.35548392926986,5.260190709858173,5.345954834525648,64254837,5.314190276590447
2024-08-26,5.3268961906433105,5.345954834525648,5.269720258996298,5.317366641505185,56117336,5.314190428055086
2024-08-27,5.365013122558594,5.384071765176814,5.279249003579662,5.336424931434323,86309468,5.342777963771691
2024-08-28,5.317366600036621,5.3745425312377355,5.269720217899314,5.365013436567837,82278269,5.320543116391224
2024-08-29,5.117250442504883,5.326895970958587,5.098191799408537,5.317366422213467,106672521,5.180779404290669
2024-08-30,5.002898216247559,5.1648968978576395,4.993368668202796,5.098191424725883,152884916,5.053721260769332
2024-09-02,5.107721328735352,5.145838614783131,4.955251730150339,4.993369016198119,157710159,5.069603891222941
2024-09-03,4.983839511871338,5.145838191444001,4.955251322490457,5.11725000206312,107481415,5.0283096752685985
2024-09-04,4.964781284332275,5.002898570422075,4.926663998242476,4.983839927377176,69013250,4.964781284332275
2024-09-05,4.964781284332275,4.993369021702679,4.907605355197576,4.964781284332275,66867880,4.95525188707751
2024-09-06,4.974310398101807,5.0696040680926915,4.964781303739056,4.974310398101807,67520055,5.002898589977851
2024-09-09,4.8027825355529785,4.983839869576645,4.79325344133799,4.983839869576645,107332879,4.859958615489204
2024-09-10,4.859958648681641,4.888546841200609,4.793253623460558,4.80278271803761,72507411,4.847253037780935
2024-09-11,4.6884307861328125,4.859958575481367,4.659842594044438,4.859958575481367,101093006,4.736077318552873
2024-09-12,4.7170186042785645,4.745606796854526,4.63125493533849,4.688430866096509,55352501,4.697960112157194
2024-09-13,4.669372081756592,4.764665296814095,4.669372081756592,4.7265480107910935,57252425,4.701136486775759
2024-09-18,4.678901195526123,4.697959838616893,4.6121961719053735,4.669372101177685,54113236,4.663019068682797
2024-09-19,4.707489490509033,4.717018585066271,4.631254916475511,4.697959941557891,74226152,4.685254330683605
2024-09-20,4.745606899261475,4.77419509245435,4.697960062071321,4.707489611266918,93957553,4.739254017929048
2024-09-23,4.86948823928833,4.87901733394686,4.717018635206679,4.7551359226286145,73996570,4.8218414028139565
2024-09-24,5.079133033752441,5.088662582267613,4.859958416236206,4.8885466073878385,112592921,5.0092513440854205
2024-09-25,5.241131782531738,5.260190425383371,5.10772128257031,5.117250376799182,162380731,5.203014496828473
2024-09-26,5.412659645080566,5.4221891938386895,5.2125436650989325,5.222073213857055,136907693,5.349130834672729
2024-09-27,5.3268961906433105,5.52701217860481,5.241132065975836,5.4698357925638845,108886387,5.3650134784079855
2024-09-30,5.565129280090332,5.641363853067915,5.260190533786103,5.374542393252478,321618569,5.488894555648116
2024-10-08,5.746186256408691,6.041595435298902,5.584187571831574,5.955831318900693,339044947,5.7906564211797225
2024-10-09,5.317366600036621,5.67948128537092,5.298307956302916,5.669951736307113,226479309,5.431718613903485
2024-10-10,5.574658393859863,5.698539802575258,5.345954674133504,5.355483768591819,202700111,5.5397176235228756
2024-10-11,5.450777053833008,5.631834394761605,5.412659766731609,5.5651293695311095,112686787,5.498423738442074
2024-10-14,5.650893211364746,5.708069143767795,5.507953607554083,5.507953607554083,171442355,5.622305320895542
2024-10-15,5.555599689483643,5.7366570261404926,5.546070595130069,5.641363810635281,111043066,5.6127757702514005
2024-10-16,5.641363620758057,5.689009999710032,5.507953123541095,5.527011766000661,110690992,5.612775581336394
2024-10-17,5.5841875076293945,5.755715284059863,5.574657959519659,5.641363433106218,120020883,5.638186917069639
2024-10-18,5.5841875076293945,5.65089252682209,5.460306108566013,5.5841875076293945,129991768,5.565128714339166
2024-10-21,5.536540985107422,5.603246462419761,5.450776864904971,5.603246462419761,123044456,5.5301881041440515
2024-10-22,5.527011871337891,5.593716894020737,5.507953228515093,5.527011871337891,83492979,5.542893997957907
2024-10-23,5.517482280731201,5.555599566086652,5.507953186589281,5.527011829267006,68691308,5.527011677802378
2024-10-24,5.507953643798828,5.56512957657812,5.488894999539064,5.517482738731749,66098049,5.520659406638671
2024-10-25,5.4698357582092285,5.517482594812771,5.450777114446594,5.498423951050136,66348233,5.479365155822864
2024-10-28,5.422189235687256,5.460306522226149,5.365013305878917,5.450776973394476,83003993,5.415836354597441
2024-10-29,5.422189235687256,5.4984238087650406,5.384071949148364,5.422189235687256,83434692,5.434894997866887
2024-10-30,5.355483531951904,5.441247650256625,5.317366247015113,5.422189007788229,77259584,5.371365809741214
2024-10-31,5.3840718269348145,5.4126595639931185,5.317366349808958,5.3840718269348145,93287168,5.3713659135789635
2024-11-01,5.431718349456787,5.479365184996929,5.365013324973268,5.384071968310545,111230019,5.4253656198089955
2024-11-04,5.460306167602539,5.460306167602539,5.355483409231427,5.44124752557087,103344341,5.425365248145501
2024-11-05,5.488894939422607,5.5079535834736335,5.412659908824585,5.441248102098083,111743607,5.469836143906942
2024-11-06,5.422189235687256,5.488894714327267,5.40313059241781,5.488894714327267,108895497,5.43807151414411
2024-11-07,5.517482280731201,5.527011829267006,5.384071781987123,5.403130424664848,120581409,5.476188630661777
2024-11-08,5.422189235687256,5.5651292874050515,5.393601043586138,5.527012000866159,148101174,5.460306522226148
2024-11-11,5.317366600036621,5.403130724035247,5.298307956302916,5.403130724035247,125857160,5.339601760124928
2024-11-12,5.30783748626709,5.3936011555631955,5.288778842601965,5.317366580902698,117241293,5.33007249481075
2024-11-13,5.30783748626709,5.345954773597338,5.279249293572449,5.30783748626709,78757110,5.311013851145625
2024-11-14,5.2983078956604,5.3554838262071,5.279249252144834,5.317366539175967,109480123,5.311013658004112
2024-11-15,5.3268961906433105,5.3840721222903225,5.260190709858173,5.288778902878636,147492273,5.323719674263935
2024-11-18,5.47936487197876,5.584187631542552,5.374542112414969,5.384071660736165,266469043,5.47936487197876
2024-11-19,5.4698357582092285,5.574658526100675,5.393601183158689,5.4698357582092285,178433795,5.479365155822864
2024-11-20,5.441247940063477,5.507953419452609,5.431718391124785,5.441247940063477,105532574,5.460306583546957
2024-11-21,5.412659645080566,5.450776931325269,5.393601001958215,5.431718288202918,94272410,5.4190125261213495
2024-11-22,5.288778781890869,5.441247929461636,5.288778781890869,5.412659737095166,120797248,5.339601831081125
2024-11-25,5.2983078956604,5.336425182691533,5.260190608629268,5.279249252144834,119816134,5.2983078956604
2024-11-26,5.336424827575684,5.345954375896269,5.250661164659785,5.288778449154378,99591868,5.311013456043913
2024-11-27,5.422189235687256,5.43171833012503,5.298307827238907,5.326896019340025,108436369,5.384071797683731
2024-11-28,5.422189235687256,5.441247878956702,5.384071949148364,5.412659686855584,81540629,5.415836354597441
2024-11-29,5.450777053833008,5.498423889906709,5.412659766731609,5.422189315703911,99294606,5.4539535701571085
2024-12-02,5.365013122558594,5.460306335649694,5.355483574052542,5.450776787143642,142339325,5.39360101075361
2024-12-03,5.441247940063477,5.441247940063477,5.365013366129556,5.374542460674344,126677437,5.415836415418837
2024-12-04,5.450777053833008,5.47936524635601,5.393601123180909,5.422189315703911,119245260,5.441247807789975
2024-12-05,5.441247940063477,5.479365227030437,5.431718391124785,5.441247940063477,69336844,5.450777186072899
2024-12-06,5.527011871337891,5.546070514160688,5.441247751438358,5.441247751438358,134951428,5.504776712312313
2024-12-09,5.593717098236084,5.641363934229512,5.498423880643134,5.527012073117971,127705056,5.577834971036244
2024-12-10,5.631834506988525,5.689010438779983,5.574658575197068,5.669951794849497,127779982,5.631834506988525
2024-12-11,5.546070575714111,5.660422433920037,5.536541027000005,5.612775599137288,117279535,5.5810113455447175
2024-12-12,5.612775802612305,5.622305351671877,5.536541227711356,5.536541227711356,106226769,5.590540793998513
2024-12-13,5.593717098236084,5.631834385273264,5.5555998111989044,5.603246647192331,145249676,5.593717098236084
2024-12-16,5.650893211364746,5.708069143767795,5.584188184091482,5.593717278961697,114914759,5.647716846408007
2024-12-17,5.5841875076293945,5.689009810473305,5.5841875076293945,5.65089252682209,92799744,5.619128275244031
2024-12-18,5.679481029510498,5.708068766626224,5.612775552250656,5.612775552250656,112304266,5.666775116129126
2024-12-19,5.622304916381836,5.717598127630232,5.59371672581038,5.669951294809097,109803233,5.6445399232741496
2024-12-20,5.5841875076293945,5.660422074931825,5.565128865803787,5.612775243170875,93051583,5.6032461494550025
2024-12-23,5.650893211364746,5.69854004889758,5.584188184091482,5.584188184091482,118691802,5.644540481451269
2024-12-24,5.765244960784912,5.774774054713366,5.631834010635566,5.660422201208675,148190693,5.723951008711282
2024-12-25,5.908185005187988,5.917714554243751,5.774774499164674,5.774774499164674,148618008,5.86689135286547
2024-12-26,5.908185005187988,5.917714554243751,5.831950430317523,5.898655910526134,87209268,5.885949996583087
2024-12-27,5.860538482666016,5.946302150143344,5.7461866231003125,5.898655769187917,112697027,5.851009085303224
2024-12-30,5.96536111831665,5.984419761163922,5.841479712612439,5.851008806839131,113305535,5.930420197364337
2024-12-31,5.860538482666016,5.993948985492669,5.8510089338385916,5.955831698970768,112793013,5.9018321339990925
2025-01-02,5.73665714263916,5.91771448297288,5.708068950210087,5.870067647055726,146241949,5.787480191940709
2025-01-03,5.631834506988525,5.79383320759461,5.622305412220239,5.736657275803154,127039708,5.682657708934458
2025-01-06,5.6890106201171875,5.698540169583142,5.517482819275368,5.631834686503248,133695805,5.635011202991898
2025-01-07,5.765244960784912,5.784303603035694,5.631834010635566,5.669951295137129,91927028,5.727127524818724
2025-01-08,5.774774551391602,5.8414800322034965,5.727128168863603,5.765245456643568,100498170,5.781127584152901
2025-01-09,5.70806884765625,5.784303874632802,5.660422466989036,5.774774325863023,88304503,5.7175983964260295
2025-01-10,5.669951915740967,5.746186947482263,5.584188243422134,5.72712830314542,96296387,5.666775702215122
2025-01-13,5.5841875076293945,5.660422074931825,5.5365406758684435,5.631833884996482,105597072,5.593716752809887
2025-01-14,5.7175984382629395,5.727127987102449,5.584187935267096,5.593717029712707,103316572,5.676304786877495
2025-01-15,5.727127552032471,5.82242076121898,5.708068455801305,5.717598003916888,90716670,5.752538923017585
2025-01-16,5.755715847015381,5.774774490705078,5.69853991594629,5.765245396057184,74632187,5.743010084555583
2025-01-17,5.70806884765625,5.765245231487138,5.679481110134701,5.746186588341473,85235130,5.7175983964260295
2025-01-20,5.717792987823486,5.776137757452337,5.708068627710506,5.746965140796406,65059813,5.733999790995443
2025-01-21,5.727517127990723,5.785861900102463,5.708068870620142,5.746965385361302,49945923,5.740482632904443
2025-01-22,5.620552062988281,5.7372416096759995,5.610827702256118,5.7372416096759995,73290711,5.6562071249734664
2025-01-23,5.746965408325195,5.78586192322178,5.649724121083734,5.649724121083734,91420395,5.727517150876903
2025-01-24,5.746965408325195,5.766413665773487,5.659448481649397,5.746965408325195,67773382,5.724275851916026
2025-01-27,5.824758529663086,5.844207251100077,5.746965498647285,5.746965498647285,86561408,5.805310426470149
2025-02-05,5.756689548492432,5.853930832010949,5.746965188299072,5.824758215113886,76955792,5.785861856267484
2025-02-06,5.746965408325195,5.805310180670071,5.688620635980318,5.756689768890857,81391211,5.746965408325195
2025-02-07,5.70806884765625,5.756689722728612,5.698344950851595,5.727517104948589,83936303,5.721034507078819
2025-02-10,5.70806884765625,5.795586237313289,5.688620590363911,5.7177932081439335,94263978,5.7307585584444825
2025-02-11,5.785861968994141,5.785861968994141,5.717793299228139,5.717793299228139,74858933,5.763172412405473
2025-02-12,5.805310249328613,5.815034610009285,5.746965476293702,5.78586199165031,54328229,5.789103445210533
2025-02-13,5.795586109161377,5.824758262613316,5.785861748888718,5.795586109161377,51085643,5.8020687068878045
2025-02-14,5.785861968994141,5.805310226596289,5.746965453789843,5.795586329636733,60725127,5.77937921646009
2025-02-17,5.795586109161377,5.815034366023676,5.73724133857448,5.795586109161377,66726838,5.782620604586511
2025-02-18,5.853930950164795,5.883103567650669,5.776137921779831,5.78586181848644,117189775,5.837724146531765
2025-02-19,5.834482669830322,5.892827440886663,5.824758309479421,5.834482669830322,77451222,5.850689473398802
2025-02-20,5.844206809997559,5.8636550662836155,5.815034193726971,5.834482450013028,51528141,5.840965356669382
2025-02-21,5.727517127990723,5.844207135897235,5.698344973776368,5.834482775370429,155144635,5.7566897458881074
2025-02-24,5.669172286987305,5.737241418798676,5.669172286987305,5.717793161664431,84204308,5.6918619975910945
2025-02-25,5.639999866485596,5.688620275181073,5.630275506536698,5.669172018966281,65781756,5.652965216067789
2025-02-26,5.659448146820068,5.708068555722758,5.63027553053205,5.639999890522391,68277581,5.665930744358292
2025-02-27,5.70806884765625,5.7177932081439335,5.630275818486895,5.669172333071573,74295135,5.685379291429026
2025-02-28,5.678896427154541,5.737241196294525,5.66917206712304,5.698344683534535,73736903,5.6951032301907025
2025-03-03,5.688620567321777,5.7080688245353395,5.630275795681091,5.688620567321777,76474651,5.675655062512736
2025-03-04,5.678896427154541,5.7080685798830295,5.659448170774546,5.678896427154541,46497915,5.682137725937372
2025-03-05,5.81503438949585,5.82475828612474,5.669172230598329,5.669172230598329,139622569,5.76965496873964
2025-03-06,5.717792987823486,5.834482527081187,5.717792987823486,5.8247581669682065,112890976,5.756689500909386
2025-03-07,5.70806884765625,5.756689722728612,5.698344950851595,5.727517104948589,56502003,5.721034507078819
2025-03-10,5.659448146820068,5.698344659415422,5.649723786829727,5.688620299425081,71538374,5.669172197688407
2025-03-11,5.669172286987305,5.669172286987305,5.620551875993204,5.6497240298530595,76343172,5.652965483322604
2025-03-12,5.669172286987305,5.68862054412155,5.630275772718814,5.659448390261695,58158884,5.662689534609224
2025-03-13,5.688620567321777,5.7080688245353395,5.659448413342948,5.669172310108215,55967040,5.685379268400022
2025-03-14,5.737241268157959,5.766413421251851,5.688620394757454,5.688620394757454,102530543,5.730758361389088
2025-03-17,5.834482669830322,5.853930926849102,5.717793127717641,5.72751702438552,138789039,5.802068908132355
2025-03-18,5.824758529663086,5.853931148135532,5.805310271909136,5.834482890381581,52423567,5.827999983235917
2025-03-19,5.89282751083374,5.89282751083374,5.824758378618527,5.834482739084855,75315397,5.8701378000953355
2025-03-20,5.873379230499268,5.922000105273752,5.853930973326079,5.892827487672457,52530460,5.883103436366366
2025-03-21,5.824758529663086,5.883103766607977,5.805310271909136,5.853931148135532,69368574,5.837724189393399
2025-03-24,5.834482669830322,5.853930926849102,5.815034412811542,5.824758309479421,61037539,5.834482669830322
2025-03-25,5.921999931335449,5.931723827794925,5.834482544785109,5.844206904927597,85839499,5.896068767971827
2025-03-26,5.902551651000977,5.931723803945122,5.883103394477209,5.921999907524744,56569367,5.905792949807769
2025-03-27,5.873379230499268,5.931724002018834,5.863655333754187,5.902551848100564,45843316,5.88958618875743
2025-03-28,5.853930950164795,5.892827464357277,5.834482693068554,5.873379207261036,50879019,5.8604137025302085
2025-03-31,5.873379230499268,5.912275744845645,5.834482716152891,5.873379230499268,76958797,5.873379230499268
2025-04-01,5.873379230499268,5.941448362446941,5.805310098551595,5.873379230499268,101390482,5.873379230499268
2025-04-02,6.038689613342285,6.048413510031055,5.873379196485997,5.873379196485997,154220310,5.986827439953113
2025-04-03,6.097034454345703,6.097034454345703,6.019241425212589,6.019241425212589,73351629,6.071103444634665
2025-04-07,5.737241268157959,5.99006860426475,5.6302756248866555,5.941448194547259,226975078,5.7858618324364555
2025-04-08,5.853930950164795,5.863655310554428,5.7275170471977175,5.73724140758735,154253809,5.815034435972314
2025-04-09,5.805310249328613,5.834482867687588,5.717793321617766,5.824758507006917,112360688,5.785862146211322
2025-04-10,5.853930950164795,5.892827464357277,5.776137921779831,5.824758332678922,83085760,5.840965445433969
2025-04-11,5.834482669830322,5.863655287200004,5.795586155792762,5.844207030181224,57122609,5.831241370941029
2025-04-14,5.89282751083374,5.922000128549697,5.844207099551183,5.844207099551183,69345125,5.886344912978207
2025-04-15,5.912275791168213,5.931724048493778,5.863655379695814,5.873379276517082,93727476,5.902551739785935
2025-04-16,5.980344772338867,6.009516925747608,5.902551745004869,5.912275641580109,113484423,5.964137814363781
2025-04-17,6.0192413330078125,6.028965229658984,5.922000048080995,6.0192413330078125,72127931,5.990068870249264
2025-04-18,6.058137893676758,6.087310511221187,5.990068761861774,6.009517018997051,65682738,6.045172388919906
2025-04-21,5.9608964920043945,6.135930802815814,5.951172131784474,6.058137775788516,87929300,6.015999808868227
2025-04-22,6.009517192840576,6.028965450538453,5.960896780437402,5.970620677444821,60447453,5.999793141272144
2025-04-23,5.980344772338867,6.048413439414607,5.970620412080608,6.009516925747608,58762865,5.999792874611361
2025-04-24,6.058137893676758,6.067861790402883,5.990068761861774,5.990068761861774,61802483,6.038689481980472
2025-04-25,6.028965473175049,6.097034607214714,5.990068957633252,6.067861988716846,59736092,6.0386896793410045
2025-04-28,6.126206874847412,6.135930771334426,6.038689488049216,6.038689488049216,79017775,6.100275711410351
2025-04-29,6.087310314178467,6.145655083695713,6.077585954084087,6.126206827189964,49787059,6.103517117319423
2025-04-30,5.834482669830322,6.048413497036904,5.824758309479421,6.038689600369025,206692540,5.902551492115549
2025-05-06,5.785861968994141,5.863655463085771,5.776138072034584,5.853931102443179,115666707,5.808551834704832
2025-05-07,5.883103370666504,5.892827267047526,5.795585984822256,5.805309881203278,101354904,5.857172207512096
2025-05-08,5.921999931335449,5.951172084396888,5.86365516152956,5.873379057989035,83727442,5.9122757257539655
2025-05-09,6.0192413330078125,6.0192413330078125,5.922000048080995,5.931723944732165,84338345,5.986827571365541
2025-05-12,6.0192413330078125,6.06786174362971,5.990068715688256,6.0192413330078125,77171782,6.02572393077526
2025-05-13,6.116482734680176,6.145655352556552,5.9706205726643615,6.028965344734081,124095775,6.077586219967029
2025-05-14,6.155379295349121,6.184551913443298,6.0775862653420285,6.116482780345574,89577145,6.13917249137815
2025-05-15,6.097034454345703,6.184551843961971,6.097034454345703,6.135930968912261,73900787,6.126206917551126
2025-05-16,6.009517192840576,6.135931099718299,5.990068935142698,6.097034584322544,90315807,6.0451724092338575
2025-05-19,6.028965473175049,6.1164828649856124,6.00951721540415,6.01924157613112,77345742,6.051655184521604
2025-05-20,6.048413276672363,6.106758509286008,6.019241124048547,6.058137636668972,60654805,6.058137636668973
2025-05-21,6.087310314178467,6.126206827189964,6.048413337483959,6.0581376975783385,59577336,6.087310159617464
2025-05-22,6.155379295349121,6.165103655941524,6.067861904749624,6.097034522843802,73949767,6.129448285346757
2025-05-23,6.1067585945129395,6.203999877421121,6.097034234380615,6.194275517288797,77703877,6.135930902104892
2025-05-26,6.058137893676758,6.1359309222178675,6.048413533267606,6.097034407947313,70461826,6.0808274497207435
2025-05-27,6.097034454345703,6.126207072112136,6.058137939779146,6.067861836579271,56141115,6.093793155412328
2025-05-28,6.0775861740112305,6.145655306086046,6.02896529914593,6.097034431220745,68376786,6.084068926414402
2025-05-29,6.058137893676758,6.097034407947313,6.038689636541481,6.067861790402883,57839329,6.064620646055183
2025-05-30,6.126206874847412,6.155379027991468,6.0678616411932715,6.0678616411932715,90964964,6.116482514677384
2025-06-03,6.272068500518799,6.301241117032308,6.116482448934769,6.1262068090002755,119328608,6.229930688828625
2025-06-04,6.301241397857666,6.330414015671302,6.213724008099786,6.272068780044029,82620371,6.281793140542917
2025-06-05,6.18455171585083,6.34013777089414,6.174827355569113,6.301241257133313,97054911,6.2331722807713605
2025-06-06,6.2331719398498535,6.281792812438722,6.203999787242937,6.203999787242937,80537107,6.239654846510504
2025-06-09,6.262344837188721,6.281793094360489,6.184551808501648,6.252620476761323,74315388,6.242896580016953
2025-06-10,6.301241397857666,6.3693105303007975,6.2526205227292815,6.26234488322817,92643670,6.307724150295915
2025-06-11,6.2915167808532715,6.34013765399938,6.233172011287748,6.310965037375113,61527568,6.288275482046799
2025-06-12,6.349862098693848,6.359585995242804,6.2720686078871175,6.291516864668046,59700418,6.327172233941256
2025-06-13,6.2915167808532715,6.3693102706236475,6.252620267809589,6.349862014101806,84763977,6.304482439762169
2025-06-16,6.466551780700684,6.466551780700684,6.2428965909906955,6.272068744958113,140593269,6.392000050797354
2025-06-17,6.476275444030762,6.524896317134666,6.437378931020842,6.456827187525802,85698192,6.479516897395423
2025-06-18,6.631862163543701,6.6415860602534815,6.46655174633022,6.495723900142584,108179613,6.5799999900424675
2025-06-19,6.602689743041992,6.6707588767734185,6.52489671231067,6.622138000724823,104880126,6.599448444042028
2025-06-20,6.651310443878174,6.690206958219202,6.544344797598834,6.6026895691103755,91101045,6.6286207332320695
2025-06-23,6.748551845550537,6.787448360559114,6.5735175280119424,6.641586197435434,94621345,6.7031725780405305
2025-06-24,6.7291035652160645,6.758275719532006,6.6513105354628435,6.719379204655395,112265153,6.7128966067369715
2025-06-25,6.758275508880615,6.787448125970296,6.602689454223698,6.719378995216386,104039699,6.716137696358203
2025-06-26,6.836069107055664,6.865241260919635,6.69020694668673,6.748551718097699,93074556,6.797172438220676
2025-06-27,6.7291035652160645,6.894413985283175,6.66103443234048,6.8263448524075905,142140279,6.76151732761324
2025-06-30,6.641585826873779,6.719378852550537,6.59296541766731,6.680482339712158,100231434,6.651310032363875
2025-07-01,6.76800012588501,6.826344898594686,6.6513105804656565,6.6513105804656565,95605486,6.7485518683151176
2025-07-02,6.845792770385742,6.874965386938142,6.77772364088548,6.787448000963949,77260575,6.832827266069788
2025-07-03,6.8263444900512695,6.904137515675077,6.7971718736008375,6.8555171065017015,63525399,6.842551293109061
2025-07-04,7.001379013061523,7.030551630409281,6.816620803363472,6.826344700024043,100718955,6.94951714894476
2025-07-07,7.040275573730469,7.059724294546555,6.952758648473206,7.0208273165974076,80240009,7.017586172250077
2025-07-08,7.001379013061523,7.079172504761203,6.952758602392623,7.040275527069852,84750029,7.011103373405117
2025-07-09,7.049999713897705,7.098620587052962,6.962482327691446,6.991654944321202,96590051,7.037034209547372
2025-07-10,7.079999923706055,7.239999771118164,7.050000190734863,7.079999923706055,161808448,7.12333329518636
2025-07-11,6.949999809265137,7.210000038146973,6.949999809265137,7.099999904632568,199920109,7.036666552225749
2025-07-14,7.019999980926514,7.119999885559082,6.949999809265137,6.949999809265137,135365146,7.029999891916911
2025-07-15,6.980000019073486,7.090000152587891,6.960000038146973,7.050000190734863,75803882,7.010000069936116
2025-07-16,6.880000114440918,7.010000228881836,6.860000133514404,6.980000019073486,116407235,6.916666825612386
2025-07-17,6.840000152587891,6.929999828338623,6.829999923706055,6.880000114440918,72477031,6.8666666348775225
2025-07-18,6.860000133514404,6.920000076293945,6.820000171661377,6.840000152587891,78490081,6.866666793823242
2025-07-21,6.789999961853027,6.860000133514404,6.739999771118164,6.849999904632568,120990240,6.796666622161865
2025-07-22,6.690000057220459,6.800000190734863,6.659999847412109,6.78000020980835,112011089,6.7166666984558105
2025-07-23,6.699999809265137,6.769999980926514,6.679999828338623,6.690000057220459,104935134,6.716666539510091
2025-07-24,6.599999904632568,6.710000038146973,6.579999923706055,6.699999809265137,140436548,6.629999955495198
2025-07-25,6.559999942779541,6.630000114440918,6.550000190734863,6.599999904632568,102089836,6.580000082651774
2025-07-28,6.590000152587891,6.670000076293945,6.550000190734863,6.559999942779541,117499768,6.603333473205566
2025-07-29,6.460000038146973,6.639999866485596,6.449999809265137,6.610000133514404,110981271,6.516666571299235
2025-07-30,6.510000228881836,6.579999923706055,6.46999979019165,6.489999771118164,121651534,6.519999980926514
2025-07-31,6.449999809265137,6.53000020980835,6.380000114440918,6.510000228881836,114246680,6.453333377838135
2025-08-01,6.480000019073486,6.510000228881836,6.380000114440918,6.46999979019165,94189249,6.456666787465413
2025-08-04,6.46999979019165,6.539999961853027,6.449999809265137,6.460000038146973,85356020,6.4866665204366045
2025-08-05,6.550000190734863,6.579999923706055,6.46999979019165,6.489999771118164,134449885,6.5333333015441895
2025-08-06,6.519999980926514,6.590000152587891,6.5,6.559999942779541,103711193,6.536666711171468
2025-08-07,6.539999961853027,6.559999942779541,6.46999979019165,6.519999980926514,90446941,6.523333231608073
2025-08-08,6.53000020980835,6.579999923706055,6.519999980926514,6.550000190734863,75814382,6.543333371480306
2025-08-11,6.449999809265137,6.550000190734863,6.440000057220459,6.539999961853027,110962986,6.480000019073486
2025-08-12,6.440000057220459,6.489999771118164,6.440000057220459,6.449999809265137,83254624,6.456666628519694
2025-08-13,6.389999866485596,6.460000038146973,6.389999866485596,6.449999809265137,107876178,6.413333257039388
2025-08-14,6.329999923706055,6.420000076293945,6.329999923706055,6.400000095367432,123449437,6.359999974568685
2025-08-15,6.25,6.349999904632568,6.210000038146973,6.340000152587891,155446118,6.269999980926514
2025-08-18,6.239999771118164,6.289999961853027,6.210000038146973,6.239999771118164,114879348,6.246666590372722
2025-08-19,6.239999771118164,6.28000020980835,6.230000019073486,6.25,87251527,6.25
2025-08-20,6.25,6.309999942779541,6.230000019073486,6.25,110292496,6.263333320617676
2025-08-21,6.289999961853027,6.300000190734863,6.230000019073486,6.260000228881836,110375640,6.273333390553792
2025-08-22,6.21999979019165,6.289999961853027,6.179999828338623,6.289999961853027,166140539,6.229999860127767
2025-08-25,6.300000190734863,6.320000171661377,6.199999809265137,6.210000038146973,165975115,6.273333390553792
2025-08-26,6.230000019073486,6.309999942779541,6.230000019073486,6.300000190734863,98982763,6.256666660308838
2025-08-27,6.079999923706055,6.239999771118164,6.079999923706055,6.230000019073486,216034432,6.133333206176758
2025-08-28,6.119999885559082,6.159999847412109,6.079999923706055,6.090000152587891,132330609,6.119999885559082
2025-08-29,6.0,6.21999979019165,5.989999771118164,6.130000114440918,391156425,6.0699998537699384
2025-09-01,6.070000171661377,6.269999980926514,6.050000190734863,6.090000152587891,524927415,6.130000114440918
2025-09-02,6.159999847412109,6.170000076293945,6.050000190734863,6.079999923706055,209654854,6.12666670481364
2025-09-03,6.090000152587891,6.179999828338623,6.070000171661377,6.150000095367432,148955124,6.113333384195964
2025-09-04,6.130000114440918,6.150000095367432,5.980000019073486,6.090000152587891,208569967,6.086666742960612
2025-09-05,6.059999942779541,6.110000133514404,6.03000020980835,6.110000133514404,135063558,6.066666762034099
2025-09-08,5.980000019073486,6.079999923706055,5.96999979019165,6.050000190734863,236187652,6.009999910990397
2025-09-09,6.010000228881836,6.03000020980835,5.980000019073486,5.989999771118164,133193040,6.006666819254558
2025-09-10,6.03000020980835,6.070000171661377,5.980000019073486,6.010000228881836,157577579,6.026666800181071
2025-09-11,6.070000171661377,6.070000171661377,5.989999771118164,6.03000020980835,126902290,6.043333371480306
2025-09-12,5.949999809265137,6.090000152587891,5.940000057220459,6.059999942779541,321485270,5.993333339691162
2025-09-15,5.880000114440918,5.96999979019165,5.829999923706055,5.949999809265137,272909027,5.893333276112874
2025-09-16,5.769999980926514,5.949999809265137,5.760000228881836,5.880000114440918,484846812,5.826666673024495
2025-09-17,5.71999979019165,5.789999961853027,5.710000038146973,5.78000020980835,254836230,5.739999930063884
2025-09-18,5.630000114440918,5.75,5.619999885559082,5.739999771118164,276076817,5.666666666666667
2025-09-19,5.630000114440918,5.670000076293945,5.559999942779541,5.619999885559082,227293535,5.620000044504802
2025-09-22,5.579999923706055,5.650000095367432,5.570000171661377,5.630000114440918,130445000,5.600000063578288
2025-09-23,5.639999866485596,5.679999828338623,5.550000190734863,5.579999923706055,224106833,5.62333329518636
2025-09-24,5.630000114440918,5.699999809265137,5.599999904632568,5.630000114440918,176901155,5.643333276112874
2025-09-25,5.590000152587891,5.630000114440918,5.559999942779541,5.619999885559082,138182346,5.59333340326945
2025-09-26,5.599999904632568,5.619999885559082,5.53000020980835,5.579999923706055,152115142,5.583333333333333
2025-09-29,5.550000190734863,5.610000133514404,5.539999961853027,5.590000152587891,230256769,5.566666762034099
2025-09-30,5.510000228881836,5.550000190734863,5.480000019073486,5.539999961853027,231157991,5.5133334795633955
2025-10-09,5.460000038146973,5.510000228881836,5.449999809265137,5.489999771118164,307225111,5.473333358764648
2025-10-10,5.5,5.570000171661377,5.449999809265137,5.460000038146973,495069735,5.506666660308838
2025-10-13,5.550000190734863,5.570000171661377,5.420000076293945,5.460000038146973,346055525,5.5133334795633955
2025-10-14,5.650000095367432,5.679999828338623,5.5,5.519999980926514,423211327,5.609999974568685
2025-10-15,5.699999809265137,5.699999809265137,5.619999885559082,5.630000114440918,289374531,5.673333168029785
2025-10-16,5.760000228881836,5.769999980926514,5.690000057220459,5.690000057220459,269977653,5.740000089009603
2025-10-17,5.730000019073486,5.800000190734863,5.71999979019165,5.75,244901368,5.75
2025-10-20,5.739999771118164,5.760000228881836,5.630000114440918,5.71999979019165,233815049,5.710000038146973
2025-10-21,5.699999809265137,5.75,5.679999828338623,5.730000019073486,225714648,5.709999879201253
2025-10-22,5.75,5.78000020980835,5.690000057220459,5.690000057220459,243997530,5.740000089009603
2025-10-23,5.809999942779541,5.829999923706055,5.730000019073486,5.75,252102029,5.789999961853027
2025-10-24,5.78000020980835,5.860000133514404,5.769999980926514,5.789999961853027,251505975,5.803333441416423
2025-10-27,5.789999961853027,5.849999904632568,5.710000038146973,5.769999980926514,270326665,5.7833333015441895
2025-10-28,5.760000228881836,5.820000171661377,5.71999979019165,5.800000190734863,205573085,5.766666730244954
2025-10-29,5.650000095367432,5.760000228881836,5.650000095367432,5.75,224084387,5.686666806538899
2025-10-30,5.670000076293945,5.71999979019165,5.650000095367432,5.659999847412109,166842226,5.679999987284343
2025-10-31,5.590000152587891,5.639999866485596,5.579999923706055,5.639999866485596,237781346,5.603333314259847
2025-11-03,5.659999847412109,5.670000076293945,5.579999923706055,5.590000152587891,220696987,5.636666615804036
2025-11-04,5.75,5.769999980926514,5.659999847412109,5.670000076293945,244053320,5.726666609446208
2025-11-05,5.710000038146973,5.769999980926514,5.690000057220459,5.760000228881836,219829009,5.723333358764648
2025-11-06,5.690000057220459,5.71999979019165,5.670000076293945,5.699999809265137,189905168,5.6933333079020185
2025-11-07,5.670000076293945,5.730000019073486,5.659999847412109,5.690000057220459,175543303,5.686666647593181
2025-11-10,5.730000019073486,5.730000019073486,5.659999847412109,5.670000076293945,178739157,5.706666628519694
2025-11-11,5.71999979019165,5.75,5.699999809265137,5.730000019073486,125109890,5.723333199818929
2025-11-12,5.730000019073486,5.769999980926514,5.71999979019165,5.71999979019165,205199948,5.739999930063884
2025-11-13,5.710000038146973,5.75,5.679999828338623,5.730000019073486,180227113,5.713333288828532
2025-11-14,5.730000019073486,5.78000020980835,5.699999809265137,5.710000038146973,252319932,5.736666679382324
2025-11-17,5.710000038146973,5.75,5.679999828338623,5.730000019073486,203737010,5.713333288828532
2025-11-18,5.659999847412109,5.71999979019165,5.650000095367432,5.699999809265137,161633445,5.6766665776570635
2025-11-19,5.739999771118164,5.75,5.659999847412109,5.670000076293945,228108895,5.716666539510091
2025-11-20,5.820000171661377,5.900000095367432,5.739999771118164,5.75,353547275,5.820000012715657
2025-11-21,5.739999771118164,5.900000095367432,5.739999771118164,5.900000095367432,295607757,5.793333212534587
2025-11-24,5.679999828338623,5.78000020980835,5.679999828338623,5.75,228820911,5.713333288828532
2025-11-25,5.78000020980835,5.78000020980835,5.670000076293945,5.699999809265137,251044185,5.743333498636882
2025-11-26,5.730000019073486,5.800000190734863,5.710000038146973,5.78000020980835,173984528,5.7466667493184405
2025-11-27,5.730000019073486,5.760000228881836,5.699999809265137,5.730000019073486,144804609,5.730000019073486
2025-11-28,5.679999828338623,5.730000019073486,5.670000076293945,5.730000019073486,175518552,5.6933333079020185
2025-12-01,5.739999771118164,5.75,5.670000076293945,5.679999828338623,221838587,5.71999994913737
2025-12-02,5.730000019073486,5.760000228881836,5.699999809265137,5.730000019073486,124778240,5.730000019073486
2025-12-03,5.690000057220459,5.75,5.679999828338623,5.71999979019165,185821464,5.706666628519694
2025-12-04,5.639999866485596,5.699999809265137,5.630000114440918,5.699999809265137,207235551,5.65666659673055
2025-12-05,5.590000152587891,5.650000095367432,5.559999942779541,5.630000114440918,203283728,5.600000063578288
2025-12-08,5.630000114440918,5.650000095367432,5.570000171661377,5.590000152587891,148866961,5.616666793823242
2025-12-09,5.579999923706055,5.630000114440918,5.559999942779541,5.630000114440918,131034604,5.589999993642171
2025-12-10,5.53000020980835,5.590000152587891,5.510000228881836,5.579999923706055,119308350,5.543333530426025
2025-12-11,5.53000020980835,5.559999942779541,5.519999980926514,5.53000020980835,98895373,5.536666711171468
2025-12-12,5.519999980926514,5.539999961853027,5.5,5.53000020980835,122047286,5.519999980926514
2025-12-15,5.539999961853027,5.570000171661377,5.510000228881836,5.519999980926514,106771785,5.540000120798747
2025-12-16,5.510000228881836,5.559999942779541,5.5,5.539999961853027,128400352,5.523333390553792
2025-12-17,5.510000228881836,5.53000020980835,5.46999979019165,5.5,143845567,5.503333409627278
2025-12-18,5.559999942779541,5.570000171661377,5.480000019073486,5.5,182228710,5.536666711171468
2025-12-19,5.550000190734863,5.570000171661377,5.53000020980835,5.550000190734863,157234932,5.550000190734863
2025-12-22,5.510000228881836,5.550000190734863,5.5,5.539999961853027,112002448,5.520000139872233
2025-12-23,5.510000228881836,5.539999961853027,5.5,5.510000228881836,95403921,5.516666730244954
2025-12-24,5.5,5.519999980926514,5.480000019073486,5.510000228881836,100313856,5.5
2025-12-25,5.510000228881836,5.539999961853027,5.5,5.5,90136172,5.516666730244954
2025-12-26,5.489999771118164,5.53000020980835,5.489999771118164,5.519999980926514,74976578,5.5033332506815595
2025-12-29,5.519999980926514,5.519999980926514,5.489999771118164,5.5,89648704,5.509999910990397
2025-12-30,5.480000019073486,5.510000228881836,5.480000019073486,5.510000228881836,121955248,5.490000089009603
2025-12-31,5.480000019073486,5.5,5.480000019073486,5.480000019073486,67974169,5.486666679382324
2026-01-05,5.519999980926514,5.53000020980835,5.480000019073486,5.489999771118164,142882251,5.510000069936116
2026-01-06,5.590000152587891,5.590000152587891,5.519999980926514,5.53000020980835,172967475,5.566666762034099
2026-01-07,5.550000190734863,5.599999904632568,5.550000190734863,5.579999923706055,109477770,5.566666762034099
2026-01-08,5.53000020980835,5.570000171661377,5.519999980926514,5.550000190734863,86832353,5.540000120798747
2026-01-09,5.510000228881836,5.539999961853027,5.5,5.53000020980835,101237080,5.516666730244954
2026-01-12,5.519999980926514,5.53000020980835,5.5,5.5,108333547,5.516666730244954
2026-01-13,5.53000020980835,5.570000171661377,5.519999980926514,5.519999980926514,125573946,5.540000120798747
2026-01-14,5.380000114440918,5.539999961853027,5.360000133514404,5.53000020980835,460892179,5.426666736602783
2026-01-15,5.329999923706055,5.400000095367432,5.320000171661377,5.380000114440918,217991024,5.350000063578288
2026-01-16,5.239999771118164,5.349999904632568,5.230000019073486,5.340000152587891,256099362,5.273333231608073
2026-01-19,5.21999979019165,5.25,5.210000038146973,5.239999771118164,126437499,5.226666609446208
2026-01-20,5.320000171661377,5.329999923706055,5.21999979019165,5.21999979019165,189082612,5.289999961853027
2026-01-21,5.260000228881836,5.340000152587891,5.25,5.320000171661377,162522510,5.283333460489909
2026-01-22,5.300000190734863,5.340000152587891,5.25,5.260000228881836,138073942,5.296666781107585
2026-01-23,5.260000228881836,5.320000171661377,5.25,5.300000190734863,154086968,5.276666800181071
2026-01-26,5.269999980926514,5.309999942779541,5.239999771118164,5.260000228881836,164196804,5.273333231608073
2026-01-27,5.239999771118164,5.300000190734863,5.239999771118164,5.269999980926514,158904493,5.259999910990397
2026-01-28,5.269999980926514,5.340000152587891,5.239999771118164,5.25,253818600,5.2833333015441895
2026-01-29,5.360000133514404,5.360000133514404,5.25,5.28000020980835,226457046,5.3233334223429365
2026-01-30,5.300000190734863,5.389999866485596,5.300000190734863,5.349999904632568,174906645,5.330000082651774
2026-02-02,5.349999904632568,5.420000076293945,5.300000190734863,5.309999942779541,242690607,5.356666723887126
2026-02-03,5.28000020980835,5.369999885559082,5.260000228881836,5.369999885559082,196280988,5.303333441416423
2026-02-04,5.340000152587891,5.349999904632568,5.28000020980835,5.289999961853027,148677139,5.3233334223429365
2026-02-05,5.400000095367432,5.420000076293945,5.329999923706055,5.340000152587891,199038694,5.3833333651224775
2026-02-06,5.400000095367432,5.420000076293945,5.360000133514404,5.409999847412109,141420938,5.393333435058594
2026-02-09,5.429999828338623,5.440000057220459,5.369999885559082,5.400000095367432,108227863,5.413333257039388
2026-02-10,5.449999809265137,5.460000038146973,5.409999847412109,5.429999828338623,103594185,5.439999898274739
2026-02-11,5.46999979019165,5.480000019073486,5.429999828338623,5.460000038146973,89090546,5.459999879201253
2026-02-12,5.409999847412109,5.480000019073486,5.400000095367432,5.480000019073486,122213738,5.429999987284343
2026-02-13,5.409999847412109,5.46999979019165,5.409999847412109,5.420000076293945,112065988,5.429999828338623
2026-02-24,5.389999866485596,5.449999809265137,5.389999866485596,5.429999828338623,98135358,5.409999847412109
2026-02-25,5.360000133514404,5.429999828338623,5.349999904632568,5.400000095367432,137374079,5.379999955495198
2026-02-26,5.369999885559082,5.409999847412109,5.349999904632568,5.360000133514404,90963286,5.37666654586792
2026-02-27,5.389999866485596,5.420000076293945,5.369999885559082,5.369999885559082,93564684,5.393333276112874
2026-03-02,5.429999828338623,5.460000038146973,5.360000133514404,5.369999885559082,164961187,5.416666666666667
2026-03-03,5.409999847412109,5.46999979019165,5.400000095367432,5.420000076293945,173750735,5.4266665776570635
2026-03-04,5.349999904632568,5.420000076293945,5.320000171661377,5.409999847412109,187279461,5.363333384195964
2026-03-05,5.400000095367432,5.409999847412109,5.340000152587891,5.360000133514404,119801279,5.3833333651224775
2026-03-06,5.409999847412109,5.420000076293945,5.369999885559082,5.389999866485596,92270002,5.399999936421712
2026-03-09,5.380000114440918,5.420000076293945,5.369999885559082,5.389999866485596,135715345,5.390000025431315
2026-03-10,5.389999866485596,5.400000095367432,5.360000133514404,5.380000114440918,94154104,5.3833333651224775
2026-03-11,5.440000057220459,5.440000057220459,5.369999885559082,5.389999866485596,124525581,5.416666666666667
2026-03-12,5.480000019073486,5.489999771118164,5.420000076293945,5.429999828338623,157352542,5.463333288828532
2026-03-13,5.489999771118164,5.539999961853027,5.460000038146973,5.46999979019165,175467500,5.496666590372722
2026-03-16,5.489999771118164,5.519999980926514,5.46999979019165,5.489999771118164,130175568,5.493333180745442
2026-03-17,5.519999980926514,5.550000190734863,5.480000019073486,5.489999771118164,135109496,5.516666730244954
2026-03-18,5.5,5.53000020980835,5.46999979019165,5.53000020980835,141992479,5.5
2026-03-19,5.460000038146973,5.519999980926514,5.449999809265137,5.480000019073486,116749456,5.476666609446208
2026-03-20,5.420000076293945,5.489999771118164,5.420000076293945,5.460000038146973,125528442,5.4433333079020185
2026-03-23,5.260000228881836,5.409999847412109,5.25,5.400000095367432,253950611,5.3066666920979815
2026-03-24,5.400000095367432,5.400000095367432,5.289999961853027,5.289999961853027,188335653,5.363333384195964
2026-03-25,5.480000019073486,5.480000019073486,5.369999885559082,5.400000095367432,137874781,5.4433333079020185
2026-03-26,5.46999979019165,5.5,5.449999809265137,5.46999979019165,109838176,5.473333199818929
2026-03-27,5.440000057220459,5.480000019073486,5.420000076293945,5.449999809265137,93509614,5.446666717529297
2026-03-30,5.46999979019165,5.46999979019165,5.409999847412109,5.420000076293945,82899764,5.449999809265137
2026-03-31,5.510000228881836,5.539999961853027,5.460000038146973,5.46999979019165,185826450,5.503333409627278
2026-04-01,5.489999771118164,5.53000020980835,5.46999979019165,5.519999980926514,124026454,5.496666590372722
2026-04-02,5.5,5.53000020980835,5.480000019073486,5.489999771118164,98869065,5.503333409627278
2026-04-03,5.440000057220459,5.510000228881836,5.429999828338623,5.510000228881836,95225911,5.460000038146973
2026-04-07,5.389999866485596,5.440000057220459,5.380000114440918,5.429999828338623,95005653,5.403333346048991
2026-04-08,5.460000038146973,5.46999979019165,5.389999866485596,5.420000076293945,98214030,5.439999898274739
2026-04-09,5.400000095367432,5.449999809265137,5.400000095367432,5.449999809265137,65766588,5.416666666666667
2026-04-10,5.389999866485596,5.429999828338623,5.389999866485596,5.409999847412109,65635368,5.4033331871032715
2026-04-13,5.389999866485596,5.400000095367432,5.369999885559082,5.389999866485596,62957627,5.386666615804036
2026-04-14,5.429999828338623,5.449999809265137,5.389999866485596,5.389999866485596,97622467,5.423333168029785
2026-04-15,5.46999979019165,5.480000019073486,5.429999828338623,5.440000057220459,79967202,5.459999879201253
2026-04-16,5.429999828338623,5.480000019073486,5.420000076293945,5.46999979019165,77856883,5.4433333079020185
2026-04-17,5.420000076293945,5.440000057220459,5.409999847412109,5.429999828338623,67650634,5.423333326975505
2026-04-20,5.440000057220459,5.449999809265137,5.400000095367432,5.420000076293945,66676726,5.429999987284343
2026-04-21,5.460000038146973,5.480000019073486,5.429999828338623,5.429999828338623,93319383,5.456666628519694
2026-04-22,5.429999828338623,5.460000038146973,5.429999828338623,5.460000038146973,61600859,5.439999898274739
2026-04-23,5.480000019073486,5.510000228881836,5.429999828338623,5.440000057220459,184189364,5.473333358764648
2026-04-24,5.460000038146973,5.489999771118164,5.440000057220459,5.46999979019165,122107051,5.463333288828532
2026-04-27,5.5,5.519999980926514,5.460000038146973,5.460000038146973,136552139,5.493333339691162
2026-04-28,5.300000190734863,5.349999904632568,5.260000228881836,5.340000152587891,438860002,5.303333441416423
2026-04-29,5.300000190734863,5.329999923706055,5.269999980926514,5.28000020980835,171727138,5.300000031789144
2026-04-30,5.300000190734863,5.320000171661377,5.289999961853027,5.309999942779541,122887594,5.303333441416423
2026-05-06,5.28000020980835,5.309999942779541,5.28000020980835,5.309999942779541,141798494,5.290000120798747
2026-05-07,5.269999980926514,5.300000190734863,5.269999980926514,5.289999961853027,101774005,5.28000005086263
2026-05-08,5.269999980926514,5.289999961853027,5.260000228881836,5.269999980926514,88111386,5.273333390553792
2026-05-11,5.260000228881836,5.28000020980835,5.239999771118164,5.269999980926514,136323414,5.260000069936116
2026-05-12,5.260000228881836,5.28000020980835,5.25,5.260000228881836,92256159,5.2633334795633955
2026-05-13,5.25,5.269999980926514,5.239999771118164,5.260000228881836,75089771,5.2533332506815595
2026-05-14,5.25,5.269999980926514,5.239999771118164,5.25,85933388,5.2533332506815595
2026-05-15,5.230000019073486,5.25,5.21999979019165,5.25,98150508,5.233333269755046
2026-05-18,5.170000076293945,5.230000019073486,5.170000076293945,5.230000019073486,101654257,5.190000057220459
2026-05-19,5.159999847412109,5.199999809265137,5.150000095367432,5.170000076293945,85575193,5.169999917348226
2026-05-20,5.139999866485596,5.179999828338623,5.130000114440918,5.159999847412109,81474844,5.149999936421712
2026-05-21,5.119999885559082,5.159999847412109,5.119999885559082,5.150000095367432,75066063,5.133333206176758
2026-05-22,5.099999904632568,5.130000114440918,5.090000152587891,5.119999885559082,80451219,5.106666723887126
2026-05-25,5.090000152587891,5.130000114440918,5.079999923706055,5.099999904632568,86372960,5.100000063578288
2026-05-26,5.090000152587891,5.119999885559082,5.079999923706055,5.099999904632568,89288778,5.096666653951009
2026-05-27,5.059999942779541,5.099999904632568,5.050000190734863,5.090000152587891,100383231,5.070000012715657
2026-05-28,5.010000228881836,5.070000171661377,5.0,5.059999942779541,103411071,5.026666800181071
2026-05-29,5.090000152587891,5.110000133514404,4.980000019073486,5.010000228881836,158751838,5.060000101725261
2026-06-01,5.170000076293945,5.179999828338623,5.079999923706055,5.090000152587891,126704143,5.143333276112874
2026-06-02,5.159999847412109,5.199999809265137,5.139999866485596,5.159999847412109,104533654,5.166666507720947
2026-06-03,5.130000114440918,5.159999847412109,5.090000152587891,5.150000095367432,100470955,5.12666670481364
2026-06-04,5.070000171661377,5.139999866485596,5.059999942779541,5.119999885559082,92847065,5.089999993642171
2026-06-05,5.139999866485596,5.150000095367432,5.070000171661377,5.079999923706055,96882678,5.120000044504802
2026-06-08,5.119999885559082,5.150000095367432,5.099999904632568,5.130000114440918,106845254,5.12333329518636
2026-06-09,5.139999866485596,5.159999847412109,5.099999904632568,5.110000133514404,104715479,5.133333206176758
2026-06-10,5.199999809265137,5.210000038146973,5.130000114440918,5.139999866485596,134851999,5.179999987284343
2026-06-11,5.190000057220459,5.210000038146973,5.159999847412109,5.199999809265137,99259910,5.186666647593181
2026-06-12,5.269999980926514,5.269999980926514,5.159999847412109,5.179999828338623,160808054,5.233333269755046
2026-06-15,5.230000019073486,5.269999980926514,5.210000038146973,5.269999980926514,145200765,5.236666679382324
2026-06-16,5.179999828338623,5.230000019073486,5.170000076293945,5.21999979019165,113055975,5.1933333079020185
2026-06-17,5.139999866485596,5.210000038146973,5.119999885559082,5.179999828338623,117277945,5.15666659673055
2026-06-18,5.010000228881836,5.139999866485596,5.0,5.139999866485596,189703393,5.050000031789144
2026-06-22,5.070000171661377,5.079999923706055,4.980000019073486,5.010000228881836,136521554,5.043333371480306
2026-06-23,5.099999904632568,5.150000095367432,5.059999942779541,5.070000171661377,150726206,5.103333314259847
2026-06-24,5.0,5.099999904632568,5.0,5.099999904632568,145304061,5.0333333015441895
2026-06-25,4.989999771118164,5.019999980926514,4.980000019073486,5.0,109290358,4.996666590372722
