date,close,high,low,open,volume,vwap
2019-12-10,4.119903564453125,4.149278962223933,4.061152768911507,4.112559539919241,1619472912,4.110111765196188
2019-12-11,4.134591579437256,4.141935254350217,4.075840779404008,4.097872154325281,463386264,4.117455871063827
2019-12-12,4.112559795379639,4.1199038203697125,4.083184395784114,4.112559795379639,224711848,4.105216003844489
2019-12-13,4.105216026306152,4.119903725766649,4.097872001484715,4.119903725766649,157036724,4.107663917852506
2019-12-16,4.097871780395508,4.105215804820719,4.0831840817274445,4.105215804820719,143874990,4.095423888981224
2019-12-17,4.296156406402588,4.509128237903779,4.083184574901397,4.097872275343465,456119850,4.296156406402588
2019-12-18,4.200686454772949,4.288813013405015,4.193342779160024,4.244749909180194,220064205,4.227614082445996
2019-12-19,4.215373516082764,4.281468337474803,4.185998117726828,4.208029841584965,141028076,4.227613323761465
2019-12-20,4.222717761993408,4.288812586848191,4.2006860369810175,4.222717761993408,176243052,4.237405461940873
2019-12-23,4.274125099182129,4.318188201212987,4.215373946291911,4.23006199715127,170998638,4.2692290822290095
2019-12-24,4.259437084197998,4.281468458496511,4.215373635236209,4.281468458496511,131189734,4.25209305931024
2019-12-25,4.178654670715332,4.259437195683146,4.171310645635353,4.244749495705579,156835820,4.203134170677944
2019-12-26,4.178654670715332,4.178654670715332,4.13459157078263,4.171310645635353,118575693,4.163966970737765
2019-12-27,4.215373516082764,4.230061565443102,4.163966744051063,4.1713104185488605,130905932,4.203133941858976
2019-12-30,4.266780853271484,4.340219352861398,4.156622928795419,4.19334235368157,178952754,4.254541044976101
2019-12-31,4.303499698638916,4.318187396579021,4.252092580757377,4.2594366048186005,122443080,4.291259891991771
2020-01-02,4.354907035827637,4.421001860292476,4.332875661127615,4.332875661127615,151823798,4.369594852415909
2020-01-03,4.391626358032227,4.413658082400223,4.29615613607487,4.354906934146357,136428136,4.367146858835773
2020-01-06,4.340219497680664,4.384282598904858,4.310844096864535,4.362251223383961,88407694,4.345115397816685
2020-01-07,4.34756326675415,4.362250966296602,4.318187867669248,4.3255315423492835,53421082,4.342667366906666
2020-01-08,4.296156406402588,4.296156406402588,4.296156406402588,4.296156406402588,92108345,4.296156406402588
2020-01-09,4.3108439445495605,4.318187969585307,4.25943717002889,4.296156244660456,61659192,4.2961563613879195
2020-01-10,4.3328752517700195,4.347562950243178,4.274124457877385,4.296155830495946,69474844,4.318187553296862
2020-01-13,4.252093315124512,4.252093315124512,4.252093315124512,4.252093315124512,173463656,4.252093315124512
2020-01-14,4.2300615310668945,4.2300615310668945,4.2300615310668945,4.2300615310668945,107426682,4.2300615310668945
2020-01-15,4.185998439788818,4.230061890895242,4.185998439788818,4.222717865650039,66690964,4.2006862568242935
2020-01-16,4.1419358253479,4.20803065958818,4.1419358253479,4.200686633480398,81947017,4.163967436761326
2020-01-17,4.163966655731201,4.193342053464069,4.156622631206802,4.156622631206802,57003597,4.171310446800691
2020-01-20,4.200686454772949,4.208030480568298,4.171311051956401,4.171311051956401,51514468,4.193342662432549
2020-01-21,4.156623363494873,4.208030493675162,4.156623363494873,4.193342792221141,43568345,4.17375907355497
2020-01-22,4.193342208862305,4.20802990827304,4.112559687012071,4.149279110630098,67394500,4.171310601382472
2020-01-23,4.163966655731201,4.178654354597635,4.090528161399031,4.171310330073236,64874834,4.144383057242622
2020-02-03,4.039121150970459,4.083184248777343,3.8261493364793333,3.9509949553566908,176961451,3.9828182454090446
2020-02-04,4.0684967041015625,4.075840729106285,3.980370505139209,3.980370505139209,96911067,4.041569312782352
2020-02-05,4.039121150970459,4.068496549508382,4.009745752432536,4.046465175696126,85526603,4.039121150970459
2020-02-06,4.053808689117432,4.053808689117432,4.017089267313286,4.046465014866018,75845643,4.041568881849383
2020-02-07,4.039121150970459,4.039121150970459,4.002401727706869,4.039121150970459,84106442,4.026881343215929
2020-02-10,4.0464653968811035,4.0464653968811035,3.9950582715385736,4.0170896465550925,86279516,4.029329688433593
2020-02-11,4.0464653968811035,4.061153096952913,4.0170896465550925,4.031777346626902,45118758,4.041569380129704
2020-02-12,4.039121150970459,4.039121150970459,4.009745752432536,4.0317771262447915,34954140,4.029329351457818
2020-02-13,4.039121150970459,4.039121150970459,4.009745752432536,4.039121150970459,47636304,4.029329351457818
2020-02-14,4.039121150970459,4.039121150970459,4.01708942697583,4.024433451701498,32497450,4.031777242972249
2020-02-17,4.083184719085693,4.083184719085693,4.024433915242828,4.03177759063198,72127754,4.063601117804738
2020-02-18,4.053808689117432,4.068496387802618,4.031776965998472,4.068496387802618,59786603,4.051360680972841
2020-02-19,4.039121150970459,4.05380885023942,4.0317771262447915,4.039121150970459,38443822,4.04156904248489
2020-02-20,4.083184719085693,4.09787242004641,4.024433915242828,4.039121616203544,92325644,4.068497018124977
2020-02-21,4.053808689117432,4.083184086487805,4.046465014866018,4.061152713551205,67659740,4.061152596823752
2020-02-24,4.039121150970459,4.05380885023942,4.0317771262447915,4.039121150970459,54982652,4.04156904248489
2020-02-25,4.039121150970459,4.039121150970459,4.009745752432536,4.024433451701498,81734852,4.029329351457818
2020-02-26,4.053808689117432,4.090528110921578,4.024433291747059,4.024433291747059,72411642,4.056256697262023
2020-02-27,4.053808689117432,4.075840412236391,4.031776965998472,4.046465014866018,53460459,4.053808689117432
2020-02-28,4.039121150970459,4.05380885023942,4.01708942697583,4.0317771262447915,60596071,4.03667314272857
2020-03-02,4.061152935028076,4.061152935028076,4.02443351122142,4.031777185873324,63661948,4.048913127092525
2020-03-03,4.053808689117432,4.083184086487805,4.039120990432245,4.061152713551205,62227280,4.05870458867916
2020-03-04,4.039121150970459,4.046465175696126,4.024433451701498,4.039121150970459,44454221,4.036673259456028
2020-03-05,4.127247333526611,4.185998130416583,4.039121138191653,4.039121138191653,160000595,4.117455534044949
2020-03-06,4.0464653968811035,4.083184471969433,4.039121371754003,4.083184471969433,68697890,4.0562570802015125
2020-03-09,4.031777381896973,4.039121407088319,4.017089681696675,4.024433706888021,66929367,4.0293294902273225
2020-03-10,4.039121150970459,4.039121150970459,3.9803703538946134,4.009745752432536,55281095,4.019537551945177
2020-03-11,4.0464653968811035,4.0464653968811035,4.0170896465550925,4.031777346626902,40526422,4.036673480105766
2020-03-12,4.0464653968811035,4.068496771897623,4.024433671682193,4.039121371754003,39689935,4.046465280153639
2020-03-13,4.075840473175049,4.075840473175049,3.943650832849619,4.00240162846876,98940727,4.031777259733238
2020-03-16,3.995058059692383,4.05380885686424,3.987714034954714,4.05380885686424,66094422,4.012193650503779
2020-03-17,3.943650960922241,4.009745783231428,3.9289632615404635,3.980370384467873,43085720,3.9607866685647104
2020-03-18,3.892244338989258,3.9656828387436533,3.8922443389892574,3.950995138792774,30672237,3.9167238389073895
2020-03-19,3.840837240219116,3.8775566654375013,3.7967741400664887,3.8628689653866255,40825651,3.8383893485743688
2020-03-20,3.8628695011138916,3.862869501113891,3.8261500708030227,3.840837772890882,23225842,3.8506296910102686
2020-03-23,3.7306790351867676,3.80411752993801,3.7306790351867676,3.78208615660382,30755312,3.7551585334371818
2020-03-24,3.774742603302002,3.789430304085963,3.708648124865383,3.767398928001226,33714143,3.7576070107511157
2020-03-25,3.79677414894104,3.862868974415666,3.7673987487706264,3.826149549111453,56404876,3.8090139573757775
2020-03-26,3.877556085586548,3.928962852986033,3.7820858744413055,3.7967735722957783,64845855,3.862868271004629
2020-03-27,3.892244338989258,3.9289634137752607,3.848180888954231,3.8922443389892574,40941872,3.8897962139062496
2020-03-30,3.8628695011138916,3.870213177066601,3.804118342580013,3.8555254749787418,29334189,3.8457336735868353
2020-03-31,3.8702125549316406,3.8849002546584592,3.8334931305234035,3.8628688801594238,15823551,3.862868646704501
2020-04-01,3.8628695011138916,3.870213177066601,3.833493746755732,3.862869501113891,14910314,3.8555254749787413
2020-04-02,3.8702125549316406,3.870212554931641,3.826149455751186,3.8408371554780043,19979418,3.855524855204823
2020-04-03,3.8628695011138916,3.870213177066601,3.840837772890882,3.8555254749787418,11272065,3.8579734836904582
2020-04-07,3.8849008083343506,3.8922448343356217,3.8702131065142416,3.8849008083343506,19474050,3.882452916394738
2020-04-08,3.8702125549316406,3.8849002546584592,3.8555248552048225,3.877556579886242,12121542,3.8702125549316406
2020-04-09,3.8628695011138916,3.8849008791544604,3.833493746755732,3.877557203201751,20937071,3.860421375674695
2020-04-10,3.8481805324554443,3.862868581227999,3.8408368582515235,3.862868581227999,14799846,3.8506286573116557
2020-04-13,3.8481805324554443,3.8555245568417216,3.8188051352750483,3.8408368582515235,18045077,3.8408367415240714
2020-04-14,3.8628695011138916,3.862869501113891,3.833493746755732,3.840837772890882,15074546,3.853077582994505
2020-04-15,3.8555243015289307,3.877556023046466,3.840836603911352,3.877556023046466,11363683,3.857972309495583
2020-04-16,3.8481805324554443,3.8555245568417216,3.8188051352750483,3.8481805324554443,26907935,3.8408367415240714
2020-04-17,3.8628695011138916,3.862869501113891,3.8261500708030227,3.848181448843592,29661326,3.8506296910102686
2020-04-20,3.840837240219116,3.8555249402699916,3.8261495401682404,3.8555249402699916,16013588,3.840837240219116
2020-04-21,3.8114616870880127,3.8408370860103487,3.8041176622662403,3.8188053617274083,12924296,3.8188054784548675
2020-04-22,3.7820863723754883,3.8041177469665897,3.7747423473901978,3.8041177469665897,18207989,3.7869821555774252
2020-04-23,3.7453668117523193,3.789429909516185,3.7453668117523193,3.789429909516185,17854457,3.7600545110069414
2020-04-24,3.715991973876953,3.7453673768180815,3.708648298232884,3.7453673768180815,22364386,3.7233358829759724
2020-04-27,3.7233352661132812,3.7673983618434415,3.715991241733743,3.7233352661132812,29051636,3.735574956563488
2020-04-28,3.6866164207458496,3.723335848017551,3.6278656172570574,3.715991822490246,27169484,3.679272628673486
2020-04-29,3.7673983573913574,3.7673983573913574,3.686615840223683,3.686615840223683,37886300,3.7404708516687992
2020-04-30,3.83349347114563,3.840837496752779,3.774742667018098,3.782086692625247,40750390,3.8163578783055025
2020-05-06,3.7894299030303955,3.7967739277363233,3.7527108300478735,3.789429903030396,46024693,3.7796382202715306
2020-05-07,3.7820863723754883,3.7820863723754883,3.760054647602002,3.7747423473901978,22213204,3.7747424641176597
2020-05-08,3.79677414894104,3.804117823892447,3.7747424237220337,3.7747424237220337,20602461,3.7918781321851736
2020-05-11,3.8041181564331055,3.8114621822088903,3.782086779470598,3.796774480839744,22600855,3.799222372704198
2020-05-12,3.7894299030303955,3.8334930007188452,3.78208622850684,3.804117602259879,20128500,3.801669710752027
2020-05-13,3.7820863723754883,3.7894300471783935,3.752710972799097,3.7820863723754883,28773969,3.7747424641176597
2020-05-14,3.7453668117523193,3.7747422102615635,3.7159914132430756,3.7747422102615635,39790161,3.7453668117523193
2020-05-15,3.7306790351867676,3.7380230597530746,3.7013036372862707,3.7306790351867676,32817453,3.7233352440753706
2020-05-18,3.7233352661132812,3.7306789403104634,3.6939598689598414,3.7306789403104634,28567615,3.7159913584611957
2020-05-19,3.7453668117523193,3.7453668117523193,3.7159914132430756,3.723335437961573,19166739,3.7355750122492384
2020-05-20,3.7453668117523193,3.7527108364708166,3.723335437961573,3.738023137216195,14492528,3.7404710287282366
2020-05-21,3.752711057662964,3.752711057662964,3.7233356574222762,3.73802335754262,19383968,3.7429192575827344
2020-05-22,3.7306790351867676,3.7453667341370163,3.7086476618525777,3.7453667341370163,19981645,3.728231143725454
2020-05-25,3.738023519515991,3.7380235195159908,3.7013040925328347,3.7233358187592103,20654426,3.7257837105216054
2020-05-26,3.738023519515991,3.7527112202727717,3.7233358187592103,3.7380235195159908,18572282,3.738023519515991
2020-05-27,3.7306790351867676,3.7380230597530746,3.7013036372862707,3.7380230597530746,23841008,3.7233352440753706
2020-05-28,3.7453668117523193,3.7527108364708166,3.708647738706951,3.7306791124976977,38624237,3.7355751289766954
2020-05-29,3.7306790351867676,3.7380230597530746,3.7013036372862707,3.7233353608028263,36008582,3.7233352440753706
2020-06-01,3.7453668117523193,3.7527108364708166,3.7306791124976977,3.738023137216195,50729922,3.742918920240278
2020-06-02,3.7453668117523193,3.7453668117523193,3.723335437961573,3.738023137216195,34983074,3.7380230204887375
2020-06-03,3.774742603302002,3.782086628785187,3.7453672017340804,3.7453672017340804,45786621,3.767398811273756
2020-06-04,3.774742603302002,3.789430304085963,3.7453672017340804,3.782086628785187,35675986,3.7698467030406815
2020-06-05,3.7820863723754883,3.7820863723754883,3.752710972799097,3.760054647602002,20551668,3.772294572516691
2020-06-08,3.83349347114563,3.83349347114563,3.774742667018098,3.782086692625247,51271285,3.8139098697697857
2020-06-09,3.83349347114563,3.870212898816545,3.8114620946890128,3.83349347114563,40739747,3.8383894882170626
2020-06-10,3.7112138271331787,3.7418217476347775,3.6040861053775832,3.7341699499469745,412024653,3.6857072267151794
2020-06-11,3.6423466205596924,3.6882585067589444,3.627042293618038,3.6499984191552826,166235385,3.652549140312225
2020-06-12,3.5964343547821045,3.6346944422293497,3.5964343547821045,3.619390480225499,174041537,3.6091877172645197
2020-06-15,3.565826654434204,3.596434580361731,3.5428708924261882,3.596434580361731,116282008,3.568377375740708
2020-06-16,3.5811307430267334,3.5811307430267334,3.5581749802134124,3.57347894371405,66496298,3.5734788220889597
2020-06-17,3.550522804260254,3.573478931872778,3.519914877360402,3.56582676771018,71443647,3.5479722044978117
2020-06-18,3.5352187156677246,3.542870879559445,3.504610789851357,3.5352187156677246,84095589,3.5275667950261753
2020-06-19,3.5352187156677246,3.5352187156677246,3.504610789851357,3.5275669166512613,89210045,3.5250160737289353
2020-06-22,3.527566909790039,3.5428708726684564,3.5046107830347855,3.527566909790039,87084732,3.5250161884977604
2020-06-23,3.489306926727295,3.519914853418961,3.4816551274920124,3.5122630541836783,74522088,3.496958969212756
2020-06-24,3.504610538482666,3.5199145002931704,3.481654778204524,3.489306576672161,64497470,3.5020599389934532
2020-06-29,3.481654405593872,3.5352180837605767,3.4740022430699473,3.5199141235879194,68241650,3.4969582441414655
2020-06-30,3.4969592094421387,3.4969592094421387,3.4663512817123623,3.4893070450720547,61311401,3.4867565668655467
2020-07-01,3.5199146270751953,3.5275667906936827,3.4740027399900044,3.4816549036084914,74707769,3.5071613859196273
2020-07-02,3.573478937149048,3.573478937149048,3.504610919085062,3.504610919085062,161922457,3.5505229311277193
2020-07-03,3.649998426437378,3.665302388534328,3.565826452466533,3.573478615952627,178948019,3.6270424224794127
2020-07-06,4.017293930053711,4.017293930053711,3.6882585585663037,3.6882585585663037,353926904,3.907615472891242
2020-07-07,3.9713821411132812,4.208593744760189,3.9178180893703343,4.200941580993232,355993381,4.032597991747935
2020-07-08,3.9713821411132812,4.024946192856229,3.9025141267116705,3.9178180893703343,226411234,3.9662808202270603
2020-07-09,3.9407742023468018,3.986686090166103,3.9178180759995263,3.9637299638188277,162173382,3.948426122837477
2020-07-10,3.749474287033081,3.9178178667109935,3.73417032524418,3.9178178667109935,217479104,3.800487492996085
2020-07-13,3.780082941055298,3.795386905801461,3.7035631173244825,3.7188670820706453,162141617,3.75967765472708
2020-07-14,3.7341701984405518,3.7800820822481955,3.7035622759021223,3.7494741597097665,115348961,3.739271518863623
2020-07-15,3.6806066036224365,3.7494746202300617,3.665302640473549,3.7418224562179865,112736990,3.6984612881086822
2020-07-16,3.649998426437378,3.734170400408223,3.6423466278265217,3.688258514117372,130615857,3.675505151557374
2020-07-17,3.6117382049560547,3.6653022527486527,3.581130281896063,3.6576504544212667,107774429,3.6193902465335897
2020-07-20,3.6806066036224365,3.6882587676345118,3.604086787877999,3.6193907510268866,94355381,3.6576507197116492
2020-07-21,3.649998426437378,3.6959103127282282,3.6346944643404275,3.6959103127282282,71695905,3.6602010678353447
2020-07-22,3.6653025150299072,3.70356260403032,3.6270424260294947,3.657650716154975,93067116,3.6653025150299072
2020-07-23,3.604086399078369,3.6499982835721747,3.5581745145845636,3.63469432207424,99144523,3.604086399078369
2020-07-24,3.5352187156677246,3.6193906941003626,3.519914752759541,3.596434567300459,107116513,3.5581747208425427
2020-07-27,3.5122628211975098,3.5505225445864967,3.4969588588668663,3.5352185822558533,61245696,3.519914741550291
2020-07-28,3.527566909790039,3.5505226716700364,3.512262946911622,3.5199147459132027,54763854,3.5301175094572326
2020-07-29,3.565826654434204,3.565826654434204,3.5046108025791503,3.5199147655429135,60365084,3.54542137048252
2020-07-30,3.5428709983825684,3.573478925225484,3.5352188342342044,3.558174961804026,41734841,3.550522919280752
2020-07-31,3.550522804260254,3.56582676771018,3.535218840810328,3.542871004972926,48282465,3.550522804260254
2020-08-03,3.5811307430267334,3.5811307430267334,3.5505228160254574,3.5581749802134124,65382307,3.5709281006929747
2020-08-04,3.6346945762634277,3.6423467399851543,3.5581747634224055,3.5811305248370875,100684873,3.6117386932236624
2020-08-05,3.573478937149048,3.6117386633927184,3.5658267729751514,3.6117386633927184,68822399,3.5836814578389724
2020-08-06,3.565826654434204,3.596434580361731,3.5428708924261882,3.5811306173979673,62465634,3.568377375740708
2020-08-07,3.5428709983825684,3.573478925225484,3.5275670349611103,3.558174961804026,53988610,3.5479723195230544
2020-08-10,3.565826654434204,3.5734788183537147,3.5275669294624246,3.5428708924261882,43666085,3.555624134083448
2020-08-11,3.5581750869750977,3.611738778396853,3.5505229225575428,3.5581750869750977,69031105,3.573478929309831
2020-08-12,3.5428709983825684,3.558174961804026,3.5122630715396523,3.5428709983825684,72981687,3.537769677242082
2020-08-13,3.550522804260254,3.573478931872778,3.542871004972926,3.56582676771018,54112631,3.5556242470353197
2020-08-14,3.588782548904419,3.588782548904419,3.542870662986427,3.558174624959091,56802534,3.573478586931755
2020-08-17,3.695910692214966,3.734170783823409,3.588782946536709,3.5964347459332324,216070917,3.6729548075250285
2020-08-18,3.657650947570801,3.695910674116617,3.6346948197430926,3.6729549111641817,99648275,3.6627521471435034
2020-08-19,3.649998426437378,3.688258514117372,3.6270423008543338,3.649998426437378,67153978,3.6550997471363615
2020-08-20,3.5964343547821045,3.642346605668893,3.5964343547821045,3.6346944422293497,59134603,3.611738438411034
2020-08-21,3.6117382049560547,3.619390368158665,3.5964342434260588,3.6117382049560547,32958534,3.609187605513593
2020-08-24,3.588782548904419,3.6117383094257973,3.5811303854804692,3.6117383094257973,52051469,3.593883747936895
2020-08-25,3.5811307430267334,3.6117386700280094,3.5658267795260956,3.5964347065273716,40652527,3.586232064193613
2020-08-26,3.5428709983825684,3.588782888646942,3.519914870812747,3.573478925225484,58812362,3.5505229192807524
2020-08-27,3.550522804260254,3.550522804260254,3.527567041523,3.542871004972926,30847526,3.542870883347836
2020-08-28,3.5811307430267334,3.5811307430267334,3.5275670532121364,3.542871016712774,54059183,3.563276179755201
2020-08-31,3.5352187156677246,3.5887827682839957,3.5352187156677246,3.5811306043922753,105896943,3.553073399873148
2020-09-01,3.5428709983825684,3.558174961804026,3.519914870812747,3.5275670349611103,46020587,3.5403202769997804
2020-09-02,3.527566909790039,3.558174835546873,3.512262946911622,3.5505226716700364,48181439,3.532668230749511
2020-09-03,3.5352187156677246,3.5352187156677246,3.5122629537430776,3.5275669166512613,38276704,3.5275667950261753
2020-09-04,3.504610538482666,3.5199145002931704,3.489306576672161,3.5122627018255335,44152676,3.504610538482666
2020-09-07,3.4969592094421387,3.519914972801831,3.4893070450720547,3.504611008936943,37028731,3.5020604091053413
2020-09-08,3.527566909790039,3.5428708726684564,3.4969589840332054,3.4969589840332054,48477623,3.522465588830567
2020-09-09,3.5122628211975098,3.5275667835281532,3.5046106575945664,3.5122628211975098,48096783,3.5148134207734096
2020-09-10,3.4969592094421387,3.5275671371719155,3.4816552455772505,3.5122631733070273,43395371,3.5020605307304344
2020-09-11,3.504610538482666,3.504610538482666,3.481654778204524,3.489306576672161,31029052,3.496958618389952
2020-09-14,3.5122628211975098,3.51991461992521,3.4893066952639225,3.5122628211975098,27784999,3.5071613787955473
2020-09-15,3.504610538482666,3.5122627018255335,3.496958740015029,3.5122627018255335,22223121,3.5046106601077427
2020-09-16,3.504610538482666,3.5199145002931704,3.496958740015029,3.5122627018255335,29585920,3.5071612595969555
2020-09-17,3.4969592094421387,3.504611008936943,3.4893070450720547,3.504611008936943,23302835,3.496959087817045
2020-09-18,3.5352187156677246,3.5352187156677246,3.4893068269431735,3.496958990834894,50756337,3.5199147527595414
2020-09-21,3.5199146270751953,3.5428707530554133,3.5122628283319526,3.535218589436926,29862817,3.5250160694875206
2020-09-22,3.4969592094421387,3.5352189366667197,3.4893070450720547,3.504611008936943,41097626,3.5071617303936375
2020-09-23,3.489306926727295,3.504610890073128,3.4816551274920124,3.504610890073128,37287516,3.491857648097479
2020-09-24,3.4357428550720215,3.4816551097508364,3.4357428550720215,3.4816551097508364,49991206,3.4510469399649595
2020-09-25,3.4357428550720215,3.451047183215137,3.4280910558757296,3.4357428550720215,22050706,3.4382936980542964
2020-09-28,3.443394660949707,3.4510468242252603,3.4204385359982754,3.435742497674154,25696718,3.438293340391081
2020-09-29,3.466351270675659,3.4740030701461007,3.4357429781680584,3.4433951425137783,31184184,3.4586991063299393
2020-09-30,3.4510464668273926,3.4740022245262483,3.443394304344314,3.458698264435281,21426470,3.4561476652326513
2020-10-09,3.4586989879608154,3.47400295125322,3.4510471887522463,3.4586989879608154,24241292,3.4612497093220935
2020-10-12,3.4969592094421387,3.504611008936943,3.458699117342278,3.458699117342278,39397986,3.4867564452404536
2020-10-13,3.5122628211975098,3.5505225445864967,3.474002732933279,3.4893066952639225,65431652,3.512262699572428
2020-10-14,3.5199146270751953,3.5505225517986565,3.496958865970222,3.5199146270751958,39830068,3.522465348281358
2020-10-15,3.5352187156677246,3.550522678575908,3.504610789851357,3.5122629537430776,42879773,3.5301173946983297
2020-10-16,3.588782548904419,3.6040865108770825,3.519914537589814,3.5275667010137632,103886041,3.570927865790438
2020-10-19,3.573478937149048,3.64999875451166,3.5581749736765254,3.5964346999201964,119145608,3.593884221779078
2020-10-20,3.550522804260254,3.573478931872778,3.519914877360402,3.550522804260254,56803517,3.5479722044978117
2020-10-21,3.573478937149048,3.573478937149048,3.5199148825575843,3.5581749736765254,60742262,3.555624252285227
2020-10-22,3.565826654434204,3.5811306173979673,3.5428708924261882,3.565826654434204,32152550,3.563276054752787
2020-10-23,3.573478937149048,3.604086864094093,3.550522809502629,3.5581749736765254,45837350,3.576029536915257
2020-10-26,3.550522804260254,3.596434694610032,3.535218840810328,3.56582676771018,38362674,3.560725446560205
2020-10-27,3.5199146270751953,3.5428707530554133,3.504610664713465,3.5275667906936827,37087493,3.522465348281358
2020-10-28,3.481654405593872,3.5199141235879194,3.45869828289729,3.5122623259391865,33969284,3.4867556040263605
2020-10-29,3.4586989879608154,3.47400295125322,3.4433950246684106,3.4510471887522463,23821285,3.4586989879608154
2020-10-30,3.5199146270751953,3.6193905648640654,3.504610664713465,3.5122628283319526,110423507,3.547971952217575
2020-11-02,3.588782548904419,3.6040865108770825,3.5275667010137632,3.558174624959091,84925463,3.573478586931755
2020-11-03,3.573478937149048,3.6346947910391374,3.5581749736765254,3.604086864094093,61564446,3.5887829006215703
2020-11-04,3.604086399078369,3.6270421588876602,3.573478476082499,3.6193903605763045,52494799,3.6015356780161762
2020-11-05,3.604086399078369,3.642346485260819,3.5811302743938547,3.6270421588876602,62518343,3.609187719577681
2020-11-06,3.657650947570801,3.665302746929855,3.5964347283220035,3.6193908561497117,83384924,3.6397961409408865
2020-11-09,3.6423466205596924,3.6653023812217,3.6117383315516207,3.65765058262611,69316226,3.639795777777671
2020-11-10,3.657650947570801,3.7112146377099977,3.64234698397742,3.6499987833364735,90780495,3.6704041897527393
2020-11-11,3.695910692214966,3.7188668201550867,3.634694837541676,3.6576509654817975,82638728,3.683157449970576
2020-11-12,3.6806066036224365,3.7035627307833994,3.6576508413367366,3.695910566771324,43809706,3.680606725247524
2020-11-13,3.588782548904419,3.7188664081096796,3.5658264235078057,3.6729545221916875,84965708,3.6244917935073016
2020-11-16,3.604086399078369,3.63469432207424,3.5658263128959193,3.588782437580434,66584976,3.6015356780161762
2020-11-17,3.604086399078369,3.6193903605763045,3.5658263128959193,3.604086399078369,54467268,3.5964343575168645
2020-11-18,3.6653025150299072,3.6959104402801373,3.58113053815415,3.596434500779265,96623129,3.647447831154732
2020-11-19,3.672954797744751,3.6882587608655517,3.64234687150315,3.672954797744751,42583034,3.6678534767044844
2020-11-20,3.6346945762634277,3.6729546651215634,3.619390613695223,3.6499985388316323,39434937,3.642346618360071
2020-11-23,3.695910692214966,3.7188668201550867,3.611738709601555,3.6270426732698775,85027032,3.6755054073238695
2020-11-24,3.749474287033081,3.7571260854899164,3.6806062765454106,3.695910238334312,105246399,3.7290688830228027
2020-11-25,3.8259942531585693,3.9637299149171894,3.7953863283233207,3.7953863283233207,165937222,3.861703498799693
2020-11-26,3.8566019535064697,3.887209876560075,3.8106900689260623,3.825994030452865,100482066,3.8515006329975354
2020-11-27,3.9637298583984375,3.9637298583984375,3.871906085202004,3.871906085202004,161787209,3.9331219339996264
2020-11-30,4.001989841461182,4.26215755690854,3.887209945535863,4.040249928394698,385752185,4.050452447968528
2020-12-01,4.024946212768555,4.078509899901243,3.910166309823112,3.910166309823112,257749162,4.004540807497636
2020-12-02,3.9025139808654785,4.017293878953483,3.8719060566920427,3.994337753385787,152064434,3.9305713055036677
2020-12-03,3.917818307876587,3.9331222713887897,3.848950654509311,3.917818307876587,88380832,3.8999637445915627
2020-12-04,3.8259942531585693,3.9101662288931265,3.741822277424012,3.8642543416402533,85034416,3.8259942531585693
2020-12-07,3.7571263313293457,3.856602271903811,3.711214442958497,3.818342182490477,122518018,3.774981015397218
2020-12-08,3.7112138271331787,3.749473910197774,3.6729541089437774,3.7341699499469745,99095299,3.711213948758244
2020-12-09,3.726518392562866,3.7418223552989973,3.6806065043544725,3.6882586681601643,70449745,3.716315750738779
2020-12-10,3.7112138271331787,3.7571257078855766,3.68060590663158,3.7188659896961753,61017245,3.7163151472167786
2020-12-11,3.7647786140441895,3.7877343765168705,3.695910596875614,3.695910596875614,98422882,3.7494745291455582
2020-12-14,3.7112138271331787,3.7800818306993724,3.6729541089437774,3.7724296681363763,86827012,3.721416588925443
2020-12-15,3.6653025150299072,3.70356260403032,3.64234675352986,3.6959104402801373,40163330,3.670403957530029
2020-12-16,3.6806066036224365,3.7112145299202117,3.6499986773246618,3.6576508413367366,41736554,3.6806066036224365
2020-12-17,3.726518392562866,3.726518392562866,3.64999857888221,3.6806065043544725,35450859,3.7010117880026474
2020-12-18,3.695910692214966,3.734170783823409,3.688258892818442,3.7035628564867644,35742528,3.7061134562856055
2020-12-21,3.7035624980926514,3.7418222211234227,3.6729545737179388,3.680606372373997,38319189,3.7061130976446712
2020-12-22,3.649998426437378,3.734170400408223,3.649998426437378,3.6959103127282282,35660241,3.6780557510943264
2020-12-23,3.6117382049560547,3.6806062142786486,3.5964342434260588,3.6576504544212667,48987232,3.629592887553587
2020-12-24,3.6117382049560547,3.649998291218657,3.604086406628669,3.619390368158665,25859440,3.6219409676011267
2020-12-25,3.6117382049560547,3.619390368158665,3.581130281896063,3.604086406628669,28669564,3.604086285003594
2020-12-28,3.6346945762634277,3.665302501399837,3.5811305248370875,3.6117384499734966,46323716,3.6270425341667845
2020-12-29,3.6193904876708984,3.6729545372321803,3.604086525635566,3.642346613161515,36026744,3.6321438501795478
2020-12-30,3.6346945762634277,3.6423467399851543,3.596434487405292,3.6117384499734966,34141832,3.624491934551292
2020-12-31,3.657650947570801,3.695910674116617,3.6193908561497117,3.6193908561497117,71064288,3.65765082594571
2021-01-04,3.5811307430267334,3.634694797716602,3.512263089711498,3.634694797716602,158871521,3.5760295434849447
2021-01-05,3.5811307430267334,3.604086870715326,3.5352188525248196,3.5581749802134124,72824740,3.5734788220889597
2021-01-06,3.604086399078369,3.611738197389725,3.5581745145845636,3.5581745145845636,54894796,3.5913330370175522
2021-01-07,3.604086399078369,3.63469432207424,3.5581745145845636,3.604086399078369,54545492,3.5989850785790574
2021-01-08,3.6653025150299072,3.67295467878009,3.58113053815415,3.6040866645294476,56781028,3.6397959106547155
2021-01-11,3.726518392562866,3.780082444576952,3.64999857888221,3.6576507426879017,153633999,3.7188664720073423
2021-01-12,3.7035624980926514,3.7188664602800077,3.6193905236245714,3.7035624980926514,95889971,3.680606493999077
2021-01-13,3.749474287033081,3.7647782488219823,3.695910238334312,3.718866363455279,99127162,3.7367209247297914
2021-01-14,3.8412976264953613,3.9178174268488166,3.7571256636689654,3.780081786212597,172564038,3.838746905671048
2021-01-15,4.162681579589844,4.223897426148113,3.9637297134002396,3.9637297134002396,729194917,4.116769573046065
2021-01-18,4.032597541809082,4.101465548526715,3.9713816980046137,4.055553665673363,484255287,4.035148262780137
2021-01-19,4.101466655731201,4.308070366782243,3.99433853527858,4.024946830318835,401409630,4.134625185930674
2021-01-20,4.101466655731201,4.185638281247149,4.024946830318835,4.078510525669837,206746131,4.104017255765728
2021-01-21,4.277461528778076,4.315721250926444,4.1014657852449385,4.170333431062092,376115800,4.23154952164982
2021-01-22,4.132073879241943,4.216245855238375,4.078509828175988,4.216245855238375,228420112,4.142276520885435
2021-01-25,4.155029773712158,4.193289863539492,3.971382218241575,4.09381392188863,204116047,4.106567285164409
2021-01-26,4.193289279937744,4.300417005719399,4.116769475807992,4.147377397459892,224143275,4.2034919204883785
2021-01-27,4.254505634307861,4.369285536727864,4.155029694552176,4.170333657216493,280536776,4.2596069551959665
2021-01-28,4.101466655731201,4.1779864811435665,4.086162690648728,4.147378550978621,170880323,4.121871942507831
2021-01-29,4.193289279937744,4.223897201589645,4.093813352131462,4.139725234609314,221700792,4.170333277886283
2021-02-01,4.285113334655762,4.346329182099022,4.101465792325982,4.162681639769241,279492824,4.244302769693589
2021-02-02,4.193289279937744,4.254505123241547,4.170333156261215,4.216245403614274,172310036,4.206042519813502
2021-02-03,4.262157917022705,4.338677732479746,4.185637736690402,4.193289900673737,222965527,4.262157795397617
2021-02-04,4.422849655151367,4.529977395416204,4.223897772641413,4.254505698431366,347310165,4.392241607736328
2021-02-05,4.667713165283203,4.805449199276567,4.476413442403766,4.476413442403766,418317068,4.649858602321179
2021-02-08,4.744232654571533,4.767188780280453,4.568236907053947,4.705972931556986,343377788,4.693219447301978
2021-02-09,4.797797203063965,4.797797203063965,4.606497473492235,4.751885311751783,230080532,4.734030626540055
2021-02-10,4.72892951965332,4.943185392541878,4.675365825087659,4.805449708819072,259971219,4.782493579094286
2021-02-18,4.774840831756592,4.889620736628199,4.705973180733835,4.78249299568982,232168111,4.790144916372875
2021-02-19,4.675364971160889,4.774840542132216,4.598845160846316,4.774840542132216,220606293,4.683016891379807
2021-02-22,4.606497287750244,4.698321066672113,4.575889361442955,4.683017103518468,197334609,4.626902571955104
2021-02-23,4.660060882568359,4.797796537394803,4.5911928727175235,4.606496834364906,228350287,4.683016764226895
2021-02-24,4.537628650665283,4.683016463182833,4.491716767482144,4.6600607040288695,191767321,4.570787293776753
2021-02-25,4.744232654571533,4.774840578933266,4.545281146220267,4.568236907053947,263878919,4.688118126575023
2021-02-26,4.683017253875732,4.698321217520741,4.560585544715669,4.614149599910834,241877618,4.647308005370714
2021-03-01,4.606497287750244,4.660061341225632,4.568237197428501,4.621801250903889,114803891,4.611598608801459
2021-03-02,4.522325038909912,4.652408900414129,4.438153429010323,4.637104938171,165473866,4.537629122778122
2021-03-03,4.705972671508789,4.736580594179153,4.461108925270653,4.484065049711036,215944008,4.634554063652865
2021-03-04,4.675364971160889,4.728928655943472,4.598845160846316,4.660061009097974,165299280,4.667712929316892
2021-03-05,4.713625431060791,4.73658156018297,4.545281822040889,4.606497679866307,190841681,4.66516293776155
2021-03-08,4.660060882568359,4.927880393835169,4.652408719307054,4.7365806908052726,254232859,4.7467833319035275
2021-03-09,4.514672756195068,4.7442321652302875,4.4917166328539455,4.705972446162019,238751598,4.583540518093101
2021-03-10,4.392241477966309,4.514673549164596,4.376937514675931,4.4764134585010185,170938570,4.427950847268945
2021-03-11,4.514672756195068,4.560584638002113,4.422848992580981,4.445804751046902,148763127,4.49936879559272
2021-03-12,4.545280933380127,4.560584894844361,4.430501039960761,4.5223248087461645,151844945,4.512122289395083
2021-03-15,4.552933216094971,4.629453396432912,4.514673490801261,4.552933216094971,106478019,4.565686701109715
2021-03-16,4.698321342468262,4.705973506931905,4.545281701948234,4.568237465588596,169522922,4.6498588504494665
2021-03-17,4.598845481872559,4.6830170966566405,4.560585391606876,4.6830170966566405,134238973,4.614149323378691
2021-03-18,4.545280933380127,4.667712625093998,4.5223248087461645,4.5911928177728285,147932362,4.578439455740097
2021-03-19,4.468761444091797,4.568237018251184,4.422849556431638,4.545281256858729,114417301,4.486616006258206
2021-03-22,4.529977321624756,4.5452812842704375,4.438153545750666,4.468761471042029,102426857,4.504470717215287
2021-03-23,4.4993696212768555,4.552933310777003,4.468761694455266,4.529977548098445,64498621,4.507021542169708
2021-03-24,4.415196895599365,4.484064901773209,4.3616328502557975,4.476412738920468,90782401,4.420298215876124
2021-03-25,4.338677883148193,4.43050166488539,4.323373919525327,4.399893737639657,78834717,4.364184489186304
2021-03-26,4.392241477966309,4.415197605339508,4.33867778888762,4.353981752177997,65230722,4.382038957397812
2021-03-29,4.476413249969482,4.476413249969482,4.361633348200983,4.399893437082232,86711967,4.438153282713316
2021-03-30,4.49171781539917,4.5070217800306285,4.407546192363794,4.4764138507677105,108355705,4.468761929264531
2021-03-31,4.49171781539917,4.522325744662088,4.407546192363794,4.48406601552109,109682121,4.473863250808351
2021-04-01,4.407546043395996,4.484065863967047,4.3769377502922895,4.468761899852837,90518062,4.422849885885111
2021-04-02,4.338677883148193,4.407545901888728,4.315721755276257,4.399893737639657,115448154,4.35398184677106
2021-04-06,4.399893283843994,4.415197245888442,4.323373473621754,4.361633196295256,76912341,4.379488001118063
2021-04-07,4.384589195251465,4.407545320093195,4.34632910880699,4.384589195251465,73268956,4.379487874717217
2021-04-08,4.323373794555664,4.392241446430265,4.323373794555664,4.361633520069272,83693690,4.3463296785138645
2021-04-09,4.269809722900391,4.3386777393585465,4.254505759784719,4.3233737762428746,84529587,4.287664407347886
2021-04-12,4.285113334655762,4.285113334655762,4.21624568871971,4.277461536162971,89874251,4.262157452677077
2021-04-13,4.323373794555664,4.346329556888777,4.2545057778058,4.285113704166792,104250819,4.30806970975008
2021-04-14,4.31572151184082,4.346329437360062,4.262157824619774,4.308069712898637,73464732,4.308069591273552
2021-04-15,4.208593845367432,4.338677713513375,4.18563771839304,4.338677713513375,109948598,4.244303092424616
2021-04-16,4.200942039489746,4.22389816842083,4.147378346776036,4.22389816842083,83988562,4.190739518228871
2021-04-19,4.1703338623046875,4.200941789138554,4.13972593547082,4.193289989867722,137883547,4.1703338623046875
2021-04-20,4.200942039489746,4.239202132749789,4.147378346776036,4.162682311104994,92456788,4.195840839671857
2021-04-21,4.2927656173706055,4.323373541943193,4.16268175549949,4.1703335542050155,121966424,4.25960697160443
2021-04-22,4.223897457122803,4.31572122763357,4.193289533619214,4.300417265881776,89020983,4.244302739458528
2021-04-23,4.216245651245117,4.254505373119481,4.185637362920306,4.200941324645097,58901206,4.218796129094968
2021-04-26,4.155029773712158,4.2545057153630195,4.155029773712158,4.223897789451256,69364290,4.188188420929112
2021-04-27,4.162681579589844,4.185637339611581,4.124421493053312,4.147377617950276,43375653,4.157580137418246
2021-04-28,4.1244215965271,4.1550295205741286,4.0938136724800716,4.1550295205741286,71816093,4.1244215965271
2021-04-29,4.177985191345215,4.208593112061099,4.10911718729688,4.116769349913449,115771885,4.165231830234398
2021-04-30,3.894862651824951,4.155030038664977,3.8030385033590726,4.155030038664977,481397945,3.9509770646163336
2021-05-06,3.9101662635803223,3.9560781512404817,3.902514099866005,3.9178180624193915,177748181,3.922919504895603
2021-05-07,3.9407742023468018,4.001990052772537,3.887210150786659,3.9101662771339347,126712981,3.9433248019686657
2021-05-10,4.093813419342041,4.10146558231825,3.9407738085699924,3.948425606670988,221599400,4.045350936743428
2021-05-11,4.070858478546143,4.08616244269997,4.009642257055548,4.070858478546143,75878170,4.05555439276722
2021-05-12,4.086162567138672,4.11677049637845,4.024946708659115,4.063206437771189,101160878,4.075959924058746
2021-05-13,4.101466655731201,4.1397263859997295,4.040250795401309,4.04790259550489,111539357,4.093814612377414
2021-05-14,4.1244215965271,4.132073759976475,4.063205748433043,4.1244215965271,83183089,4.106567034978872
2021-05-17,4.1091179847717285,4.132074112201437,4.055554295561187,4.124421948099779,114277083,4.098915464178117
2021-05-18,4.032597541809082,4.109117346564668,3.9637295350914497,4.101465548526715,131361929,4.035148141155067
2021-05-19,3.9637298583984375,4.009641744996654,3.9407740975369494,4.009641744996654,102762553,3.9713819003106803
2021-05-20,4.032597541809082,4.032597541809082,3.925469815151262,3.9713816980046137,106824929,3.9968882995898087
2021-05-21,3.948425769805908,4.032597741645828,3.9331218080963977,4.017293779936318,121474712,3.9713817731827112
2021-05-24,3.9101662635803223,3.9790339126329366,3.894862301026936,3.9560781512404817,102383860,3.9280208257467315
2021-05-25,4.032597541809082,4.047901502760199,3.902513691286981,3.917817652238098,169096228,3.994337578618754
2021-05-26,4.1703338623046875,4.254505843535456,4.0402503556983875,4.055554319115321,278065292,4.155030020512844
2021-05-27,4.086162567138672,4.139726260870635,4.055554637898894,4.132074460998339,163891308,4.093814488636067
2021-05-28,4.262157917022705,4.34632953158782,4.101466122125288,4.101466122125288,335779644,4.236651190245271
2021-05-31,4.285113334655762,4.346329182099022,4.193289563490872,4.346329182099022,188610514,4.274910693415219
2021-06-01,4.239201545715332,4.27746163367721,4.1856374955437525,4.262157671467507,141342559,4.234100224978765
2021-06-02,4.193289279937744,4.2468533252661755,4.155029195435264,4.216245403614274,125914839,4.198390600213061
2021-06-03,4.1703338623046875,4.2392018801185225,4.147378099616922,4.200941789138554,109898250,4.18563794734671
2021-06-04,4.231550216674805,4.239202016191249,4.124422104442332,4.1626821966503975,171309603,4.198391445769462
2021-06-07,4.162681579589844,4.200941301251149,4.139725454692879,4.1932895028689785,148830958,4.167782778511291
2021-06-08,4.147377967834473,4.162681930765125,4.078509952208911,4.15502976686217,163854031,4.129523283602836
2021-06-09,4.093813419342041,4.139725302573655,4.0632054971876315,4.139725302573655,144849866,4.098914739701109
2021-06-10,4.116769790649414,4.139725551206342,4.070857904660323,4.078509703220887,120968078,4.109117748838693
2021-06-11,4.032597541809082,4.116769509477832,4.024945743771129,4.101465548526715,184487930,4.058104265019348
2021-06-15,4.009641647338867,4.0555538976940975,3.9637297618588683,4.040249935867431,162152434,4.009641768963944
2021-06-16,4.063205718994141,4.116769768125975,3.9866859094309732,4.0172938332562405,143173360,4.0555537988503625
2021-06-17,3.994337558746338,4.078509528559303,3.979033597405364,4.070857730326426,128434431,4.017293561570335
2021-06-18,3.948425769805908,3.9790336932249284,3.9331218080963977,3.9790336932249284,109407586,3.953527090375745
2021-06-21,3.87190580368042,3.9407738110080555,3.833646083401344,3.9331216480271123,238379478,3.88210856602994
2021-06-22,3.8259942531585693,3.9101662288931265,3.810690290740945,3.871906140411443,217799562,3.848950257597547
2021-06-23,3.818342447280884,3.8489507398592955,3.772430555726186,3.8259946116443064,196626091,3.8132412476221216
2021-06-24,3.833646297454834,3.841298095987806,3.803038008697246,3.818341970638423,85341603,3.825994134046629
2021-06-25,3.894862651824951,3.894862651824951,3.8259946316943627,3.841298595626129,147308603,3.871906645114755
2021-06-28,3.8259942531585693,3.8948622664755024,3.810690290740945,3.887210102829067,126674045,3.8438489367916717
2021-06-29,3.833646297454834,3.848950259396011,3.780082248223097,3.818341970638423,162672937,3.820892935024647
2021-06-30,3.8412976264953613,3.8489497889683015,3.81834150395173,3.8336458288976103,108327131,3.836196306471798
2021-07-01,3.8566019535064697,3.879558078234286,3.825994030452865,3.8489501551806806,119932119,3.85405135406454
2021-07-02,3.8259942531585693,3.8566021779938184,3.810690290740945,3.8489503792226287,94608476,3.831095573964444
2021-07-05,3.780082941055298,3.825994835293787,3.7571268114984027,3.825994835293787,124686250,3.7877348626158294
2021-07-06,3.7877345085144043,3.7877345085144047,3.7418226170938076,3.772430544707539,140256385,3.772430544707539
2021-07-07,3.7188663482666016,3.7877339935977705,3.711214184965789,3.7647782334457904,233790686,3.739271508943387
2021-07-08,3.672954797744751,3.734170650227953,3.6499986706259193,3.734170650227953,127088147,3.6857080395328743
2021-07-09,3.6423466205596924,3.680606343288117,3.619390495022448,3.6499984191552826,119601850,3.6474478196234195
2021-07-12,3.627042293548584,3.6806063432176375,3.6040865328870164,3.672954544622194,155871081,3.637245056551079
2021-07-13,3.649998426437378,3.6576505899234717,3.5964343766604334,3.6270423008543338,123503042,3.6346944643404275
2021-07-14,3.657650947570801,3.6729549111641817,3.6193908561497117,3.657650947570801,131334531,3.649998904961565
2021-07-15,3.818342447280884,3.8489507398592955,3.6346948810620914,3.6499988449136573,306820496,3.7673293560674233
2021-07-16,3.8489506244659424,3.8642545878586883,3.764778643368205,3.780082606760951,184851897,3.8259946185642786
2021-07-19,3.917818307876587,3.917818307876587,3.787734435585229,3.8336466909971083,183151204,3.874457017112801
2021-07-20,3.818342447280884,3.894862631413994,3.8106906477927405,3.894862631413994,109771629,3.841298575495873
2021-07-21,3.8030381202697754,3.8566021710729603,3.7877341578796146,3.818342082659936,89255692,3.8157914830741166
2021-07-22,3.8337888717651367,3.9136593939159328,3.801840662904818,3.817814767334977,132310970,3.849762976195296
2021-07-23,3.873723268508911,3.8896973701600825,3.7698914173499873,3.8178141031561252,127557254,3.8444373520063273
2021-07-26,3.873723268508911,3.9296328147143225,3.7858655190011583,3.849762306458467,180248357,3.8630738674081306
2021-07-27,3.8497626781463623,3.913659090920134,3.825801332929867,3.84177543612331,163489238,3.8630743673321213
2021-07-28,3.937620162963867,3.9535942665941453,3.8258014375519225,3.8337886797933978,206554888,3.905671955703312
2021-07-29,3.84177565574646,3.937620280386276,3.8178146900128476,3.937620280386276,149945594,3.8657368753818613
2021-07-30,3.7459309101104736,3.833788670285447,3.721969564298146,3.833788670285447,124749750,3.767229714898022
2021-08-02,3.865736961364746,3.8896979268444265,3.6980086795962634,3.761905095345651,158369256,3.8178145226018123
2021-08-03,3.8497626781463623,3.905671848897082,3.8098272297364244,3.84177543612331,115880361,3.855087252259956
2021-08-04,3.889697790145874,3.9136591356361428,3.8497627221323145,3.8817109288842286,87457271,3.8843732159714435
2021-08-05,3.8976848125457764,3.937619878308177,3.8737234684062205,3.8817107100702875,68724218,3.903009386420058
2021-08-06,3.91365909576416,3.921645956944436,3.833788579698088,3.881710889337731,86185433,3.8896978774688944
2021-08-09,3.993530035018921,4.025478244830856,3.897685405583115,3.913659510489083,142525955,3.9722312284776304
2021-08-10,4.033465385437012,4.057426351762054,3.945607620255574,4.0015171764351605,136162888,4.0121664524848795
2021-08-11,4.241127967834473,4.257102069412182,4.049438748901956,4.049438748901956,294859309,4.182556262049537
2021-08-12,4.2091803550720215,4.265089908862368,4.193206251253733,4.2091803550720215,119214381,4.222492171729375
2021-08-13,4.2571024894714355,4.297037937782555,4.177231973701858,4.193206076855773,124812551,4.243790800318616
2021-08-16,4.2091803550720215,4.3130122203172325,4.177232147435445,4.30502497798175,131589409,4.2331415742748995
2021-08-17,4.129309177398682,4.257101987563361,4.105347835066496,4.201192823542622,124036807,4.16391966667618
2021-08-18,4.249115943908691,4.265090048249027,4.129309970929834,4.145284075270169,188231843,4.214505321029184
2021-08-19,4.113335132598877,4.233141084199353,4.057425586957955,4.225153843028099,147238573,4.134633934585395
2021-08-20,4.129309177398682,4.137296037607666,4.017490468504587,4.113335076128097,119196005,4.094698561170311
2021-08-23,4.105348587036133,4.153270899625736,4.073400378643065,4.113335829560743,79691206,4.1106732884349775
2021-08-24,4.0574259757995605,4.137296490903359,4.0494391147155095,4.081387320757029,110509669,4.081387193806143
2021-08-25,4.033465385437012,4.089374560763905,4.009504038259276,4.057426351762054,93828531,4.044114661486731
2021-08-26,3.9855430126190186,4.041452573309162,3.969568906829367,4.02547846751951,76889556,3.9988548309191825
2021-08-27,3.993530035018921,4.033465487710191,3.9615818252069857,3.977555930112953,73416341,3.996192449312032
2021-08-30,3.9855430126190186,4.057426679098814,3.9376206952500628,4.02547846751951,116976397,3.9935301289892986
2021-08-31,4.105348587036133,4.153270899625736,3.985542615135784,3.985542615135784,171674708,4.081387367265884
2021-09-01,4.27307653427124,4.28905063720701,4.081387299042006,4.097361401977776,305309779,4.2145048235067515
2021-09-02,4.27307653427124,4.3130119820369925,4.209180122528163,4.265089673229683,171365778,4.265089546278799
2021-09-03,4.265089988708496,4.336973266810171,4.177232225636801,4.281064092825833,168605001,4.2597651603851565
2021-09-06,4.27307653427124,4.2970378791012225,4.209180122528163,4.233141467358144,122703830,4.259764845300208
2021-09-07,4.320999622344971,4.376909183129446,4.225154987445347,4.281064548229823,175243925,4.3076879309732545
2021-09-08,4.320999622344971,4.360935077312843,4.289051410711763,4.289051410711763,117176177,4.323662036789859
2021-09-09,4.360934257507324,4.392882463134637,4.281063743439043,4.305024707233201,149320345,4.344960154693668
2021-09-10,4.328986644744873,4.472753589756999,4.3050252968165,4.352947611820542,239032053,4.368921843772791
2021-09-13,4.392882823944092,4.44080513632116,4.265089990938577,4.305025060826458,250653837,4.366259317067943
2021-09-14,4.2331414222717285,4.416843794502825,4.217167319506096,4.38489520811891,222583515,4.289050845426883
2021-09-15,4.193206310272217,4.257102726444698,4.169244963781195,4.217167656763238,137537561,4.206518000166036
2021-09-16,4.177231788635254,4.384895120435913,4.145283583742845,4.209179993527663,208950034,4.235803497604671
2021-09-17,4.113335132598877,4.1852183988770655,4.081386929619099,4.177231538558432,138963300,4.126646820365014
2021-09-22,4.041451930999756,4.057426034250637,3.92164596619181,4.001516863298883,150402841,4.006841310480734
2021-09-23,3.993530035018921,4.113336012240029,3.9615818252069857,4.065413697522126,159328816,4.022815957488645
2021-09-24,3.953594446182251,4.0174912444584825,3.937620341826365,4.001517140102597,147189729,3.9695686774890326
2021-09-27,3.91365909576416,4.001516853863171,3.8976849925509454,3.945607302190589,156113708,3.937620314059425
2021-09-28,4.041451930999756,4.07340013750152,3.905671862940928,3.9296332082435823,220838549,4.006841310480735
2021-09-29,4.065413475036621,4.105348544689686,3.9935298164673503,4.001517058909572,217570948,4.054763945397886
2021-09-30,4.0574259757995605,4.081387320757029,3.953594115738293,4.065413217736269,146523421,4.030802470764961
2021-10-08,4.089374542236328,4.137296855521986,4.041452228950671,4.049439471591293,136187001,4.089374542236328
2021-10-11,4.169244289398193,4.201192873169373,4.105347883561074,4.1133351247170244,182011374,4.158595015376213
2021-10-12,4.105348587036133,4.201193593068024,4.06541351697114,4.129309933757277,141374395,4.123985232358432
2021-10-13,4.105348587036133,4.129309933757277,4.041452170249996,4.105348587036133,78080906,4.092036897014469
2021-10-14,4.0973615646362305,4.113335668206146,4.057426115285107,4.0973615646362305,64747726,4.0893744493758275
2021-10-15,4.081387519836426,4.137296692709859,4.065413416036491,4.07340027751012,103320299,4.094699209527592
2021-10-18,4.177231788635254,4.193205891081458,4.065413071511822,4.089374034754806,178255142,4.145283583742844
2021-10-19,4.241127967834473,4.257102069412182,4.1293092567905045,4.153270218730758,123064084,4.209179764679053
2021-10-20,4.225154399871826,4.297038056476365,4.20918029627667,4.249115745690896,121067625,4.24379091754162
2021-10-21,4.352947235107422,4.352947235107422,4.225154406156101,4.233141648391895,189458677,4.310349625456982
2021-10-22,4.336973667144775,4.3769091215507965,4.289051350369182,4.35294777273664,125411540,4.334311379688251
2021-10-25,4.27307653427124,4.3130119820369925,4.209180122528163,4.3130119820369925,135951374,4.265089546278799
2021-10-26,4.249115943908691,4.313012361270031,4.225154596971844,4.249115943908691,92958735,4.262427634050189
2021-10-27,4.265089988708496,4.281064092825833,4.201193572239148,4.249115884591159,122936637,4.249115884591159
2021-10-28,4.265089988708496,4.29703819694317,4.233141780473822,4.257102746223485,118947666,4.265089988708496
2021-10-29,4.320999622344971,4.368921939794783,4.257103199078554,4.305025516528366,269032402,4.315674920406103
2021-11-01,4.48872709274292,4.5845717098965935,4.297037858435572,4.313011961294517,332899315,4.4567788870250284
2021-11-02,4.408856391906738,4.528662348706093,4.376908187540595,4.512688246523021,197479334,4.438142309384475
2021-11-03,4.320999622344971,4.4408056063958625,4.281064548229823,4.432818743913923,125114226,4.347623258990219
2021-11-04,4.265089988708496,4.352947370927508,4.249115884591159,4.344960509295181,88397145,4.289051081409054
2021-11-05,4.305025100708008,4.32898644754486,4.233141821902825,4.249115926176497,117016704,4.289051123385231
2021-11-08,4.313012599945068,4.432818579553792,4.3050253569065555,4.320999462130872,118076999,4.350285512135138
2021-11-09,4.265089988708496,4.3609346134125175,4.201193572239148,4.344960509295181,105914789,4.275739391453388
2021-11-10,4.289050579071045,4.3130119235762425,4.225154168194051,4.249115512699249,103806527,4.275738890280446
2021-11-11,4.320999622344971,4.328986865679635,4.249116336596615,4.289051410711763,132222509,4.299700941540407
2021-11-12,4.265089988708496,4.328986405177844,4.249115884591159,4.320999162692833,98848358,4.281064092825833
2021-11-15,4.27307653427124,4.28905063720701,4.233141467358144,4.249115570293914,63882853,4.265089546278798
2021-11-16,4.217167854309082,4.289051135444028,4.193206506695633,4.27307703065263,73968756,4.233141832149581
2021-11-17,4.145284175872803,4.217167837575213,4.137296933082447,4.209180594784857,112189023,4.166582982176821
2021-11-18,4.129309177398682,4.177231481210437,4.113335076128097,4.121321936337082,77714438,4.139958578245738
2021-11-19,4.169244289398193,4.177231530554144,4.097361023257745,4.1293092261763045,118058076,4.147945614403361
2021-11-22,4.105348587036133,4.16924500382227,4.097361725364209,4.161258142150345,162773436,4.123985105407537
2021-11-23,4.129309177398682,4.153270138878251,4.097360974857512,4.105347835066496,96433256,4.126646763711482
2021-11-24,4.153271198272705,4.177232546716825,4.121322987582355,4.121322987582355,90744688,4.1506089108572946
2021-11-25,4.169244289398193,4.193205632013423,4.137296086479634,4.145283327635584,74744680,4.166582002630417
2021-11-26,4.113335132598877,4.169244297387177,4.113335132598877,4.153270195897289,66432276,4.131971520861644
2021-11-29,4.065413475036621,4.121322648721447,4.057426232594399,4.081387579068383,85555037,4.0813874521174895
2021-11-30,4.0574259757995605,4.097361423777789,4.025477769758041,4.07340007882032,100413286,4.060088389778463
2021-12-01,4.153271198272705,4.16924530361788,4.057426566201653,4.081387914645773,94226652,4.12664768936408
2021-12-02,4.2091803550720215,4.233141701225792,4.121322593645099,4.145283939798869,132858867,4.187881549980971
2021-12-03,4.193206310272217,4.217167656763238,4.129309894099736,4.209180414315337,102186312,4.1798946203783975
2021-12-06,4.225154399871826,4.31301216007152,4.201193434905428,4.20918029627667,132347128,4.246453331616258
2021-12-07,4.289050579071045,4.328986026295492,4.233141409980001,4.265089615418497,197572002,4.283726005115512
2021-12-08,4.225154399871826,4.297038056476365,4.201193434905428,4.289050814252451,144618694,4.241128630417873
2021-12-09,4.27307653427124,4.2970378791012225,4.209180122528163,4.225154225463932,144085858,4.259764845300208
2021-12-10,4.225154399871826,4.273076710657294,4.193206192681514,4.23314164209574,114703245,4.230479101070212
2021-12-13,4.217167854309082,4.297038378266078,4.217167854309082,4.2331419591004815,153102484,4.243791362294747
2021-12-14,4.161258220672607,4.225154638664459,4.113335907178719,4.2011936723438605,147794263,4.166582922171929
2021-12-15,4.225154399871826,4.241128503466983,4.12930977830089,4.145283881896046,138458248,4.198530893879899
2021-12-16,4.2571024894714355,4.28106383462864,4.201193318859062,4.2491156283208085,106289460,4.246453214319712
2021-12-17,4.217167854309082,4.27307703065263,4.2091806114870325,4.25710292586123,73194217,4.233141832149581
2021-12-20,4.2091803550720215,4.233141701225792,4.193206251253733,4.2091803550720215,53582056,4.211842769183849
2021-12-21,4.249115943908691,4.281064152589361,4.201193630887686,4.2171677352280215,75388495,4.243791242461913
2021-12-22,4.201193332672119,4.2571025034683165,4.19320609064257,4.24911564229143,99985316,4.217167308927668
2021-12-23,4.2331414222717285,4.241128283228218,4.201193216740464,4.209180077696954,71297934,4.22515430741347
2021-12-24,4.217167854309082,4.24911606389188,4.2011937495176825,4.2331419591004815,74809230,4.222492555906215
2021-12-27,4.169244289398193,4.233141076087932,4.153270187938913,4.225153834931982,70262261,4.185218517808346
2021-12-28,4.153271198272705,4.185219408963055,4.121322987582355,4.16924530361788,97343446,4.153271198272705
2021-12-29,4.105348587036133,4.161258142150345,4.089374482839599,4.153270899625736,104196500,4.1186604040086925
2021-12-30,4.081387519836426,4.1213225889099245,4.057426173710185,4.10534848510999,122403994,4.086712094152179
2021-12-31,4.073400020599365,4.113335468006798,4.057425917806923,4.081387262421913,108318819,4.0813871354710285
2022-01-04,4.121322154998779,4.129309396484152,4.057425746526339,4.081387090129822,114587296,4.10268576600309
2022-01-05,4.249115943908691,4.249115943908691,4.105348623992987,4.121322728333323,217698405,4.20119350393679
2022-01-06,4.217167854309082,4.289051135444028,4.2011937495176825,4.27307703065263,122707590,4.235804246423598
2022-01-07,4.408856391906738,4.416843633424593,4.2251540263750975,4.2251540263750975,287432511,4.350284683902143
2022-01-10,4.472753047943115,4.496714392968894,4.360934326479018,4.416843877637396,242682515,4.443467255797009
2022-01-11,4.4967145919799805,4.576585110846308,4.416844073113653,4.4967145919799805,231772865,4.4967145919799805
2022-01-12,4.472753047943115,4.512688496035193,4.424830738744217,4.496714392968894,148058623,4.4700907609075085
2022-01-13,4.504701614379883,4.568598031755774,4.43281833525835,4.440805197003992,123475176,4.502039327131335
2022-01-14,4.392882823944092,4.496714691187415,4.352947373203526,4.488727448698228,181702593,4.414181629445011
2022-01-17,4.408856391906738,4.448791837790735,4.320998639473526,4.400869531241521,156391958,4.392882289723667
2022-01-18,4.4967145919799805,4.528662799526511,4.392882727027417,4.408856830800683,180439540,4.472753372844636
2022-01-19,4.512688636779785,4.528662740344296,4.464766326086256,4.496714533215275,108242261,4.502039234403445
2022-01-20,4.61652135848999,4.656456434398024,4.480741262526647,4.512689475594169,255633060,4.584573018471553
2022-01-21,4.584571838378906,4.624507287071785,4.53664952845905,4.592559080458548,174008756,4.581909551303247
2022-01-24,4.576584815979004,4.664442571497666,4.528662507746821,4.58457167692471,134537841,4.589896631741164
2022-01-25,4.544637203216553,4.64846907502135,4.5206758555490225,4.560611308044006,146082417,4.571260711262308
2022-01-26,4.568597793579102,4.592559139272218,4.512688621716279,4.536649586556726,84335595,4.5579485181892
2022-01-27,4.512688636779785,4.568597808829235,4.480740429650766,4.568597808829235,97449116,4.520675625086596
2022-01-28,4.48872709274292,4.592558951752394,4.4487920260218825,4.520675298460811,113921317,4.5100260235057315
2022-02-07,4.624507427215576,4.704377946169114,4.5526237697310545,4.5526237697310545,166672671,4.627169714371915
2022-02-08,4.704378128051758,4.744313579498866,4.624507606010233,4.624507606010233,184344631,4.691066437853618
2022-02-09,4.6963911056518555,4.784248486466362,4.672429759432559,4.712365209513828,154563395,4.7176897838502585
2022-02-10,4.744312763214111,4.752299623617735,4.640480911998616,4.688403216978239,98675260,4.712364432943487
2022-02-11,4.8082098960876465,4.864119450768121,4.704378029189344,4.736326237334563,186772861,4.792235792015037
2022-02-14,4.664443016052246,4.832171301276912,4.640481669226142,4.808209954450808,171923345,4.712365328851766
2022-02-15,4.504701614379883,4.6963912473602445,4.464766543946295,4.656455796073968,279434474,4.555286468562141
2022-02-16,4.552624225616455,4.576585574128268,4.472753698664936,4.520676014835848,154711450,4.53398783280322
2022-02-17,4.568597793579102,4.640481449805782,4.528662725227466,4.568597793579102,104448208,4.579247322870784
2022-02-18,4.624507427215576,4.640481531006284,4.536649665940348,4.5446369082620395,100013013,4.6005462080540696
2022-02-21,4.560611248016357,4.608533561867954,4.4887275868126135,4.600546699985703,138486916,4.552624132232308
2022-02-22,4.560611248016357,4.600546699985703,4.51268893416476,4.528663038781959,91198993,4.557948960722274
2022-02-23,4.504701614379883,4.584572136099746,4.4807406482902685,4.5526239274118,135824894,4.523338132923299
2022-02-24,4.4328179359436035,4.512688450468613,4.416843833038602,4.4967143475636115,136494486,4.454116739816939
2022-02-25,4.424830913543701,4.488727328333077,4.384895463874004,4.464766363213398,127353465,4.432817901916928
2022-02-28,4.456779479980469,4.456779479980469,4.360934850075077,4.4168444079462414,126671668,4.424831270012005
2022-03-01,4.528663158416748,4.5526241255491815,4.392883075157272,4.4088571801964624,161019999,4.4913901197077335
2022-03-02,4.5206756591796875,4.592559318207092,4.480740589272106,4.488727450912548,125697413,4.531325188886295
2022-03-03,4.640481472015381,4.6564555756030215,4.5366496082693795,4.560610954077177,144962859,4.611195551962594
2022-03-04,4.6324944496154785,4.656455413737685,4.528662589478828,4.608533104640614,139506795,4.605870817610664
2022-03-07,4.584571838378906,4.68840370029826,4.552623631765669,4.6005463225381895,132404978,4.608533056814278
2022-03-08,4.472753047943115,4.6404813205655895,4.456778944876816,4.560610805234092,147655903,4.5233377711285065
2022-03-09,4.368921279907227,4.528662694798439,4.217167487996941,4.49671448799073,172224806,4.371583820900869
2022-03-10,4.320999622344971,4.4408056063958625,4.273077304895159,4.424831500579258,186261998,4.344960844545331
2022-03-11,4.281064033508301,4.297038137404304,4.137296717591594,4.233141721820291,179950950,4.238466296168066
2022-03-14,4.145284175872803,4.265090151759252,4.137296933082447,4.217167837575213,144886005,4.182557086904834
2022-03-15,3.9056715965270996,4.137296268291627,3.873723392204588,4.137296268291627,319894506,3.9722304190077717
2022-03-16,4.041451930999756,4.06541327630241,3.8417754499374004,3.9695682759444555,223237809,3.982880219079855
2022-03-17,4.089374542236328,4.16125820259116,4.057426333379223,4.113335889305502,220806655,4.102686359402237
2022-03-18,4.105348587036133,4.209180454739948,4.073400378643065,4.097361725364209,293199291,4.129309806806382
2022-03-21,4.105348587036133,4.209180454739948,4.057426274446531,4.145284037953811,192156966,4.123985105407537
2022-03-22,4.2091803550720215,4.22515445889031,4.089374386008522,4.097361628344005,123029421,4.174569733323618
2022-03-23,4.185218811035156,4.22515425911901,4.153270604909136,4.185218811035156,122569957,4.1878812250211
2022-03-24,4.217167854309082,4.27307703065263,4.145284192321435,4.169245159082185,122569495,4.211843025761049
2022-03-25,4.153271198272705,4.24911621119647,4.1452843360264735,4.217168000506119,126228167,4.18255724849855
2022-03-28,4.201193332672119,4.217167435878556,4.09736147140395,4.113335574610387,132173871,4.171907413318208
2022-03-29,4.27307653427124,4.28905063720701,4.18521877769818,4.201193261486606,108334865,4.249115316392143
2022-03-30,4.313012599945068,4.328986705169385,4.241128936009293,4.28905125168224,128854357,4.294376080374582
2022-03-31,4.305025100708008,4.336973309255353,4.185219128229119,4.233141821902825,232830624,4.275739179397493
2022-04-01,4.504701614379883,4.520675718723855,4.281064153564265,4.289051015309907,289931254,4.435480495556001
2022-04-06,4.576584815979004,4.6005461605214215,4.440804752228159,4.4647660967705765,245379807,4.5393119095761945
2022-04-07,4.560611248016357,4.616520804602902,4.520675796047011,4.5366499006642105,206509676,4.565935949555423
2022-04-08,4.584571838378906,4.6005463225381895,4.504701321845812,4.56061087384531,140484517,4.563273160920969
2022-04-11,4.528663158416748,4.592559578573511,4.496714948338366,4.576585473534321,115588204,4.5393125617762085
2022-04-12,4.512688636779785,4.584571912393745,4.464766326086256,4.544636843908806,174309345,4.520675625086596
2022-04-13,4.5206756591796875,4.6085334223406615,4.504701555046118,4.5206756591796875,132751924,4.544636878855489
2022-04-14,4.440804958343506,4.632494581021965,4.376908544401576,4.584571889712849,242191626,4.4834026945890155
2022-04-15,4.544637203216553,4.608533622526366,4.368921669261865,4.408857121756848,250098338,4.5073641650015945
2022-04-18,4.376908302307129,4.496714262247905,4.336972855375987,4.472752917918691,223397266,4.403531806643674
2022-04-19,4.472753047943115,4.5206753571420135,4.376908429545318,4.392882532611617,191432733,4.456778944876816
2022-04-20,4.408856391906738,4.49671414433995,4.400869531241521,4.472752800639024,92759539,4.43548002249607
2022-04-21,4.360934257507324,4.480740219036072,4.344960154693668,4.392882463134637,122461136,4.395544877079021
2022-04-22,4.472753047943115,4.512688496035193,4.33697298145324,4.33697298145324,171363704,4.4408048418105155
2022-04-25,4.3449602127075195,4.512688484916741,4.328986109680577,4.400869763728146,209054367,4.395544935768279
2022-04-26,4.265089988708496,4.376908717529854,4.249115884591159,4.344960509295181,160822831,4.29703819694317
2022-04-27,4.249115943908691,4.320999223013854,4.20918049263151,4.24112870131218,155465540,4.259765219851352
2022-04-28,4.376908302307129,4.384895163181769,4.217167276287858,4.249115481491713,154282346,4.326323580592252
2022-04-29,4.320999622344971,4.368921939794783,4.217168124963407,4.368921939794783,201624790,4.302363229034387
2022-05-05,4.472753047943115,4.5206753571420135,4.424830738744217,4.4487920837699955,275354085,4.472753047943115
2022-05-06,4.368921279907227,4.464766281183021,4.360934418631633,4.432818074375311,112717448,4.39820732657396
2022-05-09,4.265089988708496,4.352947370927508,4.2411286421061485,4.336973266810171,104286386,4.286388667247384
2022-05-10,4.328986644744873,4.368921716821889,4.153271108877348,4.2251547718097635,141336672,4.2837264901480365
2022-05-11,4.27307653427124,4.344960187908531,4.241128328399701,4.3130119820369925,138214907,4.286388350193158
2022-05-12,4.193206310272217,4.273076830487818,4.153270859738075,4.257102726444698,147425899,4.206518000166036
2022-05-13,4.217167854309082,4.26509016868328,4.1852192638735835,4.193206506695633,119877342,4.222492428955316
2022-05-16,4.193206310272217,4.233141760806358,4.153270859738075,4.225154518358457,114943587,4.193206310272217
2022-05-17,4.201193332672119,4.241128400261879,4.137296538993711,4.209180193849007,150280098,4.19320609064257
2022-05-18,4.185218811035156,4.217167398013834,4.145283743803961,4.209180156056,142248636,4.182556650950984
2022-05-19,4.129309177398682,4.145283278669266,4.001516367234002,4.129309177398682,165223196,4.092036274433983
2022-05-20,4.217167854309082,4.2331419591004815,4.105348739916588,4.129310087530037,156705465,4.1852195177753835
2022-05-23,4.169244289398193,4.209179733472703,4.145283327635584,4.201192873169373,109794542,4.174569116835493
2022-05-24,4.177231788635254,4.2171672351770875,4.16125768618905,4.177231788635254,128189681,4.185218903333797
2022-05-25,4.225154399871826,4.249115745690896,4.169244846862444,4.177232089086358,100398386,4.214504997475056
2022-05-26,4.281064033508301,4.297038137404304,4.201193514028286,4.22515447944595,97684904,4.25976522831363
2022-05-27,4.249115943908691,4.313012361270031,4.233141839568357,4.30502511867352,89896135,4.265090048249026
2022-05-30,4.177231788635254,4.281063644961906,4.16125768618905,4.265089542515701,108057242,4.206517706595403
2022-05-31,4.193206310272217,4.217167656763238,4.153270859738075,4.169244963781195,129511959,4.18788160892451
2022-06-01,4.129309177398682,4.177231481210437,4.113335076128097,4.177231481210437,149246256,4.139958578245738
2022-06-02,4.089374542236328,4.121322751093433,4.0654135760198455,4.105348646664881,121974928,4.092036956449869
2022-06-06,4.033465385437012,4.089374560763905,4.009504038259276,4.081387698939788,271108629,4.044114661486731
2022-06-07,4.105348587036133,4.105348587036133,4.001517100185004,4.025478066053462,204560860,4.0707380914190905
2022-06-08,4.121322154998779,4.121322154998779,4.081387090129822,4.113335294366043,142037945,4.1080104667091275
2022-06-09,4.185218811035156,4.201193294950825,4.105348295720107,4.1133355376779415,171465191,4.163920133902029
2022-06-10,4.201193332672119,4.209180193849007,4.153270642200147,4.1692447454065835,130818674,4.187881389573758
2022-06-13,4.0973615646362305,4.177232082485805,4.057426115285107,4.169244840274512,212592769,4.1106732541357145
2022-06-14,4.153271198272705,4.153271198272705,4.049439703955422,4.065413809300598,159989102,4.118660700166944
2022-06-15,4.2091803550720215,4.281064012680656,4.129309835980581,4.153270801281675,251176191,4.2065180679110865
2022-06-16,4.161258220672607,4.241128743162422,4.15327097799728,4.217167776841824,140425753,4.185219313944103
2022-06-17,4.145284175872803,4.177232385328829,4.121322828354434,4.153271037810461,101368237,4.147946463185355
2022-06-20,4.105348587036133,4.153270899625736,4.089374482839599,4.145284037953811,188724058,4.115997989833822
2022-06-21,4.2091803550720215,4.2091803550720215,4.097361628344005,4.113335732162293,209634675,4.171907446162682
2022-06-22,4.121322154998779,4.209179907074703,4.105348052880669,4.201193046441967,154674271,4.1452833716513835
2022-06-23,4.129309177398682,4.145283278669266,4.105347835066496,4.121321936337082,165980817,4.126646763711482
2022-06-24,4.113335132598877,4.145283335578655,4.081386929619099,4.137296094407399,160766063,4.113335132598877
2022-06-27,4.153271198272705,4.161258441371649,4.113336125336123,4.129310230681298,190457572,4.142621921660159
2022-06-28,4.217167854309082,4.225154716278432,4.145284192321435,4.169245159082185,166162842,4.19586892096965
2022-06-29,4.249115943908691,4.27307690999285,4.193206388291174,4.20918049263151,145528481,4.238466414064239
2022-06-30,4.305025100708008,4.313012343271188,4.241128683613317,4.249115926176497,143056214,4.286388709197504
2022-07-01,4.27307653427124,4.344960187908531,4.27307653427124,4.3050247401427795,90434288,4.297037752150337
2022-07-04,4.249115943908691,4.281064152589361,4.20918049263151,4.281064152589361,115008034,4.2464535297098545
2022-07-05,4.281064033508301,4.313012241300307,4.241128583341954,4.249115825716295,93577565,4.27840161938352
2022-07-06,4.2571024894714355,4.289050695779267,4.217167422012977,4.273076592625351,90991430,4.254440202421226
2022-07-07,4.225154399871826,4.265089849286052,4.20918029627667,4.265089849286052,65972988,4.233141515144849
2022-07-08,4.2331414222717285,4.249115525037361,4.18521873312218,4.241128283228218,100418426,4.22249189347709
2022-07-11,4.225154399871826,4.241128503466983,4.201193434905428,4.217167538500584,122323853,4.222492112748079
2022-07-12,4.264870643615723,4.340280656098548,4.239733706429407,4.248112818670866,138586478,4.2816283353812254
2022-07-13,4.105671405792236,4.273249667441679,4.097292292940719,4.264870954128252,244316073,4.158737788724878
2022-07-14,3.9548497200012207,4.055397054899205,3.912955363370232,4.055397054899205,360341968,3.9744007127568857
2022-07-15,3.9045770168304443,3.9883665455742725,3.896198303678912,3.9799874328846565,224824276,3.9297139553612097
2022-07-18,3.979987144470215,3.979987144470215,3.912955845963121,3.9213345585074806,143587253,3.9576433783011837
2022-07-19,4.005124092102051,4.030260629341735,3.963229330651836,3.9799871553243107,104678446,3.9995380173652073
2022-07-20,4.0302605628967285,4.038639674863852,4.005124026071458,4.021881850467655,80034462,4.02467475461068
2022-07-21,3.9548497200012207,4.021881409779212,3.9548497200012207,4.021881409779212,93842271,3.9771936165938846
2022-07-22,3.9632296562194824,3.988366595062148,3.9045770652786547,3.9632296562194824,91993882,3.952057772186762
2022-07-25,4.013502597808838,4.013502597808838,3.9380921909004103,3.954850014709168,89111178,3.9883657955060285
2022-07-26,4.021881580352783,4.030260292219132,3.988365933811345,4.005123757082064,70479858,4.013502602127754
2022-07-27,3.9967451095581055,4.021882047150703,3.9799872843423967,4.013502934773814,58912135,3.999538147017068
2022-07-28,3.979987144470215,4.013502793723762,3.971608032387801,4.005124081179402,75781578,3.9883659901939263
2022-07-29,3.929713726043701,3.9883663128341067,3.921334613843046,3.9799872006334516,124809048,3.9464715509069515
2022-08-01,3.9129559993743896,3.938092537531025,3.8961981740906095,3.938092537531025,100838485,3.915748903665341
2022-08-02,3.837545394897461,3.9045766926975483,3.7872719215473953,3.8961979802415625,147147497,3.8431313363808015
2022-08-03,3.778893232345581,3.845924530558159,3.778893232345581,3.8291667060050143,115437761,3.8012369984164405
2022-08-04,3.7872722148895264,3.8040300406375214,3.7369987376455427,3.7956513275325645,122266343,3.77610033105753
2022-08-05,3.829166889190674,3.829166889190674,3.762135188233276,3.787272126034559,82066951,3.8068229888715415
2022-08-08,3.8040294647216797,3.8459242225179975,3.787271641510757,3.8124085760961517,75791929,3.8124084429168117
2022-08-09,3.778893232345581,3.81240888145187,3.7705141202999823,3.8040297694062715,68292915,3.787272078032478
2022-08-10,3.7705142498016357,3.7956511872637293,3.753756424672929,3.7872720749303426,55831840,3.773307287246098
2022-08-11,3.829166889190674,3.8375456020990533,3.7705143006797277,3.787272126034559,110306890,3.812408930656485
2022-08-12,3.8207879066467285,3.837545732571307,3.7956513675289028,3.820787906646728,79463171,3.8179950022489795
2022-08-15,3.7872722148895264,3.820787866385516,3.77889350178457,3.7956513275325645,99626968,3.7956511943532036
2022-08-16,3.7956511974334717,3.804029910251241,3.778893372259865,3.7872720850776345,65558685,3.792858159981526
2022-08-17,3.8040294647216797,3.8124085760961517,3.762134706925362,3.7956507528852286,97088717,3.7928575825810644
2022-08-18,3.778893232345581,3.7956510568987256,3.7621350082543836,3.787271944853127,88023965,3.7788930991662304
2022-08-19,3.7872722148895264,3.8040300406375214,3.7621352764984937,3.770514389141532,89763062,3.784479177341847
2022-08-22,3.778893232345581,3.7956510568987256,3.7621350082543836,3.7705141202999823,92802340,3.7788930991662304
2022-08-23,3.68672513961792,3.7872720908117916,3.68672513961792,3.7872720908117916,281822149,3.720240790015877
2022-08-24,3.68672513961792,3.7118616776473536,3.6783460272493964,3.68672513961792,112325788,3.6923109481715564
2022-08-25,3.720240831375122,3.728619544298726,3.6615882427576008,3.6867251806045593,87072614,3.7034828728104827
2022-08-26,3.7118613719940186,3.736998307491619,3.6951035481749637,3.7202404836725638,67572272,3.7146544092202003
2022-08-29,3.7118613719940186,3.7118613719940186,3.6699670122153982,3.6783457243559083,91393952,3.697896585401145
2022-08-30,3.7118613719940186,3.728619195813074,3.6951035481749637,3.703482659853509,69536552,3.7118613719940186
2022-08-31,3.778893232345581,3.787271944853127,3.695103710041806,3.7034828220874045,171337773,3.753756295746838
2022-09-01,3.7621350288391113,3.8040297902202282,3.7453772041942752,3.7621350288391113,90324254,3.770514007751205
2022-09-02,3.728619337081909,3.778893209981872,3.7118615126279386,3.770514097985861,84965103,3.7397913532305735
2022-09-05,3.7705142498016357,3.7705142498016357,3.7034829492868084,3.7202407744155153,108698108,3.74817048296336
2022-09-06,3.7621350288391113,3.8040297902202282,3.7453772041942752,3.7705141409305565,94694719,3.770514007751205
2022-09-07,3.728619337081909,3.7537562735318906,3.7118615126279386,3.7537562735318906,100762940,3.7314123744139125
2022-09-08,3.7369983196258545,3.762134855667039,3.7286192079201017,3.7369983196258545,101196763,3.742584127737665
2022-09-09,3.812408447265625,3.820787158818939,3.736998045595762,3.745376757149076,199118816,3.7900645505601087
2022-09-13,3.8543033599853516,3.9045768351698222,3.795651172039168,3.812408997100658,176795045,3.851510455731447
2022-09-14,3.7956511974334717,3.84592467295429,3.7872720850776345,3.820787735424847,97396822,3.809615985155132
2022-09-15,3.8543033599853516,3.8794402973466195,3.820787709862371,3.820787709862371,128469045,3.851510455731447
2022-09-16,3.7872722148895264,3.854303517881505,3.77889350178457,3.8459248047765486,124254858,3.8068230781852
2022-09-19,3.8207879066467285,3.8291670193780605,3.7621353161416597,3.7956513675289028,95947401,3.80403008072215
2022-09-20,3.778893232345581,3.8291667060050143,3.7705141202999823,3.8291667060050143,82093737,3.792858019550193
2022-09-21,3.829166889190674,3.854303427453885,3.762135188233276,3.787272126034559,92232438,3.8152018349592782
2022-09-22,3.8207879066467285,3.837545732571307,3.787272254797571,3.812409193453482,61007350,3.815201964671869
2022-09-23,3.8543033599853516,3.8794402973466195,3.812408997100658,3.820787709862371,101964580,3.848717551477543
2022-09-26,3.7872722148895264,3.862682630524543,3.77889350178457,3.8459248047765486,102256624,3.80961611573288
2022-09-27,3.7956511974334717,3.804029910251241,3.7369986095568155,3.770514259904028,85523049,3.7788932390805097
2022-09-28,3.812408447265625,3.845924092554896,3.7537558682403973,3.787271513529668,110792116,3.804029469353639
2022-09-29,3.7705142498016357,3.837545550316463,3.745377312339542,3.8207877251877562,89153286,3.7844790374858803
2022-09-30,3.7369983196258545,3.7872717912462606,3.7369983196258545,3.762134855667039,105182675,3.753756143499323
2022-10-10,3.5526621341705322,3.5861781840658264,3.49400994581442,3.5610412465288728,261145922,3.5442834213502596
2022-10-11,3.5023887157440186,3.561041304594577,3.4940100027871237,3.5442834791427136,159049122,3.5191466743752398
2022-10-12,3.51914644241333,3.527525554673097,3.443736429765744,3.494009904710156,139252282,3.4968028089507235
2022-10-13,3.4940099716186523,3.502388684500804,3.452115208593681,3.4940099716186523,161832720,3.482837954904379
2022-10-14,3.51914644241333,3.5359042673948005,3.494009904710156,3.510767729691626,133521281,3.516353538172762
2022-10-17,3.4940099716186523,3.5107677969210265,3.4604943210139036,3.4856308591984297,111396590,3.488424029851194
2022-10-18,3.485630750656128,3.5191464002172017,3.468872925875591,3.5107676875959624,95208930,3.4912166922496404
2022-10-19,3.452115297317505,3.485630948783649,3.452115297317505,3.4772522356861537,102040416,3.463287181139553
2022-10-20,3.4437365531921387,3.4521152662141423,3.4269787276100536,3.4437365531921387,86173305,3.4409435156721115
2022-10-21,3.435357093811035,3.452114917701312,3.4269783816349153,3.4437362055251923,66578125,3.438150131049088
2022-10-24,3.334810256958008,3.4437363154921004,3.334810256958008,3.435357203510378,176676008,3.371118943136038
2022-10-25,3.3264312744140625,3.351568010520685,3.3096734503429808,3.3264312744140625,114775277,3.329224245092576
2022-10-26,3.309673547744751,3.3264313723090058,3.284536810898369,3.3180524600268786,153699499,3.306880576984042
2022-10-27,3.3180525302886963,3.334810355207808,3.301294705369584,3.3180525302886963,107456388,3.3180525302886963
2022-10-28,3.3180525302886963,3.334810355207808,3.301294705369584,3.3180525302886963,128736723,3.3180525302886963
2022-10-31,3.251021385192871,3.3096737751985863,3.234263359707912,3.3096737751985863,156422469,3.2649861733664562
2022-11-01,3.2929158210754395,3.2929158210754395,3.2175054085253936,3.2510212584193208,165806257,3.267779016892091
2022-11-02,3.334810256958008,3.3431891691707056,3.267778959256428,3.2761578714691253,114940926,3.3152594617950473
2022-11-03,3.3012948036193848,3.334810454455068,3.292915890910464,3.3180526290372265,87520572,3.309673716328305
2022-11-04,3.393463134765625,3.410220960635708,3.292915979776082,3.301294892711123,161246328,3.365533358392472
2022-11-07,3.435357093811035,3.4437362055251923,3.368325798249928,3.385083622140205,122131994,3.4158063658620517
2022-11-08,3.4185991287231445,3.443736063289353,3.4018413055250125,3.435356951921277,75994125,3.421392165845837
2022-11-09,3.4185991287231445,3.4688725983175415,3.4102204168930887,3.426978240091221,88270715,3.432564047977925
2022-11-10,3.435357093811035,3.435357093811035,3.368325798249928,3.385083622140205,77415126,3.413013328623999
2022-11-11,3.569420576095581,3.5945571156240894,3.4604945060371315,3.4772523322355013,226609031,3.5414907325856007
2022-11-14,3.5945568084716797,3.678345932303805,3.5777989837052546,3.5945568084716797,215799153,3.616900574826913
2022-11-15,3.628072500228882,3.6364516124786417,3.561041200383056,3.6029359625557285,132166203,3.6085217710301927
2022-11-16,3.5610413551330566,3.61131483220213,3.544283529443365,3.61131483220213,136745629,3.572213238926184
2022-11-17,3.577799081802368,3.577799081802368,3.535904318968594,3.55266214419449,94600625,3.563834160857777
2022-11-18,3.544283151626587,3.5777987994332374,3.527525327723262,3.5777987994332374,89077680,3.5498690929276955
2022-11-21,3.5023887157440186,3.5275256536908506,3.4772521773352607,3.5191465411958816,76223592,3.5023888489233763
2022-11-22,3.6196939945220947,3.6699674722815296,3.4856309876255156,3.5023888135453274,200382794,3.59176415147638
2022-11-23,3.7034826278686523,3.7537560988916345,3.64483004523949,3.6615878689138177,229435238,3.700689590666592
2022-11-24,3.636451482772827,3.7286193170043425,3.636451482772827,3.7286193170043425,126085996,3.6671740941833324
2022-11-25,3.753756284713745,3.762134997196664,3.636451513186518,3.6448302256694367,192991210,3.7174475983656428
2022-11-28,3.6783461570739746,3.703483095528667,3.6280726797026723,3.6951039828644086,142445550,3.6699673107684383
2022-11-29,3.7956511974334717,3.84592467295429,3.703482959209603,3.703482959209603,239444546,3.781686276532455
2022-11-30,3.7369983196258545,3.812408726825482,3.7286192079201017,3.762134855667039,122042400,3.7593420847904793
2022-12-01,3.695103645324707,3.8207875270410536,3.6867249329639082,3.7872718785217674,169371497,3.7342053684432233
2022-12-02,3.6699671745300293,3.7118615361615452,3.653209349969812,3.695103711601328,111125837,3.6783460202204625
2022-12-05,3.8040294647216797,3.8291663993070744,3.6951034140816708,3.6951034140816708,190906113,3.7760997593701418
2022-12-06,3.7956511974334717,3.8375455605984534,3.7621351475481912,3.7956511974334717,119962923,3.7984439685267053
2022-12-07,3.7369983196258545,3.820787438993198,3.720240495752386,3.812408726825482,121766200,3.7593420847904793
2022-12-08,3.7705142498016357,3.8040299000590494,3.736998599544222,3.736998599544222,151626497,3.7705142498016357
2022-12-09,3.8961985111236572,3.9045772247212964,3.7621354977184844,3.7621354977184844,217403705,3.8543037445211463
2022-12-12,3.778893232345581,3.8626823551113034,3.7621350082543836,3.8626823551113034,152274312,3.801236865237089
2022-12-13,3.837545394897461,3.8543032193474827,3.7788932090914096,3.7788932090914096,102817988,3.823580607778785
2022-12-14,3.862682819366455,3.8961984725009846,3.8040302266119785,3.820788053179243,88653552,3.8543038394931393
2022-12-15,3.8040294647216797,3.854302934354448,3.778892929674306,3.8375451111435255,72551462,3.812408442916811
2022-12-16,3.862682819366455,3.8626828193664555,3.7788936865301324,3.787272400044714,93907090,3.834753108421014
2022-12-19,3.8207879066467285,3.862682671227218,3.7956513675289028,3.854303558495886,88595289,3.8263739818009497
2022-12-20,3.7369983196258545,3.8375452628666666,3.7286192079201017,3.8040296151197293,90696232,3.767720930137541
2022-12-21,3.753756284713745,3.804029758225414,3.7453771726927743,3.762134997196664,53949354,3.767721071877311
2022-12-22,3.7369983196258545,3.7956509029520134,3.7286192079201017,3.7872717912462606,49600058,3.753756143499323
2022-12-23,3.7118613719940186,3.7537561313106744,3.6951035481749637,3.7118613719940186,51526833,3.720240350493219
2022-12-26,3.7034826278686523,3.745376987285455,3.7034826278686523,3.7118613399368003,65416695,3.71744741434092
2022-12-27,3.7956511974334717,3.8375455605984534,3.720240784383209,3.7286194972009787,90657564,3.784479180805045
2022-12-28,3.8543033599853516,3.887819010108332,3.7788933469776778,3.78727205973939,103002988,3.8403385723571204
2022-12-29,3.8207879066467285,3.854303558495886,3.787272254797571,3.837545732571307,76669043,3.8207879066467285
2022-12-30,3.871061325073242,3.9129560890114434,3.8375456737379126,3.8459247863407846,103847922,3.8738543626075326
2023-01-03,3.9045770168304443,3.9297139553612097,3.8207878876247,3.8710613651481465,108619996,3.8850262866054517
2023-01-04,3.98836612701416,4.005123951096655,3.8878187829811504,3.929713542956408,138367886,3.9604362870306553
2023-01-05,3.9716081619262695,4.021882036984383,3.9380925115795717,3.9967450994553264,109062005,3.977194236830075
2023-01-06,3.9632296562194824,3.988366595062148,3.9297140041213208,3.9716083694749784,72795160,3.9604367518009838
2023-01-09,3.98836612701416,4.02188177517915,3.9464713670389027,3.963229191121397,79447511,3.985573089744071
2023-01-10,3.979987144470215,4.021881905806176,3.9548502077610275,3.988366256552629,74516092,3.9855730860124727
2023-01-11,4.047018527984619,4.063776352963389,3.979987228069538,3.996745053048308,112289880,4.030260703005848
2023-01-12,4.072155952453613,4.08891377943745,4.005124644518263,4.055398125469776,96905752,4.055398125469775
2023-01-13,4.097291946411133,4.105671058553985,4.055397584311045,4.0805341216634865,84712121,4.086120196425387
2023-01-16,4.038639545440674,4.114049553037927,4.013502609882899,4.10567084087736,149510869,4.055397236120499
2023-01-17,4.005124092102051,4.0386397414470006,3.9716080432190455,4.030260629341735,106699840,4.005123958922699
2023-01-18,4.072155952453613,4.080534666176477,3.979987704273452,4.005124644518263,105004513,4.044226107634514
2023-01-19,4.047018527984619,4.072155465221806,4.030260703005848,4.055397640243036,52801754,4.049811565404092
2023-01-20,4.105671405792236,4.105671405792236,4.047018814445886,4.072155753462348,75051314,4.08612054201012
2023-01-30,4.06377649307251,4.155944733402515,4.06377649307251,4.139186907845975,87277036,4.094499239849178
2023-01-31,4.0302605628967285,4.105670972448637,4.0302605628967285,4.063776211689122,74021676,4.055397366080698
2023-02-01,3.98836612701416,4.055397423344139,3.963229191121397,4.047018311533871,111874114,4.002330913826565
2023-02-02,3.9716081619262695,4.005124211811035,3.9632294491086286,3.9967450994553264,67882421,3.979987274281978
2023-02-03,3.9213345050811768,3.979987090244798,3.912955792650973,3.9716079782765448,80181352,3.9380924626589824
2023-02-06,3.8961985111236572,3.929714164590424,3.8710615712545295,3.8961985111236572,85253777,3.8989914156562038
2023-02-07,3.9129559993743896,3.9548503628148057,3.8961981740906095,3.9129559993743896,72347668,3.9213348454266015
2023-02-08,3.8794405460357666,3.9464718505787286,3.862682719900026,3.9297140244429882,78843901,3.8961983721715074
2023-02-09,3.8207879066467285,3.8961983230763755,3.787272254797571,3.879440497151797,218316806,3.834752828173558
2023-02-10,3.8459243774414062,3.8543030896153727,3.7956509057834973,3.820787441843433,163983156,3.8319594576134257
2023-02-13,3.812408447265625,3.845924092554896,3.770513690885033,3.82916626991026,126804654,3.809615410235185
2023-02-14,3.871061325073242,3.9045769764085714,3.8124091350054554,3.820787848070248,109122823,3.8626824788290897
2023-02-15,3.812408447265625,3.887818449397481,3.8040293361743034,3.8794397378441667,99079104,3.8347520776124697
2023-02-16,3.8459243774414062,3.862682201327376,3.8040296179574633,3.8124087296694666,154055500,3.8375453989087482
2023-02-17,3.8207879066467285,3.8710613844204644,3.820787906646728,3.8291670193780605,65777125,3.837545732571307
2023-02-20,3.9213345050811768,3.9297136170494293,3.812408846260236,3.82078755869044,199191647,3.8878189894636144
2023-02-21,3.8878190517425537,3.9213347022244496,3.8710612265016056,3.9213347022244496,100778031,3.8934049934895363
2023-02-22,3.8543033599853516,3.887819010108332,3.837545534923861,3.8794402973466195,98188571,3.859889301672515
2023-02-23,3.8459243774414062,3.9129556729852855,3.8459243774414062,3.8543030896153727,125586737,3.8682681426226995
2023-02-24,3.8040294647216797,3.86268204572892,3.7956507528852286,3.8459242225179975,114600660,3.820787421111943
2023-02-27,3.778893232345581,3.81240888145187,3.7705141202999823,3.7956510568987256,78174700,3.787272078032478
2023-02-28,3.7872722148895264,3.8040300406375214,3.770514389141532,3.7872722148895264,96011143,3.7872722148895264
2023-03-01,3.8459243774414062,3.8543030896153727,3.7788930818975275,3.7872717940714935,179957320,3.826373516318102
2023-03-02,3.8961985111236572,3.9129563378570404,3.820788091054379,3.8459250309235067,151536710,3.876647646678359
2023-03-03,4.097291946411133,4.097291946411133,3.896198049439374,3.9045767620441687,359099626,4.030260647420547
2023-03-06,3.9716081619262695,4.097292050495419,3.9632294491086286,4.063776400148721,230299587,4.010709887176772
2023-03-07,4.0805344581604,4.1727027016420415,3.9632296752534613,3.971608388549197,392218620,4.072155611685301
2023-03-08,4.0553975105285645,4.072155334971325,3.9883662127575223,4.038639686085804,140472768,4.038639686085804
2023-03-09,4.038639545440674,4.080533905319584,4.021881721581503,4.038639545440674,160999824,4.047018390780587
2023-03-10,3.9464712142944336,4.072155089817688,3.938092102808471,4.005123796082093,159502715,3.9855728023068644
2023-03-13,4.021881580352783,4.030260292219132,3.9213342411904466,3.9297133525948174,130223441,3.9911587045874537
2023-03-14,3.9632296562194824,4.013503134366725,3.9297140041213208,3.988366595062148,133446808,3.9688155982358424
2023-03-15,4.047018527984619,4.072155465221806,3.9464715781119972,3.988366340327955,181717661,4.021881857106141
2023-03-16,4.097291946411133,4.147565420654073,3.9967449979252536,4.005124110068105,273000062,4.0805341216634865
2023-03-17,4.1475653648376465,4.189460125911987,4.072155354257107,4.105671003301358,237021730,4.136393615002247
2023-03-20,4.0553975105285645,4.20621793051341,4.038639686085804,4.147565345194723,228069271,4.100085042375926
2023-03-21,4.0302605628967285,4.1140496848777115,3.9716079777410163,4.063776211689122,150928089,4.038639408505152
2023-03-22,4.038639545440674,4.080533905319584,4.0051238977223305,4.038639545440674,148801781,4.041432449494196
2023-03-23,4.047018527984619,4.08053417794216,4.0135028780270785,4.021881990285495,117875043,4.047018527984619
2023-03-24,3.9213345050811768,4.047018387838622,3.9045766806827205,4.047018387838622,238414751,3.9576431912008396
2023-03-27,3.862682819366455,3.9213350125828312,3.837545879746508,3.9213350125828312,128807517,3.8738545705652645
2023-03-28,3.8878190517425537,3.9213347022244496,3.8375455760197097,3.8626825136501663,149316391,3.882233109995571
2023-03-29,3.8961985111236572,3.92133505145468,3.8626828576568903,3.92133505145468,94632181,3.8934054734117427
2023-03-30,4.038639545440674,4.0637760814604125,3.9548500266067803,3.996744786023727,334922067,4.019088551169289
2023-03-31,3.8961985111236572,3.9883667579263187,3.8878193979879128,3.9799876447905747,338791480,3.924128222345963
2023-04-03,3.8794405460357666,3.904577085470332,3.862682719900026,3.896198372171507,161889736,3.8822334504687084
2023-04-04,3.9548497200012207,3.9967444761702144,3.871060607201238,3.879439718250239,252886701,3.9408849344575576
2023-04-06,3.9380922317504883,3.9716078797156635,3.9213344077679,3.929713519528214,118391351,3.9436781730780175
2023-04-07,3.929713726043701,3.954850263569546,3.9129559011804513,3.9380924387062963,89742844,3.932506630264566
2023-04-10,3.9213345050811768,3.946471441447885,3.9045766806827205,3.912955792650973,117452801,3.924127542403928
2023-04-11,3.9213345050811768,3.9297136170494293,3.8961979682525167,3.9213345050811763,127418601,3.915748696794374
2023-04-12,4.013502597808838,4.038639533290993,3.9045765432828943,3.9213343670916525,272725040,3.985572891460908
2023-04-13,4.130807876586914,4.139186989299111,4.005124382208641,4.013503095382752,254466152,4.091706416031555
2023-04-14,4.1475653648376465,4.155944476867735,4.072155354257107,4.130807540315521,152631315,4.125221731987496
2023-04-17,4.3151445388793945,4.323523252399139,4.105671506890474,4.1308080469878075,316501927,4.248113099389669
2023-04-18,4.449206352233887,4.46596417580106,4.2816281165621515,4.298385940129325,404156684,4.3989328815323665
2023-04-19,4.53299617767334,4.608406595266249,4.440828333435441,4.449207046757936,305554802,4.527410368791677
2023-04-20,4.482722282409668,4.532995756285482,4.38217533465804,4.507859219116602,175592710,4.465964457784397
2023-04-21,4.465964317321777,4.591648197827356,4.407312132747071,4.465964317321777,221003007,4.488308215965401
2023-04-24,4.4911017417907715,4.574890871396589,4.4073126121849535,4.499480454982311,233691552,4.4911017417907715
2023-04-25,4.675436973571777,4.725710442159452,4.482721810883356,4.482721810883356,277814160,4.627956408871529
2023-04-26,4.574890613555908,4.641921913462681,4.465964551438371,4.6335432007433655,206042071,4.560925692818986
2023-04-27,4.608406066894531,4.633543003056151,4.482722185162526,4.524616945585876,132995502,4.574890418371069
2023-04-28,4.616785526275635,4.650301177321643,4.465964697030517,4.524617286130072,163141876,4.5776838002092655
2023-05-04,4.809500217437744,4.859774092472526,4.51623807727121,4.5832693779334965,243428065,4.728504129060494
2023-05-05,4.7927422523498535,4.943563073974906,4.734090065751716,4.809500077026187,188471978,4.823465130692159
2023-05-08,4.9686994552612305,5.153035920452936,4.792742101913712,4.792742101913712,336145648,4.971492492542626
2023-05-09,4.692194938659668,5.018972694153527,4.6670584033729225,5.002214870783022,384133202,4.792742012062039
2023-05-10,4.516238212585449,4.717332520135504,4.491101673852992,4.692195581864968,366385297,4.574890802191315
2023-05-11,4.507859706878662,4.60840666550973,4.482722767451846,4.5329962467673806,134545912,4.532996379946746
2023-05-12,4.390553951263428,4.524616944874236,4.365417414643808,4.516237832975666,210616470,4.426862770260491
2023-05-15,4.549753665924072,4.566511490862468,4.340280654425095,4.398933241478511,229131661,4.485515270403879
2023-05-16,4.474343299865723,4.583268953587936,4.46596418828969,4.524616770707828,137616225,4.507858813914449
2023-05-17,4.424069881439209,4.482722065014217,4.373796010463437,4.465964241201639,120865410,4.426862652305621
2023-05-18,4.549753665924072,4.633543190154112,4.424070178655136,4.424070178655136,246429874,4.535789011577774
2023-05-19,4.524617671966553,4.6000276934816196,4.465965077865402,4.532996385673511,113218236,4.530203481104524
2023-05-22,4.583269119262695,4.600026943482487,4.491101285822859,4.507859110042652,109151777,4.558132449522681
2023-05-23,4.465964317321777,4.650300781940103,4.457585605041694,4.55813254963094,154714905,4.524616901434524
2023-05-24,4.340280532836914,4.4659644161230165,4.331901820371468,4.45758570365757,153706577,4.3793822564438
2023-05-25,4.3151445388793945,4.357038905554318,4.25649194608878,4.331902365456984,106044702,4.309558463507497
2023-05-26,4.357038497924805,4.3989332602183,4.2816284851498025,4.306765022895449,64151100,4.345866747764302
2023-05-29,4.4156904220581055,4.440827355566627,4.348659132086051,4.348659132086051,113635451,4.401725636570261
2023-05-30,4.357038497924805,4.42407019750201,4.2900071978856635,4.407312372492224,114618617,4.357038631104159
2023-05-31,4.306765079498291,4.348659842342399,4.298386366652311,4.32352290472832,75437326,4.317937096164333
2023-06-01,4.323523044586182,4.365417808785507,4.256491741497726,4.306765218814068,95875539,4.315144198289805
2023-06-02,4.36541748046875,4.398933129492314,4.298386182421622,4.323522719420269,107823356,4.354245597460896
2023-06-05,4.407311916351318,4.4408275629021405,4.3319015118429585,4.357038046987063,96121856,4.393346997032139
2023-06-06,4.373795986175537,4.4743433280307014,4.357038162456015,4.382175097804315,134600858,4.4017258255540845
2023-06-07,4.424069881439209,4.440827705251787,4.3570381866508585,4.398932945951323,82549337,4.407311924447285
2023-06-08,4.549753665924072,4.583269315800863,4.36541759160172,4.424070178655136,152132658,4.499480191108885
2023-06-09,4.616785526275635,4.633543351798639,4.516238173599531,4.54975382464554,131108920,4.588855683891268
2023-06-12,4.574890613555908,4.616785375766672,4.507859313649136,4.608406263509294,145097109,4.566511767657238
2023-06-13,4.591648101806641,4.6167850371973085,4.558132454311106,4.558132454311106,62690407,4.588855197771685
2023-06-14,4.398932933807373,4.600026819003168,4.382175110041056,4.591648106889027,164970052,4.460378287617199
2023-06-15,4.36541748046875,4.4324487785158775,4.3486596559569675,4.4324487785158775,124695892,4.382175304980532
2023-06-16,4.290007591247559,4.398933663567908,4.273249764701204,4.373796723979327,163641480,4.32073033983889
2023-06-19,4.2397332191467285,4.298385799481678,4.206217573109048,4.290006688203249,144977251,4.248112197245818
2023-06-20,4.172702312469482,4.248112722788309,4.147565375850522,4.231354898221687,135404043,4.189460137036105
2023-06-21,4.181081295013428,4.239733884553633,4.147565643715619,4.172702581958015,90697453,4.18946027442756
2023-06-26,4.088913440704346,4.172702568682288,4.055397789513169,4.164323456115455,124602694,4.105671266299934
2023-06-27,4.155944347381592,4.164323059612574,4.055397403381563,4.08053393961255,106270818,4.125221603458576
2023-06-28,4.139186859130859,4.172702509849484,4.114049921322855,4.147565572041479,85470370,4.141979763434399
2023-06-29,4.088913440704346,4.139186917491111,4.080534328137513,4.139186917491111,86596535,4.102878228777656
2023-06-30,4.097291946411133,4.122428883301631,4.055397584311045,4.0889132338063385,114058245,4.091706138007936
2023-07-03,4.172702312469482,4.189460137036105,4.08891318963637,4.1056710142029935,162563605,4.1503585463806525
2023-07-04,4.172702312469482,4.206217961602727,4.1308075512839,4.15594448790286,103353025,4.169909275118703
2023-07-05,4.130807876586914,4.172702641071728,4.122429163412802,4.172702641071728,81215304,4.141979893690482
2023-07-06,4.105671405792236,4.172702710452013,4.088913579627293,4.122429231957181,95837005,4.122429231957181
2023-07-07,4.088913440704346,4.11404997932869,4.072155615108757,4.105671266299934,62137366,4.091706345047264
2023-07-10,4.097291946411133,4.130807595906426,4.0889132338063385,4.114049771158779,58963901,4.105670925374633
2023-07-11,4.139186859130859,4.155944684490172,4.097292095963542,4.114049921322855,92387674,4.130807879861525
2023-07-12,4.155944347381592,4.206217819381607,4.130807411612564,4.1391865233815865,117293579,4.1643231927919215
2023-07-13,4.286665439605713,4.295504127518875,4.171765025445625,4.1982806677332745,155202187,4.2513115308567375
2023-07-14,4.286665439605713,4.3662119450168255,4.268988485231225,4.286665439605713,114261482,4.307288623284588
2023-07-17,4.224796295166016,4.286665424533265,4.198280652971598,4.268988470220932,72539100,4.236580790890293
2023-07-18,4.207119464874268,4.251311641231913,4.189442088588993,4.224796419707695,79250937,4.215957731565058
2023-07-19,4.224796295166016,4.233634561596265,4.180603698659265,4.198280652971598,52924517,4.213011518473849
2023-07-20,4.233634948730469,4.268988860587986,4.21595799280171,4.224796681492026,90445592,4.239527267373388
2023-07-21,4.198281288146973,4.242473891339805,4.189442598927647,4.215958245133726,79078352,4.2100659261381415
2023-07-24,4.198281288146973,4.233635202120479,4.171765641940893,4.189442598927647,48178802,4.201227377402781
2023-07-25,4.383889198303223,4.392727465367178,4.24247355366501,4.24247355366501,162573511,4.339696739111804
2023-07-26,4.348535537719727,4.401566407514859,4.313181624522972,4.375050761891348,72992492,4.354427856585853
2023-07-27,4.401566505432129,4.428082151645507,4.348535634457272,4.357373902227132,97284678,4.392728097178303
2023-07-28,4.622528076171875,4.631366342789983,4.357373334399141,4.3750502890872,215154147,4.5370892511203325
2023-07-31,4.587174892425537,4.746267509784397,4.534144019972583,4.613690117926058,155685435,4.622528807394173
2023-08-01,4.560658931732178,4.631366756805253,4.534143708055716,4.569497620592253,84712721,4.575389798864382
2023-08-02,4.357373237609863,4.534143202015752,4.348534971188077,4.534143202015752,228509579,4.41335047027123
2023-08-03,4.401566505432129,4.436920419415367,4.330858677465653,4.348535634457272,122199048,4.3897818674377165
2023-08-04,4.454596996307373,4.534143506708103,4.428081773808371,4.428081773808371,139836580,4.472274092274616
2023-08-07,4.410404682159424,4.463435973491472,4.392727725532704,4.428082060238033,96030543,4.4221894603945335
2023-08-08,4.419242858886719,4.463435456056323,4.401565904309246,4.401565904309246,72261529,4.428081406417429
2023-08-09,4.419242858886719,4.428081546901376,4.392727216294588,4.401565904309246,50014659,4.4133505406942275
2023-08-10,4.410404682159424,4.436920327825447,4.375050768905985,4.4192433711987285,45627171,4.407458592963619
2023-08-11,4.348535537719727,4.428082053138369,4.330858581121349,4.4104046750881025,78647974,4.369158723993149
2023-08-14,4.295504570007324,4.330858482398177,4.260150657616472,4.31318152620275,86669510,4.295504570007324
2023-08-15,4.375051021575928,4.410404936871141,4.286666233337892,4.286666233337892,111283079,4.3573740639283205
2023-08-16,4.3308587074279785,4.366212621655807,4.286666103917242,4.357373932372899,92934872,4.3279124776670095
2023-08-17,4.286665439605713,4.33085803626785,4.242473264395412,4.3131810818933625,106944974,4.286665580089658
2023-08-18,4.322019100189209,4.419242554392348,4.277826927516373,4.277826927516373,145068518,4.339696194032643
2023-08-21,4.26015043258667,4.348535208895137,4.26015043258667,4.330858253633443,81455796,4.289612024689492
2023-08-22,4.348535537719727,4.348535537719727,4.26015075472784,4.286665978899461,95889082,4.319073943389097
2023-08-23,4.313180923461914,4.366211784637451,4.304342235873414,4.330857877187093,74106300,4.327911647990926
2023-08-24,4.268988609313965,4.339696428867114,4.260150342595745,4.322019473978827,102019215,4.289611793592274
2023-08-25,4.286665439605713,4.3131810818933625,4.242473264395412,4.260150218769899,101164736,4.280773261964829
2023-08-28,4.401566505432129,4.5253052043734625,4.357373902227132,4.436920419415367,188491232,4.428081870677574
2023-08-29,4.348535537719727,4.392727718489725,4.304342935497838,4.392727718489725,140770233,4.348535397235763
2023-08-30,4.3308587074279785,4.375050889486813,4.277827836086236,4.3308587074279785,126678820,4.3279124776670095
2023-08-31,4.295504570007324,4.348535438593602,4.260150657616472,4.330858482398177,106306777,4.301396888739133
2023-09-01,4.3308587074279785,4.348535664541893,4.304343061031156,4.304343061031156,95507156,4.3279124776670095
2023-09-04,4.419242858886719,4.463435456056323,4.348535040576826,4.357373307139642,166131406,4.410404451839956
2023-09-05,4.339696884155273,4.410404711126553,4.3220199274124536,4.410404711126553,92388698,4.357373840898093
2023-09-06,4.348535537719727,4.366212494318104,4.304342935497838,4.322019892096216,87789941,4.339696989178556
2023-09-07,4.339696884155273,4.40156644348109,4.3220199274124536,4.339696884155273,90894753,4.354427751682938
2023-09-08,4.3308587074279785,4.348535664541893,4.313181750314064,4.3308587074279785,40524015,4.3308587074279785
2023-09-11,4.313180923461914,4.339696143323772,4.286665282148235,4.330857877187093,70358592,4.313180782977974
2023-09-12,4.313180923461914,4.313180923461914,4.2955039697367345,4.313180923461914,50341089,4.307288605553521
2023-09-13,4.3308587074279785,4.339696975258985,4.29550479320015,4.313181750314064,68695885,4.322020158629038
2023-09-14,4.375051021575928,4.383889711125688,4.31318188053526,4.330858838182867,125956823,4.357374204412292
2023-09-15,4.410404682159424,4.472274241078886,4.366212501318571,4.375050768905985,172422815,4.41629714151896
2023-09-18,4.410404682159424,4.410404682159424,4.357373812279266,4.392727725532704,84294582,4.392727725532705
2023-09-19,4.472273826599121,4.489950781587582,4.3838890516568165,4.392727318425121,118975008,4.448704553281173
2023-09-20,4.525305271148682,4.534143960500864,4.4457591742385665,4.472274399391304,103095691,4.501736135296038
2023-09-21,4.454596996307373,4.542981773723816,4.44575872929166,4.5164665512248146,80867266,4.481112499774283
2023-09-22,4.481112957000732,4.498789913733497,4.41924339771011,4.4722742679084035,76374439,4.4663820894814465
2023-09-25,4.472273826599121,4.5164664247961985,4.436919916622199,4.4811125148192765,87377407,4.475220056005839
2023-09-26,4.436920166015625,4.525304945925921,4.428081898750532,4.472274077979743,94338554,4.463435670230693
2023-09-27,4.392727851867676,4.463436101860014,4.383889584026072,4.454597412566509,84987679,4.413351179251254
2023-09-28,4.392727851867676,4.436920455431399,4.383889584026072,4.4104048090027845,65054202,4.404512630441715
2023-10-09,4.383889198303223,4.401566153882999,4.330858331563893,4.3750505097874015,64731240,4.372104561250038
2023-10-10,4.357373237609863,4.428081476243319,4.348534971188077,4.401565834074294,69777700,4.37799656168042
2023-10-11,4.348535537719727,4.392727718489725,4.313181624522972,4.375050761891348,90116845,4.351481626910808
2023-10-12,4.472273826599121,4.472273826599121,4.3838890516568165,4.401566006645277,162418912,4.442812234951686
2023-10-13,4.489951133728027,4.542982002852545,4.428081997142032,4.445758953516871,130447503,4.487005044574201
2023-10-16,4.534143447875977,4.5518204031299,4.4545969385073905,4.498789537368129,89536131,4.513520263171089
2023-10-17,4.551820278167725,4.5606585448261185,4.498789413861822,4.52530463528885,74285584,4.537089412285222
2023-10-18,4.534143447875977,4.578335625284858,4.516466492622053,4.542981714777009,77866510,4.542981855260963
2023-10-19,4.419242858886719,4.534143274366215,4.410404170872062,4.534143274366215,90879492,4.454596768041665
2023-10-20,4.348535537719727,4.401566407514859,4.339696848694594,4.401566407514859,106199600,4.36326626464306
2023-10-23,4.268988609313965,4.36621207192547,4.23363469953739,4.330858162148895,105138500,4.289611793592275
2023-10-24,4.189442157745361,4.295504309948575,4.171765202620135,4.286665621660034,132028898,4.2189038901046905
2023-10-25,4.198281288146973,4.233635202120479,4.180604331160219,4.224796934353052,120006378,4.204173607142557
2023-10-26,4.242473602294922,4.260150558077323,4.171765357713449,4.189442313495849,95002372,4.224796506028564
2023-10-27,4.233634948730469,4.277827549278301,4.1982810368729515,4.233634948730469,101758012,4.236581178293907
2023-10-30,4.030350208282471,4.207120209349093,4.003834982066227,4.207120209349093,288566250,4.080435133232597
2023-10-31,4.039188861846924,4.0568658196502225,3.986157988437028,4.021511904043625,116710174,4.027404223311391
2023-11-01,4.07454252243042,4.092219479127328,4.030349919962203,4.048026876659111,122398139,4.065703973839984
2023-11-02,4.127573013305664,4.145249968378525,4.065703459824723,4.0745421480870805,113313442,4.112842147169637
2023-11-03,4.101057052612305,4.136410960022183,4.092218786485745,4.127572693895623,78925600,4.109895599706744
2023-11-06,4.083380699157715,4.118734611764562,4.065703742854292,4.109896344338791,101084522,4.089273017925523
2023-11-07,4.065703392028809,4.083380346806905,4.039188170587587,4.07454208014378,79890165,4.0627573031411
2023-11-08,4.030350208282471,4.065704124205411,4.021511940027697,4.048027166243941,72324271,4.039188757505193
2023-11-09,4.07454252243042,4.083380790052928,4.021511652339694,4.030349919962203,73871968,4.059811654941014
2023-11-10,4.039188861846924,4.083381045629211,4.021511904043625,4.065704087825912,71321347,4.048027270506586
2023-11-13,4.003834247589111,4.048026423660061,3.959641650066317,4.030349468941312,129660512,4.003834107105163
2023-11-14,4.003834247589111,4.0215112023078605,3.9684799166997693,3.9949955595038147,102504325,3.9979417888655804
2023-11-15,4.030350208282471,4.048027166243941,4.003834982066227,4.021511940027697,90874479,4.0274041188642125
2023-11-16,4.012672424316406,4.04802633296178,4.012672424316406,4.030349378639093,59512800,4.024457060531531
2023-11-17,3.97731876373291,4.021511363021799,3.97731876373291,4.012672674583277,68161595,3.992049630162539
2023-11-20,3.994995594024658,4.00383428218633,3.9684799509914903,3.9861573273148343,61421883,3.989103275734159
2023-11-21,4.021511077880859,4.039188032052677,3.9949954358972173,3.9949954358972173,95683938,4.018564848610251
2023-11-22,3.994995594024658,4.030349503767649,3.994995594024658,4.012672548896154,50624666,4.0067802306056555
2023-11-23,4.003834247589111,4.012672514222563,3.9861572928703626,3.9949955595038147,46603962,4.000888018227346
2023-11-24,4.012672424316406,4.021511112203667,3.99499546999372,4.003834157880981,72667074,4.009726335504598
2023-11-27,3.9331259727478027,4.021511167017782,3.9154490181841752,4.012672479010048,131209352,3.9566953859832537
2023-11-28,3.9331259727478027,3.959641615319165,3.906610751628282,3.9331259727478027,86817041,3.9331261132317494
2023-11-29,3.8447415828704834,3.9331263644918506,3.8270646265462096,3.9331263644918506,173181350,3.8683108579695147
2023-11-30,3.8800954818725586,3.9066111269916535,3.8359033019432425,3.844741569348353,121728934,3.874203303602485
2023-12-01,3.9066109657287598,3.924287921261167,3.880095321704217,3.880095321704217,89850487,3.903664736231381
2023-12-04,3.8889341354370117,3.9242880476403763,3.8800954466602318,3.9066110915386942,60524182,3.8977725432458734
2023-12-05,3.8447415828704834,3.888934184407108,3.8447415828704834,3.888934184407108,62398335,3.8594724500493585
2023-12-06,3.8359029293060303,3.8535798838509123,3.7828720656713832,3.844741195852551,70403341,3.8241182929427757
2023-12-07,3.8270645141601562,3.844741469965326,3.7828723353731672,3.8359032027886766,85013557,3.8182261064995497
2023-12-08,3.8624184131622314,3.9066110132568315,3.8093875459198334,3.8270645016672993,105931464,3.8594723241129656
2023-12-11,3.8535802364349365,3.871257192597175,3.782872411785982,3.8447415476278777,110281993,3.835903280272698
2023-12-12,3.8977720737457275,3.8977720737457275,3.8270642553075405,3.8447412099170872,87122126,3.8742028009329985
2023-12-13,3.8447415828704834,3.8977724518433035,3.8447415828704834,3.8977724518433035,65207314,3.8624185391947568
2023-12-14,3.8093879222869873,3.8712574842417595,3.8093879222869873,3.8624187947688307,64121483,3.8300111096052447
2023-12-15,3.8359029293060303,3.871256838395795,3.818225974761148,3.8270642413076685,77276387,3.8417952474876578
2023-12-18,3.8093879222869873,3.835903569253864,3.7917109647930394,3.8182266117599166,86150229,3.8123341521112972
2023-12-19,3.791710615158081,3.8182262596799412,3.765195392088093,3.800549303815992,89564218,3.7917107556420384
2023-12-20,3.765195608139038,3.8182264787738545,3.756356918973954,3.7917108327304985,80325344,3.7799263352956154
2023-12-21,3.782872438430786,3.7917107058482187,3.738679836987978,3.756356793274725,70828007,3.7710876604223276
2023-12-22,3.791710615158081,3.8093875710220306,3.7563567034301824,3.791710615158081,94891867,3.7858182965367644
2023-12-25,3.782872438430786,3.8093876621349656,3.7740337495614718,3.800549394717533,66734600,3.788764616709075
2023-12-26,3.7475180625915527,3.7917106635412714,3.7475180625915527,3.7828723962224537,66051800,3.7622489295747923
2023-12-27,3.791710615158081,3.8093875710220306,3.721002791702283,3.7475180147722713,85894753,3.7740336592941315
2023-12-28,3.8447415828704834,3.8535802717585614,3.7828724464614676,3.791710713897663,138359073,3.827064767030171
2023-12-29,3.8447415828704834,3.8624185391947568,3.835903315434288,3.8447415828704834,66568075,3.8476878124998426
2024-01-02,3.8182263374328613,3.87125720610461,3.8093876485949627,3.8447415610427957,81385705,3.8329570640441446
2024-01-03,3.8535802364349365,3.862418503790116,3.8093876353034,3.8093876353034,99465801,3.841795458509484
2024-01-04,3.8800954818725586,3.8800954818725586,3.8359033019432425,3.853580258205345,95374926,3.865364755229453
2024-01-05,3.941964864730835,3.986157464152552,3.8624183543524895,3.871257042817578,206139481,3.9301802277452924
2024-01-08,3.9154491424560547,3.959641740993667,3.8889339204949707,3.933126097580729,123719675,3.921341601314898
2024-01-09,3.8800954818725586,3.9066111269916535,3.853580258205345,3.9066111269916535,103809404,3.880095622356519
2024-01-10,3.8712570667266846,3.906610977901661,3.862418378207008,3.8712570667266846,74885309,3.8800954742784515
2024-01-11,3.8447415828704834,3.888934184407108,3.835903315434288,3.8624185391947568,86225997,3.8565263609039597
2024-01-12,3.8359029293060303,3.8800951049423156,3.8359029293060303,3.8359029293060303,71175434,3.8506336545181252
2024-01-15,3.8712570667266846,3.8800953337944963,3.8093875114445437,3.8270644670320317,70525242,3.8535799706552414
2024-01-16,3.95080304145813,3.9508030414581303,3.853579999275128,3.862418266086377,158107182,3.9183953607304627
2024-01-17,3.9154491424560547,3.986157384406605,3.906610875619645,3.941964785868993,139403088,3.9360724674941014
2024-01-18,3.9154491424560547,3.9242878307443188,3.7917104565833366,3.897772187331381,154166827,3.877149143261237
2024-01-19,3.8889341354370117,3.9066110915386942,3.8624184905585497,3.8889341354370117,90074695,3.8859879058447517
2024-01-22,3.8977720737457275,3.9419646709955156,3.8712568525573285,3.8800951191361808,164969666,3.9036645324328574
2024-01-23,3.9066109657287598,3.924287921261167,3.86241836617181,3.880095321704217,114566147,3.8977724177205793
2024-01-24,3.959641933441162,3.968480200707132,3.8977723767718766,3.9242880214735347,153086037,3.94196483697339
2024-01-25,4.092219352722168,4.092219352722168,3.9508032820632284,3.959641970864609,227006697,4.045080662502522
2024-01-26,4.118734359741211,4.145250003299808,4.048026538854095,4.083380449297653,145742279,4.104003633965038
2024-01-29,4.198281288146973,4.260150848326559,4.118734770980633,4.127573460199959,190795502,4.192388969151388
2024-01-30,4.154088497161865,4.242473699551935,4.10989631741871,4.180604142169262,154170591,4.168819504710837
2024-01-31,4.180604457855225,4.224797062387333,4.127573585287841,4.136411853323116,147809597,4.177658368510133
2024-02-01,4.14525032043457,4.198281190157064,4.136411631421543,4.1717655445698725,124680059,4.159981047337726
2024-02-02,4.154088497161865,4.2071197871766595,4.092219361231072,4.154088497161865,162281773,4.151142548523199
2024-02-05,4.207119464874268,4.242473374541123,4.136411224088709,4.154088178922137,218287182,4.195334687834699
2024-02-06,4.295504570007324,4.31318152620275,4.198281100206541,4.207119789030194,200782325,4.268989065472205
2024-02-07,4.207119464874268,4.2955042390414055,4.127572957397919,4.2866655508987686,245966237,4.210065553771197
2024-02-08,4.14525032043457,4.189442501144037,4.056865537563747,4.189442501144037,219024952,4.130519453047452
2024-02-19,4.242473602294922,4.242473602294922,4.127573178983381,4.162927090548183,212866395,4.204173461191075
2024-02-20,4.277827262878418,4.2866655295251395,4.198280755798694,4.233634665289273,151548162,4.254257849400751
2024-02-21,4.366212844848633,4.410405029166491,4.242474138725937,4.260151096743465,177550217,4.339697337580354
2024-02-22,4.366212844848633,4.375051113131435,4.322020239078851,4.339697197096379,94992886,4.354428065686307
2024-02-23,4.410404682159424,4.463435973491472,4.366212501318571,4.375050768905985,117997168,4.413351052323155
2024-02-26,4.268988609313965,4.410404248420264,4.242473387707458,4.401565981702045,157439281,4.307288748480562
2024-02-27,4.286665439605713,4.304342393980201,4.242473264395412,4.242473264395412,96162490,4.277827032660442
2024-02-28,4.251311779022217,4.313181333670407,4.224796556638608,4.286665689834937,120786121,4.263096556443744
2024-02-29,4.286665439605713,4.286665439605713,4.242473264395412,4.2513115308567375,101779411,4.271934714535612
2024-03-01,4.277827262878418,4.2866655295251395,4.251311620034562,4.268988574779851,102602793,4.271934804146039
2024-03-04,4.207119464874268,4.26898859606534,4.189442088588993,4.26015032937455,159436447,4.221850049842867
2024-03-05,4.286665439605713,4.286665439605713,4.180603713358787,4.189441979820113,161339202,4.2513115308567375
2024-03-06,4.26015043258667,4.304342610014975,4.242473477324976,4.2778273878483635,103296514,4.268988839975541
2024-03-07,4.277827262878418,4.304342484270429,4.242473353387839,4.242473353387839,81919214,4.274881033512229
2024-03-08,4.295504570007324,4.304342837379098,4.260150657616472,4.268988924988245,89970034,4.2866660216676316
2024-03-11,4.295504570007324,4.31318152620275,4.25131196879282,4.295504570007324,85502522,4.2866660216676316
2024-03-12,4.242473602294922,4.2955044696421245,4.233634913677786,4.2955044696421245,108188931,4.257204328538278
2024-03-13,4.189442157745361,4.242473444572894,4.189442157745361,4.242473444572894,101583798,4.207119253354539
2024-03-14,4.189442157745361,4.233634756284355,4.171765202620135,4.189442157745361,77082201,4.1982807055499505
2024-03-15,4.189442157745361,4.215957801159128,4.162926935783449,4.189442157745361,85186860,4.189442298229313
2024-03-18,4.207119464874268,4.215957731565058,4.162926867064774,4.189442088588993,76386616,4.195334687834699
2024-03-19,4.16292667388916,4.207119269647949,4.1540879861566715,4.207119269647949,111607999,4.174711309897927
2024-03-20,4.180604457855225,4.198281415377686,4.136411853323116,4.1629275003327635,68870160,4.1717659088520085
2024-03-21,4.207119464874268,4.224796419707695,4.171765133755565,4.1806038218982025,75562397,4.201227006112509
2024-03-22,4.189442157745361,4.207119534322442,4.154088247494908,4.207119534322442,74710130,4.183549979854237
2024-03-25,4.189442157745361,4.224796489447669,4.171765202620135,4.189442157745361,89346710,4.195334616604388
2024-03-26,4.26015043258667,4.26015043258667,4.189442190088039,4.198280878444814,107155667,4.23658101842046
2024-03-27,4.286665439605713,4.3131810818933625,4.2513115308567375,4.260150218769899,139706297,4.2837193507852716
2024-03-28,4.207119464874268,4.277827284207978,4.19828077673163,4.26898859606534,129744536,4.227742508604625
2024-03-29,4.198281288146973,4.242473891339805,4.180604331160219,4.189442598927647,55545253,4.207119836882332
2024-04-01,4.198281288146973,4.215958245133726,4.171765641940893,4.198281288146973,112695689,4.195335058407197
2024-04-02,4.198281288146973,4.215958245133726,4.189442598927647,4.198281288146973,131179167,4.201227377402781
2024-04-03,4.16292667388916,4.19828058191546,4.1540879861566715,4.189441894182972,108283280,4.171765080653764
2024-04-08,4.198281288146973,4.198281288146973,4.136411727967386,4.154088684954139,119654833,4.177658101420444
2024-04-09,4.14525032043457,4.215958146731229,4.14525032043457,4.198281190157064,140256068,4.16881959586679
2024-04-10,4.136411666870117,4.171765580321425,4.127573399233236,4.145250355958891,123870273,4.145250215474927
2024-04-11,4.101057052612305,4.136410960022183,4.083380098907365,4.127572693895623,112883368,4.106949370513951
2024-04-12,4.065703392028809,4.118734256363098,4.048026437250712,4.092219034921876,141844508,4.077488028547539
2024-04-15,4.180604457855225,4.189442725890499,4.056865755197997,4.0657040232332715,197355128,4.14230431298124
2024-04-16,4.233634948730469,4.268988860587986,4.171765392253877,4.180604080944193,211865643,4.22479640052411
2024-04-17,4.295504570007324,4.304342837379098,4.171765455187463,4.207119789030194,209406862,4.257204287524629
2024-04-18,4.339696884155273,4.392727754383733,4.268989057183994,4.27782774628135,201388477,4.333804565241
2024-04-19,4.313180923461914,4.357373097048951,4.2955039697367345,4.322019189598593,116712466,4.322019330082533
2024-04-22,4.277827262878418,4.3750503032515855,4.260150308133129,4.330858127114285,140341883,4.304342624754377
2024-04-23,4.286665439605713,4.339696302729176,4.242473264395412,4.268988485231225,138563566,4.2896116689101005
2024-04-24,4.251311779022217,4.295504378264047,4.242473512044968,4.277827422857687,96499881,4.263096556443744
2024-04-25,4.277827262878418,4.295504217623707,4.2247963986425505,4.251311620034562,158763706,4.266042626381559
2024-04-26,4.189442157745361,4.295504309948575,4.180603890908675,4.268988666534807,218082600,4.221850119534204
2024-04-29,4.189442157745361,4.224796489447669,4.162926935783449,4.189442157745361,149012587,4.192388527658826
2024-04-30,4.242473602294922,4.251311869460188,4.180604046330584,4.180604046330584,130014508,4.224796506028564
2024-05-06,4.286665439605713,4.3131810818933625,4.260150218769899,4.286665439605713,162675732,4.286665580089658
2024-05-07,4.295504570007324,4.31318152620275,4.260150657616472,4.286665881183671,159269142,4.289612251275515
2024-05-08,4.277827262878418,4.313181172368996,4.277827262878418,4.2866655295251395,79411551,4.289611899375277
2024-05-09,4.295504570007324,4.31318152620275,4.268988924988245,4.2778276138118985,102505200,4.29255834039944
2024-05-10,4.419242858886719,4.445758501478849,4.277827222266933,4.295504176844406,253806031,4.3809428608775
2024-05-13,4.392727851867676,4.41924349829629,4.366212626890963,4.4015665411611815,144791331,4.3927279923516425
2024-05-14,4.383889198303223,4.4369200650425515,4.366212242723446,4.410404420946954,111773731,4.395673835356407
2024-05-15,4.366212844848633,4.419243718901217,4.357374155113908,4.375051113131435,98493358,4.380943572954585
2024-05-16,4.445758819580078,4.481112731264654,4.3750505747590545,4.3750505747590545,162214487,4.433974041867929
2024-05-17,4.472273826599121,4.4811125148192765,4.392727318425121,4.445758604842355,186231209,4.448704553281172
2024-05-20,4.489951133728027,4.551820691765907,4.445758953516871,4.463435909891711,146997021,4.495843593003602
2024-05-21,4.481112957000732,4.507628181373933,4.463436000267968,4.481112957000732,96483714,4.4840590462142105
2024-05-22,4.4987897872924805,4.551820656000313,4.472274142212624,4.481112831056537,127159191,4.507628195168473
2024-05-23,4.463435649871826,4.498789560561943,4.445758694526767,4.489950872163484,105216648,4.4693279683201785
2024-05-24,4.463435649871826,4.534143471252061,4.445758694526767,4.463435649871826,119887271,4.481112605216885
2024-05-27,4.551820278167725,4.5606585448261185,4.472273770982947,4.472273770982947,145600306,4.52825086465893
2024-05-28,4.534143447875977,4.578335625284858,4.516466492622053,4.5518204031299,98827475,4.542981855260963
2024-05-29,4.481112957000732,4.534143827199027,4.445759043535203,4.525305138106698,118156543,4.487005275911653
2024-05-30,4.463435649871826,4.498789560561943,4.436920006128308,4.463435649871826,97385851,4.466381738854026
2024-05-31,4.445758819580078,4.5076279543021505,4.445758819580078,4.472274042617574,101993957,4.466381864487436
2024-06-03,4.436920166015625,4.472274077979743,4.401566254051506,4.4634358107146515,127100510,4.436920166015625
2024-06-04,4.454596996307373,4.472273951790662,4.401566129857507,4.436920040824084,125545125,4.442812359318514
2024-06-05,4.436920166015625,4.48111276669671,4.4192432100335655,4.454597121997684,89349294,4.445758714248633
2024-06-06,4.410404682159424,4.445759016864752,4.392727725532704,4.428082060238033,103988973,4.41629714151896
2024-06-07,4.463435649871826,4.463435649871826,4.401566095438191,4.41040436238479,145613394,4.442812465060615
2024-06-11,4.348535537719727,4.463435966335124,4.348535537719727,4.445759009736747,163269517,4.386835680591526
2024-06-12,4.304342746734619,4.348535347018479,4.26015056790263,4.339696658380959,162205596,4.304342887218576
2024-06-13,4.268988609313965,4.322019473978827,4.242473387707458,4.295504252372321,129051034,4.277827157000083
2024-06-14,4.198281288146973,4.304343030067493,4.198281288146973,4.260150848326559,339752784,4.233635202120479
2024-06-17,4.180604457855225,4.215958372900147,4.1629275003327635,4.198281415377686,191437525,4.186496777029379
2024-06-18,4.198281288146973,4.207119977366299,4.154088684954139,4.180604331160219,151222938,4.186496650155804
2024-06-19,4.242473602294922,4.260150558077323,4.189442313495849,4.198281002112985,157971259,4.230688824622699
2024-06-20,4.242473602294922,4.268988825242588,4.224796646512521,4.242473602294922,104969670,4.245419691350011
2024-06-21,4.251311779022217,4.268988734428577,4.233634823615857,4.242473512044968,114079647,4.251311779022217
2024-06-24,4.304342746734619,4.322019702557789,4.23363492344194,4.26015056790263,151788601,4.286665790911449
2024-06-25,4.304342746734619,4.330858391195309,4.286665790911449,4.304342746734619,118165884,4.30728897628046
2024-06-26,4.357373237609863,4.3750501919052684,4.304342374723647,4.313181062597267,130611408,4.345588601412927
2024-06-27,4.436920166015625,4.454597121997684,4.348535386105328,4.366212342087388,154809518,4.413350891372879
2024-06-28,4.481112957000732,4.489951224641168,4.41924339771011,4.445759043535203,130860663,4.463435859784004
2024-07-01,4.489951133728027,4.534143735391068,4.472274177353189,4.48111286626655,126996107,4.498789682157429
2024-07-02,4.560658931732178,4.5783358880004466,4.481112839250909,4.4899511066591025,143910581,4.5400358863278445
2024-07-03,4.525305271148682,4.59601310015852,4.498790045995945,4.569497875005783,101726299,4.540036139101049
2024-07-04,4.569497108459473,4.596012329164204,4.525304512015807,4.542981466302906,105147276,4.563604649879828
2024-07-05,4.569497108459473,4.569497108459473,4.569497108459473,4.569497108459473,0,4.569497108459473
2024-07-08,4.5164666175842285,4.534143573327241,4.428081838869168,4.44575879461218,123584956,4.492897343260212
2024-07-09,4.481112957000732,4.516466870466262,4.45459731117564,4.507628181373933,127293825,4.484059046214211
2024-07-10,4.534143447875977,4.5518204031299,4.481112582114205,4.489950849015238,130350090,4.522358811040028
2024-07-11,4.497825622558594,4.590948218917697,4.441952064743131,4.58163618130357,206234331,4.510241968739808
2024-07-12,4.58163595199585,4.590947989143916,4.479200879105857,4.497825397445534,161942920,4.550594940081875
2024-07-15,4.6747589111328125,4.684071393056389,4.553699310387794,4.581636312114943,152037648,4.637509871525665
2024-07-16,4.656134128570557,4.702695647473683,4.618885091065477,4.684071128721143,116747491,4.659238289036572
2024-07-17,4.6747589111328125,4.7213204326635365,4.637509871525665,4.656134391329239,115780183,4.677863071774005
2024-07-18,4.656134128570557,4.674758647323096,4.609572609667429,4.665446609968603,104427568,4.646821795187027
2024-07-19,4.637509346008301,4.656133863701365,4.553698794367747,4.656133863701365,141860892,4.6157806680258044
2024-07-22,4.572323799133301,4.61888532034775,4.525762721962427,4.60957283848743,127090997,4.572323947147826
2024-07-23,4.646821975708008,4.693383497903087,4.553699375361436,4.5630118574178855,178270556,4.631301616324177
2024-07-24,4.6840715408325195,4.702696061223672,4.637510017832843,4.646822056006623,122671025,4.674759206629678
2024-07-25,4.646821975708008,4.721320500028851,4.5816363774872,4.693383497903087,134050470,4.64992628440802
2024-07-26,4.544386863708496,4.66544645356336,4.488513309323991,4.656133972477507,141290287,4.566115542198616
2024-07-29,4.618885040283203,4.628197077535315,4.497825447700904,4.516449966248677,108644626,4.581635855173141
2024-07-30,4.58163595199585,4.646821544162946,4.57232347080424,4.609572507483593,90720516,4.600260322321012
2024-07-31,4.497825622558594,4.609572738189518,4.488513584944466,4.590948218917697,188336522,4.531970648564193
2024-08-01,4.479201316833496,4.553699397472489,4.441952276514,4.488513798935164,151170148,4.491617663606662
2024-08-02,4.488513469696045,4.507137988489657,4.451264432108821,4.469888950902433,105311801,4.482305296764841
2024-08-05,4.46057653427124,4.497825572399486,4.432639977696836,4.469889015825082,138720121,4.463680694789187
2024-08-06,4.404703140258789,4.46988918141993,4.386078620504689,4.460576699521091,112082833,4.42022364739447
2024-08-07,4.404703140258789,4.44195217976699,4.3953906583599505,4.404703140258789,81176097,4.414015326128577
2024-08-08,4.386078357696533,4.42332739497282,4.386078357696533,4.4140149136319735,63545500,4.398494703455295
2024-08-09,4.404703140258789,4.44195217976699,4.386078620504689,4.404703140258789,82107000,4.410911313510156
2024-08-12,4.395390510559082,4.432639992858297,4.376765991431255,4.4047029921447765,71040683,4.401598831616211
2024-08-13,4.479201316833496,4.488513798935164,4.386078716034755,4.395390754092836,142599982,4.451264610601139
2024-08-14,4.46057653427124,4.516450091463609,4.441952015207118,4.469889015825082,95277931,4.472992880313989
2024-08-15,4.516449928283691,4.525762409501072,4.451264335936205,4.460576373110041,128620637,4.49782555790699
2024-08-16,4.618885040283203,4.628197077535315,4.507137928996564,4.525762447544338,162686819,4.5847400156050275
2024-08-19,4.712007999420166,4.712007999420166,4.5909483974244685,4.618885399440239,162078838,4.6716547987549335
2024-08-20,4.721320152282715,4.749256708307243,4.684071114887643,4.712007670912171,138845023,4.7182159918258675
2024-08-21,4.721320152282715,4.739944670980251,4.6561341148195625,4.702695633585178,101899242,4.7057996460275096
2024-08-22,4.777193546295166,4.805130101371866,4.712007511043639,4.7213199920982305,144761346,4.764777052903557
2024-08-23,4.777193546295166,4.814442582426457,4.730632029109285,4.78650558330622,114446383,4.774089385943636
2024-08-26,4.786506175994873,4.805130696366698,4.730632614879399,4.767881655623048,94161431,4.7740898290803235
2024-08-27,4.823755264282227,4.861004305393009,4.7771941849155475,4.786506223171445,125107722,4.820651251530261
2024-08-28,4.758569240570068,4.842379353583543,4.730632240203206,4.814442797260237,96169500,4.777193611452272
2024-08-29,4.563011646270752,4.7678813575531445,4.5536991646452245,4.758569319971182,173825830,4.628197389489707
2024-08-30,4.404703140258789,4.590948337799796,4.404703140258789,4.553699298291594,307456038,4.466784872772458
2024-09-02,4.414015293121338,4.46057681574154,4.367454214544725,4.395390772881974,212353240,4.414015441135867
2024-09-03,4.311580181121826,4.414014809185995,4.283643181803891,4.414014809185995,222445242,4.336412724037237
2024-09-04,4.302268028259277,4.330205029708773,4.24639446940386,4.292955990471828,170677816,4.292955842457303
2024-09-05,4.302268028259277,4.348829549327245,4.283643508640805,4.320892547877749,131490635,4.311580362075776
2024-09-06,4.404703140258789,4.44195217976699,4.302268059589447,4.3115805414882855,176142051,4.382974459871742
2024-09-09,4.311580181121826,4.395390290988552,4.292955662924382,4.395390290988552,159027800,4.333308711678254
2024-09-10,4.320892333984375,4.348829334050929,4.274331259264853,4.320892333984375,134620183,4.314684309100053
2024-09-11,4.199833393096924,4.311580510826848,4.171896391642656,4.302268028994233,170632290,4.227770098522143
2024-09-12,4.22776985168457,4.246394370870881,4.143959293324391,4.199833294926886,139793383,4.2060411719599475
2024-09-13,4.255706787109375,4.311580343809974,4.218457749308976,4.218457749308976,134863307,4.261914960076108
2024-09-18,4.330204963684082,4.339517001329546,4.274331405680596,4.28364344332606,107427340,4.314684456898075
2024-09-19,4.311580181121826,4.358141254593665,4.292955662924382,4.339516736396221,117273955,4.3208923662132905
2024-09-20,4.386078357696533,4.404702876334676,4.3022678018031115,4.3208923204412555,147025607,4.364349678611441
2024-09-23,4.432640075683594,4.451264595159425,4.358141553736697,4.38607855497223,83463489,4.414015408193239
2024-09-24,4.600260257720947,4.609572294438631,4.441951637128625,4.460576154607514,215408882,4.550594729762735
2024-09-25,4.665446758270264,4.758569354993074,4.5909482368484476,4.646821794882134,215840283,4.671654783370595
2024-09-26,4.805130958557129,4.805130958557129,4.6561347874526025,4.6654472701684435,272632417,4.755465568188954
2024-09-27,4.702695846557617,4.926190081049504,4.674758845224345,4.84237952109326,130864086,4.767881590943822
2024-09-30,4.898253440856934,4.98206355535112,4.656134246878349,4.75856932464187,534112226,4.845483747695467
2024-10-08,5.0565619468688965,5.391803757834777,4.963439344946039,5.382491719664287,534711176,5.137268349883237
2024-10-09,4.805130958557129,5.028625659257534,4.786506437169063,5.000688655153628,342051429,4.8734210183279085
2024-10-10,5.075186252593994,5.149684775024892,4.842379535611819,4.842379535611819,349996457,5.022416854410235
2024-10-11,5.075186252593994,5.280056412202709,5.010000656026872,5.028625175623703,255569539,5.121747773607859
2024-10-14,5.252119541168213,5.2986810633379555,5.103123380694773,5.205558463042055,346349681,5.217974661733646
2024-10-15,5.103122711181641,5.242806815321182,5.103122711181641,5.214869816875863,209730582,5.149684079228154
2024-10-16,5.280055999755859,5.345241591231067,5.0658738191011645,5.0658738191011645,242126428,5.230390470029364
2024-10-17,5.252119541168213,5.429052703752216,5.252119541168213,5.252119541168213,193372195,5.311097262029548
2024-10-18,5.252119541168213,5.3266176214049334,5.140372420813133,5.289368581286573,257503704,5.239703194462093
2024-10-21,5.158996105194092,5.214869656320974,5.075185556482012,5.214869656320974,234608664,5.149683772665693
2024-10-22,5.158996105194092,5.205557619821583,5.121747071109503,5.131059551652407,136156561,5.162100265375059
2024-10-23,5.168309211730957,5.205558250327209,5.140372210761985,5.168309211730957,121695145,5.171413224273383
2024-10-24,5.158996105194092,5.2241821368638774,5.131059551652407,5.149684068694701,96563959,5.171412597903458
2024-10-25,5.112435340881348,5.168309344251961,5.056561781554312,5.158996862342333,129829319,5.112435488895874
2024-10-28,5.0472493171691895,5.103122871774617,5.0100002807655715,5.084498353572807,106218318,5.053457489903126
2024-10-29,5.019312858581543,5.10312342154047,5.000688338373291,5.047249860915715,118701858,5.041041539498434
2024-10-30,4.907565116882324,5.037936741857568,4.879628118080149,5.010000187098925,145774879,4.9417099922733465
2024-10-31,4.851691722869873,4.94481431520025,4.814442685937722,4.926189796734175,184512557,4.870316241335948
2024-11-01,4.898253440856934,4.954126998534246,4.842379439136057,4.851691920770724,183694976,4.898253292842412
2024-11-04,4.935502529144287,4.935502529144287,4.805130449203906,4.888941008587927,115221994,4.89204516916416
2024-11-05,4.954126834869385,4.963438872152855,4.888940797710895,4.916877797648405,134223600,4.935502168244379
2024-11-06,4.879628658294678,4.963439219936181,4.8703166203587225,4.94481470002069,169843274,4.9044614995298605
2024-11-07,4.9820637702941895,4.991376252330629,4.851692130089121,4.861004168081976,153719764,4.941710717571313
2024-11-08,4.926189422607422,5.028624488413027,4.898252869051765,5.000687490813857,169123784,4.951022260024072
2024-11-11,4.842379570007324,4.907565611081037,4.823755050278203,4.870316571622794,189553836,4.8579000771221885
2024-11-12,4.795818328857422,4.8889409243215,4.777193809764606,4.84237940456768,160210008,4.820651020981177
2024-11-13,4.833067417144775,4.842379454765935,4.767881377622392,4.777193859287118,117011372,4.814442749844368
2024-11-14,4.833067417144775,4.879628493337706,4.786505896908278,4.805130416194164,155928001,4.833067269130253
2024-11-15,4.888940811157227,4.935502329833287,4.805130255157738,4.833067255172084,213700687,4.876524465382751
2024-11-18,4.963438987731934,5.028625026408351,4.916877912143258,4.916877912143258,272891592,4.969647308761181
2024-11-19,4.935502529144287,5.019312644484739,4.888941008587927,4.972751567971947,185107763,4.947918727405651
2024-11-20,4.944814682006836,4.972751683800091,4.90756564231155,4.935502644104805,114254360,4.941710669372825
2024-11-21,4.935502529144287,4.954127048558117,4.916878009730457,4.935502529144287,76691329,4.935502529144287
2024-11-22,4.842379570007324,4.963439170268401,4.833067532164551,4.935502612696507,144462701,4.879628757480092
2024-11-25,4.879628658294678,4.916878142169242,4.8330675805277385,4.842379618463694,148758296,4.8765247936638865
2024-11-26,4.963438987731934,4.972751469275805,4.851691873466841,4.870316392511023,141089388,4.929294110158193
2024-11-27,4.972751617431641,5.000688174808462,4.9075655768131,4.944814616011246,118098478,4.960335123017734
2024-11-28,4.944814682006836,4.991376203647734,4.926190162159193,4.954127163952448,117650410,4.954127015937921
2024-11-29,4.935502529144287,4.991376087385778,4.916878009730457,4.963439086243248,180687427,4.947918875420174
2024-12-02,5.000688552856445,5.0100010353817845,4.888941426814019,4.963439510842303,210352304,4.966543671684083
2024-12-03,5.103122711181641,5.103122711181641,4.963438607042098,4.982063124657802,185643439,5.056561343135127
2024-12-04,5.103122711181641,5.140371746413048,5.047249158334529,5.084498193565937,135089399,5.096914538643072
2024-12-05,5.103122711181641,5.1496842272426635,5.056561195120618,5.084498193565937,112817899,5.103122711181641
2024-12-06,5.158996105194092,5.186933102779289,5.093810073524306,5.10312255406721,142965081,5.146579760499229
2024-12-09,5.168309211730957,5.224182769625335,5.121747691463859,5.140372210761985,117128073,5.171413224273383
2024-12-10,5.2055583000183105,5.261431858446045,5.158996779306746,5.224182819494222,137861927,5.208662312590367
2024-12-11,5.09381103515625,5.224183123108034,5.084498996898891,5.196246120248767,153665297,5.134164385054391
2024-12-12,5.158996105194092,5.158996105194092,5.075185556482012,5.0844980370249155,116458010,5.1310592556233985
2024-12-13,5.037937641143799,5.149685212256228,5.028625602576536,5.131060691078091,166103822,5.0720828186588545
2024-12-16,5.1217474937438965,5.131059975055243,5.028624900848172,5.03793693811597,175428900,5.093810789882437
2024-12-17,5.103122711181641,5.158996264028752,5.084498193565937,5.103122711181641,127550785,5.115539056258776
2024-12-18,5.1310601234436035,5.20555819991464,5.112435160282283,5.1310601234436035,158413291,5.149684494546842
2024-12-19,5.0565619468688965,5.149684992835347,5.047249908698407,5.112435508022611,168450410,5.084498949467551
2024-12-20,5.0472493171691895,5.103122871774617,5.037936836046515,5.056561354248324,107504602,5.062769674996773
2024-12-23,5.2055583000183105,5.242807338970134,5.037937180691537,5.047249662451278,230863321,5.162100939893327
2024-12-24,5.242807388305664,5.252119426109462,5.158996827853608,5.19624586715595,225335030,5.217974547422911
2024-12-25,5.270744323730469,5.363867372707835,5.224183243285392,5.242807764272144,196203889,5.286264979907899
2024-12-26,5.233495235443115,5.280056759519752,5.186934155410081,5.270744277086983,138871863,5.23349538345765
2024-12-27,5.2055583000183105,5.261431858446045,5.121747740354924,5.224182819494222,181084108,5.196245966273093
2024-12-30,5.307992935180664,5.317305416940522,5.16830926113136,5.177621298847647,192001902,5.264535871084182
2024-12-31,5.289368629455566,5.373179192506911,5.289368629455566,5.298681111591755,203856022,5.317305483806014
2025-01-02,5.140371799468994,5.363866457207749,5.1310597625867915,5.289367941932476,191977579,5.211766006421178
2025-01-03,5.112435340881348,5.1869338640276395,5.0658742634639395,5.158996862342333,178764814,5.121747822790976
2025-01-06,5.168309211730957,5.214870287954488,5.056561651898635,5.121747691463859,166693030,5.14658038386136
2025-01-07,5.2055583000183105,5.214870337734481,5.112435258595183,5.158996779306746,160012068,5.177621298782658
2025-01-08,5.212923049926758,5.289443407099269,5.18422831506983,5.2033582903393105,215159987,5.228864924031952
2025-01-09,5.136403560638428,5.212923467851015,5.088578846677874,5.203358707496753,146074458,5.145968625055772
2025-01-10,5.098143100738525,5.174663000351966,5.050318391527415,5.117273075641886,126580697,5.107708164205969
2025-01-13,5.012058258056641,5.088578617923925,4.93553835428396,5.079013401905039,157853606,5.0120584100881755
2025-01-14,5.021623134613037,5.050318324635295,4.983363185313075,5.002493159963056,182276425,5.018434881520469
2025-01-15,5.040753364562988,5.09814329141957,5.002493413325268,5.0120581730874,168938915,5.047130023102608
2025-01-16,5.088578701019287,5.11727343735532,5.012058339902442,5.05031874850817,163104502,5.072636826092349
2025-01-17,5.031188488006592,5.1172731482457925,5.031188488006592,5.07901319789624,127547958,5.059883374752992
2025-01-20,4.9929280281066895,5.079013143518822,4.9929280281066895,5.040753193578892,155675975,5.0216230665774
2025-01-21,5.021623134613037,5.040753109263019,4.9546679952908175,5.01205791924076,138369404,5.005681413055624
2025-01-22,4.9546685218811035,5.0311888847083095,4.935538545197957,5.0216236683194255,143533268,4.97379865059579
2025-01-23,5.126838207244873,5.155532941083061,4.98336316977022,4.98336316977022,260371180,5.088578106032718
2025-01-24,5.126838207244873,5.165098156425504,5.05031830888361,5.126838207244873,143308821,5.11408489085133
2025-01-27,5.174663066864014,5.203358257635174,5.117273141416278,5.117273141416278,149928170,5.165098155305155
2025-02-05,5.050318717956543,5.174663334818152,5.0311887418167105,5.16509857479554,176250026,5.085390264863801
2025-02-06,5.040753364562988,5.088578531657437,5.002493413325268,5.040753364562988,133840444,5.043941769848565
2025-02-07,5.021623134613037,5.040753109263019,4.99292794459078,5.031188349985314,157580838,5.018434729488945
2025-02-10,5.021623134613037,5.050318324635295,4.99292794459078,5.002493159963056,131227537,5.021623134613037
2025-02-11,5.040753364562988,5.079013315800709,5.0120581730874,5.031188604800856,203664768,5.043941617817032
2025-02-12,5.040753364562988,5.050318580419717,4.983363437706407,5.040753364562988,219294756,5.024811794229704
2025-02-13,5.050318717956543,5.079013454118988,5.02162352569949,5.040753501839323,231985848,5.050318565925007
2025-02-14,5.031188488006592,5.07901319789624,5.012058056737231,5.050318463181368,178637092,5.040753247546687
2025-02-17,5.126838207244873,5.136402966492745,5.012057903608408,5.031188334293295,267647275,5.091766359115343
2025-02-18,5.2416181564331055,5.260748131394393,5.117273091137448,5.117273091137448,279148980,5.206546459654982
2025-02-19,5.203358173370361,5.251182882421694,5.184228198530913,5.22248814820981,164318659,5.212923084774323
2025-02-20,5.193793296813965,5.222488488992874,5.165098560729663,5.203358512905137,122666238,5.193793448845501
2025-02-21,5.117273330688477,5.212923209972498,5.088578594950571,5.203358450091397,187651521,5.139591711870515
2025-02-24,5.079012870788574,5.136402792616774,5.069448111864485,5.107708059749952,174061287,5.094954591756611
2025-02-25,5.031188488006592,5.088578413530921,5.021623272371911,5.07901319789624,134653301,5.047130057969808
2025-02-26,5.050318717956543,5.107708646376041,5.0311887418167105,5.0311887418167105,173371828,5.063072035383098
2025-02-27,5.079012870788574,5.098142844731307,5.00249297501764,5.050318137921752,166130368,5.059882896845841
2025-02-28,5.088578701019287,5.11727343735532,5.0694487247637285,5.0694487247637285,165603216,5.0917669543794455
2025-03-03,5.031188488006592,5.0981431730710165,5.021623272371911,5.07901319789624,177440203,5.05031831114984
2025-03-04,5.021623134613037,5.040753109263019,5.01205791924076,5.021623134613037,131622901,5.024811387705605
2025-03-05,5.10770845413208,5.117273213794694,5.002493361275782,5.021623336695601,229162231,5.075825009734185
2025-03-06,5.059883117675781,5.117273042008667,5.050318358334255,5.10770828266714,168078154,5.0758248393395675
2025-03-07,5.079012870788574,5.107708059749952,5.040752922903107,5.069448111864485,158899105,5.075824617813878
2025-03-10,5.031188488006592,5.088578413530921,5.021623272371911,5.07901319789624,142080384,5.047130057969808
2025-03-11,5.040753364562988,5.050318580419717,5.0216233889441275,5.0216233889441275,122151249,5.037565111308944
2025-03-12,5.012058258056641,5.050318666037585,5.012058258056641,5.040753450018698,136099121,5.024811727383622
2025-03-13,5.040753364562988,5.040753364562988,5.002493413325268,5.0120581730874,164414130,5.028000047483748
2025-03-14,5.117273330688477,5.17466325825889,5.031188667380158,5.040753427261259,300080731,5.107708418775841
2025-03-17,5.145968437194824,5.174663172456937,5.117273245838117,5.136403221377724,140101808,5.145968285163293
2025-03-18,5.126838207244873,5.174662915673377,5.098143017312114,5.165098156425504,111673910,5.133214713410122
2025-03-19,5.184228420257568,5.2033583959151954,5.117273277408574,5.126838493284686,161750056,5.168286697860446
2025-03-20,5.136403560638428,5.232053444654161,5.126838800284166,5.193793491047868,139227694,5.165098601858919
2025-03-21,5.098143100738525,5.165098240947575,5.088578341334135,5.126838291140855,150506955,5.117273227673412
2025-03-24,5.117273330688477,5.145968522520984,5.098143354831672,5.098143354831672,150452443,5.12046173601371
2025-03-25,5.145968437194824,5.174663172456937,5.117273245838117,5.117273245838117,144884330,5.145968285163293
2025-03-26,5.117273330688477,5.155533282402085,5.098143354831672,5.145968522520984,142366711,5.123649989307411
2025-03-27,5.098143100738525,5.145968266044215,5.098143100738525,5.117273075641886,134429636,5.114084822507088
2025-03-28,4.9737982749938965,5.059883394245872,4.916408347524113,5.050318634381542,588777941,4.9833633389212935
2025-03-31,4.983363151550293,5.050318290418885,4.954667961722448,5.02162310059104,428016031,4.996116467897209
2025-04-01,4.935538291931152,4.992928219035631,4.9259735321277045,4.973798243334138,296509477,4.951480014364829
2025-04-02,4.9642333984375,4.973798158076996,4.925973447690338,4.925973447690338,192909046,4.9546683347349445
2025-04-03,4.9929280281066895,4.9929280281066895,4.935538103196794,4.935538103196794,174088287,4.973798053136725
2025-04-07,4.849453449249268,4.935538108662146,4.725108383759511,4.9068433742227135,480821560,4.836699980556975
2025-04-08,4.897278308868408,4.897278308868408,4.801628430979298,4.811193646815506,301724867,4.865395016238705
2025-04-09,4.868583679199219,4.88771365519217,4.811193751220368,4.859018463155442,236352063,4.855830361870585
2025-04-10,4.868583679199219,4.88771365519217,4.849453703206269,4.88771365519217,193947300,4.868583679199219
2025-04-11,4.878148078918457,4.878148078918457,4.839888129757886,4.8685833196756,157837052,4.8653947625316
2025-04-14,4.916408538818359,4.9259737551494664,4.859018609115571,4.878148585683167,176672897,4.900466967694466
2025-04-15,4.9929280281066895,5.002493243638962,4.906843368789136,4.906843368789136,213902554,4.967421546844929
2025-04-16,5.040753364562988,5.040753364562988,4.973798221849679,4.992928197468539,210850737,5.018434983658552
2025-04-17,5.040753364562988,5.050318580419717,4.992928197468539,5.031188604800856,122197084,5.028000047483748
2025-04-18,5.098143100738525,5.098143100738525,5.021623201125085,5.040753176028446,158545900,5.072636467534045
2025-04-21,5.021623134613037,5.1555329571629045,5.021623134613037,5.088578273935258,175326362,5.06625974212966
2025-04-22,5.059883117675781,5.079013092453409,4.992927977906794,5.021623168120524,124490508,5.043941396011995
2025-04-23,5.040753364562988,5.079013315800709,5.031188604800856,5.059883340181849,103779695,5.050318428388184
2025-04-24,5.10770845413208,5.117273213794694,5.050318527872625,5.050318527872625,138428456,5.0917667319331334
2025-04-25,5.10770845413208,5.155533164634331,5.079013262955057,5.117273213794694,114237495,5.114084960573822
2025-04-28,5.145968437194824,5.165098412734431,5.10770848611561,5.117273245838117,138987035,5.139591778681622
2025-04-29,5.117273330688477,5.165098498377788,5.098143354831672,5.145968522520984,136641059,5.126838394632646
2025-04-30,5.00380802154541,5.150404056156487,4.954942987352349,5.1308579492760735,317759642,5.036385021684748
2025-05-06,5.00380802154541,5.00380802154541,4.954942987352349,4.984261914664996,167194192,4.98751967681439
2025-05-07,5.091765403747559,5.091765403747559,5.0038076955088435,5.033127086927054,205886540,5.062446167667987
2025-05-08,5.081992149353027,5.130857646680159,5.062446043625359,5.072219329497153,140305438,5.091765279886181
2025-05-09,5.140631198883057,5.16017730562339,5.0819924126461125,5.0917656990242515,184619639,5.127600305717519
2025-05-12,5.130857944488525,5.169950158212877,5.091765730764174,5.130857944488525,184556009,5.130857944488525
2025-05-13,5.189496040344238,5.199269326360068,5.111311616281308,5.121084436281211,179395401,5.166692327661871
2025-05-14,5.238361835479736,5.257907942604006,5.169950227536816,5.179723514106928,169018619,5.222073335206853
2025-05-15,5.228588104248047,5.277453600910966,5.218815284525011,5.238361389986996,120469346,5.241618996561342
2025-05-16,5.1992692947387695,5.248134326472947,5.160177082945058,5.228588220576091,125984081,5.202526901385592
2025-05-19,5.179723262786865,5.228588295218632,5.179723262786865,5.189496082866846,95053571,5.196011606930788
2025-05-20,5.189496040344238,5.238361538391533,5.169949934328506,5.199269326360068,101643908,5.1992691710214265
2025-05-21,5.218815326690674,5.248134252112577,5.179723115450856,5.189495935252852,106506099,5.215557564751369
2025-05-22,5.267680644989014,5.267680644989014,5.199269504596704,5.2188156112824995,122409307,5.24487693152491
2025-05-23,5.238361835479736,5.306772977406704,5.218815728355467,5.306772977406704,144596849,5.254650180413969
2025-05-26,5.189496040344238,5.267680464407169,5.179723220344336,5.228588252375704,112298890,5.212299908365248
2025-05-27,5.218815326690674,5.248134252112577,5.189495935252852,5.199269221070765,91497909,5.218815171352034
2025-05-28,5.189496040344238,5.248134358391436,5.160177114328603,5.228588252375704,115437989,5.199269171021426
2025-05-29,5.160177230834961,5.199269443749049,5.160177230834961,5.179723337292005,114298099,5.17320796847299
2025-05-30,5.209042072296143,5.228588178033962,5.160177040959553,5.169949860820503,148143269,5.199269097096553
2025-06-03,5.287226676940918,5.2969999631536435,5.179723324696559,5.179723324696559,190914663,5.254649988263707
2025-06-04,5.267680644989014,5.306772858360603,5.248134538303219,5.287226751674808,114516861,5.2741960138842785
2025-06-05,5.228588104248047,5.287226420634001,5.228588104248047,5.267680315172017,122475425,5.248134209710032
2025-06-06,5.238361835479736,5.277454049728275,5.218815728355467,5.248134656033895,130162725,5.24487720452116
2025-06-09,5.209042072296143,5.248134283771782,5.199269252435193,5.238361463910833,153453971,5.218815202834373
2025-06-10,5.238361835479736,5.306772977406704,5.209042441785355,5.218815728355467,221867918,5.251392418223932
2025-06-11,5.238361835479736,5.277454049728275,5.218815728355467,5.248134656033895,139740079,5.24487720452116
2025-06-12,5.248134613037109,5.257907899527151,5.218815685598885,5.238361792563018,149732121,5.241619399387715
2025-06-13,5.189496040344238,5.257907644407266,5.179723220344336,5.248134358391436,184481651,5.209042301698613
2025-06-16,5.296999931335449,5.296999931335449,5.160177187290722,5.189496113720911,275863369,5.251392349987206
2025-06-17,5.306772708892822,5.34586492116336,5.277453782697883,5.287226602757553,168786793,5.310030470918022
2025-06-18,5.384957790374756,5.394730610780924,5.277453969811238,5.306772897045686,203140956,5.352380790322306
2025-06-19,5.394730567932129,5.414276674605161,5.3458650682415785,5.384957747603584,145221182,5.38495743692629
2025-06-20,5.4240498542785645,5.453368780703546,5.375184355549019,5.39473046183765,191916879,5.417534330177044
2025-06-23,5.521780490875244,5.551099417858557,5.345865064911595,5.404503850910106,211457075,5.472914991215132
2025-06-24,5.482687950134277,5.551099086353876,5.424049633653515,5.521780161121452,262354070,5.485945556713889
2025-06-25,5.492461204528809,5.502234491056986,5.4142767763671955,5.4826883840165825,256710145,5.469657490650996
2025-06-26,5.531553268432617,5.541326554695458,5.424049915636999,5.482688235166228,248556885,5.4989765795883585
2025-06-27,5.355638027191162,5.531552976494611,5.336091921713002,5.51200687101645,408557781,5.407760975132924
2025-06-30,5.345864772796631,5.355638058600986,5.296999741822601,5.326318667203835,204900868,5.332834191073406
2025-07-01,5.394730567932129,5.414276674605161,5.336092247913034,5.3458650682415785,189718040,5.381699830150108
2025-07-02,5.394730567932129,5.4338227812781925,5.384957747603584,5.404503854276616,180320963,5.404503698937969
2025-07-03,5.384957790374756,5.424050004031318,5.355638397124362,5.394730610780924,163837325,5.388215397176812
2025-07-04,5.482687950134277,5.512006875366701,5.37518413691159,5.38495742266634,285696312,5.456626320804189
2025-07-07,5.570645332336426,5.570645332336426,5.46314198241847,5.482688088405001,185066450,5.534810882363774
2025-07-08,5.619511127471924,5.629284413989966,5.560872806411522,5.570645626913614,189458586,5.603222782624471
2025-07-09,5.629284381866455,5.687922702592237,5.609737808941913,5.619511095404184,205807677,5.642314964466869
2025-07-10,5.658603191375732,5.72701479713905,5.639057084874204,5.639057084874204,228406023,5.6748916911296625
2025-07-11,5.541326522827148,5.727014766609779,5.541326522827148,5.687922553815113,304159786,5.603222604088025
2025-07-14,5.580418586730957,5.678149116110078,5.551099194909258,5.560872480855132,221701978,5.603222299250098
2025-07-15,5.531553268432617,5.629284266997271,5.521780448185715,5.599964874224687,162580625,5.5608726612052015
2025-07-16,5.521780490875244,5.551099417858557,5.482688277553532,5.5413265975361,172536799,5.518522728762444
2025-07-17,5.521780490875244,5.5413265975361,5.502234384214388,5.521780490875244,113869077,5.521780490875244
2025-07-18,5.560872554779053,5.580418660914715,5.512007056431933,5.5217803425077285,186062518,5.5510994240419
2025-07-21,5.531553268432617,5.580418767714944,5.512007161922874,5.570645481452103,164848277,5.541326399356812
2025-07-22,5.472914695739746,5.53155301255651,5.424049664733734,5.521780192761675,270923106,5.476172457676664
2025-07-23,5.521780490875244,5.580418810857813,5.453368884554275,5.4729149912151325,227238192,5.518522728762444
2025-07-24,5.472914695739746,5.541326298367262,5.453368590134158,5.53155301255651,213367509,5.489203194747056
2025-07-25,5.472914695739746,5.512006906950922,5.453368590134158,5.463141875944911,155719607,5.4794300642749425
2025-07-28,5.50223445892334,5.5315533863047435,5.453368958599736,5.472915065525988,192555237,5.495718934609273
2025-07-29,5.482687950134277,5.580418477602214,5.472914664379526,5.502234055627865,237246956,5.512007030705338
2025-07-30,5.560872554779053,5.668376371533158,5.472914844160608,5.482688130236404,327796079,5.56738792349094
2025-07-31,5.609737396240234,5.648830073197369,5.482687943689224,5.560872365571665,273530678,5.580418471042276
2025-08-01,5.531553268432617,5.668376480016757,5.521780448185715,5.590191587961846,301901178,5.573903398878364
2025-08-04,5.629284381866455,5.639057202312778,5.512007274398943,5.521780560861214,213641771,5.593449619526059
2025-08-05,5.717241287231445,5.727014573107864,5.59996465280994,5.609737472670439,185877099,5.681406837716416
2025-08-06,5.766107082366943,5.785653189113302,5.7172415824930765,5.727014868874227,163142630,5.75633395132444
2025-08-07,5.863837242126465,5.8931566333841,5.72701450362797,5.756333428869691,195623048,5.828002793046179
2025-08-08,5.883383750915527,5.912703144182923,5.8051993235570665,5.883383750915527,142301913,5.867095406218506
2025-08-11,5.824745178222656,5.883383496202839,5.795425786224602,5.863837390209445,169812037,5.834518153550032
2025-08-12,5.863837242126465,5.942021664125605,5.824745031126895,5.824745031126895,147051291,5.876867979126321
2025-08-13,5.893157005310059,5.932249218776796,5.834518219094008,5.893157005310059,182104195,5.886641481060288
2025-08-14,5.981113910675049,6.010433302106948,5.873610562795222,5.883383382595244,188325653,5.955052591859073
2025-08-15,5.873610973358154,6.010433722233733,5.824745472894615,5.98111432875242,296116725,5.902930056162167
2025-08-18,5.912703037261963,5.951795250234278,5.8051992185801256,5.844291431552441,201219695,5.889899168692122
2025-08-19,6.010433673858643,6.039752601088032,5.9127031397341,5.9224759601385815,163759601,5.987629804893591
2025-08-20,6.010433673858643,6.069071994333368,5.9713414602088255,6.000660387438215,153501477,6.016949042800278
2025-08-21,6.08861780166626,6.1374832993328665,5.96156788054582,5.981113986409278,174323657,6.062556327181649
2025-08-22,6.0788445472717285,6.157029437147212,6.03975233534195,6.098390653236618,198945647,6.091875439920297
2025-08-25,6.127710342407227,6.1374836288716725,5.971341487103676,6.0299798078425075,197613872,6.078845152794192
2025-08-26,6.127710342407227,6.254760270349336,6.08861812858134,6.108164235494283,173238643,6.157029580445967
2025-08-27,5.863837242126465,6.117937079639584,5.854063956368615,6.108163793881735,257194324,5.9452794260448885
2025-08-28,5.863837242126465,5.902929453126035,5.746560609127755,5.863837242126465,209290770,5.837775768126751
2025-08-29,5.902929782867432,5.971341388946152,5.844291463092503,5.854064283380354,191559731,5.906187544968695
2025-09-01,5.9517951011657715,6.010433419155591,5.854064105166812,5.912702889172558,195747396,5.938764208496058
2025-09-02,6.0690717697143555,6.07884458975714,5.932249027003866,5.951795133105365,207506223,6.026721795491787
2025-09-03,6.0690717697143555,6.12771008801885,6.0397523775541435,6.088617875815854,176137382,6.078844745095783
2025-09-04,6.2449870109558105,6.293852511457968,5.971341512988393,6.069072047976756,319496089,6.170060345134057
2025-09-05,6.059298515319824,6.225440651058737,6.039752409116184,6.205894544855096,183063786,6.108163858498248
2025-09-08,6.08861780166626,6.157029405196325,6.010433378212427,6.029979484075885,144353266,6.085360195025004
2025-09-09,6.108163833618164,6.157029330693476,6.069071622364281,6.098390547796734,100370677,6.11142159555864
2025-09-10,6.108163833618164,6.147256044872047,6.049525516737339,6.117937119439594,112203388,6.10164846507585
2025-09-11,6.127710342407227,6.147256449320171,6.039752628291006,6.108164235494283,137183227,6.104906473339468
2025-09-12,6.098390579223633,6.1472560765507644,6.06907165364009,6.117937150967221,93498425,6.104906103138163
2025-09-15,6.0788445472717285,6.147256151156805,6.029979515367468,6.098390653236618,105456147,6.085360071265334
2025-09-16,6.029979705810547,6.108164132139381,6.010433599228339,6.0788447392580975,105700474,6.049525812392756
2025-09-17,6.0690717697143555,6.088617875815854,5.990887345308362,6.0104334514098605,110205246,6.049525663612857
2025-09-18,5.932249069213867,6.078844633010219,5.902929676845037,6.059298526769643,155356515,5.971341126356374
2025-09-19,5.902929782867432,5.971341388946152,5.863837569684146,5.902929782867432,118325836,5.912702913832576
2025-09-22,5.824745178222656,5.951795100187683,5.805199072229262,5.902929602196234,103047773,5.860579783546534
2025-09-23,5.912703037261963,5.961568070469388,5.746560899121652,5.795425932329078,153816605,5.8736106689510015
2025-09-24,5.922475814819336,6.029979632726493,5.902929708474028,5.9322491009999565,119066775,5.951795052006619
2025-09-25,5.8442912101745605,5.922475633157617,5.766106787191504,5.912702813292696,131313561,5.8442912101745605
2025-09-26,5.795425891876221,5.86383749710822,5.785653071709326,5.824745284408773,91980616,5.8149721535645895
2025-09-29,5.697695255279541,5.814971891219775,5.648830223312406,5.805199071232719,144599131,5.720499123270574
2025-09-30,5.619511127471924,5.717241662572594,5.580418913431656,5.707468842070502,121157786,5.639057234492058
2025-10-09,5.570645332336426,5.609737544309487,5.502234194391532,5.5999647243241855,128833567,5.560872357012482
2025-10-10,5.531553268432617,5.6097376944715895,5.521780448185715,5.5510993749423605,132011708,5.5543571370299745
2025-10-13,5.482687950134277,5.521780161121452,5.404503528159927,5.492460769873114,175229709,5.469657213138553
2025-10-14,5.570645332336426,5.570645332336426,5.424049770445409,5.482688088405001,209315815,5.521780145039419
2025-10-15,5.560872554779053,5.580418660914715,5.4924609502962705,5.551099268703257,168587207,5.544584055330013
2025-10-16,5.619511127471924,5.629284413989966,5.531553412873346,5.55109951989348,190536094,5.593449651445078
2025-10-17,5.59019136428833,5.65860296734313,5.560872438704787,5.619510755887793,173510843,5.603222256778749
2025-10-20,5.5510993003845215,5.5804186927633115,5.453368769148443,5.570645406631737,183867898,5.528295587432091
2025-10-21,5.541326522827148,5.560872629224481,5.502234310032483,5.551099343017847,142002487,5.534811154028038
2025-10-22,5.599964618682861,5.619510724300662,5.531553016012602,5.541326301829461,160355711,5.583676119665374
2025-10-23,5.863837242126465,5.863837242126465,5.609737404613346,5.609737404613346,362298939,5.779137296288759
2025-10-24,5.854063987731934,5.893156664956858,5.775879565313918,5.854063987731934,207603776,5.8410334060009035
2025-10-27,5.873610973358154,5.951795401287057,5.7172416514844,5.824745472894615,185379494,5.847549342043204
2025-10-28,5.932249069213867,5.990887387935594,5.834518071995056,5.87361075049214,161202013,5.919218176381506
2025-10-29,5.805199146270752,5.9322490698562165,5.79542586014144,5.9322490698562165,177611252,5.844291358756135
2025-10-30,5.775879859924316,5.883383679240495,5.756333753322824,5.814972073127301,138261601,5.805199097495879
2025-10-31,5.619511127471924,5.766107163130903,5.580418913431656,5.736787769592727,236360316,5.6553457346781615
2025-11-03,5.648830413818359,5.678149340784231,5.599964914187317,5.60973773450396,188860728,5.642314889596636
2025-11-04,5.785653114318848,5.805199220812522,5.639057082608321,5.639057082608321,222202381,5.743303139246564
2025-11-05,5.775879859924316,5.834518179728794,5.7465609330300484,5.785653146233033,153550164,5.785652990894387
2025-11-06,5.717241287231445,5.795425710179115,5.707468467370947,5.766106784581699,146057775,5.740045154927169
2025-11-07,5.668376445770264,5.766106977728523,5.648830339378612,5.72701476494522,136695027,5.694437920959133
2025-11-10,5.697695255279541,5.707468541282523,5.639056937309424,5.648830223312406,110389471,5.6814069112904955
2025-11-11,5.697695255279541,5.727014647272562,5.668376329302445,5.697695255279541,91275950,5.697695410618183
2025-11-12,5.73678731918335,5.795425635639912,5.707468393963025,5.707468393963025,168569940,5.746560449595429
2025-11-13,5.678149223327637,5.75633364830725,5.63905701083783,5.736787542062347,179635293,5.691179960824239
2025-11-14,5.697695255279541,5.746560753262601,5.658603043299463,5.668376329302445,193676651,5.700953017280535
2025-11-17,5.560872554779053,5.697695297728687,5.560872554779053,5.68792247766882,228884769,5.606480135762264
2025-11-18,5.531553268432617,5.590191587961846,5.521780448185715,5.570645481452103,121158200,5.547841768193393
2025-11-19,5.599964618682861,5.619510724300662,5.531553016012602,5.531553016012602,152298698,5.583676119665374
2025-11-20,5.775879859924316,5.834518179728794,5.580418793909392,5.590191614202168,316272312,5.730272277854167
2025-11-21,5.678149223327637,5.805199146927475,5.678149223327637,5.75633364830725,211323605,5.720499197860916
2025-11-24,5.658603191375732,5.7661070101421075,5.658603191375732,5.687922584135994,219416605,5.694437797631191
2025-11-25,5.746561050415039,5.7563338709074445,5.61951112190212,5.668376622411997,203257784,5.707468681074868
2025-11-26,5.658603191375732,5.785653116643635,5.629284264631409,5.736787617381846,172897573,5.691180190883593
2025-11-27,5.658603191375732,5.668376477634466,5.599964871871148,5.648830371132937,134873229,5.642314846960448
2025-11-28,5.5510993003845215,5.6488302976365325,5.531553194137306,5.639057011504958,245965697,5.577160930719454
2025-12-01,5.570645332336426,5.580418618337655,5.521780300378063,5.531553120363364,153144255,5.557614750350715
2025-12-02,5.541326522827148,5.590191555812512,5.521780416429816,5.560872629224481,113725100,5.551099498356493
2025-12-03,5.472914695739746,5.5510991181620986,5.463141875944911,5.53155301255651,171943775,5.495718563282252
2025-12-04,5.443595886230469,5.482688098273897,5.424049780208755,5.472914812255076,107342802,5.450111254904374
2025-12-05,5.4338226318359375,5.463142024047107,5.394730419564997,5.4338226318359375,125374124,5.430565025149346
2025-12-08,5.443595886230469,5.463141992252183,5.414276494189934,5.424049780208755,121695559,5.440338124224195
2025-12-09,5.414276599884033,5.443595992496922,5.394730493480752,5.443595992496922,130664171,5.417534361953902
2025-12-10,5.326318740844727,5.424049736175833,5.316545920921169,5.404503630312797,155935131,5.355638132647243
2025-12-11,5.355638027191162,5.355638027191162,5.296999710756679,5.326318635965964,119184230,5.336091921713002
2025-12-12,5.287226676940918,5.34586499616946,5.277453856744129,5.336092175972672,150413301,5.303515176618169
2025-12-15,5.277453899383545,5.31654611251842,5.267680613091856,5.2872267196592935,112849800,5.28722687499794
2025-12-16,5.228588104248047,5.296999706372951,5.218815284525011,5.277453600910966,117874500,5.24813436504867
2025-12-17,5.257907867431641,5.287226794690896,5.189496260466802,5.218815653742003,139150600,5.244876974196447
2025-12-18,5.3165459632873535,5.326318783288787,5.238361539212175,5.2481343592136085,125525803,5.293742095262772
2025-12-19,5.296999931335449,5.336092143919657,5.277453825043345,5.296999931335449,129981356,5.303515300099484
2025-12-22,5.306772708892822,5.326318815028091,5.277453782697883,5.296999888833152,106572794,5.303515102206266
2025-12-23,5.326318740844727,5.336092026784207,5.2969998150581326,5.30677263498169,135820000,5.319803527562356
2025-12-24,5.277453899383545,5.345865039361607,5.257907792816107,5.32631893279417,143552424,5.293742243853753
2025-12-25,5.287226676940918,5.316546069563158,5.267680570531404,5.277453856744129,95521020,5.290484439011826
2025-12-26,5.277453899383545,5.2970000059509825,5.257907792816107,5.2872267196592935,79642258,5.277453899383545
2025-12-29,5.3165459632873535,5.336092069306148,5.2481343592136085,5.277453751249764,147727999,5.300257463935703
2025-12-30,5.336091995239258,5.365410920852529,5.287226497862578,5.326318709357554,143988644,5.329576471318122
2025-12-31,5.326318740844727,5.355638132647243,5.30677263498169,5.326318740844727,107640400,5.329576502824554
2026-01-05,5.326318740844727,5.3654109525708,5.287226529118652,5.336092026784207,154599700,5.326318740844727
2026-01-06,5.384957790374756,5.384957790374756,5.297000076639519,5.336092290296081,143586976,5.35563855246301
2026-01-07,5.306772708892822,5.394730419509497,5.306772708892822,5.375184313374229,156535459,5.336091945765047
2026-01-08,5.287226676940918,5.326318889759946,5.277453856744129,5.316546069563158,117765850,5.296999807814998
2026-01-09,5.296999931335449,5.3067727514735346,5.257907718751241,5.2872266451814305,152938472,5.287226800520075
2026-01-12,5.340000152587891,5.349999904632568,5.28000020980835,5.320000171661377,146165688,5.3233334223429365
2026-01-13,5.369999885559082,5.400000095367432,5.329999923706055,5.340000152587891,158350731,5.3666666348775225
2026-01-14,5.28000020980835,5.360000133514404,5.260000228881836,5.360000133514404,215286500,5.300000190734863
2026-01-15,5.179999828338623,5.28000020980835,5.170000076293945,5.269999980926514,161967392,5.210000038146973
2026-01-16,5.170000076293945,5.199999809265137,5.139999866485596,5.190000057220459,152145601,5.169999917348226
2026-01-19,5.139999866485596,5.170000076293945,5.139999866485596,5.159999847412109,109127931,5.149999936421712
2026-01-20,5.190000057220459,5.210000038146973,5.130000114440918,5.150000095367432,143241907,5.176666736602783
2026-01-21,5.079999923706055,5.210000038146973,5.070000171661377,5.190000057220459,201161523,5.120000044504802
2026-01-22,5.090000152587891,5.139999866485596,5.050000190734863,5.079999923706055,129332859,5.09333340326945
2026-01-23,5.050000190734863,5.110000133514404,5.039999961853027,5.099999904632568,140982956,5.066666762034099
2026-01-26,5.079999923706055,5.099999904632568,5.010000228881836,5.039999961853027,178531589,5.063333352406819
2026-01-27,5.059999942779541,5.130000114440918,5.050000190734863,5.070000171661377,165001246,5.080000082651774
2026-01-28,5.039999961853027,5.099999904632568,5.039999961853027,5.050000190734863,179134602,5.059999942779541
2026-01-29,5.090000152587891,5.099999904632568,5.010000228881836,5.039999961853027,192185452,5.066666762034099
2026-01-30,5.059999942779541,5.130000114440918,5.050000190734863,5.090000152587891,175652342,5.080000082651774
2026-02-02,5.099999904632568,5.139999866485596,5.050000190734863,5.070000171661377,220926494,5.096666653951009
2026-02-03,5.03000020980835,5.090000152587891,5.010000228881836,5.079999923706055,190448147,5.043333530426025
2026-02-04,5.110000133514404,5.119999885559082,5.019999980926514,5.03000020980835,188830212,5.083333333333333
2026-02-05,5.190000057220459,5.210000038146973,5.110000133514404,5.119999885559082,193097930,5.170000076293945
2026-02-06,5.179999828338623,5.210000038146973,5.130000114440918,5.179999828338623,130518204,5.173333326975505
2026-02-09,5.179999828338623,5.190000057220459,5.139999866485596,5.159999847412109,103248095,5.169999917348226
2026-02-10,5.199999809265137,5.230000019073486,5.170000076293945,5.179999828338623,115119108,5.199999968210856
2026-02-11,5.190000057220459,5.210000038146973,5.150000095367432,5.210000038146973,95946005,5.183333396911621
2026-02-12,5.110000133514404,5.199999809265137,5.110000133514404,5.199999809265137,127778530,5.140000025431315
2026-02-13,5.070000171661377,5.130000114440918,5.059999942779541,5.119999885559082,110890357,5.086666742960612
2026-02-24,5.050000190734863,5.090000152587891,5.03000020980835,5.079999923706055,138906210,5.056666851043701
2026-02-25,5.010000228881836,5.059999942779541,5.010000228881836,5.039999961853027,218603585,5.026666800181071
2026-02-26,4.980000019073486,5.03000020980835,4.96999979019165,5.019999980926514,142882205,4.993333339691162
2026-02-27,4.96999979019165,5.0,4.960000038146973,4.980000019073486,111965829,4.976666609446208
2026-03-02,4.989999771118164,5.019999980926514,4.949999809265137,4.960000038146973,140690781,4.9866665204366045
2026-03-03,5.039999961853027,5.070000171661377,4.96999979019165,4.989999771118164,233125401,5.026666641235352
2026-03-04,4.929999828338623,5.039999961853027,4.909999847412109,5.03000020980835,240432466,4.959999879201253
2026-03-05,4.980000019073486,4.989999771118164,4.920000076293945,4.920000076293945,148954732,4.963333288828532
2026-03-06,5.0,5.019999980926514,4.960000038146973,4.980000019073486,101890612,4.993333339691162
2026-03-09,4.96999979019165,5.019999980926514,4.949999809265137,4.980000019073486,174668839,4.979999860127767
2026-03-10,4.980000019073486,4.989999771118164,4.949999809265137,4.980000019073486,106968566,4.973333199818929
2026-03-11,5.03000020980835,5.03000020980835,4.960000038146973,4.980000019073486,138768749,5.006666819254558
2026-03-12,5.059999942779541,5.059999942779541,5.010000228881836,5.019999980926514,168606197,5.043333371480306
2026-03-13,5.079999923706055,5.119999885559082,5.03000020980835,5.050000190734863,165637888,5.076666673024495
2026-03-16,5.110000133514404,5.130000114440918,5.070000171661377,5.079999923706055,150864000,5.103333473205566
2026-03-17,5.170000076293945,5.190000057220459,5.090000152587891,5.099999904632568,185358743,5.150000095367432
2026-03-18,5.130000114440918,5.170000076293945,5.079999923706055,5.170000076293945,168187845,5.12666670481364
2026-03-19,5.099999904632568,5.150000095367432,5.079999923706055,5.099999904632568,136564057,5.109999974568685
2026-03-20,5.050000190734863,5.130000114440918,5.050000190734863,5.079999923706055,125536940,5.076666831970215
2026-03-23,4.880000114440918,5.050000190734863,4.869999885559082,5.039999961853027,243137339,4.933333396911621
2026-03-24,5.019999980926514,5.03000020980835,4.909999847412109,4.920000076293945,182490601,4.986666679382324
2026-03-25,5.079999923706055,5.079999923706055,4.960000038146973,5.03000020980835,127016810,5.039999961853027
2026-03-26,5.110000133514404,5.130000114440918,5.059999942779541,5.070000171661377,146832852,5.100000063578288
2026-03-27,5.059999942779541,5.119999885559082,5.050000190734863,5.099999904632568,107500316,5.076666673024495
2026-03-30,5.079999923706055,5.090000152587891,5.0,5.019999980926514,131010391,5.0566666920979815
2026-03-31,5.130000114440918,5.170000076293945,5.079999923706055,5.090000152587891,191257340,5.12666670481364
2026-04-01,5.110000133514404,5.179999828338623,5.090000152587891,5.150000095367432,130281563,5.12666670481364
2026-04-02,5.179999828338623,5.190000057220459,5.099999904632568,5.110000133514404,192230559,5.15666659673055
2026-04-03,5.119999885559082,5.179999828338623,5.070000171661377,5.179999828338623,152816581,5.12333329518636
2026-04-07,5.070000171661377,5.119999885559082,5.019999980926514,5.110000133514404,135810355,5.070000012715657
2026-04-08,5.050000190734863,5.059999942779541,5.019999980926514,5.059999942779541,137903979,5.043333371480306
2026-04-09,5.019999980926514,5.059999942779541,5.010000228881836,5.039999961853027,88167655,5.03000005086263
2026-04-10,5.0,5.03000020980835,4.989999771118164,5.019999980926514,97386704,5.006666660308838
2026-04-13,4.989999771118164,5.0,4.949999809265137,4.989999771118164,123498300,4.979999860127767
2026-04-14,5.050000190734863,5.050000190734863,4.980000019073486,4.989999771118164,132718231,5.026666800181071
2026-04-15,5.110000133514404,5.130000114440918,5.039999961853027,5.050000190734863,171454169,5.09333340326945
2026-04-16,5.070000171661377,5.139999866485596,5.050000190734863,5.110000133514404,124408300,5.086666742960612
2026-04-17,5.070000171661377,5.090000152587891,5.039999961853027,5.059999942779541,71009382,5.066666762034099
2026-04-20,5.179999828338623,5.190000057220459,5.059999942779541,5.070000171661377,233223192,5.143333276112874
2026-04-21,5.210000038146973,5.269999980926514,5.170000076293945,5.179999828338623,184370370,5.2166666984558105
2026-04-22,5.159999847412109,5.230000019073486,5.159999847412109,5.210000038146973,112356510,5.183333237965901
2026-04-23,5.190000057220459,5.210000038146973,5.150000095367432,5.159999847412109,105753300,5.183333396911621
2026-04-24,5.179999828338623,5.199999809265137,5.159999847412109,5.199999809265137,97936171,5.179999828338623
2026-04-27,5.150000095367432,5.230000019073486,5.130000114440918,5.170000076293945,107008753,5.170000076293945
2026-04-28,5.199999809265137,5.199999809265137,5.130000114440918,5.139999866485596,110847560,5.1766665776570635
2026-04-29,5.150000095367432,5.199999809265137,5.099999904632568,5.199999809265137,136372000,5.149999936421712
2026-04-30,5.070000171661377,5.130000114440918,5.039999961853027,5.119999885559082,184672020,5.080000082651774
2026-05-06,5.059999942779541,5.079999923706055,5.019999980926514,5.070000171661377,147373521,5.053333282470703
2026-05-07,5.039999961853027,5.070000171661377,5.03000020980835,5.050000190734863,105728882,5.046666781107585
2026-05-08,5.03000020980835,5.070000171661377,5.019999980926514,5.039999961853027,101764859,5.040000120798747
2026-05-11,5.050000190734863,5.059999942779541,5.0,5.03000020980835,126806629,5.036666711171468
2026-05-12,5.03000020980835,5.070000171661377,5.019999980926514,5.039999961853027,95662330,5.040000120798747
2026-05-13,5.0,5.039999961853027,5.0,5.03000020980835,102012257,5.013333320617676
2026-05-14,5.03000020980835,5.039999961853027,4.989999771118164,5.0,102383949,5.019999980926514
2026-05-15,4.96999979019165,5.03000020980835,4.949999809265137,5.019999980926514,163604980,4.983333269755046
2026-05-18,4.96999979019165,4.989999771118164,4.920000076293945,4.960000038146973,116038055,4.959999879201253
2026-05-19,4.960000038146973,5.019999980926514,4.949999809265137,4.96999979019165,117328440,4.976666609446208
2026-05-20,4.909999847412109,4.960000038146973,4.900000095367432,4.960000038146973,109284276,4.923333326975505
2026-05-21,4.920000076293945,4.960000038146973,4.900000095367432,4.920000076293945,102833018,4.926666736602783
2026-05-22,4.940000057220459,4.949999809265137,4.869999885559082,4.920000076293945,135941423,4.919999917348226
2026-05-25,4.96999979019165,4.980000019073486,4.929999828338623,4.929999828338623,94764470,4.959999879201253
2026-05-26,4.989999771118164,5.010000228881836,4.949999809265137,4.96999979019165,116186728,4.983333269755046
2026-05-27,4.989999771118164,5.010000228881836,4.960000038146973,4.989999771118164,106180756,4.986666679382324
2026-05-28,4.940000057220459,5.0,4.929999828338623,4.989999771118164,90296197,4.956666628519694
2026-05-29,4.980000019073486,5.019999980926514,4.909999847412109,4.940000057220459,143026663,4.96999994913737
2026-06-01,5.019999980926514,5.03000020980835,4.960000038146973,4.980000019073486,121740691,5.003333409627278
2026-06-02,5.010000228881836,5.050000190734863,4.980000019073486,5.010000228881836,136253984,5.0133334795633955
2026-06-03,4.980000019073486,5.019999980926514,4.960000038146973,5.010000228881836,112884568,4.986666679382324
2026-06-04,4.929999828338623,5.0,4.920000076293945,4.96999979019165,101914040,4.949999968210856
2026-06-05,4.960000038146973,4.980000019073486,4.920000076293945,4.940000057220459,111269789,4.953333377838135
2026-06-08,4.980000019073486,5.0,4.929999828338623,4.949999809265137,130733749,4.96999994913737
2026-06-09,4.989999771118164,5.019999980926514,4.960000038146973,4.96999979019165,118970501,4.989999930063884
2026-06-10,5.079999923706055,5.090000152587891,4.980000019073486,4.989999771118164,247035137,5.050000031789144
2026-06-11,5.099999904632568,5.099999904632568,5.050000190734863,5.070000171661377,155137136,5.083333333333333
2026-06-12,5.199999809265137,5.199999809265137,5.059999942779541,5.070000171661377,264846675,5.1533331871032715
2026-06-15,5.110000133514404,5.179999828338623,5.079999923706055,5.170000076293945,196714972,5.12333329518636
2026-06-16,5.039999961853027,5.110000133514404,5.03000020980835,5.099999904632568,124169699,5.060000101725261
2026-06-17,4.980000019073486,5.090000152587891,4.96999979019165,5.050000190734863,164223018,5.013333320617676
2026-06-18,4.860000133514404,4.980000019073486,4.860000133514404,4.980000019073486,285344240,4.900000095367432
2026-06-22,4.920000076293945,4.940000057220459,4.760000228881836,4.849999904632568,224063688,4.87333345413208
2026-06-23,5.059999942779541,5.099999904632568,4.909999847412109,4.920000076293945,312242626,5.023333231608073
2026-06-24,4.920000076293945,5.079999923706055,4.920000076293945,5.050000190734863,195933004,4.973333358764648
2026-06-25,4.900000095367432,4.980000019073486,4.889999866485596,4.909999847412109,150093988,4.923333326975505
