date,close,high,low,open,volume,vwap
2018-01-02,9.593331336975098,9.691954918394067,9.422982835947561,9.476776739413655,6623777,9.569423030438909
2018-01-03,9.548503875732422,9.68299036365356,9.539538793902054,9.593332705039467,4395748,9.590344344429345
2018-01-04,10.50783634185791,10.50783634185791,9.61126329557403,9.61126329557403,34097856,10.208978659763284
2018-01-05,10.660255432128906,10.991987406563485,10.570597771994667,10.812672941333823,39310520,10.740946870229019
2018-01-08,10.552667617797852,10.723016159966642,10.445078074804117,10.561632700514926,23898827,10.573587284189538
2018-01-09,10.463008880615234,10.740946082323564,10.355420203659868,10.552666538930772,21760441,10.519791722199555
2018-01-10,10.758877754211426,11.027849869074469,10.489905639348384,10.740945880869125,31268670,10.758877754211426
2018-01-11,10.463008880615234,10.579563494409914,10.355420203659868,10.579563494409914,12408280,10.465997526228339
2018-01-12,10.56163215637207,10.884399058646322,10.463009411254294,10.471975348548321,14619370,10.636346875424229
2018-01-15,11.117507934570312,11.422342975734532,10.52576972762277,10.552667540694115,28521097,11.021873545975872
2018-01-16,11.207165718078613,11.296823385838797,10.893364735956856,10.938193569836947,17934694,11.13245127995809
2018-01-17,11.162335395812988,11.71821063870463,10.85750039212172,11.018883830555632,21698208,11.246015475546445
2018-01-18,11.198199272155762,11.431308513723366,10.929227136119206,11.14440535797176,13446495,11.186244973999445
2018-01-19,11.081644058227539,11.243027502219201,10.83956974727885,11.216130546566859,14796322,11.054747102575197
2018-01-22,11.018884658813477,11.216131003388169,10.830604251501008,10.965089890278984,10251600,11.021873304567551
2018-01-23,11.440274238586426,11.736143326218933,11.045781551717193,11.162336170335882,16998132,11.407399705507517
2018-01-24,11.906489372253418,12.04097583721559,11.359580142182155,11.359580142182155,23218359,11.769015117217053
2018-01-25,12.014081001281738,12.686510927212558,11.996149981210461,12.130635624381078,25071991,12.232247303234919
2018-01-26,12.354778289794922,12.623750417171461,11.8616628654444,12.058909206192373,15872686,12.28006385747026
2018-01-29,12.139601707458496,12.641683101055929,12.02304708296197,12.354779081126448,17925459,12.268110630492131
2018-01-30,11.816834449768066,12.040977738390138,11.628554053123974,11.987182972903774,14353825,11.828788747094059
2018-01-31,11.162335395812988,11.565793136858995,10.938192111338676,11.565793136858995,20711289,11.222106881336886
2018-02-01,10.74991226196289,11.413376212358866,10.705083431792607,11.26095955784201,19181088,10.956123968704787
2018-02-02,11.413375854492188,11.503033512021535,10.758877861659833,10.974055213683721,18531752,11.22509574272452
2018-02-05,11.287856101989746,11.449239542697713,11.06371281435703,11.090609769462096,12726052,11.26693615301483
2018-02-06,10.400248527526855,10.812672196671098,10.355419700547072,10.812672196671098,18398696,10.522780141581675
2018-02-07,10.346454620361328,10.776810197926942,10.203003046185733,10.633357768712518,11347645,10.442089288158002
2018-02-08,10.014721870422363,10.131276479227775,9.620229216767312,10.131276479227775,15814002,9.922075855472483
2018-02-09,9.422985076904297,9.638162452019113,9.37815624332899,9.414019139181459,14925842,9.479767924084134
2018-02-12,9.476778984069824,9.593333609238227,9.324361463083367,9.521607817602115,9307063,9.464824685463805
2018-02-13,9.566436767578125,9.709888352596456,9.48574503724559,9.557470829754756,8646636,9.587356719140056
2018-02-14,9.422985076904297,9.575402598037012,9.225738722196274,9.485744930886398,9376747,9.408042132379194
2018-02-22,9.727819442749023,9.736784524809595,9.396086610382012,9.58436701427518,13614996,9.620230192646877
2018-02-23,9.7726469039917,9.880236433446088,9.638161274731882,9.745749949147491,10332342,9.76368153738989
2018-02-26,9.978858947753906,10.059550665518188,9.790578557983501,9.898167229989625,9617701,9.942996057085198
2018-02-27,9.8623046875,10.068516102365473,9.808509922078388,9.942996408113025,7822476,9.913110237314621
2018-02-28,9.718852043151855,9.781611883325839,9.548502684052911,9.754714931113945,6576969,9.68298887017687
2018-03-01,9.880237579345703,9.93403149527308,9.467813852067339,9.593333559257138,9833800,9.760694308895374
2018-03-02,9.656095504760742,9.772649289212643,9.602300726903799,9.745752327803665,6901909,9.677015173625728
2018-03-05,9.665059089660645,9.709887921749452,9.575402280521883,9.602299237759626,5132218,9.650116430643992
2018-03-06,9.853340148925781,9.86230608694143,9.665059725791707,9.78161435487841,7373393,9.793568653886306
2018-03-07,9.665059089660645,9.853339500402553,9.62919619499737,9.826442543164811,6284311,9.715864928353524
2018-03-08,9.727819442749023,9.8174762486265,9.60229888847397,9.611264825573365,4952047,9.71586485994983
2018-03-09,9.745750427246094,9.77264738340979,9.656093621687504,9.700921596947389,6075186,9.724830477447796
2018-03-12,10.131277084350586,10.194036933210201,9.844373085909176,9.880236833873314,14135693,10.05656236782332
2018-03-13,10.059552192687988,10.104381026589158,9.960928587097637,10.041620317111965,8058170,10.041620602124928
2018-03-14,10.176105499267578,10.292659255242508,9.951962213865551,10.023687996791097,9031565,10.14024232279188
2018-03-15,10.023689270019531,10.256797666618048,9.88920276867231,10.05058622827342,9145253,10.056563235103297
2018-03-16,9.969893455505371,10.068516195478464,9.951962436891534,10.005756347771841,3699400,9.996790695958458
2018-03-19,9.978858947753906,10.059550665518188,9.942996057085198,9.942996057085198,5462956,9.993801890119096
2018-03-20,9.93403148651123,9.960928444451197,9.665059341994944,9.960928444451197,7623973,9.853339757652456
2018-03-21,9.799546241760254,10.19403810945759,9.754717406671283,10.077483480241831,11444553,9.916100585963042
2018-03-22,10.400248527526855,10.633356888751965,10.113344547879498,10.122310484283206,20741679,10.382316654719439
2018-03-23,10.140242576599121,10.355419924713573,9.781612808036261,9.93403031004369,17851947,10.092425103116318
2018-03-26,10.48990535736084,10.525768248042601,10.13127645054323,10.13127645054323,14526289,10.382316685315557
2018-03-27,10.427146911621094,10.803707741828752,10.283695329644628,10.740947033434894,15810603,10.504849994364825
2018-03-28,9.94299602508545,10.265762040065052,9.871270243978872,10.176105241201208,12273082,10.026676103043124
2018-03-29,10.185070991516113,10.238865758398667,9.889201911259102,9.960927697076631,8083702,10.104379553724627
2018-03-30,10.122310638427734,10.247831184874828,10.068515874225048,10.203002357212382,7179311,10.146219232509203
2018-04-02,10.220932960510254,10.355419438040414,10.122310227685793,10.229898896686679,7375703,10.23288754207882
2018-04-03,10.301627159118652,10.463010629039125,9.951964114342886,10.086449769250653,9963761,10.238867300833554
2018-04-04,10.16714096069336,10.400250214774887,10.158175022835094,10.34645544266419,6627800,10.241855399434447
2018-04-09,10.095414161682129,10.203002840141126,9.969893609293894,10.059551268862464,7655207,10.089436870372383
2018-04-10,10.220932960510254,10.229898896686679,10.041618512175445,10.131276163862218,7745677,10.164150123124125
2018-04-11,10.445075988769531,10.696117065566488,10.292658497513777,10.534733638345404,15920008,10.477950517283267
2018-04-12,10.498871803283691,10.651289309837432,10.471974847726795,10.516802821975354,12953446,10.540711986949306
2018-04-13,10.346454620361328,10.489906194536923,10.31955766396311,10.463009238138707,6964034,10.385306159620454
2018-04-16,10.4540433883667,10.561632069897609,10.373351663458807,10.400249475120662,8626082,10.463009040574372
2018-04-17,10.10438060760498,10.400249702029866,10.086448732772514,10.400249702029866,7675100,10.19702634746912
2018-04-18,10.03265380859375,10.203003196719706,9.862305275506634,10.158174365368726,6901772,10.032654093606697
2018-04-19,10.534734725952148,10.669220359161548,10.176105800701214,10.176105800701214,17086482,10.460020295271637
2018-04-20,10.185070991516113,10.534734838655679,10.086448249776714,10.498871945746915,13165314,10.268751359982835
2018-04-23,10.077482223510742,10.292659579057016,9.925064716239095,10.140242926824175,7717260,10.098402172935618
2018-04-24,10.39128303527832,10.40024897206526,10.11334498015475,10.12231091694169,8182234,10.301625662499443
2018-04-25,10.229899406433105,10.30162518934106,10.176105496771529,10.30162518934106,5722618,10.23587669751523
2018-04-26,10.16714096069336,10.445078193988422,10.158175022835094,10.238866753481693,6917503,10.256798059172292
2018-04-27,10.256797790527344,10.337489521302711,10.041620411818963,10.247832707693668,6981012,10.21196924121634
2018-05-02,9.288498878479004,9.960928838876663,9.234704960468981,9.90713492086664,21211211,9.494710892608216
2018-05-03,9.351259231567383,9.360224314199922,9.091253024368465,9.28849852290635,7862663,9.267578856711923
2018-05-04,9.243669509887695,9.324360374781245,9.180908808252115,9.31539529315226,5016499,9.249646230973685
2018-05-07,9.494709968566895,9.602298645925533,9.288497695683738,9.315395506302497,9188282,9.461835436725389
2018-05-08,9.449880599975586,9.575401143917126,9.324360056034045,9.51264044442698,8451851,9.449880599975586
2018-05-09,9.682991027832031,9.72781986021399,9.440915845992771,9.476778740890566,10484174,9.617242244679597
2018-05-10,9.790578842163086,10.01472212910814,9.754715950453429,9.951962282375936,9560343,9.853338973908217
2018-05-11,9.718852043151855,9.817474771287928,9.620228459977088,9.790577819076034,6933111,9.718851758138959
2018-05-14,9.512641906738281,9.71885419955332,9.449882052639259,9.71885419955332,8786001,9.560459386310287
2018-05-15,9.602298736572266,9.691956396070243,9.49471005819798,9.566435843780837,6899200,9.596321730280161
2018-05-16,9.629194259643555,9.700920034554075,9.56643442035652,9.63816019526704,5369896,9.632182904851383
2018-05-17,9.78161334991455,9.907133904120911,9.638161776558038,9.745750456575422,14076640,9.775636343531167
2018-05-18,10.758877754211426,10.758877754211426,9.76368186976083,9.78161288806435,39337184,10.427145792727893
2018-05-21,10.597494125366211,10.749911625903524,10.418179670333718,10.749911625903524,28832920,10.588528473867818
2018-05-22,10.642322540283203,10.821636988363709,10.471974028366404,10.561630824887292,17032249,10.645311185671105
2018-05-23,10.256797790527344,10.534735879304842,10.131278080466904,10.534735879304842,18824807,10.307603916766363
2018-05-24,10.211968421936035,10.364385924878274,10.167139593710885,10.256796395122404,7165626,10.247831313508398
2018-05-25,9.93403148651123,10.203003631027517,9.91610046623088,10.167140735427937,9130990,10.017711861256542
2018-05-28,9.476778984069824,9.638162442770517,9.324361463083367,9.638162442770517,15234242,9.47976762997457
2018-05-29,9.414017677307129,9.539538220818507,9.405051740976583,9.476777521543443,5988894,9.452869213034072
2018-05-30,9.23470401763916,9.414018484430063,9.216772143440659,9.29746386725627,8215500,9.28849821516996
2018-05-31,9.38712215423584,9.476778966091452,9.306430425038574,9.38712215423584,7870618,9.390110515121956
2018-06-01,9.360222816467285,9.40505164261241,9.243669065544196,9.297462972887354,6404686,9.336314508207964
2018-06-04,9.324361801147461,9.396087595384063,9.27953382102877,9.369190636305065,4926101,9.333327739186764
2018-06-05,9.431950569152832,9.449881588712737,9.279533055218849,9.306430012078128,4615537,9.387121737694805
2018-06-06,9.548503875732422,9.57540168633993,9.369189413543037,9.45884707215713,5855582,9.49769832520513
2018-06-07,9.414017677307129,9.539538220818507,9.396085804646038,9.539538220818507,3955800,9.449880567590558
2018-06-08,9.31539535522461,9.557469661595862,9.252634653170828,9.503675751308378,7288776,9.375166556663766
2018-06-11,9.31539535522461,9.351258247095862,9.154011914284583,9.342292310368352,4092723,9.273555172201684
2018-06-12,9.378155708312988,9.467813370348708,9.261601089682086,9.279532964104764,3679901,9.369190056114595
2018-06-13,9.297465324401855,9.440916920317035,9.270568363927499,9.396088082833801,3160551,9.336316869548796
2018-06-14,9.33332633972168,9.431949933288296,9.29746344798076,9.306429384675686,2514885,9.354246573663579
2018-06-15,9.089848518371582,9.423503571645663,9.026724845048136,9.28823831166812,6082270,9.180025645021793
2018-06-19,8.386466979980469,8.927528838691654,8.179059289144568,8.873423082818277,11591060,8.497685035938897
2018-06-20,8.341378211975098,8.458608495450962,8.16102426047203,8.43155561772437,6875438,8.320336989299363
2018-06-21,8.170044898986816,8.440575486506386,8.16102698340396,8.278257305993797,5352996,8.257215789632388
2018-06-22,8.29629135131836,8.32334423505213,8.043795763146614,8.124955274343591,3700918,8.221143783172367
2018-06-25,8.395485877990723,8.647981441690986,8.377450050585768,8.530751143545539,5296737,8.473639123422492
2018-06-26,8.476644515991211,8.566821932968056,8.206113985051845,8.260219747241484,4243941,8.416526811337038
2018-06-27,8.593873977661133,8.900476133547544,8.512714482279964,8.611909803299392,6097435,8.669021531162882
2018-06-28,8.485663414001465,8.837354349011632,8.44959261502573,8.8012835500359,4169879,8.590870126012943
2018-06-29,8.60289192199707,8.638962713410235,8.422537964931246,8.548785304879571,4380685,8.554797533446184
2018-07-02,8.377449035644531,8.59387377831027,8.305307454755951,8.59387377831027,3616400,8.425543422903585
2018-07-03,8.557804107666016,8.566822021455964,8.251201918772507,8.395485959424905,3910222,8.458609349298163
2018-07-04,8.413520812988281,8.593874786365111,8.386467931980652,8.539769024349853,3301150,8.464621177111349
2018-07-05,8.170044898986816,8.422540515336438,8.16102698340396,8.404504684170726,3057320,8.251204132575738
2018-07-06,8.161025047302246,8.314326135858966,7.845404956745337,8.124954253523933,4009657,8.106918713302184
2018-07-09,8.386466979980469,8.4045019452731,8.23316590501343,8.251200870306059,3127047,8.341378276755666
2018-07-10,8.548786163330078,8.747175966022107,8.3684321881535,8.3684321881535,6032400,8.554798105835228
2018-07-11,8.431556701660156,8.494680377802352,8.305308489380176,8.467627496597924,3528051,8.410515189614229
2018-07-12,8.458609580993652,8.485662462192098,8.224148983952228,8.251201865150673,7751297,8.38947367571266
2018-07-13,8.332361221313477,8.404502809896623,8.260219632730331,8.323343307741691,4310491,8.332361221313477
2018-07-16,8.29629135131836,8.359415893358047,8.26923846758459,8.350397978781567,1956200,8.308315237420333
2018-07-17,8.170044898986816,8.23316858807528,8.079867463149784,8.16102698340396,4450288,8.161026983403959
2018-07-18,8.142989158630371,8.206113692260132,8.11593627850079,8.161024985380461,3195749,8.155013043130431
2018-07-19,8.142989158630371,8.188077865510042,8.088883398371209,8.13397210525088,2938700,8.13998347417054
2018-07-20,8.251202583312988,8.29629129589852,8.079866507482759,8.142990189105106,3208947,8.209120128898089
2018-07-23,8.314326286315918,8.314326286315918,8.188078075809441,8.251201751064892,3276916,8.272243549480427
2018-07-24,8.458609580993652,8.521733257121886,8.269237692613363,8.278255606344706,7164408,8.4165268435763
2018-07-25,8.476644515991211,8.539769051873236,8.44057372119959,8.539769051873236,4031223,8.485662429688013
2018-07-26,8.413520812988281,8.566821905357482,8.404502899320544,8.566821905357482,4382500,8.46161520588877
2018-07-27,8.440573692321777,8.458609519653674,8.368432102985354,8.38646793031725,2895227,8.422538438320268
2018-07-30,8.46762752532959,8.584857824274009,8.39548593520927,8.449591697801715,4666733,8.482657094937624
2018-07-31,8.566822052001953,8.684052351702505,8.467627579945608,8.503698375238425,7093992,8.572833994550022
2018-08-01,8.242185592651367,8.512716150269261,8.233167678065259,8.494681181092712,5577604,8.329356473661962
2018-08-02,8.07084846496582,8.260220366825159,7.944601103723361,8.224149569327935,5602260,8.09188997850478
2018-08-03,8.115938186645508,8.179061875120777,8.070849469164994,8.106920271150255,2854797,8.12194984364376
2018-08-06,8.07084846496582,8.161025888706705,8.00772478434459,8.07084846496582,2562504,8.07986637933904
2018-08-07,8.494680404663086,8.557804081004884,8.161025335434799,8.197096130486624,9150572,8.404503273700923
2018-08-08,9.14395523071289,9.342344166017586,8.837353054338559,8.882441761451648,32899619,9.107884150356346
2018-08-09,9.017706871032715,9.07181349065695,8.593874407295425,8.747175492902624,17609318,8.894464922995029
2018-08-10,9.315292358398438,9.450557635317862,8.756194561804808,8.900477753184369,17139750,9.174014851840369
2018-08-13,9.324309349060059,9.603857789663007,9.11690163700395,9.198061139113054,12460064,9.348356258575672
2018-08-14,9.721088409423828,9.757159204894961,9.252168068299115,9.27020303603688,13917937,9.576805227539301
2018-08-15,9.594840049743652,9.892424296192878,9.468591848827568,9.612875015591372,11629123,9.651952064921366
2018-08-16,9.43252182006836,9.694035295978658,9.243149933375,9.369398144502433,8360950,9.456569016474006
2018-08-17,9.125921249389648,9.766178611886147,9.107886278894565,9.69403700991435,9400057,9.33332871339012
2018-08-20,9.306275367736816,9.41448777201332,9.089850559183807,9.16199216203481,6530702,9.270204566311314
2018-08-21,9.468591690063477,9.630910679948837,9.306272700178114,9.378414282350388,8248066,9.468591690063477
2018-08-22,9.531716346740723,9.639928731207545,9.44153978968283,9.540734260445188,4691893,9.537728289210365
2018-08-23,9.351363182067871,9.676000363568397,9.098867596456351,9.603858767679391,12672904,9.37541038069754
2018-08-24,9.558770179748535,9.66698256525567,9.125919777724398,9.243150077022694,10113568,9.450557507576201
2018-08-27,9.685015678405762,9.793228043192954,9.36939649610864,9.522697561222687,11146263,9.61588007256912
2018-08-28,9.585824012756348,9.71207223837906,9.4956465858836,9.657965610256275,6480318,9.597847612339669
2018-08-29,9.495646476745605,9.594841817164664,9.423504880074836,9.594841817164664,3721703,9.504664391328369
2018-08-30,9.486628532409668,9.712071215860519,9.486628532409668,9.56778717605568,4169263,9.561776093559951
2018-08-31,9.288239479064941,9.495646351764611,9.207079968879624,9.495646351764611,3041120,9.330321933236393
2018-09-03,9.450556755065918,9.4595746686861,8.999671394003714,8.999671394003714,3706431,9.303267605918577
2018-09-04,9.612875938415527,9.829300709337744,9.405469081280634,9.450556930226067,6636326,9.615881909677968
2018-09-05,9.739124298095703,9.856354599109302,9.567787373539057,9.612876083158996,6463652,9.721088756914687
2018-09-06,9.558770179748535,9.937513959021308,9.378415343907715,9.784212864553966,10302305,9.624899827559185
2018-09-07,9.504663467407227,9.64894664672341,9.378415255507774,9.513681381113384,5757687,9.510675123212804
2018-09-10,9.297256469726562,9.594840737506782,9.207079054037466,9.504663321817684,3775628,9.36639208709027
2018-09-11,9.928495407104492,10.081796491718844,9.288238189007945,9.351361861497782,15682761,9.766176695943761
2018-09-12,9.964567184448242,10.190009877037589,9.874389763414253,10.135903252418071,9065811,10.009655608300028
2018-09-13,10.153939247131348,10.415452740423564,10.036708941863024,10.117868450125375,18723091,10.20203364313931
2018-09-14,10.081796646118164,10.36134507999338,9.991619232612614,10.280185579837495,15605540,10.14492031957472
2018-09-17,10.262151718139648,10.46955858754176,10.072779817383282,10.072779817383282,13372414,10.268163374354897
2018-09-18,10.217062950134277,10.343311169940186,9.910460744888237,10.20804503586336,10414749,10.156944954987567
2018-09-19,10.622859001159668,10.676965623574493,10.144920753143664,10.217062343033039,16746821,10.48158179262594
2018-09-20,10.424470901489258,10.63187777418537,10.262151881121408,10.63187777418537,13551559,10.439500185598678
2018-09-21,10.262151718139648,10.361346195680357,10.072779817383282,10.325275398393222,12990909,10.232092577067762
2018-09-25,10.4425048828125,10.60482388782889,10.26215091056961,10.41545200197496,13743143,10.436493227070333
2018-09-26,10.47857666015625,10.568754084734167,10.33429346882811,10.361346352203222,10143081,10.460541404572842
2018-09-27,10.307238578796387,10.451521742034874,10.217061171774589,10.37938016041563,7107134,10.325273830868616
2018-09-28,10.343311309814453,10.388400021783136,10.171974376332583,10.316257566635851,8020642,10.301228569310057
2018-10-08,10.117868423461914,10.604824611757106,10.027691001186806,10.190010017283747,9346367,10.250128012135276
2018-10-09,10.415451049804688,10.631875796710819,10.018671487147948,10.027689399934578,14005158,10.355332777887819
2018-10-10,10.298221588134766,10.541699232900337,10.18099129250854,10.41545188376099,6787592,10.340304037847881
2018-10-11,9.333328247070312,9.91046101628334,9.27020370544089,9.91046101628334,13275939,9.504664322931514
2018-10-12,9.531716346740723,9.66698247232094,8.891459093648665,9.15297257110905,9828850,9.363385970903442
2018-10-15,9.468591690063477,9.612874854408021,9.369397229575476,9.486627515604292,3244431,9.483621258015658
2018-10-16,9.315292358398438,9.639929539002452,9.216097879323902,9.468593464238136,3504120,9.390439925574931
2018-10-17,9.06279468536377,9.5226978969185,8.693068877641698,9.39644970355187,7584827,9.092853819974655
2018-10-18,8.801281929016113,9.062795388423565,8.656998759687246,8.891458479848891,7776226,8.840358692375641
2018-10-19,8.819315910339355,8.837351734489182,8.431555151067805,8.72913936957651,7986209,8.696074265298781
2018-10-22,9.189043045043945,9.315291252511027,8.810300142633807,8.92752957671578,9934872,9.104878146729593
2018-10-23,8.936548233032227,9.27922123036288,8.810300875065309,9.107885161695366,5574495,9.008690112820139
2018-10-24,8.575840950012207,8.702088318027776,8.38646903799316,8.702088318027776,9965755,8.55479943534438
2018-10-25,8.702088356018066,8.711106270914462,8.296291645633024,8.41352195929905,5151337,8.56982875752185
2018-10-26,8.729141235351562,8.882442333410097,8.61191093330706,8.747176203360771,4385085,8.741164834022905
2018-10-29,8.629945755004883,8.81030059201293,8.566822078049425,8.729141087358428,2488293,8.669022808355747
2018-10-30,8.873424530029297,8.927530294727053,8.548786501860269,8.548786501860269,4738429,8.783247108872205
2018-10-31,8.855388641357422,8.94556606189901,8.656999692158918,8.810300791082247,6042318,8.819318131805117
2018-11-01,8.720123291015625,8.864406474569849,8.675034581156027,8.801282796763779,6682449,8.7531881155805
2018-11-02,8.873424530029297,8.873424530029297,8.638963923017359,8.729141344174451,7366444,8.795270994358651
2018-11-05,9.116901397705078,9.125919311035071,8.774228431125264,8.819317137779683,8081756,9.005683046621805
2018-11-06,9.116901397705078,9.21609672434391,8.972618224407377,9.053777724386222,6035441,9.101872115485454
2018-11-07,8.999671936035156,9.134938068497961,8.972619053540848,9.062796475182717,4346806,9.035743019357989
2018-11-08,9.089848518371582,9.279220398337472,8.990654051721087,9.026724845048136,4503968,9.119907656143381
2018-11-09,8.963600158691406,9.10788418953175,8.837352814199965,9.062795483643864,4163144,8.969612387474374
2018-11-12,9.107884407043457,9.11690146043995,8.909494612396191,8.954583319360873,3438587,9.044760159959866
2018-11-13,9.053776741027832,9.098865442785028,8.936546460457302,8.999670126920105,5225550,9.029729548090055
2018-11-14,8.666015625,8.927529078741026,8.57583907612115,8.927529078741026,12825910,8.723127926620725
2018-11-15,8.783246040344238,8.783246040344238,8.647980785059953,8.666015751099948,6093054,8.738157621916143
2018-11-16,8.882442474365234,8.91851327095167,8.756194256314892,8.810300881192362,5457259,8.852383333877265
2018-11-19,8.909494400024414,8.963600159095892,8.837352814598754,8.927529366383062,4372499,8.903482457906353
2018-11-20,8.738158226013184,8.927530118712943,8.738158226013184,8.846371473266423,4201612,8.801282190246438
2018-11-21,8.53075122833252,8.539769142124626,8.269237748330601,8.458609637986859,8887880,8.446586039595916
2018-11-22,8.521733283996582,8.61191070160324,8.476644575193255,8.539769111516149,4545432,8.536762853597692
2018-11-23,8.350396156311035,8.521732195891783,8.296289540656574,8.521732195891783,4548911,8.389472630953131
2018-11-26,8.404501914978027,8.431555652812682,8.197095084885234,8.25120084056358,5137752,8.344384217558648
2018-11-27,8.2782564163208,8.431557524770867,8.251202672479728,8.395486726311772,3925534,8.320338871190465
2018-11-28,8.395485877990723,8.395485877990723,8.251201838737844,8.296290547254644,2812141,8.347391198239762
2018-11-29,8.2782564163208,8.413521695543484,8.26923850170711,8.359415927852679,3135272,8.320338871190465
2018-11-30,8.350396156311035,8.377449034140525,8.242183784997593,8.296289540656574,2748937,8.323342991816384
2018-12-03,8.548786163330078,8.629945667158434,8.42253881070427,8.512715368294762,7408465,8.533756880397595
2018-12-04,8.656998634338379,8.684051513196948,8.512714607103145,8.530750433005867,4913378,8.617921584879491
2018-12-05,8.566822052001953,8.656999470231792,8.521733342887034,8.656999470231792,3320256,8.581851621706926
2018-12-06,8.458609580993652,8.566821965783019,8.440573753530964,8.557804052051676,2241300,8.488668433435878
2018-12-07,8.53075122833252,8.53075122833252,8.386468047641198,8.476644605575478,1783608,8.482656834768745
2018-12-10,8.557804107666016,8.629945697994417,8.521733312501814,8.548786193876067,3118215,8.569827706054083
2018-12-11,8.46762752532959,8.50369832038975,8.422538816505492,8.46762752532959,1991100,8.464621554074943
2018-12-12,8.494680404663086,8.557804081004884,8.476644577139378,8.54878616724303,1158701,8.50970968760245
2018-12-13,8.584857940673828,8.611910822336855,8.449591812367498,8.494680521802941,2041857,8.548786858459394
2018-12-14,8.46762752532959,8.64798150063039,8.458609611565652,8.638963586866453,2218557,8.524739545841877
2018-12-17,8.422538757324219,8.512715314343195,8.37745004881694,8.431556671024792,1898325,8.437568040161452
2018-12-18,8.332361221313477,8.413520723468409,8.278255459873904,8.287272513450118,3077395,8.341379134885264
2018-12-19,8.152007102966309,8.27825531070976,8.106918395915393,8.269237397300465,5765835,8.17906026986382
2018-12-20,8.088882446289062,8.188076901752455,8.043793744716448,8.188076901752455,3164989,8.106917697585988
2018-12-21,7.99870491027832,8.043793611101972,7.93558124512247,8.025757786774337,4893535,7.992693255500921
2018-12-24,8.043795585632324,8.043795585632324,7.917547364334722,7.917547364334722,1526304,8.00171284519979
2018-12-25,7.881475925445557,7.935582547311652,7.845405130866687,7.935582547311652,4092737,7.887487867874632
2018-12-26,7.872457027435303,7.926563642535943,7.845404149882718,7.89049285246734,2246385,7.881474939951321
2018-12-27,7.818352222442627,8.115936491670915,7.818352222442627,8.079865697218867,5647286,7.917546978852056
2018-12-28,7.701122283935547,7.8634412965229465,7.674069401836186,7.791299704260906,3987093,7.746210994098226
2019-01-02,7.547821521759033,7.764246308190428,7.511750724020468,7.701122627146852,4292886,7.607939517989976
2019-01-03,7.448626518249512,7.6019276128378515,7.412555723051996,7.583891785241297,4231770,7.48770328471312
2019-01-04,7.529786586761475,7.529786586761475,7.349431737261638,7.439609162011556,5584236,7.469668303594863
2019-01-07,7.610944747924805,7.628980575713981,7.502732361176559,7.439608683905649,3876133,7.580885894938448
2019-01-08,7.619962692260742,7.63799852012197,7.547821100807043,7.601927724395121,2621179,7.601927437729919
2019-01-09,7.6650519371032715,7.764246417279109,7.647016107982755,7.674069851663529,4233341,7.692104820788379
2019-01-10,7.674070358276367,7.818353560782854,7.665052443120781,7.76424692984506,3693067,7.719158787393334
2019-01-11,7.674070358276367,7.692105328591817,7.592910841867537,7.674070358276367,2417074,7.653028842911907
2019-01-14,7.628979682922363,7.674068387123134,7.610943857243854,7.64701464860537,2311962,7.637997309096451
2019-01-15,7.791299343109131,7.791299343109131,7.583891629973067,7.583891629973067,4552049,7.722163438730443
2019-01-16,7.764245986938477,7.818352611305447,7.683087340381449,7.818352611305447,4508801,7.755228646208458
2019-01-17,7.737192630767822,7.782281338312201,7.692103923223444,7.7552284577838,2673947,7.737192630767822
2019-01-18,7.827371120452881,7.827371120452881,7.7371936929839356,7.809335290960818,3295637,7.797311977963233
2019-01-21,7.881475925445557,7.92656463366804,7.8003164226442046,7.899511752732781,5579127,7.8694523272526
2019-01-22,7.755228042602539,7.890493297998592,7.755228042602539,7.872457471948175,3387677,7.80031646106789
2019-01-23,7.68308687210083,7.773263427222069,7.665051045079243,7.710139752637645,3048288,7.70713378146738
2019-01-24,7.98067045211792,8.079864912224986,7.683086211801231,7.683086211801231,7494457,7.914540525381379
2019-01-25,7.962635040283203,8.061829505543146,7.935582160666043,8.043794539130218,3416957,7.986682235497464
2019-01-28,7.764245986938477,8.106918981274307,7.755228932873663,8.007724506596416,3588215,7.875464633695482
2019-01-29,7.74621057510376,7.800316336375888,7.647015246112242,7.74621057510376,3817848,7.7311807191972965
2019-01-30,7.647015571594238,7.8454053780258235,7.637998517662135,7.8454053780258235,3009173,7.710139822427398
2019-01-31,7.710139751434326,7.818352133560265,7.574873628780228,7.683086870901733,3909402,7.70112183792494
2019-02-01,7.845405578613281,7.863441406929832,7.719158220379939,7.719158220379939,2678300,7.809335068641018
2019-02-11,7.881475925445557,7.890493839089169,7.773263541708946,7.827370163575042,3051058,7.848411102081225
2019-02-12,7.935582637786865,7.935582637786865,7.872458101557463,7.908529756543172,3408322,7.9145411257103975
2019-02-13,8.016741752624512,8.04379463255588,7.90852937290349,7.980670959384171,7678025,7.9896885860279605
2019-02-14,7.989688873291016,8.070848381822604,7.953618076165381,8.043795498977287,5450750,8.004718443759666
2019-02-15,7.971653461456299,8.061830019258231,7.944600580115279,8.007724256576191,4736520,7.99269468694327
2019-02-18,8.152007102966309,8.170042929784897,8.01674184180912,8.03477680863215,6657623,8.112930624853442
2019-02-19,8.19709587097168,8.278255372267726,8.133972196628338,8.179060044018975,5780563,8.203107813289249
2019-02-20,8.215130805969238,8.242184546293048,8.142989218430198,8.188077925640988,4373406,8.200101523564163
2019-02-21,8.088882446289062,8.260218480270458,8.061828709348223,8.251200567956845,5425455,8.13697654530258
2019-02-22,8.188076972961426,8.197094885353465,8.025757989886559,8.070846691851294,4522717,8.13697661606715
2019-02-25,8.693070411682129,8.873424391178519,8.188078409096624,8.20611423704407,19236734,8.58485773731909
2019-02-26,8.783246040344238,9.134936908077105,8.693069490153222,8.801281866379753,27394760,8.870417479524855
2019-02-27,8.711105346679688,8.90949515337301,8.656999583033258,8.792264852144937,12490210,8.75920002769532
2019-02-28,8.86440658569336,8.891459467950007,8.693070518073766,8.74717628258706,10734636,8.816312190572377
2019-03-01,8.873424530029297,8.909495326493008,8.783247108872207,8.88244244414413,7411919,8.855388988464837
2019-03-04,8.927530288696289,9.017707709792463,8.864406609926341,8.864406609926341,14655083,8.93654820280503
2019-03-05,8.927530288696289,8.945566116913772,8.79226501704765,8.900477406365686,9793023,8.88845380755257
2019-03-06,9.026724815368652,9.053777695276102,8.86440581593286,8.945565315650756,15123111,8.981636108859204
2019-03-07,9.03574275970459,9.125919313037667,8.945565346375963,9.026724846372616,13100880,9.035742473039406
2019-03-08,8.53075122833252,8.93654788902576,8.521733314540414,8.93654788902576,13434146,8.663010810632898
2019-03-11,8.666015625,8.711104329437179,8.485661667246793,8.53976828457051,10640897,8.620927207227991
2019-03-12,8.738158226013184,8.819317731455309,8.602892956940044,8.711105344197676,15032407,8.720122971469513
2019-03-13,8.702088356018066,8.792265784990608,8.620929701937618,8.756194985400732,10052227,8.70509461431543
2019-03-14,8.675036430358887,8.891461251824138,8.539771131942052,8.729143065723097,10267750,8.702089604708359
2019-03-15,8.747175216674805,8.819316800565257,8.638962840839126,8.684051545769538,8815603,8.735151619359728
2019-03-18,9.044758796691895,9.062794621329175,8.675032991582178,8.702085868542646,14304293,8.927528803201083
2019-03-19,8.999671936035156,9.089849357677027,8.909495374388916,9.080831443513713,9719298,8.999672222700367
2019-03-20,8.963600158691406,9.071813396820549,8.819316987846596,8.990653898221458,11060132,8.951576847786184
2019-03-21,9.17100715637207,9.261184561211678,8.94556450426852,8.99967025917591,14822988,9.125918740617422
2019-03-22,9.026724815368652,9.180025901503447,8.927529489048759,9.171007988202447,8960832,9.044760068640286
2019-03-25,8.86440658569336,8.990654802883748,8.828335789352623,8.882442413861538,6791255,8.894465725976577
2019-03-26,8.738158226013184,9.026725452029144,8.69307037631921,8.891459322960397,9591716,8.819318018120512
2019-03-27,8.981637001037598,9.03574362622265,8.684052712508889,8.78324718868658,10204628,8.900477779923046
2019-03-28,8.900476455688477,8.990653867152625,8.82833487051537,8.891458542542955,8473062,8.90648839778549
2019-03-29,9.189043045043945,9.1980609584335,8.882441729759124,8.918512523321784,14849675,9.089848577745522
2019-04-01,9.486628532409668,9.58582300352963,9.143955550364904,9.216097140269529,18426994,9.405469028768067
2019-04-02,9.423502922058105,9.721087161491852,9.360379253085943,9.59483982354753,12940622,9.5016564455453
2019-04-03,9.685015678405762,9.811263867321868,9.39644937230658,9.432520160568979,16721751,9.630909639344736
2019-04-04,9.630911827087402,9.703053417852464,9.468592817868213,9.576805204015805,13141523,9.600852687602695
2019-04-08,9.739124298095703,9.802247975566253,9.495645782145397,9.739124298095703,15548096,9.67900601860245
2019-04-09,9.657964706420898,9.901442360198509,9.558770234140479,9.829300769449913,10281425,9.706059100253295
2019-04-10,9.513681411743164,9.639928764053492,9.378415285702058,9.558770120423533,9351674,9.510675153832905
2019-04-11,9.43252182006836,9.612875793110707,9.423503906417347,9.51368132293631,8312700,9.489633839865471
2019-04-12,9.369397163391113,9.477609535885122,9.270201843608321,9.387432128809037,6199838,9.372402847628186
2019-04-15,9.342345237731934,9.685018247107623,9.28823947098589,9.486629289044584,9533361,9.438534318608482
2019-04-16,9.522698402404785,9.53171545527033,9.27020200226845,9.297255740851595,6670237,9.441538619981188
2019-04-17,9.558770179748535,9.594840974917581,9.450556934245807,9.57680514733526,6031848,9.534722696303975
2019-04-18,9.387433052062988,9.558769970359437,9.37841513846937,9.558769970359437,4779341,9.441539386963932
2019-04-19,9.40546989440918,9.48662940552037,9.27922167045892,9.432522778114354,4779682,9.390440323462824
2019-04-22,9.81126594543457,9.991619924947123,9.450557126413855,9.450557126413855,17626685,9.751147665598516
2019-04-23,9.74814224243164,9.964567017287834,9.540734521531082,9.811265920099128,14041900,9.751147927083519
2019-04-24,9.576805114746094,9.739124122452235,9.504663524653497,9.703053327405936,8827635,9.60686425395061
2019-04-25,9.234131813049316,9.567786870708819,9.216096846146524,9.567786870708819,8929855,9.33933850996822
2019-04-26,9.026724815368652,9.225113748017348,9.008688988766655,9.1890429548089,6990378,9.086842517384218
2019-05-06,8.269237518310547,8.720122875426735,8.18807801643034,8.647981287087791,11373383,8.392479470055875
2019-05-07,8.395485877990723,8.431556672805046,8.251201838737844,8.404502931697614,5734690,8.359414796511205
2019-05-08,8.368431091308594,8.485661374806968,8.206112964922402,8.260218720385973,4690029,8.353401810345987
2019-05-09,8.242185592651367,8.440574553571732,8.22414976347915,8.440574553571732,4332655,8.302303303234083
2019-05-10,8.440573692321777,8.47664448698999,8.188078129644296,8.269237632646668,5427141,8.368432102985354
2019-05-13,8.60289192199707,8.828334583328225,8.305307677839584,8.386467173518081,8032492,8.578844727721625
2019-05-14,8.341378211975098,8.575838778926826,8.341378211975098,8.47664346060353,6124789,8.41953173429234
2019-05-15,8.46762752532959,8.530751201685973,8.39548593520927,8.413520902741555,5367873,8.464621554074945
2019-05-16,8.575840950012207,8.611911749444612,8.494681436290373,8.539770150579804,5407613,8.560811378582398
2019-05-17,8.323343276977539,8.638963370858908,8.287272482819288,8.638963370858908,4770934,8.416526376885246
2019-05-20,8.368431091308594,8.422537706767642,8.233165842654188,8.305307423269268,5040575,8.341378213576808
2019-05-21,8.449592590332031,8.530752102789167,8.31432730956726,8.332362279004577,4329288,8.431557334229487
2019-05-22,8.395485877990723,8.494680348731215,8.386467964288245,8.413520845400091,4053491,8.425544730336727
2019-05-23,8.19709587097168,8.413520634430762,8.19709587097168,8.39548566747362,4671773,8.269237458791373
2019-05-24,8.287272453308105,8.323343247337908,8.11593639666544,8.133972223678123,4754649,8.242184032437152
2019-05-27,8.359415054321289,8.40450290268687,8.224148929237801,8.260219723927614,3551406,8.329355628748653
2019-05-28,8.341378211975098,8.440572670302917,8.314325334248506,8.404501880002302,3798414,8.365425405508839
2019-05-29,8.323343276977539,8.41352069237095,8.305308309896198,8.332361190515993,3306639,8.34739075974823
2019-05-30,8.666015625,8.78324591253846,8.341378501044229,8.359414326817303,13821040,8.596880012860895
2019-05-31,8.60289192199707,8.93654695756772,8.58485695628824,8.629944800558068,12922260,8.70809861195101
2019-06-03,8.314326286315918,8.60289264176435,8.296290459102602,8.566821847333296,8711406,8.404503129060958
2019-06-04,8.638961791992188,8.70208545523368,8.206112341201251,8.314324703898986,10029582,8.515719862809041
2019-06-05,8.512714385986328,8.638962584039557,8.413519926084463,8.638962584039557,7345892,8.52173229870345
2019-06-06,8.170044898986816,8.431558430919294,8.115938265485443,8.413522599753582,7548576,8.239180531797183
2019-06-10,8.260220527648926,8.314327154946024,8.215131814900621,8.224149729449415,4860693,8.26322649916519
2019-06-11,8.440573692321777,8.458609519653674,8.224148924312507,8.287272599982982,6354956,8.37444404542932
2019-06-12,8.404501914978027,8.458608530651853,8.359414071911234,8.404501914978027,4032973,8.407508172513705
2019-06-13,8.539769172668457,8.54878622649722,8.314326487033037,8.323343540861801,5979192,8.467627295399572
2019-06-14,8.348986625671387,8.603363349797924,8.321732286086341,8.539768735566373,4663031,8.424694087185218
2019-06-17,8.358070373535156,8.430749178543312,8.321730971031078,8.358070373535156,2869177,8.370183507703182
2019-06-18,8.367156028747559,8.439834838863083,8.303562286496414,8.348985893018797,2621222,8.370184384702352
2019-06-19,8.394411087036133,8.557938857043276,8.385326018391329,8.539768719753667,4050856,8.445891987490246
2019-06-20,8.539769172668457,8.548854241795096,8.358072122135063,8.41258167049502,5534389,8.482231845532873
2019-06-21,8.721467018127441,8.81231510944968,8.603363719648648,8.676042539266387,9645094,8.712381949075256
2019-06-24,8.757804870605469,8.803228474989334,8.685126063911623,8.79414427395239,5421153,8.74871980316881
2019-06-25,8.69421100616455,8.77597488726575,8.539768312173349,8.757805617243145,5359807,8.669984735201217
2019-06-26,8.884992599487305,8.939502139243555,8.657871105569123,8.676041240954454,8708143,8.827455281433329
2019-06-27,8.8123140335083,8.939502385510192,8.757805358650181,8.884992844252306,6021321,8.836540592556224
2019-06-28,8.748720169067383,8.830484046617507,8.630616886650511,8.830484046617507,3738863,8.7366070341118
2019-07-01,8.93041706085205,8.939502128533832,8.775974375860734,8.857738252197283,6903925,8.881964521748872
2019-07-02,8.884992599487305,8.93041707155089,8.812313790745467,8.93041707155089,4450009,8.875907820594554
2019-07-03,8.748720169067383,8.812313910984255,8.676041359333885,8.794144641750757,4403560,8.745691813128508
2019-07-04,8.685126304626465,8.884992595374124,8.603362428229813,8.803228718977472,4240338,8.7244937760768
2019-07-05,8.666956901550293,8.757805853311543,8.621532425669669,8.739635716399366,3062519,8.682098393510502
2019-07-08,8.430749893188477,8.739635273856118,8.358071082019592,8.71238093626773,6035453,8.509485416354728
2019-07-09,8.503427505493164,8.521597638923536,8.403494370825063,8.439833771286159,2668184,8.476173171747254
2019-07-10,8.567023277282715,8.61244688426913,8.503428667982153,8.503428667982153,3954786,8.560966276511332
2019-07-11,9.012181282043457,9.39374547528157,8.694210832211771,8.694210832211771,14902436,9.033379196512266
2019-07-12,8.975841522216797,9.057605398456381,8.921331982590493,9.057605398456381,6780600,8.98492630108789
2019-07-15,9.084860801696777,9.148454550060706,8.866824350392017,8.984927644782056,9144067,9.033379900716499
2019-07-16,9.202962875366211,9.26655661529479,8.984926452982739,8.99401065411559,9237555,9.15148198121458
2019-07-17,9.357406616210938,9.393746024051763,9.157539439886481,9.212048984847632,10845119,9.302897360049727
2019-07-18,9.275643348693848,9.339237100043599,9.202964528179882,9.339237100043599,5727412,9.272614992305776
2019-07-19,9.37557601928711,9.530018721390856,9.284727931602447,9.330152408644697,6678736,9.396774224093472
2019-07-22,9.439170837402344,9.566358336185528,9.293812334450358,9.475510246540376,7666678,9.433113836012744
2019-07-23,9.475509643554688,9.620867270856806,9.321066947946237,9.37557562498463,5958020,9.472481287452576
2019-07-24,9.475509643554688,9.60269713424414,9.421000100116492,9.466424575248356,6033751,9.499735625971773
2019-07-25,9.439170837402344,9.520933858163025,9.366492019126278,9.493679517909465,3410570,9.442198904897216
2019-07-26,9.49367904663086,9.55727365926539,9.239303195292182,9.402830961495525,8690626,9.430085300396144
2019-07-29,9.384659767150879,9.602696186586785,9.311980960672242,9.548187514927665,5039481,9.433112304803302
2019-07-30,9.384659767150879,9.47550870844903,9.348320363911562,9.384659767150879,3822515,9.402829613170491
2019-07-31,9.311982154846191,9.466424855019042,9.275642746946687,9.466424855019042,3591157,9.351349918937307
2019-08-01,9.339238166809082,9.366493377414931,9.20296557937976,9.212050649581709,4250387,9.302899041201258
2019-08-02,9.112114906311035,9.212048927046135,8.848653984518188,9.13937011182051,10097230,9.057605939291786
2019-08-05,9.212050437927246,9.384662435798484,9.057607713642472,9.08486205722215,6050572,9.218106862456068
2019-08-06,8.857738494873047,9.148453737456853,8.785059684227095,9.075774926810901,8785689,8.930417305518999
2019-08-07,9.05760669708252,9.202964335060194,8.830485171142435,8.921333261678551,5667918,9.030352067761717
2019-08-08,8.875908851623535,9.103030357144304,8.839568578996417,9.030350678289855,3739140,8.939502595921418
2019-08-09,8.82139778137207,8.957670314524616,8.730548848337282,8.903161647823453,3847776,8.836538981411323
2019-08-12,8.957672119140625,8.994011526395564,8.730550607197305,8.857738965789496,4339674,8.894078084244498
2019-08-13,8.912249565124512,9.057607211355304,8.857740014588009,8.90316449563511,3241350,8.942532263689275
2019-08-14,8.93041706085205,9.066689610479806,8.903162724206448,9.0121809371886,2638278,8.966756465179435
2019-08-15,8.748720169067383,8.803228843167629,8.585192413967135,8.730550033434131,5782956,8.712380475400716
2019-08-16,8.666956901550293,8.785060192279992,8.648787631037932,8.748720784855456,4003657,8.700268241622739
2019-08-19,8.839568138122559,8.884992610241122,8.66695618375171,8.66695618375171,4229776,8.79717231070513
2019-08-20,9.030350685119629,9.148453972047726,8.821399315754386,8.875908858336503,5218726,9.000067990973912
2019-08-21,9.230218887329102,9.230218887329102,9.003097356178682,9.057606904870731,4536351,9.154511710278962
2019-08-22,9.702630043029785,9.947920794445865,9.493677827883042,9.947920794445865,23997546,9.714742888452898
2019-08-23,10.265892028808594,10.429418920541277,9.639036200234036,9.639036200234036,30073533,10.111449049861301
2019-08-26,10.30223274230957,10.429420244649272,9.947922843506374,10.011517461076105,17425088,10.22652527682174
2019-08-27,10.574776649475098,10.67470979093313,10.302230694298991,10.32948502989669,13735524,10.517239044902405
2019-08-28,10.656540870666504,10.83823877242298,10.520268310748952,10.565692786188071,12760091,10.671682651279477
2019-08-29,11.16529369354248,11.628621794186431,10.629286777079852,10.720135730053114,26844048,11.141067421602921
2019-08-30,10.956342697143555,11.437840085351068,10.892748081282289,11.374246335889657,17253883,11.09564362125897
2019-09-02,11.664959907531738,11.855741994482948,10.91091662729594,10.91091662729594,19301289,11.477206176436875
2019-09-03,11.528688430786133,11.67404693712155,11.428755269930416,11.555943638073954,10533928,11.543830212612699
2019-09-04,12.010184288024902,12.146456831541794,11.465092381157927,11.465092381157927,16161591,11.873911166908208
2019-09-05,11.746724128723145,12.119203246023766,11.655875183157246,12.064693705404276,18889993,11.840600852634717
2019-09-06,11.601366996765137,11.91933658681662,11.43783923443022,11.728554486225812,22982605,11.652847606003993
2019-09-09,11.555940628051758,11.737637630643837,11.456006626826376,11.692213163395905,18552642,11.583194961840656
2019-09-10,11.628622055053711,11.801234029895358,11.501433691317866,11.66496146377826,13369089,11.643763258755646
2019-09-11,11.446924209594727,11.664960646668964,11.34699019280253,11.664960646668964,9609772,11.486291683022074
2019-09-12,11.446924209594727,11.628621240489926,11.247057042410116,11.628621240489926,9240830,11.440867497498255
2019-09-16,11.628622055053711,12.091950166091596,11.492348622536769,11.946591664793555,27413137,11.737640281227359
2019-09-17,11.237971305847168,11.737638760889308,11.110782958585615,11.674045020458397,15797102,11.362131008440697
2019-09-18,11.410584449768066,11.528686866389764,10.983595790598146,11.128953410809245,13027053,11.307622368918658
2019-09-19,11.664959907531738,11.77397811916104,11.219801993445492,11.40149901282766,11197565,11.55291334004609
2019-09-20,11.601366996765137,11.855742842086281,11.601366996765137,11.719469418007252,10005804,11.686158945205518
2019-09-23,12.555277824401855,12.664296054167442,11.583197959192123,11.637707507274854,26531212,12.26759061258714
2019-09-24,11.601366996765137,12.618871244449505,11.546857453853567,12.618871244449505,25250861,11.922365231689403
2019-09-25,11.156208992004395,11.483264540348403,11.101700311546962,11.274312288195302,10388947,11.247057947966587
2019-09-26,11.074443817138672,11.410584395271128,10.901831860562327,11.147123493296862,10410384,11.128953357657375
2019-09-27,11.156208992004395,11.21071853886168,10.965426877603674,11.074445104918391,5997445,11.110784802823249
2019-09-30,11.12895393371582,11.410584985907397,10.992681374964935,11.138039002005826,5924922,11.177406764862717
2019-10-08,11.256142616271973,11.346990702601312,11.083529779366527,11.10169991647229,4750002,11.22888769941327
2019-10-09,11.038105010986328,11.247057250175594,10.829153638196862,11.247057250175594,6104934,11.038105299786261
2019-10-10,11.537771224975586,11.583195695099052,11.101698391149597,11.110782592054527,9237407,11.40755510374141
2019-10-11,12.500767707824707,12.555276383250813,11.501432750081829,11.53777215583249,21503575,12.185825613719118
2019-10-14,12.373579978942871,12.528022677777239,12.101033988858704,12.309986232269832,15085440,12.33421221519294
2019-10-15,12.082864761352539,12.373580023065742,11.973846538210088,12.237307460737632,9072401,12.143430440876124
2019-10-16,12.091949462890625,12.337240240916614,11.99201544490984,12.173712477966092,6731725,12.140401716239026
2019-10-17,12.437172889709473,12.709718861475737,12.028354365259958,12.028354365259958,12550116,12.391748705481723
2019-10-18,12.155543327331543,12.555276803984087,11.973846292489478,12.491683058389317,8838833,12.22822214126837
2019-10-21,12.30090045928955,12.518936892309805,11.728554172811558,12.1010332958211,10580383,12.182797174803639
2019-10-22,12.11011791229248,12.40083314548068,11.928420891549855,12.300900000672172,7854933,12.146457316441007
2019-10-23,11.901167869567871,12.21913747438849,11.773979507799725,12.064694773098537,6915402,11.964761617252028
2019-10-24,12.101035118103027,12.228223489717887,11.828489968985313,11.946592404856375,6188326,12.05258285893541
2019-10-25,12.991349220275879,13.127621765817349,12.09194834034286,12.137371944590207,16809748,12.736973108812029
2019-10-28,13.036774635314941,13.173047190728079,12.736974320286215,12.991350161377303,12278729,12.982265382109745
2019-10-29,12.955010414123535,13.091282965945691,12.736973984648184,12.791482658817145,7946023,12.927755788239137
2019-10-30,12.882330894470215,12.955009700290663,12.62795420769894,12.918670297380439,8075062,12.821764934153272
2019-10-31,13.372915267944336,13.74539442010803,12.90050209302464,13.21847256586673,27035911,13.339603927025669
2019-11-01,13.463762283325195,13.57278049968575,13.18213210766037,13.34565899900132,15503776,13.406224963557106
2019-11-04,13.590950965881348,13.690884116707021,13.22755690251545,13.572780829513158,8199620,13.503130661701272
2019-11-05,14.081534385681152,14.46309861254063,13.627291340981762,13.663630749901719,16931805,14.057308113067847
2019-11-06,13.899835586547852,14.308654101893431,13.663629025183832,14.136042147911873,12727263,13.957372904541705
2019-11-07,14.136043548583984,14.1996372958679,13.53644201807915,13.881666826648663,10897482,13.957374287510346
2019-11-08,13.854411125183105,14.172381563140647,13.663629035688528,14.136042158779762,11233809,13.896807241337427
2019-11-11,13.60912036895752,13.881666352347548,13.536441555573484,13.78173320054445,8469359,13.675742758959517
2019-11-12,13.94526195526123,13.999770635974514,13.173048425157567,13.627291474300932,13126120,13.706027005464437
2019-11-13,13.491019248962402,13.872583489251433,13.40925535941477,13.7908195997038,8611673,13.590952699209536
2019-11-14,13.7181396484375,13.781733394443298,13.472848000015464,13.654545036031893,7108358,13.65757368096542
2019-11-15,13.418340682983398,13.718141039409172,13.382000405695527,13.654546420555292,5342869,13.506160709362698
2019-11-18,14.354079246520996,14.399503720665638,13.400168755082616,13.518272041298776,16551715,14.05125057408975
2019-11-19,14.490351676940918,14.599369894103134,14.017939402571317,14.335908986027835,14188006,14.369220324538455
2019-11-20,14.771984100341797,14.81740771193411,14.1723834167648,14.408589142804324,12106127,14.587258409680237
2019-11-21,14.517606735229492,14.881000810474356,14.235976543514676,14.790153591262866,8668574,14.54486136307284
2019-11-22,15.12629222869873,15.444262689453279,14.662964140079179,14.662964140079179,22171616,15.077839686077063
2019-11-25,15.335244178771973,15.444263270169733,14.771983782815951,15.126292797459245,12474281,15.183830410585886
2019-11-26,15.444262504577637,15.507856249407375,14.790153187015141,15.153547252327638,10400451,15.247423980333386
2019-11-27,15.407922744750977,15.853082438982732,15.280735250855985,15.380669271944704,11792668,15.513913478196564
2019-11-28,15.189887046813965,15.580536349083895,15.171718641647713,15.335244684942348,11132442,15.314047345848524
2019-11-29,15.153547286987305,15.489686148370348,15.008189660529839,15.326160118205392,9730423,15.217141031962498
2019-12-02,15.080869674682617,15.389755088701879,14.962765510781278,15.089954743659623,9348217,15.144463424721925
2019-12-03,15.108123779296875,15.262566492751615,14.826493560455809,15.262566492751615,5296760,15.065727944168101
2019-12-04,15.099038124084473,15.21714054197848,14.899170094541411,15.089953056123466,5740858,15.071782920201455
2019-12-05,15.035442352294922,15.598704425189368,14.7174736439185,15.198970106773938,12568974,15.117206807134265
2019-12-06,15.026359558105469,15.108121705488065,14.626625225303746,15.071783165851306,8743371,14.920368829632428
2019-12-09,14.980935096740723,15.171718072628696,14.68113476274505,14.999105234025228,9436505,14.94459597737149
2019-12-10,14.990018844604492,15.189885138724728,14.790152550484256,15.01727404812978,7245395,14.990018844604492
2019-12-11,15.553282737731934,15.734978917389721,14.881001501319,15.062699413776503,13627734,15.389754385480218
2019-12-12,15.707722663879395,15.762231334851034,15.26256303041288,15.553279985460241,10491358,15.577505676381103
2019-12-13,15.87125015258789,15.89850535700775,15.51694115912758,15.862165084447938,10063847,15.762232222907741
2019-12-16,16.280073165893555,16.398175612309544,15.862168602760152,15.87125367291522,11402314,16.18013912698775
2019-12-17,16.316408157348633,16.425427242647434,16.10745678772547,16.234646009374003,7181265,16.28309739590718
2019-12-18,16.198305130004883,16.407256491802258,16.161966591465976,16.361832885428747,5414046,16.255842737757707
2019-12-19,16.37091827392578,16.470850556464818,16.143796772010493,16.280069326599758,6648787,16.328521867467032
2019-12-20,16.307323455810547,16.87058377306784,16.22555958188619,16.307323455810547,6460401,16.46782227025486
2019-12-23,16.743398666381836,17.170386498509544,15.953015017430907,16.298240696853032,12708559,16.622266727440763
2019-12-24,16.70705795288086,17.170386047644556,16.479936439730004,16.806991973163115,7070890,16.78579348008514
2019-12-25,17.043195724487305,17.2158085310008,16.4617653018726,16.743395446226682,9308655,16.9069231857869
2019-12-26,17.452016830444336,17.670055015324987,17.05228420136241,17.070454338902415,8022347,17.39145201571058
2019-12-27,17.261234283447266,17.606458206684405,17.197640539650916,17.442932179550745,6252760,17.35511100992753
2019-12-30,17.333913803100586,17.424762754861835,17.088622153185103,17.288490193619776,5479152,17.28243290371584
2019-12-31,17.442934036254883,17.58829167549036,17.270321189862848,17.333914940428404,5953315,17.433848967202696
2020-01-02,17.342998504638672,17.86083526608264,17.224894350007837,17.45201585820604,10866449,17.476242706909716
2020-01-03,17.533781051635742,17.61554493932853,16.888756751836787,17.22489563875182,11779265,17.346027580933686
2020-01-06,19.08729362487793,19.1236321686901,17.87900715232734,17.87900715232734,25734331,18.696644315298457
2020-01-07,18.35141944885254,18.642134716249863,17.98802363180621,17.98802363180621,17100798,18.327192598969535
2020-01-08,18.23331069946289,18.23331069946289,18.23331069946289,18.23331069946289,17463439,18.23331069946289
2020-01-09,17.40659523010254,17.76998935888132,17.061371240962668,17.606461567730896,19120719,17.41265194331551
2020-01-10,16.507190704345703,17.488355515927307,16.38000321872572,17.488355515927307,26395955,16.791849812999576
2020-01-13,16.89784049987793,16.89784049987793,16.89784049987793,16.89784049987793,15548080,16.89784049987793
2020-01-14,16.925092697143555,16.925092697143555,16.925092697143555,16.925092697143555,11000382,16.925092697143555
2020-01-15,16.88875389099121,17.0159413690576,16.416340782745436,16.988687899643047,8242560,16.773678680931415
2020-01-16,16.652551651000977,16.897843336075592,16.507194000467845,16.88875826631729,9612134,16.685862995848137
2020-01-17,16.816076278686523,16.970518969934087,16.588954775840083,16.78882107453711,6957224,16.791850008153563
2020-01-20,16.652551651000977,17.14313502115021,16.53444920974276,16.870588126800676,8580906,16.776711960631317
2020-01-21,16.34366226196289,16.661632695485793,15.980268223422197,16.661632695485793,10535926,16.328521060290296
2020-01-22,16.479934692382812,16.489019759881526,15.989353177048534,16.280068405809505,9864489,16.319435876437623
2020-01-23,14.953679084777832,16.18922062873113,14.83557666439386,16.043863003889516,21023139,15.326158792634274
2020-02-03,13.45467758178711,13.899835498650626,13.45467758178711,13.45467758178711,18329427,13.603063554074948
2020-02-04,14.662964820861816,14.753813775695345,13.436509129008234,13.436509129008234,25037279,14.28442924185513
2020-02-05,14.30865478515625,15.226225871378407,14.190551498834605,14.762897794208829,19581958,14.575144051789755
2020-02-06,15.035442352294922,15.235310377902387,14.22689038048145,14.608454563332657,16537582,14.832547703559586
2020-02-07,14.890085220336914,15.26256434758735,14.699303989071861,14.753812664747654,12899478,14.950651185665373
2020-02-10,15.980269432067871,16.225561076434932,14.808321619736084,14.862832029239602,17782254,15.671384042746297
2020-02-11,15.67138385772705,16.089286595522644,15.507856096746316,16.089286595522644,15156732,15.756175516665337
2020-02-12,15.898506164550781,15.943929774758207,15.580535694699835,15.753148532527431,9830323,15.807657211336275
2020-02-13,16.616209030151367,16.734311442448586,16.03477683779739,16.03477683779739,14950937,16.46176577013245
2020-02-14,16.516277313232422,16.57987106197561,16.19830683671679,16.55261585560009,10957895,16.431485070641607
2020-02-17,16.716140747070312,16.916008760442285,16.234644313691057,16.489019264819902,11580620,16.622264607067887
2020-02-18,16.44359588623047,16.816074983588003,16.316406676128306,16.816074983588003,9279535,16.525359181982257
2020-02-19,16.16196632385254,16.625292646148942,16.12562605311585,16.30732394120033,7842072,16.30429500770578
2020-02-20,16.389089584350586,16.48902187405051,16.216476745342106,16.3254941037056,6156419,16.364862734581067
2020-02-21,16.39817237854004,16.5889553485736,16.116542190471048,16.33457863279539,7757737,16.36788997252823
2020-02-24,15.67138385772705,16.216475816729645,15.644128653297072,15.971184175258543,15741563,15.843996109251256
2020-02-25,15.253480911254883,15.580534695942497,14.835576446376898,14.853746582414972,11587276,15.223197351191425
2020-02-26,14.92642593383789,15.253481463158622,14.862832188203217,14.980934611124809,10343362,15.014246528399909
2020-02-27,14.635709762573242,14.962763538640028,14.508521412858604,14.808320851986448,10711846,14.702331571357291
2020-02-28,13.7181396484375,14.590285421316365,13.609120560427833,14.590285421316365,27162280,13.972515210060566
2020-03-02,14.154212951660156,14.399504607305023,13.763563662921964,13.763563662921964,14512525,14.105760407295714
2020-03-03,14.563031196594238,15.226225560393846,14.454012114216445,14.51760585693702,14809892,14.74775629040151
2020-03-04,14.499436378479004,14.672048334689578,14.21780534146204,14.635709796287117,10158196,14.463096684876874
2020-03-05,14.862831115722656,14.990018597814338,14.381332924833533,14.62662455412419,11875909,14.744727546123508
2020-03-06,14.644796371459961,14.690219982338315,14.3813345765264,14.535777279432358,7622398,14.572116976774893
2020-03-09,13.400169372558594,13.509187595689397,13.182132926296987,13.191217994824509,34657424,13.363829964848327
2020-03-10,13.29115104675293,13.427423608013765,12.68246532250821,13.354744793154678,24264166,13.133679992424968
2020-03-11,13.345659255981445,14.090618381722939,13.327489986104707,13.327489986104707,27293781,13.587922541269696
2020-03-12,12.664295196533203,13.018605069077177,12.473513090763344,13.018605069077177,17534368,12.718804452124575
2020-03-13,12.455343246459961,12.582531599914029,11.62862111500795,11.892082023562985,19498669,12.222165320460647
2020-03-16,11.610451698303223,12.346325794082926,11.537772882226195,12.219137432748212,17929839,11.831516791537448
2020-03-17,11.510518074035645,11.855742869542294,11.392414786120227,11.53777241235465,16364777,11.586225243232724
2020-03-18,11.038105010986328,11.574111911828592,10.965426197285662,11.446924421052326,20498613,11.192547706700195
2020-03-19,10.729220390319824,11.201632675163145,10.538438289456227,11.02902071076265,18205446,10.823097118313065
2020-03-20,11.237971305847168,11.428753393539631,11.01084981413708,11.219802037038223,17806702,11.225858171174627
2020-03-23,10.647457122802734,10.99268193790383,10.502099488318029,10.99268193790383,19142238,10.714079516341533
2020-03-24,11.219801902770996,11.319735046023633,10.820067596961007,10.92908580770926,21462979,11.119868181918546
2020-03-25,11.428753852844238,11.56502640678699,11.19254728403702,11.519602799739252,16270894,11.395442514556082
2020-03-26,10.90183162689209,11.56502596832282,10.838237886316469,11.56502596832282,21861114,11.101698493843793
2020-03-27,10.792813301086426,11.056274194642924,10.638370618684368,11.00176465586584,19727307,10.829152704804573
2020-03-30,10.220467567443848,10.493013542522306,9.847988443609857,10.493013542522306,29385483,10.18715651785867
2020-03-31,10.611117362976074,10.792814400068169,10.211383014973652,10.211383014973652,23686187,10.5384382593393
2020-04-01,10.256807327270508,10.70196527764669,10.202297783812293,10.502098973232771,21678879,10.38702346290983
2020-04-02,11.28339672088623,11.28339672088623,10.147789167386406,10.320401134302466,37168837,10.904860869719622
2020-04-03,11.655876159667969,11.801233791631432,11.128954310600504,11.44692478032045,57255588,11.528688087299969
2020-04-07,11.901167869567871,12.210052405747945,11.62862187515032,11.655876214672125,52542942,11.913280716822044
2020-04-08,11.637706756591797,11.728554842336418,11.356075698063893,11.601367349013985,32009209,11.574112432330702
2020-04-09,11.75580883026123,11.882997186184229,11.537772391307342,11.819403441422626,30057122,11.7255261359176
2020-04-10,11.356074333190918,11.574110752452253,11.265225391965506,11.319734929980696,23149350,11.398470159202892
2020-04-13,11.065360069274902,11.610451164805815,10.992681256537447,11.446924269346436,22210876,11.222830830206055
2020-04-14,11.265227317810059,11.310651796188298,10.801900064271639,10.992682180340351,21388548,11.125926392756666
2020-04-15,11.210718154907227,11.365160854913553,10.947257231319934,11.083529794196187,17927476,11.174378747046903
2020-04-16,11.138038635253906,11.192547310399487,10.91091713388119,10.91091713388119,13004278,11.080501026511527
2020-04-17,11.274311065673828,11.583196442771701,11.219802391127004,11.310650470838297,25648616,11.35910329985751
2020-04-20,11.201632499694824,11.228886837562756,10.992681132041044,11.092614281823316,13418271,11.14106682309954
2020-04-21,11.147123336791992,11.456007840728747,10.956341247254729,10.956341247254729,20055369,11.186490808258489
2020-04-22,10.874579429626465,11.138040377780829,10.638372823308787,11.01993707462199,21678430,10.883664210238694
2020-04-23,11.719470024108887,11.855743455235636,10.974511719655405,11.038105467674653,43774420,11.51657506633331
2020-04-24,10.883662223815918,11.810318390312325,10.82006847896217,11.810318390312325,34881874,11.171349697696805
2020-04-27,10.34765625,10.810983469361352,10.293146706687008,10.756474792448156,24361892,10.483928808682785
2020-04-28,10.002431869506836,10.23863845637181,9.693546466129538,10.23863845637181,19375810,9.978205597336062
2020-04-29,10.34765625,10.39307985862773,10.093279536405763,10.093279536405763,15048781,10.278005215011165
2020-04-30,11.265227317810059,11.337906136655295,10.720136176470783,10.920003361495114,33428600,11.10775654364538
2020-05-06,11.574113845825195,11.701302224254023,11.346992298459396,11.592283985486434,32097058,11.540802789512872
2020-05-07,11.637706756591797,11.773979318408637,11.474178989291735,11.555942872941767,21642831,11.62862168809739
2020-05-08,11.828489303588867,12.010186348246178,11.528688096904492,11.783064825824578,22737324,11.789121249579845
2020-05-11,12.255475044250488,12.400832655096501,11.737638339011644,11.828487278990252,24248418,12.131315346119544
2020-05-12,11.964761734008789,12.191883253839784,11.71038587439003,12.191883253839784,17569359,11.955676954079534
2020-05-13,11.928421974182129,12.028355128060644,11.664961053593483,11.901167635197046,11520516,11.873912718612084
2020-05-14,11.91025161743164,12.082864449417492,11.728554583551636,11.892082347243539,11963130,11.907223550133589
2020-05-15,12.019268989562988,12.319070157307852,11.928420912234012,12.037439124868627,14136874,12.088920019701618
2020-05-18,12.06469440460205,12.191882762485434,11.9102517080293,12.182797694122378,13263818,12.055609625038928
2020-05-19,12.264561653137207,12.764229153026463,12.173712701739229,12.428089419093642,23965073,12.400834502634298
2020-05-20,11.99201488494873,12.264560855006605,11.964760547862868,11.99201488494873,12893815,12.073778762606068
2020-05-21,12.06469440460205,12.182797694122378,11.864828099013623,12.146458287069954,12312631,12.037440065912683
2020-05-22,11.601366996765137,11.982930331546957,11.546857453853567,11.946590925072508,15879424,11.710384927388553
2020-05-25,11.301565170288086,11.592281272018791,11.265225765871715,11.51960246318605,11157046,11.386357402726198
2020-05-26,11.710384368896484,11.710384368896484,11.356074531606462,11.428753339296764,9485892,11.59228108979981
2020-05-27,11.410584449768066,11.755808364569544,11.346989841125891,11.755808364569544,8418249,11.5044608851545
2020-05-28,11.510518074035645,11.519603142275244,11.165293278528996,11.419669124439233,8275409,11.39847149827996
2020-05-29,11.392414093017578,11.546856778095467,11.337904553296077,11.492347238373966,6922574,11.425725141469707
2020-06-01,11.982931137084961,12.037440683660869,11.519603889989071,11.519603889989071,17659716,11.846658570244967
2020-06-02,12.237306594848633,12.309985405134315,11.910251082163297,11.955675555191789,13608785,12.152514360715415
2020-06-03,12.337240219116211,13.100368623003776,12.273646474258845,12.718804421059993,31513399,12.570418438792943
2020-06-04,11.928421974182129,12.446258746897788,11.928421974182129,12.391750068927621,19051830,12.101034231754015
2020-06-05,12.146458625793457,12.182798033859262,11.819403953201201,12.046525470212448,11099492,12.049553537617973
2020-06-08,13.027688980102539,13.082197653251232,12.382663905178084,12.509852253191266,30663756,12.83085017951062
2020-06-09,12.791482925415039,12.918671278459708,12.57344649139541,12.845992467119832,21302742,12.76120023175672
2020-06-10,12.582530975341797,12.736973658869871,12.364493685043513,12.627954580520862,13241397,12.561332773085061
2020-06-11,12.355409622192383,12.555275913137447,12.237306341324986,12.491682172054903,12667005,12.382663958884939
2020-06-12,12.382987976074219,12.557654826312117,11.767056073754606,11.923337355042507,20299607,12.235899625380313
2020-06-15,12.070425987243652,12.346216548314667,12.06123276397468,12.17154881306028,11025203,12.159291766510998
2020-06-16,12.419761657714844,12.539270940429748,12.208321887768752,12.318637946417718,11033184,12.389118161971114
2020-06-17,12.392182350158691,12.594428901989977,12.309445961273013,12.594428901989977,8878160,12.43201907114056
2020-06-18,12.364602088928223,12.49330458424772,12.171548784305987,12.226707247075494,7560729,12.343151819160644
2020-06-19,12.438146591186523,12.539270297297067,12.291058520531974,12.382989003048095,11152490,12.422825136338522
2020-06-22,12.382987976074219,12.548461603480126,12.346215961460242,12.419759990688197,9672533,12.425888513671529
2020-06-23,12.217514991760254,12.438147106889797,12.171549748596409,12.382989516464459,10656681,12.275737282415486
2020-06-24,12.254286766052246,12.337024026750882,12.153163934483954,12.208321523806996,7236347,12.248158242429028
2020-06-29,11.831408500671387,12.125584657875839,11.794636481020829,12.042848271197665,13040782,11.917209879856017
2020-06-30,12.079619407653809,12.189935458539782,11.914144892967826,11.914144892967826,10489552,12.061233253053805
2020-07-01,12.134777069091797,12.217514326941734,11.914144965967992,12.143970292567133,12132019,12.088812120667173
2020-07-02,12.576042175292969,12.594427745563571,12.070426280497713,12.153163538500543,20651879,12.413632067118085
2020-07-03,12.713937759399414,13.044885933922119,12.585235253172424,12.594428477198802,21897864,12.781352982164654
2020-07-06,13.495344161987305,13.614853443254784,12.78748169833703,13.04488583206709,26874921,13.299226434526373
2020-07-07,13.237937927246094,14.111274834453074,13.237937927246094,13.596465737890455,32338957,13.52905022964842
2020-07-08,13.614852905273438,13.67001049339332,13.063271763790276,13.237938628455312,25506005,13.449378387485678
2020-07-09,14.267557144165039,14.322714733321172,13.421799845582365,13.596466713528883,29701782,14.004023907689524
2020-07-10,13.697588920593262,14.111275203982977,13.605659317284239,14.111275203982977,24396224,13.804841147286828
2020-07-13,13.807908058166504,13.872258878457787,13.54130979875594,13.771135158898145,23256891,13.740492245126743
2020-07-14,13.504535675048828,13.752747446206271,13.302290020825028,13.752747446206271,21517246,13.519857714026708
2020-07-15,13.504535675048828,13.872256720091627,13.403412847936927,13.807905909812604,16425612,13.593401747692461
2020-07-16,12.980535507202148,13.734362365617823,12.916184690522018,13.504537018372643,17289214,13.21036085444733
2020-07-17,12.851831436157227,13.10004320185725,12.612813770355817,12.952955137759762,14465422,12.85489613612343
2020-07-20,13.21036148071289,13.27471230044371,12.79667601140274,12.861026831133561,14064105,13.09391659751978
2020-07-21,13.247132301330566,13.366641581928944,13.100044225736898,13.173588263533732,11053694,13.237939369665469
2020-07-22,13.918222427368164,14.166433330140839,13.348255708975062,13.41260652141352,33237773,13.810970488828021
2020-07-23,13.43099308013916,13.670011653514045,13.118431341934464,13.670011653514045,26440804,13.406478691862555
2020-07-24,12.815059661865234,13.412606029425406,12.72313005842723,13.191973929117358,17779135,12.98359858323929
2020-07-27,12.585234642028809,12.879411659588854,12.447339795185764,12.815059971243253,13664493,12.637328698934475
2020-07-28,12.677165031433105,12.916183582474675,12.520883738576236,12.732323495794256,12345094,12.704744117494672
2020-07-29,12.906991004943848,12.925377452889137,12.511691141261055,12.686358889884932,12047428,12.781353199698012
2020-07-30,12.73232364654541,13.008113341474376,12.594427922366869,12.888604941252655,14431261,12.778288303462219
2020-07-31,12.72313117980957,12.787481995559283,12.493305835887329,12.649587139891581,13265137,12.66797300375206
2020-08-03,12.888604164123535,12.916182956610735,12.677164417150998,12.713936432705264,16402786,12.827317179295088
2020-08-04,12.97134017944336,13.08165622302629,12.631198825884166,12.824252121332787,17752139,12.894731742784606
2020-08-05,12.952956199645996,13.155202742717266,12.677165618496824,12.943762975707736,20773849,12.928441520286697
2020-08-06,12.84264087677002,13.109238249222866,12.732324813346166,13.035694206940297,16773548,12.89473464644635
2020-08-07,12.337024688720703,12.759903361982147,12.245094199297471,12.759903361982147,19531530,12.447340750000107
2020-08-10,12.46572494506836,12.566847763782054,12.24509198568054,12.29105722208275,14595461,12.425888231510319
2020-08-11,12.53926944732666,12.815059122752595,12.465725416984544,12.465725416984544,18276185,12.606684662354601
2020-08-12,12.677165031433105,12.695551478458171,12.327830428383283,12.465726150929134,12240856,12.566848979424853
2020-08-13,12.612814903259277,12.769096204578803,12.576042883931983,12.74151653254776,7759281,12.65265133059002
2020-08-14,12.603620529174805,12.695551007461477,12.401374002972533,12.576041736374409,8788908,12.566848513202936
2020-08-17,12.787482261657715,12.82425428238191,12.520884892228777,12.594428933677165,14165815,12.710873812089467
2020-08-18,12.677165031433105,12.89779713544961,12.631199790584489,12.796674306953891,12591744,12.735387319155734
2020-08-19,12.511691093444824,12.723130860437122,12.465726727185448,12.68635884140117,12048823,12.566849560355799
2020-08-20,12.300251960754395,12.428954463200819,12.281865513241732,12.401374791931824,11112102,12.337023979065648
2020-08-21,12.474920272827148,12.56685076760549,12.318638957732471,12.392183002869476,9732398,12.45346999938837
2020-08-24,12.576042175292969,12.631199762818824,12.42895410627196,12.484111693797814,8494274,12.54539868146125
2020-08-25,12.419761657714844,12.66797257049649,12.410568433648905,12.53007771636381,6584090,12.49943422062008
2020-08-26,12.594428062438965,12.612814509886217,12.291058693271859,12.520884026078095,10477108,12.499433755199014
2020-08-27,12.410568237304688,12.759902855856733,12.382989442257289,12.631200351112057,13909387,12.517820178472903
2020-08-28,12.208321571350098,12.46572657824029,12.05204027313608,12.401374888160703,16749853,12.242029474242157
2020-08-31,12.143970489501953,12.300251784260855,12.116391695342752,12.153163713126371,9759506,12.186871323035186
2020-09-01,12.061233520507812,12.088812315330568,11.950917464502707,12.088812315330568,10834902,12.033654433447028
2020-09-02,11.923337936401367,12.04284720890233,11.840600680307313,12.04284720890233,11551581,11.935595275203669
2020-09-03,11.555617332458496,11.877373145717902,11.546424985544787,11.849794351548658,15267032,11.659805154573727
2020-09-04,11.6107759475708,11.647547965843062,11.30740657764613,11.353371819664975,7881441,11.521910163686664
2020-09-07,11.298213958740234,11.619969793383008,11.298213958740234,11.528039304423896,8519357,11.405465903621158
2020-09-08,11.353371620178223,11.39933598467537,11.031615808413864,11.29821315538197,8967429,11.261441137755819
2020-09-09,11.004036903381348,11.215475783420537,10.948878439141446,11.151124972402357,10760525,11.056130375314444
2020-09-10,10.709860801696777,11.215476739598428,10.709860801696777,11.123547126979842,9284931,10.878399447663995
2020-09-11,10.75582504272461,10.783403836265364,10.48922770059321,10.691474232224836,7187387,10.676152193194396
2020-09-14,10.91210651397705,10.93049296111687,10.737439649719043,10.774211667284627,6089753,10.86001304160432
2020-09-15,10.838561058044434,10.939683873915323,10.77421025491877,10.939683873915323,4241123,10.850818395626176
2020-09-16,11.123547554016113,11.27982886585293,10.884528973946376,10.893722198575402,11526153,11.095968464605141
2020-09-17,11.279828071594238,11.564811001313984,11.224669604418173,11.243055175667465,12041575,11.356436225775466
2020-09-18,11.32579231262207,11.362564331427437,11.123546647549594,11.307406741576429,7407325,11.270634430533034
2020-09-21,11.23386287689209,11.390144178399108,11.19709085752068,11.390144178399108,5248671,11.273699304270627
2020-09-22,10.902913093566895,11.095966401479354,10.902913093566895,11.095966401479354,6958760,10.96726419620438
2020-09-23,10.92129898071289,11.068387040782184,10.893720188628397,10.939684549864555,3670699,10.96113540337449
2020-09-24,10.719054222106934,10.84775673418486,10.617931383361936,10.737440670995554,5690342,10.728247446551244
2020-09-25,10.654702186584473,10.82936904749112,10.636315739797437,10.810983477418121,3661442,10.706795657957677
2020-09-28,10.654702186584473,10.746631790377537,10.61793016972444,10.709859773517504,2560608,10.673088048895485
2020-09-29,10.801790237426758,10.82017668418554,10.682280963636778,10.737439427199089,3454049,10.768082628416359
2020-09-30,10.654702186584473,10.792597030631088,10.571964929470889,10.755825013771053,3769362,10.673088048895485
2020-10-09,10.902913093566895,10.994843574178176,10.801790266265716,10.893720746876998,5947341,10.899848978003595
2020-10-12,11.095967292785645,11.114353741070445,10.856949602081999,10.86614194951029,6916615,11.022423545312696
2020-10-13,11.022422790527344,11.031616014283959,10.93049318310342,11.031616014283959,4633269,10.994843995971573
2020-10-14,10.893720626831055,11.040808692817002,10.866140956923168,11.022422246211745,3662757,10.933556758857074
2020-10-15,10.847755432128906,10.967264705417827,10.820176638820396,10.95807148207698,3191656,10.878398925455711
2020-10-16,10.92129898071289,10.958070995730214,10.829368504812587,10.847754950678246,4593692,10.902912827085231
2020-10-19,10.939685821533203,11.050002756122804,10.902913802241368,10.939685821533203,5494715,10.964200793299126
2020-10-20,11.022422790527344,11.031616014283959,10.847755922722039,10.912106735590193,3567677,10.96726490917778
2020-10-21,10.967265129089355,11.022422717837145,10.884527869253606,10.985650699767262,3131817,10.958071905393368
2020-10-22,10.792598724365234,10.92130124193027,10.792598724365234,10.92130124193027,3386591,10.835499563553578
2020-10-23,10.73744010925293,10.912106980986216,10.71905366132622,10.810984147531586,4573670,10.789533583855123
2020-10-26,10.590352058410645,10.73744013532511,10.581158834424967,10.73744013532511,3775909,10.636317009386907
2020-10-27,10.397297859191895,10.590351162998026,10.397297859191895,10.553578270164458,5527682,10.461648960460606
2020-10-28,10.351333618164062,10.498421696827677,10.222631110976348,10.498421696827677,3929539,10.357462141989362
2020-10-29,10.139893531799316,10.259402811170581,10.112314737087202,10.130701184704662,6213944,10.1705370266857
2020-10-30,9.983612060546875,10.195051820905748,9.97441971361184,10.15827980302343,6437567,10.051027865021489
2020-11-02,9.597506523132324,9.919262373636982,9.56073450107872,9.919262373636982,7821872,9.692501132616009
2020-11-03,9.91926097869873,9.974419442379324,9.698628877404431,9.698628877404431,6714772,9.86410309949416
2020-11-04,10.029577255249023,10.093928067064102,9.845717166695898,9.983612013932227,4637483,9.989740829669675
2020-11-05,10.001998901367188,10.084736164036162,9.891682843379922,10.02957769668548,4980592,9.992805969594423
2020-11-06,10.038769721984863,10.14908576679949,9.882488439318978,9.974418915021495,6003015,10.023447976034443
2020-11-09,10.305367469787598,10.323753039649594,10.084735371159484,10.112314164309492,7113735,10.237951960198892
2020-11-10,10.856949806213379,11.215476787366896,10.645510030533243,10.967265867854008,21904181,10.905978874704507
2020-11-11,10.847755432128906,11.123545995356105,10.737439382180833,11.031615515375695,13330714,10.902913603221947
2020-11-12,10.645509719848633,10.838563041264088,10.58115890494818,10.755825778269736,7297870,10.688410555353634
2020-11-13,10.434069633483887,10.562771248562413,10.351332379953977,10.480033995032503,7237809,10.449391087333426
2020-11-16,10.893720626831055,10.967264659824028,10.480034345353044,10.498420791958301,11785200,10.780339877336042
2020-11-17,11.289020538330078,11.45449506489535,11.03161640111729,11.151125684001753,22121814,11.258377334780905
2020-11-18,11.24305534362793,11.371757851152047,11.050002897412911,11.215476547984942,12992380,11.221605364064295
2020-11-19,11.279828071594238,11.417722924463265,11.197090809187186,11.243055175667465,8233494,11.298213935081563
2020-11-20,11.74867057800293,11.932530665938412,11.141931849458814,11.316599590533063,21127866,11.607711031133386
2020-11-23,12.53926944732666,12.612813477668775,11.923337535675945,11.923337535675945,39098460,12.35847348689046
2020-11-24,12.805868148803711,12.833446943958917,12.30025222848312,12.548463138308154,26548128,12.646522440415248
2020-11-25,12.962149620056152,13.550501933597221,12.778288645360467,13.2839045723454,33679240,13.096980066337947
2020-11-26,12.520882606506348,13.173586512743448,12.41056656447227,12.603619857210397,21108065,12.701678561240689
2020-11-27,12.53007698059082,12.677165050152347,12.162355929972952,12.364602463977077,15558663,12.45653265357204
2020-11-30,12.024462699890137,12.640394731488911,12.006077127081156,12.484113417398824,23509996,12.223644852820067
2020-12-01,12.088811874389648,12.14397033873733,11.592389202116717,11.840600976610206,18242074,11.941723805081232
2020-12-02,12.180743217468262,12.327831297178527,11.90495262965446,12.116392401773549,12797205,12.13784238143375
2020-12-03,12.759902000427246,12.998920546051698,12.291058132482522,12.327830148985205,23986417,12.683293559653821
2020-12-04,12.73232364654541,12.91618373540274,12.401374609888158,12.484111869052471,13703816,12.683293997278769
2020-12-07,12.327831268310547,12.84264042280506,12.327831268310547,12.677165895161448,13979241,12.499434319808719
2020-12-08,12.189936637878418,12.428955209612692,12.024462107183288,12.410568760995844,9607446,12.214451318224798
2020-12-09,12.024462699890137,12.226709261073927,11.960111879987453,12.107199969315968,8438462,12.07042794698384
2020-12-10,12.263480186462402,12.382989467530496,11.858987100275918,11.868180324215176,9035298,12.168485584756274
2020-12-11,12.272673606872559,12.732324290624877,12.208321914981644,12.576042988011961,14874294,12.404439937493025
2020-12-14,12.088811874389648,12.309444855066323,11.941723805081232,12.254286390718642,8567788,12.113326844845735
2020-12-15,12.033655166625977,12.098005982475064,11.555618029706725,12.00607637079267,12670162,11.895759726269254
2020-12-16,12.263480186462402,12.346217448487552,12.024461624326214,12.042848072204732,8056574,12.211386419758723
2020-12-17,12.566849708557129,12.576042932603055,12.18993628981513,12.263480328754344,11743488,12.444276310325103
2020-12-18,12.272673606872559,12.631200579102341,12.272673606872559,12.557656539839098,8799210,12.39218259761582
2020-12-21,12.208321571350098,12.428954559643703,11.950917441173985,12.19912922423651,9863782,12.196064524055927
2020-12-22,11.629161834716797,12.171549776523655,11.61996948743421,12.042848147426499,10915456,11.806893699558222
2020-12-23,12.088811874389648,12.20832114988125,11.5648104082999,11.5648104082999,10386520,11.953981144190266
2020-12-24,12.125584602355957,12.318637923815963,11.950917728994092,12.24509388485159,7107815,12.13171341838867
2020-12-25,12.31863784790039,12.364603091148382,11.923338860081497,12.116392180351783,7875332,12.202193266376758
2020-12-28,11.858987808227539,12.40137577902574,11.84060223596554,12.337024961037526,10887569,12.033655274406271
2020-12-29,11.895759582519531,11.996883296360782,11.757864724917617,11.858987562044746,5895015,11.88350253459931
2020-12-30,11.711898803710938,11.904952119232066,11.656741214541514,11.904952119232066,6165950,11.757864045828171
2020-12-31,11.739479064941406,11.895759493250885,11.638355351859012,11.665934147829612,6628121,11.757864636683768
2021-01-04,12.31863784790039,12.31863784790039,11.629161829322815,11.776250783059202,14704516,12.08881250837453
2021-01-05,11.822214126586914,12.199128387233815,11.77624976403043,12.18993516403691,12793772,11.93253075928372
2021-01-06,12.778287887573242,13.008113215599481,12.208321179273856,12.208321179273856,27662885,12.664907427482193
2021-01-07,13.283904075622559,13.467764166729093,12.364602743375821,12.502498469241273,33061343,13.038756995242492
2021-01-08,13.532115936279297,13.56888795471834,12.94376276454052,13.23793891205287,22299507,13.348255551846052
2021-01-11,13.329869270324707,13.973380025273432,13.026499901895821,13.688397104247056,20224731,13.443249732497987
2021-01-12,13.541308403015137,13.697589701940617,13.14600942048076,13.14600942048076,15486195,13.461635841812173
2021-01-13,14.892682075500488,14.892682075500488,13.789519790860409,13.80790623807097,39058640,14.524961313953796
2021-01-14,14.63527774810791,15.058155532835904,14.433031203058015,14.70882178690531,21491610,14.708821494667276
2021-01-15,14.506575584411621,15.333947355490942,13.99176730067322,14.598506073436251,26574351,14.610763413525262
2021-01-18,14.892682075500488,14.901873545677654,13.844678255778035,14.028538344313363,21536468,14.546411292318725
2021-01-19,14.901873588562012,15.104121001603982,14.708821152579898,14.81913808273262,14129280,14.904938580915298
2021-01-20,14.561734199523926,15.490228816491008,14.157241095807079,15.168472978385067,24639438,14.736401370607338
2021-01-21,14.855910301208496,14.975420463660043,14.322715565896369,14.469803647815008,17531416,14.718015443588301
2021-01-22,14.313522338867188,14.75478658453892,14.06531141985537,14.75478658453892,16186191,14.377873447753826
2021-01-25,14.42383861541748,14.96622745972846,13.80790748249257,14.083697201793761,17426816,14.399324519212838
2021-01-26,13.991765975952148,14.791557998572406,13.909028719006253,14.598504691269996,10215743,14.230784231176935
2021-01-27,14.184819221496582,14.53415381779496,14.000958261655517,14.028537931660097,12586838,14.239977100315686
2021-01-28,13.706782341003418,14.285942269361682,13.706782341003418,13.872256856738364,13345208,13.899835650456174
2021-01-29,13.421799659729004,14.065310410162244,13.100043846155353,13.881450320997612,13495877,13.529051305348867
2021-02-01,14.157240867614746,14.285943376125466,13.12762342967132,13.228747142327641,19982088,13.856935891137178
2021-02-02,14.782363891601562,15.260400957953136,14.331906493726105,14.341099716551478,25441090,14.791557114426935
2021-02-03,14.95703411102295,15.490228849755892,14.94784088666552,15.159279786601562,30650426,15.131701282481453
2021-02-04,15.462647438049316,15.959070976962492,15.039769685725998,15.196050975373325,29959073,15.487162700245937
2021-02-05,15.811981201171875,16.740473861922716,15.618927039101118,15.903909917614467,35317350,16.057127367398568
2021-02-08,15.802789688110352,16.041808234255235,15.07654082635151,15.968264201089736,23381610,15.6403795829057
2021-02-09,17.383989334106445,17.383989334106445,15.894722047993662,15.995844009664653,20379343,16.887566905402185
2021-02-10,17.11739158630371,17.264479659260783,16.47387995204541,17.264479659260783,27744009,16.951917065869967
2021-02-18,17.613813400268555,18.514728285799244,17.383988067015125,18.4595706967783,29868295,17.83750991769431
2021-02-19,17.089811325073242,17.23689939295219,16.335984538836627,17.01626729113377,24232874,16.887565085620686
2021-02-22,18.58827018737793,18.799710802291806,16.823211760577358,17.00707270743431,38627915,18.070397583415698
2021-02-23,18.680204391479492,19.57192788236785,18.61585357325627,19.139855096991994,30569414,18.95599528236787
2021-02-24,17.558656692504883,18.56988856025865,17.144970370514812,18.52392243924407,27865231,17.75783854109278
2021-02-25,17.282865524291992,18.63423969710975,17.19093678753639,18.128622877812646,19007663,17.702680669646043
2021-02-26,16.179702758789062,17.190934509981133,15.913104547919177,16.244053567363718,22048650,16.427913938896456
2021-03-01,16.27163314819336,16.51984315799722,15.802789291009155,16.46468557286614,17040915,16.19808853239991
2021-03-02,15.324752807617188,15.995842338705692,15.196051186155854,15.995842338705692,23214153,15.505548777492912
2021-03-03,15.903912544250488,15.968265111187574,15.076541685626319,15.260402655733095,14833298,15.649573113688128
2021-03-04,15.67408561706543,16.62096653615814,15.416682389161846,15.903910929652476,17079854,15.903911514128472
2021-03-05,15.94987678527832,16.501457877217838,15.674085362594584,16.18889531689971,16173664,16.041806675030248
2021-03-08,16.501461029052734,17.13577774018326,16.18889840903409,16.63935589001901,23809123,16.608712392756697
2021-03-09,15.16847038269043,16.161315646693048,14.85590782240924,16.087771618005,20883288,15.395231283930906
2021-03-10,14.782363891601562,14.975418064078452,14.442222537488627,14.83752147512583,12143465,14.733334831056213
2021-03-11,15.45345401763916,15.481033687258618,14.800750950831,14.911066122452755,10015224,15.245079551909592
2021-03-12,15.444262504577637,15.793598011393911,15.23282360769992,15.591350585312414,7767186,15.490228041223823
2021-03-15,15.324752807617188,15.692472978526773,15.131698621997101,15.44426120562727,8488914,15.382974802713688
2021-03-16,14.469802856445312,15.06734837573788,14.24917074563397,15.002997562596425,18881651,14.59544065927239
2021-03-17,14.598505020141602,14.690434625819314,14.037731532351174,14.267556861616537,9573500,14.44222372610403
2021-03-18,14.920258522033691,14.984609327498774,14.31351985132301,14.469801130350183,10102933,14.739462566951824
2021-03-19,13.807908058166504,14.341102823559288,13.74355636116105,13.927416473931979,18664026,13.96418908096228
2021-03-22,14.000958442687988,14.037731336502901,13.715975529334765,13.715975529334765,7349402,13.91822176950855
2021-03-23,13.743555068969727,14.000959202647474,13.605660216535169,14.000959202647474,7100625,13.78339149605079
2021-03-24,12.980535507202148,13.504537018372643,12.78748218044763,13.430992977391314,19046229,13.09085156867414
2021-03-25,13.587273597717285,13.881450623505533,13.274711000968942,13.311483019603214,20234231,13.58114507406392
2021-03-26,13.780325889587402,13.835484351792532,13.256324443851746,13.32986847564924,12192725,13.624044895077226
2021-03-29,13.853869438171387,14.102081194365988,13.688395810755637,13.991765150517493,9465717,13.881448814431003
2021-03-30,14.028539657592773,14.102083699891717,13.771134632832329,14.000959984195065,9576096,13.96725266343894
2021-03-31,13.633238792419434,14.028538648888324,13.61485322152376,14.028538648888324,10742643,13.758876887610505
2021-04-01,13.697588920593262,13.771132953926093,13.403412787261937,13.734360937259677,7717931,13.62404488726043
2021-04-02,13.550500869750977,14.065309980395988,13.46776361297642,14.05611675704014,7386690,13.694524821041128
2021-04-06,13.52292251586914,13.55050131011891,13.237938719574627,13.311482755383393,5847878,13.437120848520893
2021-04-07,13.504535675048828,13.65162461909437,13.366640831104052,13.642431395707643,6826065,13.507600375082417
2021-04-08,13.394219398498535,13.495343100617827,13.219552540668701,13.375833828749405,7653302,13.369705013261688
2021-04-09,13.385027885437012,13.440185474832965,13.118430532119035,13.339062643131001,8344948,13.314547964129671
2021-04-12,13.01730728149414,13.486151191418372,12.870219202313388,13.40341392770067,7375129,13.1245592250753
2021-04-13,12.8610258102417,13.136816393461283,12.815060566919419,13.118430822160828,6705225,12.937634256874134
2021-04-14,13.063272476196289,13.1735885351662,12.81506068597841,12.861025929727735,5721409,13.017307232446967
2021-04-15,13.237937927246094,13.430991228867825,13.008112609920891,13.385026866773993,11316746,13.225680588678271
2021-04-16,13.339062690734863,13.72516932474076,13.146009373731914,13.146009373731914,13516787,13.403413796402512
2021-04-19,13.293097496032715,13.33906273866794,13.118430626075764,13.237939029527631,8023857,13.25019695359214
2021-04-20,13.339062690734863,13.495343989104587,13.146009373731914,13.293097448264813,8390709,13.326805351190453
2021-04-21,12.796674728393555,13.173588137680017,12.787481504578256,13.146009342948199,14748918,12.91924812355061
2021-04-22,12.750707626342773,12.897795679078474,12.640391586790999,12.805866084475637,9498453,12.762964964070749
2021-04-23,12.64958667755127,12.787481528178937,12.576042640321305,12.759902733396219,7139075,12.671036948683836
2021-04-26,12.998921394348145,13.054078984344683,12.65878000032254,12.769096057029703,13569767,12.903926793005121
2021-04-27,12.934569358825684,13.05407863625018,12.60362119752912,12.92537701188077,10339060,12.86408973086833
2021-04-28,13.46776294708252,13.578079868470159,12.824252248129229,12.925375946615569,17000231,13.29003168789397
2021-04-29,12.44734001159668,13.283904084207611,12.125584194416751,13.210360047717469,33064154,12.618942763407015
2021-04-30,12.189936637878418,12.337024719956702,12.052040903394435,12.30025269943713,9758349,12.193000753743185
2021-05-06,12.603620529174805,12.778287385862663,12.31863674785733,12.31863674785733,11583172,12.566848220964934
2021-05-07,12.888604164123535,13.247131096599134,12.493304339379664,12.741515225192463,14662708,12.876346533367444
2021-05-10,13.964186668395996,13.982573115623154,12.943762518568244,13.19197429585054,27263777,13.630174100862464
2021-05-11,13.614852905273438,13.706782511044594,13.063271763790276,13.605659681682104,19069956,13.461635726702768
2021-05-12,14.046923637390137,14.102082101218413,13.421799348715917,13.458571365696754,15516118,13.856935029108156
2021-05-13,14.010151863098145,14.672049056932861,13.651624910502967,13.76194096335641,16235840,14.111275276844658
2021-05-14,14.065309524536133,14.267556048239749,13.421798814621724,13.614852115267446,13736681,13.918221462465867
2021-05-17,14.166433334350586,14.387065442817208,13.982573243961733,14.368679872135356,11324982,14.178690673709843
2021-05-18,14.837522506713867,14.85590895364294,14.221591438728627,14.239977008943656,17344504,14.638340966361811
2021-05-19,14.111276626586914,14.55254087106919,14.028539361567956,14.55254087106919,14421873,14.230785619741354
2021-05-20,13.35744857788086,13.697589977468251,13.210360499866214,13.697589977468251,14964292,13.421799685071775
2021-05-21,13.302289962768555,13.504535616109676,13.155201896079001,13.27471029272874,8720579,13.320675824985743
2021-05-24,13.173588752746582,13.587274199894873,13.146009956727127,13.412607322819504,9348952,13.302290969789526
2021-05-25,13.302289962768555,13.522922062802886,13.164394242711573,13.403412789439114,10164546,13.329868756094337
2021-05-26,13.22874641418457,13.256325208520964,12.97134141133134,13.256325208520964,10359891,13.15213767801229
2021-05-27,13.16439437866211,13.201166395714248,13.04488510406415,13.173587602103655,9419193,13.136815292813502
2021-05-28,12.879412651062012,13.385028589599543,12.879412651062012,13.311483672012411,15197620,13.04795129724119
2021-05-31,12.713937759399414,12.86102583696506,12.60362170122518,12.86102583696506,11256994,12.726195099196552
2021-06-01,13.237937927246094,13.302289612262678,12.66797124548527,12.778287292595689,17274852,13.069399594998012
2021-06-02,14.010151863098145,14.313521227623628,13.311482651645616,13.476957169282807,33775455,13.878385247455796
2021-06-03,13.899835586547852,14.276748980243113,13.780326312034763,13.991766067469934,22288972,13.985636959608575
2021-06-04,13.679203033447266,13.826291096702503,13.4217989227506,13.633237794501502,13746329,13.642431017633456
2021-06-07,14.0193452835083,14.258363839736868,13.789519950991773,13.872257210971974,19567452,14.022409691412314
2021-06-08,13.789521217346191,13.973381324901311,13.688398377369413,13.844679687969801,8909161,13.81710030653897
2021-06-09,14.690435409545898,14.754786224624784,14.000959384966643,14.102083096335292,25622256,14.482060339712442
2021-06-10,14.304327964782715,14.653661671425478,14.194011042279316,14.469801595109812,14263247,14.384000226162504
2021-06-11,14.203205108642578,14.543346489202237,14.157239867655802,14.249170349629354,15097058,14.301263821833539
2021-06-15,14.14804744720459,14.64447011850752,13.844678085670246,14.387065121006707,13366579,14.212398550460785
2021-06-16,14.745594024658203,14.984610825007003,14.377872970375087,14.377872970375087,25202700,14.702692606680097
2021-06-17,14.429682731628418,14.754885213753047,14.123063653559127,14.596929823704567,13411828,14.435877199646862
2021-06-18,13.63990592956543,14.123062889494019,13.342577683503947,14.085896969499512,18694806,13.7018488341878
2021-06-21,13.47265911102295,13.76998647681592,13.221788481556047,13.649197012936165,11604555,13.488144689798304
2021-06-22,13.918649673461914,14.308892270484717,13.732820076333297,13.890775455418975,15707175,13.98678734009331
2021-06-23,13.75140380859375,13.890775788253325,13.472658963169163,13.75140380859375,10561565,13.70494618667208
2021-06-24,13.658488273620605,13.872192975463014,13.537698813641056,13.769986032192785,7605653,13.689460020908223
2021-06-25,13.723529815673828,13.974399560409669,13.574865245857442,13.844318394109875,9443115,13.757598207313647
2021-06-28,13.463366508483887,13.955816032760584,13.389034672009174,13.881483310180485,10190881,13.602739071084548
2021-06-29,13.444784164428711,13.472658381937,13.119581711112211,13.193913548537914,6132987,13.345674752492641
2021-06-30,13.342578887939453,13.509825986064856,13.11958334784259,13.500534283701109,7397787,13.323996073948967
2021-07-01,13.15674877166748,13.454076147174618,13.138166253751022,13.454076147174618,4424968,13.249663724197708
2021-07-02,13.323995590209961,13.621322959619853,13.240372046037065,13.426201651918246,8278677,13.395230198622293
2021-07-05,13.193914413452148,13.231080334601375,12.775797578996974,13.14745679048925,7505270,13.066930775683497
2021-07-06,13.361161231994629,13.454075589939587,13.240371769171292,13.379743749141445,6567760,13.351869530368504
2021-07-07,13.379742622375488,13.379742622375488,12.896585697876308,13.073123583378514,6260570,13.218690314209093
2021-07-08,13.04525089263916,13.286829826194905,12.989501567162653,13.166040359417032,7133453,13.10719409533224
2021-07-09,13.091708183288574,13.156748322936096,12.840837554181654,13.026668043641052,5819175,13.029764686802109
2021-07-12,13.04525089263916,13.258955606509385,12.998793269092983,13.193914579102552,5847498,13.100999922747176
2021-07-13,13.128874778747559,13.175332403500201,12.924461761499218,13.03595952924227,5062187,13.076222981248995
2021-07-14,12.98021125793457,13.23108101710622,12.9709195556416,13.147457468680503,6503103,13.06073727689413
2021-07-15,12.896586418151855,12.95233485411648,12.63642498273764,12.850128797444391,6602034,12.82844875166866
2021-07-16,12.692174911499023,12.87800453007991,12.682883209043599,12.87800453007991,5181863,12.751020883540845
2021-07-19,12.274056434631348,12.710756645467427,12.218307113333069,12.70146494423348,10400268,12.40104006447728
2021-07-20,12.236892700195312,12.292641145339784,11.660820412437603,11.986022038728512,15740945,12.063451419324233
2021-07-21,12.078935623168945,12.134684946700732,11.995312080923982,12.023186299637159,6011388,12.069644216931218
2021-07-22,12.301932334899902,12.422721809146726,12.181142860653079,12.320515739909654,10998890,12.301932334899902
2021-07-23,11.93027114868164,12.41342808070984,11.91168774670479,12.320513729141721,9466730,12.08512899203209
2021-07-26,11.828064918518066,12.116101463674926,11.670110422780288,11.855940023153053,7001436,11.87142560165776
2021-07-27,11.75373363494873,12.069644413594611,11.744442819069212,11.93956413022664,8209487,11.855940289204185
2021-07-28,11.326324462890625,11.846648225833215,11.242701807978005,11.725858765041089,9232413,11.471891498900616
2021-07-29,11.41923999786377,11.484280137607957,11.279868016667526,11.41923999786377,5975647,11.394462717379751
2021-07-30,11.30774211883545,11.447114098591472,11.21482687492781,11.372782257907534,6748177,11.323227697451577
2021-08-02,11.447114944458008,11.465698349054902,11.019706385889972,11.33561717519315,13041209,11.310839893134293
2021-08-03,11.354199409484863,11.437822949340598,11.20553573245485,11.31703349022736,7837168,11.332519363760104
2021-08-04,11.577195167541504,11.6236527891129,11.168370047145164,11.354199647325318,9318911,11.456406001266522
2021-08-05,11.382074356079102,11.49357212098967,11.326325030571084,11.49357212098967,6241819,11.400657169213284
2021-08-06,11.437823295593262,11.512155136358487,11.289158727957375,11.409948190727224,5994484,11.413045719969707
2021-08-09,11.614360809326172,11.660818429784557,11.233409916557138,11.382073593139648,8369490,11.502863051889287
2021-08-10,11.725858688354492,11.781608010703732,11.456405550228244,11.614360929761434,10973918,11.65462408309549
2021-08-11,11.818774223327637,11.94885450185935,11.735150680782715,11.781608302874943,9182399,11.834259801989901
2021-08-12,11.707276344299316,11.84664832306973,11.679401239660889,11.781608184457593,5617032,11.744441969009978
2021-08-13,11.623653411865234,11.735151177946964,11.55861238373845,11.68869355388654,5781255,11.639138991183549
2021-08-16,11.772315979003906,11.94885387029685,11.614360603902401,11.66081822353909,8385555,11.778510151067719
2021-08-17,11.456406593322754,11.855940929237487,11.428532372662923,11.707277237577726,7866503,11.580293298407723
2021-08-18,11.772315979003906,11.781607680152321,11.428531011461041,11.456405228800898,7176159,11.66081822353909
2021-08-19,11.47498893737793,11.70727615565598,11.456405534585086,11.70727615565598,6823023,11.546223542539664
2021-08-20,11.317033767700195,11.428531528206426,11.149786683888134,11.428531528206426,9436908,11.298450659931584
2021-08-23,11.595778465270996,11.688693714669936,11.307742787124164,11.307742787124164,7680938,11.530738322355033
2021-08-24,11.846648216247559,11.930271757197938,11.688692835809157,11.75373297383482,10677190,11.821870936418216
2021-08-25,12.078935623168945,12.162559165413908,11.865231802858872,11.9488544589984,11540569,12.035575530480576
2021-08-26,12.023186683654785,12.16255955388307,11.855940479928494,12.004604165954293,9990367,12.013895572488783
2021-08-27,12.106809616088867,12.125393018954693,11.930271719390625,12.097518800761375,6665556,12.054158118144727
2021-08-30,12.450594902038574,12.682882126972917,12.1068099154684,12.1068099154684,11974813,12.413428981493297
2021-08-31,12.998793601989746,13.054542928893982,12.227600044131673,12.441304763474838,19560290,12.760312191671801
2021-09-01,13.05454158782959,13.333286421504944,12.766505052940465,13.110290022901422,19145261,13.051444354091666
2021-09-02,13.184622764587402,13.240372089587858,12.729340007154603,13.04525078124445,14991632,13.051444953776622
2021-09-03,13.110289573669434,13.528407252908108,13.026666923927067,13.28682834626029,11663364,13.22178791683487
2021-09-06,13.231081008911133,13.342578778041196,12.868713480764805,12.915170219989871,11516775,13.14745775590571
2021-09-07,13.881484031677246,14.160228875998003,13.138165628295802,13.28682930897209,22351900,13.726626178657016
2021-09-08,13.565573692321777,13.937232881383167,13.444784234350475,13.918649478877397,13842069,13.649196936018475
2021-09-09,14.587636947631836,14.912838517478052,13.593447949428073,13.593447949428073,37232565,14.364641138179321
2021-09-10,14.104480743408203,14.401808111182088,13.965107875185105,14.401808111182088,19644111,14.157132243258465
2021-09-13,14.541179656982422,14.699135037899111,13.965107456153204,14.150937055435948,16221716,14.401807383678246
2021-09-14,14.253144264221191,15.126544726222356,14.10448058203515,14.73630123132583,19404776,14.494723190826234
2021-09-15,14.466848373413086,14.838508472371592,13.965107993008743,13.974399694856434,14918773,14.423488279597807
2021-09-16,14.401808738708496,15.330957689592914,14.401808738708496,14.68055360119492,22497920,14.711525055669968
2021-09-17,14.123064041137695,14.680553772620375,13.825736656936535,14.680553772620375,13793724,14.209784823564869
2021-09-22,14.188104629516602,14.253144771260363,13.658489135256563,13.704946759118739,13569471,14.033246178677842
2021-09-23,14.030149459838867,14.606221700880111,13.565574986150235,14.401808684347577,19130156,14.067315382289737
2021-09-24,14.346059799194336,15.13583766932228,14.03014989169088,14.355351501619426,21590510,14.504015786735833
2021-09-27,14.652678489685059,15.015045991385332,14.141646420555604,14.44826548481219,17232339,14.603123633875333
2021-09-28,16.111440658569336,16.120732359421933,14.689843214020678,14.689843214020678,34828838,15.640672077337316
2021-09-29,14.959298133850098,15.470329336684625,14.764176823022298,15.423872599049101,26312936,15.064601431185674
2021-09-30,14.959298133850098,15.135836926844783,14.671261575540308,14.680553277509603,9962861,14.922132212078395
2021-10-08,15.981359481811523,16.40876706344964,15.238039405790854,15.702613788724786,25308378,15.87605531701734
2021-10-11,15.73978328704834,16.71538894949636,15.581827898896563,15.953487114485764,18296616,16.01233337848042
2021-10-12,15.238043785095215,16.23223296674296,15.080088378614002,15.739785113521817,19024284,15.516788376817393
2021-10-13,14.150936126708984,15.238040318798088,13.714236818581501,15.238040318798088,18096875,14.367737754696192
2021-10-14,14.197395324707031,14.262436352003327,13.65848901914039,14.160229403154348,14538971,14.03944023195025
2021-10-15,14.541179656982422,14.680552521023548,13.965107456153204,14.07660521572285,13128651,14.39561321138639
2021-10-18,14.940713882446289,15.163709400427775,14.308892362059993,14.58763720258956,17957306,14.804438548311353
2021-10-19,14.857090950012207,15.024338038399096,14.485431738158516,14.736301484633392,11980018,14.788953575523273
2021-10-20,14.299601554870605,14.754884292535234,14.17881209436879,14.48543115329439,9774870,14.411099313924877
2021-10-21,14.29030990600586,14.66196910422099,14.206686364881099,14.57834556309623,6897926,14.386321791702649
2021-10-22,13.98369026184082,14.327475227355968,13.769985567214688,14.327475227355968,8389823,14.02705035213716
2021-10-25,14.550471305847168,14.615511443834537,13.98369080855836,14.206686326891129,9045051,14.383224519413355
2021-10-26,14.401808738708496,14.73630204202891,14.308893489177857,14.550472429073125,7931541,14.482334756638421
2021-10-27,14.011567115783691,14.448267402204646,13.965109487678388,14.420393179783686,5428418,14.141648001888909
2021-10-28,13.454075813293457,13.862901830575673,12.812963454239897,13.816444207779224,15380034,13.37664703270301
2021-10-29,13.825735092163086,13.927941147388351,13.054541612094578,13.370452365106816,11130374,13.602739283882004
2021-11-01,14.150936126708984,14.29030898160306,13.472657912316063,13.630613282866127,8540025,13.971301006876034
2021-11-02,14.169520378112793,14.355349976342367,13.760695262007726,14.123062757029043,6969938,14.095188538820963
2021-11-03,14.169520378112793,14.401807597426117,13.862901319507637,13.927941457361634,5510297,14.14474309834885
2021-11-04,14.020857810974121,14.16022979916808,13.788570573247195,13.93723426361555,5462419,13.9898860611298
2021-11-05,13.64919662475586,14.002273304646309,13.34257756597568,13.946524868198324,9788084,13.664682498459284
2021-11-08,14.262436866760254,14.33676871254839,13.742113060137802,13.751404762387693,8260060,14.11377287981548
2021-11-09,14.002272605895996,14.262434916688544,13.779277099021277,14.262434916688544,5064537,14.014661540535272
2021-11-10,14.2345609664917,14.401808053244409,13.751403995802848,14.141646607488875,6510538,14.129257671846318
2021-11-11,14.030149459838867,14.1230638229133,13.75140459840459,13.900068288208075,7589422,13.968205960385587
2021-11-12,13.909358978271484,14.020856737511275,13.78856951756869,13.937233196555077,5104603,13.906261744450484
2021-11-15,13.825735092163086,14.067314007537785,13.649196313194883,13.918649446157309,4692032,13.847415137631918
2021-11-16,13.556282043457031,14.01156477334302,13.509824423118472,13.835026879382982,4613763,13.692557079972842
2021-11-17,13.40761947631836,13.528408944747996,13.221788979592471,13.519117242690605,6116122,13.385939133552943
2021-11-18,12.915169715881348,13.370453363023554,12.8872954962132,13.277538115989111,14652572,13.057639525039368
2021-11-19,13.10099983215332,13.16603997153857,12.850129204058026,12.887295124578946,5604624,13.039056335916639
2021-11-22,13.128874778747559,13.156748999156948,12.757214666831896,13.008085308832879,8134390,13.014279481578802
2021-11-23,13.063834190368652,13.193914471914608,12.989501461635372,13.008084865345058,4374333,13.082416707972877
2021-11-24,13.128874778747559,13.370453718576915,13.017377011004506,13.184623219566339,5643498,13.172235169442994
2021-11-25,13.026667594909668,13.10099943369073,12.85942051459957,13.082416030942756,5206550,12.995695847733323
2021-11-26,12.775797843933105,13.008085077459162,12.710757702099562,12.868713091785718,5985064,12.831546874497278
2021-11-29,12.589967727661133,12.655007866877193,12.181141716889051,12.459886563123572,7727712,12.47537243714246
2021-11-30,12.589967727661133,12.822254951838993,12.552801807236893,12.589967727661133,4179144,12.655008162245673
2021-12-01,12.636425018310547,12.69217345443211,12.432012018285512,12.50634385718454,6374923,12.586870163676055
2021-12-02,12.274056434631348,12.617841405338764,12.236890515800962,12.617841405338764,11518063,12.376262785257024
2021-12-03,12.562093734741211,12.589967954034222,12.274057181695248,12.348389023880248,6341087,12.475372956823561
2021-12-06,12.534218788146973,12.78508942327888,12.459886945020214,12.478470348854637,6865011,12.593065052148688
2021-12-07,12.840837478637695,12.878003399089835,12.552801816659972,12.636425359203647,9036560,12.7572142314625
2021-12-08,12.822254180908203,13.008083771856505,12.73863064345512,12.970917853666844,5099323,12.85632286540661
2021-12-09,12.924461364746094,13.026668313285475,12.775797678985679,12.859421223752278,5960646,12.908975785672416
2021-12-10,12.775797843933105,12.905879013705668,12.710757702099562,12.822255467859412,4843578,12.797478186579445
2021-12-13,12.878003120422363,12.970918362594835,12.803671281126553,12.840837200774457,3519272,12.884197588047916
2021-12-14,12.915169715881348,13.00808496291579,12.710757590174321,12.785089433359687,6470973,12.878004089657153
2021-12-15,12.840837478637695,12.998792862085649,12.822254961464346,12.86871258355588,5130714,12.887295100729231
2021-12-16,13.296120643615723,13.416909216252803,12.859420429101402,12.915168864763837,8849539,13.190816762989975
2021-12-17,13.286829948425293,13.56557480616116,13.277538246409486,13.34257838830918,6604360,13.376647666998645
2021-12-20,13.175331115722656,13.44478424962463,13.138165196774294,13.323994791516103,5910699,13.25276018737386
2021-12-21,13.286829948425293,13.454076154182433,13.184622998462372,13.203206402493985,5268048,13.3085097003567
2021-12-22,13.463366508483887,13.658487800756351,13.37974297092349,13.416908889160846,6626397,13.500532426721243
2021-12-23,13.704946517944336,13.74211243915895,13.416909963951985,13.49124269248667,6701495,13.621322973685091
2021-12-24,13.742112159729004,13.86290162274675,13.528408338616758,13.732820458087922,6087714,13.711140707030836
2021-12-27,13.667780876159668,14.020857577969679,13.612031550145256,13.742112720108567,4253215,13.766890001424867
2021-12-28,13.937234878540039,14.076606872883229,13.732821852211904,13.732821852211904,6565632,13.915554534545057
2021-12-29,13.937234878540039,13.992984207940633,13.72353103573308,13.983692505356279,5841471,13.88458337407125
2021-12-30,13.714237213134766,14.030147963323527,13.667779593500173,13.900066805567745,5401577,13.80405492331949
2021-12-31,13.937234878540039,13.992984207940633,13.612032376931893,13.788571181612497,5269637,13.847417154470856
2022-01-04,13.677072525024414,13.974399899664464,13.528408837704388,13.900068056004452,7529206,13.726627087464422
2022-01-05,13.742112159729004,14.030148707864464,13.612030995070176,13.704946239270116,7814967,13.794763954221215
2022-01-06,13.704946517944336,13.80715257975816,13.546991131255863,13.695654816114319,5328322,13.686363409652786
2022-01-07,14.048730850219727,14.336767390670346,13.769986011162286,13.927941390424657,11398714,14.051828084017453
2022-01-10,13.788570404052734,14.262436575866344,13.658489233523857,14.058023561065388,8489423,13.903165404480978
2022-01-11,13.40761947631836,13.84431883974995,13.333287632070196,13.84431883974995,6806238,13.528408649379502
2022-01-12,13.742112159729004,13.937233463664525,13.658488617170146,13.760695563011167,8055536,13.779278080187892
2022-01-13,13.946525573730469,14.178812804927425,13.760695965994,13.779278483714913,10161403,13.962011448217297
2022-01-14,13.667780876159668,13.94652573402078,13.426201940273007,13.94652573402078,6689178,13.680169516817818
2022-01-17,14.225269317626953,14.308891969999705,13.742111489133391,13.751403190321051,9166555,14.092090925586684
2022-01-18,14.188104629516602,14.596929770071702,13.9558173963112,14.37393423885983,11216887,14.246950598633168
2022-01-19,13.937234878540039,14.39251767190702,13.797862884196851,14.308894120858895,9913699,14.042538478214638
2022-01-20,13.92794132232666,14.039439080183406,13.704945806613168,13.918649620978911,6275972,13.890775403041077
2022-01-21,13.3518705368042,13.890776866265055,13.333288018256672,13.835028424516969,6519605,13.525311807108642
2022-01-24,13.75140380859375,13.890775788253325,12.497052447235827,12.766505591054992,20761876,13.379744014694301
2022-01-25,12.896586418151855,13.56557385246525,12.729339338047152,13.556282151102673,8840629,13.063833202888086
2022-01-26,13.760695457458496,13.918649953618084,12.915169222819964,12.970918546133387,13722582,13.531504877965515
2022-01-27,13.686363220214844,14.113771760543715,13.556282938009621,13.825736090427466,7655096,13.785472639589393
2022-01-28,13.147456169128418,13.890775443088474,13.138165353859295,13.76998598353574,6442925,13.392132322025395
2022-02-07,14.466848373413086,14.466848373413086,13.556282858870393,13.70494654401161,23666873,14.163326535232187
2022-02-08,14.717719078063965,14.736301595744033,14.160229369974541,14.54118028652328,19349754,14.538083347927513
2022-02-09,14.596929550170898,14.727010717804239,14.262436258392187,14.457557566789468,13829565,14.528792175455775
2022-02-10,14.689845085144043,14.727011007183082,14.373934304759475,14.57834643292145,13311647,14.596930132362198
2022-02-11,14.810632705688477,15.163709385190415,14.596928889363983,14.680552430049365,12004450,14.857090326747624
2022-02-14,15.173001289367676,15.76765601133331,14.875673928384858,15.330956671416155,20494601,15.272110409695282
2022-02-15,14.615511894226074,15.117253155094591,14.466848210756343,15.117253155094591,11861296,14.73320442002567
2022-02-16,14.411100387573242,14.596929999841608,13.937234211709791,14.318185138386315,8919890,14.315088199708214
2022-02-17,14.652678489685059,14.940714150723458,14.188104042495635,14.3088926189921,10482200,14.593832227634715
2022-02-18,14.615511894226074,14.931422664651977,14.327476229029832,14.457557395118572,6820014,14.624803595969295
2022-02-21,14.336767196655273,14.764175707797914,14.206686037227373,14.64338624963745,9155887,14.435876313893521
2022-02-22,14.699135780334473,15.03362996204373,14.364642484730687,14.596929717093017,16421141,14.699136075702961
2022-02-23,14.271726608276367,14.578345670591093,14.178812251090184,14.55047145204578,9690501,14.342961509985882
2022-02-24,15.52607536315918,15.70261412871544,14.30889094973696,14.336766051312368,36363836,15.179193480537194
2022-02-25,15.321664810180664,15.609700466604577,14.699134990031661,14.968589015745948,21190039,15.210166755605634
2022-02-28,15.962778091430664,16.390185726894217,15.173001186540565,15.37741330277824,26776090,15.841988334955149
2022-03-01,15.637575149536133,16.027817739294342,15.442454740762429,15.786238824471564,12737743,15.702615876530968
2022-03-02,16.083566665649414,16.427352532071023,15.823406112670646,16.418060830577375,20824068,16.11144177013036
2022-03-03,16.185775756835938,16.826889067251585,16.009236949461265,16.36231456421061,24155812,16.340633924516265
2022-03-04,15.600410461425781,15.925611149896994,15.498203518071495,15.79553087450851,15639997,15.67474170979809
2022-03-07,15.702617645263672,16.353022649993903,15.646869201838843,16.074276888447635,22549778,15.900836499032138
2022-03-08,15.293790817260742,15.767656992905415,15.024338544175126,15.702616850167887,15784609,15.361928784780426
2022-03-09,14.643386840820312,15.451745389403467,14.104480551027917,15.405288653401541,15992534,14.733204260417232
2022-03-10,14.466848373413086,14.578346137269,14.030149019837122,14.476140075260776,15087405,14.358447843506402
2022-03-11,13.918649673461914,14.355349891293224,13.500532858396173,14.262435535781625,19539977,13.924844141050437
2022-03-14,13.026667594909668,13.742111764703745,12.868712215973556,13.630614006532152,21586716,13.212497191862324
2022-03-15,11.855939865112305,12.71075690153767,11.800190542690903,12.636425062379413,31312970,12.122295769780292
2022-03-16,12.032477378845215,12.060351596116554,11.428530983368987,11.883813705257552,28286201,11.840453319443585
2022-03-17,12.357680320739746,12.422720458994004,11.874522476264051,12.069643777132248,19610963,12.218307751999268
2022-03-18,12.589967727661133,12.840837468998394,12.366972205115692,12.589967727661133,20645139,12.599259133925074
2022-03-21,12.682882308959961,12.89658701974084,12.432012563205964,12.636425572190836,12789163,12.670493963968923
2022-03-22,13.04525089263916,13.231080500718399,12.775797739397897,12.822255362944073,19670303,13.017376377585151
2022-03-23,12.868712425231934,12.998792702161323,12.692173640677149,12.822254803711967,13123017,12.853226256023468
2022-03-24,12.831546783447266,13.091708229052227,12.775797459193479,13.082416527325687,9401829,12.899684157230991
2022-03-25,12.812963485717773,13.035959012362028,12.432012572840808,12.56209373976935,11384342,12.76031169030687
2022-03-28,13.203206062316895,13.472659211094568,12.589967922761186,12.89658699253904,18517591,13.088611065390884
2022-03-29,12.9523344039917,13.14745569529778,12.729338895672003,13.008083724124315,15224645,12.943042998320493
2022-03-30,12.785088539123535,12.943043916370828,12.441303566910433,12.905877997377665,16782867,12.723145340801599
2022-03-31,12.673590660095215,12.803670932265886,12.645715556539733,12.7757967148158,7245049,12.70765904963361
2022-04-01,12.608551025390625,12.729340495773599,12.450595632282544,12.636426132013577,7796717,12.596162384482255
2022-04-06,12.961627006530762,12.998792927168987,12.617842019100822,12.64571623805313,11088802,12.859420650933524
2022-04-07,12.441303253173828,12.896585970885399,12.432011552133497,12.803670732692865,8659858,12.589966925397576
2022-04-08,12.357680320739746,12.571384138492547,12.13468480149193,12.48776059724826,7509534,12.354583086908073
2022-04-11,12.274056434631348,12.589967187742324,12.181141194502684,12.385554191122504,10099254,12.34838827229212
2022-04-12,12.22760009765625,12.441304817934878,11.930272715813457,12.441304817934878,8709100,12.199725877134862
2022-04-13,12.404138565063477,12.543510550066472,12.209017254396,12.339097537437338,9759319,12.38555545650865
2022-04-14,12.506343841552734,12.636425002516152,12.283348325134375,12.450594519395437,7799905,12.475372389734419
2022-04-15,12.840837478637695,12.915169319541974,12.524926711741788,12.524926711741788,10423123,12.760311169973818
2022-04-18,12.413429260253906,12.859421202918035,12.311223197985576,12.850129501046698,7692861,12.528024553719172
2022-04-19,12.589967727661133,12.673591270142033,12.236891040578131,12.394846423907511,6476773,12.500150012793766
2022-04-20,12.134685516357422,12.515636439040968,12.060352786123714,12.441304594912738,8251748,12.236891580507368
2022-04-21,11.920980453491211,12.292639663332105,11.846648611523031,12.078935839199954,8091278,12.020089576115447
2022-04-22,12.023186683654785,12.116101930473642,11.623653248986818,11.660819170493268,6232433,11.920980621038415
2022-04-25,11.121912002563477,11.828064456390294,10.824583767478368,11.716566700522902,12824421,11.258186742144046
2022-04-26,10.573714256286621,11.09403712772789,10.490090716135779,11.038288691697604,8949066,10.719280700050097
2022-04-27,11.131204605102539,11.149788010450616,10.369302707942186,10.508675589736141,9366128,10.883431774498447
2022-04-28,11.131204605102539,11.261285784222457,10.926792462906931,11.010416014762198,6968277,11.106427617410644
2022-04-29,11.605069160461426,11.642235079775022,11.159078128698283,11.242701668680226,8733065,11.468794122978244
2022-05-05,11.902398109436035,12.078936015155753,11.70727679990084,11.781608642951822,7780349,11.896203641497543
2022-05-06,11.76302433013916,11.967437325785916,11.549320519408084,11.670109976558194,7508286,11.75992739177772
2022-05-09,11.735151290893555,11.809483135663458,11.540029976846185,11.753733809033287,4907593,11.694888134467732
2022-05-10,11.540029525756836,11.605069665861771,11.205536237367308,11.474989385651902,8443142,11.450211809661972
2022-05-11,11.567904472351074,11.772317493384783,11.521446846738117,11.567904472351074,6453931,11.620556270824657
2022-05-12,11.53073787689209,11.800191026412739,11.41924011358411,11.660819043804127,6040332,11.583389672296313
2022-05-13,11.707276344299316,11.772316482911451,11.567903479423473,11.64223531958175,6969188,11.682498768878082
2022-05-16,11.846648216247559,11.976729378404308,11.660818617527504,11.772316376759537,7451562,11.82806540405979
2022-05-17,12.199724197387695,12.366971269699214,11.893105155553492,12.0510605269354,12993719,12.153266874213466
2022-05-18,11.995311737060547,12.08822697824816,11.735150302282806,12.08822697824816,9026262,11.939563005863837
2022-05-19,11.69798469543457,11.846648376420626,11.48427998943804,11.71656721250511,6753053,11.676304353764413
2022-05-20,11.893105506896973,11.911688023199785,11.670109994630845,11.679400809729552,5663033,11.824967841575868
2022-05-23,12.060352325439453,12.11610164945884,11.809482582615832,11.893106125592187,5253585,11.99531218583804
2022-05-24,11.948853492736816,12.432011303922918,11.893105059818645,12.060351244678525,10769652,12.091323285492793
2022-05-25,12.487760543823242,12.543509866449403,11.958145966349115,12.023186104325116,11793522,12.32980545887392
2022-05-26,13.008084297180176,13.128873757700928,12.44130380037242,12.487760535406585,16219834,12.859420618417841
2022-05-27,13.426201820373535,13.584157208880733,13.147456965001687,13.221788808286783,17561272,13.385938664751984
2022-05-30,13.40761947631836,13.639906711120242,13.147457135344307,13.491243022623914,10163864,13.39832777426097
2022-05-31,13.992981910705566,14.113770480050125,13.500532387846864,13.639905245414667,16785425,13.869094926200852
2022-06-01,14.150936126708984,14.215977146768367,13.658487499402797,13.983689941383608,12258651,14.008466924293382
2022-06-02,13.79786205291748,14.002274180824875,13.593449038904609,14.002274180824875,14604896,13.797861757548988
2022-06-06,14.188104629516602,14.29960239512254,13.900068070455495,13.93723399232414,8577736,14.129258365031546
2022-06-07,14.411100387573242,14.476140530340798,14.095189603664275,14.197395668885505,9602800,14.327476840526105
2022-06-08,14.708426475524902,14.773466612580705,14.308892179655459,14.401807420682673,11055881,14.596928422587022
2022-06-09,14.671259880065918,15.098668374100042,14.58763634421712,14.866381168344656,11893127,14.785854866127693
2022-06-10,14.727009773254395,14.810632426256651,14.392515616823756,14.401807318081364,9495876,14.643385938778266
2022-06-13,14.596929550170898,14.92213114009606,14.429682461228813,14.66196969093484,10362591,14.64958105049859
2022-06-14,14.894256591796875,15.061501894885563,14.39251536589849,14.615510875560847,13639016,14.78275795086031
2022-06-15,14.606220245361328,14.98717024794174,14.569054326614063,14.968588617726207,8235394,14.720814939972378
2022-06-16,14.169520378112793,14.60622059853136,13.937233158799469,14.53188875923953,16637225,14.237658045147874
2022-06-17,14.216440200805664,14.526105171087206,14.038148600758785,14.300894446320243,9857226,14.260231324217218
2022-06-20,13.212374687194824,13.981845089901423,12.94962884881586,13.981845089901423,20780293,13.381282875304036
2022-06-21,13.296828269958496,13.475119856275953,13.137303795139182,13.296828269958496,10807941,13.30308397379121
2022-06-22,12.949628829956055,13.362515146807384,12.930860822645254,13.231142675263156,8088965,13.081001599802898
2022-06-23,12.99654769897461,13.015314811010281,12.68688274366949,12.949628576523688,7378010,12.899581751218127
2022-06-24,12.799488067626953,13.137304137569055,12.761952948744497,13.005930774026549,6774253,12.899581717980169
2022-06-27,13.174839973449707,13.296829340183523,12.82763988116479,12.82763988116479,11771902,13.09976973159934
2022-06-28,13.249910354614258,13.409434843950553,13.099769869334894,13.156072998768597,7671693,13.253038355966568
2022-06-29,13.081000328063965,13.446968389220086,13.02469810013704,13.278059915623755,6435700,13.184222272473697
2022-06-30,13.090384483337402,13.099768486403672,12.930860010841968,12.949628016974508,3837511,13.040337660194348
2022-07-01,12.80887222290039,12.996548727557311,12.743185983215207,12.949629601393081,5948550,12.849535644557635
2022-07-04,13.090384483337402,13.165454718051985,12.752568427121782,12.883940890418407,7156109,13.002802542837054
2022-07-05,13.156072616577148,13.371899334169374,12.959013011645707,13.231142857035998,8863343,13.162328320797409
2022-07-06,12.56489372253418,12.837023566208106,12.442904358830992,12.752569322497603,10289521,12.614940549191092
2022-07-07,12.433520317077637,12.639963923859916,12.38660119350332,12.602428803982033,6001259,12.486695144813623
2022-07-08,12.499207496643066,12.733802237315244,12.471056378336622,12.611812864776761,4679124,12.568022037431644
2022-07-11,12.349065780639648,12.546125379050189,12.21769331163784,12.536741375576394,3829600,12.370961490442559
2022-07-12,12.292763710021973,12.43352018433432,12.152006340801787,12.386601061260926,4289952,12.292763411719358
2022-07-13,12.217694282531738,12.245845400282356,12.058169790431739,12.123856030152481,3541648,12.173903157748612
2022-07-14,12.095704078674316,12.311530791399138,12.058168959291397,12.30214678782645,3502155,12.155134609788284
2022-07-15,11.814189910888672,12.180157091078915,11.814189910888672,12.114470857692524,6039100,11.936178970952085
2022-07-18,12.227076530456543,12.245844537573364,11.814190217872666,11.814190217872666,6776702,12.095703761967522
2022-07-19,12.414751052856445,12.442903061095727,12.198924359135162,12.311529707369017,4863396,12.352192824362445
2022-07-20,12.508590698242188,12.593044942649135,12.41475245003272,12.442904461440275,4080823,12.50546269697468
2022-07-21,12.349065780639648,12.508590260062839,12.292763549612538,12.499206256589046,3745368,12.383473196771675
2022-07-22,12.320914268493652,12.452287628174142,12.208308915156573,12.339681379929266,3334500,12.327170270608121
2022-07-25,12.152007102966309,12.414752955785566,12.142623098781504,12.320915598661207,3943037,12.236461052511126
2022-07-26,12.4241361618042,12.611811758903933,12.292763691288306,12.471055284806091,4893920,12.44290387066548
2022-07-27,12.433520317077637,12.71503416361568,12.339682069929006,12.49920655313697,5531220,12.496078850207441
2022-07-28,12.649347305297852,12.76195356226651,12.564893954933158,12.668115313095251,5417545,12.658731607499172
2022-07-29,12.40536880493164,12.7431848730499,12.37721679474092,12.7431848730499,4219868,12.508590157574154
2022-08-01,12.555509567260742,12.555509567260742,12.26461171964776,12.395985085490372,3412165,12.458543618056416
2022-08-02,12.311530113220215,12.471054585537194,12.048784292013103,12.471054585537194,4960783,12.277122996923504
2022-08-03,12.217694282531738,12.499207249853713,12.208310278312233,12.273996518032973,2870213,12.308403936899227
2022-08-04,12.161391258239746,12.339682865426584,12.011250769049166,12.198926380537392,3428693,12.170774964238499
2022-08-05,12.292763710021973,12.292763710021973,11.908027616746402,12.133239228517132,4770895,12.164518345596782
2022-08-08,12.2083101272583,12.283380370269699,12.161391001649204,12.283380370269699,3870568,12.217693833059068
2022-08-09,12.442903518676758,12.461670629952005,12.198924807744008,12.208308810835527,5192852,12.367832985457591
2022-08-10,12.386600494384766,12.499205847662797,12.255228029680962,12.499205847662797,3242242,12.380344790576174
2022-08-11,12.452288627624512,12.499206857433213,12.349066374266476,12.461671736641529,4955181,12.433520619774734
2022-08-12,12.921477317810059,12.940244429637739,12.480439003511867,12.480439003511867,10976066,12.780720250319888
2022-08-15,12.752569198608398,12.84640655022457,12.583660712828312,12.837023441498442,8636901,12.727545487220427
2022-08-16,12.536741256713867,12.677498622762757,12.499206138082393,12.621195497361638,4337580,12.571148672519671
2022-08-17,12.658730506896973,12.66811451020092,12.480438918660989,12.480438918660989,4350283,12.602427978586293
2022-08-18,12.583661079406738,12.69626644157119,12.433520596520802,12.68688333257172,4442800,12.571149372499576
2022-08-19,12.780718803405762,12.893324148975376,12.621194340121873,12.677497460360549,7464759,12.765079097501003
2022-08-22,13.137304306030273,13.240525660553692,12.583660624233744,12.715033989460869,8045710,12.98716353027257
2022-08-23,13.615878105163574,13.709715458572997,13.146688653392875,13.146688653392875,12269162,13.490760739043148
2022-08-24,13.522039413452148,13.859856380390902,13.428202063119697,13.615877658692431,9159709,13.603365952320916
2022-08-25,14.07568359375,14.160137838497757,13.512655892036856,13.653413264919072,13496888,13.916159108094872
2022-08-26,14.047532081604004,14.21643967143577,13.888007600440565,13.944309832081874,14497965,14.050659784493448
2022-08-29,14.291509628295898,14.347812753734335,13.77540197049803,13.794169082372296,8288476,14.138241450842756
2022-08-30,14.4041166305542,14.488569980755578,14.263359257069501,14.366581509939852,10729128,14.385348622793094
2022-08-31,13.728483200073242,14.169521526762383,13.625261844851462,14.075683280264151,9214752,13.84108885722903
2022-09-01,13.812936782836914,14.056914601238802,13.69094742618207,13.831703894294998,8731484,13.853599603419262
2022-09-02,14.085067749023438,14.122602869880675,13.606494286912755,13.747250766400427,6913168,13.938054968605622
2022-09-05,14.53548812866211,14.676245492689814,14.141368941237024,14.253974295514505,7885673,14.451034187529649
2022-09-06,14.77946662902832,14.873304870350347,14.451033679309019,14.666861276386562,7826320,14.701268392895896
2022-09-07,14.53548812866211,14.7513157288748,14.497953010569615,14.7513157288748,6174789,14.594918956035508
2022-09-08,14.169520378112793,14.526103538120902,14.085066142092222,14.526103538120902,8638524,14.260230019441972
2022-09-09,14.085067749023438,14.300894470225586,13.963078382510448,14.263359349368347,8315359,14.116346867253156
2022-09-13,13.916158676147461,14.338428991871426,13.803553318281592,14.282126760392408,11560713,14.019380328766827
2022-09-14,13.953694343566895,14.150753951300043,13.644029373544498,13.756634735833744,7054225,13.916159222803813
2022-09-15,13.859857559204102,14.253975895973614,13.728484183675661,14.066300284438631,6008971,13.947439212951124
2022-09-16,13.446968078613281,13.888006363423097,13.362513843765896,13.766017012522179,6866498,13.565829428600757
2022-09-19,13.625261306762695,13.71909865464726,13.315595463510991,13.512655057448727,5656973,13.553318474973649
2022-09-20,13.67218017578125,13.897391790085301,13.54080770358739,13.803553542882959,3938047,13.70345988981798
2022-09-21,14.479186058044434,14.544872291700969,13.418817841647618,13.963077507421868,9564654,14.147625397131007
2022-09-22,14.4041166305542,14.497953984636132,14.12260277849267,14.394732626673646,9047649,14.341557797894334
2022-09-23,14.460418701171875,14.8263867942212,14.23520798002207,14.413499577205368,12675268,14.50733782513838
2022-09-26,13.747249603271484,14.497952851808517,13.690947374203189,14.047531439630975,10143795,13.978716609761063
2022-09-27,13.33436393737793,13.77540226210718,13.174839455984536,13.681564016025948,7987579,13.428201885156549
2022-09-28,13.202990531921387,13.700331981777039,13.12792029324654,13.428202142853761,6125252,13.34374760231499
2022-09-29,13.371898651123047,13.869239192485367,13.268677299491715,13.446968887747254,7483172,13.50327171436671
2022-09-30,13.465736389160156,13.653411973679605,12.940243857597924,13.484503500158214,6048636,13.353130740145895
2022-10-10,14.263359069824219,14.497953794311156,13.822320737214577,13.95369410509409,14287786,14.194544533783317
2022-10-11,13.916158676147461,14.26335875329418,13.606493718289364,14.26335875329418,7648394,13.928670382577002
2022-10-12,13.981844902038574,13.981844902038574,13.559574586590559,13.869239544246293,7644418,13.841088130222568
2022-10-13,13.709714889526367,13.981844724461816,13.512655292165677,13.981844724461816,7679106,13.734738302051285
2022-10-14,14.085067749023438,14.291510466284308,13.728483653425744,13.728483653425744,10724287,14.035020622911162
2022-10-17,14.225824356079102,14.253975473247502,13.531424166539338,13.897392269360074,9636281,14.003741331955313
2022-10-18,14.178903579711914,14.347812052868516,14.038147115353263,14.22582269946739,8058243,14.188287582644564
2022-10-19,13.67218017578125,14.066299382178528,13.67218017578125,14.009997149783402,6378640,13.803553244580343
2022-10-20,14.282127380371094,14.338429614294157,13.719099671693218,13.794169913529219,12448908,14.113218888786156
2022-10-21,14.291509628295898,14.50733723175078,13.98184467565405,14.347812753734335,7847490,14.260230511900241
2022-10-24,15.530168533325195,15.70846100772779,14.741931087502634,14.741931087502634,23822811,15.326853542851874
2022-10-25,15.464483261108398,15.877370462735676,15.201738324467478,15.370645016672794,13659863,15.514530682770518
2022-10-26,15.483251571655273,15.614624042552544,15.164202608205608,15.389413325379076,8840984,15.420692740804474
2022-10-27,15.905523300170898,16.177652254388892,15.436333843408521,15.867987284518353,12213406,15.839836465989437
2022-10-28,16.327791213989258,16.562385920482825,15.699077328993871,15.85860180100212,17794274,16.19641815448865
2022-10-31,15.755380630493164,16.581153172266543,15.605238378537061,16.581153172266543,14207947,15.980590727098923
2022-11-01,17.322471618652344,17.322471618652344,15.63339051117796,15.858601206186844,20363407,16.759444582827552
2022-11-02,17.547685623168945,17.99810705219482,17.097262404327413,17.32247311884035,16275703,17.547685026563727
2022-11-03,17.632139205932617,17.810429896291257,16.96588930097396,17.313090258174768,8779785,17.46948613439928
2022-11-04,17.116029739379883,17.594603160112822,17.059727510415886,17.594603160112822,14471339,17.256786803302862
2022-11-07,17.022192001342773,17.28493872730504,16.750063061788676,17.125414249009314,10222069,17.01906459681216
2022-11-08,17.238021850585938,17.48199879903185,16.98465910818159,17.02219333493643,11559349,17.234893252599793
2022-11-09,16.96588897705078,17.219251687753292,16.890818743118434,17.10664544194699,5072504,17.025319802640837
2022-11-10,16.121347427368164,16.787595489683312,16.065045202762132,16.787595489683312,18722675,16.32466270660454
2022-11-11,16.440397262573242,16.496699490305087,16.02751008297011,16.36532702899227,12333128,16.321535611949482
2022-11-14,16.562387466430664,16.881436440227475,16.2621065004609,16.421630987359304,15648432,16.56864346903968
2022-11-15,16.459165573120117,16.684376278032218,16.290257096982145,16.440397566923547,8490638,16.477932982711494
2022-11-16,16.421628952026367,16.628071643089687,16.262104484899776,16.421628952026367,7869209,16.437268360005277
2022-11-17,16.102581024169922,16.31840773147266,15.896138320204122,16.196419267723694,8836057,16.105709025282234
2022-11-18,16.093196868896484,16.33717558390663,15.952440399802526,15.989976412795908,8330640,16.12760428420188
2022-11-21,16.01812744140625,16.07442967392315,15.652160245322849,15.96182520888935,6720774,15.914905786884082
2022-11-22,16.23395347595215,16.496700199691897,15.952440535371837,16.036894775509055,8226145,16.22769807033863
2022-11-23,16.384092330932617,16.562384796921055,16.149497640353523,16.37471011834705,7813499,16.365324922735734
2022-11-24,16.553003311157227,16.759447815735527,15.989977400020068,16.046279633170638,7481970,16.434142842304272
2022-11-25,16.843900680541992,17.0409593753341,16.421629491965227,16.459165504201195,9437708,16.76882984928044
2022-11-28,16.215187072753906,16.674992491652304,16.09319682070632,16.506084013319096,9953922,16.327792128370845
2022-11-29,16.72191047668457,16.768830492108865,16.18703482955667,16.34655930236811,7220992,16.559258599450036
2022-11-30,16.628074645996094,17.15356815602832,16.524854176731345,16.79698314637675,6463735,16.76883232625192
2022-12-01,16.524852752685547,16.862667934519457,16.431014506136695,16.853283930883002,6087614,16.606178397780567
2022-12-02,16.459165573120117,16.67499227493393,16.35594332885456,16.534235808090816,4715468,16.49670039230287
2022-12-05,16.440397262573242,16.83451643632724,16.38409324502585,16.45916526842237,10234710,16.55300231464211
2022-12-06,16.17765235900879,16.412247088907087,15.858603383161844,16.412247088907087,10981146,16.149500943692573
2022-12-07,16.187036514282227,16.299642773204866,15.933673774068112,16.121350275667254,8857882,16.140117687185068
2022-12-08,16.14011573791504,16.496698886928538,15.792914801667395,16.26210419184149,9272482,16.143243142170324
2022-12-09,15.708462715148926,16.23395440281528,15.595858248414,16.074429916761027,9385644,15.846091788792734
2022-12-12,15.577089309692383,15.75538179281838,15.398796826566384,15.64277554299785,6378873,15.577089309692383
2022-12-13,15.68969440460205,15.989977153002942,15.57708994004045,15.6990784082848,6027420,15.752253832548481
2022-12-14,15.914905548095703,16.111966051058943,15.62400858543313,15.68031081921588,6020186,15.883626728195926
2022-12-15,15.530168533325195,16.027509945157473,15.520786320296851,15.980591720753623,4996576,15.692821599593174
2022-12-16,15.58647346496582,15.736613939646672,15.408180980101445,15.577089461571312,4510765,15.577089461571312
2022-12-19,15.117283821105957,15.849218177406998,15.060979801532328,15.689693701579609,6677818,15.342493933348427
2022-12-20,15.333110809326172,15.473867281223578,15.126668103197687,15.126668103197687,5500718,15.311215397915811
2022-12-21,15.314343452453613,15.44571592649171,15.032830496710341,15.408181700973278,4225457,15.264296625218554
2022-12-22,15.023445129394531,15.558320770652493,14.901455775353496,15.455098527667426,4873905,15.161073891800173
2022-12-23,14.798234939575195,15.070363876208145,14.65747757469754,15.004677642876592,3808906,14.842025463493627
2022-12-26,15.361262321472168,15.530169008382089,14.526103940975549,15.004677361759295,4999501,15.139178423609934
2022-12-27,15.71784496307373,15.811683201413397,15.32372579389956,15.417564032239225,5757150,15.61775131946223
2022-12-28,15.764762878417969,15.783530883681241,15.436331735388194,15.652158426469331,3635406,15.6615418324958
2022-12-29,15.426949501037598,15.76476468542035,15.2955752389517,15.680310441870738,4598718,15.495763141803216
2022-12-30,15.558321952819824,15.670928207342921,15.408181473332824,15.426949480722623,4392422,15.545810544498522
2023-01-03,15.71784496307373,15.811683201413397,15.286191572453012,15.55832049484096,5601722,15.60523991231338
2023-01-04,15.736613273620605,15.92428796412083,15.567704799299507,15.652159036460057,5013608,15.742868679013649
2023-01-05,16.01812744140625,16.11196568881155,15.530169986751249,15.59585801280595,5443095,15.886754372323017
2023-01-06,15.605239868164062,15.971208845654607,15.54893763694077,15.877370600405348,3860015,15.708462116919813
2023-01-09,15.34249496459961,15.736614163702164,15.258040722662228,15.736614163702164,8242995,15.445716616988001
2023-01-10,15.304959297180176,15.586474039953632,15.248657064551766,15.43633355973407,5512657,15.380030133895191
2023-01-11,15.333110809326172,15.445715270917837,15.18297033399352,15.380029036686759,4943332,15.320598804745842
2023-01-12,15.52078628540039,16.42162907860075,15.35187781422144,15.52078628540039,15995766,15.76476439274086
2023-01-13,16.046279907226562,16.121350149314697,15.586474450709769,15.680310910958124,9757991,15.918034835750342
2023-01-16,16.121347427368164,16.515466579241284,15.764762495293914,15.99935718593707,10992056,16.13385883396779
2023-01-17,15.64277458190918,16.23395243515217,15.483250115190355,16.23395243515217,12106530,15.7866590440839
2023-01-18,15.71784496307373,15.867985428490984,15.642774730365105,15.755380974335809,7245472,15.742868373976606
2023-01-19,15.220503807067871,15.745997234624397,15.107899351031158,15.680309213818163,9796937,15.358133464241142
2023-01-20,15.473867416381836,15.614623889508696,15.182970466610907,15.267424708450154,10421309,15.423820590833813
2023-01-30,15.408182144165039,15.699079112109036,15.314343892946267,15.530170617878401,7987114,15.473868383073446
2023-01-31,15.295575141906738,15.502019642525175,15.27680892442699,15.35187916379305,6836379,15.358134569619635
2023-02-01,15.389413833618164,15.39879783753726,15.126668883146408,15.351879607757516,6616830,15.304960184767276
2023-02-02,15.211119651794434,15.455098357185225,15.164201427218163,15.333109899397598,6882306,15.276806478732608
2023-02-03,14.835770606994629,15.145434673407985,14.713781244215392,15.107900448607436,9898262,14.898328841539334
2023-02-06,14.9202241897583,15.154818915351404,14.704397471768416,14.723164584463778,8914422,14.926480192292708
2023-02-07,14.873305320739746,15.04221380227112,14.835770202055865,14.920223547913732,4746099,14.91709644168891
2023-02-08,15.18297004699707,15.23927227672865,14.985910453120933,15.18297004699707,8696368,15.136050925615551
2023-02-09,15.164201736450195,15.164201736450195,14.976526149594681,15.03282927310523,5882694,15.101643207498357
2023-02-10,15.004678726196289,15.173587218281341,14.854538242079744,15.126668988175828,6171101,15.010934728852456
2023-02-13,15.2486572265625,15.333111471310257,14.920224251411854,15.004678496159613,10084988,15.167330983094871
2023-02-14,15.323726654052734,15.436332904344265,15.182970183550042,15.267424423814784,7801396,15.314343247315682
2023-02-15,15.126667976379395,15.361262690846834,15.079747959596528,15.361262690846834,5917423,15.189226208940918
2023-02-16,14.863921165466309,15.25804035507396,14.760698918959468,15.126667888476616,5677192,14.96088681316658
2023-02-17,14.817002296447754,15.004677891148823,14.807618292985744,14.863921418849976,5157703,14.876432826860773
2023-02-20,14.948376655578613,14.948376655578613,14.751317044293678,14.892073525965252,4568535,14.882690118483636
2023-02-21,15.042213439941406,15.17358590471664,14.901456077086486,15.004677427253855,6064155,15.039085140581511
2023-02-22,14.91084098815918,15.014062344611558,14.83577074802875,15.014062344611558,3520797,14.92022469359983
2023-02-23,14.741931915283203,15.004677745310945,14.713780800078615,14.929607508160162,6557948,14.820130153557587
2023-02-24,14.741931915283203,14.835770159175592,14.66686167813242,14.779467033858595,4356524,14.748187917530407
2023-02-27,14.713781356811523,14.863921836794033,14.666862233090027,14.713781356811523,4584468,14.748188475565195
2023-02-28,14.863921165466309,14.88268827716258,14.666861570662482,14.704396688962838,4704762,14.80449033776379
2023-03-01,15.173585891723633,15.258040130382708,14.873304949742742,14.873304949742742,12875004,15.101643657283027
2023-03-02,15.304959297180176,15.43633355973407,15.22050505332971,15.267425072033138,7177635,15.320599303414653
2023-03-03,15.548938751220703,15.736615255168639,15.248657776756637,15.323728020372654,10147770,15.511403927715326
2023-03-06,15.58647346496582,15.708461929463148,15.398796976706937,15.670927705700755,6595078,15.564577457045303
2023-03-07,16.01812744140625,16.37471242358325,15.577090005361748,15.58647400908385,16209783,15.989976623450417
2023-03-08,15.952441215515137,15.961825219243323,15.586474019194343,15.849218964320778,9782275,15.8335801513176
2023-03-09,15.699078559875488,16.168268009649285,15.567706086679852,15.952441292309109,7332814,15.811684218734875
2023-03-10,15.35187816619873,15.745997344713862,15.29557414797116,15.670927110226007,6280161,15.464483219627917
2023-03-13,15.989975929260254,15.989975929260252,15.44571449620831,15.586472750861361,10127289,15.808555451576273
2023-03-14,15.811684608459473,16.111965566015304,15.689694350817613,15.811684608459473,7303885,15.87111484176413
2023-03-15,15.755380630493164,15.858601079580156,15.464481919007172,15.78353084850985,8558670,15.692821209693497
2023-03-16,15.023445129394531,15.670927016619434,14.854536655351898,15.4644825306493,16736251,15.182969600455287
2023-03-17,15.473867416381836,15.530169647669448,15.06098021070281,15.117284231806083,11244577,15.355005758251366
2023-03-20,14.91084098815918,16.140117736383708,14.80761873679895,16.140117736383708,16999508,15.286192487113945
2023-03-21,14.882688522338867,15.089132123845673,14.666861812283255,14.910840532708768,8833213,14.879560819489265
2023-03-22,14.892071723937988,15.098515314328923,14.807617487191344,14.995293071679567,7045919,14.932734841819418
2023-03-23,14.704397201538086,14.863921683602362,14.5261047122155,14.863921683602362,7826703,14.69814119911865
2023-03-24,13.991228103637695,14.72316333478866,13.93492587542258,14.704396223686217,22357667,14.216439104616313
2023-03-27,13.634644508361816,14.038147702257607,13.465736923051333,13.991228580540547,13536966,13.71284304455692
2023-03-28,13.859857559204102,14.019381157827908,13.756635301678932,13.794170423985928,12026104,13.878624672903648
2023-03-29,13.606493949890137,13.916158913019146,13.568958829962616,13.916158913019146,8014869,13.697203897623966
2023-03-30,13.803553581237793,13.803553581237793,13.50327262120849,13.681564217498925,14197477,13.703459927894691
2023-03-31,13.681564331054688,13.803553695806054,13.606494090424285,13.803553695806054,7714366,13.697204039095007
2023-04-03,14.047532081604004,14.263358794408754,13.869239593288237,13.934926723413547,17888240,14.060043489766997
2023-04-04,14.094450950622559,14.25397453400386,13.963077587646865,14.160137184656495,10362411,14.103834357424427
2023-04-06,14.019380569458008,14.122602822651112,13.803553848977637,14.075683698009508,8842068,13.981845747028919
2023-04-07,13.991228103637695,14.028763220750367,13.888006755304797,13.972460992535252,3659372,13.969332693230953
2023-04-10,14.207056999206543,14.329046364720663,14.000613388728198,14.03814850927809,9700879,14.178905584218468
2023-04-11,14.178903579711914,14.21643869653474,13.897390650994613,14.16013646875439,6076538,14.097577642413755
2023-04-12,14.629326820373535,14.685629051786488,14.188288498068841,14.188288498068841,15453080,14.501081456742954
2023-04-13,14.845152854919434,15.107899572550211,14.554255917774507,14.591791035306361,14584169,14.835769448414718
2023-04-14,14.854537010192871,15.004677481858266,14.648093414199053,15.004677481858266,7219190,14.835769302083397
2023-04-17,15.154817581176758,15.314342052128746,14.779466411235475,14.910839768168813,11526190,15.082875348180325
2023-04-18,15.004678726196289,15.079748968254563,14.817003121050607,15.079748968254563,5713490,14.967143605167152
2023-04-19,15.051597595214844,15.201738067851075,14.89207222440409,15.023445585414695,7988596,15.048469295823336
2023-04-20,15.173585891723633,15.182969894887485,14.910840067490353,15.051597430224744,4856506,15.089131951367158
2023-04-21,14.9202241897583,15.323727404148954,14.901457077062938,15.201738934359456,7424461,15.048469556990064
2023-04-24,14.929608345031738,15.136051061314525,14.826386986890345,15.070364823852534,6434785,14.964015464412205
2023-04-25,15.154817581176758,15.258039824091444,14.938990882187465,15.042213125102153,9318540,15.117282762485223
2023-04-26,15.145434379577637,15.22988862101002,14.77946719324775,15.164202386521646,6735908,15.05159673127847
2023-04-27,15.079748153686523,15.192354405599117,14.85453743967699,15.192354405599117,3625565,15.042213332987544
2023-04-28,15.145434379577637,15.295574855498394,14.90145655366032,15.098516152033271,7733285,15.114155262912115
2023-05-04,14.91084098815918,14.967143220803075,14.26335904839941,14.648094252794824,9159603,14.713781085787224
2023-05-05,14.695013046264648,15.004678003568475,14.497953446625138,14.826386410993601,4880462,14.732548165486087
2023-05-08,15.605239868164062,15.633391878683538,14.71378101283525,14.723164121433912,15143497,15.317470919894284
2023-05-09,15.35187816619873,15.933672036025715,15.323726157084945,15.764763560974147,13846673,15.53642545310313
2023-05-10,14.300893783569336,15.323726896452651,14.263358664514344,15.30495888947124,16678358,14.629326448178778
2023-05-11,14.235207557678223,14.375964030493789,14.122602200444204,14.235207557678223,6486810,14.244591262872072
2023-05-12,13.897391319274902,14.291509617412546,13.869239309123214,14.2445913903087,9489925,14.019380081936887
2023-05-15,14.000612258911133,14.028763373324857,13.512654836231691,13.897390909455616,11852531,13.847343489489226
2023-05-16,14.225824356079102,14.29151059444133,13.991229624890705,14.075683871303788,7661472,14.169521525137045
2023-05-17,14.169520378112793,14.357195960987527,13.99122790320097,14.235206608392009,5443112,14.172648080767097
2023-05-18,14.263359069824219,14.469802677946923,14.113218589337835,14.244591957217349,4218540,14.282126779036325
2023-05-19,14.094450950622559,14.188288299969923,14.038147825087885,14.178904296562841,5088951,14.106962358560123
2023-05-22,14.10383415222168,14.20705640056532,13.963077679817586,14.094451043660479,4236916,14.091322744201529
2023-05-23,13.766016960144043,14.15075212195581,13.70033073102723,14.066297887429762,5511919,13.872366604375694
2023-05-24,13.625261306762695,13.794168890918035,13.606493300241098,13.737866661168857,6977104,13.67530783264061
2023-05-25,13.512655258178711,13.690947743151183,13.32497966471386,13.597109498964848,7035059,13.509527555347917
2023-05-26,13.428201675415039,13.475119901772707,13.287444311618621,13.428201675415039,2824568,13.396921962935457
2023-05-29,13.522039413452148,13.662796781312572,13.371898936993961,13.45635317872865,5220949,13.518911710586229
2023-05-30,13.512655258178711,13.606493502365046,13.28744454602089,13.418817908900195,3811346,13.468864435521548
2023-05-31,13.249910354614258,13.465737973384256,13.193608120088438,13.371899722630712,5284505,13.30308548269565
2023-06-01,13.249910354614258,13.30621348404796,13.043466739901191,13.174840111974577,6151551,13.199863526187803
2023-06-02,13.522039413452148,13.540807420463338,13.324979814373819,13.324979814373819,5286033,13.462608882763101
2023-06-05,13.522039413452148,13.812937257770761,13.465737182234243,13.625261662198026,3424684,13.600237951152385
2023-06-06,13.36251449584961,13.550190085275739,13.315595374766128,13.512654967390514,3103549,13.40943331863049
2023-06-07,13.127920150756836,13.428201997104816,13.10915303874574,13.381282874715335,6907282,13.221758395535796
2023-06-08,13.40943431854248,13.428202325920976,13.12792047222,13.137304475909247,4447434,13.321852372227818
2023-06-09,13.257593154907227,13.418923992754639,13.219633011004378,13.38096384885179,3182267,13.298716719555415
2023-06-12,13.257593154907227,13.371473586615773,13.200652486532345,13.286063036574058,3393653,13.27657307601845
2023-06-13,13.096261978149414,13.25759281182184,13.04881157323849,13.238612287840992,4326816,13.134222121069916
2023-06-14,13.181673049926758,13.267082696111855,13.115242118394484,13.172182787559114,2898998,13.187999288144367
2023-06-15,13.077281951904297,13.18167302768981,12.96340151880838,13.115242096269602,4468411,13.07411883280083
2023-06-16,13.276573181152344,13.456884548996802,13.077282193295506,13.077282193295506,6368710,13.270246641148217
2023-06-19,13.05830192565918,13.267082260647163,12.991870996307364,13.267082260647163,6828792,13.105751727537902
2023-06-20,12.963401794433594,13.09626275505764,12.830541738850798,13.077282229950812,7151391,12.96340209611401
2023-06-21,12.877991676330566,13.077282671474604,12.849521792750355,12.96340223211248,4965441,12.934932046851841
2023-06-26,12.773600578308105,13.020341964979192,12.621760003446273,12.811560722023565,5253096,12.805234182244524
2023-06-27,12.972891807556152,13.039321834070295,12.735640678529949,12.840030849486634,4336586,12.915951440052131
2023-06-28,13.001361846923828,13.001361846923828,12.792580597443298,12.972891964507788,3632308,12.931768097096985
2023-06-29,13.010851860046387,13.067792528828399,12.868501545653197,13.067792528828399,4800938,12.982381978175994
2023-06-30,13.172182083129883,13.24810236792846,12.953910585553082,12.991870727952373,5573597,13.124731678870475
2023-07-03,13.55178451538086,13.627704805827936,13.21014320836901,13.267082973683692,8698690,13.4632108431926
2023-07-04,13.741584777832031,13.789035184020703,13.513823914175871,13.599234464307237,7504092,13.681481292009536
2023-07-05,13.808015823364258,13.91240599381465,13.732095534847385,13.798525561039341,5867210,13.817505784008764
2023-07-06,13.86495590209961,13.883936427180481,13.713115321617618,13.874446164640046,5400956,13.820669216965904
2023-07-07,13.874445915222168,13.969346728838026,13.732095599839614,13.874445915222168,5397950,13.85862941463327
2023-07-10,13.874445915222168,14.092717424522148,13.798525626345974,13.99781661090629,4078516,13.921896322030095
2023-07-11,14.007306098937988,14.035775979432408,13.826994744043901,14.026285717587207,4240781,13.9566922741381
2023-07-12,13.959856986999512,14.14016745354353,13.893426958016127,14.092717950007549,4564412,13.997817132853056
2023-07-13,14.073736190795898,14.16863699963098,13.95036550132677,14.09271671457939,3966617,14.06424623058455
2023-07-14,14.149657249450684,14.216087276242451,14.026286553236517,14.140166987040077,4321233,14.130677026309883
2023-07-17,14.083226203918457,14.121186345773715,13.921895374773316,14.1022058223255,2675759,14.042102641488496
2023-07-18,13.978835105895996,14.073735912856902,13.902914822343739,14.073735912856902,2780972,13.985161947032212
2023-07-19,14.054757118225098,14.092717262226033,13.969346567962686,14.035776593704018,3099170,14.03894031613794
2023-07-20,13.940876007080078,14.206597924433629,13.921896387292675,14.064246703342532,3870883,14.023123439602125
2023-07-21,13.940876007080078,14.073736965756853,13.864955717847987,14.073736965756853,3462079,13.959856230228306
2023-07-24,13.940876007080078,13.997816676524764,13.79852569103022,13.950366269494397,2277029,13.912406124878354
2023-07-25,14.11169719696045,14.178127224185824,13.978836237468457,14.026286644789971,4307983,14.089553552871577
2023-07-26,14.121187210083008,14.197107498440344,14.064246541294391,14.18761723613537,2952294,14.127513749939247
2023-07-27,13.99781608581543,14.178126538872213,13.978835561787768,14.14965665787192,2359894,14.051592728825137
2023-07-28,14.235068321228027,14.310988613204609,13.912406627806922,13.997817182540894,4328048,14.152821187413187
2023-07-31,14.415377616882324,14.453337759785615,14.244557426338115,14.348947593061865,4970091,14.371090934335351
2023-08-01,14.538748741149902,14.586199147454371,14.386908165008581,14.42486830904391,5563608,14.503952017870951
2023-08-02,14.49129867553711,14.605179103208137,14.40588812852354,14.595688841308588,4322900,14.50078863575626
2023-08-03,14.367928504943848,14.472318674485956,14.244557810917055,14.45333815000127,3188515,14.361601663448953
2023-08-04,14.329968452453613,14.614669081210772,14.320478190150713,14.491299291437992,3341114,14.4217052412717
2023-08-07,14.358438491821289,14.415378256180814,14.292008465054767,14.31098808482753,2458627,14.355275071018957
2023-08-08,14.301497459411621,14.405888533156427,14.244557696497376,14.35843812736708,2951100,14.317314563021808
2023-08-09,14.273028373718262,14.367929190587958,14.216087702588192,14.367929190587958,2550400,14.28568175563147
2023-08-10,14.690589904785156,14.728550955379816,14.282518566346408,14.348948594804545,6632975,14.567219808837129
2023-08-11,14.472319602966309,14.74753089036205,14.462829340115112,14.671610597635038,5223207,14.560893277814491
2023-08-14,14.4248685836792,14.519769398094956,14.216087334989282,14.462828728437254,2884476,14.386908438921147
2023-08-15,14.500788688659668,14.500788688659668,14.310987967284783,14.443848924767817,3000732,14.437521781534706
2023-08-16,14.092717170715332,14.4248682023064,14.054757026960889,14.415377940107485,3852001,14.190780799994206
2023-08-17,14.301497459411621,14.310987721577733,13.874445617389926,13.997816310425742,4724100,14.162310266126426
2023-08-18,14.273028373718262,14.472319365111613,14.244558490673858,14.339458402502292,3095400,14.32996874316791
2023-08-21,14.159147262573242,14.40588865065741,14.130677380883906,14.235067550438952,3100258,14.231904431371518
2023-08-22,14.178126335144043,14.21608647761271,13.96934600408697,14.159146716430303,3859477,14.121186272281241
2023-08-23,14.045267105102539,14.263537710719344,13.931386671079697,14.1211873944511,4185102,14.080063828967193
2023-08-24,13.86495590209961,14.16863796810484,13.86495590209961,14.026286745122036,3387700,13.966183257434686
2023-08-25,13.7985258102417,14.026286679905693,13.760565665297701,13.950366390017695,4296372,13.861792718481697
2023-08-28,14.197107315063477,14.424868177193614,14.15914717137512,14.292008126804975,8069763,14.260374221210737
2023-08-29,14.216086387634277,14.34894733795428,14.04526620012705,14.28251731531487,7490008,14.203433308571869
2023-08-30,14.054757118225098,14.282517982230711,14.016796974224162,14.1971074319683,4806225,14.118024024893323
2023-08-31,14.064247131347656,14.140167422890164,13.97883657710202,13.97883657710202,4404173,14.061083710446615
2023-09-01,14.140166282653809,14.18761668730188,14.064245997233371,14.10220613994359,3882302,14.130676322396354
2023-09-04,15.127130508422852,15.155601293502883,14.244556986888732,14.320477270353148,19685074,14.842429596271488
2023-09-05,15.089171409606934,15.146112078661389,14.804470779458343,15.108151934305495,8911952,15.013251422575555
2023-09-06,15.402341842651367,15.468771864769245,14.975290019674267,15.35489234401927,11066772,15.282134575698294
2023-09-07,15.38336181640625,15.563673175184702,15.212542529759848,15.335912316240428,7790463,15.386525840450267
2023-09-08,15.35489273071289,15.449793540449392,15.108151349430944,15.25999192097639,5173375,15.304279206864408
2023-09-11,15.468772888183594,15.535204724778948,15.288463333386456,15.297953595757221,6435300,15.430813648783
2023-09-12,15.573164939880371,15.829396609697234,15.411834089634485,15.506734909205463,8211126,15.604798546404032
2023-09-13,15.687044143676758,15.848374971896629,15.563672552053271,15.72500338027314,6516842,15.69969722254222
2023-09-14,15.81041431427002,15.857863813703686,15.544692411227311,15.544692411227311,7769187,15.73765684640034
2023-09-15,15.867355346679688,16.104606483018046,15.762966077546924,15.810415580781587,9405425,15.911642635748217
2023-09-18,15.84837532043457,15.96225484281049,15.649083441153154,15.96225484281049,6335977,15.819904534799406
2023-09-19,15.81041431427002,15.98123540836302,15.762964814836353,15.848375361882853,4478136,15.851538179156464
2023-09-20,15.6775541305542,15.83888496133176,15.620612559633393,15.810414175871356,5708099,15.71235055050645
2023-09-21,15.611124992370605,15.753475307572996,15.525714441232678,15.630103707003784,4605347,15.630104913725427
2023-09-22,15.468772888183594,15.74398506668838,15.383362336929174,15.65857451543396,9385386,15.53204009726705
2023-09-25,15.430813789367676,15.658574658093686,15.383362477081539,15.630103870722005,6433757,15.490916974847634
2023-09-26,15.38336181640625,15.535204199118171,15.364383102389365,15.430813126654478,3742825,15.427649705971263
2023-09-27,15.554182052612305,15.772454447513592,15.335911467793322,15.364382252367134,6160602,15.554182655973072
2023-09-28,15.392851829528809,15.800924040652355,15.373873115818839,15.734494017461522,4523721,15.522549662000001
2023-10-09,15.373873710632324,15.46877271310093,15.127131416991341,15.383362162813228,5313800,15.323259280241531
2023-10-10,15.297953605651855,15.630103738431133,15.27897308089805,15.316932320323195,3577500,15.40234347499368
2023-10-11,15.15560245513916,15.440303992472911,15.051211378593417,15.335912915927167,6853096,15.215705942068496
2023-10-12,14.946821212768555,15.288463419715372,14.870900923456205,15.250502370017958,5132868,15.035395185313376
2023-10-13,14.984781265258789,15.04172193441345,14.766510661088594,14.965801645568058,3827600,14.931004620253612
2023-10-16,15.497243881225586,15.706024225909323,15.19356272165561,15.203052984152482,12435574,15.465610276263506
2023-10-17,15.430813789367676,15.459284576739359,14.99427167178887,15.392852739538768,5805995,15.29479001263197
2023-10-18,15.108152389526367,15.487753844523006,15.089171864255906,15.383362765617987,4472571,15.228359366101762
2023-10-19,14.842430114746094,15.241011156235517,14.794979710627462,15.231520894403554,6093740,14.959473660536359
2023-10-20,14.794981002807617,14.95631184787674,14.709570448942639,14.927841059894241,3036617,14.82028776654233
2023-10-23,14.519768714904785,14.832940120683572,14.434358166957626,14.728549953771042,3347535,14.59568900084866
2023-10-24,14.757019996643066,14.851919902593485,14.46282820660199,14.60517942308943,3596344,14.690589368612848
2023-10-25,15.28846263885498,15.535204019038387,14.8519196400436,15.013250472852661,8756632,15.225195432645656
2023-10-26,14.785490989685059,15.27897379588189,14.48180981974318,15.27897379588189,6437955,14.848758201770044
2023-10-27,15.269482612609863,15.35489316276775,14.643139784840313,14.785490098409312,8185966,15.089171853405977
2023-10-30,14.965801239013672,15.364383197144898,14.946820714797324,15.184071837254425,6510970,15.092335050318631
2023-10-31,14.80447006225586,14.918350489806604,14.624158706519623,14.90886022791708,5526484,14.782326419527363
2023-11-01,14.567219734191895,14.823450483797641,14.519769327215649,14.823450483797641,3769622,14.636813181735063
2023-11-02,14.681099891662598,14.785490061013085,14.605179603945656,14.605179603945656,3385511,14.690589852207113
2023-11-03,14.633649826049805,14.804470929907902,14.614669301158353,14.757020522720515,3075070,14.68426335237202
2023-11-06,14.538748741149902,14.700079579560363,14.367928545511527,14.63364955375884,5745900,14.535585622073931
2023-11-07,14.538748741149902,14.624159291489702,14.42486830904391,14.538748741149902,4831205,14.529258780561172
2023-11-08,14.149657249450684,14.472318931081391,14.045267078057728,14.472318931081391,9344036,14.222414419529935
2023-11-09,14.216086387634277,14.28251731531487,14.007306057898647,14.102205960949068,4562800,14.168636586949264
2023-11-10,14.254048347473145,14.358438519024201,14.130677651072128,14.159147533305827,4839800,14.247721505856491
2023-11-13,14.225577354431152,14.310987904938061,14.06424651570504,14.263537498540753,4539408,14.20027059169142
2023-11-14,14.235068321228027,14.396399167938581,14.159148029251446,14.396399167938581,2909600,14.26353850613935
2023-11-15,14.197107315063477,14.310987746128545,14.140166647010334,14.254047983116617,3615418,14.216087236067452
2023-11-16,14.102206230163574,14.292007849970132,14.07373634920907,14.140166373116646,3865101,14.155983476447593
2023-11-17,13.836485862731934,14.0452671110495,13.789035455608682,14.007306966359145,6080355,13.890262809796704
2023-11-20,14.102206230163574,14.121186754160709,13.836485229492071,13.84597549149064,7107420,14.019959404605451
2023-11-21,14.064247131347656,14.254048765245187,14.054757773685793,14.168638210999552,4863735,14.124351223426212
2023-11-22,14.007306098937988,14.130676787802054,14.007306098937988,14.04526624127761,3453625,14.048429661892676
2023-11-23,14.064247131347656,14.111697539822039,13.921896810965773,13.99781710250828,3299078,14.032613827378489
2023-11-24,13.988326072692871,14.121187028126865,13.93138630967917,14.06424636007195,2293462,14.01363313683297
2023-11-27,14.03577709197998,14.092717762523414,13.912406393336923,13.988326684033996,4552901,14.013633749280105
2023-11-28,13.978835105895996,14.035775771080774,13.798524658719677,13.959855487528516,4163057,13.93771184523215
2023-11-29,13.959856986999512,14.102207307689985,13.912406578422265,13.959856986999512,3971408,13.991490291037254
2023-11-30,14.159147262573242,14.244557812682471,13.950366018421928,13.959856280665447,7482598,14.118023697892546
2023-12-01,14.083226203918457,14.111696084049607,13.959855516628574,14.092716465642564,4591035,14.051592601532212
2023-12-04,14.03577709197998,14.206598198569024,13.988326684033996,14.045267354577428,5033468,14.076900658194333
2023-12-05,13.817505836486816,14.092717103657279,13.817505836486816,14.092717103657279,4326709,13.909242925543637
2023-12-06,13.68464469909668,13.817505652355136,13.618214674988051,13.817505652355136,4374807,13.706788342146623
2023-12-07,13.694134712219238,13.75107447326564,13.580254285085253,13.684644450364445,3552496,13.675154490190044
2023-12-08,13.694134712219238,13.836485019876426,13.64668430798645,13.64668430798645,4570104,13.725768013360705
2023-12-11,13.86495590209961,13.902916047220106,13.475864188354194,13.694135701577993,5441533,13.747912045891303
2023-12-12,13.779544830322266,13.902914610433386,13.703623642886042,13.864954469235851,3860700,13.795361027880565
2023-12-13,13.532804489135742,13.808015760006919,13.475863820488742,13.732095471838402,5162830,13.605561356543802
2023-12-14,13.428414344787598,13.608725720465332,13.399944461011588,13.551785047872023,4282596,13.479028175421504
2023-12-15,13.37147331237793,13.589743909082454,13.343003431294992,13.494844003792261,3609285,13.434740217585125
2023-12-18,13.399944305419922,13.485354860797505,13.314533750042337,13.333514275700146,3375157,13.399944305419922
2023-12-19,13.30504322052002,13.466373149197171,13.229122029616212,13.466373149197171,3597392,13.3335127997778
2023-12-20,13.276573181152344,13.599234866734008,13.276573181152344,13.343004113798788,3341387,13.384127076346232
2023-12-21,13.314533233642578,13.3714739033663,13.134222772093063,13.27657308884051,3912456,13.273409969700646
2023-12-22,13.447393417358398,13.513823440670189,13.286062584994456,13.352492608306248,3537460,13.415759814341015
2023-12-25,13.523314476013184,13.599234765580483,13.276573082398833,13.361983634422359,3952402,13.4663741079975
2023-12-26,13.55178451538086,13.68464547618387,13.456884604842637,13.466373962367584,5853800,13.564438198802456
2023-12-27,13.921895980834961,13.97883574357602,13.475863615837676,13.6087245706355,8317594,13.792198446749552
2023-12-28,13.836485862731934,13.931386676978438,13.665664759104722,13.92189641454554,7625051,13.811179099605033
2023-12-29,13.874445915222168,13.921896322030097,13.684645193031685,13.779546006647543,5361871,13.82699581009465
2024-01-02,14.064247131347656,14.130678065228299,13.87444640249139,13.87444640249139,4369855,14.023123866355782
2024-01-03,14.130677223205566,14.17812672381125,13.978835744127261,13.988326006264883,7133024,14.095879897048027
2024-01-04,14.149657249450684,14.282518208075455,14.045267078057728,14.197107656462476,3286196,14.15914751186129
2024-01-05,14.073736190795898,14.206597142156774,13.978835381960819,14.149656475847488,5165432,14.086389571637831
2024-01-08,13.99781608581543,14.130677038885459,13.893425918786892,14.064246109829845,5352800,14.007306347829262
2024-01-09,14.121187210083008,14.225577380314038,13.836485676222381,13.95985637106336,4468789,14.061083422206474
2024-01-10,14.016797065734863,14.17812700001119,13.9693466591636,14.064246567264897,4364179,14.054756908303219
2024-01-11,13.874445915222168,14.064246637412651,13.836485770784071,14.064246637412651,3845066,13.92505944113963
2024-01-12,14.064247131347656,14.121187802525169,13.88393666519452,13.89342692789765,4862429,14.023123866355782
2024-01-15,14.273028373718262,14.32047878215311,13.93138706206163,13.99781709084566,5482301,14.174964739311001
2024-01-16,14.206597328186035,14.301497233222602,14.045266494078554,14.263537090199735,3051982,14.184453685162396
2024-01-17,14.03577709197998,14.415378545465348,14.026286829382533,14.206598198569024,4572654,14.15914748894262
2024-01-18,13.883935928344727,14.007306621814074,13.352493010710715,13.997816359614612,6743620,13.747911853623172
2024-01-19,13.826995849609375,13.902916140358979,13.684645530714183,13.845976374817404,3428276,13.804852506894179
2024-01-22,13.295553207397461,13.902915505667162,13.191162133601445,13.808015599083127,4987147,13.463210282222022
2024-01-23,13.37147331237793,13.428413074543805,13.02983111921787,13.267082240005156,4303504,13.276572502046534
2024-01-24,13.580254554748535,13.608724435837063,13.172182337301104,13.34300343391467,5115970,13.453720442628901
2024-01-25,14.159147262573242,14.25404807492599,13.599234460782714,13.599234460782714,8791368,14.004143266093982
2024-01-26,14.500788688659668,14.576708977209622,14.140166865526773,14.23506767873483,9595368,14.40588817713202
2024-01-29,14.595688819885254,14.804470056162955,14.472318130495758,14.491298654266998,8151190,14.624159002181322
2024-01-30,14.367928504943848,14.719060062539544,14.348947980459162,14.472318674485956,5818411,14.478645515980851
2024-01-31,14.586199760437012,14.71906072266474,14.197108041463053,14.36792914932138,9584265,14.500789508188268
2024-02-01,14.339457511901855,14.700079326551297,14.31098763062567,14.51976887174718,7704845,14.450174823026273
2024-02-02,13.665664672851562,14.519769280555558,13.352493254872469,14.36792870275251,9399325,13.845975736093196
2024-02-05,13.589744567871094,13.836485962661015,13.200652855724583,13.532804802944955,12573100,13.542294462085565
2024-02-06,13.694134712219238,13.82699475802163,13.380963311340482,13.523313618997669,10669487,13.634030927193784
2024-02-07,13.380963325500488,13.77005501154698,13.210142232098152,13.732094869128813,15152184,13.453720189715206
2024-02-08,13.456883430480957,13.475863048915778,12.640739021836673,13.305042862837697,16914596,13.191161833744468
2024-02-19,13.921895980834961,13.921895980834961,13.46637335370043,13.513823759345453,12863285,13.770055105123452
2024-02-20,13.817505836486816,13.921896005054505,13.684644881457858,13.855465980060632,7206695,13.80801557433306
2024-02-21,14.092717170715332,14.121187052270859,13.675154684375247,13.71311482812969,8761918,13.963019635787147
2024-02-22,14.292007446289062,14.329967588169941,13.95036526431998,14.045266071542764,9599892,14.190780099592994
2024-02-23,14.121187210083008,14.329968455586297,14.026286397115722,14.329968455586297,7885414,14.159147354261677
2024-02-26,13.893425941467285,14.22557696712278,13.864955155379317,14.111696537894508,7316946,13.994652687989793
2024-02-27,13.902915000915527,13.912405262741748,13.68464440915957,13.89342564413049,8916926,13.833321557605615
2024-02-28,13.646685600280762,13.969347293569268,13.646685600280762,13.855466855651196,8963577,13.754239498043598
2024-02-29,13.85546588897705,13.85546588897705,13.494844074875871,13.532804218200143,6771450,13.735258617609992
2024-03-01,13.770054817199707,14.007305930225032,13.722604413586408,13.893425504577817,6853043,13.833321720337048
2024-03-04,13.902915000915527,13.950365405005444,13.78903457412444,13.826994716388135,7479705,13.880771660015137
2024-03-05,13.703624725341797,13.855466207167119,13.58025493548564,13.845975944857805,7628345,13.713115289331519
2024-03-06,13.883935928344727,13.950365953658522,13.646684803605497,13.713114828919291,9235573,13.826995561869582
2024-03-07,14.130677223205566,14.235067391595766,13.85546595650303,13.874445575737061,14500021,14.073736857101453
2024-03-08,14.11169719696045,14.178127224185824,13.931386735188184,14.14016707933686,8629438,14.073737052111484
2024-03-11,13.741584777832031,14.111696860054206,13.618214988799194,14.045266834414798,13131378,13.823832208895142
2024-03-12,13.637195587158203,13.73209640634774,13.50433462130111,13.73209640634774,10963050,13.624542204935684
2024-03-13,13.494844436645508,13.61821513201701,13.38096400361979,13.580254987675104,10906674,13.498007857427437
2024-03-14,14.026287078857422,14.092718013179859,13.504334392250525,13.504334392250525,20073155,13.874446494762601
2024-03-15,14.567219734191895,14.595689616361147,13.893426489244673,14.026286542728675,19283600,14.352111946599237
2024-03-18,14.889880180358887,15.022741135937956,14.348947905931993,14.567219411166091,14823112,14.753856407409613
2024-03-19,14.956311225891113,15.117642064250997,14.757020243507798,14.889880295069192,10772579,14.94365784454997
2024-03-20,15.051210403442383,15.16509082998945,14.738039004177653,14.956310500507083,6896659,14.984780079203162
2024-03-21,15.193562507629395,15.278973058815614,14.908860972022406,15.098661694079988,7318170,15.127132179489138
2024-03-22,14.776000022888184,15.297953592680487,14.728550521126369,15.212543041443245,9578005,14.934168045565015
2024-03-25,15.241011619567871,15.440303503932903,14.804470422520767,14.804470422520767,12540772,15.161928515340513
2024-03-26,15.316932678222656,15.440304281922664,15.013251515395726,15.373874253814588,11274730,15.256829491847014
2024-03-27,15.93378734588623,16.161548221856265,15.373874513678942,15.49724430938176,23650404,15.82307002714048
2024-03-28,16.408288955688477,16.702479848918777,15.867354860927481,15.933786697537842,20327105,16.326041221844914
2024-03-29,18.050065994262695,18.050065994262695,16.37032759764933,16.417777098537076,14820733,17.490153195391574
2024-04-01,18.315786361694336,18.989580506609048,17.7653638170136,18.220887358538917,26552043,18.356910228438995
2024-04-02,18.1639461517334,18.97060036543829,18.03108609656406,18.325276994474375,23419132,18.388544204578583
2024-04-03,18.828248977661133,18.97059928726402,18.0310850717861,18.315785690991873,31140684,18.60997777890375
2024-04-08,17.442703247070312,18.012106352618055,17.22443262980316,17.31933344907488,44154044,17.55974740983051
2024-04-09,17.38576316833496,17.566074540715395,16.996671445359972,17.480663985907956,27466222,17.316169718136777
2024-04-10,17.632503509521484,17.9172041350352,17.376271860509682,17.376271860509682,18473730,17.641993168355455
2024-04-11,17.860265731811523,18.059557632910952,17.461683739695236,17.56607482170363,12524158,17.79383570147257
2024-04-12,17.96465492248535,18.182925516357212,17.67046404335013,17.831794875795065,10265176,17.939348160730898
2024-04-15,18.201906204223633,18.41068653805874,17.594543916643396,17.670464202590924,13856029,18.069045552975258
2024-04-16,17.689443588256836,18.23986613479883,17.556583535324016,18.135476868958385,14783543,17.82863108612656
2024-04-17,18.524566650390625,18.524566650390625,17.414231410329243,17.70842227271476,15132224,18.1544549037035
2024-04-18,17.98363494873047,18.410685862739854,17.831794382405047,18.37272662619966,13389886,18.075371731291792
2024-04-19,18.486608505249023,18.847231253857995,18.021596485270134,18.021596485270134,18335593,18.45181208145905
2024-04-22,17.46168327331543,18.315787002157553,17.39525324475074,18.12598717912737,19611901,17.724241173407908
2024-04-23,17.585054397583008,17.68944366386966,17.053610563415162,17.24341219134403,15181819,17.442702874955945
2024-04-24,17.613523483276367,17.717914560288914,17.32882284971077,17.499643953883123,10383148,17.553420297758684
2024-04-25,17.46168327331543,17.746385722984485,17.39525324475074,17.55658408987178,6746897,17.534440747016884
2024-04-26,17.69893455505371,18.116497065282232,17.613524000459638,17.67046557691071,11210709,17.809651873598526
2024-04-29,16.93973159790039,17.641994748452618,16.816359992620285,17.641994748452618,14993909,17.13269544632443
2024-04-30,16.996671676635742,17.490154486664157,16.79738158609498,16.90177085777142,11428949,17.09473591646496
2024-05-06,17.281370162963867,17.38576123167393,16.427266520113612,16.79737948641185,15091899,17.031465971583803
2024-05-07,17.12952995300293,17.708423258710834,17.053609667834873,17.17698126253445,14149365,17.297187626516212
2024-05-08,17.101062774658203,17.32882365409964,17.00616195570363,17.00616195570363,7050150,17.145349461487157
2024-05-09,17.300352096557617,17.414233436258712,17.101062014683812,17.176982304457045,6416820,17.27188251583338
2024-05-10,17.12004280090332,17.48066373030871,17.101062275649742,17.442702679801556,7178350,17.23392293562059
2024-05-13,17.49015235900879,17.670463711908088,16.84482904133327,16.892278539951974,13113092,17.335148370750048
2024-05-14,17.17698097229004,17.623012413855346,17.13901992530626,17.461681584338983,12721339,17.31300443715055
2024-05-15,17.08207893371582,17.34780081320322,17.0441178894681,17.139018690005187,5527801,17.157999212129045
2024-05-16,17.158000946044922,17.58505368657687,17.063100135917555,17.139020422002968,10432401,17.26871825617978
2024-05-17,17.271883010864258,17.328822775316432,16.920750541563816,17.176982196722317,7695254,17.173818775914835
2024-05-20,17.841285705566406,17.98363784323037,17.129532257577065,17.37627367008995,14795493,17.65148526879128
2024-05-21,17.25290298461914,17.841284791154646,17.233922459225727,17.841284791154646,10044852,17.442703411666503
2024-05-22,16.949222564697266,17.44270357606947,16.901771249125105,17.12953213362365,9271972,17.097899129963945
2024-05-23,16.645540237426758,16.873301106218054,16.522168635529923,16.84483031883821,8233467,16.68033665972491
2024-05-24,16.92074966430664,17.16749104425038,16.531657975571388,16.588597737071517,7964993,16.873299561376136
2024-05-27,17.36678123474121,17.442701520627637,16.86381001952453,16.89227899543044,7355179,17.22443092496446
2024-05-28,17.35729217529297,17.78434308967572,17.3003506053094,17.395251411866347,8855640,17.480661956759363
2024-05-29,17.480661392211914,17.670462999196058,17.29085978522777,17.366780066004974,5361800,17.480661392211914
2024-05-30,17.414234161376953,17.784345363172363,17.30035281693391,17.414234161376953,9766871,17.499644113827742
2024-05-31,17.14851188659668,17.556584131703534,17.07259159518721,17.08208185787371,4445130,17.259229204495806
2024-06-03,16.987180709838867,17.224431842127352,16.83534012998084,17.08208152477076,5865701,17.015650893982354
2024-06-04,16.911258697509766,16.97768871817149,16.56012807113142,16.892278174440044,5753203,16.816358495604224
2024-06-05,16.47471809387207,16.987179563799092,16.446247308288537,16.844829256046165,7076528,16.636048321986568
2024-06-06,16.569618225097656,16.844830407639535,16.474719220162864,16.550639510160195,9391060,16.62972261763335
2024-06-07,16.768909454345703,17.08208086445746,16.6360494046263,16.69298916735141,6545127,16.829013241143155
2024-06-11,16.34185791015625,16.920751272349534,16.20899785066896,16.797381475694557,8823776,16.490535677724917
2024-06-12,16.332250595092773,16.418715597778775,16.1112852915304,16.34185802121668,12671221,16.287417161467317
2024-06-13,16.245784759521484,16.524394605543595,16.120891891172,16.293820055249192,9522258,16.297023752079028
2024-06-14,16.14971160888672,16.351463873208036,16.05363918932557,16.188141309682777,5705107,16.184938223806775
2024-06-17,16.17853546142578,16.457143489637502,16.092070458635792,16.168928035290318,7403659,16.242583136566356
2024-06-18,16.380285263061523,16.447537243341397,16.00560482079057,16.28421467037704,7812676,16.277809109064496
2024-06-19,16.485965728759766,16.65889573392767,16.341858001929566,16.380285873950676,6334435,16.495573154872336
2024-06-20,16.30342674255371,16.77417958259693,16.12089116111158,16.572429150762257,9572384,16.399499162087405
2024-06-21,16.20735740661621,16.418715279963443,16.06324784997628,16.31303542707526,5628257,16.22977351218531
2024-06-24,16.015213012695312,16.255393170754672,15.88071271055941,16.226570892113042,6057811,16.050439631336463
2024-06-25,16.47635841369629,16.678110698561692,15.976783247050621,15.976783247050621,9870311,16.377084119769535
2024-06-26,16.514787673950195,16.562822971114873,16.14971281875378,16.437930099029234,7324801,16.40910782127295
2024-06-27,16.063247680664062,16.437929958577822,16.024819809746486,16.42832253274115,6008638,16.175332482996122
2024-06-28,16.524394989013672,16.62046558269853,15.995997561601369,16.13049969113258,7426401,16.380286044437856
2024-07-01,16.879859924316406,16.956717495720465,16.457142365379575,16.524394343733537,7334200,16.76457326180548
2024-07-02,16.34185791015625,16.93750366635713,16.265000334116486,16.899075794551827,8551237,16.51478730354329
2024-07-03,15.976781845092773,16.428321673658523,15.899924274847605,16.236176831831095,6230422,16.101675931199633
2024-07-04,15.726998329162598,16.05364167434684,15.621318468043732,15.851891211224578,10444636,15.800652823851058
2024-07-05,15.726998329162598,15.726998329162598,15.726998329162598,15.726998329162598,0,15.726998329162598
2024-07-08,15.42917251586914,15.65974524286107,15.275457364541188,15.650139649278575,7741453,15.454791707757133
2024-07-09,15.659744262695312,15.688566538926207,15.150563542952748,15.534851397219503,8042092,15.499624781524757
2024-07-10,15.361922264099121,15.688567416606949,15.333100902470362,15.640532119297205,5075938,15.46119686105881
2024-07-11,15.534852027893066,15.592494750265963,15.275457028571374,15.371529454145605,6924082,15.467601268910135
2024-07-12,15.294672012329102,15.717389589050843,15.246635799126919,15.534852162125457,5912356,15.419565800168954
2024-07-15,15.361922264099121,15.467602117095517,15.102528177011155,15.371529690046897,4560300,15.310684186068599
2024-07-16,15.361922264099121,15.51563741440526,15.246635901369517,15.275457262998277,4122921,15.374731859957967
2024-07-17,15.01606273651123,15.361921814579535,14.996847885177944,15.275456816008825,7444707,15.124944145422903
2024-07-18,15.10252857208252,15.131349934465225,14.747062048647182,15.064099783500716,7681300,14.993646851731642
2024-07-19,14.968027114868164,15.064099542895491,14.814311962996099,15.035277264758548,6553020,14.948812873586585
2024-07-22,14.891169548034668,14.939205762077696,14.612560606042603,14.871954695931628,6888426,14.814311972051655
2024-07-23,14.5357027053833,14.996848150981016,14.5357027053833,14.871954363744663,5743241,14.689417853915872
2024-07-24,14.631773948669434,14.766275159293492,14.458844867826546,14.564523801464674,4429100,14.618964658596491
2024-07-25,14.381987571716309,14.57413150758063,14.314736507002879,14.526095294560909,4888631,14.423618528766605
2024-07-26,14.516487121582031,14.650988327871849,14.391593340644596,14.401200765996977,3735350,14.519689596699493
2024-07-29,14.574131965637207,14.679810904630372,14.468453026644042,14.583739391786018,2914410,14.574131965637207
2024-07-30,14.151413917541504,14.50688134378384,14.122592556245888,14.50688134378384,6353652,14.260295939190412
2024-07-31,14.526095390319824,14.593345539262023,14.112985238327315,14.22827251682046,8339260,14.410808722636387
2024-08-01,14.410808563232422,14.756667638912768,14.276307353471687,14.583738559179862,8577514,14.481261185205625
2024-08-02,14.007306098937988,14.410808819171969,13.94966337674145,14.410808819171969,11313973,14.122592764950468
2024-08-05,13.632624626159668,13.97848462131399,13.574981904443643,13.843983410285695,10498590,13.7286970506391
2024-08-06,13.815162658691406,13.882412809064087,13.690268867846008,13.709483720075108,7295877,13.795948111867167
2024-08-07,14.084163665771484,14.209057452088825,13.738304584118158,13.795947306286438,7957412,14.010508567326156
2024-08-08,13.997698783874512,14.266701210301065,13.949663487069001,14.151413932567081,5582173,14.071354493748194
2024-08-09,14.16102123260498,14.247486232030019,13.997698659516473,14.036127446348207,5366083,14.135402041383825
2024-08-12,14.132200241088867,14.218665242774948,14.016913877578952,14.122592815076064,4359805,14.122593120480923
2024-08-13,14.276307106018066,14.343558167840026,14.112984538501834,14.25709317136502,6753100,14.244283270786644
2024-08-14,13.997698783874512,14.218664997280998,13.930448635375152,14.218664997280998,6165400,14.048937472176888
2024-08-15,13.997698783874512,14.141807422934713,13.882412422355085,13.997698783874512,5343800,14.007306209721436
2024-08-16,13.872804641723633,14.064949488889969,13.815161920545359,14.064949488889969,6021841,13.917638683719654
2024-08-19,14.055342674255371,14.228272677736292,13.863198734951332,13.920841458635257,7868815,14.048938028980999
2024-08-20,13.661447525024414,14.036127981875554,13.61341131059836,13.997699193577628,7549182,13.770328939166111
2024-08-21,13.728697776794434,13.767126565375921,13.565375196269464,13.690268988212946,5949782,13.687066512813274
2024-08-22,13.565374374389648,13.680660733149303,13.469302866863869,13.680660733149303,4789500,13.571779324800941
2024-08-23,13.507732391357422,13.757519057547707,13.469303603003947,13.671054054698745,5071400,13.578185017303026
2024-08-26,13.805554389953613,13.824769241009932,13.574981674564942,13.574981674564942,5364800,13.735101768509494
2024-08-27,13.795947074890137,13.882412072906849,13.642231930066888,13.757518288684325,6296000,13.773530359287959
2024-08-28,13.988092422485352,14.18984378633611,13.623018482364234,13.71908999320796,9718101,13.933651563728565
2024-08-29,14.007306098937988,14.10337852421829,13.81516216459194,14.026520950479869,6609271,13.975282262582738
2024-08-30,14.228272438049316,14.381987586903088,13.940056075841214,13.959270011340656,8585923,14.18343870026454
2024-09-02,14.007306098937988,14.266701097466068,13.911233673657689,14.141807311087499,8941025,14.06174695668725
2024-09-03,13.901627540588379,14.17062905595801,13.843983900616172,13.978485116408274,6133177,13.972080165720854
2024-09-04,13.2771577835083,13.699875340998464,13.161871426796761,13.690267915552207,11988623,13.379634850434508
2024-09-05,13.440481185913086,13.526946187869992,13.315587395999174,13.334802248084966,5912210,13.427671589927419
2024-09-06,13.181087493896484,13.498125233159637,13.161872641231032,13.450089017710608,4509349,13.280361789429051
2024-09-09,12.92169189453125,13.21951568384484,12.864049171576726,13.11383583140394,6979472,13.001752249984271
2024-09-10,12.892870903015137,13.046586056924147,12.681512108282956,12.873656050669217,4682346,12.873656356074079
2024-09-11,12.652690887451172,12.806406043078903,12.614262098544238,12.79679861679852,5810755,12.691119676358104
2024-09-12,12.710332870483398,12.796797869528518,12.643082722876994,12.700726360978587,3597200,12.71673782096297
2024-09-13,12.652690887451172,12.82562089563967,12.643083461170788,12.758369827891588,4899896,12.707131748087209
2024-09-18,12.864049911499023,12.87365642173429,12.556618678605142,12.729548689844538,4569040,12.76477500394615
2024-09-19,12.777584075927734,12.91208437263131,12.556617863006126,12.854441650105365,6818693,12.748762103855057
2024-09-20,12.825620651245117,12.998549739923822,12.681512008429186,12.777584436973141,7178842,12.835227466532709
2024-09-23,12.912083625793457,12.960119835929689,12.796797271195198,12.825619547005639,4028371,12.88966691097278
2024-09-24,13.354015350341797,13.354015350341797,12.892869923644389,12.892869923644389,8398458,13.200300208109327
2024-09-25,13.574982643127441,13.853591589820875,13.498125065847502,13.5653752169138,9605332,13.642233099598606
2024-09-26,13.901627540588379,13.901627540588379,13.488517383395516,13.584589811277672,8782722,13.763924154857426
2024-09-27,14.237878799438477,14.295522437765701,13.949663356446003,13.959269865988418,9469523,14.161021531216727
2024-09-30,15.448387145996094,15.48681684949066,14.554916696467712,14.602952909621361,23075738,15.163373563984822
2024-10-08,16.687719345092773,16.99514967553239,15.92874911344433,16.99514967553239,33731492,16.537206044689828
2024-10-09,15.01606273651123,16.409107390665632,15.01606273651123,16.409107390665632,25009697,15.480410954562698
2024-10-10,15.352313995361328,15.775031551712013,14.795096147983665,15.016062351579368,19428761,15.307480565019
2024-10-11,15.169777870178223,15.592494520812274,15.083312871676714,15.390744079261472,9716785,15.281861754222405
2024-10-14,15.237028121948242,15.4195646296486,14.987241466602683,15.131349187617989,8860210,15.214611406066508
2024-10-15,14.708633422851562,15.16977889093689,14.679811143935279,15.16977889093689,9687610,14.852741152574575
2024-10-16,14.670204162597656,14.795097035697916,14.458845371740665,14.602953096834549,6578268,14.641382190012079
2024-10-17,14.381987571716309,14.852740443637531,14.3627727200226,14.78549029513866,6594086,14.532500245125481
2024-10-18,14.833525657653809,15.035277020258707,14.343558848082964,14.420416422769158,9960593,14.737453841998493
2024-10-21,14.7278470993042,14.891169678755459,14.545310583795809,14.84313346429075,7293000,14.721442453951823
2024-10-22,14.833525657653809,14.94881293589766,14.69902536006025,14.737454147403348,6092159,14.827121317870573
2024-10-23,15.04488468170166,15.140957109670861,14.843133315937996,14.968027105812128,8913305,15.009658369103505
2024-10-24,14.785490989685059,14.99684887095704,14.660597196452743,14.99684887095704,5496764,14.814312352364945
2024-10-25,14.814311981201172,14.91999091918944,14.69902561715545,14.766275767128477,4184200,14.811109505848686
2024-10-28,14.987241744995117,14.987241744995117,14.689417955492896,14.823919169496248,7436971,14.887967148494377
2024-10-29,14.766275405883789,15.246635702429968,14.71823919298626,14.900776618753959,10280598,14.910383433766674
2024-10-30,14.5357027053833,14.785490279856008,14.38198755685073,14.756668002345235,7961200,14.567726847363346
2024-10-31,14.487666130065918,14.631773849157323,14.458844769490543,14.564523702409938,6225286,14.526094916237929
2024-11-01,14.814311981201172,14.987241985377043,14.478059398906884,14.478059398906884,10475801,14.759871121828366
2024-11-04,14.843132972717285,14.968026759703474,14.631774185801078,14.910384037226498,7161200,14.814311306073947
2024-11-05,15.073705673217773,15.112134460218273,14.785490228821306,14.852740377018542,10513733,14.990443454085785
2024-11-06,15.54446029663086,15.7077828792349,15.083313911568101,15.083313911568101,21743030,15.445185695811288
2024-11-07,15.515637397766113,15.54445967557853,15.09292073487756,15.371529673562293,16902378,15.3843392694074
2024-11-08,15.169777870178223,15.63092422344809,15.131349083756945,15.51563694796972,14574301,15.31068372579442
2024-11-11,15.04488468170166,15.06409953378133,14.708633016238604,15.006455893756895,13829350,14.9392057439072
2024-11-12,14.833525657653809,15.179385659956242,14.737454147403348,15.016063084694439,9878503,14.9167884883378
2024-11-13,14.93920612335205,14.958420059705166,14.64138232205468,14.699025963543223,6867208,14.846336168370632
2024-11-14,14.69902515411377,15.11213438321039,14.6702037930639,14.919990449187015,10577720,14.827121110129355
2024-11-15,14.843132972717285,15.064099185451175,14.612560250380271,14.69902525031029,11264919,14.839930802849578
2024-11-18,14.900776863098145,15.22742201670023,14.804704435727682,14.843133223432954,11664942,14.977634438508685
2024-11-19,14.910384178161621,15.025670540419831,14.622167814408812,14.891169326344636,8399853,14.852740844330087
2024-11-20,14.891169548034668,14.919990909974654,14.756668331957108,14.91038440013771,7284293,14.855942929988808
2024-11-21,14.775882720947266,14.939205293845877,14.69902514737316,14.891169081308425,7141406,14.804704387388767
2024-11-22,14.314736366271973,14.8335254461126,14.314736366271973,14.727846511479813,8776200,14.487666059552183
2024-11-25,14.468453407287598,14.689418717236007,14.247487181124578,14.276308544114672,7640923,14.468453101882728
2024-11-26,14.237878799438477,14.554916519701836,14.2186648641391,14.554916519701836,5256300,14.33715339442647
2024-11-27,14.381987571716309,14.410808933042318,14.07455635811884,14.247486358504007,6135135,14.289117620959155
2024-11-28,14.228272438049316,14.372380161046088,14.189843650835874,14.362772735189088,5025685,14.263498749977094
2024-11-29,14.276307106018066,14.401200888013687,14.218664385844406,14.305129382319414,5210401,14.298724126625387
2024-12-02,14.430024147033691,14.430024147033691,14.247486716218663,14.276308078268297,6964709,14.369178336762014
2024-12-03,14.458845138549805,14.554916648324772,14.285915138254486,14.420416351396907,6664200,14.433225641709688
2024-12-04,14.564523696899414,14.727846267122299,14.37237976611206,14.420415977862532,8349603,14.554916576711257
2024-12-05,14.305130004882812,14.487666514996135,14.266701217689768,14.430023792313847,7573725,14.353165912522906
2024-12-06,14.401201248168945,14.449237460324664,14.30512974007205,14.30512974007205,5791689,14.38518948285522
2024-12-09,14.353164672851562,14.631773596847957,14.324343312773182,14.391593458360909,9113361,14.436427194157567
2024-12-10,14.32434368133545,14.689417611174777,14.285914894837338,14.641381398998503,12422626,14.433225395782522
2024-12-11,14.5357027053833,14.56452406667952,14.2667011954513,14.2667011954513,9126500,14.45564265583804
2024-12-12,14.545310974121094,14.602953700053925,14.458845969007236,14.602953700053925,4792954,14.535703547727417
2024-12-13,14.391593933105469,14.545309996428102,14.353165146328447,14.545309996428102,9585938,14.43002302528734
2024-12-16,14.506881713867188,14.727847016461523,14.314736857089148,14.314736857089148,9123349,14.516488529139286
2024-12-17,14.353164672851562,14.564523451260229,14.314735887342216,14.516487240319917,7089171,14.410808003818003
2024-12-18,14.468453407287598,14.554917496257882,14.362773549299567,14.391594912289662,5904510,14.462048150948348
2024-12-19,14.045735359191895,14.401201878766043,13.968877782863137,14.401201878766043,14428101,14.138605006940358
2024-12-20,13.863199234008789,14.084164543109258,13.815163018399893,14.045735753865063,10293279,13.920842265172647
2024-12-23,13.988092422485352,14.247486509599431,13.863198633795397,13.863198633795397,19605722,14.032925855293394
2024-12-24,14.170628547668457,14.199449908513474,13.91123355141968,13.988092040697294,9628401,14.093770669200538
2024-12-25,14.18023681640625,14.276308330339516,14.074556960000683,14.20905817896477,6358822,14.177034035582148
2024-12-26,14.18023681640625,14.247486967780997,14.074556960000683,14.199450752707065,5127821,14.16742691472931
2024-12-27,14.276307106018066,14.295521956885631,14.141806814803182,14.218664385844406,5034021,14.237878625902292
2024-12-30,14.545310974121094,14.564524910693835,14.257094595813102,14.295523385173194,8827801,14.455643493542675
2024-12-31,14.650989532470703,14.871954836456112,14.583739381903767,14.593345891831483,13708923,14.702227916943528
2025-01-02,14.430024147033691,14.795097176234584,14.343559144670213,14.574131873496434,13022079,14.52289348931283
2025-01-03,14.823919296264648,15.016063234902175,14.449237928760544,14.449237928760544,21739872,14.763073486642455
2025-01-06,14.862348556518555,15.04488507497404,14.612560970240859,14.987242349657402,14768926,14.83993153391115
2025-01-07,14.948813438415527,15.140957381590104,14.72784721660382,14.823919646298405,11797649,14.939206012203151
2025-01-08,14.795096397399902,15.150563814229582,14.650988678523193,14.891168820794064,11079988,14.865549630050893
2025-01-09,14.228272438049316,14.78549031075152,14.218665012192316,14.699025310467634,11641210,14.410809253664384
2025-01-10,13.978485107421875,14.295522836528768,13.949663745561587,14.228272686783237,6550800,14.07455722983741
2025-01-13,14.247486114501953,14.391593834878568,14.064949607610604,14.180235967154806,9283293,14.234676518997041
2025-01-14,14.871953964233398,14.871953964233398,14.036127179379772,14.180235814418728,13076147,14.593345035948857
2025-01-15,14.97763442993164,15.285064731397753,14.708632916148792,14.948813068222835,11942282,14.990444025826063
2025-01-16,15.188993453979492,15.27545754043616,15.035277384666946,15.131349813460465,9345107,15.166576126360866
2025-01-17,15.237028121948242,15.285064334358193,14.929597828467834,15.102527826657836,11183839,15.15056342825809
2025-01-20,15.237028121948242,15.544459331643198,15.150564039067786,15.227421612437888,12653986,15.31068383088641
2025-01-21,14.795096397399902,15.342707744803372,14.737453676335031,15.237027895826888,7108541,14.9584192728461
2025-01-22,14.439630508422852,14.919990813311838,14.39159429469104,14.910384303537132,7280100,14.583738538808575
2025-01-23,14.487666130065918,14.64138127475396,14.449237343893907,14.554916276813302,6723450,14.526094916237929
2025-01-24,14.478058815002441,14.612560025738597,14.35316502993627,14.487666240672425,8292702,14.481261290225769
2025-01-27,14.420416831970215,14.593345921813995,14.401201979646137,14.47805955651328,7563361,14.471654911143448
2025-02-05,13.834376335144043,14.449237851720392,13.747912250379091,14.362772850740875,21182212,14.010508812414509
2025-02-06,13.997698783874512,14.016913635568361,13.757518634988733,13.843983635181942,8584057,13.924043684810535
2025-02-07,14.084163665771484,14.151413813705995,13.920841092603776,13.968877305220376,8574395,14.052139524027085
2025-02-10,14.074556350708008,14.122592563702435,13.968877415091915,14.036127563555379,7718028,14.05534210983412
2025-02-11,14.112984657287598,14.170628294160949,14.055341936628773,14.161020868646304,6633500,14.112984962692439
2025-02-12,13.997698783874512,14.122592571240864,13.87280499650816,14.084163784067721,10022949,13.997698783874512
2025-02-13,13.88241195678711,14.007305739964957,13.863198021952186,13.940055593720933,9742212,13.917638572901417
2025-02-14,13.815162658691406,13.901627661293187,13.78634129656234,13.882412809064087,8484859,13.834377205515644
2025-02-17,13.834376335144043,13.843983761078338,13.747912250379091,13.786341037901703,6753009,13.808757448867157
2025-02-18,13.786341667175293,13.9304493979092,13.767126814429648,13.834376966610192,8330931,13.827972626504712
2025-02-19,13.7767333984375,13.815162185364493,13.594195973373377,13.747912037295896,8019406,13.728697185725125
2025-02-20,13.853590965270996,13.920841113305514,13.767125965675445,13.786340817236479,7883473,13.847186014750653
2025-02-21,13.815162658691406,13.892020235178638,13.747912508318723,13.882412809064087,6250948,13.818365134062923
2025-02-24,13.671052932739258,13.776732779199287,13.642231572893118,13.747911419353148,7811156,13.69667242827722
2025-02-25,13.594195365905762,13.719089146891143,13.574981431408132,13.632624151115532,5311566,13.629421981401679
2025-02-26,13.642231941223145,13.709483004299212,13.555766943135724,13.57498179436161,6630312,13.635827296219361
2025-02-27,13.594195365905762,13.632624151115532,13.536552646198361,13.623017641973972,7779401,13.587790721073219
2025-02-28,13.872804641723633,13.911233427913993,13.555766926599524,13.594195712789885,17585403,13.779934998745716
2025-03-03,13.699875831604004,14.064949765704782,13.671053554233076,13.968877340230794,15716267,13.81195971718062
2025-03-04,13.536553382873535,13.632624893019031,13.47890974381459,13.623018383354673,8631443,13.54936267323572
2025-03-05,13.498125076293945,13.546161291184731,13.430874008961005,13.517339012521504,5772643,13.491720125479894
2025-03-06,13.411659240722656,13.507731664544245,13.344409093776266,13.507731664544245,12028482,13.421266666347721
2025-03-07,13.40205192565918,13.507731775977652,13.354015713352107,13.40205192565918,8695559,13.42126647166298
2025-03-10,13.373230934143066,13.459695935441141,13.30598078478437,13.402052295837569,8276810,13.379635884789527
2025-03-11,13.440481185913086,13.459696037998876,13.142658308299938,13.305980886170856,9737380,13.347611844070633
2025-03-12,13.440481185913086,13.478909973870092,13.363623609999076,13.450088611955982,5192261,13.427671589927419
2025-03-13,13.478909492492676,13.574981917061406,13.382837984138488,13.450088131607874,10567070,13.478909797897524
2025-03-14,13.68066120147705,13.709483479314535,13.498124689579155,13.526946051202072,18135451,13.629423123456915
2025-03-17,14.093770980834961,14.449237485462424,13.930448408950106,13.98809204688016,37759689,14.157818958415831
2025-03-18,14.055342674255371,14.199450399679757,13.940056310672949,14.199450399679757,19715416,14.064949794869358
2025-03-19,13.892020225524902,14.045735378392548,13.843984011200117,14.045735378392548,13795300,13.927246538372522
2025-03-20,14.353164672851562,14.353164672851562,13.853590461230054,13.872804395877468,27901768,14.186639935644394
2025-03-21,14.919990539550781,15.275457048700567,14.430023733877297,14.439630243475737,49991846,14.875157107376216
2025-03-24,14.814311981201172,15.169778499395791,14.478059398906884,15.15056456349546,33864628,14.820716626501282
2025-03-25,14.574131965637207,14.699025756927995,14.478059536578268,14.699025756927995,16973618,14.583739086381158
2025-03-26,14.314736366271973,14.564523938547158,14.21866485739159,14.439630152409565,21950301,14.36597505407024
2025-03-27,13.978485107421875,14.420416626209448,13.892020105626436,14.372380412299252,20759086,14.096973946419254
2025-03-28,13.728697776794434,13.95927050828336,13.719090350595415,13.949663998298933,17107200,13.802352878557736
2025-03-31,13.526946067810059,13.690268644231388,13.478909854236509,13.67105379231614,17042797,13.565374855425986
2025-04-01,13.68066120147705,13.882412565266602,13.61341105228539,13.623018478231218,16620024,13.725494939676347
2025-04-02,13.536553382873535,13.642232318897948,13.450088382392398,13.59419610571792,13082484,13.542958028054628
2025-04-03,13.488516807556152,13.574981805715893,13.354015597506052,13.45008802128677,11420268,13.472504736926032
2025-04-07,12.143508911132812,12.892870734767616,12.143508911132812,12.5374042169381,26222991,12.393296185677746
2025-04-08,12.354866027832031,12.374080878746678,11.922541960612168,12.105079379443247,21724043,12.217162955730293
2025-04-09,12.431723594665527,12.518188591321827,12.009006953052468,12.21075830651233,20801581,12.319639713013274
2025-04-10,12.575833320617676,12.729548476379621,12.508583169025474,12.595047256980619,19881299,12.604654988674257
2025-04-11,12.643082618713379,12.681511405059654,12.345259753583385,12.364473688649253,10712059,12.556617925785472
2025-04-14,12.883262634277344,12.960120206205367,12.681511278912652,12.719940064876663,11378103,12.841631373131788
2025-04-15,12.825620651245117,12.883263375399826,12.739155648798475,12.883263375399826,7219020,12.816013225147806
2025-04-16,12.883262634277344,12.902477485366614,12.691118704457287,12.816012487893957,7045060,12.825619608033747
2025-04-17,12.796797752380371,12.873655325002542,12.76797639170069,12.873655325002542,5266700,12.812809823027868
2025-04-18,12.85444164276123,12.96972800396181,12.806405429874015,12.85444164276123,6635800,12.876858358865684
2025-04-21,12.873655319213867,12.902477596095125,12.787191237213706,12.864048809801318,5110000,12.854441384174232
2025-04-22,12.806405067443848,12.940906276478659,12.796797641895392,12.873655213853988,7584656,12.848036328605966
2025-04-23,12.767976760864258,12.864049187527003,12.719940547532884,12.84483433570863,8841344,12.783988831974716
2025-04-24,13.190692901611328,13.37323032181928,12.931298825808618,12.96972761171326,28819894,13.165074016413074
2025-04-25,12.92169189453125,13.257944471219377,12.864049171576726,13.200300832050289,14107688,13.014561845775782
2025-04-28,12.81601333618164,12.921692275523894,12.73915575916644,12.921692275523894,6901500,12.825620456957324
2025-04-29,12.710332870483398,12.835226656191399,12.671904083820518,12.787191360023705,7879862,12.739154536831771
2025-04-30,12.806405067443848,12.83522642787469,12.681511283957494,12.691118709505952,6961125,12.774380926425344
2025-05-06,12.931299209594727,12.950513145010031,12.729547848553967,12.796797996829369,11111644,12.870453401052908
2025-05-07,13.008156776428223,13.094621776285248,12.8736555637379,13.017764202237792,11194715,12.99214470548379
2025-05-08,12.92169189453125,12.979335533700338,12.883263107156713,12.92169189453125,8128751,12.928096845129433
2025-05-09,12.85444164276123,12.96972800396181,12.81601285569437,12.921691791074597,6185296,12.880060834139137
2025-05-12,12.97933578491211,12.97933578491211,12.835227142307486,12.883263356509028,9343635,12.93129957071057
2025-05-13,12.96012020111084,13.075406558957557,12.931298840702793,13.036977773008651,8257900,12.98894186692373
2025-05-14,13.094621658325195,13.094621658325195,12.883262873491397,12.950513021123474,10280520,13.024168730047263
2025-05-15,12.92169189453125,13.094621895823952,12.92169189453125,13.094621895823952,7413564,12.979335228295483
2025-05-16,12.825620651245117,12.950513525651845,12.806405799050495,12.91208473747718,7216080,12.860846658649152
2025-05-19,12.844834327697754,12.864049179504145,12.767976752901316,12.85444175360095,4722772,12.825620086701072
2025-05-20,12.988943099975586,13.008157035763228,12.79679824481173,12.854441884603801,7304300,12.931299460183515
2025-05-21,13.0177640914917,13.046585452460663,12.979335304794896,13.036978026732827,5977031,13.014561616249088
2025-05-22,13.027372360229492,13.075407659547981,12.950513865647778,12.988943571045938,6975400,13.017764628475083
2025-05-23,12.758369445800781,13.113835961597964,12.710333232052065,13.104229451819878,13219271,12.86084621315027
2025-05-26,12.777584075927734,12.844834224279523,12.729547863013076,12.758369224276048,4714500,12.783988721073444
2025-05-27,12.748763084411621,12.806405808609354,12.70072687010379,12.777584446510486,4372649,12.751965254374921
2025-05-28,12.96012020111084,12.988942477733415,12.729547485417408,12.748762336499125,8710848,12.892870054753887
2025-05-29,12.96012020111084,12.969727626651698,12.835226417723266,12.950512775569981,5911806,12.921691415161936
2025-05-30,12.931299209594727,12.950513145010031,12.8736555709197,12.921691783779796,4081634,12.918489308508152
2025-06-03,12.950512886047363,12.969727737292997,12.90247759036235,12.950512886047363,6576493,12.940906071234238
2025-06-04,13.027372360229492,13.094622512247062,12.950513865647778,12.969728718346857,7285167,13.024169579374778
2025-06-05,12.97933578491211,13.056193361148745,12.940906996793792,13.027371999113651,4453727,12.992145380951548
2025-06-06,13.065800666809082,13.085014602583863,12.960120813296788,13.017764453050273,5822226,13.03697869422991
2025-06-09,13.29637336730957,13.315587303046659,13.085014576914192,13.085014576914192,11123528,13.232325082423474
2025-06-10,13.181087493896484,13.344410076694425,13.104229915663877,13.277159008579941,8595770,13.209909162084928
2025-06-11,13.269615173339844,13.298929231813124,13.171900402592753,13.240301114866563,6559282,13.24681493591524
2025-06-12,13.416186332702637,13.474815381242784,13.298929167499454,13.338014889233847,11775286,13.396643627148292
2025-06-13,13.934073448181152,14.158816117404822,13.61161600771764,13.973159170301665,58541265,13.90150185776787
2025-06-16,13.826587677001953,14.588760692745542,13.767959556946087,14.217445848842114,48929726,14.061102642231193
2025-06-17,14.119730949401855,14.256531448130838,13.513901766820062,13.680016325320555,40767768,13.963388054784252
2025-06-18,13.973159790039062,14.334702968658247,13.924302402252218,14.266303184882963,22773836,14.077388386983175
2025-06-19,14.227216720581055,14.52035916829135,13.84613023392971,13.885215955749556,34327965,14.19790204093404
2025-06-20,13.95361614227295,14.149044757062768,13.846130637107835,14.07087331114684,18201499,13.98293051214785
2025-06-23,14.168587684631348,14.412873679193957,14.031787192200525,14.403102015760945,28348559,14.204416185341943
2025-06-24,13.465044021606445,13.631158575694384,13.386872576374136,13.455273289860257,34616934,13.494358391224987
2025-06-25,13.43572998046875,13.445501644105057,13.289158753432673,13.396644257800654,15614690,13.39013012600216
2025-06-26,13.298929214477539,13.484587092279577,13.26961515604247,13.396643985097255,23619354,13.351043820933194
2025-06-27,13.289158821105957,13.34778693946809,13.191444047999548,13.250073098238822,11753608,13.276129936191198
2025-06-30,13.445501327514648,13.45527299092087,13.240301055369544,13.289158440523543,15443842,13.380358457935023
2025-07-01,13.33801555633545,13.425958667605594,13.289159100631732,13.386872943916325,9883867,13.351044441524259
2025-07-02,13.689787864685059,13.748415983694816,13.494359248190616,13.552987367200373,29780042,13.64418769885683
2025-07-03,13.611616134643555,13.777730688174005,13.582301143871971,13.777730688174005,15309003,13.65721598889651
2025-07-04,13.494359016418457,13.582301193422644,13.494359016418457,13.533444739046029,9554547,13.523673075419852
2025-07-07,13.367330551147461,13.494359386136686,13.318473163555117,13.494359386136686,9878264,13.393387700279755
2025-07-08,13.377100944519043,13.435729994521076,13.328244490040676,13.3966442718121,11814009,13.380358476360264
2025-07-09,13.357558250427246,13.44550135752531,13.328244192020263,13.38687230883423,10138181,13.377101266657606
2025-07-10,13.445501327514648,13.45527299092087,13.32824416227132,13.357558220612873,9265000,13.40967282690228
2025-07-11,13.494359016418457,13.572530461673601,13.386872580284782,13.445501630164708,12171300,13.48458735279228
2025-07-14,13.54321575164795,13.562759079305582,13.494359296258171,13.494359296258171,7811400,13.533444709070567
2025-07-15,13.32824420928955,13.494358760272885,13.308700882408164,13.474815433391496,10435218,13.3771012839902
2025-07-16,13.377100944519043,13.406415935458627,13.308701162747619,13.347786885456596,5594042,13.36407268090843
2025-07-17,13.465044021606445,13.484587348853088,13.328244458388472,13.377100912750814,8896047,13.425958609616002
2025-07-18,13.582301139831543,13.709329970839224,13.474815635999105,13.474815635999105,15547088,13.58881558222329
2025-07-21,13.826587677001953,13.83635934097032,13.562759272996225,13.562759272996225,14653267,13.741902096989499
2025-07-22,13.934073448181152,13.963387506802256,13.728873174079178,13.8265870134419,12929779,13.875444709687528
2025-07-23,13.738645553588867,14.002473958682867,13.728873889580195,13.953616570516669,10545836,13.823331133950644
2025-07-24,13.875444412231445,13.875444412231445,13.689787464952076,13.73864485061837,10567487,13.813558763138323
2025-07-25,13.797273635864258,14.002473920095067,13.777731239777935,13.875445083963884,10766742,13.859159598579089
2025-07-28,13.719101905822754,13.797273352315875,13.640930459329633,13.797273352315875,8390410,13.719101905822754
2025-07-29,13.738645553588867,13.758187949729045,13.631159113247797,13.68978816542267,6169710,13.709330872188568
2025-07-30,13.865673065185547,13.93407377943035,13.767959223499913,13.767959223499913,12979654,13.855902022705271
2025-07-31,13.601844787597656,13.934073902390253,13.55298740038513,13.8363591279652,11980989,13.696302030124345
2025-08-01,13.484587669372559,13.64093056355334,13.455273609682951,13.601844840008145,8455214,13.526930614202948
2025-08-04,13.523673057556152,13.533444721169422,13.338015176412574,13.396644226215054,6522301,13.465044318379384
2025-08-05,13.552987098693848,13.592072821218384,13.465043990044355,13.51390137616931,6529121,13.536701303318862
2025-08-06,13.719101905822754,13.719101905822754,13.494359230124319,13.523673289589953,8054300,13.644187680589942
2025-08-07,13.689787864685059,13.728873587983946,13.592073090499262,13.709330260395927,7154590,13.670244847722756
2025-08-08,13.689787864685059,13.758187647488825,13.562759030994384,13.611616418087282,8606199,13.670244847722756
2025-08-11,13.582301139831543,13.738644961602088,13.523673022060079,13.660472584778251,11534559,13.61487304116457
2025-08-12,13.689787864685059,13.758187647488825,13.552987367200373,13.592073090499262,11915827,13.666987626458086
2025-08-13,13.689787864685059,13.728873587983946,13.65070214138617,13.709330260395927,8561400,13.689787864685059
2025-08-14,13.552987098693848,13.75818737491695,13.54321543509343,13.680015929867876,9401603,13.618129969568075
2025-08-15,13.699559211730957,13.709329943421908,13.533444658582136,13.533444658582136,9257851,13.647444604578334
2025-08-18,13.660472869873047,13.758187644034308,13.650702137958639,13.680016197456158,12332577,13.689787550621999
2025-08-19,13.631158828735352,13.689787879686506,13.572530709661349,13.680016215881789,8241401,13.631159139361069
2025-08-20,13.777730941772461,13.777730941772461,13.582301393873273,13.64093044461846,10461325,13.712587759139398
2025-08-21,14.15881633758545,14.236987783042101,13.748415782999453,13.78750150572778,24955184,14.048073301209001
2025-08-22,14.09041690826416,14.197902415486617,13.953616409354266,14.188131683467965,15996177,14.080645244368348
2025-08-25,14.285844802856445,14.324930524581859,14.031787145702706,14.090416194229382,16170000,14.214187491047005
2025-08-26,14.373787879943848,14.422645264968722,14.236987388249622,14.364016216563451,11023706,14.344473511054064
2025-08-27,13.855902671813965,14.324931359867957,13.826587679902715,14.285845635863458,18554675,14.002473903861548
2025-08-28,13.88521671295166,14.21744583247636,13.670244765280886,13.89498837690878,16409703,13.924302436902968
2025-08-29,13.689787864685059,14.051331038169064,13.67024453709704,13.924302204478389,20640087,13.803787813317053
2025-09-01,13.738645553588867,13.816817001903917,13.601845053098947,13.758187949729045,14106708,13.719102536197243
2025-09-02,13.719101905822754,13.81681667987773,13.562759012836514,13.719101905822754,13042000,13.699559199512331
2025-09-03,13.513901710510254,13.777731042986003,13.465044323176542,13.758187715301657,12203179,13.5855590255576
2025-09-04,13.377100944519043,13.455273321814131,13.269615440038644,13.435729994521076,13540989,13.36732990212394
2025-09-05,13.513901710510254,13.513901710510254,13.298929765368216,13.377101212351292,10479698,13.442244395462907
2025-09-08,13.592072486877441,13.621386545080489,13.465043658828098,13.4845869855482,8466176,13.559500896928675
2025-09-09,13.484587669372559,13.592073176152557,13.435730281971775,13.552987452607361,9656367,13.504130375832297
2025-09-10,13.54321575164795,13.562759079305582,13.435730245162425,13.484587632429355,8626546,13.513901692038653
2025-09-11,13.592072486877441,13.601844150237493,13.425957937265,13.513901043751247,9492373,13.539958191459979
2025-09-12,13.513901710510254,13.601844821335504,13.504130046668081,13.582301493651157,7077111,13.539958859504614
2025-09-15,13.523673057556152,13.59207283909477,13.504129730329614,13.523673057556152,6570902,13.539958542326845
2025-09-16,13.43572998046875,13.543215484836733,13.367330198768865,13.523673089441251,8332500,13.44875855469145
2025-09-17,13.513901710510254,13.523673374352427,13.41618693584283,13.455273591211524,6460541,13.484587340235171
2025-09-18,13.289158821105957,13.523673158308767,13.240301434552752,13.513901494622699,11913074,13.35104447132249
2025-09-19,13.357558250427246,13.36732991385528,13.25007274835023,13.298929201736163,7268501,13.324986970877584
2025-09-22,13.279387474060059,13.357558921658287,13.220758422422806,13.347787257739219,6828600,13.28590160604705
2025-09-23,13.259843826293945,13.298929549150015,13.093729271186362,13.24030143080448,8608936,13.217500882210109
2025-09-24,13.33801555633545,13.40641627169954,13.279387436740125,13.279387436740125,7682000,13.34127308825837
2025-09-25,13.250073432922363,13.338015612686894,13.19144438120218,13.328244880631166,6405426,13.259844475603813
2025-09-26,13.250073432922363,13.338015612686894,13.23053010505658,13.289159156776764,6470088,13.272873050221946
2025-09-29,13.210987091064453,13.250072813090444,13.074186598034927,13.240301149614666,7793587,13.17841550072994
2025-09-30,13.152358055114746,13.181672113693995,13.113272333050041,13.17190045020854,6108856,13.149100833952929
2025-10-09,13.43572998046875,13.43572998046875,13.142586594519459,13.191443980823864,14228289,13.338015518485653
2025-10-10,13.631158828735352,13.67024455207707,13.377101161075602,13.386872824880319,14960669,13.559501513962674
2025-10-13,13.386872291564941,13.41618634993411,13.240301067841987,13.347786569780345,11565166,13.347786569780347
2025-10-14,13.445501327514648,13.523672771010201,13.32824416227132,13.386872278954428,10979830,13.432472753598724
2025-10-15,13.455273628234863,13.484587687964888,13.347787189429509,13.396644576897655,7944566,13.429216168543087
2025-10-16,13.513901710510254,13.523673374352427,13.386872876193465,13.445501927369351,8126920,13.474815987018715
2025-10-17,13.318472862243652,13.5236731399874,13.308701198570821,13.494359080846047,8010220,13.383615733600626
2025-10-20,13.425958633422852,13.425958633422852,13.220758351607344,13.328244790387041,8528593,13.35755853948435
2025-10-21,13.680015563964844,13.758187006923047,13.465043629891236,13.513901014709388,23641270,13.634415400259707
2025-10-22,14.119730949401855,14.393331014982662,13.709330385092066,13.787501832400869,50182078,14.074130783158862
2025-10-23,13.894988059997559,14.168588121416553,13.670244453495526,14.129502398356697,31593917,13.911273544969879
2025-10-24,13.709330558776855,14.041559679986886,13.680016498633963,13.92430250753814,22667595,13.810302245799235
2025-10-27,13.777730941772461,13.875444783844907,13.562758998209643,13.719101891027275,18773187,13.738644907942337
2025-10-28,13.64093017578125,13.797273065517658,13.621386848625635,13.758187343083556,12117200,13.686530029974847
2025-10-29,13.660472869873047,13.670244533664603,13.513901640508305,13.601844750878008,9363403,13.614873014681985
2025-10-30,14.246759414672852,14.383559909853094,13.826587197379858,13.953616028930696,49105008,14.152302173968602
2025-10-31,14.061102867126465,14.354245329372839,14.012245479459681,14.276073881856851,21734312,14.142531225319663
2025-11-03,14.276073455810547,14.364016564610804,14.100188170087165,14.246759396836172,20196400,14.246759396836174
2025-11-04,14.207674026489258,14.383560248450442,14.158816639069245,14.285845473610415,13542092,14.250016971336315
2025-11-05,14.25653076171875,14.315158878438991,14.061102152856085,14.12950193298874,10847488,14.210930597671274
2025-11-06,14.422645568847656,14.471502954901933,14.168587906867113,14.217445292921392,14515578,14.354245476872235
2025-11-07,14.549674987792969,14.696246220001644,14.36401709965967,14.403102823707126,17573015,14.536646102484761
2025-11-10,14.549674987792969,14.618074771906729,14.276073987583597,14.5203599958495,11993800,14.481274582427766
2025-11-11,14.471503257751465,14.627846150895286,14.461731593960689,14.520359712951047,8194711,14.52036033420248
2025-11-12,14.60830307006836,14.823275017710865,14.471503502195356,14.52035995822019,16051138,14.634360529991525
2025-11-13,14.432416915893555,14.4715026375043,14.285844760945428,14.461730974132337,14539580,14.396588104781094
2025-11-14,14.432416915893555,14.666931245558025,14.354244540794955,14.412873589149628,9469800,14.484530900748846
2025-11-17,14.471503257751465,14.608302823313734,14.285845373235315,14.500817317246645,8902994,14.455217151433503
2025-11-18,14.25653076171875,14.500816755766358,14.197901713121393,14.461731033993825,7565300,14.318416410202166
2025-11-19,14.491045951843262,14.54967500391801,14.285845667397398,14.285845667397398,10912419,14.442188874386224
2025-11-20,14.168587684631348,14.43241700605998,14.168587684631348,14.364016293906012,8892300,14.256530791774225
2025-11-21,13.943845748901367,14.266303204100886,13.914530757063472,14.11973104054291,11071069,14.041559903355243
2025-11-24,13.816816329956055,14.070873058685937,13.79727300288915,13.97315921898279,9106400,13.894987463843714
2025-11-25,13.836359024047852,14.022016907685645,13.797273300946813,13.924302133994475,10877631,13.885216410893436
2025-11-26,13.670244216918945,13.855902097148135,13.65070182166579,13.787501384069268,10153387,13.725616045244289
2025-11-27,13.670244216918945,13.709329939302386,13.572530376898907,13.631158494535505,5805996,13.650701511040078
2025-11-28,13.650701522827148,13.70932963918027,13.59207247459692,13.689787244354932,6394401,13.650701212201446
2025-12-01,13.963387489318848,13.992701547903248,13.670244107843482,13.670244107843482,11886929,13.875444381688526
2025-12-02,14.080644607543945,14.109958666028437,13.875444334398264,13.973159105182727,9051081,14.022015869323548
2025-12-03,14.022016525268555,14.090416305860646,13.93407341772037,14.031787256869482,6747510,14.015502082949856
2025-12-04,13.973159790039062,14.139274349388034,13.943845730117822,14.002473849960303,6386015,14.018759956514971
2025-12-05,14.031787872314453,14.119730983719892,13.934074028879536,13.973159752628936,6765364,14.02853096163796
2025-12-08,13.836359024047852,14.041559303297593,13.748415914101226,14.002473580196554,8900914,13.87544474714889
2025-12-09,13.631158828735352,13.875444832590384,13.601844769198351,13.767959326369944,8953477,13.702816143508029
2025-12-10,13.53344440460205,13.621386579432976,13.494358682940382,13.592072521156002,7317444,13.549729888991804
2025-12-11,13.425958633422852,13.611616519382062,13.416186969556124,13.552987468058848,7760399,13.484587374120347
2025-12-12,13.43572998046875,13.494359030409463,13.406415921436961,13.455273307741367,9147501,13.445501644105057
2025-12-15,13.455273628234863,13.533445075433036,13.41618697275862,13.49435935183395,7223700,13.468301892142174
2025-12-16,13.269615173339844,13.484587109857175,13.191443729493017,13.474815446407042,10835750,13.315215337563345
2025-12-17,13.318472862243652,13.338015257712176,13.132814979968428,13.210987357473932,7448768,13.263101033308084
2025-12-18,13.465044021606445,13.504129744222599,13.298929467518505,13.347786853757983,8919500,13.422701077782515
2025-12-19,13.406415939331055,13.465044057472886,13.35755855296144,13.416186671103269,7016438,13.409672849921792
2025-12-22,13.396644592285156,13.445501979809421,13.347787204760891,13.445501979809421,6259506,13.396644592285156
2025-12-23,13.425958633422852,13.504130080602364,13.396644573699824,13.425958633422852,6513941,13.442244429241681
2025-12-24,13.523673057556152,13.543215452905558,13.357558503639112,13.396644226215054,6932722,13.47481567136694
2025-12-25,13.484587669372559,13.572530780318537,13.445501945827363,13.523673392917754,6870502,13.500873465172821
2025-12-26,13.552987098693848,13.592072821218384,13.45527325832107,13.48458731724519,6394516,13.533444392744434
2025-12-29,13.611616134643555,13.709329974917441,13.494358967188614,13.543215421386991,8968610,13.60510169224987
2025-12-30,13.709330558776855,13.826587731225601,13.543215998171842,13.699559826647338,10214500,13.693044762724767
2025-12-31,13.719101905822754,13.846130739343362,13.640930459329633,13.728873569603682,7709063,13.735387701498583
2026-01-05,13.816816329956055,14.256530938313029,13.728873221909234,14.158816166732757,27858700,13.934073496726105
2026-01-06,14.119730949401855,14.119730949401855,13.728873712857846,13.738645376740736,19153151,13.989445203887186
2026-01-07,13.777730941772461,13.992701953458132,13.738645218568053,13.992701953458132,14783338,13.836359371266214
2026-01-08,13.973159790039062,14.031787909881546,13.66047306732956,13.728873782982006,12689748,13.88847358908339
2026-01-09,14.207674026489258,14.276073809750981,13.982931348985217,14.119730915508665,22166783,14.155559728408486
2026-01-12,14.09041690826416,14.217445743278242,13.992702133060357,14.217445743278242,17119839,14.100188261534251
2026-01-13,14.940531730651855,15.175046067125768,14.28584517575433,14.28584517575433,53326366,14.80047432451065
2026-01-14,15.22390365600586,15.634304216232124,14.999160980198553,15.14573220947487,49478647,15.285789617478846
2026-01-15,15.204360961914062,15.233675020818584,14.901445913643567,15.145731912227888,25398894,15.113160632125405
2026-01-16,14.46173095703125,14.95030294252638,14.373787850541788,14.920988884322261,26552746,14.595273916699805
2026-01-19,14.598530769348145,14.686473877360378,14.324930713658965,14.49104526615382,18019556,14.536645120122495
2026-01-20,14.598530769348145,14.686473877360378,14.4421878803829,14.657159818648674,14846528,14.575730842363805
2026-01-21,14.735331535339355,14.803731317555929,14.510588861269389,14.588760307196086,16190303,14.683217238054892
2026-01-22,15.292303085327148,15.585446468982026,14.793960358178701,14.793960358178701,33843101,15.223903304162626
2026-01-23,15.126188278198242,15.282532096897489,14.99916038156309,15.145731604989564,21258704,15.135960252219606
2026-01-26,15.986076354980469,16.122875917882347,15.399789585215713,15.399789585215713,45955616,15.836247286026177
2026-01-27,15.73201847076416,16.27921857840909,15.644075363351945,15.986076129537865,35214207,15.885104137508398
2026-01-28,16.31830596923828,16.797106318020752,15.810190628743051,16.034933307277907,57060702,16.308534305334028
2026-01-29,16.816646575927734,16.982761122877093,15.84927428384178,16.61144723991898,84626682,16.549560660882204
2026-01-30,16.17173194885254,16.816646819587476,15.6636185011931,16.582132490570608,59628361,16.217332423211037
2026-02-02,15.106646537780762,15.8199621546576,15.077332478200855,15.468189712190114,42317700,15.334647056879739
2026-02-03,15.204360961914062,15.380246247218324,14.940531636141973,15.302074802221512,23970792,15.175046281758119
2026-02-04,15.497503280639648,15.575674724960175,15.155503444706628,15.360703719017291,31005063,15.409560483435484
2026-02-05,15.135960578918457,15.64407591436254,15.028475072671663,15.438875633798915,19633829,15.269503855317552
2026-02-06,15.341160774230957,15.507275330520178,14.745103263466609,14.950303542889932,23743562,15.197846456072583
2026-02-09,15.214131355285645,15.42910329018471,15.14573157540385,15.370474241802379,17864900,15.2629887402914
2026-02-10,15.302075386047363,15.468189945972703,15.14573249008873,15.321618713980776,15632983,15.305332607369598
2026-02-11,15.67339038848877,15.732018505642145,15.145731742845658,15.145731742845658,23717441,15.51704687899219
2026-02-12,15.741790771484375,15.976305112825782,15.644075996653543,15.732019107625861,21229322,15.7873906269879
2026-02-13,15.438875198364258,15.517046642862132,15.15550347909018,15.438875198364258,19676906,15.37047510677219
2026-02-24,16.98276138305664,16.98276138305664,15.810189736997883,15.907904506774665,39062135,16.59190416770372
2026-02-25,16.66030502319336,17.060933927768378,16.552820446877305,16.982762479650187,64032687,16.75801979927968
2026-02-26,16.494190216064453,16.90459077848008,16.318305858247165,16.64076330987699,32574378,16.5723622842639
2026-02-27,16.484420776367188,16.660305138029702,16.259676230693223,16.49419057666426,27281606,16.46813404836337
2026-03-02,18.135791778564453,18.135791778564453,17.61790666106435,18.135791778564453,149529978,17.96316340606442
2026-03-03,19.95328140258789,19.95328140258789,18.76116634287315,19.01522215356706,115918077,19.555909716016313
2026-03-04,20.207338333129883,21.350596894182335,17.959906002095053,20.5200241167076,169937792,19.839280409802424
2026-03-05,19.347450256347656,21.028139111937293,18.27259335835943,19.37676524699896,123605841,19.54939424221479
2026-03-06,18.311677932739258,18.66345036138716,17.90127738723478,18.448477493322674,71114003,18.2921352271204
2026-03-09,18.77093505859375,20.080308147687965,18.49733593557685,20.080308147687965,108398232,19.11619304728619
2026-03-10,17.48110580444336,17.803563254335824,17.100020235594346,17.578820578540473,64930357,17.46156309812451
2026-03-11,17.715620040893555,17.784021686991345,17.15864825466297,17.197734909575995,54560880,17.552763327515958
2026-03-12,17.61790657043457,18.15533501210513,17.588591580182744,18.038076914852052,52543845,17.787277720907483
2026-03-13,17.28567886352539,17.979450248323438,17.22704887829265,17.90127879843416,34909594,17.49739266338049
2026-03-16,17.41270637512207,18.067392951980114,17.354078254975565,17.57882093533245,39803501,17.61139252735925
2026-03-17,17.363849639892578,17.51042086978036,16.933905750301346,17.16842009087266,38243416,17.269392086658097
2026-03-18,16.709163665771484,17.060934257218946,16.44533432437011,17.060934257218946,33602386,16.738477415786846
2026-03-19,16.99253273010254,17.39316160135106,16.718933616325508,17.227047054948926,44668352,17.034875982593036
2026-03-20,16.425790786743164,16.60167701210311,16.220591432992794,16.416019122694905,33418475,16.416019743946354
2026-03-23,15.956761360168457,16.494189811794445,15.829733460899241,16.494189811794445,33974425,16.093561544287383
2026-03-24,15.986076354980469,16.015389482028436,15.614760593169276,15.722247029023189,30198584,15.87207547672606
2026-03-25,16.04470443725586,16.113104218555144,15.507275054809293,15.614760558547754,28937579,15.88836123687343
2026-03-26,16.31830596923828,16.328075769388214,15.917677067935513,16.04470497118216,32081369,16.188019602187335
2026-03-27,16.161962509155273,16.31830539864795,15.82973340304477,16.31830539864795,29447688,16.103333770282664
2026-03-30,15.819961547851562,16.591904322401664,15.78087489407473,16.445333098247012,29790636,16.064246921442653
2026-03-31,15.42910385131836,15.986076569636886,15.399789791999641,15.751562231332846,24258347,15.604990070984963
2026-04-01,15.17504596710205,15.51704673778012,15.145731908205313,15.35093218423673,33422567,15.27927487102916
2026-04-02,15.780875205993652,15.800418533268354,15.18481770227226,15.233675088581881,42598052,15.588703813844754
2026-04-03,15.487732887268066,15.771103680211105,15.272760944752953,15.771103680211105,25070047,15.510532504077375
2026-04-07,15.751562118530273,15.790646909423902,15.126188690443733,15.311846572512728,22694918,15.556132572799305
2026-04-08,15.262989044189453,15.331388825433141,14.891674215380485,14.950303264930167,38403970,15.162017361667694
2026-04-09,15.350932121276855,15.48773261536244,15.17504590486355,15.399789507155786,27919520,15.337903547167615
2026-04-10,15.487732887268066,15.585446728864287,15.184817835002356,15.223903558016271,22839437,15.419332483711571
2026-04-13,15.653847694396973,15.859047044607019,15.321618577505577,15.829733916722336,30758338,15.611504438836524
2026-04-14,15.341160774230957,15.458417943633263,15.233675268581461,15.399789824870684,22653234,15.344417995481892
2026-04-15,14.960075378417969,15.126189004737402,14.82327487993926,15.09687494501952,28174422,14.969846421031543
2026-04-16,14.989389419555664,14.989389419555664,14.764645810324737,14.833046525417883,17445014,14.914474883145354
2026-04-17,14.901446342468262,14.99916111746482,14.764645843848514,14.911218006343349,16269395,14.8884177679272
2026-04-20,14.872132301330566,14.930760420900139,14.686474414980214,14.930760420900139,18749007,14.829789045736973
2026-04-21,14.81350326538086,14.901446376704378,14.735331817954878,14.823274929278396,15233259,14.816760486680039
2026-04-22,14.588760375976562,14.83304637861849,14.539902989072749,14.803731387349913,21349169,14.653903247889268
2026-04-23,14.891674041748047,14.979617149108613,14.471502763736732,14.481273495316815,39701811,14.780931318197796
2026-04-24,14.627845764160156,14.999160591498379,14.55944505131027,14.891674156395897,23081234,14.72881713565627
2026-04-27,14.618074417114258,14.754874913898686,14.5105889115618,14.598531089626277,18125847,14.627846080858248
2026-04-28,14.745102882385254,14.774416941008933,14.471502827517622,14.578988330389198,21137051,14.663674216970604
2026-04-29,14.803730964660645,14.881902408723867,14.608302354502582,14.823274291615009,24863919,14.764645242629031
2026-04-30,14.754875183105469,14.920989742275529,14.676703735481578,14.901446414430975,18716690,14.784189553620857
2026-05-06,14.520359992980957,14.608303105039655,14.217445864642292,14.608303105039655,26387066,14.4487029875543
2026-05-07,14.100188255310059,14.383559978780761,14.022016809654495,14.334702592276749,28248956,14.168588347915104
2026-05-08,14.09041690826416,14.217445743278242,14.051331184558071,14.197902415486617,18338771,14.119731278700158
2026-05-11,14.09041690826416,14.20767407938243,14.022017124747792,14.149045027884716,19880191,14.10670270413146
2026-05-12,13.982931137084961,14.188131415637642,13.953616145950905,14.109959037823968,15128227,14.041559566224501
2026-05-13,13.943845748901367,14.04155959272952,13.836359309250085,13.982931472808062,19828677,13.940588216960323
2026-05-14,13.797273635864258,13.934074135977186,13.797273635864258,13.914530808013696,15433676,13.842873802568567
2026-05-15,13.777730941772461,13.924302170819704,13.748415950461295,13.81681666497687,17662094,13.816816354351154
2026-05-18,13.894988059997559,14.061102615971235,13.738645167758133,13.963387842383021,27277579,13.898245281242309
2026-05-19,13.95361614227295,13.963387805981727,13.738645131942722,13.83635897339906,22345032,13.8852163600658
2026-05-20,13.855902671813965,14.051331291836462,13.807045283839049,13.924302455852546,17426990,13.904759749163157
2026-05-21,13.367330551147461,13.689788004628898,13.34778722335966,13.660473012947197,24384252,13.468301926378672
2026-05-22,13.396644592285156,13.425958652048852,13.220758369948665,13.347787204760891,16716553,13.347787204760891
2026-05-25,13.201215744018555,13.30870124919715,13.093729306962818,13.230529803271418,15604409,13.201215433392841
2026-05-26,13.113272666931152,13.250073163579303,13.025329557077136,13.250073163579303,14373649,13.129558462529197
2026-05-27,12.868986129760742,13.103500458369199,12.790814686891256,13.074186400262418,15749529,12.921100425007067
2026-05-28,12.751729011535645,12.996015004354806,12.722414953322936,12.888528571113026,13198230,12.823386323071128
2026-05-29,12.732186317443848,12.820129428328785,12.654014870407716,12.732186317443848,15713225,12.735443538726784
2026-06-01,12.790815353393555,12.839672740702115,12.71264390645072,12.741957966084996,22254474,12.78104400018213
2026-06-02,12.771271705627441,12.956929586371317,12.663786201744287,12.859214814203263,20656049,12.797329164581015
2026-06-03,12.800586700439453,12.829900759348257,12.526985711033506,12.771271709653517,20353645,12.719157723607074
2026-06-04,12.654014587402344,12.800586746224893,12.419500251538828,12.67355791466287,19715961,12.624700528388688
2026-06-05,12.654014587402344,12.84944320062194,12.585614805744768,12.585614805744768,17169063,12.696357531256352
2026-06-08,12.51721477508545,12.829900550016626,12.429271667916778,12.546528833515968,19790050,12.592128997672951
2026-06-09,12.263157844543457,12.4683581294851,12.136129007972233,12.439043137438315,17998242,12.289214994000263
2026-06-10,12.077499389648438,12.292471328529318,11.979785549704129,12.263157269733739,16154869,12.116585422627296
2026-06-11,12.239999771118164,12.369999885559082,12.149999618530273,12.220000267028809,16530110,12.25333309173584
2026-06-12,12.510000228881836,12.510000228881836,12.0,12.0,34038388,12.34000015258789
2026-06-15,12.390000343322754,12.470000267028809,12.170000076293945,12.34000015258789,21527992,12.34333356221517
2026-06-16,12.069999694824219,12.380000114440918,12.010000228881836,12.369999885559082,15751173,12.15333334604899
2026-06-17,12.0,12.039999961853027,11.899999618530273,12.0,14490003,11.979999860127768
2026-06-18,11.869999885559082,11.979999542236328,11.8100004196167,11.949999809265137,12148246,11.886666615804037
2026-06-22,11.920000076293945,11.9399995803833,11.630000114440918,11.850000381469727,23620148,11.829999923706055
2026-06-23,11.600000381469727,12.029999732971191,11.529999732971191,11.859999656677246,21453112,11.71999994913737
2026-06-24,11.270000457763672,11.619999885559082,11.220000267028809,11.600000381469727,21116032,11.370000203450521
2026-06-25,11.09000015258789,11.25,10.949999809265137,11.210000038146973,18358964,11.09666665395101
