date,close,high,low,open,volume,vwap
2018-01-02,51.8698616027832,52.663590559416384,51.75427457360327,52.663590559416384,2289300,52.09590891193429
2018-01-03,52.61737060546875,52.92561648868785,51.808231776232475,51.97776142666683,2189800,52.450406290129685
2018-01-04,53.11055374145508,53.26467959971574,52.67130533418777,52.67130533418777,1636900,53.015512891786194
2018-01-05,52.94873046875,53.372569265614366,52.72525236488523,53.33403632797185,1743900,53.01551736641653
2018-01-08,52.61737060546875,52.840848723820066,52.401600251005746,52.78690613520432,2256600,52.619939860098185
2018-01-09,52.26287841796875,52.86395452460382,52.02399070361376,52.170402909524924,2850000,52.38360788206211
2018-01-10,52.04711151123047,52.33994182148383,51.723456029481966,52.13958702571588,1883800,52.03683645406542
2018-01-11,51.52309036254883,52.02398906203924,51.083842000075634,52.02398906203924,2199600,51.5436404748879
2018-01-12,52.13959884643555,52.316836273589225,51.33816184376674,51.62328445596222,2017200,51.93153232126384
2018-01-16,52.601951599121094,52.77148709869634,52.208938020951216,52.33994058724112,3478000,52.527458906256214
2018-01-17,53.6653938293457,53.82722156729515,52.71754481002753,52.94872477311236,2620200,53.403386735556126
2018-01-18,53.102848052978516,53.88116153404923,52.902487391246495,53.64227381998791,1662800,53.29549899275808
2018-01-19,53.5497932434082,53.71162095819475,52.979542360927134,53.08742750411816,2559500,53.413652187510024
2018-01-22,53.711631774902344,54.05841055868037,53.3494492237083,53.649987308735604,1682000,53.70649718576367
2018-01-23,53.93511199951172,56.331714890747,53.249268047157,53.70393201382293,6875500,54.50536497913857
2018-01-24,52.41699981689453,54.05840633060314,52.36305723865482,54.02758116028044,3229700,52.94615446205083
2018-01-25,52.88706970214844,52.94101227664145,52.116458135505624,52.571122017060716,1880600,52.6481800380985
2018-01-26,53.95051956176758,54.12775693670115,52.86395438774041,53.1182576258276,1720300,53.64741029540304
2018-01-29,53.04120635986328,53.85034514226783,52.97184824748525,53.79640255677419,1263100,53.28779991653878
2018-01-30,52.833133697509766,53.38026727234682,52.50947821030481,52.9179014507254,1415100,52.907626393387126
2018-01-31,52.98063659667969,53.40758915070526,52.6235516980826,53.25233098447166,2135700,53.003925815155846
2018-02-01,52.0335578918457,53.166915317885426,51.83172533248528,52.85640505482877,2737900,52.3440661807388
2018-02-02,51.69977569580078,52.35960649851332,51.62991397524539,51.73859171110428,3252900,51.896432056519835
2018-02-05,50.085121154785156,52.28973910553382,50.06959830384314,51.560040738931605,3601300,50.81481952138737
2018-02-06,49.860008239746094,50.06183491848827,48.57139245358722,49.138071284174345,3489400,49.49774520394053
2018-02-07,50.25590896606445,51.19519852190038,49.43306153685948,49.60384253291921,2691300,50.294723008274765
2018-02-08,48.02024459838867,50.14723079817959,47.97366715588552,50.14723079817959,3128600,48.713714184151264
2018-02-09,49.8056640625,50.15498444208309,48.15219926216217,48.58691308199854,3338800,49.370949255581756
2018-02-12,50.21709060668945,50.49654929560916,49.844477047299314,50.131700122714456,2113000,50.1860389831993
2018-02-13,50.1705207824707,50.37235341644235,49.68147093505122,49.914355199056416,1561900,50.07478171132143
2018-02-14,50.74496078491211,50.86916136720871,49.62712593178204,49.93763627126174,1469700,50.41374936130095
2018-02-15,51.5988655090332,51.5988655090332,50.69838601675173,51.17191300450444,2146000,51.29870567827271
2018-02-16,51.862789154052734,52.320793232387395,51.60662360506059,51.60662360506059,3203800,51.93006866383357
2018-02-20,50.77601623535156,51.9326612664728,50.69062573750108,51.75411588301473,2239200,51.133101079775145
2018-02-21,50.519832611083984,51.42030593243401,50.519832611083984,50.95454346121909,1536300,50.81999038486733
2018-02-22,50.49655532836914,51.10204725253533,50.36458443214672,50.7061464088527,1181700,50.65439567101706
2018-02-23,51.5988655090332,51.61438836261026,50.620759903880895,50.86916701856324,1246900,51.27800459184146
2018-02-26,51.878318786621094,51.94818050409525,51.55228559342406,51.637670162839534,1711500,51.79292829471347
2018-02-27,51.17190170288086,52.685637220762025,51.17190170288086,52.03356498717699,2121700,51.67648020884125
2018-02-28,50.55865478515625,51.79293184763195,50.54313193215009,51.54452474208545,2474500,50.96490618831276
2018-03-01,49.3321418762207,51.02441998516529,48.975057055283315,49.40977094245454,2770000,49.77720630555643
2018-03-02,49.51844787597656,49.64265141870315,48.9051915882189,49.091498382931796,1549700,49.35543029429954
2018-03-05,50.48878479003906,50.6362785206465,49.16135898204691,49.16135898204691,1773000,50.095474097577494
2018-03-06,50.52759552001953,50.644037628690896,49.96091967230613,50.644037628690896,1631000,50.37751760700552
2018-03-07,50.317996978759766,50.527588005203036,49.94538347092743,50.209319272827585,1603000,50.26365615163007
2018-03-08,50.7604866027832,51.0942842007921,50.434453392400314,50.50431511355702,2175100,50.76307473199188
2018-03-09,51.637664794921875,51.77739413783698,50.82258189666005,50.84586913339731,1452100,51.41254694313963
2018-03-12,51.62214279174805,51.955940342940224,51.474649060002875,51.75410775041919,1261200,51.68424406489705
2018-03-13,51.792930603027344,52.36737091033224,51.497943100565905,51.97923444708712,1639100,51.886081537975166
2018-03-14,51.14863204956055,52.00253124107787,50.90022490434653,52.00253124107787,1504400,51.35046273166165
2018-03-15,51.54452133178711,51.80845127287758,51.00889113987833,51.2107237505601,1408700,51.453954581514346
2018-03-16,51.350460052490234,51.754119405948664,51.18744343344974,51.62215441755773,3152800,51.43067429729621
2018-03-19,50.713905334472656,51.43583930226409,50.24814282162146,51.0554613519013,1814200,50.79929581945274
2018-03-20,50.853641510009766,51.19519757330797,50.7294349979068,50.99337087487937,1547400,50.92609136040818
2018-03-21,50.884681701660156,51.459121884799266,50.659561890938754,50.85363008061329,2717900,51.001121825799395
2018-03-22,49.28557205200195,50.65181117303109,49.25452042257606,50.04631920545806,2419700,49.73063454920304
2018-03-23,47.9193229675293,49.58054640286588,47.79511942922131,49.30108770136142,4116300,48.431662933205494
2018-03-26,47.52342987060547,50.13170739735002,46.53756289107724,49.21570510018982,7059100,48.06423338634425
2018-03-27,46.452171325683594,47.77183587268379,46.07956068204463,47.51566438948103,4353600,46.76785596013733
2018-03-28,47.04213333129883,47.28277897985391,46.11060828414115,46.514267558578325,3364900,46.8118401984313
2018-03-29,47.81064224243164,48.24535607986231,47.01884362492171,47.25948926084247,3104900,47.691613982405215
2018-04-02,46.824771881103516,47.88826471577546,46.30467056180074,47.74077395983412,3210600,47.00590238622657
2018-04-03,47.368186950683594,47.461338897533125,46.630726881777896,47.15083142095236,1967700,47.15341757666487
2018-04-04,47.98143768310547,48.14445431085608,46.63072129014435,46.91794148588303,2206000,47.585537761368634
2018-04-05,48.23760223388672,48.478247922390885,47.950382062040475,48.32299273500905,1232000,48.222077406106024
2018-04-06,47.13528823852539,48.11339072323476,46.785964864969934,47.91156108587267,1778800,47.34488127557669
2018-04-09,47.30606460571289,48.14444067308236,47.15857383589603,47.39145508975005,1483100,47.53635970489709
2018-04-10,48.10563278198242,48.509295047189624,47.795122436055,47.98919066194811,1554100,48.136683421742354
2018-04-11,47.872737884521484,48.10562207274562,47.43802705049344,47.632095233183236,1414400,47.805462335920176
2018-04-12,47.85723114013672,48.11339968764234,47.66316289214143,48.07458663029257,1920000,47.8779312399735
2018-04-13,47.73301696777344,48.26864414711004,47.55447161341543,48.12891480271861,1126500,47.852044242766304
2018-04-16,48.315223693847656,48.50152752034775,47.88050982993756,48.074578043268616,1039900,48.23242034804432
2018-04-17,47.45355987548828,47.89603516053223,46.83254219132536,46.83254219132536,5171300,47.39404574244862
2018-04-18,47.375946044921875,47.67093065020008,47.29831991991296,47.57777870794001,3609600,47.44839887167831
2018-04-19,47.298309326171875,47.55447785032287,47.08871528209587,47.36040962002058,2841200,47.313834152863535
2018-04-20,46.8403205871582,47.40699961434348,46.75493006941507,47.25950878630797,2980100,47.00075009030559
2018-04-23,46.459938049316406,47.06543300535961,46.23482112897308,46.964516685811326,2631600,46.58673072788304
2018-04-24,46.53756332397461,47.01109029095754,46.29691764663597,46.78597042776135,3630800,46.61519042052271
2018-04-25,46.576377868652344,46.7393944804935,46.22705444238818,46.59966510998783,2741600,46.514275597178006
2018-04-26,47.1585807800293,47.28278433112356,46.599663319482005,46.80149594078908,1459200,47.013676143544956
2018-04-27,47.80288314819336,48.06681307232017,47.15857526636597,47.21291412853866,2023600,47.676090495626504
2018-04-30,47.01884460449219,48.06681172998031,47.011083179218225,48.0435244929126,2070600,47.36557983789691
2018-05-01,47.52342987060547,47.60105597934939,46.67729225581329,47.0343770940293,1609100,47.267259368589386
2018-05-02,47.21291732788086,48.198784261778094,47.127526835467116,47.70197008182115,4351500,47.51307614170869
2018-05-03,47.872737884521484,48.13667073142943,46.87134831238868,46.87134831238868,2779500,47.626918976113195
2018-05-04,48.447200775146484,48.602455976893,47.47685946578908,47.632114667535596,1472300,48.17550540594286
2018-05-07,48.563629150390625,48.757697357249405,47.94260851944585,48.43166122987882,1925600,48.4213116756953
2018-05-08,48.24248504638672,48.500967337830446,48.00750033016712,48.2346535173096,1428800,48.25031757146143
2018-05-09,48.728126525878906,48.85345192249613,48.17982679518112,48.367816384103534,1509200,48.58713508118539
2018-05-10,49.339088439941406,49.45657931374003,48.5009713359475,48.86911598076784,1467300,49.09887969654298
2018-05-11,49.61324691772461,49.74640386611625,49.143277350703514,49.29210034972835,1568100,49.50097604484813
2018-05-14,49.762054443359375,50.13019904878153,49.41741040057637,49.51140368715488,2777100,49.769887964239096
2018-05-15,50.3416862487793,50.38085285955498,49.331251633814546,49.58973692256817,2924500,50.017930247382935
2018-05-16,50.88215637207031,51.140641670830234,50.24769788964688,50.40435238684234,2057200,50.75683197751581
2018-05-17,50.45918655395508,51.01531783732748,50.279034463728834,50.772501552245785,2197900,50.58451295167046
2018-05-18,50.772491455078125,51.00747915106059,50.23202333990967,50.51400618469448,1700600,50.670664648682795
2018-05-21,51.00748825073242,51.16414275867747,50.764665994635266,51.01531679293919,1632500,50.97876566801506
2018-05-22,51.24246597290039,51.40695498607096,50.827326181186194,51.148475665937745,2235500,51.15891571338585
2018-05-23,51.35995864868164,51.36779316607659,50.58450875418515,50.88215467934901,1678000,51.10408685631446
2018-05-24,51.59495544433594,51.61845302467097,50.94482783379465,51.41479736845591,2127200,51.386078767600516
2018-05-25,51.61843490600586,51.978744955306084,51.540107673720556,51.65759553415613,1458900,51.712429178344166
2018-05-29,51.39128875732422,51.70460370517639,50.99181204941306,51.28946393906613,1385300,51.36256817063789
2018-05-30,51.66545486450195,51.96310088053597,51.21114833267032,51.65762034471516,2300200,51.613234692569414
2018-05-31,51.367801666259766,51.81427361587923,51.23464472844042,51.62628699919388,1976400,51.47224000352647
2018-06-01,52.07274627685547,52.15890205754728,51.641937493469726,51.68110410140856,1385400,51.95786194262416
2018-06-04,52.34689712524414,52.503551612572494,52.0570797501025,52.0570797501025,1874700,52.30250949597305
2018-06-05,52.558372497558594,52.67586633141294,52.237229059406964,52.34688837740846,1360000,52.490489296126164
2018-06-06,53.318153381347656,53.333816435364206,52.50353712485537,52.54270372387272,1727100,53.05183564718908
2018-06-07,52.97352600097656,53.34950517208015,52.63671344335805,53.23201130761114,2242000,52.98658153880492
2018-06-08,53.39649963378906,53.459163824156605,52.62888421773801,52.809036295062064,2740600,53.16151589189456
2018-06-11,53.37299346923828,53.60798115731645,53.26333414173118,53.38082798577026,1247700,53.41476958942864
2018-06-12,54.399105072021484,54.50876442180058,53.271179477724196,53.33383769475056,1851300,54.05968299051542
2018-06-13,54.438262939453125,54.696748212107174,53.93696142787368,54.36777021563043,2087700,54.357324193144656
2018-06-14,54.31294250488281,54.81425006565358,54.18762009667982,54.68108716345592,1819300,54.43827088907207
2018-06-15,54.65758514404297,54.751581424546956,53.74114381907585,54.250279880497295,3071700,54.38343679588859
2018-06-18,54.399105072021484,54.45393474691103,53.8743059015092,54.23461604735285,1334500,54.24244857348057
2018-06-19,54.399105072021484,54.42260862639103,53.92913557639875,53.96046767290512,1616800,54.250283091603755
2018-06-20,54.76724624633789,54.876905589129734,54.27377920377463,54.39910160582845,2311700,54.639310346414085
2018-06-21,54.6027717590332,54.95525343405723,54.43044818137536,54.64193838158729,1784600,54.662824458155264
2018-06-22,55.002235412597656,55.12755781794488,54.5557635120733,54.7280870484136,2270800,54.895185580871946
2018-06-25,54.57926559448242,54.916078177133265,53.79598107445597,54.69675946768372,2224900,54.43044161535722
2018-06-26,54.04662322998047,54.83774214184023,53.968295985713866,54.82990762461787,2559700,54.284220452511526
2018-06-27,52.393898010253906,54.250284365785205,52.20591140968943,54.250284365785205,4439200,52.950031261909515
2018-06-28,53.23200607299805,53.57665311461967,52.769871154446875,52.769871154446875,4872600,53.19284344735487
2018-06-29,53.53749465942383,54.16412465309124,52.72287805805078,53.059690633849385,4189700,53.47483245685529
2018-07-02,53.294677734375,53.772481754201806,52.668047748245485,53.10669112893072,3214100,53.245069078940766
2018-07-03,53.09101486206055,53.92129440101855,52.96569246749407,53.40432981245519,1620500,53.32600057685772
2018-07-05,54.10928726196289,54.156282413192116,53.00485340019079,53.0596830686201,2502200,53.75680769178194
2018-07-06,54.6654167175293,54.7045773503077,54.0309582922557,54.046621350169964,2722200,54.4669841200309
2018-07-09,54.81424331665039,55.088391653327044,54.555758038075744,55.088391653327044,2448500,54.819464336017724
2018-07-10,54.58710861206055,54.908252207759745,54.39128745156498,54.76726073316343,1276800,54.62888275712842
2018-07-11,54.46961212158203,54.66543327273411,53.31034827732729,53.31034827732729,1571100,54.14846455721448
2018-07-12,55.11971664428711,55.15887727248972,54.72023999031796,54.931724115369406,1850000,54.99961130236493
2018-07-13,55.25288009643555,55.31554428018079,54.892570003878646,55.04922448725626,2170200,55.15366479349833
2018-07-16,54.81424331665039,55.6053562344908,54.696749464935955,55.503531416863915,2509100,55.03878300535905
2018-07-17,55.19021987915039,55.276381643996075,54.62625413688261,54.62625413688261,1759000,55.030951886676355
2018-07-18,54.75157928466797,55.190216624571526,54.51659158058503,55.190216624571526,1617000,54.819462496608175
2018-07-19,55.213714599609375,55.33904296962398,54.61058825287448,54.68891549614081,1391300,55.054448607369274
2018-07-20,55.260711669921875,55.55052304633213,54.93172771077554,55.17454991585797,1437700,55.24765414234318
2018-07-23,55.50352096557617,55.597517224445376,55.158873992373515,55.205875109800324,2173100,55.41997072746502
2018-07-24,55.785526275634766,55.809023855837225,55.393884002962224,55.73069659650008,1886200,55.66281137814474
2018-07-25,56.39646530151367,56.451294959295204,55.769835518880825,55.769835518880825,2329800,56.20586525989657
2018-07-26,56.15364074707031,56.79593348954164,55.9499852016086,56.56094586201014,1875900,56.29985314607351
2018-07-27,55.55836486816406,56.27898510964709,55.19022022984519,56.200657861831274,2097500,55.675856735885446
2018-07-30,54.187625885009766,55.621038058363794,54.03097136402561,55.56620837842065,1993700,54.61321176913305
2018-07-31,54.503482818603516,54.55086751712009,53.990197786840305,54.471901052599215,3456100,54.34818270752131
2018-08-01,54.227088928222656,54.59033942954392,53.776973521720855,54.4639943104885,1717500,54.19813395982914
2018-08-02,54.73249435424805,54.85884552783822,53.855952667921784,54.0849596514873,1561100,54.482430850002686
2018-08-03,55.072059631347656,55.072059631347656,54.59035629011638,54.83516020066808,1204400,54.91149185093723
2018-08-06,55.59323501586914,55.60902589730982,54.961491312661465,55.14311958537887,1348000,55.387917408613475
2018-08-07,56.21708297729492,56.280252530858746,55.55375145445934,55.60113615057565,1667500,56.017028987537664
2018-08-08,56.14601516723633,56.24867699956902,55.98018377433976,56.0907380362708,1241200,56.124958647048366
2018-08-09,56.264469146728516,56.596131939967904,56.161813336846485,56.24867826242188,1027100,56.34080480784763
2018-08-10,56.08283996582031,56.414508778639245,55.95649481907228,55.98808261194816,1118900,56.15128118784395
2018-08-13,56.19340515136719,56.61982533047177,55.99598594725152,56.26447317296596,1530500,56.269738809696825
2018-08-14,56.01176834106445,56.25656618913357,55.127328271798994,55.16681451653824,1958100,55.79855426733234
2018-08-15,56.17759323120117,56.2486672585658,55.52216020271948,55.680099138666236,1601800,55.982806897495486
2018-08-16,56.76986312866211,56.84093717160543,56.20919333885555,56.501375915834615,1191000,56.60666454637436
2018-08-17,57.10940933227539,57.188375784367246,56.50925345181988,56.67508480863901,2977600,56.93567952282084
2018-08-20,57.12520980834961,57.401601474228926,56.651404991457404,57.251560972723595,1527300,57.05940542467865
2018-08-21,57.25945281982422,57.638494219700384,57.14100012308001,57.37790551656843,1984500,57.346315720868205
2018-08-22,57.3226203918457,57.40948529814358,56.87250497955409,57.06992412573031,1071100,57.201536889847794
2018-08-23,57.44108581542969,57.58322787317033,57.196287947836865,57.29894375768906,1401700,57.40686721214562
2018-08-24,57.63849639892578,57.67798264091824,57.109414494852864,57.638496398925774,1121300,57.47529784489896
2018-08-27,57.35422134399414,57.96227582765953,57.25946398792049,57.843823107811865,1300600,57.52532038652472
2018-08-28,57.16469955444336,57.51215925299679,55.93280575012557,55.93280575012557,1075600,56.86988818585524
2018-08-29,57.56741714477539,57.622694257911284,56.98305823094545,57.08571400541112,1103500,57.39105654454405
2018-08-30,57.54375457763672,57.74906622205823,57.275261314134035,57.275261314134035,1098000,57.52269403794299
2018-08-31,57.84382247924805,57.930687404542034,56.74617226844822,56.74617226844822,1548300,57.5068940507461
2018-09-04,57.70956802368164,57.820122266946,57.08572277968737,57.77274359833396,1531200,57.53847102343834
2018-09-05,58.2939338684082,58.35710945047449,57.48056782975888,57.70167634223577,2105100,58.04387038288053
2018-09-06,58.91778564453125,59.02044145807637,57.92279120455294,58.14389974126906,1807100,58.62033943572018
2018-09-07,58.46766662597656,58.96516080388922,58.37290324814565,58.720362942103606,1522300,58.60191022600381
2018-09-10,58.60190963745117,59.162579394953504,58.38869957041718,59.162579394953504,1294100,58.71772953427395
2018-09-11,58.87040710449219,58.917785783970416,58.43608246008922,58.51504893413818,1027000,58.74142511618394
2018-09-12,58.53083801269531,58.83881143761016,58.222864587780464,58.81512210104055,1362400,58.53083801269531
2018-09-13,58.941471099853516,59.0757146990477,58.73615346153834,58.95726800843834,1440300,58.917779753479856
2018-09-14,58.73616409301758,59.09152230343301,58.66509606578837,59.09152230343301,1111500,58.830927487412985
2018-09-17,58.617713928222656,58.862511818379275,58.451876491609866,58.7361606332945,1221700,58.64403407940393
2018-09-18,58.93357849121094,59.10730835434417,58.70457149205858,58.72036840221031,1237800,58.91515277920456
2018-09-19,58.42817687988281,59.052022190875896,58.143892788170646,58.941467935738395,1296600,58.54136395297645
2018-09-20,59.03623962402344,59.06782741919163,58.45977290552682,58.47556981548886,953200,58.85461331624729
2018-09-21,59.42316818237305,59.675864470530485,58.98884361299865,59.26523526155767,4077100,59.3626254219674
2018-09-24,58.86249542236328,59.209955059806205,58.61769760039455,58.99673900055553,1548200,58.89671602752134
2018-09-25,58.2149772644043,59.802229390347016,57.48057756655821,59.075722123029806,5429700,58.49926140710318
2018-09-26,58.1123046875,58.61770331154659,57.891196178404314,58.3334192213507,1977700,58.20706805915031
2018-09-27,58.001766204833984,58.712476623580585,57.93859663131168,58.12021894541786,1465300,58.21761315324208
2018-09-28,58.15968704223633,58.2860321745908,57.97016633132722,58.057025220896364,2089600,58.13862851605145
2018-10-01,58.2149772644043,58.791437980330926,58.00176114500207,58.4439842696204,2273500,58.336058796579096
2018-10-02,59.05203628540039,60.031233932370796,57.09364099145958,58.049149295925645,5882000,58.725637069743584
2018-10-03,57.804351806640625,59.241563651362206,57.58324321895378,59.23367121948565,3067200,58.20971955898554
2018-10-04,57.16469955444336,57.646402854799526,56.60402978389474,57.58322726874336,2455900,57.13837739771254
2018-10-05,57.59902572631836,57.87541139180099,56.87251851664959,57.22787667920354,1978000,57.448985211589644
2018-10-08,57.14101791381836,57.61482282355895,56.71459168762493,57.3384371282733,2030500,57.15681080833408
2018-10-09,57.251556396484375,58.033334583105066,57.02254944792788,57.29104263838381,1522200,57.435813475839105
2018-10-10,54.89043426513672,57.2436676785423,54.84304956184779,57.2436676785423,2680900,55.65905050184227
2018-10-11,53.32686996459961,55.1984060310488,53.01099805964223,54.88253412609142,4025500,53.84542468509688
2018-10-12,53.903343200683594,54.606155111718614,53.20053128964857,54.09286395681222,2926400,53.903343200683594
2018-10-15,53.71380615234375,54.22709720913397,53.500596095548914,53.84805576933093,2240100,53.813833152342205
2018-10-16,54.40083312988281,54.590353870979186,53.86385267614666,54.14023834540298,2996500,54.28501322566955
2018-10-17,54.40083312988281,55.19840836809882,53.84016333660408,54.495596512808866,3770300,54.479801611528565
2018-10-18,53.721710205078125,54.98519184402619,53.666433071647766,54.4482113943788,2850600,54.12444504025069
2018-10-19,53.650634765625,54.558758114254424,53.59535763984099,54.100750225510446,2365000,53.934916839906805
2018-10-22,53.35844802856445,54.045468844723516,53.32686024135267,53.895428361656116,1988800,53.57692570488021
2018-10-23,52.23712921142578,53.19263755705413,51.63697306818368,53.19263755705413,3260200,52.35557994555453
2018-10-24,50.665653228759766,52.37924999402548,50.55509296268215,52.197621726277575,3454200,51.199998728489135
2018-10-25,51.26581573486328,51.534308976200144,50.49193284254104,51.218437055409154,3217900,51.09735251786816
2018-10-26,50.547210693359375,51.12367134972114,49.75753092724896,50.15236930411529,2862500,50.476137656776494
2018-10-29,50.47614288330078,51.502725199774225,49.662776690517106,51.17106236820819,2096100,50.5472149245307
2018-10-30,51.03680419921875,51.09997978270373,50.29450916753602,50.547208489098296,2598000,50.8104310498195
2018-10-31,52.16794204711914,52.81317498471579,51.57847545784814,51.61033933799978,3504200,52.18653082989436
2018-11-01,51.76966094970703,52.327269825513724,51.57051622493636,52.12015761007611,2138100,51.88914900005238
2018-11-02,52.16794204711914,52.28743007833435,51.44305852526398,51.88117320316812,2659900,51.96614355023916
2018-11-05,52.797245025634766,53.02825362063701,52.04049755168015,52.20777838032019,2471400,52.62199873265064
2018-11-06,53.51415252685547,53.55398388926125,52.80519803340356,52.80519803340356,1828200,53.29111148317343
2018-11-07,54.54973602294922,54.589561329003274,53.761118387639165,53.95230173539571,1792800,54.30013857986389
2018-11-08,54.96393966674805,55.17901327833828,54.47802609074743,54.62937801431247,1854500,54.873659678611254
2018-11-09,54.9798698425293,55.115292866577484,54.39837068231842,54.70106845904365,1370200,54.83117779714174
2018-11-12,54.13550567626953,54.995812416161776,54.05584899533474,54.836492976877,1689000,54.395722362588685
2018-11-13,53.96821975708008,55.29054363064873,53.66552196697605,55.29054363064873,1729400,54.30809511823495
2018-11-14,53.147735595703125,54.860381137326904,53.052143957072865,54.079731282047135,2812300,53.68675356336763
2018-11-15,54.11955642700195,54.24700585310515,52.486567733326,52.72554376371225,2798400,53.61771000447769
2018-11-16,54.844451904296875,54.987836338556264,53.63365474187308,54.01600918162197,2016300,54.488647661575406
2018-11-19,54.49397277832031,55.027679254355085,53.832810744024115,54.717013927862276,2236300,54.45148759223317
2018-11-20,53.6097526550293,54.36650004149121,53.33094522878307,54.239044523502805,1893000,53.76906597510119
2018-11-21,53.6336555480957,54.127530546646476,53.17960584568471,53.90448944053782,2046500,53.64693064680896
2018-11-23,53.57789611816406,54.095673595477415,52.98046196989814,53.16367170534761,892000,53.5513438945132
2018-11-26,54.49397277832031,54.53379808221536,53.65756239012243,54.398381109624246,2630700,54.22844441688604
2018-11-27,55.091400146484375,55.10732905056801,54.047877645270674,54.270918766930166,1590600,54.74886894744102
2018-11-28,56.43760681152344,56.44557430120598,55.04359391036238,55.13918555431101,2343400,55.97559167436393
2018-11-29,55.6967887878418,56.24643011004607,55.63306102463267,56.01542152647346,2250500,55.858759974173516
2018-11-30,56.365936279296875,56.549146060693126,55.60122110702495,55.88002256398618,3417500,56.17210114900498
2018-12-03,56.5650520324707,57.15451853590408,55.63305038664032,56.99520523575868,2103600,56.45087365167171
2018-12-04,55.20292663574219,56.772182146635444,55.051574682327015,56.485419300430216,2588000,55.67556115490155
2018-12-06,55.099365234375,55.20292438877663,53.56196759764817,54.24702598981133,2514900,54.62141907359993
2018-12-07,53.91244125366211,55.22679719236319,52.89282159227855,54.84443678063808,2168700,54.01068667943462
2018-12-10,54.26295471191406,54.51785970674606,53.20350335819396,53.928386968297815,2114600,53.9947725922847
2018-12-11,54.27887725830078,55.71272148468878,53.8088986980709,54.748861895944415,1852200,54.60016581368682
2018-12-12,54.26295471191406,55.29054218160336,54.23109082788326,55.13919025181064,1619500,54.59486257380022
2018-12-13,53.67348861694336,54.57362673933918,53.16367856417724,54.55769175664418,2225800,53.803597973486596
2018-12-14,52.49454116821289,53.4663682216663,52.3352217707701,53.29111992318603,1981600,52.76537705354976
2018-12-17,51.737796783447266,53.03622427144521,51.40323510622919,52.58217454453077,3204900,52.05908538704055
2018-12-18,51.2359504699707,52.39098735078903,50.94121715159484,51.976769030280465,3114000,51.522718324118195
2018-12-19,51.586448669433594,53.0840147381948,50.68631370689752,51.586448669433594,3787700,51.78559237150864
2018-12-20,51.745765686035156,52.34319987340421,50.6066575923549,51.3952690180059,4426500,51.56520771726476
2018-12-21,50.85359573364258,53.25926431176684,50.71817574414675,52.27946961698271,4957800,51.61034526318539
2018-12-24,49.10111618041992,50.74206958345926,49.07721978908131,50.56682127709097,1626100,49.640135184320165
2018-12-26,51.2359504699707,51.27578184272205,48.84621396283137,49.41975169693109,2474300,50.45264875850804
2018-12-27,51.93693923950195,51.952874220053545,50.07294762431586,50.534961782974484,1743600,51.320920361290455
2018-12-28,51.51475143432617,52.438785793510185,51.33154170693172,52.10422414377011,1731300,51.76169297825603
2018-12-31,51.8971061706543,52.10421834490636,51.38729626281346,51.92100256048848,1599800,51.796206926124704
2019-01-02,51.833377838134766,52.000658642532855,50.44733254639816,51.044766595282795,2589400,51.427123009021926
2019-01-03,50.95714569091797,51.83338113621972,50.88545347894187,51.29170732100184,2231000,51.225326768693186
2019-01-04,52.73351287841797,52.90876118264805,51.66610022889118,51.88914131521536,2137200,52.43612476331907
2019-01-07,52.4547233581543,53.028261182370926,52.28744250566031,52.57421141776862,1708100,52.59014234872851
2019-01-08,52.85300827026367,53.25129771627533,52.167949936930455,53.139777157585236,1746800,52.757418641156484
2019-01-09,52.82114791870117,53.1079168252058,52.52641759848228,52.84504431467405,1665000,52.81849411412975
2019-01-10,53.6973762512207,53.729234052976075,52.58216478996308,52.73351061924847,1567700,53.33625836471995
2019-01-11,53.60178756713867,53.72923701342315,53.05214625666382,53.49026702260955,1606900,53.46105694574188
2019-01-14,53.553993225097656,53.69737764637636,53.13976886255309,53.259256893187626,1245900,53.463713244675695
2019-01-15,54.27887725830078,54.462093050666816,53.609754004262214,53.76906732834366,1759400,54.11690810440994
2019-01-16,54.54973602294922,54.7170168941743,54.14347900573639,54.374487659546986,2000900,54.47007730761997
2019-01-17,54.76480484008789,55.00378096490167,54.36651535034179,54.40634673028253,1614200,54.711700385110454
2019-01-18,55.68085861206055,55.81627554772182,54.87631233283754,55.37815478244844,2190100,55.45781549753997
2019-01-22,55.2825813293457,55.60121413049942,54.82056407154358,55.27461383802768,1539100,55.234786510462904
2019-01-23,55.63306427001953,55.680863133921754,54.94801204650744,55.47375093011706,1756800,55.420646483482905
2019-01-24,55.457820892333984,55.75255117286431,55.266637595465724,55.71272587741076,1939200,55.49233655355467
2019-01-25,56.07119369506836,56.166785360161214,55.5613836360704,55.9835695214204,1884000,55.93312089709999
2019-01-28,55.760520935058594,55.89593788446427,55.473752055485136,55.64900037938164,1734500,55.71007029166933
2019-01-29,55.54542922973633,55.935751047525635,55.28255682947695,55.88795827562847,1362500,55.587912368912974
2019-01-30,56.668617248535156,56.69251364095128,55.601204537853974,55.760517872237564,2508800,56.32077847578014
2019-01-31,56.84526062011719,56.973721295058276,56.30731354975089,56.66862183214326,2959500,56.70876515497545
2019-02-01,57.71239471435547,57.7364868369004,56.95767360009322,56.95767360009322,1960700,57.468851717116365
2019-02-04,58.18610382080078,58.26639251266118,57.27079925719628,57.81677093773533,3455900,57.90776519688608
2019-02-05,59.20576858520508,59.22182999502809,58.18608958423347,58.4911889889072,2909400,58.87122938815554
2019-02-06,59.17366027832031,59.25395508755006,58.82038884537182,59.085340888674715,2249900,59.082668070414066
2019-02-07,59.22184753417969,59.245933530414476,58.49120631167198,58.5795257149561,2392700,58.98632912542205
2019-02-08,59.623291015625,59.6393463029208,58.56346441070975,58.81236118041709,1490700,59.275367243085185
2019-02-11,59.454689025878906,59.8159912205815,59.302136215583,59.74373323189492,2058300,59.524272154014476
2019-02-12,60.080928802490234,60.233475434776715,59.791884695713144,60.20938944681742,2496000,60.03542964432669
2019-02-13,60.41813659667969,60.45025328476371,60.0889451380423,60.26558385968851,2511000,60.3191116731619
2019-02-14,60.353946685791016,60.61087424986363,59.94447240049911,60.13716654214449,1507500,60.30309777871792
2019-02-15,60.843692779541016,61.02836226770356,60.675084703723385,60.80355149994672,2838100,60.84904658365599
2019-02-19,60.321807861328125,60.7553741153173,60.29772186815662,60.65903014263131,1651500,60.45830128160068
2019-02-20,60.47437286376953,60.48240357165969,59.89628440838466,60.12912593211664,1974700,60.28435361460462
2019-02-21,60.498435974121094,60.69916071598986,60.048814512537604,60.37799990387323,1605700,60.41547040088286
2019-02-22,60.9319953918457,61.07651743498328,60.442226585970154,60.72323996828424,1731100,60.816913137599705
2019-02-25,60.8918571472168,61.41374272172225,60.71522451295897,61.34951545727996,1748000,61.006941460632675
2019-02-26,61.084571838378906,61.2692352217024,60.77946622580754,60.811582928480036,1218900,61.04442442862961
2019-02-27,61.437835693359375,61.46192781160044,60.691139294368604,60.859753493886394,1276600,61.196967599776144
2019-02-28,61.839298248291016,61.863390371600595,61.26121592720072,61.34953533576352,1924200,61.65463484903078
2019-03-01,62.16845703125,62.28086237808529,61.85532697568997,62.11225435783235,1952400,62.10154879500842
2019-03-04,61.421775817871094,62.62612436331955,60.75536815257092,62.44145489107206,2658300,61.60108944458719
2019-03-05,61.831268310546875,62.02396240088648,61.38164059890822,61.526162698071595,1659400,61.74562377011386
2019-03-06,61.6787109375,61.99184110823011,61.486016861427835,61.91155242033623,1710900,61.71885630238598
2019-03-07,61.1809196472168,61.76703878778696,61.03639753896902,61.590399974858,2599200,61.32811865799093
2019-03-08,61.29330062866211,61.34147872930501,60.29770768277667,60.88382658980961,1580100,60.97749568024793
2019-03-11,62.24073791503906,62.28891602831114,61.437838784359,61.51010289145001,1727400,61.989164242569736
2019-03-12,62.417388916015625,62.91518867966141,62.28089750724733,62.457536330658264,1922600,62.53782503430813
2019-03-13,62.842891693115234,63.32463591434462,62.577939722197755,62.682314369793595,1844600,62.91515577655253
2019-03-14,63.42100143432617,63.42903214091402,62.730507682994585,62.97941058214343,1567100,63.19351375274493
2019-03-15,63.613712310791016,63.862609126061756,63.30057595767464,63.412987491860335,2567600,63.59229913150913
2019-03-18,63.68595504760742,63.8786491124379,63.15604483791513,63.6538383491967,1242700,63.57354966598681
2019-03-19,63.517356872558594,63.96697846910181,63.204226671303886,63.95895388747413,1541700,63.56285400432143
2019-03-20,62.97135925292969,63.549447425249284,62.74654854716814,63.38083939592812,1795800,63.08911840844903
2019-03-21,63.846519470214844,64.06330560912902,62.69034918999224,62.762607152541875,1655900,63.53339142311203
2019-03-22,62.97941207885742,63.83851393514465,62.94729537737708,63.66187513981998,2462900,63.255073797126386
2019-03-25,63.22028732299805,63.27649002733347,62.537824163029235,62.73854898217508,1613900,63.01153383778692
2019-03-26,64.31219482421875,64.36839749708928,63.5494433887427,63.669879437931534,2509900,64.07667857001691
2019-03-27,63.637760162353516,64.8260469477684,62.40129528384279,63.6457847398431,4368400,63.62170079798824
2019-03-28,63.46917724609375,64.055290167427,63.107868970357465,63.75822141642914,2184300,63.54411212795941
2019-03-29,64.39251708984375,64.52901461716954,63.55750726442133,63.95092617985008,2738900,64.15967965714488
2019-04-01,64.97862243652344,65.05891111896062,64.2961594473567,64.83410035788299,1723500,64.77789766761359
2019-04-02,65.05087280273438,65.0990509070674,64.54504864948602,64.94649814034021,2425200,64.89832411976259
2019-04-03,65.09904479980469,65.50851883160536,64.72971203794374,65.38005819191275,2948300,65.11242522311794
2019-04-04,64.55309295654297,65.26767271078276,64.27207947885896,65.24358671635763,1872300,64.69761504872822
2019-04-05,64.82608795166016,64.98667148749934,64.48887171485117,64.76988524552533,2021700,64.76721038467022
2019-04-08,64.89031982421875,64.97863923542297,64.2078566586151,64.8180618290346,1468700,64.69227190608561
2019-04-09,64.83409881591797,65.07497098313459,64.31221320403772,64.65746004337693,1348800,64.74042766769675
2019-04-10,65.14723205566406,65.2676681449991,64.76986850104345,64.77789920716818,976100,65.06158956723554
2019-04-11,65.31583404541016,65.42823941814837,65.03482061356465,65.34795074128299,1422800,65.25963135904105
2019-04-12,65.96620178222656,66.0063430671925,65.24359127085654,65.54869076426397,1009800,65.73871204009187
2019-04-15,66.13480377197266,66.22312316662874,65.78152619334833,65.97422027003694,896100,66.04648437731657
2019-04-16,65.50851440429688,66.35156064927739,65.3238510986629,66.35156064927739,1262500,65.72797538407906
2019-04-17,65.48445129394531,65.8537841598612,65.44431001269629,65.66912078972038,1189600,65.59418182216761
2019-04-18,65.50851440429688,65.93405594145229,65.11509568193429,65.93405594145229,1224800,65.51922200922782
2019-04-22,65.52459716796875,65.58883056722561,65.18738101032133,65.29175568988816,1080600,65.4336029151719
2019-04-23,67.10631561279297,67.13040160833486,65.29979243953451,65.36402584473602,1913000,66.51216988688745
2019-04-24,67.0260009765625,67.45956097977576,66.88147893361398,67.16249231556046,1415500,67.12234696331741
2019-04-25,66.8252944946289,67.04207455539735,66.2311447527833,66.99390256981191,1569100,66.69950460093652
2019-04-26,67.27491760253906,67.30703430222547,66.62457127938305,67.09024811075072,1017300,67.06884106138253
2019-04-29,67.1303939819336,67.515782118091,67.04207459122378,67.22674407878993,1497500,67.22941689708279
2019-04-30,67.69242858886719,67.75666199406784,66.51216580225237,67.21069030113156,2182200,67.32041879506247
2019-05-01,65.81364440917969,67.84497828177513,65.77349700136276,67.84497828177513,2232200,66.47737323077253
2019-05-02,66.46398162841797,66.72893978207826,65.70122998978407,65.82166607105087,2358800,66.2980504667601
2019-05-03,67.93329620361328,68.10190428664198,66.69683080243522,66.82529760415285,1610900,67.57734376423015
2019-05-06,67.98146057128906,68.12598264420456,66.39172389485216,66.7369707287262,1300700,67.49972237011526
2019-05-07,67.0260009765625,67.8048077420621,66.52820146737709,67.24278097816914,2364800,67.11967006200057
2019-05-08,67.5960693359375,67.83693536257344,66.76105363387298,66.9617783855529,1268000,67.39801944412797
2019-05-09,67.69242858886719,67.79680940372693,66.84135740967976,66.93770751748076,2119400,67.44353180075795
2019-05-10,68.31065368652344,68.38291166182191,66.6887941504202,67.47563792670566,1591500,67.79411983292185
2019-05-13,67.09025573730469,67.59608615782382,66.70486754852658,66.90559235015867,2468700,67.13040314788503
2019-05-14,68.10137176513672,68.61906787037489,67.09024559530833,67.12260237331377,2116000,67.93689507693999
2019-05-15,68.79705047607422,68.90220541180896,67.74547643302091,67.75356717313173,1447200,68.48157744030136
2019-05-16,70.08317565917969,70.35820518286307,68.79702615051343,68.8860057459912,1672800,69.74613566418539
2019-05-17,69.78389739990234,70.25306153395854,69.38753757630181,69.66256716818593,1673000,69.80816550338757
2019-05-20,69.6949234008789,70.08319248214283,68.68379700175817,69.27429136284624,1130500,69.48730429492663
2019-05-21,70.46334075927734,70.59276166266761,69.69488755969938,70.13168850863632,1265300,70.25032999388145
2019-05-22,70.49571228027344,70.98105156954107,70.27730558867746,70.34201913962619,1168700,70.58468981283066
2019-05-23,69.61402130126953,70.042737863648,69.21766152095691,69.86478481942356,1948400,69.62480689529148
2019-05-24,69.70301055908203,70.34204320764638,69.525051318795,69.96185868001972,1377800,69.85670169517446
2019-05-28,69.70301055908203,70.49573640088083,69.54123279778072,69.98612472707231,2608700,69.91332658591453
2019-05-29,69.30664825439453,69.55740562690448,68.81321807715341,69.39562787136757,1774400,69.22575731948415
2019-05-30,69.75961303710938,69.8809494083929,68.87791400386925,69.28236446053151,1749400,69.50615881645717
2019-05-31,69.39561462402344,69.61401516944906,68.88600923708057,69.41178992791902,1596600,69.29854634351769
2019-06-03,68.29551696777344,69.94567587618374,67.92342321951797,69.52504386759908,2154500,68.72153868782505
2019-06-04,69.04777526855469,69.12866411718333,68.36829536294225,69.00732775852859,2546400,68.84824491622676
2019-06-05,69.91334533691406,69.98614349759657,69.30666931218258,69.66258788821524,2554500,69.73538604889774
2019-06-06,70.44718933105469,70.50381832900142,69.32281736768132,70.09936780486926,1393600,70.0912750092458
2019-06-07,70.85971069335938,71.41785423476826,70.68984226150091,70.79499714653039,1516700,70.98913572987618
2019-06-10,71.02152252197266,71.49068049263397,70.9001861167534,71.07814535488484,1121700,71.13746304378668
2019-06-11,70.41484069824219,71.53112195449512,70.14790186367343,71.53112195449512,1460600,70.69795483880358
2019-06-12,70.5927963256836,70.730314203053,70.36630500497016,70.45528461973981,1172900,70.56313851123558
2019-06-13,70.31775665283203,71.01341193211066,70.12362216160345,70.90016629794196,1448300,70.48493024884871
2019-06-14,70.11553192138672,70.41482748319608,70.01037702360604,70.33393245413868,1251400,70.18024547606295
2019-06-17,69.7919692993164,70.79500469644007,69.74343721973072,70.79500469644007,1326900,70.11013707182907
2019-06-18,70.2611312866211,70.75456131963587,70.04272459191672,70.3582016144257,1936200,70.35280573272456
2019-06-19,70.4876480102539,70.68987330433231,69.57359190273297,70.39866838714532,1633100,70.25037107243973
2019-06-20,70.8273696899414,71.3046244897885,70.58470309243727,70.97297211701384,1938200,70.90556575738906
2019-06-21,69.98609924316406,70.96487470834307,69.90521039196732,70.79500009797901,2904400,70.28539478115816
2019-06-24,69.71109771728516,70.2773260241767,69.68683167147918,70.10745753210924,1392200,69.89175180431369
2019-06-25,68.59481048583984,69.66255960906298,68.54627222699438,69.57358000117563,2581400,68.9345474406324
2019-06-26,66.14383697509766,68.16608962553562,65.73938644501007,67.96386436049183,5978700,66.68310434854779
2019-06-27,66.41077423095703,66.5644674036011,65.86072127622714,66.2651717967219,3631100,66.27865430359509
2019-06-28,66.56446075439453,66.60490209954916,66.00631711700935,66.37841081812462,4047500,66.39189332365102
2019-07-01,67.55133056640625,67.67266696205837,66.62918383373082,67.38954664839494,3782400,67.28439378739849
2019-07-02,67.64838409423828,68.78084665630425,66.08720501694025,67.1387787184496,4224500,67.50547858916093
2019-07-03,68.43302917480469,68.54627483070381,67.65648488945699,67.66457562814276,1442500,68.21192963165517
2019-07-05,69.00733947753906,69.0963190775684,67.59176278615833,67.98812870317064,2182000,68.5651404470886
2019-07-08,68.63526153564453,69.0154460646386,68.50584056042321,68.78086398990979,1783000,68.71884938690211
2019-07-09,68.92646789550781,69.01544751784493,67.8263618115453,68.4087716408697,1948100,68.58942574163268
2019-07-10,69.1286849975586,69.53313553429,68.99926403494577,69.03161464702991,2213500,69.22036152226478
2019-07-11,69.02352905273438,69.2985524513355,68.69996739387838,69.19339753506307,1759200,69.00734963264942
2019-07-12,69.3390121459961,69.39563498337958,68.75660229209366,69.29048004864636,1747200,69.16374980715644
2019-07-15,69.34708404541016,69.5573938577384,69.05587919757517,69.49268646932765,1525700,69.32011903357458
2019-07-16,69.29045104980469,69.60592189340264,69.00733080994985,69.33898312684319,1118800,69.30123458438572
2019-07-17,68.94263458251953,69.52503811545692,68.9183623686504,69.43605851221132,1142800,69.12867835554228
2019-07-18,69.23382568359375,69.32280527709791,68.34403591997619,68.8131999272847,1373900,68.96688896022262
2019-07-19,68.40068054199219,69.68683660356743,68.37641449446879,69.48461131230427,1508300,68.82131054667614
2019-07-22,68.0204849243164,68.79703534709745,67.99621888074671,68.47347369950954,1733400,68.27124638405353
2019-07-23,68.44920349121094,68.72422686350079,67.66456854926379,68.30360106722668,2005100,68.27933296799183
2019-07-24,68.79705047607422,68.8213165249802,67.74547643302091,68.35215234137632,1621400,68.4546144780251
2019-07-25,69.09632873535156,69.22575587036629,68.4006733132111,68.83748063674759,1726900,68.90758597297632
2019-07-26,70.03466033935547,70.09128317080838,69.23384378840257,69.41180302194766,1113300,69.7865957661888
2019-07-29,69.75154113769531,70.1559916678024,69.71109361611448,70.05083058026236,1309500,69.87287547387074
2019-07-30,69.67874145507812,70.16408088911518,69.36327051438275,69.42798408463455,2181500,69.73536428619202
2019-07-31,67.66626739501953,70.30610548957672,67.0551933591205,70.07797217742772,2844200,68.34252208123893
2019-08-01,68.34252166748047,68.82323650103326,67.4625797320424,67.72330441961051,2216800,68.20944596685204
2019-08-02,68.38327026367188,68.82324438990645,67.62553808229583,67.9188541664522,1869900,68.27735091195805
2019-08-05,65.89822387695312,67.67441271276851,65.47454860044827,67.40554485275905,2561500,66.34906173005663
2019-08-06,67.03073120117188,67.2996052127911,65.7026661445202,66.03672286492564,2222400,66.67766751949439
2019-08-07,67.01445770263672,67.29147496956222,65.71898363171978,66.18339968569319,2307300,66.67497210130624
2019-08-08,68.77434539794922,68.77434539794922,66.00414199610628,67.30776529810112,1460900,67.85094426400157
2019-08-09,68.0736312866211,68.6684063695917,67.38922532301095,68.61137305730458,1353100,68.0437543264079
2019-08-12,67.46257019042969,68.10622931544673,67.0877726774038,67.95957752708792,1109200,67.55219072776008
2019-08-13,68.22030639648438,68.34251622767411,67.2833249883093,67.54404965512471,1325300,67.9487158708226
2019-08-14,66.04489135742188,67.58479769981592,65.97156544405436,67.36481374354577,1685700,66.53375150043071
2019-08-15,65.25455474853516,65.88192755726803,64.89606221685418,65.00197947591528,2072200,65.34418150755245
2019-08-16,66.37895202636719,66.54190265400771,65.67010374217813,65.84935316228349,1715800,66.19698614085101
2019-08-19,67.04703521728516,67.23442774945885,66.72112786409286,67.18554382213802,1036700,67.00086361027896
2019-08-20,66.77001190185547,67.35664389533878,66.63965269006236,67.08776986229796,790800,66.92210282908553
2019-08-21,67.23442840576172,67.44626911982942,66.97370376389598,67.11221858626668,998000,67.21813376316237
2019-08-22,67.01445770263672,67.56034905769604,66.19969225944357,67.56034905769604,1254500,66.92483300659211
2019-08-23,64.9531021118164,67.16111571644953,64.66793544999423,66.89224162837418,1708700,65.59405109275339
2019-08-26,65.54786682128906,65.79229890119645,64.90420769545392,65.65379029012641,1314500,65.41479113931314
2019-08-27,65.7189712524414,66.1752378255106,65.55601446479822,65.93080575212876,947900,65.81674118091674
2019-08-28,66.02043151855469,66.11005619919297,65.14048349928757,65.40120814764457,974000,65.75699040567841
2019-08-29,66.6966781616211,67.06332000631741,66.49298686653091,66.77815343642416,794800,66.7509950114898
2019-08-30,66.56631469726562,67.14480346247814,66.22411480337823,67.12035528477315,1271800,66.64507765437399
2019-09-03,65.99600982666016,66.85151614421363,65.75157767416835,66.06933574270698,1452200,66.19970121501404
2019-09-04,67.1285171508789,67.20999244320599,66.54188510025777,66.60706782058597,1368500,66.9601315647809
2019-09-05,68.27735900878906,68.36698372108795,67.5440687336928,67.79664407771612,1793700,68.06280382118995
2019-09-06,68.49732971191406,68.83952970193522,68.31808032204576,68.342522290452,1261900,68.55164657863168
2019-09-09,66.65595245361328,68.82323130606662,66.1019117573307,68.68472268603757,1820500,67.1936985056702
2019-09-10,65.78416442871094,66.40338794640675,64.21166677225362,66.16710520654694,3050200,65.4664063824571
2019-09-11,66.19967651367188,66.35448390023066,65.26269523362987,65.78414449595202,1876600,65.9389518825108
2019-09-12,66.5582046508789,67.39741223434996,66.4359885661805,66.58264662458492,1804600,66.79720181713645
2019-09-13,66.50115966796875,67.28333377050875,66.21598678152664,66.56633618105502,2430200,66.66682674000138
2019-09-16,66.04489135742188,66.80262354305765,65.89009013492348,66.33006426363144,1468900,66.24586834513434
2019-09-17,67.25886535644531,67.27515792426921,66.40335946581855,66.41150885781289,1312100,66.9791275821777
2019-09-18,67.43812561035156,67.51960711867845,66.4522602780263,67.2670256319645,1114100,67.13666433568544
2019-09-19,67.21815490722656,68.13883770025673,67.11223762822337,67.5033215939025,1123000,67.48974341190223
2019-09-20,67.250732421875,68.02475701430525,67.18554970229853,67.28332378166324,2453100,67.48701304615959
2019-09-23,66.97370910644531,67.51145721978325,66.86779184904525,67.34850663668064,1199400,67.11765272509128
2019-09-24,66.54187774658203,67.837357751232,66.36262839357185,67.17739365913401,1396500,66.91395463046196
2019-09-25,67.0225830078125,67.36478287907738,65.71896001049527,66.57445968865746,1398800,66.70210863246172
2019-09-26,67.27516174316406,67.51959378755119,66.8025964393037,67.0714704448965,933000,67.19911732333965
2019-09-27,66.4196548461914,68.03289264031999,65.95523894148492,67.62551004965938,1541100,66.80259547599877
2019-09-30,67.43812561035156,67.53589969064403,66.44411710012669,66.7700182687689,1495500,67.1393808003741
2019-10-01,66.72113037109375,68.11437829757955,66.5255884382973,67.74773639656549,1833300,67.12036570232353
2019-10-02,67.9106674194336,68.35879069491506,66.26484471125146,67.46255036011631,3862500,67.51143427520003
2019-10-03,67.26702117919922,67.91068651214269,65.18122400036077,67.73958654508166,2168600,66.7863105639009
2019-10-04,68.7254409790039,68.83950760573101,67.3647846343555,67.63365863285439,1767000,68.30991107303014
2019-10-07,67.56849670410156,68.50547818275966,67.5359053412772,68.3099300058135,1399100,67.86996007604614
2019-10-08,66.87594604492188,67.69071145126985,66.63966333114095,67.3159201102898,1346700,67.06877360911089
2019-10-09,67.70700073242188,67.97587479532427,66.94926869271193,66.94926869271193,1332000,67.54404807348602
2019-10-10,68.39139556884766,68.61952883923986,67.47070687826648,67.6173648686851,1069500,68.160543762118
2019-10-11,68.9535903930664,69.59725577540482,68.89655706633599,69.16543112785071,1367300,69.1491344116024
2019-10-14,69.0106201171875,69.25505219965271,68.85581893338122,68.89655346968136,991800,69.04049708340715
2019-10-15,69.14099884033203,69.2550655097606,68.70102473703582,69.02693217090345,1004400,69.03236302904281
2019-10-16,69.05135345458984,69.13282873460702,68.44027953021295,68.6684128007272,1160800,68.8748205731366
2019-10-17,69.03507995605469,69.58912071585728,68.85583056079986,69.13284783261759,1092600,69.16001041090395
2019-10-18,68.64396667480469,69.58094787858398,68.44027537903375,69.24689116976045,1570300,68.88839664414081
2019-10-21,68.99433898925781,69.10025626060487,68.3017895956287,69.10025626060487,1066900,68.79879494849713
2019-10-22,67.84551239013672,69.46690001816353,67.77218648760788,69.10025185701926,1098500,68.36153296530271
2019-10-23,68.49732971191406,68.51362228546257,67.68256427881592,67.76403957889235,1495100,68.23117209206418
2019-10-24,69.0106201171875,69.10024479968034,68.1877116196312,68.51361277469671,1002100,68.76619217883301
2019-10-25,68.87211608886719,69.23061484270059,68.5136173350338,68.6765741395792,923400,68.87211608886719
2019-10-28,68.7824935913086,69.32024173918735,68.4810343715887,69.27950098271168,1033700,68.86125656736155
2019-10-29,68.888427734375,69.3528438357142,68.7499128706181,68.93731167677882,1155300,68.99706148023576
2019-10-30,68.96988677978516,69.05136206996781,68.03290540226917,68.95358799204891,1138600,68.68471808400737
2019-10-31,68.64977264404297,69.18327882882889,68.36250200978292,68.94525279986193,1174400,68.73185116088491
2019-11-01,68.85498809814453,69.38849444757587,68.51026323064691,69.07660141441593,983500,68.91791525878911
2019-11-04,68.5020523071289,69.33924841055678,68.32148035297654,69.25716569537336,981100,68.72092702355407
2019-11-05,67.7879638671875,68.92064004203458,67.21342251909915,68.43637839547637,1735000,67.9740088094404
2019-11-06,67.84542083740234,68.31326341493984,67.38578152011533,68.00957371084223,1478200,67.84815525748583
2019-11-07,68.02598571777344,68.49382828997682,67.7469245837012,68.28863406950111,1381000,68.08891286381716
2019-11-08,68.32970428466797,68.35432659960198,67.6484576820049,68.11630045185103,1718500,68.1108295220916
2019-11-11,67.98495483398438,68.5184610926107,67.76334155543248,68.09986310359237,1014900,68.08891916067586
2019-11-12,68.15731811523438,68.36251235103576,67.82900608554591,67.96033340223374,1194800,68.11627885060535
2019-11-13,68.55950164794922,68.68261945006797,67.95212842273662,68.00958256212117,1815100,68.39808317358461
2019-11-14,69.33102416992188,69.38026877895332,68.29684354604689,68.34608815507833,1077400,69.00271216497403
2019-11-15,69.5197982788086,69.62650327944641,69.06016523615509,69.61008423533418,1319100,69.4021555981367
2019-11-18,69.81529998779297,70.04511658000908,69.40491142682633,69.51981972293439,1172100,69.75510933154278
2019-11-19,70.41445922851562,70.69352040134179,69.77425417364948,70.08614717775487,1062600,70.2940779345023
2019-11-20,70.38162231445312,70.64427068368762,69.99585615232066,70.21746943194321,1151800,70.3405830501538
2019-11-21,69.73320770263672,70.5704036837522,69.42951798210957,70.5704036837522,1130100,69.91104312283284
2019-11-22,69.47057342529297,70.15181992296797,69.11763902088576,69.79888551856077,1024800,69.58001078971557
2019-11-25,69.651123046875,70.01226685982441,69.34743336216478,69.74140900011236,1028800,69.67027442295473
2019-11-26,70.68531036376953,70.71814219190132,69.76603796217213,69.79886979030393,3269700,70.38983017261432
2019-11-27,70.98897552490234,70.98897552490234,70.37339299560759,70.93973092640815,1249900,70.78378134847075
2019-11-29,70.68531036376953,71.21881035032611,70.52936074565125,70.95616198730269,578600,70.8111604865823
2019-12-02,69.5197982788086,70.6032234950851,69.19969580095625,70.6032234950851,1282100,69.77423919161664
2019-12-03,69.3392333984375,69.36385570284894,68.74006352229298,69.11762013467326,1273200,69.14771754119313
2019-12-04,69.4048843383789,69.83169178194117,69.06015958459942,69.30639512988765,1122400,69.43224523497317
2019-12-05,69.28998565673828,69.59367536959893,69.09300095052022,69.45414479694576,1173400,69.3255539922858
2019-12-06,69.87273406982422,70.09434733584159,69.56905062962139,69.75782580671547,942500,69.84537734509574
2019-12-09,69.51161193847656,69.94662278287747,69.29820814728727,69.94662278287747,1011800,69.58548095621377
2019-12-10,69.36384582519531,69.71678008290506,69.19148345682957,69.4048809060273,916700,69.42403645497664
2019-12-11,69.16686248779297,69.58546043522787,68.62515302231583,69.4130980479383,1315000,69.12582531511222
2019-12-12,69.55262756347656,69.83169494491203,68.74006024646889,69.06837223438048,1844400,69.37479425161916
2019-12-13,69.83171081542969,69.95482862163107,69.01093379012947,69.49518922928137,1255600,69.59915774239674
2019-12-16,69.69217681884766,70.47191244997217,69.66754824918533,70.11897809585624,1991000,69.94387917266839
2019-12-17,69.93840026855469,70.32416642104177,69.6182977722422,70.0779308414025,2185500,69.96028815394622
2019-12-18,69.57725524902344,72.09704008847088,68.70723373648099,71.50608597895179,3043500,70.12717635799176
2019-12-19,69.76605224609375,69.98765930381659,68.8878210153595,69.73322041123996,2192900,69.54717752175661
2019-12-20,70.2010726928711,70.5375943495866,69.57728026946741,70.20928221821448,3738800,70.1053157706417
2019-12-23,69.69217681884766,70.4472901423413,69.54443671103094,70.2502991572314,1998700,69.89463455740663
2019-12-24,69.478759765625,69.81527500896077,69.41309611647598,69.7085762756163,422500,69.56904363035392
2019-12-26,69.52804565429688,69.79890367133795,69.29001948132446,69.44596917514218,821000,69.53898960231976
2019-12-27,69.86453247070312,69.91377708119751,69.2899848794684,69.65933824426877,958300,69.68943147712302
2019-12-30,69.67576599121094,69.82350611645475,69.19971378075506,69.80709333010863,970900,69.56632862947357
2019-12-31,69.81529998779297,69.92200502134509,69.26538081898548,69.35566680336073,1034200,69.66756194270785
2020-01-02,69.85633087158203,70.28313215568096,69.52801881964278,70.17643340016411,1307000,69.88916061563526
2020-01-03,69.61830139160156,69.79887332445391,69.27357657180956,69.52801542517538,964700,69.56358376262168
2020-01-06,69.61009216308594,69.64292399301898,69.24895455788491,69.33924052469298,1196700,69.50065690466327
2020-01-07,69.2243423461914,69.45416521002846,69.03556710700903,69.3474601720245,1361200,69.23802488774297
2020-01-08,69.90557098388672,70.16821935611027,69.17508000295149,69.2981977972506,1500500,69.74962344764948
2020-01-09,70.38162231445312,70.75096943111596,69.93019249450427,70.08614211631043,1245600,70.35426141335779
2020-01-10,69.98765563964844,70.83306125330031,69.90557918782713,70.74277527768731,1048500,70.24209869359196
2020-01-13,70.80023193359375,70.89051791241192,70.1846491300328,70.26672558476783,1183200,70.62513299201282
2020-01-14,71.095703125,71.78515277139955,70.75918156280643,71.1777795692812,1518400,71.21334581973532
2020-01-15,71.71129608154297,72.08885278872927,71.23524386994765,71.23524386994765,2091000,71.67846424673996
2020-01-16,72.2037353515625,72.41713907072497,71.74410235216328,72.30222455884521,1478200,72.12165892481691
2020-01-17,72.42534637451172,72.4581781994494,72.12986621210281,72.39251454957403,1585600,72.33779692868798
2020-01-21,72.76187133789062,72.98347833920269,72.21195233364571,72.23657463801032,1796400,72.65243400357967
2020-01-22,73.59085845947266,73.82887824535648,72.99989810079265,73.22150510428231,1381400,73.47321160187393
2020-01-23,73.58265686035156,73.68935561247909,73.10660471326317,73.60727916760935,1259300,73.45953906203128
2020-01-24,72.97528076171875,73.8370927917427,72.65517199396002,73.8288832689717,1005100,73.15584851580716
2020-01-27,71.9903564453125,72.69622523027017,71.8918609420514,72.24479533453022,1512400,72.19281420587802
2020-01-28,72.77007293701172,73.09837864216891,72.03957583555616,72.03957583555616,1057300,72.6360091382456
2020-01-29,71.73590087890625,73.01631081346994,71.66202770312644,73.01631081346994,1416300,72.13807979850088
2020-01-30,72.1955337524414,72.26119740585526,70.8987047766557,71.17777217264927,1368600,71.7851453116508
2020-01-31,70.89776611328125,72.17073602113449,70.59192691183439,72.07154765590114,1718400,71.22014301541671
2020-02-03,71.55076599121094,72.26164519822467,71.43504205578839,71.45983914102443,1406000,71.74915108174133
2020-02-04,72.97252655029297,73.44369010307241,72.12939409507563,72.35257417524203,1239000,72.848536916147
2020-02-05,72.7658920288086,73.50156850717853,72.55924119091854,73.41890943331913,1570600,72.94223390896856
2020-02-06,73.11306762695312,73.45197804537453,72.74936642224935,73.23705939726544,855000,73.10480403152566
2020-02-07,72.72456359863281,72.98080861233109,72.33605902529483,72.7328250912481,886700,72.68047707875292
2020-02-10,73.1461410522461,73.22880013993566,72.6088475225377,72.6171153232519,855000,72.99459623823982
2020-02-11,72.57579803466797,73.36106892592902,72.50140043187797,73.36106892592902,847300,72.81275579749165
2020-02-12,72.71630859375,73.05521273861079,72.18728287507653,72.93948875680623,1019800,72.65293473581244
2020-02-13,73.237060546875,73.46850849163322,72.41045714046223,72.49311621980681,782700,73.03867539299016
2020-02-14,73.74130249023438,73.7495702916119,73.07175562780189,73.1626825235007,949100,73.52087613654939
2020-02-18,73.86528015136719,74.14632227958111,73.63383220895963,73.85701235157165,1117700,73.88181154663597
2020-02-19,74.48522186279297,74.68360488363845,73.98099335884537,74.16284708898812,1417300,74.38327336842559
2020-02-20,74.58442687988281,74.84067191348228,73.60903462447668,74.63402106535796,2253500,74.34471113928059
2020-02-21,73.60902404785156,74.42735952302473,73.33624345396633,74.35296194901855,1838100,73.79087567494754
2020-02-24,72.08808898925781,73.31972641300302,71.5259983686083,72.03849479835712,1768200,72.31127125695637
2020-02-25,69.11229705810547,72.62536081067985,68.99657310959806,72.32778314123733,2164100,70.24474365946112
2020-02-26,68.01293182373047,70.52580710422772,67.97160543453334,69.89758670748243,2276300,68.83678145416384
2020-02-27,65.2190170288086,68.25265034246111,65.1942199329915,67.03754219554985,2689700,66.22196243475373
2020-02-28,64.04521179199219,64.57423727832256,62.28454313005032,63.40872386512265,4052700,63.63466406678835
2020-03-02,67.84761810302734,67.97160989171725,63.54927603617804,64.15269937767728,3500900,66.45616801030754
2020-03-03,65.35125732421875,68.44275832251581,64.94622345788467,67.17804992876724,2944600,66.24674636820642
2020-03-04,68.0955810546875,68.29397039746749,65.88028384550833,66.57463393227228,1913100,67.42327843255444
2020-03-05,65.56617736816406,66.80608239124318,64.90489216659532,66.38451291758102,2360800,65.75905064200084
2020-03-06,64.06175994873047,64.40893184392894,62.177105310243824,63.18556241137727,2592000,63.549265700967744
2020-03-09,59.89568328857422,62.10271291497247,57.46546720628008,59.813024207550555,3281900,59.821287803275595
2020-03-10,63.40874099731445,63.41700879647007,59.83781484652751,61.75553432923748,2699300,62.22118821343734
2020-03-11,61.730735778808594,62.80532261024631,60.383374646514184,61.292637031163046,4562600,61.63981101185636
2020-03-12,54.93605422973633,59.168265370532815,53.4068393952602,57.58118855766513,5742900,55.83705299850978
2020-03-13,59.15174102783203,59.15174102783203,53.820151283151965,57.63906150306818,4951100,57.37454444627201
2020-03-16,47.628883361816406,53.258053218027605,47.628883361816406,52.58023873441963,5565300,49.50527331388681
2020-03-17,50.24922180175781,50.64599105820332,45.03335317532869,48.331502152316986,7262400,48.64285534509661
2020-03-18,52.32399368286133,52.803425160111416,39.56950318956797,46.2319276133114,5556900,48.23230734418024
2020-03-19,47.96779251098633,51.662710580759565,45.02508653438089,51.38166530907057,5592500,48.218529875375594
2020-03-20,42.95858383178711,48.298441551725645,42.46261985222115,48.174449768523644,5751200,44.57321507857797
2020-03-23,41.65253829956055,43.39667170498423,40.090258622699714,42.72712192065477,5166400,41.7131562090815
2020-03-24,49.23250198364258,51.141953910496895,43.611596073378934,43.62812852055522,4925300,47.99535065583947
2020-03-25,49.662330627441406,54.28304031249032,44.917626025739125,48.76959749865584,5912500,49.62099898855695
2020-03-26,54.2747688293457,54.67153483145134,49.612724159231256,49.73671274657903,3445300,52.853009273342764
2020-03-27,49.736717224121094,52.8943446153461,49.33168338778459,51.70403388890783,4114300,50.65424840908393
2020-03-30,53.249786376953125,53.68788514410288,49.827649007104995,50.158291608920145,3754700,52.25510684272033
2020-03-31,52.009883880615234,53.60522867849998,50.761714146852796,52.819957979153365,5368500,52.12560890198933
2020-04-01,50.10043716430664,51.37340727360202,48.868796598145885,49.116777010195655,5451500,50.11421367868485
2020-04-02,50.447601318359375,50.94356521909404,49.422614932675835,49.53007109757971,3716200,50.27126049004308
2020-04-03,49.22422409057617,50.84436574275881,48.645601171013446,50.348405042128604,6192900,49.571397001449476
2020-04-06,53.968936920166016,54.33264443543617,51.3981998331977,51.828033980999514,3475500,53.23326039626662
2020-04-07,53.58042907714844,56.862045396857575,53.43164022138258,56.44047592110714,4136400,54.62470489846286
2020-04-08,53.77881622314453,54.894735879853776,52.85302128019663,54.002002677079815,3171800,53.842191127731645
2020-04-09,55.00218963623047,55.95278478408214,54.3409044099467,54.74594460662508,2877400,55.0986262767531
2020-04-13,53.026611328125,54.349175555634574,52.48105319012207,54.192118885764046,1985100,53.28561335796055
2020-04-14,54.67155838012695,54.76248527529149,53.216734363978986,54.00201152162865,3233300,54.216926006465805
2020-04-15,53.63828659057617,53.84493741156205,52.85301284018157,53.555627523478336,2366100,53.44541228077327
2020-04-16,52.71250534057617,53.9110810409309,52.33226848903365,53.73749506347568,2105200,52.985284956846904
2020-04-17,55.795719146728516,55.837051831652346,54.307830780222844,54.539284986721064,2764600,55.313533919534564
2020-04-20,54.93605422973633,55.93624345992323,54.431825715260246,54.64674433777857,2372400,55.1013744683066
2020-04-21,52.91914367675781,54.18385209933581,52.712495992559454,53.704420642919295,2776900,53.27183058955103
2020-04-22,55.233638763427734,55.961047482824384,53.96893657441059,54.175587423765904,2394200,55.0545409402209
2020-04-23,55.30803298950195,56.366084264904345,55.01871677278903,55.57254580835255,2477000,55.564278009065106
2020-04-24,56.283424377441406,56.77112367926389,55.16751101109609,55.90318755739327,3032700,56.074019689267125
2020-04-27,56.67193603515625,57.027375805544125,56.18424297925528,56.78766002491189,1849700,56.62785160665189
2020-04-28,56.75458908081055,58.43259287353568,56.5975324261178,57.53159194198662,2096200,57.26157146015468
2020-04-29,57.74650955200195,58.57311288792356,56.341286403528414,58.08541364035867,2300200,57.553636281151306
2020-04-30,56.638858795166016,57.60598950807159,55.79572615260148,57.556389018638555,2463900,56.68019148527969
2020-05-01,55.05179214477539,55.96105473853379,54.51449860549135,55.49815879403517,2162800,55.175781829600176
2020-05-04,55.52294921875,55.63041169758516,53.86974240820047,54.49796276202467,1704600,55.007701108178544
2020-05-05,55.94453430175781,56.90339123954591,55.80401319728214,56.22557651070915,1466600,56.217312912861956
2020-05-06,55.48162078857422,56.55620139195649,55.34109342192672,56.45701302312681,1549500,55.79297186748581
2020-05-07,56.266902923583984,56.564480703603024,55.82053625355543,56.31649711809231,2120100,56.217306626914144
2020-05-08,55.47335433959961,56.878577588420896,55.29976838343816,56.75459212436516,2181300,55.88390010381956
2020-05-11,54.812076568603516,55.21711682797937,54.31611572536098,54.82034436949477,2235600,54.78176970731462
2020-05-12,52.92741394042969,55.28323233563748,52.81168997059375,54.91126333351959,2329000,53.67411208222031
2020-05-13,51.175018310546875,53.2001973480739,50.70385460692017,52.853022267208935,3205800,51.69302342184698
2020-05-14,52.71135330200195,52.744749488874106,50.22315741964898,50.99967530065135,3048700,51.893086736841674
2020-05-15,52.96183776855469,52.99523713775791,50.09790715473141,50.39014367241168,4548800,52.018327353681336
2020-05-18,55.38324737548828,55.62538806598121,54.256045545474535,54.51488273829,3259100,55.08822699564801
2020-05-19,54.773712158203125,57.06151486849449,54.49817213188742,55.02420424944986,3509900,55.44446638619502
2020-05-20,56.618980407714844,56.70248201248501,55.0993442069576,55.625376287786146,2158400,56.14026887571915
2020-05-21,56.276649475097656,56.635684725850155,55.750617380810155,56.276649475097656,1977100,56.22098386058599
2020-05-22,56.426944732666016,56.56053584025456,55.72557071442149,56.11800534280757,1387400,56.237683762447354
2020-05-26,57.88813400268555,58.13027465486463,57.10326474184842,57.83803176308679,3085900,57.707224466466194
2020-05-27,59.3326301574707,59.357678096372325,57.74620123775952,58.43087250561492,2217800,58.81216983053418
2020-05-28,60.184288024902344,60.95245441468637,59.507961938648705,59.908748003475985,2996000,60.21490145941247
2020-05-29,60.35129165649414,60.61848030118816,59.057099246683656,60.00895919154858,3300400,60.00895706812199
2020-06-01,60.07574462890625,60.82721459593379,59.96720144433301,60.19263924930175,1628000,60.29005355639102
2020-06-02,61.13614273071289,61.14449416499318,59.833599275212585,60.22602750249644,1577100,60.70474539030622
2020-06-03,62.44704818725586,62.62239011514479,61.169552448151535,61.5202363039294,1523200,62.079663583517394
2020-06-04,61.94607925415039,62.20491646538256,61.25305650828635,62.004526571857006,1973600,61.80135074260644
2020-06-05,66.8389663696289,67.33159277666324,63.76629419897535,63.76629419897535,3389600,65.97895111508917
2020-06-08,67.06439971923828,67.3232368738761,66.17933871026109,66.88905780445667,1848600,66.85565843445849
2020-06-09,64.98534393310547,66.4632295543829,64.87679437864327,66.34633493440748,1604100,65.44178928871055
2020-06-10,64.53446197509766,65.36107575098167,64.01678125055628,65.36107575098167,1704100,64.63743965887853
2020-06-11,60.58507537841797,63.91659125076128,60.54333093885939,63.67445056831643,2140800,61.68166585601288
2020-06-12,61.5870361328125,62.58899184417703,60.29283749954418,61.97947080368531,1856500,61.48962182551124
2020-06-15,62.66413879394531,63.089966445657424,59.85030386708788,59.96719848170831,1834200,61.86813636889687
2020-06-16,63.84144592285156,65.18574056230037,62.989784121785206,64.37582320396764,1960800,64.00565686897905
2020-06-17,63.41560363769531,64.23387232688648,63.26530964867158,64.18377645397153,1250000,63.63826187108446
2020-06-18,63.064910888671875,63.891524526533004,62.555581684970086,62.77267438743592,2533400,63.17067236672499
2020-06-19,61.76237869262695,64.44261629958127,61.30314527091303,63.899887629450035,6158300,62.50271342104042
2020-06-22,61.99616622924805,62.3134507126091,60.91906035456905,61.16955246320284,1211700,61.742892432142064
2020-06-23,61.937713623046875,62.730927948753575,61.82081901442227,62.730927948753575,1613900,62.16315352874091
2020-06-24,59.66661071777344,61.6705284144054,59.39107068080231,61.41169124831185,1767000,60.24273660432706
2020-06-25,60.994205474853516,61.244691192426686,59.31592377491613,59.40777044910981,1732100,60.51827348073211
2020-06-26,59.94215393066406,61.21964969849745,59.583118631118545,60.63517659239037,3689200,60.24830742009335
2020-06-29,61.553646087646484,61.71229154126084,60.14255261988939,60.643530551490485,2668800,61.13616341626557
2020-06-30,63.248634338378906,63.68281357975833,61.20297148544802,61.453457304223505,2867900,62.71147313452841
2020-07-01,63.70783615112305,64.05016851062622,63.0315101257766,63.27365075580461,2169400,63.59650492917529
2020-07-02,63.949974060058594,64.77659409706513,63.56589087783857,64.44260678244132,1734000,64.09748634498743
2020-07-06,64.94358825683594,65.778553405667,64.75989490484854,65.74515403528034,3007900,65.16067885578383
2020-07-07,61.737335205078125,64.70980958088478,61.67888788994528,64.48437175688085,4185800,62.70867755863606
2020-07-08,62.24665451049805,63.2402587076857,61.795772564848136,62.24665451049805,2625100,62.42756192767729
2020-07-09,60.85226821899414,62.59734899271815,60.12585249155905,62.32180891734915,1923600,61.19182323442379
2020-07-10,61.202945709228516,61.30313744642958,60.30118185274908,60.91905425650944,1373400,60.93575500280239
2020-07-13,59.808555603027344,61.653827949732836,59.658261610657355,61.51188539312757,2057800,60.37354838780584
2020-07-14,60.00893783569336,60.100784496834464,58.414151601586546,58.43919953275639,2195700,59.50795797803812
2020-07-15,61.39498519897461,61.578678547445435,60.34292734790979,60.34292734790979,1994000,61.10553036477662
2020-07-16,60.73537063598633,61.35324950895741,60.259440697242255,61.09440594909356,1391200,60.78268694739533
2020-07-17,61.36158752441406,61.51188150728966,60.50992586830475,61.13614973523997,1520200,61.127798300002816
2020-07-20,61.25304412841797,61.5619835283016,60.543325022484915,61.04430284018598,1384300,61.119450893068155
2020-07-21,61.228004455566406,61.98781953472022,60.910713577658264,61.520241024471716,1359500,61.3755125226483
2020-07-22,61.645469665527344,61.90430678621993,61.15283698550864,61.26973158003288,1388300,61.567537812418635
2020-07-23,61.09440231323242,62.17985962415293,60.84391657475158,61.50353984889202,1437300,61.372726170712305
2020-07-24,60.27613067626953,61.2530382831031,59.75009860314533,61.04429701479108,1744800,60.42642252083932
2020-07-27,60.61012649536133,60.693628119416736,59.93380665841329,60.042356221573506,1885500,60.412520424397115
2020-07-28,61.06935501098633,61.38663949780389,60.434779667072185,60.61847303270094,1994300,60.96359139195414
2020-07-29,61.41168975830078,61.45343419392437,60.22603439563183,60.76876302096726,2300900,61.030386115952325
2020-07-30,60.409725189208984,60.68526520781838,59.87534802175468,60.61846646931701,2005900,60.32344613959401
2020-07-31,60.56975555419922,60.57817917714031,59.2727939109631,60.266569381736666,2925400,60.140242880767545
2020-08-03,61.277183532714844,61.521417161132725,60.19076763747976,60.5276418292748,1902500,60.996456110442445
2020-08-04,61.150856018066406,61.5382590967963,60.92346320370569,61.00768657218945,1974900,61.20419277285614
2020-08-05,61.243499755859375,61.95935344767004,61.108747499577206,61.42878089557675,1453400,61.43720023436887
2020-08-06,61.13400650024414,61.428775428291054,60.61185761697611,61.03294874236809,1866800,61.0582131818371
2020-08-07,61.8582878112793,62.03515174985579,60.94873580397447,61.083481631769565,1469900,61.61405845503652
2020-08-10,62.649940490722656,62.68362855360643,61.52983649486588,61.647741502288596,1572100,62.28780184639832
2020-08-11,62.27937316894531,63.795303748957735,62.11936291491213,63.08787376184559,1979300,62.731346610938395
2020-08-12,62.43098068237305,62.9110244063041,62.17832981076521,62.68363797932285,1641000,62.50677829981412
2020-08-13,62.71731948852539,63.205786784697175,62.21201137281102,62.3720216471601,1057000,62.711705882011195
2020-08-14,62.582557678222656,62.919431845725555,62.23726631490391,62.51518798499433,817100,62.57975194628404
2020-08-17,62.700462341308594,63.55106816405141,62.36359460092833,62.692045145537286,1035200,62.871708368762775
2020-08-18,62.742576599121094,63.163667717236,62.3467499200386,62.751000220578746,1036000,62.75099807879857
2020-08-19,62.43937683105469,63.10470142327983,62.32989547739959,62.92784396337276,1168300,62.62465791057804
2020-08-20,62.35517883300781,62.58256522893622,61.9846165615115,62.16147407508717,1068900,62.30745354115184
2020-08-21,62.245689392089844,62.304641888987135,61.58878187979681,62.28779464682204,1214300,62.0463710536246
2020-08-24,63.60160446166992,63.64371614680158,62.254114066890246,62.52361214584619,1108900,63.166478225120585
2020-08-25,63.8795166015625,64.16586188184881,63.54264244695391,63.736347174089374,1379400,63.862673643455075
2020-08-26,63.87109375,64.19955071307089,63.2141926745385,63.62686657094085,1448600,63.761612379203136
2020-08-27,64.46065521240234,64.84805842676784,63.9806114005426,64.4101263138939,1337300,64.42977501323759
2020-08-28,65.109130859375,65.20177145386684,64.1153551937431,64.60382261463772,1115200,64.80875250232832
2020-08-31,64.40167999267578,64.9743642002052,64.14060554193208,64.64591362496607,1524400,64.50554991160435
2020-09-01,64.22482299804688,64.30061631970418,63.601603479495814,64.20797575411795,1267700,64.04234759908229
2020-09-02,65.69866180419922,65.926048263055,64.42696436854757,64.5701338583954,1423300,65.35055814526726
2020-09-03,64.29219055175781,65.92602618991671,63.761618041843654,65.82496843108015,2279700,64.65994492783939
2020-09-04,64.05638885498047,65.00805904305406,63.290006241266,64.47748003898711,1823000,64.11815137976684
2020-09-08,62.56571960449219,63.43316628674129,62.40570292221068,62.784688786770985,2667500,62.80152960448138
2020-09-09,63.820579528808594,64.4185282456981,62.456248189692865,62.978397151441705,1455200,63.56511865473319
2020-09-10,63.41633224487305,64.74697544775023,63.18893941677251,63.91321673717795,2209600,63.7840823697986
2020-09-11,63.155235290527344,63.997417409338155,62.74256785140515,63.6605432767459,1566900,63.298406850423554
2020-09-14,65.37017822265625,65.66494067848419,63.6689667484385,63.913200333364394,2085600,64.90136188319298
2020-09-15,66.45660400390625,66.85242426157234,65.57231007696187,65.58915089470358,1599000,66.29377944748016
2020-09-16,67.16403198242188,67.81250946406789,66.6503003146733,66.72610005557969,2082700,67.20894725372102
2020-09-17,66.97032928466797,67.1808748458847,65.6902150996201,65.74916759974717,2068200,66.61380641005759
2020-09-18,66.18708801269531,67.31561536544825,65.6144103542511,67.18086314557469,2650400,66.37237124413156
2020-09-21,64.63748168945312,65.49650467759004,63.67739452757184,65.32807081335616,1617600,64.60379363153834
2020-09-22,65.35335540771484,65.49652487900612,64.46064408631979,64.99964032852156,1235300,65.10350812434692
2020-09-23,64.06481170654297,65.7491764222931,63.74478472367337,65.62284778354355,1974300,64.51959095083647
2020-09-24,63.9300537109375,64.72170060753629,63.23104094477176,63.77846065833939,1356200,63.960931754415185
2020-09-25,65.43755340576172,65.64809895265972,63.43316211241524,63.57633154222424,1328400,64.83960482361222
2020-09-28,67.0208511352539,67.23139665420707,66.3386792846149,66.3386792846149,1579900,66.86364235802529
2020-09-29,66.67556762695312,67.39984488072233,66.44818124511428,66.98717737461591,1687200,66.84119791759657
2020-09-30,67.18087768554688,67.74514469671753,66.5576645970982,66.75136934875513,2044000,67.16122899312087
2020-10-01,66.82716369628906,68.17465408066222,66.27974392051031,67.46722403836918,1509700,67.09385389915387
2020-10-02,66.89454650878906,67.36616658412875,65.69022545182527,65.6986490746968,1613300,66.6503128482477
2020-10-05,68.59573364257812,68.88207891515232,67.34930765703837,67.49247708065552,2556400,68.27570673825626
2020-10-06,66.89454650878906,69.77480869805633,66.59136033883023,67.94727448077344,3443300,67.75357184855854
2020-10-07,67.81251525878906,68.35151783645895,67.51775274194371,67.73672193674639,1941200,67.89392861239725
2020-10-08,69.11788177490234,70.32220238412305,68.6883671229223,69.05892928740228,1855700,69.37615042731589
2020-10-09,69.39584350585938,69.88431092765114,68.70525407087008,69.5137485490032,1359500,69.32846950146019
2020-10-12,69.90955352783203,70.44854967813907,69.4042454400868,70.08641103727582,1799400,69.9207828820193
2020-10-13,69.901123046875,70.46538358240062,69.54740806269538,70.18746191254222,1559200,69.97130489732366
2020-10-14,71.0296401977539,71.36651434638328,69.96849530378033,70.12850554474082,1808200,70.7882166159725
2020-10-15,70.13694763183594,70.71805553058846,69.547422535523,70.28854071736522,1315200,70.1341418993158
2020-10-16,70.51589965820312,71.29070553382843,70.22955444526596,70.541164089422,1346100,70.67871987909918
2020-10-19,69.0,71.00439167428473,68.74734272556836,70.5833005004596,1401900,69.58391146661769
2020-10-20,69.29475402832031,70.19588877264749,68.77260514910718,69.40424183228998,991300,69.42108265002499
2020-10-21,69.58109283447266,70.05271279109631,69.05893757868216,69.34527643082082,1186900,69.56424773475038
2020-10-22,70.73487854003906,70.91173602440031,69.27790698658401,69.64846277152851,1168200,70.30817385034113
2020-10-23,71.61074829101562,71.68654802686156,70.79383056486058,71.21492164635576,1203800,71.36370896091259
2020-10-26,69.46320343017578,70.75174140457786,68.89051917207026,70.36433829252726,1389600,69.70182133560796
2020-10-27,69.0,70.05272793456284,68.8652477402121,69.58952507321864,957700,69.30599189159165
2020-10-28,67.50091552734375,68.8568296025696,67.33247520490933,67.86305418890112,1598300,67.89674011160757
2020-10-29,69.43792724609375,70.07798758564203,67.06297344511141,67.25667819897741,1477000,68.85962942561572
2020-10-30,69.79432678222656,69.87069436661491,68.76756603441041,68.83545264766033,1864900,69.47752906108396
2020-11-02,70.68531799316406,71.38113956650702,69.93009725407317,70.59197552212824,1446600,70.66551827124808
2020-11-03,73.43466186523438,73.89288678110161,71.27082306375416,71.27082306375416,1623600,72.86612390336337
2020-11-04,72.54366302490234,75.92943470809794,72.39940884089276,75.79366149442552,2410700,73.62416885796435
2020-11-05,73.48556518554688,74.5377816457493,73.06977106784173,73.92682163513112,1477600,73.6977059663793
2020-11-06,74.6905288696289,74.99601213486447,73.43465897834788,73.68922405002863,1146100,74.37373332761375
2020-11-09,76.87133026123047,80.57106599813673,76.83739343342577,79.136998721554,2402700,78.09326323093099
2020-11-10,77.46534729003906,78.65333724864523,75.89550642196369,75.89550642196369,1596700,77.33806365354933
2020-11-11,77.68595123291016,78.20357522076546,77.09195320267136,77.88960455589543,1073900,77.66049321878232
2020-11-12,76.70162200927734,78.04235332953225,76.25188457914675,77.7708133826219,1205200,76.99861997265212
2020-11-13,77.95751190185547,78.05933535343533,76.74406613634366,77.31260198774504,905000,77.58697113054482
2020-11-16,79.02668762207031,79.18791669999656,78.05084513194909,78.45815183804658,1378200,78.75514981800532
2020-11-17,78.49209594726562,78.61089427726394,77.66050116325401,78.14418192796812,1584500,78.2544971292612
2020-11-18,77.98294067382812,78.99272623733697,77.91505408034229,78.39024728669939,1593900,78.29690699716913
2020-11-19,78.13568878173828,78.25448709322478,77.13438410347887,77.80474970345124,1166600,77.84151999281397
2020-11-20,76.91377258300781,78.12721829137664,76.87134183083157,78.12721829137664,1230500,77.30411090173867
2020-11-23,78.04236602783203,78.18662023190727,77.12591613013512,77.66050866677962,1697500,77.78496746329148
2020-11-24,79.53584289550781,79.60372304090336,77.74537377096004,78.39027723337607,1716600,78.96164656912374
2020-11-25,79.01821899414062,79.76495238797501,78.5684749946237,79.76495238797501,921800,79.11721545891311
2020-11-27,79.23036193847656,79.42552788258264,78.70425033336213,78.96730289890706,557000,79.12004671814044
2020-11-30,79.04368591308594,79.23037090616049,77.81326503783333,78.924887549134,1847800,78.69577395235991
2020-12-01,79.40855407714844,79.73100579607109,78.92487326175241,79.5443208367912,1369000,79.35481104499064
2020-12-02,78.76364135742188,79.44249455350746,78.30541642116768,79.3661204937865,1417200,78.837184110699
2020-12-03,79.17095184326172,79.56129015165948,78.3648128914202,78.3648128914202,953200,79.03235162878046
2020-12-04,80.16378021240234,80.23166683374656,78.89942264148284,79.4085593535154,1663700,79.76495656254392
2020-12-07,79.3830795288086,79.96010268802236,79.03516555494882,79.70553117183118,1458800,79.45944925725992
2020-12-08,79.19641876220703,79.56978223270558,78.67879460239983,79.52735794975268,1003600,79.14833186577081
2020-12-09,79.10307312011719,79.44249974032121,78.53453725383943,79.17944071080034,1518700,79.02670337142594
2020-12-10,77.50775146484375,78.56845535378034,77.38895314720467,78.43268862248829,1888100,77.82171998860959
2020-12-11,77.91507720947266,77.97447637789996,76.99014637624398,77.30411063477814,1738800,77.62656665453886
2020-12-14,77.49928283691406,79.06912354773533,77.46533953017983,78.4666444197563,1397000,78.01124863827641
2020-12-15,79.3661117553711,79.38308664411738,77.22773542898287,77.73687203297786,2300500,78.65897794282378
2020-12-16,80.16378021240234,80.4777445065764,78.44119765844619,79.28127355700113,2836600,79.69424079247499
2020-12-17,81.16506958007812,81.24992460339712,80.04496643980684,80.4777290009407,1484400,80.81998687442736
2020-12-18,82.24273681640625,82.42093429641307,81.26688792434933,81.57237116836755,3192000,81.97685301238955
2020-12-21,81.96273040771484,82.45489870171102,80.57957448564754,81.15659781936127,2159800,81.66573453169114
2020-12-22,81.99667358398438,82.47187345886783,81.76756432972012,81.81847605866227,2146700,82.07870379085745
2020-12-23,80.10438537597656,84.81390830989321,80.03649875095536,84.4320573736925,3367400,81.65159747894171
2020-12-24,80.36743927001953,80.62201088100078,79.23884838817435,80.528668388576,842200,80.07609951306489
2020-12-28,80.01952362060547,81.28388115396756,79.55281120525822,81.14810791531222,1192600,80.28540532661042
2020-12-29,79.03518676757812,80.6050276080339,78.84002083026961,80.6050276080339,923800,79.49341173529388
2020-12-30,78.18660736083984,79.78190373663907,77.80475653667172,79.1963995711828,1702600,78.59108921138353
2020-12-31,79.0691146850586,79.27276802861314,77.86415656416156,78.32238144267657,1343800,78.73534642594443
2021-01-04,76.6761703491211,79.35762666242742,75.7257772458859,79.09457414527391,2200600,77.2531914191448
2021-01-05,76.38766479492188,76.99015043015332,75.95490217674602,76.74406629827584,1258700,76.4442391339404
2021-01-06,77.34652709960938,78.10174773326493,75.98882744775797,76.36219080575297,1849700,77.14570076021076
2021-01-07,77.66899108886719,77.97447436834153,76.81194041734062,77.21076616965567,1649800,77.48513529151644
2021-01-08,78.08477783203125,78.49209099060668,77.4228996141163,77.61807198623065,1236300,77.99992281225141
2021-01-11,77.21925354003906,78.01690504389846,76.86285853900455,77.67747845880784,1184500,77.36633904098069
2021-01-12,76.98165130615234,77.28713456324209,75.96337162451213,77.03256302432625,1135300,76.74405249796887
2021-01-13,75.99732208251953,76.76103029714102,75.83609946844994,76.60828865421672,2240000,76.19815061603684
2021-01-14,74.73297882080078,76.20099636004952,74.58872459571405,76.08219800126928,1657800,75.17423325885478
2021-01-15,74.98753356933594,75.10633190140179,73.78256888491671,74.30019296349946,1658400,74.62547811855148
2021-01-19,74.96208953857422,75.68337362598076,74.71601184351154,75.25909191528285,1722300,75.1204916693555
2021-01-20,75.79366302490234,76.05671553917546,74.5038498390853,74.5038498390853,1633300,75.45140946772104
2021-01-21,74.29171752929688,75.83610243527288,74.0371459564559,75.5391001089504,1469300,74.72165530700856
2021-01-22,73.7146987915039,74.24080391261234,73.2904171265974,74.02018210815854,1730300,73.74863994357122
2021-01-25,73.79106140136719,74.07957628051611,72.63701483281946,73.48557810533843,2440700,73.50255083823426
2021-01-26,74.10502624511719,74.69901789899738,73.45162895182548,74.04562707972917,1663600,74.08522436531335
2021-01-27,74.06256866455078,74.81778912547134,72.38241775280302,73.13763821372358,3793300,73.75425851427504
2021-01-28,75.5984878540039,76.48099430604658,74.58870210880083,74.69901298754752,3323700,75.55606142295044
2021-01-29,74.61581420898438,75.18833435407258,73.69294182862502,75.18833435407258,2248500,74.49903013056066
2021-02-01,76.30774688720703,76.9144482150523,74.24837462336852,75.0003410889949,1861500,75.82352324187595
2021-02-02,77.35877990722656,77.79458177998535,75.96593112254966,76.75207866288044,1686700,77.03976426992052
2021-02-03,76.86316680908203,77.36733106582518,76.15392851072518,77.36733106582518,1516600,76.7948087952108
2021-02-04,78.25601959228516,78.28165384663615,76.85462385302297,77.16224794402133,1181800,77.79743243064809
2021-02-05,78.29873657226562,78.78580693447333,78.0594748532012,78.61490756925384,1217100,78.38133945331339
2021-02-08,78.36711883544922,78.52093091098021,77.35879667794488,77.4442463822633,1106400,78.08228214145811
2021-02-09,77.66642761230469,78.34149141835029,77.5724309735265,78.32440408375204,1394900,77.86011666806048
2021-02-10,77.29042053222656,78.19620549087988,77.24769894737835,78.19620549087988,971700,77.57810832349493
2021-02-11,77.15370178222656,77.84585273411925,76.9229804520001,77.5980440739543,1177000,77.30751165611531
2021-02-12,76.39319610595703,77.11098138418421,75.8890318105788,77.11098138418421,1482600,76.46440310024002
2021-02-16,75.8804931640625,76.57264420117401,75.41051004047188,76.34192284254075,2311100,75.95454913523612
2021-02-17,76.2052001953125,76.3760995833714,74.91488830146837,75.36777754727883,2448400,75.83206269338409
2021-02-18,77.99967956542969,78.69183064851474,75.80358890635524,75.94885405624316,2238400,77.49836637343323
2021-02-19,77.11951446533203,78.23037988533217,76.78625614321055,77.4869539640035,1746900,77.37871683129158
2021-02-22,77.2391586303711,78.042400119197,76.15393379536485,76.8546317368745,2037100,77.14516418164432
2021-02-23,77.65784454345703,78.3670892080128,76.46153609648596,77.02550914728774,2198500,77.4954899493186
2021-02-24,79.77703094482422,80.06756113111065,76.40172003317306,76.94005882979371,2070500,78.74877070303597
2021-02-25,78.11074829101562,80.1530263050345,77.7689430481295,79.4779627431674,2125000,78.67757254805987
2021-02-26,77.82022857666016,78.61492316947518,77.17934605082205,77.85440976036548,2407300,77.87149926565246
2021-03-01,79.25579071044922,80.06757248193652,77.9398447238731,78.6149083057825,1571500,79.08773597208628
2021-03-02,78.73454284667969,79.64032126807452,78.31583481482271,79.20452590649394,1515400,78.8968996431923
2021-03-03,77.3160629272461,78.57218707392533,77.20497246164643,78.21329446058841,1512400,77.69774082093929
2021-03-04,76.31627655029297,78.17056797509333,75.78648458840124,77.2733299785966,2246800,76.75777637126252
2021-03-05,78.71746063232422,79.01653781737156,76.2906489320965,77.13661197534289,2375000,78.00821579393076
2021-03-08,79.64032745361328,80.75119303432982,77.05116325974252,78.00821678342746,2017800,79.14756124922854
2021-03-09,80.7939224243164,81.63133856637205,80.01631520158516,80.6657446215219,2071000,80.81385873075787
2021-03-10,80.92211151123047,81.49463828708728,80.53758453764176,80.85375565150923,2162500,80.9847781119865
2021-03-11,81.31517791748047,82.32349349839592,81.1357250733779,81.3322652496171,1438200,81.5914654964181
2021-03-12,81.39207458496094,81.46897735289761,80.56319887154392,80.95627267513879,1527400,81.14141693646748
2021-03-15,83.52835083007812,83.58816626810652,81.33226043475872,81.33226043475872,1431200,82.8162591776478
2021-03-16,83.77617645263672,84.18633767653829,83.17801543197051,83.63945169840612,2034600,83.71350985371517
2021-03-17,83.72488403320312,84.28885718495046,82.68238089762319,83.323263331523,2018100,83.56537403859225
2021-03-18,83.1352767944336,84.0410552876585,81.95605536819399,82.80201842355297,1761400,83.04412915009536
2021-03-19,81.89622497558594,83.52834199972298,81.82786913891827,83.3745299582828,7898700,82.4174787047424
2021-03-22,82.52857971191406,82.68239177706451,81.51171069678645,81.6655227619369,1696800,82.24089406192168
2021-03-23,82.16112518310547,82.93872577357338,81.69968907165942,82.53710509216332,1486700,82.26651334277942
2021-03-24,82.85328674316406,84.19486714879736,81.89623322014528,82.28076662215356,1984700,82.98146237070223
2021-03-25,84.0068588256836,84.21194587768565,82.5114666316463,82.98144964324362,1701500,83.57675711167185
2021-03-26,86.15169525146484,86.31405423260563,83.6223465127027,83.8445209312016,1904100,85.36269866559105
2021-03-29,85.69025421142578,86.22005271175608,84.67338531476031,85.95515020189426,1538800,85.52789741264739
2021-03-30,84.79302978515625,85.86116728032685,83.9726944517986,85.4766338704291,1547800,84.87563050576057
2021-03-31,83.75906372070312,85.29718426215396,83.60525166655803,84.79302651319674,2176100,84.22049988313837
2021-04-01,84.39139556884766,84.62211036243228,83.26344281482677,83.26344281482677,2234800,84.09231624870223
2021-04-05,85.75860595703125,86.4336694963734,84.98954581604701,85.15190476786384,2382800,85.7272737564839
2021-04-06,81.53733825683594,81.85350928683954,79.24725131903658,81.18699256573414,4126500,80.87936628757069
2021-04-07,81.01609802246094,82.7422120226469,80.78538317103522,81.49462809704623,2520200,81.51456440538102
2021-04-08,82.067138671875,82.42603129624186,81.178447516733,81.71678645328328,2178100,81.89053916161662
2021-04-09,82.340576171875,82.48584129319566,81.32370728384386,82.13549561710506,1454700,82.0500415829715
2021-04-12,81.90476989746094,82.62256157976357,81.40061220247335,82.5200180481795,1751900,81.97598122656596
2021-04-13,82.272216796875,82.51147853934738,81.18699203083429,81.81932756728179,1767900,81.99022912235222
2021-04-14,82.673828125,83.1010830507106,81.48605995307597,82.18675777046563,1411600,82.42032370959552
2021-04-15,82.29784393310547,83.22071616228949,82.10131031281568,83.00708869364836,1747600,82.53995680273688
2021-04-16,83.3147201538086,83.40016984495944,82.17822035526116,82.54565989466396,1782000,82.96437011800974
2021-04-19,82.400390625,83.15235699647242,81.9560483417193,83.0754542341211,1998000,82.50293198773058
2021-04-20,83.32328033447266,83.47709241077123,82.46022332194205,82.76784747453921,1301300,83.08686535572865
2021-04-21,83.92996215820312,84.13504270568717,83.075452271061,83.63088500158199,1222800,83.71348571165043
2021-04-22,83.98123931884766,84.55375943757235,83.40017227494079,83.57107818161559,1627800,83.97839034378693
2021-04-23,84.79302978515625,85.15192241887904,83.72489228998565,84.11796610588117,1277100,84.55661483134031
2021-04-26,84.46830749511719,85.26300201166498,84.20341149606578,84.65630072775764,1026700,84.64490700094932
2021-04-27,84.69902038574219,84.78447006858552,83.85305092323235,84.17776884518709,1191500,84.44551379252002
2021-04-28,83.6137924194336,84.71611097287035,83.27198715552099,84.70756404843942,1759400,83.86729684927498
2021-04-29,84.89556121826172,85.24591342290101,83.57107472316083,84.08377938318031,1590300,84.57084978810785
2021-04-30,83.30615997314453,84.7673709733137,83.0925325195632,84.51956886422478,2380200,83.72202115534049
2021-05-03,84.64775848388672,85.05792615227512,83.59671483511866,84.117966456486,1265800,84.4341331570935
2021-05-04,86.11750793457031,86.17732336766676,84.02396125680173,84.29740416801305,2181400,85.4395975196796
2021-05-05,85.77572631835938,86.34825307232036,85.0237597350218,86.33115921849732,1651900,85.71591304190052
2021-05-06,86.80966186523438,86.86093689493413,85.63044049243584,86.11751089852584,1518100,86.43367975086812
2021-05-07,86.31404876708984,86.91220310279516,85.35699531056802,86.85238766922463,1406000,86.19441572681768
2021-05-10,85.82697296142578,87.68125780456946,85.79279178448485,86.43367418349337,2348900,86.43367418349335
2021-05-11,85.18186950683594,85.82699121659691,84.399125244835,85.4313173554456,1450400,85.13599532275595
2021-05-12,82.86803436279297,84.72598811512292,82.6788041658121,84.18408821861885,1769800,83.42427554790932
2021-05-13,84.75177764892578,85.18185873437655,83.00564949199831,83.2637007682754,1261200,84.31309529176688
2021-05-14,86.11083221435547,86.39468729507797,84.96681499509184,85.3280815182752,1027000,85.82411150150843
2021-05-17,85.88719177246094,86.11083577523439,85.35389542452285,85.82698068277384,971000,85.78397432407273
2021-05-18,85.2420654296875,85.99040884230136,85.19045780209903,85.97320192476107,1468600,85.47431069136263
2021-05-19,85.06144714355469,85.11305478022739,83.6335811746318,84.64857292513832,1738600,84.60269436613795
2021-05-20,86.54951477050781,86.9623889125912,84.64855727514666,84.85499434618835,1609800,86.0534869860819
2021-05-21,86.66134643554688,87.55591596044812,86.33448714400335,86.9193977348035,2646500,86.85058317999945
2021-05-24,87.64192962646484,87.8999809220521,86.97960759281591,87.2978634198542,1993200,87.50717271377762
2021-05-25,86.95377349853516,87.79673514670635,86.7731402658946,87.79673514670635,1134200,87.17454963704536
2021-05-26,86.52372741699219,87.10863807600907,86.16246080591297,86.65275308166845,1433400,86.59827543297142
2021-05-27,86.7731704711914,87.1774478022394,86.27428132464898,86.64415137619102,1223200,86.74163319935992
2021-05-28,86.99681091308594,87.47849968123673,86.75596652901055,86.75596652901055,1041100,87.0770923744444
2021-06-01,86.86778259277344,87.84836701925754,86.42910457633171,87.10003007208219,924400,87.04841806278756
2021-06-02,87.63330078125,88.07198523166467,85.91297680905221,86.17102802988794,1262800,87.20608760732229
2021-06-03,87.6161117553711,87.89136336400453,86.60972367654091,86.92797945252947,925100,87.37239959863884
2021-06-04,88.21823120117188,88.46767902121425,87.72793902040353,88.30425266930256,1069000,88.13794974759655
2021-06-07,87.52149200439453,88.58809115053086,87.20322967096374,88.26983537961596,1205800,87.77093760862971
2021-06-08,88.62248992919922,88.87193769703657,87.67631304042962,87.73652411801,933300,88.39024688888848
2021-06-09,89.0955810546875,89.65468766417641,88.69990732432242,89.01816306259693,811500,89.1500586810621
2021-06-10,90.13640594482422,90.42026107171232,88.9923885395,89.1988256488198,2655000,89.8496851853455
2021-06-11,90.31703186035156,90.46325786074047,89.82673966418176,90.162202400376,901100,90.2023431284246
2021-06-14,89.87834167480469,90.29982585546809,88.62250571689589,90.17080021980615,1037200,89.60022441572289
2021-06-15,89.74932098388672,90.03317608547869,89.25043189436614,90.02457918847297,1378900,89.67764298791052
2021-06-16,89.30203247070312,90.10198351765648,88.65691087033804,89.98156134392296,1007300,89.35364228623256
2021-06-17,89.66329956054688,90.16219517633043,89.00958105970945,89.2074146767336,881200,89.61169193219558
2021-06-18,87.75374603271484,89.11280390348395,87.50430476610194,88.58810442885179,2246500,88.12361823410025
2021-06-21,89.16442108154297,89.37085818194642,87.7795593480738,88.25264464326993,988700,88.77161287052105
2021-06-22,89.13861846923828,89.5773030880246,88.48489983391012,88.96658863099775,1810900,89.06694046372434
2021-06-23,88.9837875366211,89.23323539175851,88.23545053372642,89.1644273950966,1484300,88.81749115403534
2021-06-24,89.69770812988281,89.92995558585258,88.88915360727405,89.61169322721551,1465900,89.50560577433647
2021-06-25,90.84174346923828,91.35783955060408,89.46548506475689,90.54928486686977,3146100,90.55502269486642
2021-06-28,91.95993041992188,92.27818618707917,90.79010947506201,91.19438013705867,2161800,91.67607536068768
2021-06-29,92.5018539428711,93.09536802611274,91.78791766339455,91.83952530106164,1481900,92.46171321079278
2021-06-30,92.29541778564453,92.96634333233601,91.89114045301824,92.58786981881053,2102200,92.38430052366625
2021-07-01,93.30178833007812,93.43941085990218,92.02014857961079,92.02014857961079,1387700,92.92044925653038
2021-07-02,93.52542114257812,94.00710978314926,92.59644456789191,93.91249143410627,1660500,93.37632516453976
2021-07-06,93.3878173828125,94.07594982375616,92.40723292010405,94.07594982375616,1509800,93.29033337555757
2021-07-07,94.45440673828125,94.60063929616551,93.5340334696193,93.66305910892112,1879300,94.19635983468868
2021-07-08,94.80706787109375,95.89947085241981,93.66305070117018,95.40058182109482,2370300,94.78986314156124
2021-07-09,96.25215148925781,96.44998512024175,94.27377580431781,94.27377580431781,1562600,95.65863747127246
2021-07-12,96.05431365966797,96.56181278264921,95.52101728257219,96.25215385803756,1452000,96.04571457496313
2021-07-13,96.01991271972656,96.66503442815329,95.65004267772788,96.27796402810421,1292200,96.11166327520259
2021-07-14,96.62200927734375,96.82844634172268,95.98548460485847,96.27794312836824,1092000,96.4786467413083
2021-07-15,96.91447448730469,97.15531885575807,96.41557883121305,96.66502665925887,1982300,96.82845739142527
2021-07-16,96.2091293334961,97.2929354143082,96.13171789469608,97.18971360005887,4006100,96.54459421416679
2021-07-19,94.11034393310547,96.0371053106099,93.52543340890564,95.52100933337863,2167900,94.55762755087368
2021-07-20,95.0135269165039,95.81347811839196,94.21357571461587,94.53183812827629,2460400,95.0135269165039
2021-07-21,95.81346130371094,95.88227585067193,94.41139936259172,95.18554660961193,1947800,95.3690455056582
2021-07-22,95.42639923095703,96.13173199213924,94.69525609054045,95.8736806999314,1020500,95.41779577121224
2021-07-23,96.55321502685547,96.768255594844,95.35758999384056,95.5812340220535,1271800,96.22635353851335
2021-07-26,96.92308807373047,96.95749535317834,96.07152923557761,96.54461456232141,1328900,96.65070422082881
2021-07-27,97.3875732421875,97.98108730838813,96.4671998759509,97.0607073796342,1231900,97.27862014217551
2021-07-28,97.00048065185547,97.33594992055204,96.44997741286642,97.06069173854127,1130200,96.92880266175797
2021-07-29,97.740234375,98.18752242124523,97.18973105848062,97.41337508160323,921900,97.7058292849086
2021-07-30,98.47563171386719,98.64001943566322,97.4893185848033,97.4893185848033,1290000,98.20165657811124
2021-08-02,97.97383117675781,99.39273815629255,97.89596746975182,98.7525012511017,1140100,98.42084560093406
2021-08-03,99.32352447509766,99.46195103824076,97.15190207106309,98.0863061254911,1131000,98.64579252813382
2021-08-04,98.85633087158203,99.37544207910187,98.31991221665915,99.14183774516081,1081400,98.8505617224477
2021-08-05,99.75611877441406,99.88589161532558,98.752498132321,99.28026302154983,1036400,99.4648361740202
2021-08-06,99.85130310058594,100.06759999845478,99.20241240697939,99.49657301966943,1036500,99.70710516867337
2021-08-09,99.65229034423828,100.31848177361523,98.99474603670909,99.44464720533405,953200,99.65517271818753
2021-08-10,100.24928283691406,100.30984570080109,99.26296956740698,99.64364759718669,972500,99.94069936837404
2021-08-11,101.01929473876953,101.32210904476882,100.18871552766142,100.45692154142411,992000,100.84337310373326
2021-08-12,100.80299377441406,101.11446179105371,100.56938946150605,100.82029461940225,797800,100.82894834232461
2021-08-13,101.37400817871094,101.55569674438078,100.62994647119287,100.78568047046075,822900,101.18655046476152
2021-08-16,102.25651550292969,102.28247007249458,100.75108445959654,101.20963939171843,950600,101.76335667834026
2021-08-17,101.26154327392578,101.9623430192241,100.75107922917451,101.79796188689454,1023800,101.32498850744146
2021-08-18,99.24563598632812,101.50377540369743,99.10720944854756,101.00196517742529,1071900,99.95220694619104
2021-08-19,99.72150421142578,99.98971020025009,98.65732077688492,98.83900934359069,1338000,99.45617839618693
2021-08-20,99.85993194580078,100.05027423722284,99.28025794981997,99.77341452266064,1567800,99.73015471094787
2021-08-23,99.9031982421875,100.47421854008584,99.59173022484056,100.11949510974195,1531900,99.98971566903798
2021-08-24,98.88229370117188,100.09355768712955,98.7871225350772,99.91186907936455,1168300,99.25432464112622
2021-08-25,98.83038330078125,99.46196655772282,98.59677895029567,98.67464926741006,993100,98.96304293626658
2021-08-26,98.10359954833984,99.21103837312538,97.80943899838073,98.9428323892384,1754100,98.37469230661532
2021-08-27,98.95149993896484,99.22835968384943,98.13822155049147,98.21608525958854,1264900,98.77269372443526
2021-08-30,99.08128356933594,99.60040142323402,98.8822941127517,99.06398272127294,734100,99.18799303510723
2021-08-31,99.03800964355469,99.44464880606097,98.46698275130593,99.41004051554378,1440700,98.98321373364053
2021-09-01,98.3025894165039,99.25429418455857,97.40279377735138,99.2283396201075,1554700,98.31989245947129
2021-09-02,98.38911437988281,98.76979895665245,98.01708352554597,98.53619465695975,1089100,98.39199895402707
2021-09-03,98.28530883789062,98.59677689815027,97.78349845182149,98.03440364485606,740400,98.22186139595412
2021-09-07,96.2867202758789,98.09495903145977,96.13098625762521,98.09495903145977,963300,96.83755518832129
2021-09-08,96.97885131835938,97.01345960604127,96.0790622420538,96.17423338296503,1214900,96.69045772215149
2021-09-09,96.31267547607422,97.6104567697336,96.26076633660209,97.24707959171465,853700,96.72796619413664
2021-09-10,95.4301986694336,96.65010980091336,95.33502750162607,96.37325002207088,1257600,95.80511199065768
2021-09-13,94.69477081298828,96.64144272043455,94.20161419380284,96.13098525533773,1442600,95.17927590907523
2021-09-14,94.87648010253906,95.75896859404715,94.72939318657282,95.23985732840369,1518300,95.12161396105301
2021-09-15,94.91972351074219,95.52535874472275,94.5303917609995,94.87646809458025,1285000,94.9918246721548
2021-09-16,94.62554931640625,95.16196128553908,94.40925246411564,94.86780073483477,1134100,94.73225435535365
2021-09-17,94.11508178710938,94.76397231967451,93.37102011503289,94.76397231967451,3614300,94.08335807393892
2021-09-20,93.76901245117188,94.05452589082184,92.87787044334594,93.09416730353112,1947200,93.56713626177988
2021-09-21,93.87284088134766,94.2189171909433,93.20664943108274,94.2189171909433,1420200,93.7661358344579
2021-09-22,94.62554931640625,94.9543181555798,93.49214932182129,93.87283389412673,1610600,94.35733893126911
2021-09-23,95.4388427734375,95.81087370831631,94.6169171874962,94.72074207659874,1072300,95.28887788975
2021-09-24,95.15332794189453,95.47344310508817,94.63421014054595,95.06680390776508,1055200,95.0869937291762
2021-09-27,94.1064453125,95.0321957112593,93.9939733092168,94.78994425750652,1273400,94.37753811099203
2021-09-28,92.34143829345703,93.58730344752797,92.1857043240913,93.24122722662025,1443000,92.70481535502545
2021-09-29,93.31048583984375,94.02859316668119,92.23765501234524,92.35878075411809,1714800,93.19224467295673
2021-09-30,97.29032897949219,99.1937453861034,96.12232720774018,98.62271848386305,4219400,97.53546719111193
2021-10-01,99.62635040283203,99.97242675238313,96.33863498338263,98.06035640630623,2182300,98.64580404619926
2021-10-04,99.50521850585938,100.6040037516882,98.76115671072229,99.33217704137579,2270300,99.62345965608995
2021-10-05,101.07987213134766,101.49515849617543,98.08632373152119,98.19879574681669,1848100,100.22045145301475
2021-10-06,102.12672424316406,102.2305491102731,100.40500311895707,100.65590166297223,1516800,101.58742549079807
2021-10-07,102.64583587646484,103.28607272461211,101.97099073911284,103.1822544578541,1397300,102.63429978006326
2021-10-08,102.67179870605469,103.15630819305765,102.1526875279185,102.95731216432947,1099800,102.66026480901029
2021-10-11,101.52110290527344,102.57663276156308,101.50380205882838,102.57663276156308,1059500,101.86717924188831
2021-10-12,101.51243591308594,102.49009526686935,101.2701845051294,101.29613907014534,1010600,101.75757189502822
2021-10-13,101.62493133544922,102.15269628202458,100.44827571038189,101.91909854214471,1145800,101.40863444261856
2021-10-14,102.74101257324219,102.99191773289226,102.21324768585006,102.64584142300055,1307700,102.64872599732819
2021-10-15,103.08708190917969,103.37259534058929,102.57661790143013,102.89673962157327,1778900,103.01209838373303
2021-10-18,103.91766357421875,104.00418099773756,102.24785155696604,102.79291726590525,1305900,103.38989870964078
2021-10-19,105.38851165771484,105.41446623258564,103.86578605785617,104.12533840742243,1401300,104.88958798271888
2021-10-20,105.45770263671875,105.76051693807236,104.93859146284733,105.55287378869512,901200,105.3856036792128
2021-10-21,105.88165283203125,105.99413144109607,104.90399325062275,105.35388788431004,1067800,105.59325917458335
2021-10-22,107.0842514038086,107.46493600695773,105.92490335000947,105.98546620952351,1197800,106.82469692025859
2021-10-25,106.57379913330078,107.33516177570436,106.42671883889162,106.72087942770996,910600,106.77855991596557
2021-10-26,106.87661743164062,107.26595579124424,106.26233506073595,106.80740084315237,998800,106.80163609454026
2021-10-27,105.96818542480469,107.24865944003422,105.31064096784857,106.7555027475316,1231600,106.17582861089583
2021-10-28,106.72952270507812,106.92851211901294,105.68264669891417,105.95085269198121,1256900,106.44689384100174
2021-10-29,107.2340316772461,107.72984094019253,106.668633519341,107.17314305324784,1280300,107.21083537892655
2021-11-01,105.77269744873047,107.23403105253763,105.189905388662,107.23403105253763,1196600,106.06554462997671
2021-11-02,107.36451721191406,107.3819111187712,105.9031834904922,106.27721553336691,1424800,106.88320394039249
2021-11-03,107.38189697265625,107.73853506169159,105.78139229813385,107.503674213702,945800,106.9672747774939
2021-11-04,107.6341552734375,108.0777761726495,106.79910846315514,107.24272936236711,952200,107.50367996974738
2021-11-05,108.40831756591797,109.43473055340496,108.10387444174013,108.47790646183358,1149900,108.64897418702101
2021-11-08,107.15575408935547,108.99111980126673,106.47727892312525,108.65188221815163,1039000,107.54138427124916
2021-11-09,106.96438598632812,107.25143520876227,105.88578462985245,107.15575213461756,1164600,106.70053527498095
2021-11-10,107.086181640625,107.86904027436141,106.63386036941569,106.99049855003702,923100,107.19636076146736
2021-11-11,107.33843231201172,107.69506384249452,106.76433379065837,107.17316031894998,671700,107.26594331505487
2021-11-12,108.38223266601562,108.82585361999642,107.34712595521103,107.6080743826869,729900,108.18507074707436
2021-11-15,108.27784729003906,108.68666712402548,107.29492237970362,108.4779070714678,953000,108.08647893125605
2021-11-16,108.77363586425781,109.52169976630108,108.23433197504767,108.23433197504767,1124400,108.84322253520219
2021-11-17,109.46951293945312,109.59129017570622,108.14735724455021,108.33002309892984,777900,109.06938678656985
2021-11-18,109.17377471923828,109.55650034800578,108.48659935064765,109.44342337710933,773700,109.07229147263058
2021-11-19,108.72146606445312,109.77397327822152,108.60838908055432,109.74787910011892,1145500,109.03460947440965
2021-11-22,108.19085693359375,110.31327179840473,107.8777135392327,108.60838367152925,1424300,108.79394742374372
2021-11-23,109.13896942138672,109.26944692028513,107.62544768870431,107.92119049227023,1511000,108.67795467679206
2021-11-24,108.79974365234375,109.29555289259747,108.34742249217706,108.63447169347184,1421700,108.81423967903943
2021-11-26,106.51206970214844,108.88673948645,106.27721545974457,108.13867540121875,886300,107.22534154944766
2021-11-29,107.62548065185547,108.2430672570082,106.92090459655343,107.60808010728029,1824600,107.59648416847237
2021-11-30,103.68508911132812,107.86033036047226,102.89353691201086,107.67766446832212,3420300,104.81298546127043
2021-12-01,102.46730041503906,105.6683164339623,102.4325059691814,105.0246291401385,1956700,103.52270760606092
2021-12-02,104.94635772705078,105.5552440031302,102.9718141928054,103.05880363484191,1396800,104.49113864099546
2021-12-03,104.20699310302734,105.50305481553227,103.25016233906803,105.02463943355261,1285300,104.32007008587588
2021-12-06,106.05973815917969,106.33808707871654,104.85935968799483,105.18119668586954,1529700,105.75239497529702
2021-12-07,107.10355377197266,107.85161779917429,106.66863313459321,106.66863313459321,1214600,107.20793490191339
2021-12-08,107.02528381347656,108.01690245226445,106.46858586315226,107.4341103224504,1357700,107.17025737629776
2021-12-09,106.39899444580078,107.39061306115427,106.19023437845344,107.02528128420569,1106800,106.65994729513618
2021-12-10,108.0777816772461,108.1125761256586,106.47727686844549,106.78171999660185,1168400,107.5558782237834
2021-12-13,108.208251953125,108.69536092555408,107.05136150724391,108.13866306096027,1404900,107.98499146197433
2021-12-14,106.49468231201172,108.06039947839072,105.47696947204696,107.39931815965701,1778300,106.67735042081647
2021-12-15,108.97371673583984,109.18247678914813,106.55555898956804,106.70343041747964,1472200,108.23725083818533
2021-12-16,108.42571258544922,109.97402894071557,107.87770835347915,109.46951942556797,1512400,108.75914995988131
2021-12-17,107.76464080810547,109.20858058749579,107.46889794419909,107.98210113851755,3246000,108.14737311326678
2021-12-20,107.68636322021484,107.74725185007209,105.7292201566223,106.27721782533756,1586100,107.05427840896975
2021-12-21,109.9740219116211,110.25237082695263,108.01687923421957,108.4605000992785,2583400,109.4144239909311
2021-12-22,116.04553985595703,117.82871731130074,110.46985351288401,112.93150617207932,4604200,114.78137022671393
2021-12-23,116.76747131347656,119.34219347658443,116.48911579707487,116.5587046761753,2841700,117.53292686237863
2021-12-27,117.98528289794922,118.16795542565183,116.02813981541507,117.12413516345283,1988800,117.39379271300538
2021-12-28,118.16793823242188,119.08126091987015,117.59383982628795,118.3158096510823,1079100,118.28101299285998
2021-12-29,119.4988021850586,120.11638207607574,118.01136772026987,118.01136772026987,1311800,119.20885066046806
2021-12-30,118.6898422241211,120.88184600713294,118.53327716169697,119.68146077098183,1063300,119.36832179765032
2021-12-31,118.73332977294922,119.42049851551936,118.15923136661526,118.75073031418711,1004200,118.77101988502795
2022-01-03,117.00236511230469,119.03780413083672,115.71500352171763,118.30712724772755,2448300,117.251724254953
2022-01-04,116.77620697021484,118.19405268759118,116.04554338579966,116.8371022386126,1873400,117.00526768120189
2022-01-05,114.54940795898438,117.17633251689017,114.47981905919659,116.48915042693916,1796200,115.40185317835704
2022-01-06,113.77523803710938,115.25396550603824,113.34031741255828,114.54939621790135,2453300,114.12317365190195
2022-01-07,112.0703353881836,114.28843307038093,111.98335923308603,113.7404288751012,1555500,112.78070923055019
2022-01-10,110.1045150756836,111.25270534425898,109.0433076112016,111.25270534425898,2127600,110.13350934371472
2022-01-11,112.00947570800781,112.20953550455968,109.52172888606745,111.38318886662941,1847800,111.24691336621164
2022-01-12,111.583251953125,113.070686563436,110.84388810217264,113.070686563436,1213900,111.83260887291122
2022-01-13,110.14799499511719,112.14862588642383,109.93923495349433,111.73110580317812,1459300,110.74528527834512
2022-01-14,108.73015594482422,110.22628395244293,107.99079221167182,109.2346654611351,1602300,108.98241070297966
2022-01-18,107.0165786743164,107.92991473309577,106.20762596511155,106.88610114643896,1887900,107.05137312417457
2022-01-19,105.48564910888672,108.25174464482738,105.38997267353706,107.3819033648003,1714100,106.37578880908372
2022-01-20,105.2420883178711,107.88640644736287,104.95504575626524,105.18119969736537,1898100,106.02784684049975
2022-01-21,103.22406768798828,106.13803477809502,103.18927323887995,105.51175460323272,2268000,104.1837919016544
2022-01-24,104.45924377441406,104.5636271247436,100.29270957829233,102.78045635206274,3432700,103.10519349248334
2022-01-25,103.31104278564453,104.79847716952338,101.7714266865398,103.35453750287593,2318100,103.29364888056925
2022-01-26,98.78788757324219,104.27658468586708,98.09201179841023,104.04173042777015,3430500,100.38549468583983
2022-01-27,97.07428741455078,100.0839375057026,96.16095803455,99.46635098121757,2966200,97.77306098493447
2022-01-28,100.91560363769531,100.93310102149601,96.13801675897513,97.13553453168359,2813500,99.32890713938882
2022-01-31,103.04188537597656,103.365637021385,99.62932166244289,100.1280805122472,2127600,102.01228135326816
2022-02-01,103.33941650390625,103.59317201434989,101.94814388812404,102.44690287738386,2017400,102.96024413546006
2022-02-02,105.09818267822266,105.38693958895524,102.7618913295891,102.7618913295891,2065100,104.41567119892234
2022-02-03,104.0044174194336,105.06318613230928,103.72441252574616,104.08316566648165,2009900,104.26400535916302
2022-02-04,104.92318725585938,105.3519432899275,102.50814087005237,103.47940930752334,1892500,104.26109047194642
2022-02-07,104.9756851196289,105.62319518002609,104.1881692754468,105.00193453512777,1386600,104.92901652503393
2022-02-08,105.89445495605469,106.12196103163936,104.23192955802931,104.79193937805033,1569600,105.41611518190778
2022-02-09,108.60699462890625,108.7644977850844,106.61195242536876,107.11071798313513,2164300,107.99448161311982
2022-02-10,105.32569122314453,107.57448235153319,104.87067910894491,106.24445413016532,2448900,105.92361756120755
2022-02-11,104.04816436767578,106.06944935853716,103.829410349588,104.63442353394875,2084800,104.64900802526698
2022-02-14,103.6718978881836,104.42440550111586,102.63937874841224,104.09190182675778,2687400,103.57856071257056
2022-02-15,105.09818267822266,105.13318412278203,103.97816315569465,104.70442810965491,1774600,104.73650998556644
2022-02-16,105.01943969726562,105.5794561980334,103.47066398555081,104.76569087809003,2175200,104.68985329361662
2022-02-17,101.80810546875,104.50315622399091,101.63310494733102,104.21439935539182,1897900,102.64812221335733
2022-02-18,101.36186218261719,102.44688695711014,100.86310327086463,101.44936913360502,1453000,101.55728413686398
2022-02-22,101.14312744140625,102.18439893894053,100.32061668720878,100.8981239539498,1746800,101.21604768918519
2022-02-23,99.41058349609375,102.17563100749128,99.1743254014931,101.65062266237462,1743000,100.2535133016927
2022-02-24,101.318115234375,101.49311578440789,97.46804305106403,97.68679707652666,2456500,100.09309135661563
2022-02-25,103.81192016601562,103.85567364581875,101.09061928318499,101.46687651162328,1259700,102.91940436500646
2022-02-28,104.17940521240234,104.45066471819464,102.24562060916473,102.59562835235833,1689300,103.62523017992056
2022-03-01,102.85814666748047,104.60817889201714,102.23687935302797,104.02191302315657,1468500,103.23440163750853
2022-03-02,105.33443450927734,105.78069458440652,103.24314658827693,103.42689916607294,1332600,104.78609189398692
2022-03-03,105.36943817138672,106.73446784006482,104.99318097774078,106.34945861609881,1433500,105.69902899639744
2022-03-04,108.1344985961914,108.47575436433833,103.73316838192012,104.79193713384306,1967800,106.78114044748328
2022-03-07,107.11072540283203,109.2282627902563,106.68196270163115,108.10824323577877,2234000,107.67365029823982
2022-03-08,103.62815856933594,108.21324113397695,103.47065540190185,106.47196093767573,1958000,105.10401836840492
2022-03-09,107.01448059082031,107.38198578114935,104.56443263693951,105.5881999567891,1679600,106.32029966963638
2022-03-10,106.91822814941406,107.215730443368,103.74191517380753,105.34319637011797,1317600,105.9586245888632
2022-03-11,105.5181884765625,108.91325522295688,105.40443878666983,107.72323279083723,1071000,106.61196082872975
2022-03-14,104.90567016601562,106.50695108576849,104.24065612118491,105.68443389021058,1116400,105.217759124323
2022-03-15,106.59445190429688,106.67320681798927,104.06565612597596,105.81568817607167,1321800,105.77777161608736
2022-03-16,108.9832534790039,109.08825113418064,106.12194721026829,107.0932155757096,1450000,108.06448394115095
2022-03-17,109.91950988769531,109.98950609250419,108.09947504582168,108.82573991193118,1414100,109.33616367534039
2022-03-18,112.1158218383789,112.52708049065451,109.17576040993053,109.98078032912342,3561600,111.27288757965465
2022-03-21,110.82954406738281,111.92331420853806,109.46451439164774,111.52080092185096,1605300,110.73912422252288
2022-03-22,111.52080535888672,112.01957097190713,110.44453923564113,110.8820473095102,1398400,111.32830518881167
2022-03-23,109.70951080322266,110.98703344510707,109.62201053270725,110.98703344510707,1562800,110.10618492701234
2022-03-24,111.7745590209961,111.80080843686544,109.64826954961553,110.514540328364,1125900,111.07454566915902
2022-03-25,112.62332153320312,112.83331683986898,110.88203478921517,111.95830079093369,1213400,112.11289105409575
2022-03-28,113.63835144042969,113.96211651875967,112.05457422934873,112.5620852356748,1812700,113.21834739617937
2022-03-29,115.96588134765625,116.16713130989822,113.88333878077145,114.41709912977613,2631200,115.33878381277532
2022-03-30,119.78096008300781,120.36721930053979,112.43957512816257,115.5021316491631,2875100,117.52925150390338
2022-03-31,119.41343688964844,123.08850149014285,119.36093806490614,120.67346209020306,3185600,120.62095881489914
2022-04-01,121.51348114013672,121.55723461533196,118.43343409134579,119.67595534711134,2305800,120.50138328227149
2022-04-04,121.89849090576172,122.16099840642418,120.05220639840674,121.85473743037028,2742100,121.37056523686421
2022-04-05,121.84599304199219,124.18228444820721,121.20723502160864,122.11724589920905,2723900,122.41183750393601
2022-04-06,123.57850646972656,124.18226964857669,120.86596486914338,121.6097204613116,2751500,122.87558032914887
2022-04-07,122.36225128173828,123.89352949505887,121.88974845065567,122.82600875820904,3452100,122.71517640915094
2022-04-08,121.88098907470703,123.2897655572892,121.11098397081467,121.63598563005678,2396600,122.09391286760363
2022-04-11,119.7372055053711,122.38850334392004,119.56220494754449,122.23975220218308,1575600,120.56263793227855
2022-04-12,119.5184555053711,121.5222500124454,119.10719683716587,120.77848092696264,1359600,120.04930078499412
2022-04-13,120.65597534179688,120.98848574844955,119.00219536672385,120.0084585898119,1394100,120.21555215232343
2022-04-14,119.60596466064453,121.19848717708643,119.3784519070904,120.6559814140341,1574900,120.06096791494046
2022-04-18,118.78343963623047,120.04346499958078,118.065920000889,118.92344542142196,1457900,118.96427487890008
2022-04-19,120.27973937988281,120.62099518269149,117.99594643748983,118.94971094384123,2158800,119.63222700002137
2022-04-20,122.17851257324219,122.65976078729732,121.04098887740226,121.1984853798158,1829800,121.95975407931392
2022-04-21,121.0322494506836,123.6135446185005,120.66473089034238,122.6072679587157,1650700,121.77017498650882
2022-04-22,114.93335723876953,120.61220254842029,114.74959800355172,120.50720490068703,2375400,116.76505259691385
2022-04-25,115.72088623046875,115.76463970845471,112.30832857455502,115.07336947066263,2766200,114.59795150449283
2022-04-26,113.3233413696289,115.77338935919627,113.31459601438198,115.02963361258536,2248900,114.13710891440239
2022-04-27,114.3558349609375,116.2808673523061,113.91832699236811,114.3558349609375,1777700,114.8516764352039
2022-04-28,115.85214233398438,116.5434126256047,114.15462208045331,115.38838480493233,1468400,115.51672568001413
2022-04-29,110.89079284667969,115.5021247378581,110.64578273195185,115.49337938350008,1981500,112.34623343882988
2022-05-02,111.69580841064453,112.79833058473842,109.50826812322823,111.03079429403388,1985900,111.33413570620372
2022-05-03,112.48332214355469,112.9120714867827,111.3720479598785,112.21206928926283,1492200,112.2558138634053
2022-05-04,115.91338348388672,116.28963399693725,111.76580905169102,112.51831675363512,1916500,114.65627551083833
2022-05-05,109.01825714111328,115.2308770451813,107.96824044862356,114.9596241793875,2353500,110.73912487830604
2022-05-06,108.64200592041016,109.30701337269608,107.11072769269585,108.1257429321994,1873300,108.35324899526735
2022-05-09,105.23816680908203,107.76696908095767,104.71315856706683,107.76696908095767,2423500,105.90609815236884
2022-05-10,105.11568450927734,107.67073666345374,103.99566493936928,107.04072398641965,2248900,105.59402870403346
2022-05-11,104.12915802001953,105.39752411900538,103.60067438545343,104.00584539595523,2805900,104.37578550815944
2022-05-12,103.87373352050781,104.19082507795808,101.87430143550696,103.45094253722922,2213900,103.31295334465761
2022-05-13,105.4239730834961,106.251928516187,104.36699883575325,104.73694351848285,1336900,105.34763347847877
2022-05-16,105.74986267089844,106.57782478242943,104.44626989958932,105.0275999948933,1152900,105.59131911763906
2022-05-17,107.12391662597656,107.69643669177094,106.52496666419212,107.25603250575399,1328400,107.11510666064653
2022-05-18,103.4421615600586,106.08458729429685,103.18672626601122,106.04054417737842,1606800,104.23782504012222
2022-05-19,102.03284454345703,103.4333334311144,101.50436083341151,102.79034032520178,2290300,102.32351293599432
2022-05-20,103.34526062011719,103.83851121873928,100.50024627155518,103.38049376573811,2266500,102.56133937013722
2022-05-23,104.12036895751953,104.73693892165095,102.34113879595995,104.06752259946427,1801500,103.7328155583768
2022-05-24,103.79447174072266,103.98825068840455,101.90954206423888,103.50381003923545,1625400,103.23075483112204
2022-05-25,103.92658996582031,104.7633620481429,102.67584354554674,103.12505774889738,1413800,103.78859851983664
2022-05-26,106.75398254394531,107.40578564203776,104.11155716691661,104.54315815025667,1537300,106.0904417842999
2022-05-27,109.29071044921875,109.30832366081673,107.59074992852928,107.87260835434145,1560600,108.72992801285493
2022-05-31,109.07051086425781,109.88085301718736,107.58194244852355,108.8062656439379,2523500,108.8444354433229
2022-06-01,107.68765258789062,109.94252027068774,107.044659405199,109.39641656374467,1483900,108.22494408792579
2022-06-02,110.93782806396484,111.04352750334627,107.53790671093812,108.14566672731905,1551400,109.83975409274974
2022-06-03,110.81452941894531,111.28135690849395,109.93372080620104,110.4798245653156,1355400,110.67653571121343
2022-06-06,110.92021942138672,112.25904544187524,110.28603619903684,111.8979174358368,1210700,111.1551003540996
2022-06-07,111.6424789428711,111.86268107096353,108.92958711196357,109.76635923073627,1238500,110.81158237526607
2022-06-08,110.6295394897461,111.35180214677014,109.83681054422331,110.97305424613344,1187400,110.60605072691318
2022-06-09,107.98711395263672,110.5766929299006,107.96950074056203,110.24198814020032,1066200,108.84443587436645
2022-06-10,106.2519302368164,107.4586403385192,105.37993167633516,106.54259866365541,1360100,106.36350075055692
2022-06-13,103.23957061767578,104.71932926880343,102.70227685791875,104.04110963371977,1701000,103.55372558146598
2022-06-14,103.46856689453125,103.9794373945041,102.34113318427046,103.97062742863285,1509700,103.26304582443527
2022-06-15,103.89134979248047,105.45919441497219,102.4556344961932,104.00585918717702,1380400,103.93539290121528
2022-06-16,100.24481964111328,102.27068200859792,99.40805420065084,101.90074402776416,2236500,100.64118528345402
2022-06-17,99.5313491821289,101.16084337782938,97.3029050057346,100.23599859001631,4520600,99.3316991885643
2022-06-21,102.42040252685547,102.64941459883795,100.48262668094674,100.59712935692048,1992800,101.85081460221339
2022-06-22,101.8478775024414,103.13385701849343,100.41216216439125,101.19608113842273,1760300,101.79796556177536
2022-06-23,103.32762908935547,103.6359173989261,101.75979124539995,102.81676533528213,1785500,102.90777924456052
2022-06-24,107.83740234375,107.84621231178312,103.89137666949723,104.19966507032628,2321600,106.52499710834344
2022-06-27,108.03997039794922,109.86324366613401,107.61717937458614,107.74930198938932,2906700,108.50679781288979
2022-06-28,105.59131622314453,109.22024951328241,105.36231086097756,108.05758260984565,2431200,106.72462553246817
2022-06-29,101.16087341308594,104.19085735857303,99.22309704611062,102.34996376191337,3477800,101.52494260592319
2022-06-30,100.29764556884766,102.72867168759346,99.69869564393184,99.82200827082326,2692100,100.90833763345766
2022-07-01,102.49088287353516,102.72869822396156,99.98057986331918,100.6059531241073,1693000,101.73338698693863
2022-07-05,101.7950439453125,101.8038539124304,98.40393236880105,101.6717312858056,1427800,100.66761007551465
2022-07-06,103.0281753540039,103.86494077375104,101.43391405699616,102.32352583840098,1910100,102.77567672825036
2022-07-07,102.63180541992188,103.23956544692057,101.8743162779126,102.5437259122497,1548200,102.58189571491835
2022-07-08,102.87843322753906,103.12505852691446,101.01111682935549,101.90953852279947,1294500,102.33820286126968
2022-07-11,102.3675765991211,102.91367363046811,101.52200114926183,102.32353348109284,1110600,102.267750459617
2022-07-12,101.16087341308594,103.42455140397736,100.6852359295476,102.52612952620727,1266800,101.75688691553698
2022-07-13,99.8308334350586,100.84376456695858,98.8267122698807,98.93241171043887,1350200,99.83377009063263
2022-07-14,99.6546859741211,100.07747706533368,97.91949193066269,98.86195687812024,1240400,99.21721832337249
2022-07-15,101.29298400878906,101.50437618076255,100.46502181517528,100.99351232516297,1613300,101.08746066824229
2022-07-18,100.93183135986328,102.87842383806246,100.42096759494052,101.96238229539073,1377800,101.4104075976221
2022-07-19,104.96595001220703,105.25661843743698,101.89193015033038,102.33233441157489,1703000,104.03816619999147
2022-07-20,105.96125793457031,106.6482874420107,104.7105048435522,105.27422170709484,2138500,105.77335007337774
2022-07-21,107.50267791748047,107.71407007155325,105.50323890009523,106.11980886952432,1429700,106.90666229637633
2022-07-22,107.84617614746094,109.32593443909018,107.13271681683126,108.05756826911244,1483100,108.10160913446079
2022-07-25,107.03584289550781,108.07519716452106,106.57782544545037,107.73168239696913,1499900,107.22962183515976
2022-07-26,106.78040313720703,107.94306993297809,106.3576121569109,107.300076857119,1633600,107.02702840903201
2022-07-27,110.46218872070312,111.01709561384125,107.02703449071545,107.3353160980144,2095000,109.5021062750866
2022-07-28,112.98129272460938,113.36003387026871,110.52383658022848,110.98185397314373,1234100,112.28838772503552
2022-07-29,112.9901123046875,113.62429549427986,112.2942727894423,113.03415541731188,1525900,112.96956019613656
2022-08-01,111.49273681640625,112.95488209004003,110.98186629525455,112.074066907344,1472700,111.80982840056693
2022-08-02,111.2989730834961,112.04765903502549,110.37412138334813,111.28135314861615,1416300,111.2402511672899
2022-08-03,113.59786987304688,114.08231722136041,111.4751182268453,112.06526501116416,1154500,113.05176844041752
2022-08-04,113.24555206298828,113.67713961402063,112.57612902045531,113.62429325594081,764800,113.16627356582141
2022-08-05,114.10875701904297,114.3289591694309,111.8538824294458,111.88911557991223,979400,113.4305328726399
2022-08-08,115.29782104492188,115.86153791686381,114.09992101203646,114.98072946445014,1310000,115.0864266579407
2022-08-09,115.29782104492188,116.20505267570233,114.892656683251,115.53564309029328,978100,115.46517680129175
2022-08-10,117.71703338623047,118.27531634217763,116.80429321735949,117.8676783778069,1171400,117.59888098192253
2022-08-11,117.03472900390625,118.76273197005827,116.9017973777844,118.57663310215929,1280000,117.56641945058298
2022-08-12,120.17170715332031,120.18056385226011,117.61957160417367,117.8233973748887,1824600,119.3239475365847
2022-08-15,122.42250061035156,122.49339474458121,119.32982344441527,119.87923608260311,1501800,121.41523959978268
2022-08-16,122.5643081665039,122.73268007158646,121.29711081212577,121.74018907953221,1092900,122.1980330167387
2022-08-17,122.83904266357422,122.94539066684888,121.43891339528666,121.66045257973067,1445600,122.40778224190325
2022-08-18,123.31756591796875,123.5922723232597,122.26303731313361,122.97196535620309,1068900,123.05762518478736
2022-08-19,122.72382354736328,123.13144798181453,121.8287967920658,122.50228441334717,2748200,122.56135610708121
2022-08-22,120.46411895751953,122.05033317174103,120.00331378309596,122.05033317174103,1314500,120.83925530411885
2022-08-23,119.63111114501953,120.84514105711132,119.48046618321548,120.50841082788537,1024800,119.98557279511544
2022-08-24,119.7020263671875,120.44639461136536,119.31211532832987,119.55138137884262,1142100,119.8201787689609
2022-08-25,118.79815673828125,120.21601276788903,118.26647086843624,120.0742244605928,1522700,119.0935467915355
2022-08-26,114.13697814941406,119.12603084718744,113.92429568761321,119.02856659741565,1966600,115.7291015614049
2022-08-29,112.63937377929688,113.83569068094155,112.50644892790982,113.69390236990502,1430000,112.99383779604942
2022-08-30,110.08721923828125,112.80771928120996,109.81250614021414,112.80771928120996,1559400,110.90248155323512
2022-08-31,109.29855346679688,111.22151845638025,109.03271053924284,111.22151845638025,1598800,109.85092748747331
2022-09-01,110.10494995117188,110.22901132574279,108.33263687348702,109.06814842332732,1359900,109.55553271680056
2022-09-02,107.13633728027344,111.23924001880441,106.5957811983299,110.29991616007429,1759800,108.32378616580259
2022-09-06,107.76551055908203,108.66053066705311,106.365381431927,107.28698515761745,1352400,107.59714088602072
2022-09-07,109.79480743408203,110.1581281355048,107.78322810478448,107.96046348668214,1359000,109.2453878914571
2022-09-08,110.97339630126953,111.1329047630212,108.43012437246185,109.35172806693392,1392900,110.17880847891752
2022-09-09,112.3912353515625,112.75455601655344,110.83159795144778,111.24809260609527,1524600,111.99246310652124
2022-09-12,112.83431243896484,113.7559092794144,112.41781778867907,112.79000190818806,1109200,113.0026798356861
2022-09-13,108.1819839477539,111.1328866282084,107.94271791375091,110.70752854600161,1979800,109.0858628299044
2022-09-14,107.35787963867188,108.93523739598,106.2856309020842,108.67825115584661,2066900,107.52624931224535
2022-09-15,105.41718292236328,107.55282346412005,104.95638448874676,107.17177587521415,1285400,105.9754636250767
2022-09-16,106.45398712158203,106.87934525315288,103.89299515586998,104.70826434464426,2133000,105.74210917686828
2022-09-19,107.65916442871094,107.7034749634528,105.37288551797204,105.84254743854693,1067000,106.91184163671193
2022-09-20,106.3742446899414,107.21609080004036,105.6032859733469,106.98569493968321,1312100,106.39787382110956
2022-09-21,104.4867172241211,108.04019995750082,104.46012684974679,107.65029569090021,1948200,105.66234801045623
2022-09-22,104.22089385986328,105.37290031655591,103.10433448377466,104.24747748010647,2137200,104.23270955339795
2022-09-23,101.92571258544922,103.76891963636916,100.52559052332779,103.54738052238852,2098500,102.0734075817154
2022-09-26,101.05729675292969,102.76757921529011,100.62308192366167,101.9257264114657,1855100,101.48265263062716
2022-09-27,100.41925048828125,102.56374751407502,99.3558654330816,101.77506879995386,1981700,100.77962114514595
2022-09-28,104.01705932617188,105.63872752758492,99.59513978299287,103.35244187583915,3301800,103.0836422122499
2022-09-29,100.48128509521484,103.44105132382782,99.13433018862835,103.2017852825181,2699300,101.01888886922366
2022-09-30,99.43563079833984,102.44856457607365,99.33815303193975,101.15477675757231,2524400,100.40744946878442
2022-10-03,101.78395080566406,102.35995396587737,99.52424870053436,100.3749582518857,1837100,101.22271782402527
2022-10-04,102.25360870361328,104.23859757847558,101.89914471432117,103.33472082857702,2203000,102.79711699880335
2022-10-05,101.54467010498047,102.68781280145188,99.78122056275132,101.60670755039379,2169800,101.33790115639455
2022-10-06,98.9748306274414,101.79280882352123,98.77101163918246,101.58898983526228,2327900,99.84621703004836
2022-10-07,97.11390686035156,98.28364016286869,96.56449404826625,97.99120683723942,2133500,97.32068035716217
2022-10-10,97.37088775634766,97.89372368199686,96.19230458048744,97.62787398951916,1469700,97.15230533961066
2022-10-11,96.00618743896484,97.7341965890072,95.26181925925718,97.20250406623926,1700800,96.33406776240975
2022-10-12,95.70491027832031,96.61765047053686,95.5365383652884,96.1657087234101,1429200,95.95303303804853
2022-10-13,97.71648406982422,98.33679773847203,93.63130841552702,93.74650633816644,1892500,96.56153007460775
2022-10-14,96.75944519042969,99.0811712484242,96.4138446434635,98.7267140029071,1790700,97.4181536941058
2022-10-17,99.20521545410156,99.90527988617173,98.36336950054894,98.86847842484799,1631100,99.15795494694073
2022-10-18,100.47244262695312,102.07639082601835,99.64831663852172,100.78260287573102,1811100,100.73238336383106
2022-10-19,98.76213836669922,99.91414451107319,97.64558605415674,99.2229435287838,1289600,98.77395631064304
2022-10-20,98.4165267944336,100.13567235947103,97.81394017705817,99.12545461281765,1233400,98.78871311032094
2022-10-21,99.39131927490234,99.72805632112991,97.20251157232879,98.25703324167937,1264000,98.77396238945369
2022-10-24,101.15476989746094,101.2876947299771,99.34700975341927,100.7382752439679,1308800,100.59649146028578
2022-10-25,103.21952056884766,103.36130210485206,101.28769896981616,101.28769896981616,2035600,102.62284054783862
2022-10-26,102.25360870361328,104.64622879986813,101.72191610009423,103.34358428753985,1587400,102.87391786785855
2022-10-27,102.58148956298828,103.61829115888956,102.07638057312575,102.74099802088374,1257800,102.75872043166787
2022-10-28,106.15270233154297,106.79073617973988,102.89164569918863,103.00684362589811,1953900,105.27836140349048
2022-10-31,104.8411865234375,105.77165366967338,104.32722082710106,105.23109759589268,1693700,104.98002034007065
2022-11-01,104.61962890625,105.91341651915577,103.62713800365775,105.50578536118579,1072000,104.72006114302117
2022-11-02,101.46492767333984,105.76278570296871,101.43834405786696,104.48672483440318,1501200,102.88868581139184
2022-11-03,100.171142578125,101.39403624859528,99.17864475516764,100.05594465436856,1593400,100.24794119396263
2022-11-04,100.8091812133789,101.73964162845064,98.59378961439103,101.11047122563872,1784400,100.3808708187402
2022-11-07,102.24473571777344,102.7144043473051,100.63193113956724,101.35857920753185,1354400,101.8636904015486
2022-11-08,104.4397201538086,105.92087792051544,102.40534830362311,102.78902289027607,1342800,104.25531545931572
2022-11-09,102.82472229003906,104.51110432727826,102.68196328330201,104.20773718330659,1216400,103.33926330020644
2022-11-10,108.30323791503906,108.6958371090836,105.57290630269026,107.43774566695286,2058200,107.52399377560431
2022-11-11,107.97309112548828,108.90104841530312,106.33131844121644,108.51737383208591,2098000,107.73515266066927
2022-11-14,108.13372039794922,109.96286164189038,107.29498816653799,107.7500457396919,1818900,108.4638567354592
2022-11-15,108.56198120117188,110.33759509276678,107.25927391467908,110.33759509276678,1521700,108.71961673620592
2022-11-16,107.50911712646484,109.24011516278804,107.11652475682195,108.84751598569653,1827100,107.9552523486916
2022-11-17,107.2681884765625,107.82138887923863,105.37658265488473,106.44730562859658,1442700,106.82205333689528
2022-11-18,107.8124771118164,108.73150978694133,106.61683741254146,108.04446131600966,1164000,107.72027477043305
2022-11-21,108.45491027832031,109.1062604975391,107.3841872381428,107.88386071320475,919100,108.31511933800073
2022-11-22,109.55239868164062,109.70408224056396,107.6161834437658,109.12411489086321,1117900,108.95755478865681
2022-11-23,109.8914794921875,110.34653023287152,109.22228001858845,109.61487241403452,1194900,109.82009658121582
2022-11-25,109.93606567382812,110.3911231266245,109.45424133688742,109.94499023769211,599600,109.92714337911336
2022-11-28,107.49127197265625,109.40964498185448,107.1522065804803,108.85643768392686,1524300,108.017707844997
2022-11-29,107.20574951171875,107.99094105497984,105.92980899926411,107.2860501753421,1217800,107.04216652198757
2022-11-30,110.66773986816406,110.8105056815201,106.75069306290273,107.19682601846733,2628900,109.40964620419562
2022-12-01,112.33627319335938,112.71994778565495,110.3822087805693,111.04248361122391,1466300,111.81280991986121
2022-12-02,112.40766143798828,112.69318625460657,110.35544713842339,110.44467236722,1291100,111.81876494367275
2022-12-05,109.91822814941406,111.60460999856161,109.38286321337844,111.1584770901639,1415800,110.3019004537847
2022-12-06,107.63402557373047,110.18590641468558,107.0272845316688,110.18590641468558,1198300,108.28240550669494
2022-12-07,107.46450805664062,108.28539105759221,106.83991783704374,107.93740789833124,932000,107.52993898375887
2022-12-08,107.21467590332031,108.86536648903537,106.95591797037815,107.71434263868521,1489900,107.67865345424461
2022-12-09,106.63470458984375,107.29497948056151,106.33133062981737,106.83100418619335,1563700,106.75367156674088
2022-12-12,109.72193908691406,109.8200888807557,106.63469988207805,107.07190826808713,1271200,108.72557594991594
2022-12-13,110.03424835205078,114.11190390373329,109.46319862808056,113.66577088141595,1255300,111.20311696128822
2022-12-14,109.4542465209961,111.66706875018421,108.49059780147314,109.56132087009242,2155500,109.8706376908845
2022-12-15,104.46647644042969,108.41921401537044,104.20771855406277,108.1604561290035,2076300,105.69780300328763
2022-12-16,103.46714782714844,103.97573909268341,102.65518943820057,103.24408136318664,2859800,103.36602545267748
2022-12-19,103.07455444335938,104.11851072681262,102.5570453916532,103.63668632078388,1810100,103.25003685394172
2022-12-20,101.95030212402344,103.28870095412064,101.29894503143214,102.60165240916626,1501400,102.1793160365254
2022-12-21,102.40533447265625,103.37790765477024,101.62906764708302,102.49456649129675,2282600,102.47076992483649
2022-12-22,100.09439849853516,100.13008995483939,96.36472640785894,99.0415243636328,4399900,98.86307162041116
2022-12-23,103.51177215576172,103.71698950691619,100.30853393615094,100.5940587606541,2503100,102.51243186627629
2022-12-27,102.72657012939453,103.53853536212112,101.95922091443587,103.37792722858447,1494900,102.74144213531717
2022-12-28,102.10198974609375,103.68129743305539,102.05737372700581,102.68196395699333,1590000,102.61355363538497
2022-12-29,103.91329193115234,104.45757470635368,102.20014293746071,102.47674320413881,1372400,103.52366985832225
2022-12-30,103.11023712158203,103.60098605099064,101.6915377196612,103.3422281434341,1060900,102.80092029741128
2023-01-03,103.33329010009766,104.23448037680082,102.50348271426046,104.07387227607596,1792600,103.35708439705297
2023-01-04,104.45755767822266,105.45689783202667,103.306533971125,104.35048333077827,1475200,104.40699649379144
2023-01-05,102.0395278930664,103.89544258111096,101.45062913712114,103.85082656355806,1352300,102.46186653709951
2023-01-06,104.79661560058594,105.26952219335458,102.59272479045381,103.13700066619164,1257900,104.21962086146478
2023-01-09,104.76093292236328,106.21532375451402,104.51109277515427,104.70739234423738,1484200,105.16244981734387
2023-01-10,104.67171478271484,105.2427644372077,103.37793189838389,104.60033868148987,1112400,104.43080370610214
2023-01-11,106.786376953125,106.87560217642884,104.54678776872336,105.3587529579191,1579200,106.0695889660924
2023-01-12,106.93805694580078,107.15219883607539,105.9565659073069,106.6168407066649,1373000,106.68227389639435
2023-01-13,107.3485107421875,107.68757614882433,106.42947793304842,106.76854333968525,1237700,107.15518827468675
2023-01-17,105.66211700439453,107.17004842191425,105.2338332220178,106.08148302991407,2157200,106.02199954944219
2023-01-18,104.60032653808594,106.42054284581135,104.54678595907185,105.85841782202392,1809800,105.18921844765639
2023-01-19,103.07455444335938,104.57356143741035,102.97641145657352,104.31481031528158,1122000,103.54150911244774
2023-01-20,105.22491455078125,105.76027271245862,102.35181735392635,103.20839177409982,1987600,104.44566820572207
2023-01-23,107.06297302246094,107.92847195047825,104.45755848163925,105.09106639213336,1599300,106.48300115152615
2023-01-24,105.840576171875,107.19681725058379,105.22491056516903,106.98267535551358,1332300,106.0874346625426
2023-01-25,103.16377258300781,103.92219713928749,100.2728265362663,103.89543025491079,2335300,102.4529320861872
2023-01-26,102.6998062133789,103.94897986509295,102.37858993701106,103.67237960778402,1679100,103.0091253384943
2023-01-27,100.8528060913086,102.34288839976149,100.51374752519268,101.87891316152665,2257700,101.23648067208758
2023-01-30,102.33396911621094,103.07454457345463,100.49589689719144,100.61189581060577,2798200,101.96813686228568
2023-01-31,103.3779296875,103.38685425275558,101.54878183468318,102.74442170332824,1564900,102.77118859164625
2023-02-01,105.02861785888672,105.72458416895677,102.61950266134446,103.18162772545136,1535700,104.4575682297293
2023-02-02,107.60726165771484,107.89278646142144,105.09107219772292,105.82272993268658,2475700,106.86370677228639
2023-02-03,105.80490112304688,107.19683386794905,104.32373633453882,106.04580994141487,1791700,105.77515710851158
2023-02-06,104.09172821044922,105.54611896786756,103.9043464078089,104.72523609156202,1102100,104.51406452870856
2023-02-07,105.17137908935547,105.63535434004507,103.09239800729343,103.5206818067841,1128300,104.63304381223132
2023-02-08,103.24006652832031,104.93782744546705,102.97956262391922,104.21919551240322,2081000,103.71915219923552
2023-02-09,102.18008422851562,104.40783765179893,101.83873784292571,104.32698830711236,1890200,102.80888657441342
2023-02-10,102.60228729248047,103.0514305519619,101.5063766428046,101.5063766428046,1571800,102.38669816241566
2023-02-13,103.76107025146484,103.82395002912834,102.56634762247653,102.67414446420615,1295700,103.38378930102324
2023-02-14,102.35077667236328,103.97667321376821,101.50638508125968,103.46465012952902,1246200,102.61127832246372
2023-02-15,103.50955200195312,103.5993792774509,101.55128724122153,102.07228818046137,1415900,102.88673950687519
2023-02-16,102.99752807617188,103.76107019117987,101.90161750606033,102.1531366165682,1263500,102.88673859113736
2023-02-17,103.078369140625,103.55445985797962,102.3058422528256,102.62922591996868,1220300,102.97955708381006
2023-02-21,100.1769027709961,102.2070320848269,100.09606027940715,101.89263319523363,1775500,100.82666504507672
2023-02-22,99.4223403930664,100.90451434412068,99.31454355636706,100.3116420223464,1219200,99.8804660978514
2023-02-23,99.99725341796875,100.4463966702689,99.10795169736147,99.74573429322182,1266900,99.85053392853304
2023-02-24,99.69181823730469,99.94333730892119,98.31743441874765,98.73065215455269,1569900,99.31752998832451
2023-02-27,99.70081329345703,100.87757322836028,99.33251940485877,100.42842999377876,1164800,99.9703019755587
2023-02-28,99.17081451416016,100.31163516436297,99.1258974552609,99.40437088435054,1691900,99.53611571126135
2023-03-01,99.44031524658203,99.56607481139464,97.88628340137649,99.02710426885737,1925600,98.96422448645104
2023-03-02,100.69790649414062,100.92247809954834,98.82946909233692,98.82946909233692,1427600,100.1499512286753
2023-03-03,101.26383972167969,101.51535884404863,100.23978681100569,100.86859147031014,1694900,101.00632845891134
2023-03-06,101.62316131591797,102.07230461912285,101.1650400810847,101.40757444932684,1212600,101.62016867204183
2023-03-07,100.68893432617188,101.73094999543964,100.23081312817739,101.57824292944149,2161400,100.88356581659632
2023-03-08,101.22789764404297,101.61416107412741,100.18588211976629,100.60807782862386,1128000,101.00931361264556
2023-03-09,99.75471496582031,101.82975451284184,99.67386561997978,101.74890516700131,1279100,100.41944503288066
2023-03-10,96.86224365234375,99.57506611086765,96.65563472327163,99.32354696478522,1901200,97.697648162161
2023-03-13,97.31137084960938,99.29658304245885,95.91902413828133,96.36816735440243,1906600,97.50899267678318
2023-03-14,97.23052215576172,98.9821848223517,95.98190455488366,98.36236498688645,1885300,97.39820384433237
2023-03-15,96.11664581298828,96.83527768191459,95.47886328467236,96.39511240684105,1992900,96.14359559319173
2023-03-16,97.6167984008789,97.83239210876575,95.37108201075995,95.9459848583598,1583000,96.94009084013487
2023-03-17,96.59273529052734,98.19168398259399,96.38613325685922,97.61678123608421,7237500,97.05685084332686
2023-03-20,98.5420150756836,98.70370690138736,96.87120182787173,97.20357026220208,2174400,98.03897460164757
2023-03-21,99.07201385498047,99.44929252092848,97.98508806781682,98.99116451034489,1901500,98.83546481457525
2023-03-22,96.17952728271484,99.40437911329954,96.098684794061,99.07201066872126,1930400,97.2275303966918
2023-03-23,96.90714263916016,98.59592560152028,95.9010661714208,96.24241256534923,1984700,97.13471147070042
2023-03-24,97.76949310302734,98.02999699373403,96.25139367564239,96.90713894071295,1655000,97.35029459080125
2023-03-27,97.98509216308594,98.50609997310298,97.55391163156582,98.2994910645162,2284400,98.01503458925158
2023-03-28,97.89527130126953,99.35947591155067,97.45510595703387,97.6886623791403,2643500,98.23661772328468
2023-03-29,104.2281723022461,104.97375167627418,98.11982875322396,99.2696342752337,5048100,102.44058424391476
2023-03-30,101.9914321899414,105.93490868679584,101.76686060422814,105.93490868679584,2497400,103.2310671603218
2023-03-31,102.93464660644531,103.41074420764369,102.1441569547298,102.73702933355301,3092600,102.82984925627294
2023-04-03,100.00624084472656,101.29079085438578,99.08998474792729,101.2009635722284,3514600,100.12900548234654
2023-04-04,98.72168731689453,100.89553899319155,97.63476147874603,100.2218241209471,2958400,99.08399592961071
2023-04-05,97.76051330566406,99.07201066413529,97.03289664090545,98.55998767587336,2333800,97.95514020356826
2023-04-06,97.94915008544922,98.44320349446473,97.09577389161655,97.57187144146324,2090100,97.8293758238435
2023-04-10,98.18270111083984,98.18270111083984,96.5927304283537,96.84424951061838,2573400,97.65271088334447
2023-04-11,98.25456237792969,98.45218647927899,97.43712533088994,98.18270467566005,2325200,98.04795806269954
2023-04-12,97.38323974609375,99.32353496239213,97.26645811853702,99.11692605828692,1932300,97.99107760900763
2023-04-13,98.13780212402344,98.20966669029899,97.0508762592891,97.66171136586682,1749600,97.7994483578705
2023-04-14,96.94307708740234,98.76659757931927,96.30529449709626,97.98509271328749,1561200,97.33832305460595
2023-04-17,98.42524719238281,98.42524719238281,97.05985478805601,97.41916388951235,1777900,97.97011639094053
2023-04-18,98.18270111083984,99.05403311629078,97.50000156370643,98.56896451671233,1370100,98.24557859694569
2023-04-19,98.60491943359375,99.00915252532738,97.79646695689256,98.2815425549431,1268800,98.47017963860456
2023-04-20,97.97610473632812,98.50609731591298,97.23951010711161,97.85034517914838,1464000,97.9072373864509
2023-04-21,98.38032531738281,98.47913737146611,97.61678323405125,98.35337782142946,1343100,98.15874864096672
2023-04-24,99.61099243164062,99.71878928209922,98.38932220663924,98.55101405563596,1995600,99.23970130679304
2023-04-25,96.97003173828125,98.98219857391524,96.6107225957733,98.98219857391524,1888600,97.5209843026566
2023-04-26,94.65245056152344,96.19749757797855,94.12245796506436,95.01175967725871,2350000,94.99080203485545
2023-04-27,96.87120056152344,97.06882466295365,94.93989031462935,95.06564986037925,1688400,96.29330517970214
2023-04-28,98.68575286865234,98.82947514115135,97.0778192531145,97.51797770770649,1854200,98.19768242097273
2023-05-01,98.8743896484375,99.45827721380516,98.24559187243032,98.38032935773062,1438100,98.85941957822433
2023-05-02,96.65563201904297,98.99117569309946,96.13462417194458,98.79355840769415,1394000,97.26047729469566
2023-05-03,96.71849822998047,98.04796516127305,96.63765574093982,97.3203484929994,1510500,97.13470637739778
2023-05-04,96.29630279541016,96.89815991358493,95.9819039148004,96.4939269070453,1584700,96.39212220793183
2023-05-05,96.86224365234375,97.71561316274949,95.77531771198316,97.01495072626768,1539300,96.78439150902547
2023-05-08,95.51480865478516,97.050877803103,95.46090680252993,97.050877803103,1205100,96.00886442013937
2023-05-09,96.34123229980469,96.70953307421075,95.20041139901556,95.66751738861724,2051300,96.08372559101035
2023-05-10,98.3883285522461,98.4336145577442,96.64918146577429,97.5731044352638,2249300,97.82370819192153
2023-05-11,96.56767272949219,97.88108451032862,96.29592902482904,97.67275365938575,1919400,96.91489542154994
2023-05-12,96.82130432128906,97.34667184034706,95.94267410407517,97.07492811373636,1010900,96.70355008857042
2023-05-15,97.9807357788086,98.22530652603025,96.51333893840004,96.82130872588765,1551600,97.57312708107963
2023-05-16,96.0694808959961,97.76333529231525,95.91549601743881,97.69992934757227,2063800,96.58277073525005
2023-05-17,97.20174407958984,97.53689376834437,95.95173808845162,96.62203055523035,1667100,96.89679197879529
2023-05-18,98.51516723632812,98.56045325415111,96.83943254080371,97.0839963870936,1053100,97.97168434376097
2023-05-19,97.92637634277344,98.995224306115,97.4553548480239,98.82311950102621,1480600,98.12565183230411
2023-05-22,99.62928009033203,99.89196381613145,97.7270949804949,98.5513791108375,1419100,99.08277962898613
2023-05-23,98.59666442871094,99.62022633771691,98.30680771791481,99.60210640600704,2351100,98.84123282811423
2023-05-24,98.12565612792969,99.1492111915336,97.88108540934064,98.79594851866457,1723300,98.38531757626798
2023-05-25,97.71804809570312,97.90826594107763,96.07854649219186,97.50971722679631,2619700,97.23495350965754
2023-05-26,97.9807357788086,99.11298983997833,97.01152657887651,97.9988557137963,2188900,98.03508406588782
2023-05-30,97.22891235351562,98.32494030901714,95.29049405473228,98.32494030901714,2164000,96.94811557242167
2023-05-31,95.0459213256836,97.4463009674361,94.28504311396487,97.39194808113018,16804900,95.59242180236151
2023-06-01,97.10208892822266,97.15644181316729,95.17273082555293,95.91548908632396,3044300,96.47708718898097
2023-06-02,99.86479949951172,99.97349836778206,96.86659321803472,97.3013748696566,2892700,98.90163036177616
2023-06-05,101.13292694091797,101.47712966319702,99.91914707999625,100.26335671300518,2547500,100.84306789470374
2023-06-06,100.91554260253906,101.24162541209147,99.8557475562551,101.22351238795589,1581600,100.67097185696188
2023-06-07,101.36843872070312,101.85756636384231,100.14559888066536,101.22350689256564,1849700,101.1238679884036
2023-06-08,100.50791931152344,101.33220351663459,100.16371659342448,101.07857282301823,1513700,100.66794647386082
2023-06-09,101.16915893554688,101.65829347985836,99.98255207572963,100.24523582604857,1545100,100.93666816371162
2023-06-12,102.4372787475586,102.67278951037112,101.17821287482722,101.61300144380958,1768000,102.09609371091898
2023-06-13,102.8177261352539,103.18004880785982,102.38293754598078,102.82677919178968,1381800,102.79357082969817
2023-06-14,101.03327941894531,103.7235157533807,100.60755085279166,103.34307319615512,1615900,101.7881153417059
2023-06-15,102.63655090332031,102.89923464147097,100.75248563673244,100.96987645389076,1366900,102.09609039384124
2023-06-16,102.89018249511719,103.8322186553737,102.48257381812456,103.08946030546203,3843800,103.06832498953848
2023-06-20,101.6673583984375,102.62751457629318,101.26880965380421,102.35577082750315,1520100,101.8545608761783
2023-06-21,102.22894287109375,103.07134006721067,100.65284734345641,101.47712460677583,2018200,101.98437676058694
2023-06-22,100.78871154785156,102.35575400834632,100.27240403857492,102.02966432767377,1417700,101.13895653159095
2023-06-23,98.17095947265625,100.10032493054798,97.87204963487834,100.0912649625151,2821200,98.71444467936085
2023-06-26,100.22712707519531,100.39922498666866,97.88109315585879,97.92638608087972,1924200,99.50248173924092
2023-06-27,100.60755920410156,101.29597155780766,100.22712352602575,100.58038621434326,1769200,100.71021809597833
2023-06-28,100.2814712524414,100.97894358512683,99.30320213972234,100.72531288459487,2266900,100.18787232576352
2023-06-29,99.0314712524414,103.95903624664727,98.58762268299931,103.55142754732249,2886700,100.52604339402933
2023-06-30,101.33221435546875,102.70903228586344,99.83763757704529,100.68909486272192,2943600,101.29296140612583
2023-07-03,100.96987915039062,101.28690887361508,100.11842197024812,100.93364619477502,1132000,100.79173666475128
2023-07-05,102.24705505371094,102.8267685053406,100.16371199651981,100.66189957268902,2576700,101.74584518519045
2023-07-06,103.00794219970703,103.20722001172597,100.60756230983085,101.08763690566008,3527300,102.27424150708795
2023-07-07,102.75431823730469,104.39381983411178,101.95720699054141,102.28329669863001,2165000,103.03511502065264
2023-07-10,105.50796508789062,106.033325718182,103.07135214580029,103.11663816164194,3161100,104.87088098395763
2023-07-11,107.01158142089844,107.45542302040528,105.63476370150335,105.63476370150335,2799800,106.70058938093568
2023-07-12,107.39201354980469,108.28876359641052,106.23258668508964,108.21629768968353,2837900,107.30445461043496
2023-07-13,109.17646026611328,109.3304451539017,107.16557602552993,107.39202682900589,2545900,108.55749381518164
2023-07-14,109.47537994384766,109.84675567800501,108.45182477233757,108.81414053910662,2406000,109.25798679806341
2023-07-17,109.62935638427734,110.55327948621027,108.6963802263843,108.86848503984292,1839000,109.6263386989573
2023-07-18,110.68009948730469,111.16923406345352,109.33044769153597,109.53878547629074,1675800,110.39326041409805
2023-07-19,111.69458770751953,111.91198544604241,110.70726556029827,110.82501748561747,1479000,111.4379462379534
2023-07-20,112.18370819091797,112.42827888841691,110.82500359374723,111.51341585798451,1599200,111.81233022436071
2023-07-21,111.78517150878906,113.1257563181713,111.78517150878906,112.91742546097728,5885800,112.23203311191646
2023-07-24,113.45184326171875,113.50618923867415,111.78516880161094,111.96632666528195,1646100,112.91440043400128
2023-07-25,113.24349975585938,113.49713042715761,112.65473327342225,113.20727371354594,1329500,113.13178781881307
2023-07-26,115.71636199951172,116.87578902185261,113.16199718131374,113.16199718131374,2452300,115.25138273422601
2023-07-27,115.08230590820312,117.48267899694557,114.46635942053534,115.98810916002454,2217100,115.677114775228
2023-07-28,114.60221099853516,116.25077244793151,113.7145277854069,115.95185575115728,1909700,114.8558370772912
2023-07-31,113.65111541748047,114.52974552520885,112.59132745507226,114.40293364478715,1508400,113.59072946592052
2023-08-01,113.95909881591797,114.24895556459609,112.50075510548834,113.44279126637474,1550500,113.5696031620008
2023-08-02,112.67286682128906,113.21634739448093,112.10221325604716,112.79967872467616,1490200,112.66380915727238
2023-08-03,112.92648315429688,113.47902365851368,112.04785294560033,112.79061129230865,1012400,112.81778658613696
2023-08-04,111.40473937988281,113.25257883249243,111.15111557651626,113.25257883249243,1268800,111.93614459629718
2023-08-07,113.28881072998047,113.4065626630885,111.6583621368602,111.81235393951565,1056900,112.78457850997638
2023-08-08,112.22901153564453,112.7362590876167,111.1420436104804,112.7362590876167,1533200,112.03577141124721
2023-08-09,113.15961456298828,113.42419887442074,112.06478917012926,112.06478917012926,1044300,112.8828675358461
2023-08-10,113.41507720947266,114.33655957221116,112.93152919519046,113.41507720947266,1002000,113.56105532562476
2023-08-11,114.4825439453125,114.65588701858005,112.63045363869044,113.09575759478874,1419100,113.92296153419433
2023-08-14,114.03548431396484,115.13943530184858,113.81652061209243,114.27269905141947,967900,114.33048007596862
2023-08-15,112.75816345214844,113.74351037830048,112.72167530886519,113.18697222338476,1824500,113.0744497131047
2023-08-16,111.76370239257812,113.07749834609578,111.69983769821155,112.75816791353328,1385200,112.18034614562849
2023-08-17,110.39517211914062,112.75817287541649,110.18532699371366,112.06478672341852,1836800,111.11289066275693
2023-08-18,109.92074584960938,110.73274281167805,109.72002624806797,109.90249481634396,1480900,110.12450496978512
2023-08-21,110.00286102294922,110.2035806361792,109.08137868981613,109.7930158925551,1404000,109.7626067829815
2023-08-22,108.98101806640625,110.68712780534405,108.89890929473489,110.32218368954564,1394100,109.52235172216173
2023-08-23,110.9608383178711,111.23454118586325,109.02663936470142,109.42807859063271,1164300,110.40733962281193
2023-08-24,110.17621612548828,112.09216413521878,110.08498183183072,111.58124652215209,1146000,110.78445403084594
2023-08-25,111.18892669677734,111.62685406660835,110.2583188546089,110.3404345869085,1452700,111.02469987266487
2023-08-28,111.48999786376953,111.98267136967867,111.13417926962347,111.72721258011022,1460600,111.53561616769055
2023-08-29,111.28929901123047,111.64511764948529,110.13060183682666,111.4900116845369,1694900,111.02167283251413
2023-08-30,111.79107666015625,112.11040014535341,111.15242968976192,111.45350910183207,1171000,111.68463549842386
2023-08-31,111.51737213134766,111.85493968462417,110.95170842264972,111.55386027705607,1930900,111.44134007954051
2023-09-01,111.67247772216797,112.4114845292712,110.46816698135184,111.93706203895647,1219800,111.51737641093034
2023-09-05,110.73274993896484,111.52649591885736,110.14884213002293,110.74186849545477,1977700,110.80269599594838
2023-09-06,109.82038879394531,110.46816127646564,109.3915799909754,109.97548777692978,1149400,109.8933766871288
2023-09-07,109.65615844726562,110.47727394198054,109.47368292342826,109.88424763151522,1056400,109.86903843755813
2023-09-08,109.9754867553711,110.33130534160905,109.70177693792814,110.17620636006528,989600,110.00285634496943
2023-09-11,109.3824691772461,110.13972708169676,108.8076868308906,109.9755025597765,1063100,109.44329436327781
2023-09-12,109.26383972167969,109.59228868867633,108.9262652387306,109.3824435861449,968300,109.26079788302887
2023-09-13,108.84416961669922,109.3733312734245,108.40623528759447,109.01751267634629,872800,108.87457872590606
2023-09-14,108.5157241821289,109.33683976504317,108.36061823002422,109.19999180837762,1479600,108.73772739239877
2023-09-15,105.8060073852539,108.57044706659421,105.58704372672882,108.57044706659421,3431500,106.654499392859
2023-09-18,106.1162338256836,106.8826172774761,105.80603580617712,105.80603580617712,1857900,106.2682956364456
2023-09-19,105.97025299072266,106.21658628556999,105.12176081400091,105.81515399171764,1514400,105.7695333634312
2023-09-20,105.51407623291016,106.70013601923,105.4684556038964,106.40818209144182,1612400,105.89422261867885
2023-09-21,103.379150390625,105.26772875414602,103.19668180854508,104.99402588102616,1872400,103.94785365110538
2023-09-22,103.05069732666016,104.16377373152667,102.98683262936764,102.98683262936764,1285300,103.40043456251816
2023-09-25,104.3280029296875,104.36449803845895,102.95946767404473,103.06895300035904,1667100,103.88398954739705
2023-09-26,102.84085845947266,104.30975344790191,102.53977904826495,103.97217892981479,3140600,103.2301303185465
2023-09-27,106.2986831665039,107.73108293537946,100.74242713413112,102.64013077820543,3391800,104.92406441200482
2023-09-28,106.85523223876953,108.25113704625616,106.18920870384012,106.88260182939004,2402500,107.09852599628861
2023-09-29,105.22210693359375,107.72196251013068,104.73855896390289,107.40263903587535,1691500,105.8942094692091
2023-10-02,103.80794525146484,104.98488624153426,103.47037772395228,104.76592258034648,2220200,104.08773640565046
2023-10-03,104.2276382446289,105.23122932633618,103.54337064881986,103.94480986579475,1680600,104.33407940659498
2023-10-04,105.17649841308594,105.50494744174911,103.8444582238322,104.7294454976896,1702600,104.84196802622243
2023-10-05,104.80242156982422,105.58704892562928,103.98129910901316,105.47756361061128,1103900,104.79025653482222
2023-10-06,107.1106948852539,107.36615368787497,103.66198712840902,104.08167044139081,2219700,106.0462785671793
2023-10-09,108.71643829345703,108.94452749065472,106.8096089853048,106.81873450219707,1259100,108.15685825647218
2023-10-10,108.05040740966797,109.62878760940693,107.68546332688207,108.67993577845539,2029700,108.45488611531898
2023-10-11,108.26026153564453,108.73468401026646,107.18368023016744,108.59782909773303,1380300,108.05954192535948
2023-10-12,108.16902923583984,108.86242241217309,107.62161650114753,108.69819789569233,1332500,108.21768938305348
2023-10-13,107.63986206054688,108.93540709091171,106.71837971157798,108.69819236567878,932600,107.76454962101218
2023-10-16,108.3241195678711,108.74380283594722,107.31140302246125,108.59782241536618,1292100,108.12644180875986
2023-10-17,108.69818878173828,109.07225841153081,108.068660361224,108.39710936664623,1110700,108.61303585149771
2023-10-18,107.9044418334961,108.78031053694144,107.47563996002917,108.64345561698245,1372900,108.05346411015557
2023-10-19,107.8314437866211,109.14523274014488,107.22928500567858,108.12339766081854,1622600,108.06865384414819
2023-10-20,105.83338165283203,108.00478818432923,105.74214737113928,107.83144513733187,2038900,106.52677240276684
2023-10-23,106.40816497802734,107.61247560655808,105.53230333552587,105.90637294323179,1540100,106.51764797337042
2023-10-24,106.85523223876953,107.33878023501208,105.44107639704919,106.96471060125158,1229300,106.54502962361028
2023-10-25,102.35731506347656,105.7786531785952,101.60005722342171,105.7786531785952,3904900,103.24534182183116
2023-10-26,101.95587921142578,103.35178409496602,101.86464491747664,102.41205764190197,2314900,102.39076940795614
2023-10-27,99.96692657470703,101.79164003374026,99.46512758918111,101.79164003374026,1739100,100.40789806587613
2023-10-30,100.8792953491211,101.28985314213203,99.66585908340572,100.87016983173211,1290500,100.61166919155295
2023-10-31,101.3172378540039,101.55444563937924,100.35926031218615,100.97966329072709,1369800,101.07698126852308
2023-11-01,99.31916046142578,99.77533885525533,96.95615276180922,99.77533885525533,3094200,98.68355069283011
2023-11-02,102.61277770996094,102.66751689442168,99.90307670746621,100.03993162934856,1562600,101.72779043728293
2023-11-03,100.77893829345703,104.09991671929487,99.06370989616917,103.5433784757758,2878300,101.3141883029737
2023-11-06,101.71866607666016,101.7642867047167,100.34101220670391,101.06176801273716,1745500,101.27465499602692
2023-11-07,102.66751098632812,102.80436590033504,101.10738167240152,101.83726990661833,1910800,102.19308618635489
2023-11-08,104.05428314208984,104.3918506620797,102.49414707879782,103.15104500845149,1502700,103.64676029432246
2023-11-09,104.02690887451172,105.06700192641323,103.73495500612529,104.60169805592166,1897000,104.27628860235008
2023-11-10,105.31334686279297,105.67829097895999,104.24589106560673,104.82979886718194,1537000,105.07917630245322
2023-11-13,105.2581787109375,105.61676208138677,104.69731610283664,104.96395627839411,1275400,105.19075229838695
2023-11-14,106.89479064941406,107.5108177669861,106.0488950240678,106.9315693300653,1737800,106.81816781348932
2023-11-15,107.70391082763672,108.38429894738532,107.20740911382555,107.29016290686911,2240500,107.76520629628253
2023-11-16,107.10626220703125,109.30373757827894,106.13165169512853,108.77965364067627,1316400,107.5138838268129
2023-11-17,108.05329132080078,108.20040604857608,107.1706239985979,107.74987947069278,1275500,107.80810712265826
2023-11-20,109.20259857177734,109.44165649644756,107.63954317429304,107.63954317429304,1502300,108.76126608083932
2023-11-21,108.82562255859375,109.46923191385518,108.61414690482735,109.23018101893858,1861900,108.96966712575876
2023-11-22,109.36810302734375,110.23238454474814,108.7244936089468,109.73588284420626,2495300,109.44166039367957
2023-11-24,108.954345703125,109.70829110587889,108.70609838171283,109.6990946821774,548200,109.12291173023891
2023-11-27,109.36810302734375,109.50602133551926,108.2555741670767,108.66932909160322,1659800,109.04323284331325
2023-11-28,109.94735717773438,110.04849680150842,109.04629698815195,109.54279868263822,1903100,109.68071698913157
2023-11-29,111.39089965820312,112.08968067867868,110.03011630409992,110.33353520948214,1991100,111.17023221366058
2023-11-30,112.14483642578125,112.32872283081367,111.08747205980305,111.79544243547626,2678400,111.85367710546599
2023-12-01,113.93773651123047,114.14001573562528,111.84140093989444,112.13562335315537,1625900,113.3063843955834
2023-12-04,114.17680358886719,114.37908282951626,112.61374820809641,112.63213404142077,1610600,113.72321154215996
2023-12-05,113.1286392211914,114.25955389828007,112.65971978651694,114.02050298358179,1732000,113.34930430199614
2023-12-06,114.39746856689453,114.52619044450576,113.09185694265715,113.68030181597022,1841600,114.00517198468582
2023-12-07,114.77444458007812,115.24335698416672,113.59755483560943,114.79283041335336,1753100,114.53845213328475
2023-12-08,114.0296859741211,115.07786083227637,113.86418541912985,114.41585861231138,1707800,114.32391074184244
2023-12-11,115.1146240234375,115.9697089921396,114.68249034232183,114.73765485165244,2264800,115.25560778596632
2023-12-12,116.36507415771484,116.45702436217366,114.57215740781947,115.62032520234534,1406500,115.79808530923599
2023-12-13,117.79940795898438,117.86377590825114,115.60193976420926,116.66849339437131,2907700,117.08837454381494
2023-12-14,116.61333465576172,118.47980886204823,116.3466944813185,118.34189757769491,3489700,117.14661266637614
2023-12-15,116.62252044677734,117.54196639296065,116.1536080648913,116.34669087181189,3827300,116.77269830154309
2023-12-18,117.45003509521484,117.68909302957982,116.59494999807914,117.53278888645589,1751100,117.24469270762461
2023-12-19,118.41543579101562,118.94871611685072,116.78801957264774,117.59713648489844,2755400,118.05072382683802
2023-12-20,117.56036376953125,119.21536934235135,117.48680640744676,117.90055429324372,2761500,118.0875131731098
2023-12-21,109.32213592529297,112.40227876665095,109.03710288186257,112.40227876665095,5820000,110.25383919126882
2023-12-22,110.20480346679688,111.34491459795072,109.02791365208107,109.13824268795028,2654400,110.19254390560955
2023-12-26,110.4990234375,110.88518908399814,109.52441289686665,109.70829929572773,1388300,110.30287513945494
2023-12-27,109.47843933105469,110.4346640511909,109.32213518834057,110.4346640511909,1394800,109.74507952352872
2023-12-28,109.873779296875,110.39786315184071,109.46922087731721,109.74505743880027,2203000,109.91362110867765
2023-12-29,109.51521301269531,109.91977149518871,108.79804625905065,109.53359884607399,1241800,109.4110102556449
2024-01-02,108.3750991821289,109.49681737487295,107.86940109189572,109.26695588200624,1982100,108.58043921629918
2024-01-03,107.42807006835938,109.12905082447497,107.36370912727723,108.91757515245283,1595000,107.97361000670385
2024-01-04,108.35670471191406,108.917567307296,107.71309534745085,107.96134266951067,1525400,108.32912245555364
2024-01-05,108.47624206542969,109.0922692012997,107.97054395997444,108.02570847518182,1299400,108.51301840890126
2024-01-08,109.84620666503906,109.94734627878725,107.97973254465728,108.4578413429813,2047500,109.25776182949453
2024-01-09,109.11065673828125,109.27615730130358,108.03490658604423,109.00032770614393,1252800,108.80724020854302
2024-01-10,109.31293487548828,109.65313242236786,108.64174322073578,109.13823788995332,1011400,109.2026035061973
2024-01-11,109.54280090332031,109.62555469482054,108.29235372477955,109.38649675970687,1711700,109.15356977430679
2024-01-12,110.07608032226562,110.67372164738005,109.22099522997983,110.3151382552747,1033800,109.9902657332085
2024-01-16,110.15882110595703,110.19559978709752,109.08307098815813,109.74507321905473,1967400,109.81249729373756
2024-01-17,110.43466186523438,110.67371979424063,109.74507735122191,109.74507735122191,1385100,110.28448633689896
2024-01-18,110.6737289428711,110.802450834942,109.32214206130972,110.5174177755133,1884800,110.26610727970761
2024-01-19,112.25515747070312,112.86199519077549,110.14043590412413,111.28054696675004,2256400,111.75252952186759
2024-01-22,112.89878845214844,113.17461807568029,111.98853876930426,112.16322875976263,1151200,112.68731509904433
2024-01-23,112.92635345458984,113.5515769931203,112.64132744938873,112.76085289983718,2017500,113.03975263236629
2024-01-24,112.07128143310547,114.36989661881165,111.71269802532065,113.59756528352646,2591300,112.7179586924126
2024-01-25,111.26214599609375,113.27572766870973,110.78403021839128,112.02528073215517,1563800,111.77396796106491
2024-01-26,111.19780731201172,111.6391374868423,110.655330495879,111.48283334220717,1166700,111.164091764911
2024-01-29,111.58395385742188,111.7402579752864,110.75645115282222,110.85759076198525,1490200,111.36022099517682
2024-01-30,112.5585708618164,112.66890690050941,110.55417842186328,110.69209671652557,1445600,111.92721872806304
2024-01-31,111.92416381835938,113.8458025766854,111.68510589602239,113.12863582449069,2351300,112.48502409702239
2024-02-01,111.34490966796875,112.18160889861939,109.62555013017916,111.97013323120578,2086800,111.0506895655891
2024-02-02,111.9609375,112.25515994247284,110.50821813612451,111.4276641457042,1946200,111.57477185953246
2024-02-05,110.23239135742188,111.56558538427497,109.80025057201216,111.547199548963,1663600,110.532742437903
2024-02-06,112.34711456298828,112.73328021860623,110.29674679466447,110.65533019128351,2238500,111.79238052541966
2024-02-07,112.26435089111328,113.26655064037817,111.85060301290919,113.04587855817437,1411100,112.46050151480021
2024-02-08,112.86199188232422,112.91715639532599,111.34490464143161,112.17240741053813,1084400,112.3746843063606
2024-02-09,113.11943817138672,113.32171741002672,112.0252952068246,113.10105233824497,1714800,112.822150262746
2024-02-12,113.0823974609375,113.4899038621225,112.5822778956463,113.10092433331762,2256900,113.05152640623544
2024-02-13,112.42483520507812,112.84159797798601,111.47090618616294,112.66563508534546,1932700,112.24577978974236
2024-02-14,113.19352722167969,113.72142998168641,112.31368457771458,112.80454772818649,1792100,113.0762139270269
2024-02-15,113.721435546875,114.10115162360124,113.36950271162493,113.54546559628436,1435400,113.73069662736707
2024-02-16,114.26786804199219,114.6753744614444,112.99905279840442,113.5917855543721,1100300,113.98076510061367
2024-02-20,115.2958755493164,115.31440242013083,114.16597667128663,114.2678532629733,1415500,114.92541821357797
2024-02-21,114.31417083740234,115.6292961138527,113.70291124737447,115.49963627341008,1100600,114.5487927328765
2024-02-22,115.49964141845703,115.77748798374327,114.1382059672315,114.63832554518771,1467200,115.13844512314392
2024-02-23,115.434814453125,116.00902740532811,115.37924796501665,115.76822751363883,1077000,115.60769660782326
2024-02-26,114.25861358642578,115.61078565026176,114.1752567874444,115.4162958738811,1192500,114.68155200804398
2024-02-27,113.82331848144531,114.61054098614362,113.26763242318367,113.96224176249362,1052100,113.9004972969242
2024-02-28,113.36951446533203,114.29566029552306,113.26763785873646,113.8233239436647,898500,113.64427087319719
2024-02-29,113.56399536132812,114.04558804635802,113.1379691606663,114.04558804635802,1954700,113.58251752278414
2024-03-01,113.20280456542969,113.59178410671396,112.41557498044217,113.09166452537774,1017700,113.07005455086194
2024-03-04,113.3046646118164,115.17548293335282,113.26762500083353,113.86961406937563,2728600,113.91592418200092
2024-03-05,111.35050201416016,113.45284967047273,110.83185561083347,113.34170964134609,1691300,111.87840243182211
2024-03-06,111.81359100341797,112.4155801500707,110.77630511302678,111.24864147255416,1800000,111.66849208883848
2024-03-07,112.18404388427734,113.04535980447801,111.25789803743501,112.55450363620069,2036100,112.16243390873012
2024-03-08,111.89692687988281,112.88790252891165,111.36902409611851,111.91544668548369,1344900,112.05128450163765
2024-03-11,112.65636444091797,112.78602427601233,110.98929932408889,112.2859047409636,1280400,112.14389601367306
2024-03-12,113.59178161621094,113.86036474099902,112.04511985554001,112.21182637899705,1551800,113.16575540424999
2024-03-13,113.11016845703125,114.23080387302628,112.95272538850409,113.59176816373055,1637700,113.43123257285386
2024-03-14,112.59154510498047,113.47138079237135,111.98954891921905,113.18427785424139,1674400,112.68415827219029
2024-03-15,111.39681243896484,112.8971711348669,110.94300298868389,112.36926832692698,5841100,111.74566218750522
2024-03-18,111.63760375976562,112.61931594272417,111.58203727874712,112.13772328672496,1214900,111.94631899374565
2024-03-19,112.1006851196289,112.21182515603283,111.15601247502426,111.54499906947225,1111400,111.82284091689534
2024-03-20,113.91594696044922,114.4160665998948,112.02660845563231,112.5545113418361,1500000,113.45287400532544
2024-03-21,113.29541015625,114.54570549301532,113.26762691457786,114.23081226689142,2191100,113.70291418794773
2024-03-22,111.91545104980469,113.76774258309584,111.776534837553,113.76774258309584,1426400,112.48657615681783
2024-03-25,110.17430877685547,111.84137412276915,109.66493280211054,111.66540415127493,1892800,110.56020523391173
2024-03-26,110.7485122680664,110.95226546690355,109.65565998279287,109.8223665031204,1723300,110.45214590592094
2024-03-27,112.55449676513672,112.83234332860067,111.26715468188821,111.79505749972442,1526300,112.21799825854187
2024-03-28,113.73070526123047,113.88814834890792,112.85086252563637,112.98978580661772,1618300,113.48990537859159
2024-04-01,112.6378402709961,113.99926848673307,112.2951638252787,113.91591876708685,2815200,112.97742419433597
2024-04-02,113.06388092041016,113.52695382024874,106.2474472695118,107.96081558572818,5003900,110.94609400339023
2024-04-03,111.37830352783203,113.03610547148125,110.42437441893455,113.008315160192,2484900,111.61292780608261
2024-04-04,111.12821960449219,112.81380448129302,110.572533602479,112.33221183046315,2029100,111.50485256275472
2024-04-05,113.34172058105469,113.36024745399618,111.01709970804812,111.14675955491177,2056100,112.573022581033
2024-04-08,114.70315551757812,114.94395540320087,112.59154423147687,112.7119406413224,2647100,114.07955171741862
2024-04-09,117.24079132080078,117.3519313585364,115.14770693793315,115.59225295701253,2227500,116.58014320575678
2024-04-10,115.32366943359375,116.87959462686042,114.29565411829921,116.69436829720574,1914200,115.4996393929178
2024-04-11,115.06434631347656,116.56470497627929,113.75848447672068,115.56446586774413,1712400,115.1291785888255
2024-04-12,113.91594696044922,114.93470604853502,113.22133752776355,114.53646302449127,2004400,114.02399684558259
2024-04-15,113.40653991699219,115.47184796938856,113.22131360045996,114.99951167652104,2138100,114.0332338289469
2024-04-16,112.19329071044922,113.69364930393404,112.06363087636262,113.44358600538773,2000700,112.6501902969153
2024-04-17,110.34101104736328,112.5174522839142,110.27618112341263,112.5174522839142,2281300,111.04488148489669
2024-04-18,109.09070587158203,110.93373388715393,109.04439575892735,110.93373388715393,2297800,109.68961183922112
2024-04-19,110.69294738769531,110.99857720989041,109.09071904576096,109.09071904576096,2643300,110.26074788111556
2024-04-22,112.27666473388672,113.00831373886122,110.9893154990992,111.13750222704934,1912000,112.09143132394905
2024-04-23,112.6378402709961,113.07312280569984,111.79504430960907,112.27664402066759,1223700,112.50200246210166
2024-04-24,113.47138214111328,113.61956886315575,111.52647734286266,111.87841727474762,1806800,112.87247611571057
2024-04-25,112.96199798583984,114.8142894813763,112.3136917228433,114.29565012372412,1204300,113.36332639668649
2024-04-26,111.10970306396484,113.16574769115617,110.99856303392465,112.27664864862795,2400500,111.75800459634856
2024-04-29,111.8876724243164,112.0914256319352,111.22084631426647,111.39681627828847,1925900,111.7333147901727
2024-04-30,110.03538513183594,111.57279061987478,109.9335085240294,111.46165057519529,1687600,110.51389475858004
2024-05-01,110.59107208251953,113.09166288704343,110.09095250842843,110.09095250842843,1470900,111.25789582599714
2024-05-02,109.70197296142578,110.7763055376561,108.49798759757314,110.71147561087889,1478900,109.65875536555167
2024-05-03,111.2301025390625,111.33197913626663,110.0909472298619,110.46139987504277,1540500,110.88434296839701
2024-05-06,111.72096252441406,111.78579244616022,110.79481674750825,111.42459615844146,837900,111.43385723936085
2024-05-07,112.79529571533203,113.00830528841698,111.7302266521126,112.00807321327649,1070100,112.5112758852872
2024-05-08,112.23960876464844,113.08239774584908,111.35976603859416,112.98052114529615,875700,112.22725751636388
2024-05-09,113.2573471069336,113.3320373858786,112.12756848412761,112.46369967175748,1460000,112.90565099231327
2024-05-10,114.4244613647461,114.4898198076388,113.2760120127333,113.71485032509969,1063000,114.06343106170607
2024-05-13,116.49725341796875,116.59996055369879,114.78859505457956,114.81660479640855,1685900,115.96193634208237
2024-05-14,115.50753784179688,117.84177797389252,114.90997293786323,116.7120066047825,2451300,116.08642958451753
2024-05-15,116.1238021850586,116.98280100327771,115.82501967769817,116.06777556749691,1266300,116.31054095534482
2024-05-16,116.88941192626953,117.30023334829747,115.36748279076946,116.12378144269648,1455300,116.51904268844548
2024-05-17,117.31891632080078,117.48698190364351,115.90903321603881,116.80538061668804,2414700,116.9049771468277
2024-05-20,117.24421691894531,117.46830198439298,116.57195459906652,117.45897015250385,896500,117.09482450080161
2024-05-21,117.5523452758789,117.67372320942535,116.49726408018488,117.67372320942535,943800,117.24111085516306
2024-05-22,118.56073760986328,119.02758567442268,116.89875251626142,117.41228823669123,1736700,118.16235860018246
2024-05-23,117.3282470703125,118.29928467711508,117.17885228555186,118.29928467711508,2120600,117.60212801099316
2024-05-24,115.9930648803711,118.4393440029839,115.78765060702958,117.5336576833612,1354400,116.74001983012819
2024-05-28,112.29562377929688,115.67560613446918,111.55801014893302,115.58223795169845,2484800,113.17641335423302
2024-05-29,110.87641143798828,112.64109649015003,110.82039195174058,111.39927897239595,1327400,111.44596662662629
2024-05-30,110.5589599609375,111.51132686013011,110.2975190659971,111.10983724732021,1429200,110.78926862902158
2024-05-31,112.19292449951172,112.61308488649968,110.40956156570714,110.55895635794734,4177900,111.73852365057284
2024-06-03,112.18358612060547,112.32364195816645,110.84840043312443,112.17424716515852,1978400,111.78520950396545
2024-06-04,113.50943756103516,114.15369016641786,111.39928232525143,111.8287816876612,1266000,113.02080335090147
2024-06-05,113.57479095458984,113.90158315889917,112.13689813209301,113.64014939545172,1166400,113.20442408186068
2024-06-06,113.75220489501953,114.66722314274028,113.43474449634553,113.78021464005681,1177300,113.95139084470179
2024-06-07,114.45247650146484,115.92771813745611,113.257346561662,113.257346561662,1975900,114.54584706686099
2024-06-10,113.85490417480469,114.3591009212433,112.74380354153058,114.02296975695089,2717800,113.65260287919286
2024-06-11,115.71295928955078,115.89969566228535,113.5561235532617,113.73352097029874,2435600,115.05625950169929
2024-06-12,114.67655181884766,116.25450046749978,114.55517389338816,116.01173749304505,1889300,115.16207539324519
2024-06-13,114.53650665283203,114.70457224718284,113.21065981047357,114.02297803709193,1528200,114.1505795701628
2024-06-14,113.90158081054688,114.70455999517206,113.40672303657601,114.47113597925859,1144900,114.00428794743165
2024-06-17,116.44123077392578,116.60929634387381,112.79048300940936,113.46273816566611,1478000,115.28033670906966
2024-06-18,117.14151000976562,117.23487819359075,115.80632432281269,116.6466522243103,1181600,116.72757084205635
2024-06-20,116.78670501708984,117.8324400463252,116.56261283350888,116.98278033507148,2256800,117.06058596564132
2024-06-21,117.60836029052734,117.82311352859409,116.86140768217605,117.28156807915265,2828800,117.43096050043249
2024-06-24,117.72039794921875,119.2796686199643,117.26288176255282,117.85111482439889,1735900,118.08764944391196
2024-06-25,116.74002838134766,118.09389207165447,116.49726538799328,117.76709272064284,2485100,117.11039528033182
2024-06-26,109.60659790039062,116.71202665290225,109.53190049368393,116.71202665290225,5176200,111.95017501565894
2024-06-27,110.02674102783203,110.35354034984874,107.87924434957395,109.43851507056614,2609900,109.41984190908492
2024-06-28,110.6989974975586,111.88479542834517,109.72795278504059,109.77464043530536,6556900,110.77058190364812
2024-07-01,109.24243927001953,112.1742443352466,108.64487436013475,111.08182165219496,1727800,110.0205193218003
2024-07-02,110.53093719482422,110.57762484731302,108.5234963614472,109.02768596594096,1717800,109.87735280119482
2024-07-03,109.64393615722656,110.53094462586262,109.59724850159893,110.36287903855371,1072400,109.92404309489604
2024-07-05,109.74664306640625,109.92404760916905,108.61687161328423,109.92404760916905,1585800,109.42918742961984
2024-07-08,108.46746826171875,110.176133740392,108.0939884175527,109.69061492945099,1601500,108.9125301398878
2024-07-09,109.26111602783203,109.447859524586,108.12201275354495,108.31808808248459,1802100,108.94366276865433
2024-07-10,109.21444702148438,109.31715417465354,107.748544254068,109.31715417465354,2368100,108.76004848340197
2024-07-11,109.29846954345703,110.66166507391853,108.84096042243756,109.09305524974403,1609300,109.60036501327103
2024-07-12,110.45624542236328,110.96977397508155,109.64392729543516,110.00806818458402,1453500,110.35664889762666
2024-07-15,113.56546020507812,113.78021345401929,110.7176912205702,110.7176912205702,1979700,112.68778829322254
2024-07-16,116.03975677490234,116.06776651973132,113.43474365276286,113.48143130983537,1791500,115.18075564913217
2024-07-17,118.4020004272461,118.5047075683595,116.3105231531414,116.31986210875242,3488800,117.73907704958235
2024-07-18,116.00239562988281,119.6811532346908,115.59157421056787,117.22554230331438,2757400,117.09170769171384
2024-07-19,114.54584503173828,116.60931268759555,114.2003748885538,116.22650096677587,1822200,115.11851086929589
2024-07-22,114.82595825195312,115.44219402061718,113.28535814498827,114.90998748805148,1586000,114.51783680585287
2024-07-23,115.50753784179688,115.99306377845268,114.03229636866389,114.26572038187345,1809400,115.17763266297113
2024-07-24,115.06869506835938,115.86233525760483,114.54582757869844,115.77830603542444,2784300,115.15895263488756
2024-07-25,115.75965118408203,118.95289029012993,115.56356872493262,115.8716901624117,1829000,116.75870339971486
2024-07-26,117.41228485107422,117.8231134155717,116.0210796533931,116.1984770688058,1371600,117.085492640013
2024-07-29,118.3646469116211,118.68210727765369,116.93609307331356,117.65504303185064,971600,117.99428242086277
2024-07-30,119.43839263916016,119.90524064709015,118.64475245038624,118.74745958201365,1657900,119.32946191221218
2024-07-31,119.53178405761719,121.30580102813697,119.44774770061971,120.40946071040554,2494200,120.0951109287913
2024-08-01,118.10322570800781,120.14801546174746,117.28157564872974,118.95289263595707,2112500,118.510938939495
2024-08-02,118.84083557128906,119.06492063523655,116.38521745262182,118.03785637498015,2415600,118.0969912197158
2024-08-05,116.4319076538086,119.51310781405421,116.04909593458059,119.33570326511109,2256900,117.33137046748114
2024-08-06,116.91741943359375,118.4113316749953,115.84366756137106,116.43189350292857,1547500,117.0574728899867
2024-08-07,115.05004119873047,118.75681606868692,114.91932430709532,116.72135816867856,1880300,116.24206052483756
2024-08-08,117.05476379394531,117.60064369084878,114.89004313781216,115.44534404239425,2028000,116.51515020753543
2024-08-09,117.13945007324219,117.38415927684127,115.76532592796971,116.86650657319801,1210000,116.76297842601771
2024-08-12,116.47122192382812,117.34652109096636,115.8876867521874,117.08299139430464,1751600,116.56847658899396
2024-08-13,118.03357696533203,118.35357523296999,116.09473816615208,116.40532978872662,1284100,117.49396345481803
2024-08-14,117.74180603027344,118.25945873551726,117.15827808688415,117.98651523462917,1637900,117.71984761755829
2024-08-15,118.41944885253906,118.86180527958311,117.9206238367301,117.9206238367301,1250100,118.40062598961742
2024-08-16,117.83592224121094,118.36298876992453,117.5535720964507,118.36298876992453,1171500,117.91749436919538
2024-08-19,117.84534454345703,118.78652612164674,117.35593328228244,117.83593071709437,1562500,117.99593464912874
2024-08-20,117.88298797607422,118.33475827510718,117.30886666177904,117.73239548284813,975200,117.84220430432015
2024-08-21,119.55828857421875,119.62417099407487,118.0712200338716,118.58887274748776,1616300,119.0845598673884
2024-08-22,120.36771392822266,120.40536205379964,119.32300178055989,120.07594993080816,1390800,120.03202592086073
2024-08-23,122.35359191894531,122.49476339587441,120.24534742261481,120.83828916765141,2120600,121.69790091247819
2024-08-26,122.53242492675781,123.75596378040952,122.45712868147106,123.17242146975974,1817500,122.91517246287947
2024-08-27,122.4477310180664,122.86183885558364,121.54419036963925,121.54419036963925,2022100,122.2845867477631
2024-08-28,122.33477783203125,124.35832684720853,121.9394832915122,122.96536776771337,1392400,122.87752932358399
2024-08-29,121.93006896972656,123.69948046428259,121.4500572025864,123.00301532967183,1135900,122.35986887886519
2024-08-30,123.4830093383789,123.66183612033178,121.6006463473631,122.27829817303198,1798900,122.91516393535794
2024-09-03,124.1700668334961,125.29007510215844,122.80535654798837,123.36066454055603,1604700,124.08849949454763
2024-09-04,124.27361297607422,125.17715363708464,123.3700866763554,124.28303398336378,988700,124.27361776317143
2024-09-05,122.41948699951172,124.51831776451625,121.73241415090693,124.33008433308231,1207100,122.89007297164498
2024-09-06,121.77007293701172,123.37948533729052,121.33712310716854,122.44772479858932,1359500,122.16222712715692
2024-09-09,124.44303131103516,124.53715521480305,121.77948568086704,122.41949663164773,1199500,123.58655740223509
2024-09-10,126.23127746582031,126.37246332916,124.1795083758382,124.89480125503255,1226000,125.59441639027284
2024-09-11,125.167724609375,125.7324248554002,121.60063891704195,125.30889608055904,2324700,124.16692946060572
2024-09-12,126.29716491699219,126.5606946238409,124.57480081497175,125.90187035671909,1567900,125.81088678526828
2024-09-13,127.14421844482422,128.37716403862993,126.09009965218877,126.20303684817358,1499700,127.20382737854764
2024-09-16,127.23831939697266,129.31832230804358,126.82419727134165,127.45478710399291,1244300,127.7936129921193
2024-09-17,126.99362182617188,128.3865808841921,126.82421603768591,127.0877457273025,1263400,127.40147291601663
2024-09-18,124.70655059814453,127.49245419839907,124.5747857606434,127.04067673157498,1444700,125.59126351906234
2024-09-19,125.33714294433594,126.4477446204211,124.480664303156,126.4477446204211,1252600,125.42185062263768
2024-09-20,125.42184448242188,126.55127379813118,124.07596179905109,125.33714159213078,2411800,125.34969335986806
2024-09-23,126.17479705810547,126.98421377045122,125.07361636130211,125.98656361922548,1346300,126.0775423966196
2024-09-24,125.77009582519531,126.17479700053812,124.88538286544305,126.17479700053812,1693400,125.61009189705884
2024-09-25,124.66893005371094,126.36304556696089,124.593633796921,126.15598445111166,1810000,125.20853647253095
2024-09-26,125.167724609375,125.82654874371558,124.36771464256137,125.2430208477695,1544800,125.12066266521731
2024-09-27,125.167724609375,126.25948416287265,124.9136015999547,125.5818323786112,1670700,125.44693679073411
2024-09-30,126.29716491699219,126.89011393804778,125.10186022866921,125.21479742837812,2812700,126.09637969456973
2024-10-01,132.50892639160156,133.26187440320484,124.40535375494392,129.591272593411,5197900,130.0587181832501
2024-10-02,132.480712890625,133.68542415375413,130.391288652103,131.18189208708048,3208300,132.18580856549406
2024-10-03,131.16305541992188,132.70659251730274,130.6077617773747,131.72777006876686,2884900,131.49246990486643
2024-10-04,130.49481201171875,132.3960027034,130.18423474803458,132.34894075513898,1776600,131.02501648771778
2024-10-07,129.35598754882812,130.4665748244733,128.9136310952976,129.77010970628564,1148000,129.57873115619967
2024-10-08,130.0336456298828,130.41953350982288,129.19599462976132,129.88305313605878,1079800,129.88305792315566
2024-10-09,131.6148223876953,131.68071198855475,129.83598986126717,130.0995195421239,1159100,131.04384141250574
2024-10-10,131.09716796875,131.63364833007086,130.4854057235539,131.19129186552956,892800,131.07207400745824
2024-10-11,130.720703125,131.84071145205516,130.6077659361509,131.75600856041834,1498100,131.05639350440202
2024-10-14,133.97720336914062,134.33484260309282,130.42894479901645,130.91836324072455,1430300,132.91366359041663
2024-10-15,133.93014526367188,135.69015026940744,133.45013345389557,133.97720721618015,1499900,134.35680966232496
2024-10-16,133.91128540039062,134.1183464525889,132.53716862993457,133.64775576328157,1170500,133.52226682763805
2024-10-17,133.94895935058594,134.79601696477877,133.10188737510296,134.6077835351015,1279600,133.94895456348922
2024-10-18,133.20542907714844,134.10896972111493,132.87600977664295,133.96778386605914,1359700,133.3968028583021
2024-10-21,132.7913055419922,133.5630813302361,132.08541935770182,133.34659922692407,834000,132.81326874331003
2024-10-22,133.02658081054688,133.3089381138021,131.34187235789605,132.2077575562668,1305200,132.559130427415
2024-10-23,133.11129760742188,133.5630750843707,131.7748215510186,132.20777137610526,1062200,132.81639808093703
2024-10-24,133.3466033935547,134.0901449065634,132.49954569045505,133.6477884016827,1171900,133.31209799685772
2024-10-25,132.07601928710938,134.36308374464718,131.94425443393385,133.9772101926065,1237600,132.79445248856348
2024-10-28,132.01953125,132.34893615379428,131.15364600500422,131.85011111440855,1514300,131.8407044695995
2024-10-29,133.52542114257812,134.0430738643887,131.07835774328643,131.79365054714881,2044500,132.88228425008444
2024-10-30,133.0736541748047,134.0901319369826,131.69952284039096,133.17718471617346,1435700,132.95443631739275
2024-10-31,131.13482666015625,133.6571863125677,131.10659236265096,133.20542319119218,1594200,131.9662017784583
2024-11-01,130.90896606445312,131.89720977348463,129.901909060567,130.95602802417724,1182400,130.90269496616824
2024-11-04,131.46421813964844,132.17952523340168,130.7489254071844,131.92540222055308,1037600,131.46422292674484
2024-11-05,131.53952026367188,132.14187584461231,131.12541247032334,131.8312985899234,2108000,131.6022695262025
2024-11-06,139.8501739501953,140.4807639144096,133.78896199873716,134.90897042819685,3512300,138.03996662111402
2024-11-07,138.8553466796875,139.76488589427137,138.04055625334783,139.61329361573482,1593100,138.88692960910222
2024-11-08,140.75970458984375,141.3944810567431,138.5521906013889,139.63226039615802,2022200,140.23545874932526
2024-11-11,140.91128540039062,142.7872075492859,140.788129308573,141.2807825891178,1325000,141.49554075274986
2024-11-12,140.21966552734375,141.90609007783084,140.1628220300568,140.62705356232522,2322900,140.7628592117438
2024-11-13,138.82693481445312,140.40914138561146,138.52376469243967,139.96384807111724,2653200,139.25328029750142
2024-11-14,138.17320251464844,138.70376105835555,137.68054927071242,138.35321654697108,1455200,138.18583761457214
2024-11-15,135.44464111328125,138.14480877564526,135.22672173700647,138.14480877564526,1631200,136.27205720864433
2024-11-18,134.3076934814453,136.06991414686973,134.16558474094208,135.8141184139639,1122500,134.84773078975238
2024-11-19,133.26553344726562,134.37402503021318,132.99077059757795,133.8339828849468,1353600,133.54344302501892
2024-11-20,134.37400817871094,134.58244395004584,132.35597750925726,132.79180170113085,1349000,133.770809879338
2024-11-21,136.51519775390625,136.60994654525203,134.2508404244462,135.3782845409361,1089500,135.79199490786814
2024-11-22,136.8657684326172,137.8605585437251,136.14571225267673,136.83733222747057,1249600,136.95734640967302
2024-11-25,137.62371826171875,138.20165131495557,136.2594307922485,137.48160950134857,2018800,137.3616001229743
2024-11-26,138.50479125976562,138.6279617834402,137.34892552621199,138.32477725028255,1366800,138.16055952313926
2024-11-27,138.050048828125,139.67014623387678,137.86055123925243,138.542702080612,1018000,138.52691543375138
2024-11-29,138.5806121826172,138.91220406136065,137.72791637305514,137.84161782164549,730600,138.40691087234433
2024-12-02,137.8037109375,138.78904637857218,137.0173421866986,138.67534493128744,1265700,137.87003316759026
2024-12-03,136.89419555664062,138.07848331316575,136.42994955169323,137.93636010840012,1453400,137.13420947383318
2024-12-04,136.41099548339844,137.6047667818291,136.0036074385697,137.54790882653063,1421300,136.67312323459907
2024-12-05,134.91403198242188,136.9131099461108,133.81502412250188,136.59098720193833,1414700,135.21405535034486
2024-12-06,135.34988403320312,136.35415776985568,135.1604008774148,135.40672753427583,2243200,135.6214808934912
2024-12-09,133.54026794433594,135.6625165447652,132.46019822283085,135.34986288108794,1692300,133.88766090397732
2024-12-10,134.9045867919922,135.18881874583167,132.46021511959285,133.44555063201807,2385000,134.18454021913888
2024-12-11,133.81504821777344,135.63411248825656,133.5592380129224,134.93300892766544,2179000,134.3361329063175
2024-12-12,133.76766967773438,134.68667811058614,132.2233538553188,133.90977842234554,1810300,133.55923388121312
2024-12-13,133.56871032714844,134.41192265705257,133.0286826112781,134.0424254440977,2138100,133.6697718651597
2024-12-16,133.77713012695312,134.77193464483275,133.3413203672275,134.52560801788508,2512400,133.96346171300445
2024-12-17,132.90550231933594,134.80983174558884,132.12861710189833,133.31290480752162,3513200,133.2813170556077
2024-12-18,128.7178497314453,134.2508378639032,128.69889708221046,132.03385497240018,4054000,130.55586155918633
2024-12-19,130.5653533935547,135.17933383593967,129.8832024938355,133.53081454214959,4199500,131.87596324110996
2024-12-20,132.2043914794922,132.7444335825663,129.40000644343536,129.40000644343536,4925600,131.4496105018313
2024-12-23,132.01490783691406,132.25176536401773,130.7264023112046,131.85384645327989,1514700,131.66435850404545
2024-12-24,133.95713806152344,134.2508390724474,131.78752954525865,132.02438706460194,885800,133.33183555974315
2024-12-26,135.1414337158203,135.35933859875036,133.39816573910687,133.65397592310788,2364200,134.63297935122583
2024-12-27,133.84347534179688,135.46357297208377,133.21816790778095,134.6298441833675,2032100,134.1750720738872
2024-12-30,132.60232543945312,133.31289802668448,131.0390570735624,133.2655236295418,1639200,132.31809351323332
2024-12-31,132.84864807128906,133.55922063715747,132.50757266140678,133.07603649675588,1265600,132.97181378995109
2025-01-02,131.2190704345703,134.18453130950405,130.9443220631724,133.95714287836918,1601600,132.11597460241558
2025-01-03,132.3275909423828,132.75393169467728,131.03908513005865,131.5885964499686,1284600,132.04020258903958
2025-01-06,128.90731811523438,132.02437078105882,127.92199731721293,130.30004131372888,2629000,129.61789540450204
2025-01-07,131.93911743164062,132.86760938704637,129.7979304978895,129.95899188852843,2279000,131.53488577219215
2025-01-08,132.87709045410156,133.07605716436538,130.87801208005598,132.59285849228388,2080000,132.27705323284098
2025-01-10,131.74961853027344,133.6160568582509,131.42749578753495,133.36973025321,1904000,132.26439039201975
2025-01-13,133.14234924316406,133.5592207953624,131.05800593880826,131.43697219173262,1430500,132.58652532577824
2025-01-14,134.26034545898438,134.81932583010718,132.49812463710583,133.24658816460132,1729400,133.85926530873246
2025-01-15,136.68576049804688,137.77529945731814,134.5635116224268,135.48252008301745,3787300,136.34152385926393
2025-01-16,139.1206512451172,139.50910110828858,135.94676865449716,136.68576307599307,2263000,138.19217366930096
2025-01-17,138.59954833984375,141.60291459508625,138.50481400015371,141.60291459508625,2116000,139.56909231169456
2025-01-21,138.00267028808594,139.4806589144506,137.43420645180603,138.66586845932187,1483800,138.3058452181142
2025-01-22,137.16893005371094,138.7321839512395,137.06471216343328,137.9647678758478,1654200,137.65527538946125
2025-01-23,137.14051818847656,137.72792027238273,136.51521080175482,136.92261329551738,1331300,137.12788308753804
2025-01-24,138.42901611328125,138.65640454762317,136.58153026124202,136.58153026124202,1425400,137.88898364071548
2025-01-27,140.257568359375,140.7691887919539,137.35843409688928,137.8132110273235,2446000,139.46173041607273
2025-01-28,139.7270050048828,142.50298307104984,139.6322706567251,140.38073417071402,1580300,140.62075291088593
2025-01-29,139.1680145263672,140.7407520491542,138.60903420596935,140.2196625739372,1801900,139.50593359383024
2025-01-30,140.2670135498047,141.99132862200983,139.47117582417152,139.47117582417152,1472600,140.57650599866201
2025-01-31,139.90701293945312,141.13867506472468,139.43329784947463,139.85963853912781,1766400,140.1596619512175
2025-02-03,140.80706787109375,141.36606266094623,138.59955383029194,139.5280458098369,1589300,140.25756145411063
2025-02-04,141.65028381347656,142.01978101273073,139.69857991707562,140.35230906728785,1664200,141.1228815810943
2025-02-05,142.93878173828125,143.07142138067604,140.84496920786054,142.07663129103335,1538300,142.28505744227263
2025-02-06,142.12399291992188,143.74410485242117,141.98188417875392,143.42198206801586,1536300,142.61666065036567
2025-02-07,139.94012451171875,142.9822887942261,139.75892671757555,142.24798080450125,1803400,140.89378000784015
2025-02-10,140.19761657714844,141.12266837159075,139.74939500451336,141.12266837159075,1331800,140.35655998441752
2025-02-11,139.3297882080078,139.8924443433098,138.71944614306778,139.53004874010387,1404100,139.31389289812844
2025-02-12,140.14039611816406,140.50279173510944,137.39386399765644,137.4510812947103,1377700,139.34568395031
2025-02-13,141.74252319335938,141.88556640571787,139.70169090407714,140.1308350928528,1252200,141.1099268343848
2025-02-14,140.4264678955078,142.36239698487182,140.2738787673559,142.05723328026824,1052400,141.0209145492452
2025-02-18,141.523193359375,142.3242791310088,140.37880382351557,140.81749399730796,1931000,141.40875877129977
2025-02-19,143.08717346191406,143.21115394745308,140.93190659645964,141.76158633395886,1094600,142.41007800194225
2025-02-20,143.2969970703125,143.67846993632347,142.4291772225041,142.71526368238494,1356200,143.13488140971336
2025-02-21,141.62808227539062,143.19208454513705,140.75071656813785,143.11580452859417,1674300,141.85696112955517
2025-02-24,142.94415283203125,143.96457641670892,141.43736769537878,141.7234687178297,2651000,142.7820323147063
2025-02-25,144.00271606445312,144.8228645658287,143.11581890397267,143.2302534919824,1769200,143.98046651141817
2025-02-26,142.3433380126953,144.6321315742347,142.12400020758056,143.45911887136867,1211700,143.0331565981702
2025-02-27,141.86648559570312,143.63076277994503,141.42781005425581,142.42915617094175,1678300,142.308352809968
2025-02-28,144.64166259765625,144.7847203802472,142.45778681310745,143.1062688620732,2485500,143.96138993033696
2025-03-03,146.26287841796875,147.3214419537612,144.72748472284098,144.72748472284098,1790400,146.10393503152363
2025-03-04,144.9563751220703,147.79827892827635,144.7561000431658,147.27376281848103,3820000,145.83691803117082
2025-03-05,145.0517578125,146.1579928564961,143.6212671616931,143.91689956792067,1867500,144.94367261022975
2025-03-06,142.94415283203125,144.84194221430988,141.00822343755365,144.25066288745734,2577100,142.9314394946316
2025-03-07,146.36778259277344,146.9113759627892,142.04770248506543,142.43870671068711,2253800,145.10895368020934
2025-03-10,147.35958862304688,151.0311719222619,146.23426194040192,146.367773795797,3967500,148.20834082857024
2025-03-11,139.7112274169922,147.27374625754615,139.6063242068295,146.96858254270055,2955300,142.19709929378928
2025-03-12,138.290283203125,140.2262125647231,137.16497096608668,138.80526794513074,2780500,138.5604889113116
2025-03-13,136.90745544433594,139.0817995276334,136.25897349570675,138.26165117679665,1977300,137.41607615589203
2025-03-14,138.70037841796875,139.091382695559,136.62139106646006,136.71676293230772,1591300,138.13771739332927
2025-03-17,141.13218688964844,141.56133109561998,137.78483006932882,138.19491154735547,1897000,140.1594493515324
2025-03-18,140.1785430908203,140.69351328811337,138.87201848814837,139.68263562371047,1351100,139.9146916223607
2025-03-19,140.6935272216797,141.04637693714525,139.3774711235807,140.19761970545773,1722300,140.37245842746856
2025-03-20,138.50010681152344,140.60770286557158,138.3093776267241,139.94014344292196,1464000,139.13906243460636
2025-03-21,136.39248657226562,137.84203960641523,135.4292804522782,137.44150406658179,4764500,136.55460221031967
2025-03-24,138.11862182617188,138.44286283301918,136.6881313882795,136.97423238619822,2153500,137.7498720158235
2025-03-25,137.45106506347656,139.03413011793842,136.5927620539138,138.07093844396508,3388000,137.69265241177627
2025-03-26,143.23023986816406,146.0244575054388,137.8229878234954,141.91418402442318,4429800,142.35922839903276
2025-03-27,144.7942657470703,145.0803667882169,140.7507402597337,142.55315790174274,2640400,143.54179093167363
2025-03-28,144.0313262939453,145.795603820893,143.1444291237204,145.26155633537658,2419700,144.3237864128529
2025-03-31,147.13072204589844,147.54080357558072,144.3841754989926,144.3841754989926,2910600,146.3519003734906
2025-04-01,147.42636108398438,147.96995450911854,145.87190449192138,146.9304681419745,1940800,147.08940669500808
2025-04-02,147.76014709472656,148.065310860778,146.05308680215623,147.22609959035924,1422500,147.2928482525536
2025-04-03,146.41546630859375,148.3704728554813,145.41412007221706,147.7315221936432,2623500,146.73335307876403
2025-04-04,136.67860412597656,145.9577149704471,136.6023095541284,145.75743990038296,3049800,139.74620955018403
2025-04-07,133.97975158691406,138.7957248488115,130.47981974995753,134.27538397547542,4652000,134.41843206189435
2025-04-08,130.66099548339844,135.97289046195004,128.99208991983724,134.9524669325558,4456200,131.87532528839526
2025-04-09,139.37744140625,139.71122831847615,128.74413531054117,129.1637481538995,5285600,135.9442683450891
2025-04-10,137.71807861328125,139.6921477412257,133.7031626041424,138.58591292322274,3099900,137.03779631954978
2025-04-11,139.94964599609375,140.97960084400677,134.95246089363448,137.78483308747005,1918200,138.62723591124498
2025-04-14,142.1621551513672,142.61036212764563,139.27255090752806,140.07363665964988,1720000,141.3483560621803
2025-04-15,140.77932739257812,142.8964544011056,140.60767552514676,141.92373138225875,1154300,141.42781910627681
2025-04-16,138.82432556152344,141.36105069385076,137.84204214487355,140.70302281211352,1559000,139.34247280008256
2025-04-17,138.1853790283203,140.00687379099517,137.88974664780596,139.5205122506363,2148200,138.69399982237383
2025-04-21,133.88436889648438,137.81344467481162,131.76724186695625,137.38430045027513,2653600,134.48835181275075
2025-04-22,136.6499786376953,137.21264927667897,134.89524716971272,135.42929461199427,1903400,136.252625028029
2025-04-23,136.58323669433594,138.8434070706538,136.0968751537251,137.2031101020773,2870700,137.17450630623827
2025-04-24,137.52735900878906,137.7753054495162,134.06556744454107,136.3734236368059,1602800,136.45607730094878
2025-04-25,136.57369995117188,137.28894518656966,135.3530013618609,137.28894518656966,1395000,136.40521549986747
2025-04-28,137.47967529296875,137.82299359041002,135.72494379569187,136.573700898852,2228900,137.0092042263569
2025-04-29,139.62539672851562,140.38832781718287,136.61182693171511,137.47966122697036,2131000,138.87518382580456
2025-04-30,140.302490234375,140.49323392425484,135.35299124702277,138.0232428366354,2500100,138.71623846855087
2025-05-01,139.81613159179688,140.69349728661967,137.61317871488194,139.5586392465845,1785000,139.37426919776615
2025-05-02,142.8678436279297,143.57355747082474,140.6648907185086,141.38013592555185,1460400,142.36876393908767
2025-05-05,142.52452087402344,143.8024221114316,141.97139618506307,142.86783914469882,1345300,142.76611305683937
2025-05-06,142.11447143554688,142.47685247849967,140.8937873344692,141.95235091996494,1291700,141.8283704161719
2025-05-07,143.35423278808594,144.08854079056036,142.14308005228577,142.58175567042602,1610300,143.19528454364402
2025-05-08,144.31741333007812,145.7192951195251,143.55448218827618,144.50814247760331,1295300,144.53039687929314
2025-05-09,144.62257385253906,145.0040466908414,143.80242543981512,144.16482099827712,1120300,144.4763486610652
2025-05-12,145.69834899902344,147.22554154709292,144.17115645095396,147.22554154709292,2435100,145.69834899902344
2025-05-13,145.28533935546875,146.47636557138497,145.20849753611174,145.82323209096793,1456500,145.6567341543218
2025-05-14,146.00570678710938,146.27464581183204,143.56604144681717,144.5169424202794,1823500,145.2821313485862
2025-05-15,148.3301239013672,148.40696572015554,146.40912239989356,146.53399218743442,1549900,147.71540400713877
2025-05-16,149.8188934326172,150.09744683995342,147.60013918502068,148.09960364722272,1415500,149.1721598191971
2025-05-19,151.9416046142578,151.9992323099717,148.7911635625626,149.06010257994555,1628400,150.91066682893072
2025-05-20,151.442138671875,151.98001670136287,150.66413547521742,151.3556971291524,1467000,151.3620969494851
2025-05-21,150.04940795898438,151.28844730953355,149.4827161109067,150.48163030656775,1217500,150.27352379314155
2025-05-22,150.01100158691406,150.80821897604505,149.1369570343705,150.02061597439948,1034400,149.98539253244323
2025-05-23,149.92453002929688,150.37596646840458,148.0803706988481,148.91600150243764,1085400,149.46028906551652
2025-05-27,152.6907958984375,152.95973491921586,150.68335297331421,151.27885871131238,1759800,152.11129459698918
2025-05-28,150.78900146484375,153.43997796762736,150.76978734825119,153.09419714934455,1484000,151.6662555935741
2025-05-29,151.20201110839844,151.66304731835604,150.03981352511906,150.84663055656412,1402400,150.9682906506245
2025-05-30,151.67266845703125,152.53711322119523,150.75058133998914,151.57661252497857,1993800,151.65345433940522
2025-06-02,151.2788543701172,151.34609645142086,149.33863892782745,150.89465996748103,1417400,150.65452991645517
2025-06-03,151.9992218017578,152.10487745528803,150.29913161534486,150.87543784479624,1459500,151.46774362413024
2025-06-04,153.0365753173828,153.4303841141927,151.29807142912122,151.71107968718238,1271100,152.58834362023222
2025-06-05,153.01734924316406,153.61285492911978,152.26815994274358,152.8636656286993,958800,152.96612137167583
2025-06-06,153.46881103515625,154.871148600511,153.0942163231081,154.2468143097117,1005800,153.81139198625843
2025-06-09,150.76979064941406,153.08460077093318,149.76126201933408,152.84447560453685,1488000,151.2052178132271
2025-06-10,149.1753692626953,151.28846798325267,148.08999872433955,150.6161203889042,1462900,149.5179453234292
2025-06-11,147.9555206298828,149.4251001770303,147.37922900644847,149.4251001770303,1653500,148.25328327112052
2025-06-12,147.42726135253906,148.16683635739005,145.41020397039756,148.14763689529275,1492700,147.00143389344223
2025-06-13,147.1679229736328,147.8402705531913,146.09216684633927,146.54360336177382,2525400,147.03345345772112
2025-06-16,147.6097412109375,148.7815532427414,147.20633267383613,147.84026665617156,1665100,147.86587570917166
2025-06-17,146.49557495117188,148.19565068518455,145.92886838375634,147.60014492453,1567100,146.87336467337093
2025-06-18,144.38247680664062,146.80292809450353,144.17116547349858,146.49557548198297,2910200,145.11885679154759
2025-06-20,143.2298583984375,144.77626509769223,142.73040859133124,144.38247095287335,3483500,143.57884402915366
2025-06-23,145.27572631835938,145.37178224777756,142.93210233889582,143.76773323174103,2337900,144.52653696834423
2025-06-24,146.23623657226562,146.54360384168638,144.25760740762323,145.32376380729963,4296500,145.67914927385843
2025-06-25,132.49148559570312,140.2331198681067,131.47335707040054,139.5319583724684,9294200,134.73265417807013
2025-06-26,135.44020080566406,135.70913983389352,132.6451548582738,133.02934928257935,3931500,134.59816516594378
2025-06-27,138.2544708251953,138.84997655943937,135.26731311116637,135.6323080610978,3850000,137.45725349860035
2025-06-30,139.7144317626953,140.23309566786153,137.2939660077403,138.30249462697796,4050200,139.0804978127657
2025-07-01,141.59701538085938,142.88408283726477,139.49351644427315,139.93535322725901,3666900,141.32487155413244
2025-07-02,140.19468688964844,140.86703444013125,137.61093769357836,140.86703444013125,3702000,139.55755300778603
2025-07-03,141.3184814453125,141.44333657792308,139.81048821787172,140.52126405614092,1540000,140.85743541370243
2025-07-07,139.9161376953125,141.92358067650795,139.53194327091987,141.4145164689527,3435900,140.4572205475801
2025-07-08,139.18617248535156,140.40599793179626,137.68779360342535,139.53195335472523,3500000,139.09332134019107
2025-07-09,140.17547607421875,140.3387594363197,138.4657859815408,139.3974728434704,2514400,139.6600071640264
2025-07-10,139.5703582763672,140.3291620579974,138.99406663389257,139.2822051270909,2792900,139.63119565608574
2025-07-11,137.63014221191406,139.69522756093988,137.149891850198,139.44548799295765,1910300,138.1584205410173
2025-07-14,138.60984802246094,138.792345492995,136.96740009980854,137.44765043023412,2416000,138.12319787175483
2025-07-15,135.1232147216797,138.11998650100838,135.0848011471069,137.9567031609415,2034400,136.10933412326497
2025-07-16,136.6312255859375,136.8905648805581,134.68141032299698,135.20007425616046,1760800,136.06773359649753
2025-07-17,137.63014221191406,138.0815787244134,136.4871586621353,136.63122790821893,1834500,137.39962653282092
2025-07-18,137.79344177246094,138.4753890863167,137.28436289975988,138.4753890863167,2487300,137.85106458617918
2025-07-21,138.06442260742188,138.92575198284936,137.49343212907942,137.7934435747424,1439900,138.16120223978353
2025-07-22,139.9225616455078,140.80325082725182,138.30636010461154,138.30636010461154,1585600,139.67739085912373
2025-07-23,140.56129455566406,141.00646800626248,139.27413694024213,139.78706252350642,1873300,140.28063316738954
2025-07-24,141.68392944335938,141.93556336974768,139.39028029743025,140.1838722695023,1698700,141.00325770351245
2025-07-25,143.22271728515625,143.32917438180326,141.19035990089483,142.19685127780838,1294600,142.5807505226181
2025-07-28,141.54843139648438,143.33884211617246,141.29681225251804,143.27108998092288,1447000,142.06136192172497
2025-07-29,142.54525756835938,142.60333715897093,140.36773808877226,142.00329952731087,2112100,141.83877760536754
2025-07-30,141.209716796875,143.23238682341741,140.8032482820135,141.96458900551042,1749900,141.74845063410197
2025-07-31,139.6806182861328,142.10008437970419,139.42899912861108,140.12579177769044,2420700,140.40323393148267
2025-08-01,134.8513641357422,138.9547841136623,133.91261007184832,138.50959583673594,4235400,135.90625277375094
2025-08-04,134.93844604492188,135.73203795403737,134.15454145051388,134.94813335962937,2389400,134.94167514982436
2025-08-05,134.69651794433594,135.44171768395913,134.29004938651877,135.17073864541436,1976700,134.80942833827126
2025-08-06,134.59974670410156,135.1900970532654,133.76744973261242,135.10299981336823,2018000,134.51909782999311
2025-08-07,135.99334716796875,136.51594531909777,134.92877623590252,135.53848638492664,1885100,135.812689574323
2025-08-08,136.6417694091797,137.31921696166157,135.74172034375806,135.78044007089937,1368000,136.56756890486645
2025-08-11,134.1352081298828,137.02888016980083,133.93196647740982,136.554674259446,2521900,135.03201825903116
2025-08-12,130.64149475097656,134.26100652733209,130.46728551560844,134.12551701860085,3123400,131.7899289313057
2025-08-13,134.14488220214844,134.3384365412625,130.4866505540694,130.68987744160185,2584200,132.98998976582678
2025-08-14,133.0609588623047,134.41585392976359,132.82868480763372,133.92228817674257,1425000,133.43516586656733
2025-08-15,133.79647827148438,134.46425329252511,132.5093205059166,133.55453165616524,2672200,133.59001735664205
2025-08-18,133.13839721679688,134.5900769812279,132.80933858041567,133.8739096478985,1966100,133.51260425948013
2025-08-19,134.53199768066406,135.1030029457004,133.051285499083,133.32226454098998,2117000,134.22876204181583
2025-08-20,134.40618896484375,136.23530479273327,133.9803605575468,135.37397542970064,2274300,134.8739514383746
2025-08-21,133.95132446289062,134.24166334781668,133.2351571823729,133.82550750039786,1609500,133.80938166436007
2025-08-22,136.27401733398438,136.6417809366067,134.36747671078498,134.68684803402272,2066300,135.76109166045867
2025-08-25,134.03842163085938,136.03205932990147,133.7868024732494,135.88689727113592,1707700,134.6190944780034
2025-08-26,133.59323120117188,134.5223126639223,133.16741757996218,133.72872070956788,3317500,133.76098714835211
2025-08-27,134.18357849121094,134.85135347016035,133.29321677502787,133.75776487957876,1852700,134.10938291213304
2025-08-28,134.2513427734375,134.72556346868515,133.43840566779858,134.28037518669248,1681400,134.1384373033071
2025-08-29,134.96749877929688,135.03523614879825,133.92228768796528,134.38682102836313,1715800,134.64167420535347
2025-09-02,131.5802459716797,134.58037496341703,130.85440616875553,134.222298719494,2059200,132.33834236795076
2025-09-03,131.26087951660156,131.65766073369235,130.0124267399709,130.86408353226165,1549200,130.97698899675493
2025-09-04,132.8964385986328,132.96417596922444,130.44792536434267,131.1640926330549,1995600,132.10284664406663
2025-09-05,131.0769805908203,133.7383929514757,129.4123869511397,133.2835322030021,1898300,131.4092534978119
2025-09-08,131.0673065185547,131.66734413494405,130.2446969297729,131.2608756145021,2097700,130.99311586109056
2025-09-09,130.08018493652344,131.41572024351382,129.75114107590625,130.74795997364353,1388000,130.4156820853145
2025-09-10,128.78334045410156,130.69955334838704,128.17363031022737,129.5865901529461,1860500,129.21884137090532
2025-09-11,131.0963592529297,131.38668337465808,128.38655423455327,128.5994684353203,1698900,130.2898656207137
2025-09-12,130.7576141357422,131.5899109861371,130.34145832692084,130.73825427394294,1305400,130.89632781626673
2025-09-15,127.71876525878906,131.40602887416787,127.52521094304498,130.98020051918226,2195000,128.88333502533396
2025-09-16,127.38005065917969,128.1349229256045,126.0445153701779,127.70910928261458,2991400,127.18649631832069
2025-09-17,128.19300842285156,129.8188826816531,127.8929821983641,128.0187991709798,3784600,128.63495776762292
2025-09-18,126.886474609375,128.58977334528123,126.72195269459273,127.59295454161614,3656200,127.39940021641632
2025-09-19,125.81222534179688,127.70909308300068,125.16381026018196,127.52521131397225,7782900,126.22837622832651
2025-09-22,126.1993408203125,126.66388892534695,124.09924610159973,124.4573371118032,4327300,125.65415861575305
2025-09-23,125.13478088378906,126.43161107844809,124.65088769767019,125.54124938805914,3847200,125.40575988663578
2025-09-24,124.1379623413086,125.84126104352448,124.05085034453053,124.78637743988932,3547400,124.6766912431212
2025-09-25,122.6088638305664,125.13478697576717,122.06689841486424,124.75735086290953,3168900,123.2701830737326
2025-09-26,124.07990264892578,124.48637117077655,122.62821564415638,123.06372396067451,3571300,123.7314964879529
2025-09-29,124.38958740234375,126.12193336409727,124.15731334529471,124.4573395400347,4663000,124.88961137057858
2025-09-30,122.6766128540039,122.75403015869188,115.18594039131104,117.69251114415391,6937500,120.2055278013356
2025-10-01,120.01519775390625,122.9088771242997,118.31189156256409,122.67661044754267,4875200,120.41198881359001
2025-10-02,119.44420623779297,119.78293003090636,117.90542927038146,119.647440513661,2709200,119.04418851302694
2025-10-03,120.59586334228516,120.85716242029356,118.88287728730212,119.48290751065834,1970500,120.1119676832936
2025-10-06,120.36360931396484,120.93459980316855,119.28936571139091,120.93459980316855,2936000,120.19585827617477
2025-10-07,122.92823028564453,122.96694262925607,119.76357187755369,120.12165551824192,2437300,121.88624826415143
2025-10-08,122.51207733154297,122.76370386398406,121.44751376392585,122.66692670031419,2273700,122.24109831981764
2025-10-09,121.17654418945312,123.04437238988312,120.53780895258775,123.04437238988312,2325100,121.58624184397468
2025-10-10,121.50558471679688,122.27012947044646,120.90555449442871,121.7572038630205,2711800,121.56042289389069
2025-10-13,123.31535339355469,123.60569229544048,121.2152584719392,121.64108689240501,2867500,122.71210138697812
2025-10-14,124.4476547241211,125.03800504296753,122.98630251653366,123.44116332452593,2444100,124.15732076120742
2025-10-15,123.41212463378906,125.07672588980716,123.23792277775662,124.14764440188436,2546000,123.90892443378429
2025-10-16,122.4153060913086,124.1282848603882,121.82495576564493,123.63471908670192,2860600,122.78951557244723
2025-10-17,122.48304748535156,123.16050241247375,121.46687617010495,122.78306629772152,2461100,122.3701420226434
2025-10-20,122.51207733154297,123.80891495231693,121.2636393680404,122.66692670031419,2388000,122.52821055063343
2025-10-21,123.43148040771484,124.63153349638345,121.6604294940057,122.57983101956685,2380300,123.241147799368
2025-10-22,122.53144073486328,124.4283086389972,122.43466356839714,123.12179104901857,2218300,123.13147098075255
2025-10-23,120.73135375976562,122.87016082410412,120.44101488545074,122.29917039054229,1993400,121.34750982310682
2025-10-24,120.586181640625,121.51525568069488,120.20874554258486,121.07975476253291,4436800,120.77006095463491
2025-10-27,120.98298645019531,121.25396547541628,120.14100957872336,120.57651052873922,2646100,120.79265383477832
2025-10-28,120.05390930175781,120.71200436789562,119.05708307904766,120.49909017243567,2763600,119.9409989162337
2025-10-29,113.61813354492188,118.55384308649167,113.23101747852674,118.40867363864038,4919000,115.13433136998009
2025-10-30,113.45360565185547,114.81818066921896,113.05680967416413,113.97620382284612,2476200,113.77619866507952
2025-10-31,113.26004791259766,114.20848188951436,112.34065373164373,113.05681364260651,2754200,113.26972784458525
2025-11-03,111.40189361572266,112.82454081175634,109.81472450298932,112.82454081175634,2942700,111.34705297682278
2025-11-04,111.4309310913086,112.66002401575223,109.50503812617896,112.42774995189893,3262700,111.19866441107992
2025-11-05,112.74711608886719,113.04712751140826,110.62766150091755,111.4309259884703,3978600,112.14063503373102
2025-11-06,109.1856689453125,113.26004908660573,108.45982909483835,112.41807958557558,5031100,110.30184904225219
2025-11-07,109.400634765625,110.2800625882967,108.16943581388462,109.93806495031032,3515000,109.28337772260211
2025-11-10,108.93161010742188,110.07486253411838,107.64178513640779,109.4885798118373,2397200,108.88275259264935
2025-11-11,109.08794403076172,109.75239974231195,108.30622879776533,108.78503291909537,2052900,109.048857523613
2025-11-12,108.54075622558594,109.42018406689668,108.29647112827682,109.16612547829813,1731600,108.75247047358648
2025-11-13,109.24429321289062,109.34200575608858,107.47566412455416,108.1596668369182,3602200,108.68732103117777
2025-11-14,109.53742980957031,110.05531299312622,108.1205793090876,109.75240187557219,2927000,109.23777403726137
2025-11-17,107.9544677734375,109.32245828202528,107.48543713121515,109.31269224624191,2362700,108.25412106222598
2025-11-18,107.44635009765625,108.79480107309364,106.57669579788308,107.95446724549464,2552800,107.60594898954433
2025-11-19,107.04572296142578,107.55383263777384,105.53115251281118,107.40726010161939,2307700,106.71023603733693
2025-11-20,105.98063659667969,107.47566007068633,105.64841247133994,107.21183546850412,2164400,106.36823637956866
2025-11-21,108.91206359863281,110.3680006472031,105.96110299250513,105.96110299250513,4236100,108.41372241278036
2025-11-24,107.39749908447266,109.01954818340451,106.91869494699617,108.71663706152326,5405000,107.77858073829111
2025-11-25,109.54720306396484,109.91851370581033,107.47566287922113,107.63200891051761,2832400,108.98045988299877
2025-11-26,108.86320495605469,109.46902717394849,108.48211337852327,109.25405511405499,2203500,108.93811516950882
2025-11-28,109.13680267333984,109.66445933081236,108.6970850646183,108.85343109127189,1244900,109.16611568959017
2025-12-01,108.01309204101562,109.21497046175364,107.71018092692522,108.29646362886979,5147500,108.31274780989816
2025-12-02,108.24760437011719,108.5798359583146,107.24115102482371,108.40395040103105,4057600,108.0228637844185
2025-12-03,110.79794311523438,111.02268867476357,108.07172065828046,108.24760621856746,4278700,109.96411748275948
2025-12-04,109.21497344970703,111.54057224986289,108.73617676643521,111.03245509395101,2152400,109.83057415533504
2025-12-05,109.49834442138672,111.00314144379868,109.02932123166744,109.37131886062717,2463800,109.84360236561763
2025-12-08,109.87942504882812,110.29959568098282,108.51143457668631,109.34200235048354,3679700,109.56348510216576
2025-12-09,110.16280364990234,110.85657242067067,109.69378044529334,109.82080601008548,2835900,110.23771883862211
2025-12-10,110.29960632324219,110.96406209738778,109.664471023462,110.01623471096056,4022400,110.30937981469732
2025-12-11,112.00959777832031,112.35160287135082,109.56674685661315,110.38754864290124,2594400,111.3093158354281
2025-12-12,112.81085205078125,113.88571241525825,112.30274234165613,112.56656695976181,4543300,112.99976893589854
2025-12-15,112.74244689941406,113.85638626249545,112.29296324895921,113.18216451430764,4444700,112.96393213695625
2025-12-16,112.58611297607422,113.0355966450956,111.73599818282268,112.50793995842112,4114100,112.4525692679975
2025-12-17,114.03227233886719,115.13644567143612,111.97050566768641,112.58610884035447,5109800,113.71307455932991
2025-12-18,111.62850952148438,114.00296082817117,110.86634125476822,113.70004971062734,6418200,112.16593720147459
2025-12-19,109.71331787109375,111.51126000096178,106.53761171721372,111.46240000121408,11297800,109.25406319642309
2025-12-22,112.2538833618164,112.3809163814944,110.16280356008176,110.25075007024263,2927400,111.59920110113086
2025-12-23,111.49171447753906,112.36136880850187,111.11063033048748,112.26365626271749,3155200,111.65457120550947
2025-12-24,111.96073913574219,112.41022278625968,111.13993739415318,111.31582294913731,1082000,111.83696643871833
2025-12-26,111.57965850830078,112.33205329461295,111.1594878612724,111.96074264688593,1586000,111.69039988806203
2025-12-29,111.39399719238281,112.09753942008032,110.88588750292854,111.57965623996662,1518000,111.45914137179723
2025-12-30,110.79794311523438,111.36468630449129,110.3484594511652,111.00314169307102,2200900,110.83702962363027
2025-12-31,109.61560821533203,110.65137463337385,109.51789566825083,110.57320906870257,1717700,109.92829283898557
2026-01-02,106.11743927001953,109.63514299761897,105.85361465881996,109.55697743633078,3214700,107.20206564215282
2026-01-05,106.97733306884766,108.01309949560003,105.33573691711376,106.11744475532686,3286100,106.77538982718715
2026-01-06,108.67755126953125,109.13680842830746,105.99041529838384,106.28355293133363,2639600,107.93492499874084
2026-01-07,109.07817077636719,109.68400045600038,108.42348855393408,108.74594664736733,2953300,109.06188659543388
2026-01-08,111.6382827758789,112.08776643337566,108.10103209515783,108.40395066704951,3165600,110.6090271014708
2026-01-09,111.16925048828125,112.43953588127287,110.71000080188112,111.38422255063266,2410600,111.43959572381175
2026-01-12,110.11395263671875,111.38423066728754,109.8208075385162,110.3093777321941,2055100,110.43966361417417
2026-01-13,107.15321350097656,110.16280008907455,106.42035824434757,109.72308991709282,2919600,107.91212394479957
2026-01-14,107.76880645751953,108.34531566616012,106.67440661867343,106.99686471248376,2257700,107.59617624745103
2026-01-15,107.98377990722656,109.37131738600637,107.48543625175331,108.21829149892436,1779400,108.28017784832873
2026-01-16,108.63846588134766,108.88275097215343,107.25092835476825,108.34532079038497,3421300,108.25738173608977
2026-01-20,104.96440887451172,108.07171531598622,104.85692284548361,108.07171531598622,3569000,105.96434901199386
2026-01-21,104.73967742919922,106.24447447611763,104.35859328572519,104.62241790236517,3600800,105.11424839701401
2026-01-22,104.73967742919922,106.03926844041072,104.55401837545931,104.97418902787801,4866000,105.11098808168975
2026-01-23,104.19246673583984,105.39435257616013,104.03612816558847,104.4172122833754,2629200,104.5409824925295
2026-01-26,103.76253509521484,105.43344418209695,102.88310729817448,104.67127590965836,2898500,104.02636219182875
2026-01-27,102.54110717773438,103.13716336707427,101.31968178236394,102.60950670167556,2928400,102.33265077572419
2026-01-28,101.14900970458984,102.3041578878591,100.79358065320096,101.47482092378145,4080400,101.41558274854997
2026-01-29,100.93180847167969,102.26466363115092,100.24069308833526,100.68498316316611,6082700,101.14572173038863
2026-01-30,101.82037353515625,101.88948432022526,99.76679269345816,100.65535777791386,4026300,101.15888351627989
2026-02-02,101.16875457763672,102.60033829626165,100.71459693219356,102.30415245749977,3111100,101.49456326869732
2026-02-03,95.91631317138672,99.99386441929157,95.85706997722724,99.14478478393931,6007800,97.25574918930185
2026-02-04,97.22943115234375,98.0785033038789,93.69489084271154,95.76822197694742,5376900,96.33427509964474
2026-02-05,96.9233627319336,99.32250509121059,95.52139675277047,97.93041423373475,3583500,97.25575485863821
2026-02-06,97.2787857055664,98.54253003213968,96.39021312203509,97.22942516523766,3403500,97.40384295324706
2026-02-09,96.84437561035156,97.49599804835584,95.28444536628602,97.26891544745749,4298800,96.54160634166448
2026-02-10,97.7724380493164,98.29570648770651,95.80771074191433,95.80771074191433,4655800,97.29195175964576
2026-02-11,93.6356430053711,97.86129850536837,92.88529951026382,97.00234374220689,5719000,94.79408034033442
2026-02-12,91.29574584960938,93.49742337204395,90.53551968508361,92.95441221560759,6212900,91.77622963557899
2026-02-13,93.18148803710938,93.55666732797923,91.10815694589475,92.12507601481127,4773800,92.61543743699445
2026-02-17,92.08557891845703,94.77103936750034,91.75977524961056,93.50729504618828,3632000,92.87213117852264
2026-02-18,93.09263610839844,93.56653649193339,91.66104477113271,92.4113958329923,2775100,92.77340579048818
2026-02-19,91.16738891601562,93.35919877857268,90.71323126929367,92.9149162529237,3273100,91.746606321294
2026-02-20,90.08135986328125,91.18713992493097,89.17304456219956,91.03904323763255,5312500,90.14718145013727
2026-02-23,86.2802505493164,89.40012593102799,85.9346966386864,89.29152219732852,4910400,87.20502437301026
2026-02-24,87.35641479492188,89.1829205356976,85.78660194657225,86.25063472270396,4120900,87.44197909239723
2026-02-25,90.07149505615234,90.1504734303081,87.42552744291339,87.77108136894054,3503600,89.21583197645793
2026-02-26,93.28022003173828,93.57640587014096,90.39729482338409,90.82183463768722,5650100,92.41797357508779
2026-02-27,92.46076202392578,93.05314125752462,90.19984129530587,91.99672923897833,7012700,91.90458152558541
2026-03-02,93.05313873291016,93.2604710824191,90.96005746297013,91.72028361034668,3775300,92.42455575943313
2026-03-03,94.34650421142578,95.14622333901319,91.77952249046082,92.31266606468219,3043700,93.75741668029993
2026-03-04,94.5735855102539,95.19558257203379,93.6159021141329,94.02069923311625,2693900,94.46169006547353
2026-03-05,97.13069152832031,97.41700978665955,94.59332768856704,94.67231359414556,4169500,96.38034300118231
2026-03-06,99.56932830810547,99.73716771069937,95.086979785381,96.33098145389307,5007900,98.13115860139528
2026-03-09,97.05171203613281,98.52278873114444,95.86694606364837,98.25621318601851,4489900,97.14714894364188
2026-03-10,93.91209411621094,96.92335829712252,92.97415344411549,96.55806166902607,3415000,94.60320195248299
2026-03-11,92.80631256103516,95.40291199864551,91.99672588042016,94.49459670478679,3439100,93.4019834800336
2026-03-12,90.50590515136719,94.62294961846082,90.48616244037271,92.9149226482807,3994300,91.87167240340024
2026-03-13,91.43396759033203,91.57218916004824,90.3676804532265,91.19701740403434,2914600,91.12461240120224
2026-03-16,91.91773986816406,92.66809088644791,91.3253606568917,91.49320005245865,2604500,91.9703971371679
2026-03-17,91.25625610351562,93.88247354800663,90.9600627114064,92.60886154646518,2817400,92.03293078764288
2026-03-18,89.48898315429688,91.17726735878368,89.41987236928902,90.1899661258082,3911600,90.02870762745653
2026-03-19,90.54539489746094,92.29292229272949,89.87402975977488,89.9628907873785,4642100,90.90411564998844
2026-03-20,91.3747329711914,92.16456944538082,89.91352381854941,90.18009183961703,11214900,91.15094207837387
2026-03-23,92.31266784667969,93.45794092433995,91.61168485570246,92.11521060760556,4935300,92.46076454224071
2026-03-24,89.45936584472656,91.81901520271153,88.83736877602495,91.68079363188895,5142200,90.03858327448768
2026-03-25,92.17444610595703,94.27739507508163,87.87968713752775,94.00095192787398,7975200,91.44384277285548
2026-03-26,92.40151977539062,95.01786957750275,91.838758367824,91.88812644300961,5360200,93.08604924023912
2026-03-27,90.51577758789062,92.06584022659834,89.39025478182315,92.06584022659834,3583800,90.65729086543736
2026-03-30,91.93749237060547,92.45088569099401,90.39729734441876,90.49603349248358,3749000,91.59522513533942
2026-03-31,90.9501953125,93.29996961327865,90.78234837261441,92.8359368131749,4515700,91.67750443279768
2026-04-01,89.75556182861328,91.13777757686715,88.55105307726843,90.57501615578926,5971000,89.81479749424962
2026-04-02,90.5355224609375,91.11803412080523,88.54117723154147,89.9925112878522,4514000,90.06491127109473
2026-04-06,90.6836166381836,91.01930297391539,89.41987226662755,90.20971626510538,2571700,90.3742639595755
2026-04-07,90.44666290283203,91.6906645152456,89.66669405637886,90.4762807334235,3039700,90.60134049148549
2026-04-08,88.74850463867188,91.78939415526422,88.51155445877818,90.55526765007353,3211500,89.68315108423809
2026-04-09,86.7442855834961,88.07714072079332,85.7372341233085,87.99815481558046,3493000,86.85288680919932
2026-04-10,84.48336791992188,86.88251026606945,84.36488905785517,86.68505302846906,3686500,85.24358908128217
2026-04-13,88.18574523925781,88.33384192971742,84.60184449919016,84.60184449919016,4436800,87.0404772227218
2026-04-14,87.72171020507812,89.05456531996752,87.49463514704686,88.18574297476422,2883600,88.09030355736417
2026-04-15,89.11380767822266,89.90364411213211,87.62298076954775,88.25485292967944,3088600,88.88014418663418
2026-04-16,90.9600601196289,91.58206471883298,89.7259335751899,90.06161991218285,3740300,90.75601947121726
2026-04-17,90.79222106933594,92.11520864700854,90.0221273078225,91.89800116914358,3215600,90.97651900805566
2026-04-20,91.90786743164062,92.15469273792284,90.42691559394734,90.79221975894882,3595900,91.49649192117027
2026-04-21,92.4903793334961,94.18853865073213,91.44384244229693,91.89800010324205,3294800,92.70758680884171
2026-04-22,92.2435531616211,93.11237552234674,91.3648556796058,92.1941850876834,3066800,92.24026145452454
2026-04-23,89.7950439453125,91.44384272576976,88.27460667820102,91.23651037116365,2545100,89.83783111642776
2026-04-24,88.67939758300781,89.77530256828048,88.05740050995199,89.28165194545534,3081300,88.83736688708011
2026-04-27,88.78800201416016,89.9530177944017,88.40295512795845,88.65965556292986,3032500,89.04799164550677
2026-04-28,89.83453369140625,91.11802825887419,89.02494701219872,90.2097129665946,3006800,89.99250298749307
2026-04-29,92.85568237304688,92.91491803560048,89.49885673231677,91.95723465092787,3692300,91.7564857136547
2026-04-30,91.4537124633789,92.5891104121929,90.65400085789315,91.74003073099361,3130700,91.56560791115498
2026-05-01,91.83876037597656,93.34933763906434,90.51578029619394,92.53975090288864,2198500,91.90129277041162
2026-05-04,91.30561828613281,93.2012347822437,90.85145310554444,91.86837966880668,2388400,91.78610205797365
2026-05-05,91.6709213256836,91.9177466429485,89.73581174222804,91.37473546447224,2816100,91.10815990362005
2026-05-06,90.2195816040039,90.82183594300857,89.39025220554463,90.47628202698387,4140200,90.14388991751905
2026-05-07,93.06301879882812,93.8528552866607,89.84441458481841,90.0320042344649,3964600,92.25342955676906
2026-05-08,92.7372055053711,93.46780631174785,90.83171381640052,92.50025531756174,2446500,92.34557521117317
2026-05-11,92.68783569335938,93.17161871389607,91.27599464941686,91.90786682673975,3404700,92.37848301889078
2026-05-12,92.5199966430664,93.99107335527368,91.63142403644403,93.50729786542227,3558500,92.71416467826138
2026-05-13,89.91999816894531,91.80999755859375,87.43000030517578,91.48999786376953,5243400,89.71999867757161
2026-05-14,88.83000183105469,90.91000366210938,88.6500015258789,89.97000122070312,2857400,89.46333567301433
2026-05-15,91.54000091552734,91.97000122070312,90.02999877929688,90.19000244140625,2921100,91.18000030517578
2026-05-18,94.48999786376953,94.7300033569336,90.76000213623047,91.37999725341797,3035400,93.32666778564453
2026-05-19,94.4800033569336,97.12000274658203,94.38999938964844,95.26000213623047,3276300,95.33000183105469
2026-05-20,94.91999816894531,95.0,91.66999816894531,93.36000061035156,2753900,93.8633321126302
2026-05-21,94.25,94.91999816894531,92.76000213623047,93.91000366210938,2315300,93.97666676839192
2026-05-22,97.0,97.20999908447266,94.25,94.25,2593000,96.15333302815755
2026-05-26,94.80000305175781,96.83999633789062,94.08999633789062,96.72000122070312,2959500,95.24333190917969
2026-05-27,94.43000030517578,96.16000366210938,94.08000183105469,94.73999786376953,2474600,94.89000193277995
2026-05-28,95.51000213623047,95.95999908447266,93.62999725341797,94.43000030517578,2270600,95.03333282470703
2026-05-29,96.9800033569336,98.01000213623047,95.19000244140625,95.51000213623047,5719700,96.72666931152344
2026-06-01,102.44000244140625,102.91999816894531,97.79000091552734,97.91999816894531,4135500,101.0500005086263
2026-06-02,100.79000091552734,101.22000122070312,98.62999725341797,99.91999816894531,2513100,100.21333312988281
2026-06-03,98.44999694824219,100.18000030517578,97.62999725341797,99.61000061035156,2446800,98.75333150227864
2026-06-04,99.4800033569336,102.02999877929688,99.20999908447266,100.88999938964844,2237400,100.24000040690105
2026-06-05,100.52999877929688,101.33000183105469,99.69000244140625,99.73999786376953,2410100,100.51666768391927
2026-06-08,98.91999816894531,100.4800033569336,98.56999969482422,99.45999908447266,3612200,99.32333374023438
2026-06-09,100.27999877929688,100.54000091552734,97.26000213623047,97.95999908447266,3369100,99.36000061035156
2026-06-10,101.0999984741211,101.7699966430664,98.91000366210938,100.27999877929688,2679600,100.5933329264323
2026-06-11,99.2699966430664,100.94000244140625,98.69000244140625,99.1500015258789,3147800,99.63333384195964
2026-06-12,100.62999725341797,100.98999786376953,98.11000061035156,99.2699966430664,2639300,99.90999857584636
2026-06-15,100.9000015258789,103.30000305175781,100.25,102.9000015258789,3593900,101.48333485921223
2026-06-16,100.27999877929688,102.62000274658203,99.16999816894531,101.16000366210938,3386400,100.68999989827473
2026-06-17,97.58000183105469,100.8499984741211,97.05999755859375,99.0199966430664,3603300,98.49666595458984
2026-06-18,98.23999786376953,98.79000091552734,95.95999908447266,97.88999938964844,7100900,97.66333262125652
2026-06-22,95.93000030517578,98.3499984741211,95.80999755859375,97.19999694824219,4519800,96.69666544596355
2026-06-23,97.98999786376953,98.8499984741211,97.55000305175781,97.91000366210938,4562300,98.12999979654948
2026-06-24,96.30000305175781,98.8499984741211,93.0199966430664,98.7699966430664,6387000,96.05666605631511
