{
  "candidate": "blend:ranker_momentum:momentum_volatility_volume:gain5_round100_leaves31_leaf10_lr0.05:ranker0.5_momentum0.5",
  "variants": {
    "top3_benchmark_trend_filter": {
      "annual_return": 0.5416258066723769,
      "benchmark_period_returns": [
        0.029527783393859863,
        -0.022209763526916504,
        0.03211057186126709,
        -0.007925450801849365,
        0.005439281463623047,
        0.025442838668823242,
        0.01932084560394287,
        -0.004221081733703613,
        0.03722250461578369,
        -0.014109551906585693,
        0.03116917610168457,
        0.019620776176452637,
        -0.042314887046813965
      ],
      "benchmark_return": 0.1106759454347297,
      "benchmark_values": [
        10000.0,
        10295.277833938599,
        10066.622147802917,
        10389.867141680164,
        10307.522760811027,
        10363.58827829978,
        10627.267382894668,
        10832.595175191394,
        10786.869905568788,
        11188.38422041868,
        11030.521132509859,
        11374.333388182411,
        11597.50663774829,
        11106.759454347297
      ],
      "cost_bps": 20.0,
      "costs": 0.022,
      "excess_return": 0.13950616222541745,
      "information_ratio": 1.9616557101408685,
      "label": "research_only_risk_control_variant",
      "max_drawdown": -0.03673299017955867,
      "max_gross_exposure": 1.0,
      "mean_gross_exposure": 0.9615384615384616,
      "min_gross_exposure": 0.5,
      "n_periods": 13,
      "period_returns": [
        0.005262468338012696,
        -0.03203553549448649,
        0.007664038817087809,
        -0.012421758572260539,
        0.047779995600382485,
        0.02676795196533203,
        0.0007955458958943688,
        0.07456505568822223,
        0.0387422383626302,
        -0.031568981488545735,
        0.09271054871877034,
        0.031591508865356444,
        -0.01590446360905965
      ],
      "portfolio_values": [
        10000.0,
        10052.624683380127,
        9730.583468522953,
        9805.159037938627,
        9683.361719606735,
        10146.032699966456,
        10417.621215917847,
        10425.908911721152,
        11203.317390323971,
        11637.358983112103,
        11269.979412798675,
        12314.825388208485,
        12703.869303635389,
        12501.82107660147
      ],
      "relative_excess_return": 0.1256047389869539,
      "research_only": true,
      "sharpe_ratio": 2.430456156738785,
      "test_end": "2024-12-31",
      "test_start": "2024-07-01",
      "total_return": 0.25018210766014715,
      "trade_ready": false,
      "turnover": 11.0,
      "turnover_model": "cash_inclusive_one_way",
      "variant_id": "top3_benchmark_trend_filter",
      "volatility": 0.18659064768102346
    },
    "top3_inverse_vol20_weight": {
      "annual_return": 0.4056533356735059,
      "benchmark_period_returns": [
        0.029527783393859863,
        -0.022209763526916504,
        0.03211057186126709,
        -0.007925450801849365,
        0.005439281463623047,
        0.025442838668823242,
        0.01932084560394287,
        -0.004221081733703613,
        0.03722250461578369,
        -0.014109551906585693,
        0.03116917610168457,
        0.019620776176452637,
        -0.042314887046813965
      ],
      "benchmark_return": 0.1106759454347297,
      "benchmark_values": [
        10000.0,
        10295.277833938599,
        10066.622147802917,
        10389.867141680164,
        10307.522760811027,
        10363.58827829978,
        10627.267382894668,
        10832.595175191394,
        10786.869905568788,
        11188.38422041868,
        11030.521132509859,
        11374.333388182411,
        11597.50663774829,
        11106.759454347297
      ],
      "cost_bps": 20.0,
      "costs": 0.02278287595091066,
      "excess_return": 0.08135186349718704,
      "information_ratio": 1.333068325402909,
      "label": "research_only_risk_control_variant",
      "max_drawdown": -0.04607540981761227,
      "max_gross_exposure": 1.0,
      "mean_gross_exposure": 1.0,
      "min_gross_exposure": 1.0,
      "n_periods": 13,
      "period_returns": [
        -0.004940731405158857,
        -0.037599141006399626,
        0.014237455147803597,
        -0.01786893495835086,
        0.05316057978853957,
        0.02611696228806097,
        0.0004326519849537796,
        0.040772972907499705,
        0.0412057018443272,
        -0.027605944477674563,
        0.0787989729882393,
        0.03379695447492712,
        -0.01648177475095877
      ],
      "portfolio_values": [
        10000.0,
        9950.592685948412,
        9576.45894845219,
        9712.80335320556,
        9539.245901823877,
        10046.357744710283,
        10308.738091061252,
        10313.198187058719,
        10733.69793732934,
        11175.987494222003,
        10867.463803973325,
        11723.808790713287,
        12120.037822685774,
        11920.278089319167
      ],
      "relative_excess_return": 0.07324536362885326,
      "research_only": true,
      "sharpe_ratio": 2.119809834590671,
      "test_end": "2024-12-31",
      "test_start": "2024-07-01",
      "total_return": 0.19202780893191673,
      "trade_ready": false,
      "turnover": 11.391437975455329,
      "turnover_model": "cash_inclusive_one_way",
      "variant_id": "top3_inverse_vol20_weight",
      "volatility": 0.16828244866182515
    },
    "top5_equal_weight": {
      "annual_return": 0.7806418633360619,
      "benchmark_period_returns": [
        0.029527783393859863,
        -0.022209763526916504,
        0.03211057186126709,
        -0.007925450801849365,
        0.005439281463623047,
        0.025442838668823242,
        0.01932084560394287,
        -0.004221081733703613,
        0.03722250461578369,
        -0.014109551906585693,
        0.03116917610168457,
        0.019620776176452637,
        -0.042314887046813965
      ],
      "benchmark_return": 0.1106759454347297,
      "benchmark_values": [
        10000.0,
        10295.277833938599,
        10066.622147802917,
        10389.867141680164,
        10307.522760811027,
        10363.58827829978,
        10627.267382894668,
        10832.595175191394,
        10786.869905568788,
        11188.38422041868,
        11030.521132509859,
        11374.333388182411,
        11597.50663774829,
        11106.759454347297
      ],
      "cost_bps": 20.0,
      "costs": 0.013999999999999999,
      "excess_return": 0.2360080406314511,
      "information_ratio": 3.5919437410859745,
      "label": "research_only_risk_control_variant",
      "max_drawdown": -0.018489197444915728,
      "max_gross_exposure": 1.0,
      "mean_gross_exposure": 1.0,
      "min_gross_exposure": 1.0,
      "n_periods": 13,
      "period_returns": [
        0.0011316399574279792,
        -0.006836347961425782,
        0.01951504592895508,
        -0.012551265144348143,
        0.054129871177673344,
        0.020200380134582523,
        0.028996319389343262,
        0.047061320590972906,
        0.017332049655914308,
        -0.018489197444915773,
        0.08420537357330322,
        0.09174638633728027,
        -0.017598930549621583
      ],
      "portfolio_values": [
        10000.0,
        10011.31639957428,
        9942.875557114861,
        10136.911230277843,
        10009.680169681906,
        10551.5028677965,
        10764.647236717126,
        11076.782386106586,
        11598.07039309559,
        11799.088725061512,
        11580.933043953772,
        12556.109837247312,
        13708.08754126873,
        13466.839860661808
      ],
      "relative_excess_return": 0.21249045826690272,
      "research_only": true,
      "sharpe_ratio": 3.3885657780502227,
      "test_end": "2024-12-31",
      "test_start": "2024-07-01",
      "total_return": 0.3466839860661808,
      "trade_ready": false,
      "turnover": 6.999999999999998,
      "turnover_model": "cash_inclusive_one_way",
      "variant_id": "top5_equal_weight",
      "volatility": 0.17667639621984635
    }
  },