{
  "candidate": "blend:ranker_momentum:momentum_volatility_volume:gain5_round100_leaves31_leaf10_lr0.05:ranker0.5_momentum0.5",
  "variants": {
    "top3_benchmark_trend_filter": {
      "annual_return": 0.44462051872769615,
      "benchmark_period_returns": [
        0.017788171768188477,
        0.005713820457458496,
        0.04235577583312988,
        -0.012020707130432129,
        0.02850627899169922,
        0.016722559928894043,
        -0.003947556018829346,
        0.058394551277160645,
        -0.0179327130317688,
        -0.020399928092956543,
        0.026539921760559082,
        -0.004582583904266357,
        0.005257368087768555
      ],
      "benchmark_return": 0.14837371170792935,
      "benchmark_values": [
        10000.0,
        10177.881717681885,
        10236.036306453969,
        10669.591565669913,
        10541.335530257666,
        10841.829781828303,
        11023.132930093794,
        10979.618495349247,
        11620.76839057958,
        11412.376485822668,
        11179.564826142137,
        11476.269601945049,
        11423.678633586154,
        11483.737117079294
      ],
      "cost_bps": 20.0,
      "costs": 0.02033333333333333,
      "excess_return": 0.0605883257344344,
      "information_ratio": 1.0486396042066974,
      "label": "research_only_risk_control_variant",
      "max_drawdown": -0.08022424427354125,
      "max_gross_exposure": 1.0,
      "mean_gross_exposure": 0.9615384615384616,
      "min_gross_exposure": 0.5,
      "n_periods": 13,
      "period_returns": [
        0.016747409184773764,
        0.018104337374369305,
        0.0784836524327596,
        -0.01594865051905314,
        0.07018774159749348,
        0.016878440062204993,
        0.010762169043223064,
        0.08132423369089761,
        -0.0024402995109558106,
        0.008372965176900228,
        -0.00850191871325175,
        -0.0472351484298706,
        -0.026346672217051188
      ],
      "portfolio_values": [
        10000.0,
        10167.474091847736,
        10351.549473051706,
        11163.976884035212,
        10985.926518308946,
        11757.003889985066,
        11955.44377545329,
        12084.110282351468,
        13066.8412909,
        13034.95428448808,
        13144.095502794586,
        13032.345471270608,
        12416.760698545788,
        12089.620374423637
      ],
      "relative_excess_return": 0.05276011207564468,
      "research_only": true,
      "sharpe_ratio": 2.0268540877471652,
      "test_end": "2025-12-31",
      "test_start": "2025-07-01",
      "total_return": 0.20896203744236375,
      "trade_ready": false,
      "turnover": 10.166666666666666,
      "turnover_model": "cash_inclusive_one_way",
      "variant_id": "top3_benchmark_trend_filter",
      "volatility": 0.1916491845729214
    },
    "top3_inverse_vol20_weight": {
      "annual_return": 0.3962299837010379,
      "benchmark_period_returns": [
        0.017788171768188477,
        0.005713820457458496,
        0.04235577583312988,
        -0.012020707130432129,
        0.02850627899169922,
        0.016722559928894043,
        -0.003947556018829346,
        0.058394551277160645,
        -0.0179327130317688,
        -0.020399928092956543,
        0.026539921760559082,
        -0.004582583904266357,
        0.005257368087768555
      ],
      "benchmark_return": 0.14837371170792935,
      "benchmark_values": [
        10000.0,
        10177.881717681885,
        10236.036306453969,
        10669.591565669913,
        10541.335530257666,
        10841.829781828303,
        11023.132930093794,
        10979.618495349247,
        11620.76839057958,
        11412.376485822668,
        11179.564826142137,
        11476.269601945049,
        11423.678633586154,
        11483.737117079294
      ],
      "cost_bps": 20.0,
      "costs": 0.020420220667014766,
      "excess_return": 0.039524925779065745,
      "information_ratio": 0.6818872218854716,
      "label": "research_only_risk_control_variant",
      "max_drawdown": -0.07932109247943075,
      "max_gross_exposure": 1.0,
      "mean_gross_exposure": 1.0,
      "min_gross_exposure": 0.9999999999999998,
      "n_periods": 13,
      "period_returns": [
        0.013629424242337476,
        0.024000556093046133,
        0.07661465544550049,
        -0.022696364708356516,
        0.05789214018081461,
        0.012654937332806475,
        0.004167567020171497,
        0.07763681928392303,
        0.004677600585358332,
        0.01436389130523761,
        -0.020571143228064383,
        -0.030636507577859767,
        -0.03027489586806505
      ],
      "portfolio_values": [
        10000.0,
        10136.294242423373,
        10379.570940964275,
        11174.798192278382,
        10921.170896964148,
        11553.420853469828,
        11699.628670350028,
        11748.387656944831,
        12660.495106344528,
        12719.715845664892,
        12902.42046150553,
        12637.00292220319,
        12249.849286415676,
        11878.98637486995
      ],
      "relative_excess_return": 0.034418173610297975,
      "research_only": true,
      "sharpe_ratio": 1.9563605957052788,
      "test_end": "2025-12-31",
      "test_start": "2025-07-01",
      "total_return": 0.1878986374869951,
      "trade_ready": false,
      "turnover": 10.210110333507384,
      "turnover_model": "cash_inclusive_one_way",
      "variant_id": "top3_inverse_vol20_weight",
      "volatility": 0.17979848550380173
    },
    "top5_equal_weight": {
      "annual_return": 0.31020796659538097,
      "benchmark_period_returns": [
        0.017788171768188477,
        0.005713820457458496,
        0.04235577583312988,
        -0.012020707130432129,
        0.02850627899169922,
        0.016722559928894043,
        -0.003947556018829346,
        0.058394551277160645,
        -0.0179327130317688,
        -0.020399928092956543,
        0.026539921760559082,
        -0.004582583904266357,
        0.005257368087768555
      ],
      "benchmark_return": 0.14837371170792935,
      "benchmark_values": [
        10000.0,
        10177.881717681885,
        10236.036306453969,
        10669.591565669913,
        10541.335530257666,
        10841.829781828303,
        11023.132930093794,
        10979.618495349247,
        11620.76839057958,
        11412.376485822668,
        11179.564826142137,
        11476.269601945049,
        11423.678633586154,
        11483.737117079294
      ],
      "cost_bps": 20.0,
      "costs": 0.0132,
      "excess_return": 0.0011889818632639937,
      "information_ratio": 0.0315564865158318,
      "label": "research_only_risk_control_variant",
      "max_drawdown": -0.05397855568845977,
      "max_gross_exposure": 1.0,
      "mean_gross_exposure": 1.0,
      "min_gross_exposure": 1.0,
      "n_periods": 13,
      "period_returns": [
        0.010883746623992921,
        0.024045165824890136,
        0.06670271320343019,
        -0.028769794654846192,
        0.04556139354705811,
        -0.0021112545013427736,
        0.00790680809020996,
        0.07744158153533935,
        -0.011243108463287355,
        -0.014850567150115969,
        0.00381951494216919,
        -0.01846113719940186,
        -0.014296696949005127
      ],
      "portfolio_values": [
        10000.0,
        10108.83746623993,
        10351.906139412531,
        11042.406365738592,
        10724.718602100927,
        11213.351727012701,
        11189.677487703906,
        11278.152120190525,
        12151.55005717422,
        12014.928861884344,
        11836.500354017064,
        11881.710043982222,
        11662.360164696755,
        11495.626935711934
      ],
      "relative_excess_return": 0.0010353614430058666,
      "research_only": true,
      "sharpe_ratio": 1.7657845691419412,
      "test_end": "2025-12-31",
      "test_start": "2025-07-01",
      "total_return": 0.14956269357119334,
      "trade_ready": false,
      "turnover": 6.6000000000000005,
      "turnover_model": "cash_inclusive_one_way",
      "variant_id": "top5_equal_weight",