{
  "candidate": "blend:ranker_momentum:momentum_volatility_volume:gain5_round100_leaves31_leaf10_lr0.05:ranker0.5_momentum0.5",
  "candidate_v2_robust": false,
  "cohort_rows": [
    {
      "cohort": "default_10_symbols",
      "compounded_relative_excess": 0.32762735360201245,
      "mean_costs": 0.019749999999999997,
      "mean_gross_exposure": 0.8942307692307693,
      "mean_ic_ir": 0.32068214020733066,
      "mean_ic_pos_pct": 0.6238039562400847,
      "mean_rank_ic_ir": 0.26949210459066203,
      "mean_sharpe": 2.095548745227472,
      "mean_top_bottom_spread": 0.01690086867942365,
      "mean_turnover": 9.875,
      "n_windows": 4,
      "passes_candidate_v2_gate": false,
      "positive_excess_windows": 4,
      "status": "evaluated",
      "worst_drawdown": -0.16146033100675872
    },
    {
      "cohort": "expanded_100_symbols",
      "compounded_relative_excess": 1.7668186164137896,
      "mean_costs": 0.021416666666666667,
      "mean_gross_exposure": 0.8942307692307693,
      "mean_ic_ir": 0.22333793175902475,
      "mean_ic_pos_pct": 0.5734874900846113,
      "mean_rank_ic_ir": 0.15536976712540831,
      "mean_sharpe": 1.505644552459228,
      "mean_top_bottom_spread": 0.009355776729512892,
      "mean_turnover": 10.708333333333332,
      "n_windows": 4,
      "passes_candidate_v2_gate": false,
      "positive_excess_windows": 4,
      "status": "evaluated",
      "worst_drawdown": -0.22385881388003392
    },
    {
      "cohort": "expanded_50_symbols",
      "compounded_relative_excess": 2.4684684452954517,
      "mean_costs": 0.021249999999999998,
      "mean_gross_exposure": 0.8942307692307693,
      "mean_ic_ir": 0.2548437853788256,
      "mean_ic_pos_pct": 0.5670094361448969,
      "mean_rank_ic_ir": 0.12360905660843019,
      "mean_sharpe": 1.9252222750791272,
      "mean_top_bottom_spread": 0.013822578225414817,
      "mean_turnover": 10.625,
      "n_windows": 4,
      "passes_candidate_v2_gate": false,
      "positive_excess_windows": 4,
      "status": "evaluated",
      "worst_drawdown": -0.24709663859027675
    }
  ],
  "decision_status": "candidate_v2_not_robust_across_expanded_universes",
  "degradation_note": "default_10_symbols: drawdown below -15%; expanded_100_symbols: drawdown below -15%; expanded_50_symbols: drawdown below -15%",
  "evidence_type": "candidate_v2_universe_robustness",
  "frozen_config": {
    "blend_weight": {
      "momentum_weight": 0.5,
      "ranker_weight": 0.5
    },
    "calibration": {
      "learning_rate": 0.05,
      "n_gain_bins": 5,
      "num_boost_round": 100,
      "num_leaves": 31
    },
    "cost_bps": 20.0,
    "feature_group": "momentum_volatility_volume",
    "negative_benchmark_trend_exposure": 0.5,
    "top_n": 3,
    "trend_filter_benchmark": "QQQ",
    "trend_lookback_days": 20,
    "turnover_model": "cash_inclusive_one_way"
  },
  "n_cohorts_evaluated": 3,
  "n_cohorts_skipped": 0,
  "n_cohorts_total": 3,
  "non_trade_ready_warning": "Research evidence is not authorization for live trading or automated execution. Universe-robustness results are diagnostic only and do not constitute a promotion recommendation.",
  "promotion_eligible": false,
  "research_only": true,
  "robustness_gate": {
    "max_drawdown": -0.15,
    "min_compounded_relative_excess": 0.3,
    "min_positive_excess_windows": 3,
    "require_positive_icir": true,
    "require_positive_rank_icir": true,
    "require_positive_top_bottom_spread": true,
    "required_cohorts": [
      "default_10_symbols",
      "expanded_100_symbols",
      "expanded_50_symbols"
    ],
    "required_windows_per_cohort": 4
  },
  "schema_version": "1.0",
  "skipped_cohorts": [],
  "survivorship_bias_documented": true,
  "survivorship_bias_notes": "Cohorts are constructed from static current Qlib instrument listings. Symbols that were delisted, acquired, or otherwise removed from the provider before the snapshot date are absent from all cohorts. No historical index-constituent point-in-time membership is applied. The fixed current-member cohorts therefore differ from a true point-in-time historical universe and can inflate relative performance. Results should be interpreted as an upper bound on strategy efficacy.",
  "trade_ready": false
}