{
  "candidate": "blend:ranker_momentum:momentum_volatility_volume:gain5_round100_leaves31_leaf10_lr0.05:ranker0.5_momentum0.5",
  "cohorts": {
    "default_10_symbols": {
      "candidate": "blend:ranker_momentum:momentum_volatility_volume:gain5_round100_leaves31_leaf10_lr0.05:ranker0.5_momentum0.5",
      "candidate_v2": {
        "compounded_benchmark_return": 0.5023009916363919,
        "compounded_relative_excess_return": 0.40608651215652225,
        "compounded_total_return": 1.1123651615392989,
        "cost_bps": 20.0,
        "max_gross_exposure": 0.9615384615384616,
        "mean_costs": 0.018666666666666665,
        "mean_drawdown": -0.07287378933098479,
        "mean_gross_exposure": 0.9078525641025641,
        "mean_relative_excess": 0.09039157152754401,
        "mean_sharpe": 2.0920283250511416,
        "mean_turnover": 9.333333333333332,
        "min_gross_exposure": 0.7916666666666666,
        "passes_candidate_v2_gate": true,
        "positive_excess_windows": 4,
        "turnover_model": "cash_inclusive_one_way",
        "worst_drawdown": -0.14269058769119236
      },
      "cohort": "default_10_symbols",
      "n_windows_evaluated": 4,
      "n_windows_total": 4,
      "score_diagnostics": {
        "mean_ic": 0.09193629224950187,
        "mean_ic_ir": 0.24462482210115033,
        "mean_ic_pos_pct": 0.5499971572764047,
        "mean_rank_ic": 0.07331320196143817,
        "mean_rank_ic_ir": 0.21693917963765313,
        "mean_top_bottom_spread": 0.01095228475121759
      },
      "skipped": false
    },
    "expanded_100_symbols": {
      "candidate": "blend:ranker_momentum:momentum_volatility_volume:gain5_round100_leaves31_leaf10_lr0.05:ranker0.5_momentum0.5",
      "candidate_v2": {
        "compounded_benchmark_return": 0.5023009916363919,
        "compounded_relative_excess_return": 0.2824309774496576,
        "compounded_total_return": 0.9265973291278478,
        "cost_bps": 20.0,
        "max_gross_exposure": 0.9615384615384616,
        "mean_costs": 0.02166666666666667,
        "mean_drawdown": -0.1479985615794844,
        "mean_gross_exposure": 0.9078525641025641,
        "mean_relative_excess": 0.08385007268880579,
        "mean_sharpe": 0.9596423600955493,
        "mean_turnover": 10.833333333333334,
        "min_gross_exposure": 0.7916666666666666,
        "passes_candidate_v2_gate": false,
        "positive_excess_windows": 3,
        "turnover_model": "cash_inclusive_one_way",
        "worst_drawdown": -0.24949015020402487
      },
      "cohort": "expanded_100_symbols",
      "n_windows_evaluated": 4,
      "n_windows_total": 4,
      "score_diagnostics": {
        "mean_ic": 0.04228877161292144,
        "mean_ic_ir": 0.20439531054967883,
        "mean_ic_pos_pct": 0.5784511439060325,
        "mean_rank_ic": 0.03239931855890903,
        "mean_rank_ic_ir": 0.1616237072365856,
        "mean_top_bottom_spread": 0.010436498117959025
      },
      "skipped": false
    },
    "expanded_50_symbols": {
      "candidate": "blend:ranker_momentum:momentum_volatility_volume:gain5_round100_leaves31_leaf10_lr0.05:ranker0.5_momentum0.5",
      "candidate_v2": {
        "compounded_benchmark_return": 0.5023009916363919,
        "compounded_relative_excess_return": 0.7232153545816904,
        "compounded_total_return": 1.58878813599113,
        "cost_bps": 20.0,
        "max_gross_exposure": 0.9615384615384616,
        "mean_costs": 0.02141666666666667,
        "mean_drawdown": -0.1368101522019737,
        "mean_gross_exposure": 0.9078525641025641,
        "mean_relative_excess": 0.18699371512505836,
        "mean_sharpe": 1.3271919554434468,
        "mean_turnover": 10.708333333333334,
        "min_gross_exposure": 0.7916666666666666,
        "passes_candidate_v2_gate": false,
        "positive_excess_windows": 2,
        "turnover_model": "cash_inclusive_one_way",
        "worst_drawdown": -0.25482322612735553
      },
      "cohort": "expanded_50_symbols",
      "n_windows_evaluated": 4,
      "n_windows_total": 4,
      "score_diagnostics": {
        "mean_ic": 0.04379601033250147,
        "mean_ic_ir": 0.19821104115952692,
        "mean_ic_pos_pct": 0.548868837942981,
        "mean_rank_ic": 0.024830378251478553,
        "mean_rank_ic_ir": 0.13110238383998357,
        "mean_top_bottom_spread": 0.010074344789927822
      },
      "skipped": false
    }
  },
  "evidence_type": "candidate_v2_universe_robustness_cohorts",
  "promotion_eligible": false,
  "research_only": true,
  "schema_version": "1.0",
  "trade_ready": false
}