date,open,high,low,close,volume,amount,factor
2021-04-06,6.814604588096226,6.848465944258806,6.789208772803894,6.831534862518311,43909650,299970304.77597713,1.0
2021-04-07,6.831534867860028,6.899257580238142,6.806139052547838,6.890792846679688,46640434,321389568.9732361,1.0
2021-04-08,6.890793043557884,6.899257777358186,6.814604788126112,6.856931686401367,39775448,272737529.7320099,1.0
2021-04-09,6.856931485129055,6.899257574843471,6.823070128966474,6.831534862518311,30006101,204987725.0697456,1.0
2021-04-12,6.823069718041911,6.94158405381412,6.789208363918656,6.9161882400512695,58208482,402580818.679636,1.0
2021-04-13,6.882327213862181,6.899257488071333,6.746881387256159,6.763812065124512,57363916,387998747.143589,1.0
2021-04-14,6.746881387256159,6.780743146652066,6.721485572283231,6.763812065124512,33362771,225659513.01578617,1.0
2021-04-15,6.772277322739831,6.780742863149665,6.704554614097902,6.729950428009033,25487000,171526246.55866623,1.0
2021-04-16,6.729950043790096,6.814603828418729,6.729950043790096,6.797672748565674,27589646,187545384.75677395,1.0
2021-04-19,6.806139047225978,6.865396218680891,6.780743231933646,6.831534862518311,34189512,233566843.16048813,1.0
2021-04-20,6.814604502388771,6.8400003173616994,6.755346928019936,6.763812065124512,30851620,208674559.5846367,1.0
2021-04-21,6.746881048516494,6.746881048516494,6.687623880781977,6.704554557800293,29737409,199376081.04812145,1.0
2021-04-22,6.704554273284501,6.721484949584344,6.662227380705311,6.670692920684815,28233745,188338642.89592028,1.0
2021-04-23,6.687624271264288,6.696089408438125,6.619901559236774,6.636832237243652,21592256,143304180.69561768,1.0
2021-04-26,6.645297189534859,6.662227867070699,6.577574479391497,6.586040019989014,31605809,208157122.9381289,1.0
2021-04-27,6.5775739684079335,6.586039508347799,6.518316399806363,6.543712615966797,24186908,158272175.02082825,1.0
2021-04-28,6.535247802734375,6.586040240703268,6.518317124631146,6.535247802734375,26076866,170418781.22869873,1.0
2021-04-29,6.543713651436276,6.611436367034912,6.518317431257174,6.611436367034912,26486012,175110582.9545231,1.0
2021-04-30,6.645297412234965,6.662228090338194,6.501386446527918,6.535247802734375,38872908,254044086.5928955,1.0
2021-05-06,6.586040142232919,6.602970820083011,6.54371324577809,6.552178382873535,29389628,192566085.2622948,1.0
2021-05-07,6.560643801855657,6.645297189534859,6.5352475837223,6.586040019989014,36417353,239846144.28006697,1.0
2021-05-10,6.586039890577452,6.602970567780615,6.526782318536789,6.560643672943115,34690678,227593177.1308069,1.0
2021-05-11,6.543712899175635,6.577574253082275,6.509851545268994,6.577574253082275,27435828,180461195.86479372,1.0
2021-05-12,6.569108963012695,6.577574099462062,6.51831652967982,6.569108963012695,25817139,169595599.2042446,1.0
2021-05-13,6.535247705023443,6.602970820083011,6.526782567927998,6.552178382873535,27626192,181011738.0235138,1.0
2021-05-14,6.5691093424531735,6.586040019989014,6.51831690618646,6.586040019989014,41423750,272818475.2780199,1.0
2021-05-17,6.577574253082275,6.611435606988916,6.552178035822705,6.577574253082275,32503796,213796131.69703865,1.0
2021-05-18,6.586039890577452,6.594505027349442,6.543712995739952,6.560643672943115,25162778,165084020.27937222,1.0
2021-05-19,6.569109180774671,6.586039857893815,6.518316745758057,6.518316745758057,33377050,217562183.939004,1.0
2021-05-20,6.535247520362288,6.535247520362288,6.475990351390948,6.5013861656188965,25947516,168694821.55457497,1.0
2021-05-21,6.509851552521499,6.518316689178,6.484455335233635,6.492920875549316,18364159,119237031.33300686,1.0
2021-05-24,6.492920875549316,6.501386012205818,6.475990198577134,6.492920875549316,19502536,126628423.12055206,1.0
2021-05-25,6.492921212227814,6.560643923628181,6.45905985652763,6.552178382873535,38136672,249878277.87313843,1.0
2021-05-26,6.552178035822705,6.594504930035596,6.535247358869385,6.577574253082275,40469205,266189200.85070848,1.0
2021-05-27,6.577574601478273,6.577574601478273,6.526782567927998,6.552178382873535,32438170,212540676.2539768,1.0
2021-05-28,6.543713190371532,6.5606438680782695,6.509851834958058,6.526782512664795,25792001,168338781.0934329,1.0
2021-05-31,6.509851901872092,6.509851901872092,6.459059868229795,6.467525005340576,37966397,245548621.96018744,1.0
2021-06-01,6.475990295410156,6.484455432193234,6.450594077742553,6.475990295410156,24490221,158598433.52845,1.0
2021-06-02,6.484456008373131,6.492921549567605,6.433663972183956,6.459060192108154,26364593,170290493.1274333,1.0
2021-06-03,6.459060192108154,6.484456008373131,6.442129513378429,6.459060192108154,21607961,139567120.7277255,1.0
2021-06-04,6.450594650913681,6.484456008373131,6.442129513378429,6.459060192108154,21601262,139523851.48349857,1.0
2021-06-07,6.459059812867485,6.467524949905711,6.433663594434413,6.442129135131836,23813698,153410917.70103073,1.0
2021-06-08,6.450594272170061,6.459059812867485,6.425198457396188,6.442129135131836,21711377,139867494.33553123,1.0
2021-06-09,6.442128949621514,6.450594086415974,6.391336917877197,6.391336917877197,30888454,197418516.3863516,1.0
2021-06-10,6.391337168593345,6.433663661544378,6.382871627807617,6.382871627807617,26169362,167035678.2276268,1.0
2021-06-11,6.391337547156015,6.416733363699003,6.35747618932588,6.399802684783936,40064976,256407940.970604,1.0
2021-06-15,6.382871839309194,6.391337380375434,6.2389608704568325,6.264357089996338,58918900,369089028.9497852,1.0
2021-06-16,6.264356978634728,6.408267944928781,6.24742630046244,6.365941047668457,45153979,287447568.3816595,1.0
2021-06-17,6.3490094190118445,6.36594009464951,6.272821176812775,6.281286716461182,26710232,167774625.45519638,1.0
2021-06-18,6.28975258082706,6.298218121455808,6.255891225630459,6.27282190322876,25103485,157469690.55537462,1.0
2021-06-21,6.272821176812775,6.298217392098847,6.24742536518585,6.281286716461182,24406171,153302157.7019801,1.0
2021-06-22,6.281287656807016,6.408267944928781,6.24742630046244,6.365941047668457,61051478,388650109.82102776,1.0
2021-06-23,6.340544828580421,6.374406588584205,6.281287656807016,6.365941047668457,43420820,276414380.3614235,1.0
2021-06-24,6.349010369496169,6.399802404013033,6.340544828580421,6.365941047668457,23373725,148795755.4144144,1.0
2021-06-25,6.365940797155425,6.391337015244067,6.340544579066783,6.374406337738037,23311301,148595704.83531904,1.0
2021-06-28,6.382871695635592,6.391337236511279,6.30668344239123,6.323614120483398,24862126,157218491.03883743,1.0
2021-06-29,6.315148701201457,6.332079378537418,6.281287346529533,6.28975248336792,22245738,139920185.8298521,1.0
2021-06-30,6.281287346529533,6.298218023865495,6.24742599185761,6.28975248336792,22070580,138818485.36437035,1.0
2021-07-01,6.28975248336792,6.34901005587338,6.255891128695997,6.28975248336792,31033831,195195115.6006704,1.0
2021-07-02,6.298218163728608,6.323613978466915,6.222029912195292,6.230495452880859,32649982,203425564.3876419,1.0
2021-07-05,6.230495421592686,6.238960558576546,6.179703388711941,6.188168525695801,29189189,180627620.6603861,1.0
2021-07-06,6.188168806023509,6.230495703837828,6.171238127629625,6.222030162811279,22248629,138431640.71919775,1.0
2021-07-07,6.196634097456984,6.238960589907229,6.1881685567714175,6.230495452880859,20115894,125331986.09763336,1.0
2021-07-08,6.2304960014323925,6.2304960014323925,6.171238422393799,6.171238422393799,25540413,157615978.02940607,1.0
2021-07-09,6.171238073405252,6.205099429895495,6.1627729361122965,6.196634292602539,16231518,100580781.05979538,1.0
2021-07-12,6.213564970847661,6.2389607863857375,6.188168751650374,6.196634292602539,23788288,147407321.18310547,1.0
2021-07-13,6.205099234483354,6.281287486016671,6.179703419745048,6.230495452880859,40146167,250130510.9440956,1.0
2021-07-14,6.238961139204059,6.238961139204059,6.171238422393799,6.171238422393799,29302735,180834164.11322355,1.0
2021-07-15,6.171237848068886,6.196634066338856,6.128910952172,6.188168525695801,26055643,161236709.9293661,1.0
2021-07-16,6.171238422393799,6.205099780798929,6.154307743191234,6.171238422393799,21359408,131813999.32918549,1.0
2021-07-19,6.162773103732812,6.17123824125601,6.111980663956741,6.12044620513916,22571008,138144640.25976562,1.0
2021-07-20,6.111980843355205,6.222030460001494,6.0696543471784095,6.171238422393799,42506272,262316338.9591217,1.0
2021-07-21,6.1543067581028446,6.171237434595403,6.1119798650418655,6.128910541534424,24483108,150054778.71072578,1.0
2021-07-22,6.12891152255777,6.213565322229828,6.103515705583539,6.171238422393799,29781914,183791291.9692278,1.0
2021-07-23,6.171238156563772,6.323614262823159,6.162773019156747,6.264357089996338,62518353,391637287.8704438,1.0
2021-07-26,6.281287486016671,6.298218163728608,6.179703419745048,6.230495452880859,46391169,289039967.5083275,1.0
2021-07-27,6.230495618981927,6.247426297145226,6.103515330927586,6.1543073654174805,37440839,230422431.22511005,1.0
2021-07-28,6.111980219405348,6.213564687909581,6.06965372754951,6.1627726554870605,37327899,230043355.2439828,1.0
2021-07-29,6.171237890131772,6.196634108574842,6.111980316204074,6.1458420753479,27003396,165958607.3140812,1.0
2021-07-30,6.128911229815306,6.306683554780704,6.0865847356602005,6.222030162811279,57639267,358633257.8363328,1.0
2021-08-02,6.20509866078674,6.3744058259119,6.162772172249819,6.33207893371582,80411085,509169337.3657322,1.0
2021-08-03,6.323614137342022,6.492921322374283,6.298218321965669,6.450594425201416,101216529,652906777.7056375,1.0
2021-08-04,6.468052078325463,6.468052078325463,6.310933550962677,6.380764007568359,60995653,389198867.280529,1.0
2021-08-05,6.363306393416939,6.415679235871201,6.31966214992721,6.380764007568359,42846744,273394961.9566956,1.0
2021-08-06,6.372035154807407,6.389492768263495,6.328390913056017,6.354577541351318,28327257,180007751.14028692,1.0
2021-08-09,6.345848145410255,6.468051432263919,6.3371195473175765,6.406949996948242,48783333,312552375.2154751,1.0
2021-08-10,6.398221110015723,6.415678722770954,6.345848271750031,6.389492511749268,37772851,241349348.61192083,1.0
2021-08-11,6.380764007568359,6.47678109351235,6.363306393416939,6.380764007568359,47618983,303845492.8034096,1.0
2021-08-12,6.380763882564706,6.380763882564706,6.328391041136465,6.337120056152344,34373217,217827202.8451767,1.0
2021-08-13,6.337119869246642,6.345848467782737,6.284746613140742,6.29347562789917,30242895,190332922.59961367,1.0
2021-08-16,6.284746832265102,6.345848689037478,6.284746832265102,6.328391075134277,28186301,178373935.68944836,1.0
2021-08-17,6.328390631730221,6.43313630781033,6.310933019050203,6.319661617279053,55361519,349866066.698565,1.0
2021-08-18,6.302204623924269,6.44186595531142,6.28474700952867,6.433136940002441,68812677,442681374.3491564,1.0
2021-08-19,6.415679365884983,6.424408381248763,6.337120308722767,6.363306522369385,45927800,292252669.2980766,1.0
2021-08-20,6.354577704100252,6.3633063029406784,6.302204446168303,6.328391075134277,32483683,205569449.58469105,1.0
2021-08-23,6.319662026120586,6.354577669961758,6.319662026120586,6.337120056152344,23978649,151955577.49733734,1.0
2021-08-24,6.328391041136465,6.354577669961758,6.319662026120586,6.337120056152344,28023957,177591179.95745087,1.0
2021-08-25,6.345848364514825,6.48550926859826,6.310933138493966,6.44186544418335,72156594,464823069.4585676,1.0
2021-08-26,6.415679542281977,6.520425232193121,6.406950942900568,6.468052387237549,83733067,541589863.9000716,1.0
2021-08-27,6.468051967260589,6.56406905155584,6.433136739557288,6.529153823852539,74032040,483366577.0536041,1.0
2021-08-30,6.529153380042297,6.546610992707291,6.4418653167173305,6.459322929382324,62754857,405353886.75020885,1.0
2021-08-31,6.494238614760599,6.660086154937744,6.476781000858918,6.660086154937744,139404530,928446180.1886034,1.0
2021-09-01,6.703730254863789,7.306018583358083,6.703730254863789,7.218730926513672,351797141,2539528901.595791,1.0
2021-09-02,7.244916520660232,7.628984009304508,7.131441827267805,7.55915355682373,318696328,2409074481.3478622,1.0
2021-09-03,7.56788343769085,7.620255866823486,7.297289779023056,7.3147478103637695,230856069,1688653925.2269373,1.0
2021-09-06,7.384577607586115,7.925764043869912,7.32347616827099,7.602797985076904,297288845,2260227031.75184,1.0
2021-09-07,7.594068615301562,7.78610277160375,7.480593924415933,7.725001335144043,201689660,1558052892.784748,1.0
2021-09-08,7.70754330618719,7.794831786082177,7.611526644258414,7.725001335144043,173182355,1337833923.5983896,1.0
2021-09-09,7.725001699459925,8.100340182842436,7.681357457454142,7.995594501495361,247139869,1976030177.676684,1.0
2021-09-10,8.082882016774397,8.309831382048872,7.855932651499923,7.934492111206055,267330484,2121131616.3828964,1.0
2021-09-13,7.821018906586748,8.065425513292503,7.812289891093216,7.917035579681396,156805715,1241436424.7523808,1.0
2021-09-14,7.925764312712046,7.978137571361995,7.489323542926384,7.567883014678955,224447165,1698589887.6963449,1.0
2021-09-15,7.498052562875972,7.620255445729041,7.419493091073453,7.506781578063965,116642052,875606407.181179,1.0
2021-09-16,7.498051931777359,7.594068593429593,7.428221481040345,7.454407691955566,97614465,727658018.7421274,1.0
2021-09-17,7.436950855509262,7.5067813096267,7.210001463405249,7.332204341888428,129410508,948864288.6435872,1.0
2021-09-22,7.2187303090911055,7.628984009304508,7.210001294419844,7.55915355682373,124251132,939233386.3971748,1.0
2021-09-23,7.602797797735381,7.68135726488742,7.454407878102565,7.55915355682373,104418444,789315052.3605995,1.0
2021-09-24,7.55915373399244,7.602797975927008,7.314747144581407,7.332204341888428,86372330,633299573.0450201,1.0
2021-09-27,7.323476279455535,7.41076393231024,6.983052185721522,7.000510215759277,117943435,825664221.5992403,1.0
2021-09-28,7.000510025040473,7.131441916977825,7.000510025040473,7.079068660736084,51943212,367709564.2071705,1.0
2021-09-29,7.035425326812542,7.105255780917086,6.817204533402335,6.8783063888549805,98296822,676115658.7667408,1.0
2021-09-30,6.895764350891113,6.95686579320947,6.834662492350398,6.895764350891113,57451629,396172895.15882206,1.0
2021-10-08,7.08779745359513,7.105255482610647,6.956865149534991,7.044153213500977,58545461,412403197.2390461,1.0
2021-10-11,7.044153376656685,7.044153376656685,6.913221485786241,6.956865310668945,54182405,376939693.7931156,1.0
2021-10-12,6.92195006122347,6.92195006122347,6.71245870355051,6.76483154296875,67810488,458726528.1665039,1.0
2021-10-13,6.764831729061623,6.825933584841576,6.67754366096336,6.808475971221924,48206849,328215173.0648236,1.0
2021-10-14,6.799747283045356,6.817204897503889,6.729916825211222,6.756103038787842,37661941,254447954.0367484,1.0
2021-10-15,6.756102823285817,6.764831838347831,6.65135713987573,6.660086154937744,50793578,338289605.5975504,1.0
2021-10-18,6.660086117358096,6.764831800177154,6.660086117358096,6.729916572570801,39108814,263199055.4721889,1.0
2021-10-19,6.703729815982517,6.7910182995570345,6.686272202512081,6.747374057769775,40573105,273761916.1201692,1.0
2021-10-20,6.747373870089885,6.756102468471147,6.6862720165317535,6.703729629516602,33527981,224762519.6475697,1.0
2021-10-21,6.695001766420217,6.756103210466547,6.660086536615922,6.6688151359558105,43000296,286761024.8153801,1.0
2021-10-22,6.660086063489586,6.721187503195326,6.590255608841688,6.607713222503662,51766803,342060188.66984224,1.0
2021-10-25,6.564069070367324,6.695001382741106,6.546611456465643,6.660086154937744,44609067,297100229.5113902,1.0
2021-10-26,6.642628703996863,6.773561019582752,6.625171089666901,6.633899688720703,48198657,319745055.66905594,1.0
2021-10-27,6.616442058620968,6.651357287197673,6.4942387586025,6.502967357635498,46277637,300941962.7995048,1.0
2021-10-28,6.502966881608689,6.529153509235496,6.415678816556542,6.44186544418335,36841690,237329209.71631527,1.0
2021-10-29,6.441865536832896,6.502966975137023,6.406950310309872,6.494238376617432,31908773,207223178.16737413,1.0
2021-11-01,6.459323402146084,6.546611471859745,6.4505943870635445,6.520424842834473,49776624,324564735.72203064,1.0
2021-11-02,6.520424695824568,6.529153710710303,6.302204318349254,6.345848560333252,77575734,492283859.9206953,1.0
2021-11-03,6.328391041136465,6.372035283771171,6.302204412311172,6.337120056152344,37079852,234979473.7883606,1.0
2021-11-04,6.345848654945878,6.354577669961758,6.310933427327051,6.337120056152344,31258390,198088170.19203183,1.0
2021-11-05,6.328390854488215,6.337119869246642,6.29347562789917,6.29347562789917,31370772,197431189.0103817,1.0
2021-11-08,6.328390759740968,6.337119774368706,6.293475533674666,6.302204132080078,27072812,170618387.65342712,1.0
2021-11-09,6.310933146707817,6.319661745113229,6.2760179206415145,6.302204132080078,28199147,177716780.74453354,1.0
2021-11-10,6.302204284760716,6.354577541351318,6.241102845775574,6.354577541351318,43864863,278742673.2742524,1.0
2021-11-11,6.31966161184006,6.494238154712311,6.310933013618722,6.459322929382324,63036995,407176307.2028589,1.0
2021-11-12,6.441865221763576,6.441865221763576,6.380763370225587,6.406949996948242,26500469,169787179.778677,1.0
2021-11-15,6.398221711211243,6.45059455439804,6.3807640968156445,6.433136940002441,20805781,133846438.31670094,1.0
2021-11-16,6.44186535001496,6.485509173791877,6.380763497260492,6.389492511749268,28390207,181399015.03351164,1.0
2021-11-17,6.406949996948242,6.4331362074485865,6.389492384540576,6.406949996948242,15453630,99010634.68133926,1.0
2021-11-18,6.406950766743564,6.415679365884983,6.354577923227966,6.363306522369385,28582680,181880354.07079697,1.0
2021-11-19,6.354577159725244,6.41567859504092,6.310932920594921,6.406949996948242,35849038,229682993.90469745,1.0
2021-11-22,6.398221751379784,6.406950766743564,6.345848907864186,6.363306522369385,31820982,202486662.3087988,1.0
2021-11-23,6.345849082341214,6.476781402841331,6.328391467356023,6.468052387237549,58676549,379522992.834311,1.0
2021-11-24,6.450594425201416,6.476781054381512,6.424408212243671,6.450594425201416,31986852,206334209.1909428,1.0
2021-11-25,6.450593914938668,6.476780542047317,6.424407704052337,6.459322929382324,25775296,166490960.4644165,1.0
2021-11-26,6.44186595531142,6.46805216879364,6.406950726520222,6.433136940002441,30694476,197461767.4096184,1.0
2021-11-29,6.354577413445593,6.406950252759692,6.32839078567738,6.372035026550293,25202140,160588918.8240242,1.0
2021-11-30,6.4156788512008776,6.450594077410277,6.354577413445593,6.372035026550293,23665970,150800389.77728844,1.0
2021-12-01,6.35457801129961,6.424408470288227,6.35457801129961,6.415679454803467,22318936,143191139.14827347,1.0
2021-12-02,6.415678985609153,6.764831671240212,6.406950386985104,6.747374057769775,139983742,944522669.2803372,1.0
2021-12-03,6.70372968886964,6.834661995526403,6.625170637853444,6.76483154296875,90305174,610899289.5684814,1.0
2021-12-06,6.782289225680502,6.895763920361871,6.668814530999135,6.686272144317627,75711928,506230555.1789818,1.0
2021-12-07,6.747374205502492,6.895764131361342,6.703729962759649,6.860848903656006,98257204,674127830.3397045,1.0
2021-12-08,6.825933748209741,6.86957757519225,6.747374276929936,6.782289505004883,63837850,432966780.077076,1.0
2021-12-09,6.78228912240198,6.808475750092124,6.712458670191365,6.773560523986816,54270263,367602911.08318233,1.0
2021-12-10,6.747374094397534,6.8346621622235535,6.677543640136719,6.677543640136719,55549809,370936273.79875946,1.0
2021-12-13,6.764831449227168,6.939407578202165,6.686271983077257,6.712458610534668,92339991,619828367.6846437,1.0
2021-12-14,6.703730020208291,6.703730020208291,6.564069108190102,6.590255737304688,56394848,371656470.5864258,1.0
2021-12-15,6.581526974180376,6.6950016776509536,6.57279837495622,6.6164422035217285,44707936,295807474.5827484,1.0
2021-12-16,6.616441748630336,6.799746898181084,6.616441748630336,6.747374057769775,58625361,395567239.938788,1.0
2021-12-17,6.756102367515509,6.895763685529678,6.738644754791528,6.791018009185791,69954612,475063029.9176045,1.0
2021-12-20,6.7822894295254805,6.948136969146954,6.764831815682291,6.921950340270996,95787079,663033404.0776148,1.0
2021-12-21,6.860848989356477,7.026696531139635,6.852119974209933,6.974323272705078,83081823,579439491.687664,1.0
2021-12-22,7.009238409486944,7.026696439552479,6.860848899931006,6.921950340270996,62326115,431418272.9320192,1.0
2021-12-23,6.8783061675487644,6.913221393477655,6.825933328655427,6.843390941619873,47261733,323430515.497457,1.0
2021-12-24,6.878306296294532,6.887034894828971,6.817204441664127,6.825933456420898,41742674,284932715.0170708,1.0
2021-12-27,6.825933328655427,6.913221393477655,6.817204314062042,6.843390941619873,46769850,320064367.8309202,1.0
2021-12-28,6.843391010207275,6.86957722180523,6.721187302009053,6.76483154296875,54921111,371532064.067688,1.0
2021-12-29,6.747373929829337,6.825933397067861,6.738644915148466,6.76483154296875,31053301,210070350.11810303,1.0
2021-12-30,6.747374091641916,6.782289318758064,6.721187463193635,6.738645076751709,41924866,282516791.8643751,1.0
2021-12-31,6.738645100520974,6.852119797159885,6.7211874869013215,6.808475971221924,42256815,287704509.54787016,1.0
2022-01-04,6.834662054955338,6.843391069712109,6.773560616547265,6.825933456420898,43005085,293549848.49772453,1.0
2022-01-05,6.825933456420898,6.86957728153776,6.747373988499282,6.825933456420898,60763167,414765334.5433903,1.0
2022-01-06,6.80847558483173,7.20127207709335,6.799746570406117,7.1227126121521,165059073,1175668341.007234,1.0
2022-01-07,7.096526769916778,7.349662374295104,7.079068740158774,7.271102905273437,139967099,1017715180.1815948,1.0
2022-01-10,7.288561338118896,7.410764223404541,7.201272849390815,7.349662780761719,113567945,834686098.4540939,1.0
2022-01-11,7.34966256574777,7.384577793728615,7.227458851592464,7.253645896911621,64472602,467661424.960516,1.0
2022-01-12,7.271102720043006,7.271102720043006,7.070340377608413,7.105255603790283,80566975,572448950.5991817,1.0
2022-01-13,7.105255895001544,7.210001577840193,7.0528826373598745,7.061611652374268,66021849,466220658.2096944,1.0
2022-01-14,7.044153733595057,7.0616117638995615,6.904492820937836,6.913221836090088,70379553,486549462.61385965,1.0
2022-01-17,6.904492726427807,6.965594582990143,6.852119884898238,6.921950340270996,42121358,291561948.34077644,1.0
2022-01-18,6.921949701169779,7.367119021179955,6.895763490933931,7.288560390472412,138874439,1012194735.3444772,1.0
2022-01-19,7.227459318549706,7.393307286507476,7.218731135324101,7.3147478103637695,121223921,886722410.6984606,1.0
2022-01-20,7.340933001067844,7.506780945894297,7.227458310514123,7.393306255340576,139970699,1034846244.4810928,1.0
2022-01-21,7.340933465927251,7.375848693505175,7.175086343043283,7.183814525604248,74453078,534857103.2123461,1.0
2022-01-24,7.192543433653552,7.480594264999153,7.131441994411962,7.332204341888428,105460023,773254438.5362535,1.0
2022-01-25,7.253645747740708,7.40203483927416,7.131442036098517,7.140171051025391,75622756,539959413.1899567,1.0
2022-01-26,7.157627674403944,7.306017586481439,7.1314414641680965,7.288560390472412,70294765,512347639.8365665,1.0
2022-01-27,7.262374079573308,7.402034991496688,7.21000165382439,7.253645896911621,78456103,569092789.6136255,1.0
2022-01-28,7.262374233456359,7.297289462177026,7.026696647703039,7.035425662994385,74079434,521180351.0636988,1.0
2022-02-07,7.157628421506317,7.663899645281137,7.148899406368375,7.637713432312012,175839237,1343009702.3623953,1.0
2022-02-08,7.637712921938276,7.655170951047564,7.463136793068616,7.64644193649292,125783209,961794004.2042536,1.0
2022-02-09,7.594069557407373,7.620255771646625,7.506781899128283,7.515510082244873,81839286,615063979.0567217,1.0
2022-02-10,7.4893232888883325,7.707543666379122,7.471866091560301,7.602797985076904,92711579,704867406.0144982,1.0
2022-02-11,7.550424543355338,7.75118771860305,7.471865908635441,7.49805212020874,109001206,817296723.7536097,1.0
2022-02-14,7.445678677168671,7.541696171261239,7.340933001067844,7.393306255340576,73399250,542663134.1623068,1.0
2022-02-15,7.393306255340576,7.471865720527354,7.297288761248008,7.393306255340576,70918294,524320666.64828205,1.0
2022-02-16,7.428221228149958,7.637712573228962,7.419492213993848,7.489322662353516,103352504,774040250.4181824,1.0
2022-02-17,7.498052223580155,7.524238435514468,7.375848513812244,7.410763740539551,69794135,517227844.9603224,1.0
2022-02-18,7.349662696298045,7.550425052642822,7.340933681036608,7.550425052642822,89107707,672801063.3163562,1.0
2022-02-21,7.515509128239294,7.52423814269258,7.349662015850047,7.454407691955566,102968979,767572749.0904112,1.0
2022-02-22,7.375847779525162,7.410763002776558,7.25364491436757,7.323475360870361,80212305,587432839.3061185,1.0
2022-02-23,7.340933393643321,7.349662408563023,7.166357257472699,7.262373924255371,90803896,659451846.5311966,1.0
2022-02-24,7.218730821889063,7.244917035318384,6.983052403691027,7.035425662994385,95308900,670538680.9717655,1.0
2022-02-25,7.070340870595647,7.131442312563121,6.860849082675051,6.96559476852417,105446973,734500883.4855094,1.0
2022-02-28,6.939408138950712,6.974323367567085,6.852120067409778,6.96559476852417,42501345,296047146.3872409,1.0
2022-03-01,6.97432320073737,7.070340701469139,6.965594601903248,7.052882671356201,55596225,392113651.8953204,1.0
2022-03-02,6.983051776835947,7.105255482610647,6.974322762328188,7.044153213500977,48417407,341059633.1084347,1.0
2022-03-03,7.070340914663357,7.18381478404029,7.044153868704325,7.148899555206299,67705605,484020569.46947336,1.0
2022-03-04,7.113984111862096,7.122713126918565,7.009238428518551,7.052882671356201,45716775,322435050.1877904,1.0
2022-03-07,6.9917811971485015,7.22745877542429,6.9830521821341085,7.061611652374268,104435932,737485994.3377666,1.0
2022-03-08,7.070340779051814,7.122713205075921,6.904492820937836,6.913221836090088,73684601,509397992.6167855,1.0
2022-03-09,6.904492764455965,6.99178125037502,6.590255713547817,6.85211992263794,70355340,482083226.8779659,1.0
2022-03-10,6.939407769046101,6.983052010601293,6.791018263447585,6.817204475402832,59137284,403150957.1479683,1.0
2022-03-11,6.72991628324402,6.799746735454634,6.598983977237954,6.773560523986816,55742636,377576118.7125664,1.0
2022-03-14,6.703730276875109,6.834662595016362,6.607713604297573,6.6164422035217285,48627597,321741685.0466466,1.0
2022-03-15,6.581526455369956,6.581526455369956,6.29347562789917,6.29347562789917,75208026,473319878.6534071,1.0
2022-03-16,6.363306610562004,6.476781314529689,6.241103307331925,6.415679454803467,73093352,468943516.7091179,1.0
2022-03-17,6.502966881608689,6.529153509235496,6.40695021816249,6.44186544418335,58964474,379841207.4950476,1.0
2022-03-18,6.424408229452239,6.5989843703793305,6.372035387174111,6.581526756286621,61661002,405823534.48244286,1.0
2022-03-21,6.590255328059383,6.598983926407311,6.468051621409791,6.511695861816406,45127224,293854757.776062,1.0
2022-03-22,6.537882729392503,6.625171218968249,6.520425114721827,6.6164422035217285,49334628,326419714.7942448,1.0
2022-03-23,6.598984241485596,6.677543711479511,6.5204247714916805,6.598984241485596,45267451,298719195.8012214,1.0
2022-03-24,6.555340323916971,6.607713164442703,6.529153695542936,6.546611309051514,32787304,214645735.15971,1.0
2022-03-25,6.537882235656233,6.572797878583146,6.468051782247076,6.485509395599365,38945131,252579013.0133481,1.0
2022-03-28,6.441866056814967,6.642628833638925,6.41567942669777,6.6164422035217285,50948747,337099439.86735106,1.0
2022-03-29,6.607713385536861,6.62517099962957,6.546611528101202,6.581526756286621,28534089,187797870.21976376,1.0
2022-03-30,6.598983918589758,6.721187208872257,6.59025532025217,6.712458610534668,54950231,368851151.22681904,1.0
2022-03-31,6.677543545769548,6.773560627132423,6.660085932451056,6.686272144317627,50629320,338521412.0017433,1.0
2022-04-01,6.677543637409619,6.76483170519999,6.642628410293471,6.738645076751709,53816300,362648945.043993,1.0
2022-04-06,6.738645105058341,7.175086278288205,6.721187491426933,7.140171051025391,154877658,1105852970.102211,1.0
2022-04-07,7.087797352877987,7.236187267622711,7.070340156555176,7.070340156555176,116422560,823147101.0969543,1.0
2022-04-08,7.227459276620911,7.393307243616543,7.210002077826224,7.384578227996826,181938119,1343536272.4100957,1.0
2022-04-11,7.419492466254623,7.498051931441402,7.323475804606692,7.393306255340576,145948030,1079038483.153634,1.0
2022-04-12,7.332203765536369,7.471865495237732,7.183813854089918,7.358390808105469,122440278,900963416.1770782,1.0
2022-04-13,7.288560455676244,7.384577115696398,7.192542963211468,7.210000991821289,84459807,608955292.2390347,1.0
2022-04-14,7.24491650632825,7.288560747153563,7.131441813160301,7.227458477020264,82587419,596897141.5467744,1.0
2022-04-15,7.192543696204764,7.375848853065443,7.157628467871525,7.175086498260498,86152301,618150211.6991744,1.0
2022-04-18,7.148899378473402,7.166357408681165,6.965594639737731,6.9830522537231445,84250465,588325399.4954729,1.0
2022-04-19,6.9917810102594045,7.105255705079288,6.965594382138534,7.079068660736084,55198917,390756923.44127226,1.0
2022-04-20,7.052882429206644,7.052882429206644,6.817204441664127,6.825933456420898,76880496,524781149.79263306,1.0
2022-04-21,6.817204680052875,6.843391309016569,6.65135713987573,6.660086154937744,53559920,356713681.6515732,1.0
2022-04-22,6.6251709786676205,6.834662347117303,6.607713364630148,6.782289505004883,56562747,383624925.3523464,1.0
2022-04-25,6.721187278319386,7.017967116865703,6.572797775268555,6.572797775268555,86909047,571235590.7723103,1.0
2022-04-26,6.651357008961338,6.948136855670938,6.598984168287116,6.738645076751709,100381968,676438454.4578476,1.0
2022-04-27,6.948136518018638,7.0877974196962565,6.81720421458471,6.991780757904053,168942755,1181210703.5962987,1.0
2022-04-28,6.913221799764861,7.271103094679694,6.86957755667763,7.253645896911621,144280552,1046560034.0189438,1.0
2022-04-29,7.244917093754855,7.384578009764007,7.148899589665022,7.349662780761719,136459950,1002934615.5796052,1.0
2022-05-05,7.41076444241123,7.4893239180991875,7.358392013582423,7.384578227996826,130313175,962307834.9261404,1.0
2022-05-06,7.183814525604248,7.323476268360634,7.105255887887434,7.183814525604248,98446011,707217883.8095956,1.0
2022-05-09,7.183815072642674,7.40203546973308,7.17508688941707,7.3147478103637695,61658453,451016034.0721674,1.0
2022-05-10,7.192543480110279,7.506781358113094,7.18381446517805,7.471866130828857,110024316,822086960.2880116,1.0
2022-05-11,7.454408052816283,7.515509492057872,7.306018129705558,7.332204341888428,100417175,736279246.5351701,1.0
2022-05-12,7.306017586481439,7.402034245642623,7.201271913093434,7.288560390472412,54387805,396408801.2477374,1.0
2022-05-13,7.288560678971361,7.410763553205481,7.244916438554327,7.306017875671387,46858070,342345897.03946114,1.0
2022-05-16,7.314747406683721,7.358391650182152,7.183814676188431,7.236187934875488,46454417,336152891.8170748,1.0
2022-05-17,7.236187748999655,7.262373961448186,7.113984036832036,7.1925435066223145,39014811,280615725.52014685,1.0
2022-05-18,7.175086384812683,7.210001612593865,7.0441536562997324,7.052882671356201,55516603,391552087.2712617,1.0
2022-05-19,6.991780566317423,7.306017586481439,6.965593939859268,7.288560390472412,70756477,515712855.63157225,1.0
2022-05-20,7.29728886109905,7.332204086943748,7.244916438554327,7.306017875671387,65542872,478857394.4548416,1.0
2022-05-23,7.297289485861942,7.297289485861942,7.113984326372307,7.148899555206299,60408388,431853498.1039295,1.0
2022-05-24,7.140170873576693,7.157628070551911,6.939407697471397,6.956865310668945,63118086,439104022.9692192,1.0
2022-05-25,6.93940775595884,7.026696238904604,6.921950142614154,7.017967224121094,51706458,362874227.5193939,1.0
2022-05-26,7.061611463618615,7.157628128876362,7.052882448837547,7.079068660736084,61988712,438822348.4385948,1.0
2022-05-27,7.113984107971191,7.131442138074581,7.03542546984002,7.113984107971191,54338318,386561930.7058849,1.0
2022-05-30,7.1139839236757325,7.140170968152412,6.983052031071019,7.009238243103027,54067173,378969696.6880674,1.0
2022-05-31,6.991781177551521,7.009238375086687,6.869577465026605,6.930679321289063,81053713,561757292.6027985,1.0
2022-06-01,6.913221521077055,6.956865346182553,6.852119666462557,6.887034893035889,51930421,357646621.43704367,1.0
2022-06-02,6.913221615907252,6.930679229433388,6.852119760454608,6.8783063888549805,42314966,291055300.9819813,1.0
2022-06-06,6.878306296294532,6.878306296294532,6.764831601790493,6.825933456420898,74081808,505677491.73934937,1.0
2022-06-07,6.808476062098002,6.8783065175086735,6.791018448245334,6.860848903656006,50869573,349008454.1464992,1.0
2022-06-08,6.887035058737331,6.904492672444025,6.738645134119255,6.799746990203857,64348267,437551934.8580842,1.0
2022-06-09,6.773560868022077,6.904492764455965,6.773560868022077,6.85211992263794,76134322,521681504.572732,1.0
2022-06-10,6.808475968305474,6.869577407836914,6.791018354693299,6.869577407836914,57541782,395287725.6338768,1.0
2022-06-13,6.843390976197431,6.843390976197431,6.72991628324402,6.773560523986816,60771486,411639338.5536175,1.0
2022-06-14,6.729916501822317,6.81720456992058,6.703729873281668,6.808475971221924,46540980,316873144.00712013,1.0
2022-06-15,6.808476147144272,7.052882744134561,6.782289517926993,6.974323272705078,122570380,854845453.778305,1.0
2022-06-16,6.97432308950996,7.00923831673431,6.860848809141997,6.869577407836914,70508498,484363584.92131424,1.0
2022-06-17,6.843391507665796,6.895764350891113,6.79101866444048,6.895764350891113,48654228,335508090.9625282,1.0
2022-06-20,6.895763907790388,6.930679134363721,6.8259334546437245,6.887034893035889,46604393,320966080.7597575,1.0
2022-06-21,6.887034893035889,6.948136747650386,6.843391067930391,6.887034893035889,39325530,270836297.29712963,1.0
2022-06-22,6.895764073701849,6.904492672444025,6.791018391461681,6.799746990203857,36001958,244804205.5519457,1.0
2022-06-23,6.791018229838476,6.834662054955338,6.764831601790493,6.825933456420898,33655493,229730155.6610393,1.0
2022-06-24,6.817204733079829,6.834662347117303,6.764831890967409,6.782289505004883,55346070,375373069.7042656,1.0
2022-06-27,6.782288994712641,6.843390847357735,6.764831381988659,6.791018009185791,38185808,259320509.82331085,1.0
2022-06-28,6.7997472089026045,6.834662437438965,6.764831980366245,6.834662437438965,43581977,297868101.1512289,1.0
2022-06-29,6.843391067930391,6.948136747650386,6.834662053175891,6.887034893035889,78855021,543077281.1180778,1.0
2022-06-30,6.895764350891113,6.921950564392592,6.843391507665796,6.895764350891113,53679825,370163423.5970736,1.0
2022-07-01,6.9132217075315525,7.000510192541447,6.904492692541625,6.930679321289063,68157663,472378905.5414887,1.0
2022-07-04,6.904492598430858,6.965594453860475,6.878306386262691,6.939407825469971,50026500,347154285.5808735,1.0
2022-07-05,6.939408044563608,7.009238500846548,6.8957642174979465,6.974323272705078,55121252,384433430.6442413,1.0
2022-07-06,6.956865606273989,6.983052235294175,6.834662308698598,6.85211992263794,44298008,303535263.1499748,1.0
2022-07-07,6.860848716958024,6.869577315535662,6.808475876825194,6.817204475402832,32757841,223316900.2697344,1.0
2022-07-08,6.825933548276573,6.904492601033016,6.817204533402335,6.8783063888549805,43464469,298961934.81088924,1.0
2022-07-11,6.860848646193597,6.991780953286371,6.825933419798502,6.956865310668945,67391767,468835446.0669842,1.0
2022-07-12,6.948136452516983,7.148898788674769,6.939407438133263,7.070340156555176,83368346,589442564.5093861,1.0
2022-07-13,7.113983819723575,7.166357075466965,7.017967155379461,7.096526622772217,67756612,480836600.92684746,1.0
2022-07-14,7.105255875086509,7.105255875086509,6.921950306299136,6.930679321289063,61486982,426146554.6758728,1.0
2022-07-15,6.930679339418501,6.9481369532216775,6.729916572570801,6.729916572570801,61754940,415605594.14411545,1.0
2022-07-18,6.729916156540697,6.834661832884584,6.721187142067547,6.791018009185791,36588852,248475552.86743355,1.0
2022-07-19,6.799746956300927,6.825933584841576,6.756102714140626,6.808475971221924,35838338,244004463.1215296,1.0
2022-07-20,6.825933234633753,6.843390847357735,6.782288994712641,6.791018009185791,27295762,185366011.3164492,1.0
2022-07-21,6.782289448284066,6.791018463340977,6.70372997766126,6.721187591552734,47459988,318987482.4408417,1.0
2022-07-22,6.747374057769775,6.764831671240212,6.721187429452954,6.747374057769775,27053500,182540084.07187465,1.0
2022-07-25,6.756102690309783,6.782289318758064,6.729916478083841,6.738645076751709,23522542,158510061.8409853,1.0
2022-07-26,6.762086919242596,6.8071676706729765,6.744054704654825,6.789135456085205,30123093,204509758.73325205,1.0
2022-07-27,6.798151684196793,6.816183899675223,6.780119468718364,6.807168006896973,21126856,143814058.24951935,1.0
2022-07-28,6.816183942447308,6.8252002652040655,6.717006541732636,6.735038757324219,42990832,289544919.72961426,1.0
2022-07-29,6.744054683984566,6.762086898517069,6.617829182257048,6.635861396789551,47874700,317689873.6128807,1.0
2022-08-01,6.617829943297292,6.635862159903472,6.572749186820865,6.626845836639404,27528812,182429193.18982887,1.0
2022-08-02,6.590781400187281,6.590781400187281,6.392427017616807,6.47357177734375,57390455,371521229.7769165,1.0
2022-08-03,6.464555546883965,6.51865219385481,6.428491115570068,6.428491115570068,30392442,195377543.3774786,1.0
2022-08-04,6.455539560746435,6.482588100603386,6.428491450811439,6.47357177734375,19190718,124232490.4317627,1.0
2022-08-05,6.464555366921064,6.545700550079346,6.446523151766105,6.545700550079346,22373208,146448319.91263962,1.0
2022-08-08,6.518652297149354,6.572748944977414,6.518652297149354,6.536684513092041,19610896,128190240.17105864,1.0
2022-08-09,6.527667662942096,6.536683985146191,6.50061955617362,6.5096354484558105,18276430,118972896.59922124,1.0
2022-08-10,6.50061969325235,6.518651908118882,6.428490833786224,6.464555263519287,21604970,139666522.5316763,1.0
2022-08-11,6.482587724858138,6.56373290980368,6.482587724858138,6.55471658706665,22082042,144741526.97370243,1.0
2022-08-12,6.563733102690942,6.599797534855018,6.545700886608905,6.590781211853027,22116650,145766001.28912926,1.0
2022-08-15,6.58176531877298,6.617829750937056,6.545700886608905,6.590781211853027,24202114,159510838.23832512,1.0
2022-08-16,6.581764838821058,6.635861483122365,6.5457004092868525,6.563732624053955,20661404,135615931.49355888,1.0
2022-08-17,6.581764892983954,6.617829322814941,6.545700463152967,6.617829322814941,18808216,124469563.35463716,1.0
2022-08-18,6.590780822345695,6.599797144814832,6.518651962280273,6.518651962280273,22956734,149646959.13664627,1.0
2022-08-19,6.518652155962394,6.590781018170907,6.5096358332253645,6.55471658706665,20773279,136162956.42906332,1.0
2022-08-22,6.554716355649755,6.617829322814941,6.518651925818768,6.617829322814941,22923280,151702354.5590973,1.0
2022-08-23,6.599796912409935,6.599796912409935,6.545700269265825,6.5817646980285645,18380326,120974980.80505656,1.0
2022-08-24,6.57274860732934,6.617829359831188,6.518651962280273,6.518651962280273,23867666,155585007.80595016,1.0
2022-08-25,6.545700886608905,6.599797534855018,6.518652347524876,6.590781211853027,23663243,155959257.37591267,1.0
2022-08-26,6.590781354350325,6.599797677547254,6.554716921406511,6.572749137878418,18067323,118751981.67202093,1.0
2022-08-29,6.536684563606913,6.599797534855018,6.518652347524876,6.590781211853027,20624333,135930466.44340038,1.0
2022-08-30,6.581765368808067,6.653894233684548,6.572749045737533,6.644877910614014,27201066,180747762.6085539,1.0
2022-08-31,6.662909702396953,6.73503856267873,6.644877487326509,6.698974132537842,47331897,317075153.6469455,1.0
2022-09-01,6.717005926581327,6.807167426204077,6.707990034572188,6.75307035446167,57236603,386522806.9093919,1.0
2022-09-02,6.76208729567256,6.780119511264142,6.680942110549471,6.735038757324219,35693211,240395159.4583512,1.0
2022-09-05,6.744054844706278,6.789135597072835,6.698974092339721,6.771103382110596,28548808,193306930.40402603,1.0
2022-09-06,6.789135456085205,6.8071676706729765,6.753070596987756,6.789135456085205,31140498,211417059.0919504,1.0
2022-09-07,6.789135741732093,6.834216065137281,6.735038665770787,6.7801194190979,32276702,218839894.01463604,1.0
2022-09-08,6.807168292988786,6.834216402382244,6.744055321200805,6.798151969909668,26119257,177562678.42712688,1.0
2022-09-09,6.7981521612086215,6.852248811439757,6.780119944464911,6.834216594696045,38542848,263410171.40844727,1.0
2022-09-13,6.861264798495082,6.915361446074885,6.807168150915279,6.816184043884277,34239160,233380416.0680008,1.0
2022-09-14,6.76208748725114,6.807168242468259,6.707990838943764,6.744055271148682,26776159,180579896.2450652,1.0
2022-09-15,6.762087203751441,6.8252001724250135,6.70799055771206,6.7801194190979,33639506,228079867.8794604,1.0
2022-09-16,6.77110305763805,6.780118949726168,6.509635308332288,6.52766752243042,57136770,372969837.8655768,1.0
2022-09-19,6.536684177296629,6.590780822345695,6.464555317231207,6.518651962280273,30241412,197133239.6759262,1.0
2022-09-20,6.536684606782187,6.563733146044874,6.473571635117217,6.491603851318359,28036900,182004448.0190277,1.0
2022-09-21,6.482587202146037,6.554716058538566,6.4194742378416265,6.52766752243042,23354816,152452473.89553833,1.0
2022-09-22,6.500620317200702,6.518652533798018,6.455539560746435,6.47357177734375,20157663,130492078.29400636,1.0
2022-09-23,6.473571350233309,6.554716534528446,6.455539134825715,6.500619888305664,24929119,162054726.7693386,1.0
2022-09-26,6.473571189255663,6.491603404214852,6.311281254622963,6.338329792022705,36469701,231156992.35446024,1.0
2022-09-27,6.347346021960854,6.401442669714153,6.311281590125322,6.383410453796387,18066713,115327244.62993908,1.0
2022-09-28,6.356362293655036,6.392426725199926,6.320297862110145,6.3293137550354,18883303,119518349.41840124,1.0
2022-09-29,6.365378569851775,6.392427110100056,6.221120834986182,6.2481689453125,28649805,179008821.8902588,1.0
2022-09-30,6.23915276812717,6.320297955260077,6.230136445147094,6.284233093261719,22601202,142031221.55589294,1.0
2022-10-10,6.302264597288064,6.374393883213877,6.284232383287083,6.3202972412109375,28433372,179707362.60992432,1.0
2022-10-11,6.302265309299926,6.329313848318209,6.248168661185303,6.284233093261719,19633842,123383639.64427184,1.0
2022-10-12,6.2932495145422935,6.374394702942688,6.248168758781641,6.365378379821777,19605540,124796680.44073103,1.0
2022-10-13,6.3293138972383725,6.347346113415954,6.275217248705628,6.311281681060791,24629409,155443137.83705378,1.0
2022-10-14,6.347345738044764,6.410458705894879,6.329313522933576,6.392426490783691,28594041,182785305.166955,1.0
2022-10-17,6.356362060561318,6.419474598489512,6.33832984545013,6.392426490783691,25558991,163383971.14610195,1.0
2022-10-18,6.419474260414825,6.428490582456544,6.365377617930204,6.374393939971924,17664602,112601131.94081593,1.0
2022-10-19,6.374394221941083,6.392426436900272,6.329313469582152,6.338329792022705,16731974,106052769.28354932,1.0
2022-10-20,6.320297862110145,6.356362293655036,6.293249323490509,6.3293137550354,20623462,130532361.71304987,1.0
2022-10-21,6.401442023743495,6.717005985421757,6.392426131655376,6.52766752243042,98572081,643445771.7620807,1.0
2022-10-24,6.518652235607044,6.58176520577157,6.3293137550354,6.3293137550354,54725472,346374682.68040466,1.0
2022-10-25,6.356362060561318,6.4375068136007,6.329313522933576,6.392426490783691,28877566,184597717.88775444,1.0
2022-10-26,6.392426776716239,6.446523424469538,6.365378237878621,6.383410453796387,33555001,214195344.1605482,1.0
2022-10-27,6.40144243643213,6.455539082214033,6.383410221171495,6.446523189544678,31923812,205797594.35666463,1.0
2022-10-28,6.419474401993677,6.482587367911946,6.347345543756744,6.3563618659973145,32393903,205907369.720016,1.0
2022-10-31,6.311281870178965,6.311281870178965,6.158007813115677,6.194072246551514,55221455,342045681.8296933,1.0
2022-11-01,6.1940719217810924,6.3293137550354,6.1940719217810924,6.3293137550354,32364159,204842916.72885275,1.0
2022-11-02,6.320297577063516,6.36537789950053,6.293249039663774,6.338329792022705,24313662,154108008.20777035,1.0
2022-11-03,6.311281345467768,6.329313560686514,6.275216915030278,6.293249130249023,22704064,142882331.02111816,1.0
2022-11-04,6.275216547122504,6.392426154133464,6.275216547122504,6.374393939971924,35313742,225103703.002532,1.0
2022-11-07,6.356362060561318,6.419474598489512,6.356362060561318,6.392426490783691,31305972,200121124.7325325,1.0
2022-11-08,6.392427111138572,6.419475221469283,6.365378570885897,6.401443004608154,23813909,152443381.18042517,1.0
2022-11-09,6.410458992634005,6.4735715333852175,6.383410453796387,6.383410453796387,24858581,158682525.82194424,1.0
2022-11-10,6.356361725810383,6.392426154133464,6.302264653403865,6.374393939971924,22249765,141828767.1817994,1.0
2022-11-11,6.464555884006071,6.536684750395334,6.410459234214123,6.47357177734375,52421450,339354019.2474365,1.0
2022-11-14,6.536684319120853,6.626845396158823,6.491603565640903,6.500619888305664,47710568,310148267.2231598,1.0
2022-11-15,6.491603233969524,6.527667662942096,6.455538804996953,6.5096354484558105,41754653,271807569.30677176,1.0
2022-11-16,6.509635585724658,6.52766780059119,6.455538941125064,6.464555263519287,28292800,182900369.1596985,1.0
2022-11-17,6.473571920364844,6.473571920364844,6.419475269377736,6.455539703369141,22840105,147445204.65662003,1.0
2022-11-18,6.4645558346931455,6.47357172796205,6.401442862123001,6.419475078582764,31367155,201360669.8085428,1.0
2022-11-21,6.419474598489512,6.419474598489512,6.36537795315595,6.392426490783691,21471222,137253208.3022976,1.0
2022-11-22,6.392426437981652,7.032570714024025,6.383410115539574,6.771103382110596,232533125,1574505829.140246,1.0
2022-11-23,6.78011963225264,7.321086539575394,6.680942229768188,7.1497802734375,315142512,2253199715.6191406,1.0
2022-11-24,7.032571021763455,7.0415869146781445,6.8702806500796925,6.915361404418945,130105479,899726407.9800396,1.0
2022-11-25,6.897329339251924,7.167812581426895,6.879297123106926,7.077651500701904,130109609,920870469.394588,1.0
2022-11-28,6.942409423397676,7.167812332338144,6.906344992360955,6.987490177154541,99091299,692399478.4039836,1.0
2022-11-29,7.104699822134014,7.501408565165558,7.0506031753569856,7.348134517669678,230808282,1696010303.928237,1.0
2022-11-30,7.285021785171906,7.375183290668345,7.239941032423686,7.312069892883301,87406638,639123446.1579494,1.0
2022-12-01,7.33010271468349,7.348134500311305,7.104699805350704,7.140764236450195,114178379,815320885.339056,1.0
2022-12-02,7.104699614986808,7.158796260186576,7.014538539653863,7.131747722625732,74404074,530631085.30357647,1.0
2022-12-05,7.312069410956212,7.844020366668701,7.303053948875837,7.844020366668701,285137011,2236620521.575037,1.0
2022-12-06,7.925166219178282,8.186633558338098,7.807956603714383,7.853037357330322,382289243,3002131706.5845294,1.0
2022-12-07,7.844020756946977,8.078439979575943,7.699763038358022,7.916149616241455,238944152,1891517657.15794,1.0
2022-12-08,7.889101894399833,8.042375942849967,7.771892277358914,7.988278865814209,183774397,1468041131.6328502,1.0
2022-12-09,8.006311504253816,8.03335961282548,7.690747084823545,7.907134532928467,173367634,1370841205.6935034,1.0
2022-12-12,7.771892736291558,7.871069713562365,7.600586891943087,7.6276350021362305,143511264,1094651540.4872131,1.0
2022-12-13,7.5825542452517105,7.690747545868206,7.501409054828359,7.6276350021362305,110176361,840385067.5715971,1.0
2022-12-14,7.582553378970381,7.636650453020179,7.447311983611619,7.528457164764404,84081766,633005973.6687441,1.0
2022-12-15,7.537472913248708,7.582553666693511,7.438295943545226,7.5194411277771,58908755,442960915.13314486,1.0
2022-12-16,7.474359812600066,7.663698274963504,7.465343490619952,7.564521312713623,82854921,626757815.7677035,1.0
2022-12-19,7.492393087269051,7.546489304015967,7.131747916299545,7.167812347412109,145621313,1043786245.3677636,1.0
2022-12-20,7.1497799878672765,7.248957386390473,7.140764095231671,7.158796310424805,66768311,477980738.4400959,1.0
2022-12-21,7.185844703193188,7.185844703193188,7.086667730659259,7.122732162475586,42025852,299338887.6958389,1.0
2022-12-22,7.167812094929059,7.257973599456501,7.005522160639111,7.050602912902832,72149334,508696304.46439934,1.0
2022-12-23,7.005522301043501,7.086667484775742,6.978473763158779,7.032570838928223,37507760,263775979.20951843,1.0
2022-12-26,7.04158701795671,7.059619233972501,6.897329289830377,7.023554801940918,58131408,408289129.8019867,1.0
2022-12-27,7.041586590481321,7.113715450165743,7.005522160639111,7.050602912902832,64555325,455153962.488389,1.0
2022-12-28,7.014538715393047,7.041586823709622,6.93339353059946,6.987490177154541,44697064,312320295.64764786,1.0
2022-12-29,6.960442160940043,6.969458484336401,6.861265183111883,6.888313293457031,44824558,308765598.7447357,1.0
2022-12-30,6.906345132622935,6.996506641967771,6.888312916738356,6.969458103179932,43531376,303390101.2057724,1.0
2023-01-03,6.951425709832996,7.158796402172678,6.9063449563114405,7.113715648651123,79739271,567242499.9247327,1.0
2023-01-04,7.0956836256974185,7.185844705264221,7.059619193870697,7.1497802734375,62025053,443465500.3983154,1.0
2023-01-05,7.140764045119987,7.2309255503748515,7.104699614986808,7.131747722625732,60883800,434207901.99480057,1.0
2023-01-06,7.122731772587254,7.149779880007953,7.023554375560217,7.050602912902832,57971334,408732856.365263,1.0
2023-01-09,7.059618609205413,7.08666714579631,6.996506073696491,7.014538288116455,48727855,341803404.59528685,1.0
2023-01-10,7.0325710737369285,7.041586966718249,6.924377348507514,6.969458103179932,43395476,302442951.84955025,1.0
2023-01-11,6.978473946895414,7.0145388083319045,6.933393622463188,6.942409515380859,40575156,281689349.1024628,1.0
2023-01-12,6.9333935681217485,6.960441676584703,6.825200274426064,6.861264705657959,62980517,432125998.4361911,1.0
2023-01-13,6.852248294210962,6.933393478393555,6.825200186098049,6.933393478393555,43049381,298478297.4742794,1.0
2023-01-16,6.924377539289008,7.095683809873337,6.870280890144791,7.005522727966309,85227834,597065528.1423397,1.0
2023-01-17,6.996506641967771,7.00552253494909,6.933393671410774,6.969458103179932,34900479,243237426.17141104,1.0
2023-01-18,6.969458103179932,7.01453885785235,6.960441780276673,6.969458103179932,30654041,213642054.44265985,1.0
2023-01-19,6.951425937877752,7.023554801940918,6.897329289830377,7.023554801940918,44022668,309195621.2256508,1.0
2023-01-20,7.0325708559249165,7.239941117213959,7.014538640598829,7.212893009185791,95266882,687149827.1847277,1.0
2023-01-30,7.285022105649056,7.285022105649056,7.113715839560534,7.122732162475586,83079890,591755804.5579338,1.0
2023-01-31,7.1227318300533975,7.158796260186576,7.086667399920219,7.131747722625732,42537490,303366647.43371487,1.0
2023-02-01,7.149780418693124,7.248957823192473,7.0596193372946,7.230926036834717,98415739,711636929.5694299,1.0
2023-02-02,7.20387682809039,7.239941259451093,7.149780181049336,7.194860935211182,70534110,507483112.6388884,1.0
2023-02-03,7.176828614774938,7.185844507522548,7.050603106854917,7.086667537689209,66898735,474089093.6369729,1.0
2023-02-06,7.041586786954177,7.176828617596914,7.014538678778787,7.113715648651123,58225994,414203164.6760664,1.0
2023-02-07,7.095683584634632,7.257973956837641,7.086667691691097,7.248957633972168,86420369,626457593.5932417,1.0
2023-02-08,7.230925546992823,7.248957332129059,7.095683289173781,7.104699611663818,69614842,494592540.9234381,1.0
2023-02-09,7.086667589800958,7.158796451999941,7.07765126706512,7.140764236450195,44634601,318725162.5290241,1.0
2023-02-10,7.131747965368985,7.239941259451093,7.113715749688633,7.194860935211182,59619950,428957249.2142439,1.0
2023-02-13,7.18584504133303,7.303055095134482,7.131748391062947,7.266990661621094,85675610,622603857.7986908,1.0
2023-02-14,7.2579741462933,7.266990469394126,7.185844851252533,7.230926036834717,46957275,339544582.4163079,1.0
2023-02-15,7.221909424002887,7.230925746741994,7.149780131855827,7.167812347412109,44144700,316420925.73280334,1.0
2023-02-16,7.176828670151216,7.348134502974932,7.12273202348237,7.167812347412109,119132685,853920730.5233574,1.0
2023-02-17,7.158796832483045,7.185844942284279,7.050603533434201,7.059619426727295,70595020,498373974.6222019,1.0
2023-02-20,7.08666732781215,7.348134228656261,7.059618790526531,7.330102443695068,133535709,978830426.8614537,1.0
2023-02-21,7.357150745840226,7.429279607282279,7.2760055617569535,7.366167068481445,84435333,621964769.3608646,1.0
2023-02-22,7.330102827775056,7.438296122742776,7.312070182025164,7.375183582305908,66725010,492109198.2811976,1.0
2023-02-23,7.375183483387997,7.38419894629815,7.294038298289578,7.321086406707764,51282901,375446549.40764,1.0
2023-02-24,7.3120696973623875,7.321086019639708,7.221909054120637,7.276005268096924,45017627,327548491.2092223,1.0
2023-02-27,7.2579741462933,7.321086688311293,7.221909713733891,7.230926036834717,38497489,278372495.5628581,1.0
2023-02-28,7.239941032423686,7.312069892883301,7.176828494482482,7.312069892883301,51519335,376712978.3548689,1.0
2023-03-01,7.294038309856457,7.492393111540047,7.294038309856457,7.474360466003418,115900902,866285119.8829365,1.0
2023-03-02,7.45632787236558,7.8620528946940755,7.447311550574247,7.735826969146728,218440374,1689816936.3396978,1.0
2023-03-03,7.780909434852122,8.07844124085619,7.681732452798753,8.006312370300293,223729759,1791250337.0860033,1.0
2023-03-06,8.069423945669685,8.087456591059851,7.825989251809455,7.880085468292236,163990676,1292260542.8830204,1.0
2023-03-07,7.880085373929775,8.168601677810495,7.871069051342661,7.898118019104004,235882761,1863029885.0501032,1.0
2023-03-08,7.816972649672505,7.934182260986987,7.753860112750793,7.916149616241455,101006937,799586025.5702748,1.0
2023-03-09,7.898118206280221,7.898118206280221,7.735827835241463,7.835004806518555,90023698,705336106.5305748,1.0
2023-03-10,7.735828110805566,7.816973299215483,7.627634812873644,7.645666599273682,100249824,766476730.9398651,1.0
2023-03-13,7.7718925568800925,8.060408018530465,7.7718925568800925,8.051392555236816,170213449,1370455296.0797815,1.0
2023-03-14,7.997295760801679,8.258763122186394,7.961231326812198,8.042376518249512,185853219,1494701564.326684,1.0
2023-03-15,8.042375534067244,8.646455374349976,7.880085171052831,8.574326515197754,320568478,2748658800.851988,1.0
2023-03-16,8.484165769895025,8.808746524944244,8.457117660255559,8.691536903381348,284769389,2475083653.4468584,1.0
2023-03-17,8.691536067087513,9.142341863640612,8.610390886132945,8.853825569152832,282216628,2498696797.026493,1.0
2023-03-20,8.989068397826346,9.367745359890629,8.718584730659876,8.75464916229248,325342963,2848263498.4857035,1.0
2023-03-21,8.745632054672985,8.880874306042797,8.46613294956088,8.610390663146973,188560394,1623578655.9369144,1.0
2023-03-22,8.601375866677891,8.781698040643517,8.412037369052996,8.565311431884766,163696456,1402111125.9358215,1.0
2023-03-23,8.538262393468404,8.880874916716257,8.484165317231856,8.844810485839844,215994469,1910430144.294609,1.0
2023-03-24,8.79071299230421,8.835793743720687,8.484164914484746,8.547277450561523,183558816,1568928128.8485718,1.0
2023-03-27,8.502197621675576,8.538262051105898,8.204665863914467,8.29482650756836,161560372,1340115256.238205,1.0
2023-03-28,8.375972074667278,8.439084614117272,8.276795104125307,8.312859535217285,97563687,811033225.7689047,1.0
2023-03-29,8.240730650687334,8.276795081681517,7.970246988309037,8.03335952758789,143313086,1151285544.8461227,1.0
2023-03-30,8.042375385921204,8.15958499484544,7.898117670274084,8.132536888122559,106384603,865176708.2257738,1.0
2023-03-31,8.177616106455204,8.222696853846251,8.024342081231884,8.123519897460938,84079143,683018591.1219635,1.0
2023-04-03,8.12352189747313,8.375972941235243,8.114505573806353,8.285811424255371,112753238,934252067.5421848,1.0
2023-04-04,8.294826773479548,9.11529321420431,8.276794988108245,9.097261428833008,342194912,3113036574.0805054,1.0
2023-04-06,9.088245676746912,9.322664920196647,8.907923512494772,9.052181243896484,238547676,2159376798.4622955,1.0
2023-04-07,9.016116609065064,9.088245473150073,8.754649261795931,8.835794448852539,110983829,980630300.1905994,1.0
2023-04-10,8.844810688521001,9.25053576013891,8.817761719860965,9.034149169921877,156396145,1412906103.5307312,1.0
2023-04-11,9.016117383136836,9.061198142021311,8.844811531188578,8.980052947998047,94927130,852450653.6014938,1.0
2023-04-12,9.007100205515028,9.187422364114372,8.817761724024749,9.088245391845703,120754756,1097448854.7604525,1.0
2023-04-13,8.998083317610627,9.25955150596624,8.962018888155338,9.106277465820312,120486236,1097181095.828308,1.0
2023-04-14,9.097260805027682,9.412824336059806,8.971034876708558,9.36774444580078,202937304,1901064802.391785,1.0
2023-04-17,9.304632292026383,9.88166407860439,9.24151974937582,9.665277481079102,261019588,2522826746.016945,1.0
2023-04-18,9.64724419399707,9.998873036505966,9.557083547604632,9.935760498046877,206870412,2055414867.7642825,1.0
2023-04-19,9.87264746746632,10.14313113640592,9.701341631049438,9.728389739990234,164520536,1600519894.440094,1.0
2023-04-20,9.692325076165517,10.440662664421486,9.647244322447138,10.37755012512207,224215577,2326808389.150667,1.0
2023-04-21,10.287388512997635,10.620984711368688,10.143130790441925,10.269356727600098,213258701,2190029675.833608,1.0
2023-04-24,10.242307866593745,10.71114632963495,10.17919532727814,10.404598236083984,203878438,2121273236.390358,1.0
2023-04-25,10.413614740056136,10.593936898270693,10.061985886654844,10.260340690612791,166908152,1712534503.560585,1.0
2023-04-26,10.242307332612654,10.260339977102046,9.755437109368687,9.91772747039795,211736661,2099946499.290038,1.0
2023-04-27,9.827566452965003,10.4136145301545,9.782486559202924,10.071002006530762,188589624,1899286481.714882,1.0
2023-04-28,10.161162935342738,10.81032265487851,9.87264664459414,10.729177474975586,208313920,2235037018.187866,1.0
2023-05-04,10.54885646954136,11.297194094125937,10.386566952058134,11.170969009399414,248938821,2780887854.627428,1.0
2023-05-05,11.134904094665712,11.720951316555963,10.954581078843606,11.07179069519043,213333604,2361985011.73864,1.0
2023-05-08,11.080806941539937,11.793080097625236,10.954581003303655,11.29719352722168,248373460,2805923044.645653,1.0
2023-05-09,11.324242649844845,11.702918750033364,10.69311380989495,10.792291641235352,238486682,2573817824.6945534,1.0
2023-05-10,10.819339433079962,10.882451971289566,10.251324009662005,10.494759559631348,222399904,2334033518.565094,1.0
2023-05-11,10.458696174872529,10.666066455347014,10.323453902531666,10.602953910827637,131102480,1390073553.035202,1.0
2023-05-12,10.494760508609229,10.620985596442209,9.863631630068644,9.90871238708496,246871805,2446181712.225523,1.0
2023-05-15,9.980840006423188,9.989856328667884,9.53003421231419,9.91772747039795,189249305,1876923030.95222,1.0
2023-05-16,9.881663976490971,9.944776518489356,9.512003327910898,9.557084083557127,149453293,1428337687.7655,1.0
2023-05-17,9.502986624802164,9.638228026488848,9.331680792009438,9.539051055908203,117630672,1122084985.9487915,1.0
2023-05-18,9.548068235394815,9.971825983797512,9.466923043164094,9.737406730651855,174264257,1696881949.0238447,1.0
2023-05-19,9.656260666683425,9.656260666683425,9.313648141441464,9.484954833984377,146610762,1390596455.7460327,1.0
2023-05-22,9.367745684407826,9.49397076957269,9.259552385761983,9.33168125152588,114786490,1071150936.6614628,1.0
2023-05-23,9.340696519708032,9.512003217201096,9.196438791194222,9.22348690032959,111090107,1024638146.6707124,1.0
2023-05-24,9.097261112016538,9.196438077714443,8.817761139822338,8.853825569152832,189071914,1674009746.5818653,1.0
2023-05-25,8.799728506980768,8.889889141695615,8.727599655271396,8.880873680114746,123105355,1093283107.1006825,1.0
2023-05-26,8.853825848601096,8.889890279069872,8.700551804147835,8.7907133102417,98362915,864680186.1246729,1.0
2023-05-29,8.835794926417611,9.106278611277688,8.817762279499771,9.04316520690918,151948148,1374092205.247887,1.0
2023-05-30,8.953004641902568,9.584132673028115,8.953004641902568,9.430858612060549,206330236,1945871283.109085,1.0
2023-05-31,9.340695479832815,9.54806658636825,9.304631051719324,9.36774444580078,111456057,1044091858.9126052,1.0
2023-06-01,9.331680410182472,9.638227632118806,9.28659965818354,9.46692180633545,111613007,1056631609.8389713,1.0
2023-06-02,9.521019242494916,9.53905102807339,9.169390395354176,9.20545482635498,119289104,1098110458.1483612,1.0
2023-06-05,9.214471040169474,9.295616223923275,8.998083596878054,9.070213317871094,99618343,903559621.3828506,1.0
2023-06-06,9.070214271985462,9.4038105048531,9.034149837617177,9.151358604431152,100763792,922125594.9343108,1.0
2023-06-07,9.10627832309408,9.232503408148624,8.980052378195628,9.052181243896484,72228451,653825029.4178963,1.0
2023-06-08,9.016116550654486,9.493970487082889,8.998083904828116,9.44888973236084,134855998,1274239454.849474,1.0
2023-06-09,9.448889161598345,9.674292061749188,9.385776624706132,9.46692180633545,106334857,1006663776.5068616,1.0
2023-06-12,9.394792735179651,9.41282451966623,9.160373517947468,9.304631233215332,87889084,817775516.0450859,1.0
2023-06-13,9.268566972335334,9.349712153604727,9.025132288370976,9.133325576782228,98649082,900994183.7566872,1.0
2023-06-14,9.106277644298927,9.214470934785329,8.980051708809542,8.989068031311035,97822952,879337170.5516739,1.0
2023-06-15,8.980051149438282,9.088244433185274,8.89890597166709,9.061196327209473,82188074,744722274.2692204,1.0
2023-06-16,9.151357950951358,9.49397048290679,9.151357950951358,9.394793510437012,157536450,1480022418.1172848,1.0
2023-06-19,9.376760547833229,9.39479319304245,9.0341488872965,9.070213317871094,113631239,1030659577.3039932,1.0
2023-06-20,9.052181333351063,9.07021397987643,8.790713977640637,8.79973030090332,122741591,1080092897.5037825,1.0
2023-06-21,8.754648599562001,8.943987068423862,8.655471633908196,8.826777458190918,94460057,833777901.8270292,1.0
2023-06-26,8.691536304474928,8.700551767170923,8.403020002107052,8.430068969726562,105404287,888565409.1148529,1.0
2023-06-27,8.466133168810964,8.898906320776906,8.42105241718689,8.853825569152832,115027275,1018431428.5449744,1.0
2023-06-28,8.826778315414392,8.85382642506609,8.691536907311992,8.77268123626709,62197903,545642376.5832605,1.0
2023-06-29,8.709568126725992,8.853825848601096,8.691536341413528,8.7907133102417,52201581,458889132.9123602,1.0
2023-06-30,8.799728506980768,8.953002531824119,8.754647759701477,8.880873680114746,60909462,540929237.9457493,1.0
2023-07-03,8.898907378001626,9.27758436088203,8.880875591116041,9.214471817016602,126645382,1166970303.1943016,1.0
2023-07-04,9.17840605142456,9.322663764950136,9.124308978930571,9.19643783569336,72561011,667302826.956562,1.0
2023-07-05,9.187422180932648,9.376760658647838,9.151357749931844,9.20545482635498,83392900,767669573.7887383,1.0
2023-07-06,9.223486224382734,9.250535191379694,9.097261151105547,9.16037368774414,53188022,487222157.2319565,1.0
2023-07-07,9.124310021289029,9.322664829968588,9.088245588787643,9.25053596496582,57450557,531448443.73581886,1.0
2023-07-10,9.28659916948764,9.36774434684679,9.223485776072865,9.34069538116455,53257607,497463083.7167769,1.0
2023-07-11,9.331680869501652,9.367745300907178,9.232503038253553,9.313648223876951,47483408,442243758.5828247,1.0
2023-07-12,9.2685674473061,9.349712632733803,8.989068319548302,9.007100105285645,77369892,696878362.379139,1.0
2023-07-13,9.061197385673497,9.24151954631576,9.061197385673497,9.22348690032959,65942213,608217137.7842436,1.0
2023-07-14,9.214471247758311,9.2956164333402,9.124309739368693,9.259552001953123,50577719,468327019.2206726,1.0
2023-07-17,9.196438225446444,9.268567085266112,9.097261258155353,9.268567085266112,40628456,376567570.0067825,1.0
2023-07-18,9.268568037517277,9.331681441226625,9.178407383401511,9.214471817016602,39547482,364409158.32297134,1.0
2023-07-19,9.16037435906577,9.24151954631576,9.124309926937318,9.22348690032959,35169071,324381465.66526127,1.0
2023-07-20,9.232502825534848,9.277583578714054,9.061196995266483,9.070213317871094,46552911,422244833.3378677,1.0
2023-07-21,9.025132363657384,9.070213115832418,8.853825677361021,8.962018966674805,75399845,675734840.9743404,1.0
2023-07-24,8.971036055022045,9.151358219274186,8.916939835668355,9.052181243896484,52375333,474111007.0254326,1.0
2023-07-25,9.223487093036132,9.340696714863435,9.178407196816623,9.33168125152588,92956795,867443181.1034346,1.0
2023-07-26,9.313648698656234,9.367745778444151,9.16037464240837,9.187422752380373,58382026,536380354.0024624,1.0
2023-07-27,9.169389610956468,9.214470360811992,9.034148221233671,9.061196327209473,64398570,583528085.9615421,1.0
2023-07-28,9.02513341916768,9.331681537996827,8.943988227731264,9.322665214538574,99110474,923973768.3562298,1.0
2023-07-31,9.33168034459756,9.908711214628182,9.33168034459756,9.6923246383667,143109093,1387059788.058211,1.0
2023-08-01,9.683308319937264,9.899694896285355,9.62019578346336,9.719372749328612,107623339,1046031348.2683554,1.0
2023-08-02,9.765656049943017,9.867477736511816,9.673090238318284,9.710116386413574,70200906,681658967.691679,1.0
2023-08-03,9.710116896998064,9.858221497166976,9.515729388583104,9.78416919708252,80657962,789171147.2998524,1.0
2023-08-04,9.830452410722376,9.969301139774004,9.737887474127698,9.756400108337402,75891177,740424687.504653,1.0
2023-08-07,9.728630086261006,9.728630086261006,9.54349934227526,9.599038124084473,52023943,499379812.22219753,1.0
2023-08-08,9.589780807495115,9.70085924741518,9.543498786274816,9.589780807495115,41950512,402296214.8421936,1.0
2023-08-09,9.534242539372338,9.821194970502312,9.534242539372338,9.663833618164062,59553070,575510959.9308777,1.0
2023-08-10,9.645320728033584,9.728629780905582,9.552754917559591,9.62680721282959,48602073,467882786.9148703,1.0
2023-08-11,9.617551754774691,9.728630202493244,9.339855194091797,9.339855194091797,67200779,627645544.790165,1.0
2023-08-14,9.210263006021805,9.61755152050872,9.163980099906516,9.515728950500488,73708888,701393799.450798,1.0
2023-08-15,9.469446648605498,9.552755708374145,9.349112320909748,9.460190773010254,45580186,431197255.0292912,1.0
2023-08-16,9.450934298784563,9.4694469333047,9.33059908469787,9.36762523651123,33483344,313659418.2571869,1.0
2023-08-17,9.312085872250286,9.49721661982749,9.275059722734843,9.487959861755373,41923086,397764557.2489185,1.0
2023-08-18,9.469445751596796,9.626807097859468,9.256545625931404,9.265802383422852,69117585,640429883.8294315,1.0
2023-08-21,9.247289657592772,9.46944655970822,9.219520265521608,9.247289657592772,48408652,447648826.9776077,1.0
2023-08-22,9.247289448518488,9.515729253198693,9.228776815147285,9.487959861755373,70390165,667859060.1823378,1.0
2023-08-23,9.4509334005168,9.469446033277396,9.163980089157029,9.173236846923828,62303200,571522009.9212646,1.0
2023-08-24,9.201006619003357,9.28431567681325,8.25683935696164,8.266096115112305,248230766,2051899370.483952,1.0
2023-08-25,8.155017550242265,8.293865389445575,8.099477884897121,8.18278694152832,93234502,762918065.4654961,1.0
2023-08-28,8.70115261214969,8.70115261214969,8.14576039935015,8.19204330444336,123330563,1010329312.85738,1.0
2023-08-29,8.1550169799074,8.37717386020499,8.1550169799074,8.303121566772461,81372420,675645095.4424667,1.0
2023-08-30,8.321635233943443,8.33089199246728,8.080964808962182,8.108735084533691,78423651,635916610.3209257,1.0
2023-08-31,8.145761489868164,8.28460934096313,8.08096506095382,8.145761489868164,66537703,542000258.7216854,1.0
2023-09-01,8.192044207587088,8.358661448409414,8.192044207587088,8.256839752197266,86554301,714664993.2204475,1.0
2023-09-04,8.284608265563776,8.441969613857138,8.266095633114967,8.404943466186523,69349383,582877643.5299168,1.0
2023-09-05,8.367917899680455,8.395687291668795,8.247582690700247,8.284608840942383,52859861,437923271.7715855,1.0
2023-09-06,8.256839193575402,8.266095951542894,8.173530137414025,8.24758243560791,36015702,297042471.2212887,1.0
2023-09-07,8.23832572410043,8.312378022711933,8.173530183508625,8.18278694152832,39720517,325024527.81835365,1.0
2023-09-08,8.164272773616519,8.201298919965936,8.099477238198281,8.155016899108887,37158132,303025194.3993187,1.0
2023-09-11,8.136504287636704,8.247582739013803,8.127247529328681,8.219813346862793,41771493,343353875.6797857,1.0
2023-09-12,8.21981295191458,8.330891397954547,8.182786803234592,8.229069709777832,47128853,387826616.6788721,1.0
2023-09-13,8.229069684091412,8.284608465551525,8.145760629128226,8.164273262023926,44843201,366112146.9078646,1.0
2023-09-14,8.164273425488929,8.219813090834071,8.14576079222257,8.18278694152832,45114965,369166146.4695072,1.0
2023-09-15,8.201299597324692,8.238325746732158,8.006912092242231,8.053194999694824,73427692,591327522.0535316,1.0
2023-09-18,7.988399366945064,8.062451664907345,7.969885851067981,8.034682273864746,35932048,288702589.1292572,1.0
2023-09-19,8.043938241649698,8.099477907147417,8.016168850287357,8.053194999694824,33822363,272378084.58946323,1.0
2023-09-20,8.053194906968804,8.071708422845887,8.016168757987664,8.034682273864746,22078604,177394568.19047928,1.0
2023-09-21,8.02542531433676,8.062451462387846,7.942116260528564,7.942116260528564,35839242,284639426.65321827,1.0
2023-09-22,7.923603737741741,8.164273262023926,7.923603737741741,8.164273262023926,54186228,442391172.4303322,1.0
2023-09-25,8.145760945375024,8.155017703568761,7.979142828979958,7.997656345367432,42414280,339214835.57619095,1.0
2023-09-26,8.006912186604463,8.025425702912898,7.9236040115356445,7.9236040115356445,38094260,301843831.35248184,1.0
2023-09-27,7.951373309517549,8.117991423237667,7.951373309517549,8.053194999694824,52052478,419188755.5513248,1.0
2023-09-28,8.062452407305539,8.090221800905171,8.00691273733317,8.080965042114258,34874392,281818742.61698914,1.0
2023-10-09,8.053194742585708,8.07170825808489,7.914346907433871,8.016168594360352,50165251,402133109.5944042,1.0
2023-10-10,8.043937951628717,8.080964099701221,7.405236676684777,7.470032215118408,168274914,1257019028.5762796,1.0
2023-10-11,7.488546011227802,7.636650609069092,7.488546011227802,7.571855068206787,71087772,538266306.7057285,1.0
2023-10-12,7.6088812059523026,7.803268711012972,7.6088812059523026,7.710702896118164,61507276,474264331.1855393,1.0
2023-10-13,7.655164125185772,7.664420000471075,7.5533415520901075,7.571855068206787,41852791,316903267.6519494,1.0
2023-10-16,7.571854822223052,7.599624212722903,7.516315158450345,7.544084548950195,30050497,226703490.1059742,1.0
2023-10-17,7.636650398387908,7.719959453068549,7.56259810151023,7.618136882781982,53437054,407090791.98461246,1.0
2023-10-18,7.608880970480522,7.608880970480522,7.516315158450345,7.544084548950195,37310473,281473362.87332344,1.0
2023-10-19,7.525572325458813,7.525572325458813,7.377467282988278,7.395980358123779,55203685,408285369.9560523,1.0
2023-10-20,7.358954302332414,7.442263362205015,7.312671834592717,7.3404412269592285,43275185,317658952.0782876,1.0
2023-10-23,7.3126714974765665,7.358953963082629,7.146053385412507,7.22010612487793,47776346,344950288.3788872,1.0
2023-10-24,7.257132703066207,7.294158854295195,7.173823642107715,7.284902095794678,41839652,304797768.54212,1.0
2023-10-25,7.45152002491681,7.507058808936785,7.395980358123779,7.395980358123779,61269054,453144719.9448252,1.0
2023-10-26,7.331184896519062,7.405237197875977,7.303415062816953,7.405237197875977,39616614,293370423.6466942,1.0
2023-10-27,7.368210528612273,7.488545730541161,7.358953770900896,7.470032215118408,40423548,301965205.8093853,1.0
2023-10-30,7.405237070228852,7.479289370309297,7.340441086965201,7.38672399520874,51985051,383999223.6138501,1.0
2023-10-31,7.405236884600658,7.433006275741462,7.340440902961257,7.423750400543213,44571326,330886399.2452421,1.0
2023-11-01,7.414494098093271,7.442263490940133,7.321928278239621,7.358954429626465,37100581,273021484.89166546,1.0
2023-11-02,7.340441053085689,7.433006427759013,7.312671661376953,7.312671661376953,33866581,247655187.14642715,1.0
2023-11-03,7.312671579681936,7.34044097108044,7.284901746896914,7.303414821624756,42345580,309267336.6022968,1.0
2023-11-06,7.3311845971070895,7.433006286621094,7.284901689955986,7.433006286621094,68021602,505604995.292038,1.0
2023-11-07,7.414493969838503,7.423750728218363,7.312671834592717,7.3404412269592285,56506598,414783361.5544119,1.0
2023-11-08,7.321927629487236,7.340440703540324,7.275645165047766,7.331184387207031,45556525,333983284.8154068,1.0
2023-11-09,7.321928278239621,7.442263490940133,7.294158885392759,7.358954429626465,49678694,365583245.2693577,1.0
2023-11-10,7.340441065287397,7.340441065287397,7.201593223739872,7.247875690460205,56002300,405897708.77985954,1.0
2023-11-13,7.266388925466487,7.3404412269592285,7.229362774720117,7.3404412269592285,44960787,330032014.49133253,1.0
2023-11-14,7.34044095979916,7.414493699983238,7.321927885099771,7.368210792541504,37482722,276180596.77423286,1.0
2023-11-15,7.442263220269074,7.442263220269074,7.36821092018863,7.38672399520874,38546582,284732962.1926813,1.0
2023-11-16,7.386724007664909,7.386724007664909,7.303414949240662,7.321928024291992,31183790,228325465.9046364,1.0
2023-11-17,7.303415171409172,7.312671929909689,7.24787594456569,7.284902095794678,32193422,234525927.3986025,1.0
2023-11-20,7.284902095794678,7.312671929909689,7.229362868951196,7.284902095794678,32899254,239667844.41468143,1.0
2023-11-21,7.284901700711224,7.377467073763577,7.284901700711224,7.294158458709717,55893937,407699233.359138,1.0
2023-11-22,7.275645348437112,7.29415842295684,7.22010612487793,7.22010612487793,38648332,279045058.5895157,1.0
2023-11-23,7.220106252697696,7.247875644275641,7.1553102700382905,7.238619327545166,39347098,284818664.06561375,1.0
2023-11-24,7.229362709709061,7.266388860122469,7.17382348408895,7.192336559295654,34282309,246569904.35777044,1.0
2023-11-27,7.173823192399179,7.183079950319413,6.997948764393334,7.0812578201293945,65849982,466300699.9928799,1.0
2023-11-28,7.072001457214356,7.099771291139625,7.034975306238354,7.072001457214356,28912246,204467445.84333992,1.0
2023-11-29,7.072001036079746,7.081257793965778,6.923896440995303,6.942409515380859,51880201,360173601.0822716,1.0
2023-11-30,6.942409632135532,7.062744838358645,6.933152874093823,7.025718688964844,44272638,311047100.2063751,1.0
2023-12-01,7.034974687283568,7.192336035779795,6.99794853956522,7.183079719543457,63863259,458734880.5468512,1.0
2023-12-04,7.201593061022292,7.210849377602607,7.146053395994354,7.155310153961182,38123800,272787613.2475853,1.0
2023-12-05,7.146053453801439,7.155310211843148,7.025718688964844,7.025718688964844,31969570,224609205.4271698,1.0
2023-12-06,6.997948856226234,7.062744838358645,6.951666390177241,7.025718688964844,33636780,236322553.88259888,1.0
2023-12-07,7.007205741565636,7.090514358521872,7.007205741565636,7.04423189163208,32735641,230597446.32521868,1.0
2023-12-08,7.034975274189894,7.090514500400882,6.988692806374004,6.997949123382568,35861804,250959079.86471748,1.0
2023-12-11,6.970179730970341,7.016462198786231,6.8220746863545045,6.997949123382568,54674452,382609033.4448223,1.0
2023-12-12,6.970179762723619,7.072001457214356,6.94240992879835,7.072001457214356,43081305,304671051.7386961,1.0
2023-12-13,7.053488174353755,7.081258007462591,6.960922799635173,6.970179557800293,31247245,217798908.33657745,1.0
2023-12-14,6.9979489495226055,7.034975099410039,6.960922799635173,6.970179557800293,20771850,144783524.24769402,1.0
2023-12-15,6.988692550831449,7.034975016955015,6.95166640137799,6.960922718048096,26261177,182802023.5819821,1.0
2023-12-18,6.942409608114845,6.997948832013382,6.868357309583463,6.886870384216309,27982040,192708682.5659561,1.0
2023-12-19,6.868357449173708,6.905383599191906,6.785048390939498,6.840587615966797,30390843,207891224.2645912,1.0
2023-12-20,6.849844245986828,6.905383469974848,6.803561338636888,6.8220744132995605,24359786,166184272.78405285,1.0
2023-12-21,6.785048642819487,6.886870779842718,6.775792325664579,6.8776140213012695,29294869,201478801.7865839,1.0
2023-12-22,6.868357563598218,6.979436015503344,6.831331412963177,6.923896789550781,37127943,257070045.3403244,1.0
2023-12-25,6.914639821888467,6.923896579960286,6.849844280931809,6.896126747131348,27893151,192354704.6728735,1.0
2023-12-26,6.905383458849154,6.923896533482,6.868357309583463,6.886870384216309,21400860,147384948.93075943,1.0
2023-12-27,6.896126735811284,6.988692550831449,6.868357344414448,6.960922718048096,25354481,176490582.7972188,1.0
2023-12-28,6.942409415002684,7.081257691580039,6.933152657250492,7.062744617462158,55780948,393966590.2439365,1.0
2023-12-29,7.053488208455429,7.081258041698525,7.007205741565636,7.04423189163208,40872846,287917805.2949667,1.0
2024-01-02,7.044231681627862,7.0534879981752585,6.9979487747313405,7.016461849212647,37466256,262880555.8568344,1.0
2024-01-03,7.007205395108517,7.072000933827846,6.997948637356325,7.062744617462158,34811622,245865595.90562725,1.0
2024-01-04,7.062744838358645,7.081257913055546,6.970179464874142,7.025718688964844,36254245,254712126.65081024,1.0
2024-01-05,7.025718596767525,7.183079950319413,6.9516662989516975,7.0812578201293945,70295519,497780693.6388045,1.0
2024-01-08,7.062745075125454,7.081258150442975,6.905383714233261,6.923896789550781,50489223,349582169.03661346,1.0
2024-01-09,6.905383447930864,6.988692504340205,6.877613615332245,6.951666355133057,35295000,245359064.00442123,1.0
2024-01-10,6.933153106516276,6.98869277385537,6.905383714233261,6.923896789550781,25642234,177544181.6695099,1.0
2024-01-11,6.923896708041638,6.933153024898166,6.80356149920109,6.914639949798584,41767558,288807625.15232944,1.0
2024-01-12,6.877613534338161,6.9979487385375245,6.877613534338161,6.942409515380859,36849674,255825527.41628265,1.0
2024-01-15,6.914639810538013,6.988692550831449,6.886870419141178,6.960922718048096,24696014,171907044.89783382,1.0
2024-01-16,6.942409377889838,6.997948599946577,6.914639546168218,6.988692283630371,29984107,209549697.2224474,1.0
2024-01-17,6.988692562303462,7.00720563706058,6.896126747131348,6.896126747131348,34378264,237076865.8903427,1.0
2024-01-18,6.859100690975896,6.868357449173708,6.618430715857605,6.840587615966797,80301653,549310493.053463,1.0
2024-01-19,6.7850483451481045,6.877613719568889,6.766535270263947,6.831331253051758,34623229,236522746.349268,1.0
2024-01-22,6.831331360299938,6.859100752368876,6.66471324234019,6.710996150970459,50890393,341525231.544374,1.0
2024-01-23,6.6924825182580925,6.729508665523121,6.618430223728035,6.701738834381104,43891042,294146300.65285206,1.0
2024-01-24,6.729508868278291,7.201592922210693,6.710995794087991,7.201592922210693,139061782,1001466345.0012064,1.0
2024-01-25,7.30341456114387,7.868063982284255,7.238619022600655,7.812524318695068,289328575,2260386528.28089,1.0
2024-01-26,7.7754988069021,7.951373687017185,7.627394202240815,7.831038475036621,222546955,1742773767.1072435,1.0
2024-01-29,7.8032684627578,8.59933109098948,7.729216166307086,8.016168594360352,337277406,2703672549.5645256,1.0
2024-01-30,7.96062941008121,8.358660262644197,7.914346506451198,8.155016899108887,240855498,1964180656.433287,1.0
2024-01-31,8.03468223766157,8.210556223836269,7.877320884507516,7.960629940032959,176056586,1401521329.6515875,1.0
2024-02-01,7.775497999435789,7.858807051599591,7.590367262834553,7.645906925201416,207760920,1588520657.0142174,1.0
2024-02-02,7.590367817168437,7.932859925586589,7.4792893670955,7.6551642417907715,191110385,1462981385.4868674,1.0
2024-02-05,7.581111192905382,7.756986070707853,7.312671821179833,7.405237197875977,152636953,1130312842.1260471,1.0
2024-02-06,7.368211005556629,7.75698602686983,7.257132554149009,7.67367696762085,153855760,1180639401.8478012,1.0
2024-02-07,7.6181365570862525,7.886577225257543,7.53482838874027,7.766242027282715,150674800,1170176964.2124176,1.0
2024-02-08,7.784755533772785,7.8680645942497085,7.64590768815996,7.756986141204834,125365287,972456793.8471664,1.0
2024-02-19,7.747728806154607,7.877320766448975,7.645907119134537,7.877320766448975,157052530,1237153155.9923506,1.0
2024-02-20,7.82178132191653,7.868064229231321,7.77549841460174,7.84029483795166,98629132,773281474.4912529,1.0
2024-02-21,7.831038734171366,8.284609321648801,7.78475582298991,8.080965042114258,173686727,1403556369.1662426,1.0
2024-02-22,7.9976566305668975,8.117991843057528,7.979143113519225,8.108735084533691,101386657,822117542.7194834,1.0
2024-02-23,8.08096425217227,8.136503916715446,7.997656079517037,8.099477767944336,103556701,838755197.471159,1.0
2024-02-26,8.071708502892536,8.071708502892536,7.831038090741894,7.849550724029541,125588475,985813104.866016,1.0
2024-02-27,7.831038425678566,7.905090727542466,7.794012274746615,7.895833969116211,85393944,674256403.7920074,1.0
2024-02-28,7.868064298644379,8.173530253734612,7.8588075405451505,7.988399505615234,170278916,1360256008.391098,1.0
2024-02-29,7.960629975902465,8.034682273864746,7.877320920001642,8.034682273864746,100251827,805491577.3194551,1.0
2024-03-01,8.006911881543967,8.053194787778645,7.895833436244545,7.951373100280762,93234904,741345507.6728592,1.0
2024-03-04,7.914347761957741,7.932860396682752,7.766243153065238,7.794012546539307,110993397,865083928.8010182,1.0
2024-03-05,7.78475551632036,7.923604244394977,7.74772936538841,7.895833969116211,87283313,689174547.7224026,1.0
2024-03-06,7.895834244459627,7.905091003208684,7.78475578779025,7.794012546539307,62972717,490810146.3876691,1.0
2024-03-07,7.794011416731376,7.914346614706203,7.766242027282715,7.766242027282715,75291822,584734512.3270893,1.0
2024-03-08,7.756985781339643,7.868064229231321,7.738472265304514,7.84029483795166,53032607,415791274.9052191,1.0
2024-03-11,7.868064576610516,7.942116878474416,7.831038425678566,7.895833969116211,61781291,487814816.1336536,1.0
2024-03-12,7.886577720513833,7.895833595729315,7.75698575699376,7.775498390197754,88344829,686925075.6717958,1.0
2024-03-13,7.7662423593103505,7.784754992143264,7.581110734343143,7.618136882781982,86937312,662300343.0371246,1.0
2024-03-14,7.608880897410975,7.849550417386826,7.59962413974225,7.7292160987854,94786993,732629152.251059,1.0
2024-03-15,7.692190170288086,7.701446045447817,7.581110840641067,7.692190170288086,63840602,491074051.1696739,1.0
2024-03-18,7.692190025152026,7.969885695710944,7.682933267393927,7.877320766448975,103851884,818074602.46805,1.0
2024-03-19,7.858807529089759,7.942116586315304,7.775498471864215,7.784755229949951,64903196,505255494.5014668,1.0
2024-03-20,7.784755183363227,7.877320998120561,7.775498425332888,7.849550724029541,49990498,392402949.7704973,1.0
2024-03-21,7.849550493174677,7.886577524207074,7.812524344915286,7.877320766448975,51489191,405596873.5119577,1.0
2024-03-22,7.858807786065047,7.886578061230315,7.738472575334756,7.821781635284424,60148628,470469433.8779545,1.0
2024-03-25,7.803268688654434,7.969885919105435,7.77549841460174,7.84029483795166,68568231,537595147.556777,1.0
2024-03-26,7.803268586878904,7.96988581515677,7.794011828982073,7.960629940032959,70619444,562175260.2548809,1.0
2024-03-27,7.942116878474416,8.034682697190828,7.886578093463027,7.895833969116211,78725894,621606588.0942421,1.0
2024-03-28,7.849551362803836,7.932860426310285,7.831038728009684,7.868064880371094,74937529,589613340.1466904,1.0
2024-03-29,7.840294964265674,7.951373413946923,7.812524689765577,7.932859897613525,74721913,592758467.1106668,1.0
2024-04-01,7.969885942834765,8.06245175773995,7.951373309517549,8.053194999694824,109697680,883416808.0541229,1.0
2024-04-02,8.053194483090431,8.080963872671395,7.960629556896229,7.979142189025879,66997263,534580687.7525625,1.0
2024-04-03,7.9606298580823,7.997656006515441,7.877320803414481,7.951373100280762,55699191,442885049.0248003,1.0
2024-04-08,7.905090239136832,7.96988577857117,7.849550574783817,7.886577606201172,61065620,481598751.2007904,1.0
2024-04-09,7.886577459457894,7.914346849731197,7.710702594589978,7.738471984863281,84624421,654863711.1437759,1.0
2024-04-10,7.701445704795295,7.821780904279344,7.618136652631492,7.645906925201416,55924274,427591793.8634615,1.0
2024-04-11,7.618137208993409,7.747729175465027,7.571855183542806,7.6551642417907715,56416413,431876907.4477,1.0
2024-04-12,7.636650667566159,7.682933575439351,7.516315460205078,7.516315460205078,53032745,398610841.1406136,1.0
2024-04-15,7.544084413536772,8.117991025385654,7.507058265943908,8.062451362609863,213043614,1717653775.9896295,1.0
2024-04-16,8.043938288664528,8.219813161457717,7.923603964466713,7.988399505615234,181499557,1449890971.408184,1.0
2024-04-17,7.951373333231691,8.11799144744873,7.812524610459813,8.11799144744873,141327003,1147291401.647561,1.0
2024-04-18,8.06245175773995,8.210556355369816,8.043938241649698,8.053194999694824,104032654,837795248.9977818,1.0
2024-04-19,8.006912254344552,8.164273613205372,8.006912254344552,8.071708679199219,97450984,786595953.3493042,1.0
2024-04-22,8.080964695768609,8.127247604966405,7.960630367736633,8.025425910949707,84415013,677466432.6033564,1.0
2024-04-23,8.025425359486533,8.025425359486533,7.840294618189585,7.877320766448975,75103720,591616093.1935692,1.0
2024-04-24,7.877320884507516,7.960629940032959,7.849550610817021,7.960629940032959,48229070,383933778.6219454,1.0
2024-04-25,7.932859886916816,7.96988603676064,7.886577861691821,7.9236040115356445,40981210,324718879.9535847,1.0
2024-04-26,7.914347206367483,7.988399505615234,7.877321056743608,7.988399505615234,75715176,604843074.5259705,1.0
2024-04-29,7.979143061411383,7.988399819874768,7.868064608169988,7.969886302947998,83236894,663388581.3905344,1.0
2024-04-30,7.969885930104861,8.043938228801515,7.821781332711555,7.849550724029541,107447109,843411532.245831,1.0
2024-05-06,7.914346907433871,8.0624515003353,7.90509014968428,8.016168594360352,112328360,900443071.6880035,1.0
2024-05-07,7.997656356012305,8.043938381496492,7.960630205961126,8.006912231445312,65189634,521967677.8380432,1.0
2024-05-08,7.988399563840673,8.025425713734423,7.923604022219873,7.932859897613525,57703815,457756279.9528098,1.0
2024-05-09,7.932859540160046,8.025425352109941,7.932859540160046,8.016168594360352,59137901,474059384.7325916,1.0
2024-05-10,8.025425470402114,8.117991283716401,7.997656079517037,8.099477767944336,92251181,747186389.5761089,1.0
2024-05-13,8.034682594567629,8.275352131164812,8.025425836259606,8.219813346862793,111894454,919751526.4291248,1.0
2024-05-14,8.210556168422697,8.219812926257054,8.108734480563813,8.164273262023926,73277599,598258342.2210112,1.0
2024-05-15,8.155017572645134,8.1920437220526,8.043938241649698,8.053194999694824,72645106,585025204.3915005,1.0
2024-05-16,8.062451438507761,8.229069545630647,8.062451438507761,8.210556030273438,96025222,788420465.5504456,1.0
2024-05-17,8.219813160335434,8.330891609191895,8.127247344901864,8.330891609191895,94984904,791308939.7334976,1.0
2024-05-20,8.349405572588736,8.358661448409414,8.21055684200153,8.256839752197266,87230102,720244973.7818222,1.0
2024-05-21,8.219813346862793,8.284608889472835,8.173530438095737,8.219813346862793,58751441,482925878.8792219,1.0
2024-05-22,8.201299255535675,8.367917362311987,8.201299255535675,8.340147972106934,90848252,757687864.6872597,1.0
2024-05-23,8.303122548834343,8.312378424528431,8.117991793356452,8.173530578613281,91217913,745572401.222786,1.0
2024-05-24,8.164273004084073,8.210555909020595,8.117990981920538,8.127246856689453,60413689,490996964.0262642,1.0
2024-05-27,8.136504034202874,8.192043699548016,8.127247276183176,8.18278694152832,47745094,390687931.70524216,1.0
2024-05-28,8.155017737745894,8.182787129670436,8.062451920966687,8.071708679199219,49613847,400468519.4383621,1.0
2024-05-29,8.071708820147503,8.1179917293453,7.997656518540257,8.025425910949707,43642693,350251199.2258234,1.0
2024-05-30,8.016168978981856,8.062451887177492,7.951373437171797,7.997656345367432,36681390,293365151.49039745,1.0
2024-05-31,8.006912139040653,8.03468241333834,7.969885989416777,7.988399505615234,28120801,224640192.8059044,1.0
2024-06-03,7.988399760146084,8.03468266934388,7.914347458538837,8.025425910949707,44862702,360042291.06601524,1.0
2024-06-04,8.016168158926744,8.117990723095287,8.016168158926744,8.09022045135498,50841072,411315480.4632111,1.0
2024-06-05,8.080963872671395,8.090220630122708,7.979142189025879,7.979142189025879,40772871,325332535.1638098,1.0
2024-06-06,7.997656356012305,8.05319513970255,7.969886081394132,8.006912231445312,44826562,358922347.57144165,1.0
2024-06-07,8.016168757987664,8.071708422845887,7.960629975902465,8.034682273864746,42380864,340516776.73187256,1.0
2024-06-11,8.053195642178146,8.062452400961774,7.812525210442426,7.868064880371094,67327866,529740017.94493103,1.0
2024-06-12,7.831038090741894,7.868064240090221,7.747729034014901,7.849550724029541,52719110,413821328.070693,1.0
2024-06-13,7.8402943209944596,7.849550195628697,7.747728512468292,7.766242027282715,41426408,321727510.8489609,1.0
2024-06-14,7.747729635567124,7.821781940013375,7.738472876818067,7.794012546539307,33381490,260175751.8821764,1.0
2024-06-17,7.756985838465782,7.821781379519855,7.729216446981614,7.784755229949951,36163378,281523046.018157,1.0
2024-06-18,7.8032685065482,7.9791424909123645,7.784754990945124,7.951373100280762,63630043,505946212.2799082,1.0
2024-06-19,7.94211659789213,8.043938288664528,7.923603964466713,7.988399505615234,48914001,390744581.4060631,1.0
2024-06-20,7.979142453469044,8.006911843970334,7.868064008690875,7.877320766448975,33453700,263525525.7245541,1.0
2024-06-21,7.868064355992725,7.932859897613525,7.849550839659327,7.932859897613525,29563720,234524848.81227493,1.0
2024-06-24,7.87732072878187,7.914346876864212,7.766242284534846,7.8032684326171875,46636800,363919469.2382813,1.0
2024-06-25,7.784755565386701,7.923604294336463,7.784755565386701,7.831038475036621,41114813,321971682.49693584,1.0
2024-06-26,7.82178132191653,7.868064229231321,7.77549841460174,7.84029483795166,36724563,287931401.71493053,1.0
2024-06-27,7.840295233521221,7.895834018882664,7.803269082355899,7.831038475036621,34913602,273409760.5641155,1.0
2024-06-28,7.840294964265674,7.997656322007373,7.821781447932276,7.932859897613525,47130700,373881239.9764538,1.0
2024-07-01,7.92360421693301,8.03468266934388,7.92360421693301,8.025425910949707,52305597,419774693.45149326,1.0
2024-07-02,8.01616898965137,8.05319513970255,7.960630205961126,8.006912231445312,42446582,339866056.59884644,1.0
2024-07-03,8.01616898965137,8.09022128975373,7.988399597806247,8.006912231445312,36559800,292731109.79919434,1.0
2024-07-04,8.016168955567725,8.053195105461473,7.914347264053173,7.932859897613525,33530600,265993552.08292007,1.0
2024-07-05,7.932859897613525,7.932859897613525,7.932859897613525,7.932859897613525,0,0.0,1.0
2024-07-08,7.821781140582103,7.858807289020943,7.590367492146106,7.618136882781982,64425166,490799733.28395176,1.0
2024-07-09,7.590367817168437,7.664420117217062,7.507058758920472,7.6551642417907715,59577070,456072255.8946657,1.0
2024-07-10,7.627393851010753,7.645907367127433,7.571855068206787,7.571855068206787,31588400,239182786.63654327,1.0
2024-07-11,7.6459071819722,7.701445963431225,7.599624275574337,7.682933330535889,44389876,341044457.8587551,1.0
2024-07-12,7.664419896489819,7.747728952338571,7.664419896489819,7.692190170288086,33680257,259074941.8281765,1.0
2024-07-15,7.673676665301356,7.719959572257724,7.6459072742367455,7.701446056365967,23698948,182516169.6146221,1.0
2024-07-16,7.701445608205208,7.775497901916952,7.6736762187565475,7.766242027282715,30049623,233372645.0466013,1.0
2024-07-17,7.775498726115378,7.831038393672847,7.7569860921116,7.821781635284424,32844430,256901959.3953848,1.0
2024-07-18,7.8125249580674225,7.840295233521221,7.738472655736779,7.831038475036621,30066330,235450587.0331478,1.0
2024-07-19,7.812524908826055,7.905090727542466,7.794012274746615,7.895833969116211,32631744,257654832.7467041,1.0
2024-07-22,7.886577524207074,7.932859547451555,7.775498196655897,7.877320766448975,42635905,335856699.85284567,1.0
2024-07-23,7.886974596183935,7.906281276626536,7.819399833679199,7.819399833679199,47662537,372692433.8905287,1.0
2024-07-24,7.809746008187308,8.012471215690903,7.790438407169304,7.935242652893066,48208740,382548049.8902321,1.0
2024-07-25,7.925588860742235,8.060739306099522,7.886974579302595,7.896628379821777,45633511,360350878.03350925,1.0
2024-07-26,7.896628371494147,7.973856934291985,7.867666969967142,7.935242652893066,27530259,218459285.4619932,1.0
2024-07-29,7.915934786503312,8.060739027372694,7.896628106769629,8.041431427001953,37630454,302602715.4079513,1.0
2024-07-30,7.993163585662842,8.012471186610771,7.964203104878032,7.993163585662842,34083817,272437524.9047961,1.0
2024-07-31,8.002817633216923,8.070392397346819,7.993163832444905,8.060739517211914,46545180,375188571.7617416,1.0
2024-08-01,8.060739256306835,8.195888780192188,8.041431655387736,8.128314018249512,56236132,457104940.06773,1.0
2024-08-02,8.080045952906985,8.128314034665127,8.041431671627889,8.051085472106934,36839703,296599597.6200342,1.0
2024-08-05,8.03177789607182,8.118660259378657,7.935242652893066,7.935242652893066,43533700,345450473.0782509,1.0
2024-08-06,7.973856913559355,8.012471194857874,7.867666949510614,7.954549312591553,42079800,334725844.16399,1.0
2024-08-07,7.9545493208589155,8.002817402691502,7.915935039520264,7.915935039520264,23889870,189110659.022584,1.0
2024-08-08,7.906281471252441,7.954549554502775,7.886974790334577,7.906281471252441,22850099,180659314.339984,1.0
2024-08-09,7.944895524467596,8.031777887683699,7.925588844106844,7.9738569259643555,32622951,260130743.7767458,1.0
2024-08-12,7.983510978314346,7.983510978314346,7.877321010750492,7.886974811553955,27731099,218714479.30970907,1.0
2024-08-13,7.877321001302938,7.935242885417129,7.867667200511054,7.925589084625244,24984650,198018069.3231821,1.0
2024-08-14,7.944895756135697,8.002817640181092,7.915935274431556,7.964203357696533,30763973,245010537.0626855,1.0
2024-08-15,7.964202866793106,8.060739027372694,7.935242386874052,8.041431427001953,31251950,251310412.8850937,1.0
2024-08-16,8.041431427001953,8.060739027372694,7.993163346712159,8.041431427001953,25010326,201118821.49596405,1.0
2024-08-19,8.012471182698384,8.10900642547964,8.012471182698384,8.089699745178223,30057056,243152558.2640076,1.0
2024-08-20,8.08970000834953,8.109006689279026,7.983510961644519,8.022125244140625,28683723,230104418.37423703,1.0
2024-08-21,8.022125241741929,8.022125241741929,7.925589075211974,7.964203357696533,21903800,174446317.50631332,1.0
2024-08-22,7.973856673986159,8.03177763387517,7.95454907359845,8.002817153930664,23733968,189938606.24124143,1.0
2024-08-23,7.993163851226922,8.022125253611026,7.935242887732944,7.983510971069336,23219595,185373891.4262867,1.0
2024-08-26,7.983510718205927,8.022124999524578,7.954549316739122,8.012471199035645,22436507,179771866.14446163,1.0
2024-08-27,8.002817656973551,8.012471457774225,7.800092443344954,7.829052925109863,44436378,347894755.1621876,1.0
2024-08-28,7.819400078718361,7.84836056060835,7.664942487470362,7.693902969360352,37667408,289809382.25930786,1.0
2024-08-29,7.684249186016995,7.703556326270564,7.500831123448823,7.520138263702393,54761900,411817059.58304405,1.0
2024-08-30,7.520138495286556,7.645635140958715,7.452563272158805,7.587713718414307,43746700,331937435.72535515,1.0
2024-09-02,7.462216907506369,7.471870247557409,7.076073638775462,7.114687919616699,113591612,808168869.6661873,1.0
2024-09-03,7.085727705482455,7.143649128921454,6.960231057872015,7.027806282043457,70705553,496904929.5487566,1.0
2024-09-04,6.98919133226374,7.018152273284077,6.825080867543631,6.844388008117676,66931990,458108509.7154522,1.0
2024-09-05,6.863695136644297,6.911962757835417,6.815427055134637,6.902309417724609,45672603,315246437.81889725,1.0
2024-09-06,6.892655858818882,6.950577282468959,6.854041576385498,6.854041576385498,36118545,247558009.1085505,1.0
2024-09-09,6.834734223801711,6.834734223801711,6.622355676985995,6.689930438995361,73372529,490857115.1431699,1.0
2024-09-10,6.68993067851043,6.728544961132132,6.60304877277088,6.718891620635986,37395024,251253113.4070816,1.0
2024-09-11,6.680277352381427,6.689930692898335,6.622355928324303,6.660970211029053,26646438,177491129.74803257,1.0
2024-09-12,6.6609699705306165,6.6995842518411735,6.632009029388428,6.632009029388428,22539543,149482452.69428873,1.0
2024-09-13,6.6416628381749225,6.660969978854328,6.593394756317139,6.593394756317139,26371093,173875026.3045516,1.0
2024-09-18,6.583741416136708,6.612701896996543,6.487205252421139,6.593394756317139,35541642,234340075.99370092,1.0
2024-09-19,6.622355672954916,6.718891375994206,6.564434251131341,6.709237575531006,42771237,286962390.43234205,1.0
2024-09-20,6.699584479325135,6.728544961132132,6.622355914081731,6.718891620635986,33183080,222953518.1588936,1.0
2024-09-23,6.709237815066599,6.796120181063136,6.6802773332801255,6.738198757171631,28445100,191668737.4676228,1.0
2024-09-24,6.776812991280845,7.0084991455078125,6.767159650860605,7.0084991455078125,66870042,468658632.21707153,1.0
2024-09-25,7.211223577384555,7.616673984043335,7.211223577384555,7.42360258102417,149757617,1111741032.089229,1.0
2024-09-26,7.356027762639136,7.771131992340088,7.327067280759594,7.771131992340088,129940118,1009781808.078246,1.0
2024-09-27,7.906281239026329,7.98351072234072,7.742171233814876,7.915935039520264,95539442,756284016.5840139,1.0
2024-09-30,8.253810803457018,8.639953622071399,8.02212511228839,8.601339340209961,229750934,1976165747.0641823,1.0
2024-10-08,9.460508160595028,9.460508160595028,8.746143493528947,9.180554389953612,279157249,2562818307.794324,1.0
2024-10-09,9.026097408503071,9.026097408503071,8.408267974853516,8.408267974853516,185045706,1555913883.643959,1.0
2024-10-10,8.43722808290646,9.248128890991213,8.43722808290646,9.248128890991213,286334135,2648054986.3704777,1.0
2024-10-11,9.238475862618069,9.508776768321338,8.958522076497433,9.006790161132812,343231263,3091411962.5815887,1.0
2024-10-14,9.045404372983844,9.740462392564954,9.045404372983844,9.277090072631836,251924202,2337123513.4298973,1.0
2024-10-15,9.084018252103917,9.431547706751198,8.90060064486892,8.910253524780273,170768051,1521586628.3426075,1.0
2024-10-16,8.794410456288192,9.093671821213992,8.746143296048574,8.977828979492188,105703747,948990163.0575104,1.0
2024-10-17,8.97782926065029,9.035750223006566,8.639953604569323,8.678567886352539,126767333,1100158905.2123585,1.0
2024-10-18,8.639953110682729,9.01644302702558,8.456535512856444,8.890946388244629,130179649,1157420280.0995035,1.0
2024-10-21,8.939215115575914,9.20951509219217,8.813718467701944,9.151593208312988,131274456,1201370419.9545822,1.0
2024-10-22,9.084018251197618,9.132286333297936,8.997135887544466,9.064711570739746,67765725,614276751.5070677,1.0
2024-10-23,9.04540392820991,9.39293246059348,9.035750127706647,9.257782936096191,131032423,1213069729.724738,1.0
2024-10-24,9.170901085855425,9.209515369391433,8.997136349624803,9.045404434204102,68837830,622666012.7229881,1.0
2024-10-25,9.01644395171138,9.074364916696826,8.96817586713208,9.045404434204102,56378079,509962525.77850914,1.0
2024-10-28,8.977829454126871,9.006789935929122,8.70752947581926,8.919907569885254,86962710,775699335.2267361,1.0
2024-10-29,8.88129332595075,8.95852189151785,8.75579667674493,8.765450477600098,73243130,642009028.839426,1.0
2024-10-30,8.75579598887322,8.823371668913405,8.649606949720146,8.659260749816895,52778741,457024880.3660517,1.0
2024-10-31,8.562724596757297,8.726835515980948,8.55307079665307,8.620646476745605,72570085,625601047.5723791,1.0
2024-11-01,8.620646431213299,9.219168224958338,8.591685031053586,8.890946388244629,169165136,1504038154.9361117,1.0
2024-11-04,8.833025203841384,8.929561370698377,8.746143758434632,8.919907569885254,71459828,637415060.7198982,1.0
2024-11-05,8.910253971244947,9.08401870727539,8.871639687753419,9.08401870727539,101215357,919442196.4515572,1.0
2024-11-06,9.084018226020536,9.248129152324513,9.006789663128911,9.180554389953612,119928343,1101008675.8085127,1.0
2024-11-07,9.170900986913065,9.547390937805176,9.093672420674238,9.547390937805176,158974306,1517789848.448267,1.0
2024-11-08,9.595658118873866,9.634272402064292,9.315704335583987,9.354318618774414,122462272,1145551111.0670166,1.0
2024-11-11,9.277090072631836,9.412240524411732,9.103326258214407,9.277090072631836,84684917,785629602.802351,1.0
2024-11-12,9.219169128487986,9.42189434628894,9.170901044128303,9.199861526489258,83223644,765646000.5298386,1.0
2024-11-13,9.132286291465071,9.450854342975951,9.122632490961816,9.257782936096191,71943031,666032964.7628393,1.0
2024-11-14,9.257783443305833,9.315704408224557,9.074364906243224,9.08401870727539,56243071,510913109.118618,1.0
2024-11-15,9.074364916696826,9.21916917043472,9.045404434204102,9.045404434204102,63267545,572280532.0842075,1.0
2024-11-18,9.518428766233043,9.952840567037622,9.373625446389552,9.90457248687744,451587024,4472776413.341263,1.0
2024-11-19,9.595657911627184,9.614965513123956,9.1515932042096,9.30605125427246,346083955,3220675023.511324,1.0
2024-11-20,9.219169097940762,9.392932912167868,9.209515296973386,9.315704345703123,132384050,1233250669.8867798,1.0
2024-11-21,9.26743699056402,9.402586518764943,9.180554624927932,9.228822708129885,103678929,956834454.3097858,1.0
2024-11-22,9.23847538716693,9.277089668760553,8.861986371788399,8.871639251708984,133501805,1184379853.4119987,1.0
2024-11-25,8.852332824576637,8.987483274340743,8.755796657511258,8.842679023742676,82559319,730045558.3357801,1.0
2024-11-26,8.842678321667464,8.910253080865777,8.784757362536638,8.81371784210205,42432205,373985482.2882319,1.0
2024-11-27,8.804064731500226,8.881293296813965,8.736489967009986,8.881293296813965,54244983,481765603.9036875,1.0
2024-11-28,8.861985908721962,8.977828747449674,8.842678308615486,8.890946388244629,57875584,514568714.53234863,1.0
2024-11-29,8.871638781675731,8.997135420365266,8.871638781675731,8.929560661315918,57096041,509842561.6304808,1.0
2024-12-02,8.929560876513756,9.151592759105062,8.881292795756538,9.093671798706056,92974663,845481070.9172993,1.0
2024-12-03,9.045403681875936,9.306050764543215,9.045403681875936,9.2867431640625,102374653,950727108.9210204,1.0
2024-12-04,9.238475573813206,9.277089856186956,9.122632726691952,9.151593208312988,63986283,585576432.9279928,1.0
2024-12-05,9.122632264169384,9.306050786623114,9.112978463906122,9.170900344848633,52971738,485798530.2914314,1.0
2024-12-06,9.17090082416012,9.257783189796209,9.151593222624497,9.228822708129885,65997853,609082484.4542179,1.0
2024-12-09,9.190208677354944,9.199861557749973,9.016443941324502,9.08401870727539,74861011,680038824.3695488,1.0
2024-12-10,9.344665811321056,9.344665811321056,9.074364906243224,9.08401870727539,91187164,828345903.639389,1.0
2024-12-11,9.064711782035015,9.132286546168348,9.03575037971749,9.07436466217041,53787793,488090048.05533695,1.0
2024-12-12,9.08401870727539,9.093672508307556,8.98748345886514,9.08401870727539,57573705,523000613.2671547,1.0
2024-12-13,9.035749713134395,9.045403513194728,8.85233211517334,8.85233211517334,67005094,593151345.4964085,1.0
2024-12-16,8.852332108668724,8.910253067714057,8.784757349570153,8.890946388244629,49061185,436200365.5787516,1.0
2024-12-17,8.900600908109327,8.929561389974092,8.81371854187791,8.842679023742676,38788945,342998190.30460835,1.0
2024-12-18,9.084018728294565,9.238475862618069,8.977829678606442,9.006790161132812,114603006,1032205226.8770448,1.0
2024-12-19,8.910253540708641,9.016443505657184,8.89094686021433,8.987483024597168,58163082,522739712.1332531,1.0
2024-12-20,8.987483254939994,9.016443736742245,8.910253769072131,8.919907569885254,46486907,414658913.6498518,1.0
2024-12-23,8.919907550960932,9.093672282680014,8.900600870012767,8.997136116027832,79699745,717069454.1777086,1.0
2024-12-24,9.026097289186913,9.074364450650137,8.987483007634076,9.064711570739746,47005700,426093112.6807213,1.0
2024-12-25,9.093672497920398,9.199861547241522,9.045404413451838,9.12263298034668,73950470,674622996.5341377,1.0
2024-12-26,9.093671821213992,9.093671821213992,8.948868499221003,8.977828979492188,57231198,513811907.9354553,1.0
2024-12-27,8.958521833494382,9.016443717613114,8.929561351753573,8.997136116027832,42334888,380892749.7927933,1.0
2024-12-30,8.987483016079336,9.04540397814447,8.958521614409678,9.026097297668455,42067389,379704346.1728678,1.0
2024-12-31,9.026096833711112,9.045403513194728,8.85233211517334,8.85233211517334,59256487,524558102.9024515,1.0
2025-01-02,8.852332660138325,8.861986460792961,8.437228438360018,8.485496520996094,91540837,776769453.8925705,1.0
2025-01-03,8.446882512382384,8.572379163042807,8.350346343986018,8.379307746887207,53265595,446328812.8260565,1.0
2025-01-06,8.388960137249832,8.398613937653053,8.215196333177241,8.359999656677246,49422900,413175427.03199387,1.0
2025-01-07,8.369653945920144,8.388960627217138,8.273117777523778,8.379307746887207,34450291,288669590.2588186,1.0
2025-01-08,8.388959905152078,8.388959905152078,8.109006145663706,8.273117065429688,56111497,464216983.3975067,1.0
2025-01-09,8.244157313147365,8.263464915123384,8.15727494552955,8.186235427856445,32166514,263322656.4974404,1.0
2025-01-10,8.186234740108713,8.215196140639614,8.080045700073242,8.080045700073242,28114391,227165564.10972783,1.0
2025-01-13,8.031777619825462,8.137967580497989,7.9738566600377725,8.080045700073242,29134600,235408899.45335388,1.0
2025-01-14,8.089699713115872,8.263464438325359,8.089699713115872,8.244156837463379,36788614,303291103.648901,1.0
2025-01-15,8.27311779547426,8.27311779547426,8.15727494552955,8.186235427856445,31602677,258706954.07250404,1.0
2025-01-16,8.22485065460205,8.282771619416355,8.16692876915061,8.22485065460205,32921716,270776197.3932228,1.0
2025-01-17,8.186235450543,8.253811137009203,8.10900688369917,8.22485065460205,26476400,217764435.8715057,1.0
2025-01-20,8.282771619416355,8.292425420431117,8.215196853587289,8.22485065460205,32701168,268962223.03105164,1.0
2025-01-21,8.24415685364615,8.263464454546028,8.157274490870861,8.1669282913208,30266939,247187920.4107809,1.0
2025-01-22,8.17658211642327,8.17658211642327,8.002817390348792,8.051085472106934,30459705,245233688.41016293,1.0
2025-01-23,8.118660452630122,8.253810901061918,8.118660452630122,8.176582336425781,38286473,313052498.8558426,1.0
2025-01-24,8.157274482827072,8.21519636483251,8.128314002142895,8.20554256439209,27473404,225434185.9107399,1.0
2025-01-27,8.224850157238482,8.331039200068123,8.215196356807493,8.244156837463379,33386364,275242421.0486412,1.0
2025-02-05,8.24415686185285,8.273117342594414,8.099353537507948,8.128314018249512,33965433,276081705.18981457,1.0
2025-02-06,8.128313766371676,8.16692804637622,8.051085206362586,8.15727424621582,37568700,306458188.9738083,1.0
2025-02-07,8.157274716670932,8.302078965517072,8.118660434439382,8.25381088256836,60911741,502753990.7419853,1.0
2025-02-10,8.234502785522224,8.331038945609409,8.234502785522224,8.273117065429688,46913979,388124840.27211,1.0
2025-02-11,8.273117572590424,8.282771373318353,8.166928526494535,8.21519660949707,35052882,287966317.3595009,1.0
2025-02-12,8.205543052572526,8.22485065460205,8.147621167121086,8.22485065460205,37278306,306608499.5065556,1.0
2025-02-13,8.215196112707165,8.292424672586206,8.205542312563022,8.234502792358398,56980902,469209396.63010025,1.0
2025-02-14,8.21519660949707,8.244157091043748,8.13796804494786,8.21519660949707,40867119,335731417.4487133,1.0
2025-02-17,8.21519636483251,8.234503045076266,8.137967802583315,8.20554256439209,52280594,428990639.3587017,1.0
2025-02-18,8.205543050563588,8.224850652588387,8.099354001338604,8.109006881713867,46115184,373948344.4075012,1.0
2025-02-19,8.099353537507948,8.166928299450625,8.08004593658885,8.128314018249512,37581500,305474233.276844,1.0
2025-02-20,8.118660229913127,8.128314030387092,7.983510705825962,7.993163585662842,69750410,557526437.2970533,1.0
2025-02-21,7.993163839400674,8.01247144096151,7.877320991946997,7.964203357696533,59481325,473721368.28523874,1.0
2025-02-24,7.944895712937721,8.282771373318353,7.915935231391044,8.21519660949707,103176924,847618716.2231369,1.0
2025-02-25,8.215196637501917,8.215196637501917,8.080046188761527,8.099353790283203,47956714,388418393.3054276,1.0
2025-02-26,8.07039236957326,8.224850419482644,8.07039236957326,8.176582336425781,42042519,343764118.2342453,1.0
2025-02-27,8.186234726059965,8.205542326380765,8.089699486367131,8.15727424621582,42057692,343076127.80687714,1.0
2025-02-28,8.128313773313176,8.244156613425739,8.109006172975887,8.118659973144531,60476778,490990396.8533478,1.0
2025-03-03,8.11866022594889,8.176582108127311,8.07039214423972,8.089699745178223,44311048,358463073.71418,1.0
2025-03-04,8.080046198118836,8.089699998890852,8.031778114895861,8.060739517211914,29328806,236411865.5168419,1.0
2025-03-05,8.051085472106934,8.08969975338603,8.002817390348792,8.051085472106934,34893912,280933867.9681778,1.0
2025-03-06,8.060739264407554,8.10900642547964,8.012471182698384,8.089699745178223,38481180,311301192.0401573,1.0
2025-03-07,8.060739034456732,8.070391914013527,7.99316335373681,8.002817153930664,35781610,286353682.303257,1.0
2025-03-10,8.002817649686088,8.012471450477971,7.91593528383336,7.925589084625244,38217077,302892848.3174825,1.0
2025-03-11,7.886974558675547,7.925588840014199,7.867666957687677,7.915935039520264,33043547,261570571.5273347,1.0
2025-03-12,7.925588831776935,8.012471194857874,7.896628350962318,7.954549312591553,34410431,273719470.25702906,1.0
2025-03-13,7.94489574432373,7.993163827516946,7.9159352626626465,7.94489574432373,30525899,242525085.056756,1.0
2025-03-14,7.935243076844356,8.080046409667348,7.925589275819587,8.070392608642578,59565276,480715163.1621552,1.0
2025-03-17,8.080046188761527,8.137968072689441,8.080046188761527,8.099353790283203,39825005,322556805.1947975,1.0
2025-03-18,8.109006679797774,8.12831428134181,8.051085716439896,8.060739517211914,29109180,234641517.5396347,1.0
2025-03-19,8.051085467869544,8.070392148180389,7.973856905351997,7.993163585662842,36644400,292904683.69846344,1.0
2025-03-20,7.993164052059393,8.060739738683065,7.983511171659274,8.031778335571289,31490676,252926129.2692948,1.0
2025-03-21,8.022125007821867,8.1186602508998,7.9738569259643555,7.9738569259643555,49139701,391832945.1586676,1.0
2025-03-24,7.993163827516946,8.022125229815144,7.90628146189658,7.94489574432373,34184210,271589984.5520687,1.0
2025-03-25,7.954549304404067,8.002817386136806,7.925588823619258,7.993163585662842,29336655,234492682.4711537,1.0
2025-03-26,7.993163851226922,8.012471452816325,7.954549568685231,7.983510971069336,27158781,216822426.07436943,1.0
2025-03-27,7.973856934291985,7.983510734800987,7.925588852384064,7.935242652893066,30727501,243830176.55201435,1.0
2025-03-28,7.925588860742235,7.944895541143511,7.858014098382137,7.896628379821777,35294070,278704154.8014164,1.0
2025-03-31,7.877320817806831,7.8966284189408436,7.64563512802124,7.64563512802124,63953584,488965768.39325714,1.0
2025-04-01,7.684249384228755,7.780785548305241,7.674595583693688,7.761477947235107,39666048,307867156.80596924,1.0
2025-04-02,7.771131992340088,7.80009247421963,7.742171510460547,7.771131992340088,21457511,166749150.20808935,1.0
2025-04-03,7.732517470094772,7.867666995104245,7.703556528793781,7.819399833679199,30240903,236465711.8885088,1.0
2025-04-07,7.578059958675529,7.607020900263102,7.037459551695414,7.3367204666137695,98078522,719574699.6926289,1.0
2025-04-08,7.327067050165104,7.771131747770174,7.327067050165104,7.761477947235107,104774022,813201261.196126,1.0
2025-04-09,7.751824158956917,7.848360323186042,7.597367032699991,7.78078556060791,71101713,553227181.8448877,1.0
2025-04-10,7.829052701243199,7.829052701243199,7.703556516652811,7.8000922203063965,56395101,439886988.5734935,1.0
2025-04-11,7.790438436708882,7.819399838345703,7.684249392618483,7.722863674163818,41089959,317332151.73398066,1.0
2025-04-14,7.732517478962377,7.742171279513293,7.6939027370772575,7.703556537628174,29898702,230326341.25869656,1.0
2025-04-15,7.713209886409325,7.713209886409325,7.607020842142828,7.664942264556885,28490991,218381801.07500985,1.0
2025-04-16,7.655288455046339,7.78078556060791,7.607020833250322,7.78078556060791,46117479,358830214.6948385,1.0
2025-04-17,7.742171279043679,7.800092241071479,7.722863677943017,7.78078556060791,25622100,199360065.712452,1.0
2025-04-18,7.751824369425931,7.809746253663455,7.732517688438167,7.790438652038574,19445500,151488974.8082161,1.0
2025-04-21,7.790438449067039,7.800092249627959,7.7228636864147795,7.742171287536621,24084080,186463072.662735,1.0
2025-04-22,7.722863899242955,7.819400066238339,7.722863899242955,7.809746265411377,29133472,227525024.1504669,1.0
2025-04-23,7.819400075897405,7.829052956099172,7.761478191501201,7.771131992340088,23424601,182035666.2389016,1.0
2025-04-24,7.771131992340088,7.80009247421963,7.751824390662314,7.771131992340088,17117589,133023043.50962876,1.0
2025-04-25,7.780785781440253,7.790438661627458,7.722863897131435,7.751824378967285,28105255,217867000.8860922,1.0
2025-04-28,7.732517487532557,7.732517487532557,7.645635123752199,7.664942264556885,26949800,206568661.0413552,1.0
2025-04-29,7.6552884682697,7.684249409652172,7.64563512802124,7.64563512802124,19106201,146079041.52863455,1.0
2025-04-30,7.645634901739568,7.655288241702325,7.529792060275279,7.539445400238037,45688088,344462844.91727066,1.0
2025-05-06,7.558752776982828,7.597367058679101,7.529792295869898,7.587713718414307,37102859,281525872.2266917,1.0
2025-05-07,7.674595359639835,7.703556300080998,7.587713458953412,7.655288219451904,42834264,327908636.5880928,1.0
2025-05-08,7.626327742976944,7.674595363310591,7.587713462582612,7.63598108291626,26020303,198690541.4797492,1.0
2025-05-09,7.635981093984782,7.645634894256625,7.578059673309326,7.578059673309326,26610120,201653077.273922,1.0
2025-05-12,7.597366798888111,7.655288219451904,7.57805965870018,7.655288219451904,29825116,228319859.1585865,1.0
2025-05-13,7.684249384228755,7.790438428203217,7.674595583693688,7.761477947235107,56826438,441057145.3569231,1.0
2025-05-14,7.742171479815136,7.838706725910538,7.693902936130319,7.829052925109863,47376384,370912217.7363281,1.0
2025-05-15,7.829052934651218,7.858014337088539,7.761478170238371,7.790438652038574,35570732,277111605.4541054,1.0
2025-05-16,7.780785556800367,7.800092237254489,7.684249392618483,7.722863674163818,36105563,278838340.9279332,1.0
2025-05-19,7.713209877860544,7.713209877860544,7.674595596293971,7.703556537628174,20351766,156780980.0215788,1.0
2025-05-20,7.713210105895996,7.732517707568645,7.684249624024144,7.713210105895996,23889511,184264817.6701136,1.0
2025-05-21,7.722863906732321,7.742171508404969,7.703556765378232,7.713210105895996,17420967,134371578.71888065,1.0
2025-05-22,7.703556296414929,7.713209636345034,7.655288215808806,7.674595355987549,21082855,161802381.07395887,1.0
2025-05-23,7.684249174706927,7.693902514660238,7.578059673309326,7.578059673309326,28428900,215435900.6465435,1.0
2025-05-26,7.578059677008258,7.5973668172428335,7.539445396539106,7.558752536773682,25630896,193737600.1597824,1.0
2025-05-27,7.568406337050236,7.5877134772848125,7.549099196815661,7.558752536773682,18420295,139234451.55936956,1.0
2025-05-28,7.568406581878662,7.5877137227378,7.549099441019525,7.568406581878662,18351127,138888790.37169123,1.0
2025-05-29,7.578059669629195,7.616673950060746,7.5490991894647985,7.597366809844971,19316452,146754171.3087635,1.0
2025-05-30,7.587713462582612,7.664942023371275,7.578059662324764,7.63598108291626,25335257,193459543.1828217,1.0
2025-06-03,7.616674182385897,7.664942264556885,7.587713701338142,7.664942264556885,21768250,166852379.4504404,1.0
2025-06-04,7.664942487470362,7.693902969360352,7.655288686627992,7.693902969360352,19823710,152521701.2327385,1.0
2025-06-05,7.693902741330235,7.722863682680447,7.655288459742317,7.684249401092529,23507577,180638084.4833865,1.0
2025-06-06,7.684249396844887,7.751824159427118,7.674595596293971,7.703556537628174,27634723,212885651.0321937,1.0
2025-06-09,7.703556537628174,7.732517478962377,7.684249396844887,7.703556537628174,23580147,181650995.58008337,1.0
2025-06-10,7.713209886409325,7.732517487532557,7.655288463995268,7.664942264556885,29513970,226222876.047864,1.0
2025-06-11,7.674595604247268,7.76147796802137,7.664942264004894,7.742171287536621,29227946,226287764.31487083,1.0
2025-06-12,7.722863678411461,7.751824159427118,7.674595596293971,7.703556537628174,19549279,150598976.04636717,1.0
2025-06-13,7.693902499827766,7.713209640015697,7.635981079263973,7.655288219451904,30849939,236165174.59750983,1.0
2025-06-16,7.655288476883655,7.664942277461524,7.597367054372082,7.607020854949951,33684371,256237712.6828713,1.0
2025-06-17,7.607020599141343,7.664942019705136,7.597366798888111,7.655288219451904,21878905,167489323.70100737,1.0
2025-06-18,7.645635132311897,7.655288472565774,7.597367050086871,7.626327991485596,16374484,124877185.67533302,1.0
2025-06-19,7.616674217021097,7.626328017626611,7.510485172271728,7.510485172271728,32810604,246423554.83527943,1.0
2025-06-20,7.5104851636026275,7.578059926489036,7.500831363008256,7.549099445343018,17739889,133920186.2103467,1.0
2025-06-23,7.529792056581084,7.5877134772848125,7.491177776111933,7.558752536773682,24638828,186238803.6481304,1.0
2025-06-24,7.568406775899613,7.722863906732321,7.558752975063289,7.713210105895996,48258226,372225836.4758129,1.0
2025-06-25,7.713210096307113,7.761478179791608,7.67459581364694,7.751824378967285,37669030,292003705.08605003,1.0
2025-06-26,7.74217149878008,7.780785781440253,7.722863897131435,7.751824378967285,33612869,260561057.3612337,1.0
2025-06-27,7.761477722561422,7.819399603458051,7.722863442176025,7.732517242431641,37275937,288236825.5802956,1.0
2025-06-30,7.732517242431641,7.751823922305807,7.703556301983326,7.732517242431641,25337976,195926336.3083191,1.0
2025-07-01,7.742171279513293,7.751824159427118,7.6939027370772575,7.703556537628174,22436200,172838535.18953323,1.0
2025-07-02,7.70355675790759,7.819400066238339,7.693902957080628,7.809746265411377,43553170,340139206.7543268,1.0
2025-07-03,7.8000922203063965,7.83870650176783,7.780785539894224,7.8000922203063965,25353970,197763304.15088177,1.0
2025-07-04,7.80974601247188,7.858014094406281,7.800092211957581,7.838706493377685,30768987,241189058.1915536,1.0
2025-07-07,7.838706737667511,7.858014339297821,7.800092455044012,7.848360538482666,22571646,177150415.7550001,1.0
2025-07-08,7.848360528977222,7.896628612357418,7.809746246400489,7.886974811553955,35198434,277609162.3641443,1.0
2025-07-09,7.886974570985146,8.051085497089822,7.867666969967142,7.935242652893066,60856673,482912467.30276585,1.0
2025-07-10,7.935242624093223,8.051085467869544,7.925588823619258,7.993163585662842,49445155,395223212.433455,1.0
2025-07-11,8.022124987084736,8.128314030387092,7.993163585662842,7.993163585662842,74878851,598518905.1494737,1.0
2025-07-14,8.002817390348792,8.137967835144174,8.002817390348792,8.051085472106934,54180902,436215072.9578495,1.0
2025-07-15,8.060739280843231,8.080045961184014,7.973856917716992,8.012471199035645,38211350,306167341.3512707,1.0
2025-07-16,8.022125241741929,8.041431922665652,7.896628593507834,7.964203357696533,48177865,383698314.1996503,1.0
2025-07-17,7.964203369479932,7.993163851226922,7.935242887732944,7.983510971069336,30208394,241169044.9173851,1.0
2025-07-18,7.993163346712159,8.041431427001953,7.983510467163847,8.041431427001953,34315670,275947107.1766281,1.0
2025-07-21,8.253810614153048,8.369653457080467,8.166928251798215,8.359999656677246,192743477,1611335401.546779,1.0
2025-07-22,8.479999542236328,8.8100004196167,8.260000228881836,8.8100004196167,292397833,2576025031.425013,1.0
2025-07-23,8.930000305175781,8.930000305175781,8.420000076293945,8.430000305175781,228809340,1928862806.027069,1.0
2025-07-24,8.430000305175781,8.510000228881836,8.329999923706055,8.460000038146973,134206204,1135384490.9595604,1.0
2025-07-25,8.430000305175781,8.4399995803833,8.239999771118164,8.260000228881836,123018496,1016132805.1166992,1.0
2025-07-28,8.260000228881836,8.270000457763672,8.210000038146973,8.220000267028809,54345492,446719958.751812,1.0
2025-07-29,8.210000038146973,8.229999542236328,8.140000343322754,8.180000305175781,63131021,516411771.04605865,1.0
2025-07-30,8.170000076293945,8.239999771118164,8.149999618530273,8.180000305175781,54565032,446341978.4119263,1.0
2025-07-31,8.15999984741211,8.180000305175781,8.039999961853027,8.0600004196167,65780619,530191816.7426462,1.0
2025-08-01,8.050000190734863,8.079999923706055,8.039999961853027,8.0600004196167,27931130,225124919.52036852,1.0
2025-08-04,8.050000190734863,8.09000015258789,8.039999961853027,8.079999923706055,26302508,212524262.6332779,1.0
2025-08-05,8.09000015258789,8.119999885559082,8.069999694824219,8.119999885559082,27878626,226374439.92954445,1.0
2025-08-06,8.119999885559082,8.119999885559082,8.069999694824219,8.100000381469727,28446687,230418175.5515499,1.0
2025-08-07,8.119999885559082,8.149999618530273,8.09000015258789,8.100000381469727,29846342,241755381.58547592,1.0
2025-08-08,8.100000381469727,8.210000038146973,8.069999694824219,8.210000038146973,59848304,491354578.1230316,1.0
2025-08-11,8.34000015258789,8.369999885559082,8.220000267028809,8.229999542236328,75790002,623751681.7660904,1.0
2025-08-12,8.229999542236328,8.260000228881836,8.170000076293945,8.199999809265137,50359849,412950752.1946211,1.0
2025-08-13,8.199999809265137,8.229999542236328,8.15999984741211,8.170000076293945,54001528,441192487.8799896,1.0
2025-08-14,8.170000076293945,8.210000038146973,8.079999923706055,8.09000015258789,57156535,462396376.8713951,1.0
2025-08-15,8.069999694824219,8.119999885559082,8.069999694824219,8.09000015258789,52989110,428681907.9854965,1.0
2025-08-18,8.100000381469727,8.15999984741211,8.09000015258789,8.109999656677246,66086159,535958726.8011179,1.0
2025-08-19,8.119999885559082,8.140000343322754,8.069999694824219,8.09000015258789,61931562,501026346.0300064,1.0
2025-08-20,8.069999694824219,8.109999656677246,8.039999961853027,8.109999656677246,48760038,395443891.4395695,1.0
2025-08-21,8.130000114440918,8.220000267028809,8.119999885559082,8.180000305175781,87529933,715994878.6520157,1.0
2025-08-22,8.170000076293945,8.229999542236328,8.119999885559082,8.229999542236328,69549676,572393801.6426849,1.0
2025-08-25,8.229999542236328,8.329999923706055,8.220000267028809,8.319999694824219,96452937,802488406.4048996,1.0
2025-08-26,8.300000190734863,8.300000190734863,8.25,8.260000228881836,52947345,437345081.81868553,1.0
2025-08-27,8.270000457763672,8.279999732971191,8.109999656677246,8.109999656677246,77111875,625377279.7757387,1.0
2025-08-28,8.100000381469727,8.149999618530273,8.029999732971191,8.130000114440918,61279281,498200561.5428572,1.0
2025-08-29,8.149999618530273,8.260000228881836,8.119999885559082,8.130000114440918,62686415,509640561.1238909,1.0
2025-09-01,8.119999885559082,8.140000343322754,8.069999694824219,8.09000015258789,49948547,404083752.8515434,1.0
2025-09-02,8.069999694824219,8.100000381469727,8.029999732971191,8.069999694824219,54700852,441435858.9466248,1.0
2025-09-03,8.069999694824219,8.09000015258789,7.949999809265137,7.989999771118164,49329829,394145322.4192982,1.0
2025-09-04,7.989999771118164,7.989999771118164,7.889999866485596,7.940000057220459,48653541,386309118.323978,1.0
2025-09-05,7.940000057220459,7.989999771118164,7.900000095367432,7.96999979019165,37233678,296752405.84806347,1.0
2025-09-08,7.960000038146973,8.039999961853027,7.940000057220459,8.029999732971191,39197815,314758443.98305416,1.0
2025-09-09,8.029999732971191,8.039999961853027,7.960000038146973,8.0,28938296,231506368.0,1.0
2025-09-10,8.0,8.010000228881836,7.940000057220459,7.96999979019165,23495994,187263067.25034428,1.0
2025-09-11,7.949999809265137,8.020000457763672,7.940000057220459,8.020000457763672,39362891,315690403.8389015,1.0
2025-09-12,8.010000228881836,8.069999694824219,8.0,8.020000457763672,50546174,405380338.6182022,1.0
2025-09-15,8.020000457763672,8.050000190734863,7.980000019073486,8.020000457763672,32979867,264498548.43698505,1.0
2025-09-16,8.020000457763672,8.029999732971191,7.96999979019165,8.020000457763672,28579100,229204395.08247373,1.0
2025-09-17,8.010000228881836,8.069999694824219,7.96999979019165,8.0600004196167,43050955,346990715.36489964,1.0
2025-09-18,8.039999961853027,8.050000190734863,7.889999866485596,7.920000076293945,54365889,430577845.02778816,1.0
2025-09-19,7.920000076293945,7.949999809265137,7.900000095367432,7.929999828338623,30995072,245790915.6393433,1.0
2025-09-22,7.920000076293945,7.929999828338623,7.840000152587891,7.869999885559082,38756823,305016192.5746336,1.0
2025-09-23,7.860000133514404,7.940000057220459,7.78000020980835,7.920000076293945,46069790,364872740.3148461,1.0
2025-09-24,7.880000114440918,7.909999847412109,7.829999923706055,7.869999885559082,44357574,349094102.3036785,1.0
2025-09-25,7.860000133514404,7.869999885559082,7.78000020980835,7.78000020980835,47293501,367943447.7025714,1.0
2025-09-26,7.78000020980835,7.840000152587891,7.75,7.800000190734863,36741258,286581819.4078388,1.0
2025-09-29,7.800000190734863,7.840000152587891,7.71999979019165,7.820000171661377,37777136,295417210.0048752,1.0
2025-09-30,7.829999923706055,7.880000114440918,7.789999961853027,7.849999904632568,34623839,271797132.8480134,1.0
2025-10-09,7.849999904632568,8.050000190734863,7.840000152587891,8.050000190734863,79924287,643390525.594348,1.0
2025-10-10,8.010000228881836,8.220000267028809,7.980000019073486,8.140000343322754,107128688,872027557.0997162,1.0
2025-10-13,8.020000457763672,8.079999923706055,7.96999979019165,8.079999923706055,67733068,547283184.272377,1.0
2025-10-14,8.079999923706055,8.130000114440918,8.0600004196167,8.079999923706055,54477904,440181460.1636658,1.0
2025-10-15,8.100000381469727,8.130000114440918,8.010000228881836,8.069999694824219,49019226,395585138.8605194,1.0
2025-10-16,8.0600004196167,8.0600004196167,8.010000228881836,8.039999961853027,38212535,307228779.9423075,1.0
2025-10-17,8.039999961853027,8.079999923706055,7.980000019073486,7.989999771118164,44253195,353583017.9212475,1.0
2025-10-20,8.0,8.020000457763672,7.940000057220459,7.960000038146973,35662800,283875889.36042786,1.0
2025-10-21,7.960000038146973,8.079999923706055,7.960000038146973,8.069999694824219,52825180,426299186.4790344,1.0
2025-10-22,8.09000015258789,8.119999885559082,8.050000190734863,8.069999694824219,41120300,331840808.4510803,1.0
2025-10-23,8.050000190734863,8.09000015258789,8.0,8.09000015258789,37640166,304508948.68343353,1.0
2025-10-24,8.09000015258789,8.109999656677246,8.050000190734863,8.09000015258789,41611858,336639937.56946564,1.0
2025-10-27,8.09000015258789,8.170000076293945,8.029999732971191,8.15999984741211,66473255,542421750.6569862,1.0
2025-10-28,8.149999618530273,8.149999618530273,8.020000457763672,8.029999732971191,54223143,435411823.8108587,1.0
2025-10-29,8.010000228881836,8.069999694824219,7.989999771118164,8.0600004196167,45323702,365309057.1385822,1.0
2025-10-30,8.0600004196167,8.130000114440918,8.039999961853027,8.050000190734863,47216142,380089952.1057644,1.0
2025-10-31,8.0600004196167,8.0600004196167,7.940000057220459,7.949999809265137,67518505,536772101.8718672,1.0
2025-11-03,7.960000038146973,8.0,7.940000057220459,7.989999771118164,30757542,245752753.5401573,1.0
2025-11-04,7.980000019073486,8.0,7.940000057220459,7.96999979019165,36675879,292306747.9350944,1.0
2025-11-05,7.949999809265137,7.980000019073486,7.909999847412109,7.960000038146973,32891300,261814749.25470352,1.0
2025-11-06,7.960000038146973,8.069999694824219,7.940000057220459,8.010000228881836,47321300,379043623.830986,1.0
2025-11-07,8.0,8.039999961853027,7.989999771118164,8.020000457763672,29375455,235591162.5470161,1.0
2025-11-10,8.010000228881836,8.0600004196167,7.989999771118164,8.0600004196167,32254555,259971726.8345499,1.0
2025-11-11,8.0600004196167,8.069999694824219,8.010000228881836,8.050000190734863,30072926,242087060.03595543,1.0
2025-11-12,8.050000190734863,8.069999694824219,8.010000228881836,8.029999732971191,34160496,274308773.75816345,1.0
2025-11-13,8.020000457763672,8.039999961853027,7.989999771118164,8.029999732971191,35062209,281549528.9073801,1.0
2025-11-14,8.0,8.029999732971191,7.960000038146973,7.96999979019165,37764020,300979231.4767933,1.0
2025-11-17,7.949999809265137,7.960000038146973,7.889999866485596,7.909999847412109,44433000,351465023.22006226,1.0
2025-11-18,7.900000095367432,7.909999847412109,7.829999923706055,7.860000133514404,32950318,258989503.87934208,1.0
2025-11-19,7.860000133514404,7.880000114440918,7.829999923706055,7.840000152587891,26095012,204584898.06178284,1.0
2025-11-20,7.860000133514404,7.889999866485596,7.829999923706055,7.840000152587891,37588704,294695445.09558105,1.0
2025-11-21,7.800000190734863,7.809999942779541,7.670000076293945,7.699999809265137,62250613,479329708.2266378,1.0
2025-11-24,7.679999828338623,7.769999980926514,7.679999828338623,7.730000019073486,34298100,265124313.6541844,1.0
2025-11-25,7.730000019073486,7.769999980926514,7.71999979019165,7.75,17655731,136831915.25,1.0
2025-11-26,7.760000228881836,7.800000190734863,7.739999771118164,7.739999771118164,17214200,133237904.0599823,1.0
2025-11-27,7.730000019073486,7.760000228881836,7.710000038146973,7.730000019073486,16272009,125782629.88036394,1.0
2025-11-28,7.730000019073486,7.739999771118164,7.690000057220459,7.730000019073486,18609078,143848173.29494,1.0
2025-12-01,7.730000019073486,7.78000020980835,7.710000038146973,7.769999980926514,27684201,215106241.24196577,1.0
2025-12-02,7.760000228881836,7.789999961853027,7.739999771118164,7.789999961853027,20752935,161665362.85833836,1.0
2025-12-03,7.789999961853027,7.789999961853027,7.75,7.769999980926514,23949300,186086060.5432033,1.0
2025-12-04,7.769999980926514,7.800000190734863,7.760000228881836,7.789999961853027,18854900,146879670.28074265,1.0
2025-12-05,7.769999980926514,7.820000171661377,7.75,7.800000190734863,24562733,191589322.08496952,1.0
2025-12-08,7.809999942779541,7.820000171661377,7.760000228881836,7.760000228881836,22401355,173834519.92726326,1.0
2025-12-09,7.760000228881836,7.769999980926514,7.679999828338623,7.679999828338623,33100190,254209453.5179758,1.0
2025-12-10,7.670000076293945,7.78000020980835,7.659999847412109,7.769999980926514,30660980,238235814.01518825,1.0
2025-12-11,7.769999980926514,7.809999942779541,7.75,7.78000020980835,31443552,244630841.1571197,1.0
2025-12-12,7.769999980926514,7.829999923706055,7.75,7.809999942779541,45708943,356986842.2145133,1.0
2025-12-15,7.800000190734863,7.829999923706055,7.78000020980835,7.78000020980835,25455652,198044977.9008084,1.0
2025-12-16,7.78000020980835,7.789999961853027,7.71999979019165,7.730000019073486,22216760,171735555.22375107,1.0
2025-12-17,7.730000019073486,7.789999961853027,7.690000057220459,7.760000228881836,21694595,168350062.16549873,1.0
2025-12-18,7.75,7.789999961853027,7.739999771118164,7.78000020980835,17362200,135077919.64273453,1.0
2025-12-19,7.78000020980835,7.809999942779541,7.760000228881836,7.800000190734863,19438926,151623626.5076809,1.0
2025-12-22,7.809999942779541,7.809999942779541,7.769999980926514,7.78000020980835,21676100,168640062.54782677,1.0
2025-12-23,7.78000020980835,7.820000171661377,7.769999980926514,7.789999961853027,19642200,153012737.25070953,1.0
2025-12-24,7.800000190734863,7.829999923706055,7.78000020980835,7.820000171661377,22278866,174220735.9444208,1.0
2025-12-25,7.820000171661377,7.829999923706055,7.78000020980835,7.809999942779541,23234228,181459319.3505268,1.0
2025-12-26,7.800000190734863,7.820000171661377,7.769999980926514,7.809999942779541,22274588,173964531.00543785,1.0
2025-12-29,7.809999942779541,7.840000152587891,7.760000228881836,7.769999980926514,34463031,267777750.21266985,1.0
2025-12-30,7.75,7.760000228881836,7.690000057220459,7.699999809265137,36639117,282121193.911643,1.0
2025-12-31,7.690000057220459,7.71999979019165,7.670000076293945,7.670000076293945,27692600,212402244.1127777,1.0
2026-01-05,7.679999828338623,7.710000038146973,7.670000076293945,7.710000038146973,33601072,259064266.4017792,1.0
2026-01-06,7.699999809265137,7.789999961853027,7.690000057220459,7.769999980926514,47914225,372293527.3361087,1.0
2026-01-07,7.769999980926514,7.840000152587891,7.760000228881836,7.789999961853027,45464948,354171943.1856499,1.0
2026-01-08,7.789999961853027,7.809999942779541,7.75,7.800000190734863,32952430,257028960.28517723,1.0
2026-01-09,7.800000190734863,7.809999942779541,7.769999980926514,7.800000190734863,41294612,322097981.4763222,1.0
2026-01-12,7.789999961853027,7.820000171661377,7.78000020980835,7.809999942779541,49477516,386419397.1288738,1.0
2026-01-13,7.809999942779541,7.869999885559082,7.78000020980835,7.820000171661377,70690263,552797868.7947879,1.0
2026-01-14,7.820000171661377,7.849999904632568,7.659999847412109,7.670000076293945,128063564,982247545.6504744,1.0
2026-01-15,7.670000076293945,7.699999809265137,7.659999847412109,7.670000076293945,56223696,431235752.6095276,1.0
2026-01-16,7.679999828338623,7.869999885559082,7.510000228881836,7.53000020980835,238015522,1792256930.597644,1.0
2026-01-19,7.519999980926514,7.550000190734863,7.449999809265137,7.510000228881836,60762559,456326831.99744606,1.0
2026-01-20,7.510000228881836,7.650000095367432,7.5,7.639999866485596,85503049,653243282.9441113,1.0
2026-01-21,7.630000114440918,7.650000095367432,7.579999923706055,7.599999904632568,63767390,484632157.9186678,1.0
2026-01-22,7.599999904632568,7.670000076293945,7.519999980926514,7.53000020980835,112884683,850021686.674149,1.0
2026-01-23,7.539999961853027,7.550000190734863,7.369999885559082,7.389999866485596,183067567,1352869295.6878428,1.0
2026-01-26,7.400000095367432,7.5,7.309999942779541,7.489999771118164,311841895,2335695722.1750546,1.0
2026-01-27,7.449999809265137,7.449999809265137,7.320000171661377,7.329999923706055,152016332,1114279701.9620745,1.0
2026-01-28,7.329999923706055,7.590000152587891,7.300000190734863,7.320000171661377,411479076,3012026906.955065,1.0
2026-01-29,7.360000133514404,7.380000114440918,7.210000038146973,7.329999923706055,259681078,1903462281.927906,1.0
2026-01-30,7.309999942779541,7.389999866485596,7.25,7.269999980926514,139404477,1013470545.1310706,1.0
2026-02-02,7.25,7.260000228881836,7.119999885559082,7.130000114440918,143760208,1025010299.4920502,1.0
2026-02-03,7.190000057220459,7.210000038146973,7.119999885559082,7.170000076293945,63987545,458790702.5318623,1.0
2026-02-04,7.150000095367432,7.289999961853027,7.139999866485596,7.28000020980835,107877943,785351447.6736932,1.0
2026-02-05,7.260000228881836,7.28000020980835,7.230000019073486,7.269999980926514,67865989,493385738.735559,1.0
2026-02-06,7.230000019073486,7.260000228881836,7.210000038146973,7.230000019073486,54722219,395641644.4137435,1.0
2026-02-09,7.269999980926514,7.289999961853027,7.239999771118164,7.260000228881836,50353287,365564875.1449528,1.0
2026-02-10,7.25,7.260000228881836,7.21999979019165,7.230000019073486,39909100,288542793.7612057,1.0
2026-02-11,7.239999771118164,7.25,7.21999979019165,7.239999771118164,31650965,229152979.35566905,1.0
2026-02-12,7.25,7.269999980926514,7.21999979019165,7.239999771118164,47749789,345708461.4309406,1.0
2026-02-13,7.230000019073486,7.239999771118164,7.170000076293945,7.170000076293945,57323789,411011571.503458,1.0
2026-02-24,7.21999979019165,7.340000152587891,7.210000038146973,7.340000152587891,127945865,939122668.6229897,1.0
2026-02-25,7.309999942779541,7.510000228881836,7.269999980926514,7.289999961853027,298263425,2174340356.8721533,1.0
2026-02-26,7.300000190734863,7.380000114440918,7.28000020980835,7.360000133514404,137976160,1015504556.0218048,1.0
2026-02-27,7.340000152587891,7.389999866485596,7.329999923706055,7.360000133514404,87397536,643245876.62883,1.0
2026-03-02,7.300000190734863,7.369999885559082,7.269999980926514,7.349999904632568,118593887,871665058.1400056,1.0
2026-03-03,7.340000152587891,7.360000133514404,7.239999771118164,7.25,117648639,852952632.75,1.0
2026-03-04,7.239999771118164,7.25,7.119999885559082,7.139999866485596,122505314,874687925.603776,1.0
2026-03-05,7.190000057220459,7.260000228881836,7.179999828338623,7.199999809265137,94286132,678860132.4163475,1.0
2026-03-06,7.179999828338623,7.28000020980835,7.170000076293945,7.269999980926514,76762154,558060858.1158781,1.0
2026-03-09,7.21999979019165,7.269999980926514,7.199999809265137,7.21999979019165,82654052,596762238.0984898,1.0
2026-03-10,7.25,7.300000190734863,7.210000038146973,7.28000020980835,78729447,573150390.6780953,1.0
2026-03-11,7.269999980926514,7.389999866485596,7.230000019073486,7.369999885559082,107407669,791594508.2381678,1.0
2026-03-12,7.360000133514404,7.409999847412109,7.340000152587891,7.409999847412109,105793633,783930804.3871727,1.0
2026-03-13,7.389999866485596,7.590000152587891,7.369999885559082,7.510000228881836,208880437,1568692129.678938,1.0
2026-03-16,7.53000020980835,7.53000020980835,7.349999904632568,7.369999885559082,144861300,1067627764.4219398,1.0
2026-03-17,7.389999866485596,7.429999828338623,7.329999923706055,7.329999923706055,79983417,586278440.5077496,1.0
2026-03-18,7.349999904632568,7.360000133514404,7.230000019073486,7.289999961853027,78437781,571811420.4978361,1.0
2026-03-19,7.239999771118164,7.269999980926514,7.179999828338623,7.190000057220459,90590226,651343730.1236143,1.0
2026-03-20,7.179999828338623,7.21999979019165,7.139999866485596,7.159999847412109,68096983,487574387.889225,1.0
2026-03-23,7.099999904632568,7.110000133514404,6.889999866485596,6.900000095367432,132187748,912095473.806406,1.0
2026-03-24,6.960000038146973,6.989999771118164,6.900000095367432,6.989999771118164,55393979,387203900.5313244,1.0
2026-03-25,6.980000019073486,7.070000171661377,6.96999979019165,7.050000190734863,55300955,389871743.2978201,1.0
2026-03-26,7.050000190734863,7.059999942779541,6.929999828338623,6.960000038146973,68418915,476195651.0099745,1.0
2026-03-27,6.929999828338623,7.0,6.909999847412109,6.989999771118164,37895614,264890333.1863823,1.0
2026-03-30,6.929999828338623,7.090000152587891,6.909999847412109,7.039999961853027,59459547,418595208.6117983,1.0
2026-03-31,7.0,7.110000133514404,6.96999979019165,7.050000190734863,78114195,550705089.6491003,1.0
2026-04-01,7.099999904632568,7.139999866485596,7.03000020980835,7.050000190734863,67473966,475691473.1696377,1.0
2026-04-02,7.050000190734863,7.050000190734863,6.940000057220459,6.96999979019165,54643867,380867741.5252605,1.0
2026-04-03,6.96999979019165,6.980000019073486,6.900000095367432,6.909999847412109,45738285,316051542.3708916,1.0
2026-04-07,6.929999828338623,6.940000057220459,6.889999866485596,6.909999847412109,35439708,244888376.8723297,1.0
2026-04-08,6.96999979019165,7.039999961853027,6.960000038146973,7.039999961853027,62355168,438980380.3413391,1.0
2026-04-09,7.010000228881836,7.010000228881836,6.960000038146973,6.96999979019165,36994669,257852835.16820955,1.0
2026-04-10,6.980000019073486,7.019999980926514,6.980000019073486,6.989999771118164,37238137,260294569.10686684,1.0
2026-04-13,6.960000038146973,6.96999979019165,6.920000076293945,6.929999828338623,51491582,356836654.42088413,1.0
2026-04-14,6.949999809265137,6.96999979019165,6.929999828338623,6.960000038146973,35850128,249516892.24757385,1.0
2026-04-15,6.980000019073486,6.989999771118164,6.960000038146973,6.960000038146973,30914379,215164079.01929,1.0
2026-04-16,6.96999979019165,6.980000019073486,6.940000057220459,6.960000038146973,41267765,287223645.9742403,1.0
2026-04-17,6.949999809265137,6.960000038146973,6.909999847412109,6.929999828338623,57842436,400848071.5506878,1.0
2026-04-20,6.920000076293945,6.929999828338623,6.900000095367432,6.900000095367432,58976764,406939677.2244625,1.0
2026-04-21,6.900000095367432,6.920000076293945,6.889999866485596,6.889999866485596,55230106,380535422.9659853,1.0
2026-04-22,6.889999866485596,6.889999866485596,6.860000133514404,6.880000114440918,39969933,274993143.6141958,1.0
2026-04-23,6.869999885559082,6.889999866485596,6.849999904632568,6.860000133514404,46742099,320650805.3807435,1.0
2026-04-24,6.849999904632568,6.860000133514404,6.800000190734863,6.809999942779541,59731132,406769005.5021572,1.0
2026-04-27,6.809999942779541,6.809999942779541,6.739999771118164,6.739999771118164,56003175,377461386.6818905,1.0
2026-04-28,6.739999771118164,6.78000020980835,6.730000019073486,6.760000228881836,45136946,305125765.29102707,1.0
2026-04-29,6.769999980926514,6.800000190734863,6.75,6.789999961853027,43624940,296213340.9358406,1.0
2026-04-30,6.760000228881836,6.769999980926514,6.730000019073486,6.75,54590072,368482986.0,1.0
2026-05-06,6.75,6.760000228881836,6.710000038146973,6.71999979019165,80206468,538987448.1320133,1.0
2026-05-07,6.730000019073486,6.78000020980835,6.710000038146973,6.760000228881836,67192630,454222194.1791725,1.0
2026-05-08,6.75,6.760000228881836,6.71999979019165,6.75,42568931,287340284.25,1.0
2026-05-11,6.75,6.789999961853027,6.75,6.78000020980835,49816764,337757670.37197304,1.0
2026-05-12,6.78000020980835,6.800000190734863,6.75,6.760000228881836,55235453,373391674.9223919,1.0
2026-05-13,6.760000228881836,6.760000228881836,6.730000019073486,6.75,51600124,348300837.0,1.0
2026-05-14,6.75,6.760000228881836,6.659999847412109,6.659999847412109,61458042,409310550.342247,1.0
2026-05-15,6.659999847412109,6.670000076293945,6.579999923706055,6.590000152587891,64862334,427442790.9572067,1.0
2026-05-18,6.579999923706055,6.579999923706055,6.46999979019165,6.5,64086420,416561730.0,1.0
2026-05-19,6.550000190734863,6.619999885559082,6.510000228881836,6.590000152587891,65420265,431119556.3323402,1.0
2026-05-20,6.579999923706055,6.579999923706055,6.480000019073486,6.489999771118164,46298785,300479104.0530491,1.0
2026-05-21,6.5,6.519999980926514,6.420000076293945,6.420000076293945,45063601,289308321.8580799,1.0
2026-05-22,6.429999828338623,6.440000057220459,6.329999923706055,6.369999885559082,54184140,345152965.5991173,1.0
2026-05-25,6.369999885559082,6.409999847412109,6.329999923706055,6.349999904632568,55238320,350763326.7320633,1.0
2026-05-26,6.340000152587891,6.349999904632568,6.289999961853027,6.340000152587891,55875884,354253113.0859833,1.0
2026-05-27,6.320000171661377,6.340000152587891,6.21999979019165,6.260000228881836,63881701,399899462.881361,1.0
2026-05-28,6.239999771118164,6.289999961853027,6.199999809265137,6.230000019073486,47174779,293898874.0697875,1.0
2026-05-29,6.239999771118164,6.449999809265137,6.239999771118164,6.400000095367432,90031117,576199157.3860364,1.0
2026-06-01,6.400000095367432,6.5,6.349999904632568,6.489999771118164,59709615,387515387.6835537,1.0
2026-06-02,6.489999771118164,6.5,6.420000076293945,6.440000057220459,50108987,322701879.14725924,1.0
2026-06-03,6.440000057220459,6.440000057220459,6.340000152587891,6.389999866485596,50191405,320723071.24872446,1.0
2026-06-04,6.380000114440918,6.409999847412109,6.260000228881836,6.309999942779541,39529778,249432896.918088,1.0
2026-06-05,6.309999942779541,6.409999847412109,6.309999942779541,6.360000133514404,40360401,256692155.7486949,1.0
2026-06-08,6.340000152587891,6.349999904632568,6.21999979019165,6.25,48702175,304388593.75,1.0
2026-06-09,6.25,6.289999961853027,6.21999979019165,6.269999980926514,31370798,196694902.8616495,1.0
2026-06-10,6.25,6.320000171661377,6.21999979019165,6.320000171661377,39389627,248942449.4016776,1.0
2026-06-11,6.28000020980835,6.340000152587891,6.239999771118164,6.309999942779541,39588925,249806114.48470357,1.0
2026-06-12,6.329999923706055,6.440000057220459,6.309999942779541,6.409999847412109,62682407,401794219.3054237,1.0
