date,open,high,low,close,volume,amount,factor
2021-04-06,12.058589993265803,12.077213724802633,11.918915558853168,11.928227424621582,16275608,194139153.6979904,1.0
2021-04-07,11.965472920499645,12.077212635557611,11.872356047270507,11.974783897399902,18629636,223085865.1872216,1.0
2021-04-08,11.937537898899222,12.170329205121304,11.928226921551891,11.993408203125,26927847,322956661.1022949,1.0
2021-04-09,11.95615991760216,11.984094621700793,11.695433940615724,11.723368644714355,30470791,357220315.7890444,1.0
2021-04-12,11.64887635503002,11.714057632006709,11.080865039564737,11.118111610412598,54581720,606845654.8482895,1.0
2021-04-13,11.173982738013477,11.248475885224629,10.913256722774436,11.080865859985352,31456967,348570431.6889858,1.0
2021-04-14,11.071554882605229,11.211229311619052,11.006372712774196,11.080865859985352,34225907,379252684.40333366,1.0
2021-04-15,11.07155506742437,11.07155506742437,10.857386599595884,10.987750053405762,26792335,294387480.32711506,1.0
2021-04-16,11.034307612704744,11.090177025573416,10.969125446986885,11.07155418395996,18399547,203711581.57081795,1.0
2021-04-19,11.071554030462076,11.341591890325624,11.006371865647912,11.29503345489502,41118107,464430394.1669531,1.0
2021-04-20,11.26709820960348,11.397460756936054,11.127422909996543,11.14604663848877,25048972,279197010.1581993,1.0
2021-04-21,11.06224231913908,11.155358303262968,11.015683883062982,11.07155418395996,15617201,172906687.0732937,1.0
2021-04-22,11.155358303262968,11.220540468980827,11.034307612704744,11.07155418395996,23378437,258835631.9817944,1.0
2021-04-23,11.024996182157576,11.08086559722694,10.950503036712863,11.006372451782228,21709460,238942402.48706812,1.0
2021-04-26,10.987749450934748,11.108801032543298,10.70839971553258,10.754958152770996,35146404,377998104.2403832,1.0
2021-04-27,10.754956874832937,10.782891578645364,10.484919036570869,10.727022171020508,34830458,373627095.1927986,1.0
2021-04-28,10.70839988043235,10.736334587994238,10.503543286245709,10.531478881835938,28740199,302676798.8282623,1.0
2021-04-29,10.522166290471237,10.83876258108446,10.410426579906854,10.736333847045898,47211524,506878683.09181976,1.0
2021-04-30,10.801516244824777,10.829450951063782,10.578035930827816,10.596659660339355,27256534,288828214.3184681,1.0
2021-05-06,10.727022805469351,10.810826921863224,10.391802787780762,10.391802787780762,31627748,328669319.8376274,1.0
2021-05-07,10.345244031289052,10.447672761518014,10.317309326693993,10.36386775970459,21138119,219072670.00489905,1.0
2021-05-10,10.363867627178765,10.410426059594004,9.861038510756291,10.065895080566406,48581521,489016493.2403336,1.0
2021-05-11,10.010025679589416,10.857385850846873,9.97277910793068,10.587347984313965,63440663,671668375.5365915,1.0
2021-05-12,10.522166306823864,10.54078914793273,10.363868161271238,10.475607872009276,29892584,313142988.2650986,1.0
2021-05-13,10.307997970478592,10.531478282337224,10.307997970478592,10.382491111755373,21249327,220620948.70828345,1.0
2021-05-14,10.391803025140042,11.425396919250488,10.382491160429716,11.425396919250488,110720408,1265024608.461357,1.0
2021-05-17,11.658189041855412,12.458990815569162,11.45333244373204,11.993408203125,234237854,2809310199.645996,1.0
2021-05-18,11.620941935347505,12.039967009770256,11.583695360735303,11.76061725616455,117487525,1381725813.899064,1.0
2021-05-19,11.639563727103544,11.94684813845682,11.639563727103544,11.807173728942873,89767600,1059901648.430252,1.0
2021-05-20,11.807175406049314,12.32862743779546,11.760616966922033,12.077213287353516,131884628,1592798781.6792755,1.0
2021-05-21,11.974784001633164,11.984095866642797,11.704746132552136,11.797863006591797,73684726,869322303.0262527,1.0
2021-05-24,11.7978629781848,12.328626850059246,11.7978629781848,12.058588981628418,101885138,1228591002.4784908,1.0
2021-05-25,12.012030749393102,13.138740679222092,11.965473199720403,12.701093673706056,153096735,1944495972.3735523,1.0
2021-05-26,12.896638034375822,12.896638034375822,12.384497010305145,12.412431716918944,115350854,1431784598.7632866,1.0
2021-05-27,12.282068769641452,12.524171938166075,12.188952781151608,12.347250938415527,77738749,959859841.5414993,1.0
2021-05-28,12.272758039401769,12.570730629411331,12.105148013507208,12.291380882263184,80906480,994452361.5232086,1.0
2021-05-31,12.31000373540753,12.375185012817385,12.123770879930596,12.375185012817385,53615181,663497784.3706913,1.0
2021-06-01,12.263444271720726,12.272756135721211,11.87235486398257,12.03065299987793,65231861,784781884.2272701,1.0
2021-06-02,12.030655667332177,12.17033010619538,11.816487187976382,11.9096040725708,46054036,548485334.7039223,1.0
2021-06-03,11.872356663083686,12.114459835614554,11.807175381259364,11.816486358642578,44689951,528078196.3599053,1.0
2021-06-04,11.732682258657007,12.431056181481154,11.723370393225878,12.077213287353516,87161197,1052664366.5500374,1.0
2021-06-07,11.99340602899758,12.5334816904873,11.918912895552667,12.179638862609863,67084258,817062035.8061466,1.0
2021-06-08,12.105147054037678,12.756962487034048,12.058588618531877,12.552105903625488,113138192,1420122567.728714,1.0
2021-06-09,12.645222990061509,12.645222990061509,12.20757510969644,12.282068252563477,63956627,785519658.0177441,1.0
2021-06-10,12.28206952267344,12.403121114357605,12.151706953189263,12.226200103759766,47724997,583495363.2733345,1.0
2021-06-11,12.570729594305606,12.65453460035217,11.937537004645602,11.94684886932373,93780549,1120382045.7852087,1.0
2021-06-15,11.779239346688833,11.807174941884012,11.350903322007694,11.360215187072754,71716507,814714951.9852095,1.0
2021-06-16,11.350903783978811,11.760616983233104,11.295034367371278,11.555760383605955,54180203,626093443.4031286,1.0
2021-06-17,11.42539750257166,11.648876938859392,11.42539750257166,11.527825355529783,39026313,449888520.5342417,1.0
2021-06-18,11.49989004055123,11.779238877140902,11.397461304975277,11.68612289428711,48671671,568783128.77631,1.0
2021-06-21,11.714060217539409,11.918916846432854,11.574385768037988,11.611632347106934,38287008,444574660.56674194,1.0
2021-06-22,11.714058544041247,11.760616983233104,11.509201944414102,11.555760383605955,31564253,364748944.3555155,1.0
2021-06-23,11.555759133464274,11.760615710929333,11.41608471902753,11.658187866210938,38092237,444086455.1902313,1.0
2021-06-24,11.639564403970978,11.89097942135033,11.602317833399402,11.732681274414062,44583228,523080804.3085327,1.0
2021-06-25,11.760616351099577,12.282068355540874,11.639564770918623,12.105147361755373,87742043,1062130360.3364764,1.0
2021-06-28,12.23551144756926,12.23551144756926,11.956161700833926,12.077213287353516,48401334,584553234.1104355,1.0
2021-06-29,12.0492763367502,12.17963977404838,11.863043489201562,11.965472221374512,38344654,458811892.27521706,1.0
2021-06-30,12.012028868344707,12.21688542933232,11.918912895552667,12.179638862609863,46650759,568189397.2866468,1.0
2021-07-01,12.337938361311252,12.431055232456997,11.481266343672283,11.509201049804688,66307276,763143770.5488892,1.0
2021-07-02,11.425397462065542,11.54644815693765,11.173982431111922,11.183294296264648,41806740,467537076.9874191,1.0
2021-07-05,11.201917386929235,11.313657107154633,10.987749811837649,11.127424240112305,31311939,348421229.03351784,1.0
2021-07-06,11.17398275069298,11.22054118975987,11.0529311643304,11.21122932434082,24852167,278623343.44381523,1.0
2021-07-07,11.127423178044184,11.295033186398753,11.090176608190756,11.220540046691896,25366024,284620488.1173477,1.0
2021-07-08,11.285723178143042,11.462645080067194,11.239164736161507,11.26710033416748,33095560,372890995.1354599,1.0
2021-07-09,11.201916639108555,11.341591946087089,11.13673536200222,11.248475074768066,28042942,315440334.11016655,1.0
2021-07-12,11.425397748503269,11.602318750698862,11.295034297181848,11.47195529937744,42764319,490590355.9763174,1.0
2021-07-13,11.434708007726686,11.462643602130782,11.267098881443632,11.332280158996582,27921572,316415076.3835945,1.0
2021-07-14,11.27640887683802,11.341591036746513,11.07155319720627,11.201915740966797,33202437,371930901.6687584,1.0
2021-07-15,11.173982634172509,11.341592657854168,11.108801352975574,11.304346084594728,30040723,339590729.42344475,1.0
2021-07-16,11.38814916701819,11.38814916701819,11.155357883427188,11.220540046691896,35285228,395919313.8306541,1.0
2021-07-19,11.173983186914626,11.201917896233962,11.00637315494182,11.062243461608888,25875016,286235726.5650253,1.0
2021-07-20,10.98774879130008,11.183293505539504,10.941190356856737,11.043618202209473,21812692,240891042.4103889,1.0
2021-07-21,11.043617284883416,11.34159070775301,11.024994445469927,11.173980712890623,32752278,365973322.67523193,1.0
2021-07-22,11.173982214361947,11.527825091046807,11.127423777529776,11.45333194732666,50812244,581969497.5205574,1.0
2021-07-23,11.43470734704068,11.900289903868392,11.313655775702085,11.53713607788086,72784949,839729861.0346184,1.0
2021-07-26,11.546448744211188,11.676812198894886,11.12742455933782,11.155359268188477,60394514,673722501.4976387,1.0
2021-07-27,11.127423278035376,11.23916298859976,10.708399141411872,10.736333847045898,52982999,568843165.481699,1.0
2021-07-28,10.680464341844832,10.876009055619786,10.540789038846563,10.568724632263184,30883041,326394356.1358938,1.0
2021-07-29,10.708399429781878,10.74564600097303,10.438361566638944,10.550101280212402,48608680,512826497.097435,1.0
2021-07-30,10.456984566404232,10.503543003104545,10.2614407307139,10.326622009277344,33704984,348058629.5967407,1.0
2021-08-02,10.261439679570644,10.894631334536824,10.149699087724857,10.680463790893556,57322754,612233598.4912987,1.0
2021-08-03,10.633906571162443,10.95050287874968,10.57803626887068,10.754958152770996,49520074,532586323.59212303,1.0
2021-08-04,10.70839844312674,10.801515306539132,10.615281579714347,10.727022171020508,32737264,351173356.7465515,1.0
2021-08-05,10.708400326692852,10.801517206484142,10.438362440932169,10.466297149658203,33679692,352501664.3809662,1.0
2021-08-06,10.512855209424943,10.615283063069022,10.419738333000618,10.484920501708984,24901313,261088287.19317245,1.0
2021-08-09,10.466295728260144,10.792203875240611,10.43836102332784,10.661840438842772,38015838,405318798.9048958,1.0
2021-08-10,10.689775134251668,10.922566413879396,10.568724450310116,10.922566413879396,48140345,525816115.4495669,1.0
2021-08-11,10.922566261476156,10.96912469435772,10.754957146342068,10.801515579223633,36649931,395874800.6739712,1.0
2021-08-12,10.782891578645364,10.866696578110872,10.699086579179856,10.727022171020508,24433931,262103319.5621853,1.0
2021-08-13,10.736332805946878,10.810825939099557,10.578034675990388,10.652527809143066,25805702,274895958.18945885,1.0
2021-08-16,10.717710764500287,10.913255475589484,10.699087035811669,10.792203903198242,42664966,460449012.5950203,1.0
2021-08-17,10.727022171020508,11.285720687410189,10.70839844312674,10.727022171020508,71670140,768807180.7801437,1.0
2021-08-18,10.633908536511507,11.6209433258528,10.633908536511507,11.611632347106934,123336131,1432133808.2866182,1.0
2021-08-19,11.546448487171398,11.7792397944775,11.155359019854876,11.21122932434082,95677571,1072663189.6769007,1.0
2021-08-20,11.16466999053955,11.3788384378725,10.969125272552205,11.16466999053955,55290254,617297439.6031094,1.0
2021-08-23,11.183292662834452,11.33227893140383,11.099487664757126,11.25778579711914,48029155,540701939.0066338,1.0
2021-08-24,11.295033146802895,11.46264315456989,11.090176569313044,11.350902557373049,58264440,661353980.9999084,1.0
2021-08-25,11.257787251201057,11.360215102065268,11.1274238053507,11.19260597229004,38320233,428903268.7353458,1.0
2021-08-26,11.229851394840114,12.300690894912725,11.1367345304737,11.723368644714355,121731617,1427104621.808177,1.0
2021-08-27,11.6395644794182,11.825797333483234,11.397461325119512,11.425396919250488,66678618,761829676.6770802,1.0
2021-08-30,11.444019190138365,11.518512328050765,11.080864476794233,11.14604663848877,57595283,641959710.4749594,1.0
2021-08-31,11.146047334626743,11.667499332581365,11.11811174014366,11.54644775390625,72441982,836447560.352417,1.0
2021-09-01,11.695435326688417,12.701093673706056,11.5836947209946,12.701093673706056,203650432,2586583213.522705,1.0
2021-09-02,13.175987367280536,13.82780372475228,12.905949491881342,13.129429817199709,326434276,4285895916.670399,1.0
2021-09-03,13.40877891863152,13.548454235551068,12.226199541671516,12.337939262390137,253945746,3133167190.090353,1.0
2021-09-06,12.207575129685011,12.719716153755687,12.207575129685011,12.412431716918944,126155226,1565893128.4574776,1.0
2021-09-07,12.319313790790616,12.812831930929333,12.20757408586154,12.766273498535156,118735995,1515816186.2907028,1.0
2021-09-08,12.784897645021584,12.989754235671011,12.524171640213066,12.533483505249023,96522576,1209764114.1801453,1.0
2021-09-09,12.337937387685978,12.505547387310369,12.272756115844594,12.468300819396973,72315102,901646445.5213757,1.0
2021-09-10,12.524171622100958,12.84076792863904,12.3844971988769,12.403120040893556,96753264,1200042347.740265,1.0
2021-09-13,12.384497569945331,12.61728887431262,12.235511277234806,12.300692558288574,71156555,875274906.5619516,1.0
2021-09-14,12.310002810624836,12.365872219056603,11.900289671326766,11.937536239624023,76952215,918619855.2818394,1.0
2021-09-15,11.956161130854078,12.244821841231,11.956161130854078,12.058588981628418,52327356,630994078.4993477,1.0
2021-09-16,12.105146523898648,12.151704957365448,11.732680832220762,11.751303672790527,54538672,640900496.5827179,1.0
2021-09-17,11.872356559420473,12.04927756055387,11.760616839542273,12.039966583251951,41818868,503497773.2694245,1.0
2021-09-22,11.863044257038624,12.077212711602836,11.825797685118108,12.058588981628418,33070507,398783651.3270655,1.0
2021-09-23,12.058587399088731,12.244820234250572,11.974782401258851,12.086522102355955,46845323,566197031.8315039,1.0
2021-09-24,12.049276309203284,12.105146607354277,11.797862187594468,11.835108757019045,36441808,431292760.9824066,1.0
2021-09-27,11.75130428322636,11.90029056763679,11.565071427713324,11.593006134033203,41578061,482014716.2142067,1.0
2021-09-28,11.648876831793627,11.816485963454747,11.611630259421345,11.70474624633789,30215168,353660874.23046875,1.0
2021-09-29,11.6023183200566,11.695435194405457,11.462643896561646,11.620941162109377,30063230,349363026.9729614,1.0
2021-09-30,11.686123005803871,11.714057712123752,11.546447698147867,11.593006134033203,24843928,288015809.69747925,1.0
2021-10-08,11.68612289428711,11.769927900475327,11.593006023405025,11.68612289428711,22525298,263233400.65843964,1.0
2021-10-11,11.72336990149878,11.82579775285986,11.565071747922724,11.620941162109377,23006164,267353278.20983887,1.0
2021-10-12,11.574382587879274,11.59300542828272,11.164669442664508,11.276409149169922,34742781,391773813.5360069,1.0
2021-10-13,11.248475019464417,11.397461302419712,11.071554030462076,11.29503345489502,22720208,256625509.46217343,1.0
2021-10-14,11.295032689255883,11.341591121530502,11.173981120553169,11.285720825195312,17571249,198304210.7639923,1.0
2021-10-15,11.285721013385768,11.43470728872632,11.229851604147186,11.276409149169922,22981397,259147635.3915062,1.0
2021-10-18,11.313656121149885,11.39746112602227,11.211228275210456,11.38814926147461,19867836,226257881.87049863,1.0
2021-10-19,11.360214754306506,11.593006043894867,11.34159191291415,11.425396919250488,24081094,275136057.1997814,1.0
2021-10-20,11.434708007726686,11.462643602130782,11.30434545262079,11.332280158996582,19522467,221234065.4387656,1.0
2021-10-21,11.369526420407569,11.518512701057018,11.220540139758118,11.38814926147461,32909101,374773754.2489433,1.0
2021-10-22,11.378838594975104,11.453331737329416,11.28572172301806,11.332280158996582,21843627,247538100.85262203,1.0
2021-10-25,11.47195483548131,11.807174871601427,11.36021511945071,11.797863006591797,59297285,699581245.0928307,1.0
2021-10-26,11.732681575859496,11.788550989138155,11.602318131495435,11.630252838134766,32977862,383540873.12111664,1.0
2021-10-27,11.60231677026976,11.84441990081504,11.490577068793831,11.518511772155762,42865728,493749392.59002686,1.0
2021-10-28,11.62094050188181,12.179639940176552,11.565071090869305,11.825797080993652,86739964,1025769213.0766944,1.0
2021-10-29,11.695434272353785,11.741991817829351,11.062241707969577,11.490577697753906,74545894,856575387.0555267,1.0
2021-11-01,11.46264266772792,11.88166678132032,11.295032667079663,11.723368644714355,55546334,651190150.3444309,1.0
2021-11-02,11.62093969302308,11.695433715901835,11.14604618035793,11.341590881347656,62376865,707452883.2910538,1.0
2021-11-03,11.201916278481615,11.41608472040925,11.183293437634322,11.350902557373049,25377853,288061536.51833725,1.0
2021-11-04,11.388150026001515,11.583694754488604,11.313656880675804,11.397461891174316,32577153,371296859.8404551,1.0
2021-11-05,11.360214045294674,11.509200319248192,11.322967476806294,11.369525909423828,28223725,320890372.64795303,1.0
2021-11-08,11.322968326211416,11.639564626126583,11.28572175492894,11.54644775390625,30180622,348478975.10339355,1.0
2021-11-09,11.546448164604753,11.872356340939929,11.53713718747418,11.788551330566406,47393293,558698267.2550735,1.0
2021-11-10,11.732680860120558,11.94684841133756,11.667498697900736,11.881667137145996,47372187,562860557.4926348,1.0
2021-11-11,11.928226160791125,12.049276850841256,11.769928011613812,11.984095573425291,61075484,731934437.4492073,1.0
2021-11-12,11.91891523331434,11.965473672856378,11.704746766632322,11.85373306274414,40528966,480419544.27303314,1.0
2021-11-15,11.779238877140902,11.900290454076297,11.620940729458331,11.68612289428711,42071364,491651130.0342865,1.0
2021-11-16,11.68612134749388,11.779237318022696,11.350901367111245,11.406771659851074,43037226,490915809.8554058,1.0
2021-11-17,11.369527052137814,11.462643926731756,11.295033907673991,11.360215187072754,29473355,334823655.0849867,1.0
2021-11-18,11.294331923507473,11.360215239164884,11.190800870675416,11.209624290466309,26889689,301423310.9774847,1.0
2021-11-19,11.200212508275136,11.6237506877184,11.181389087851484,11.473158836364746,46223405,530328467.5226164,1.0
2021-11-22,11.388450927100036,11.595513018434367,11.379038769059532,11.529629707336426,84409693,973212503.9999475,1.0
2021-11-23,11.510805290538109,12.160229828165868,11.473157556298297,11.90610694885254,141084279,1679764514.5757504,1.0
2021-11-24,11.868460053418444,12.150818528969175,11.774341159963432,12.009639739990234,102896046,1235744443.1294632,1.0
2021-11-25,12.019052390124193,12.075523548987976,11.859049277355323,11.97199249267578,45711287,547255184.794548,1.0
2021-11-26,11.953167450514853,12.02846292283362,11.793164347439262,11.915519714355469,41981363,500229758.4620133,1.0
2021-11-29,11.755516919027205,11.849636710686038,11.642573707592312,11.783753395080566,42390538,499519646.07679176,1.0
2021-11-30,11.793164420123992,11.89669636839502,11.520218106888,11.6896333694458,41003399,479314701.2111006,1.0
2021-12-01,11.651985903994552,12.122583068626357,11.633161586564707,12.056699752807615,75911766,915245370.3673896,1.0
2021-12-02,12.047288288407758,12.24493914484794,11.981404071199092,12.03787612915039,61282560,737711866.1572266,1.0
2021-12-03,12.000227506344135,12.452000346326644,12.000227506344135,12.235526084899902,78658226,962424776.0149516,1.0
2021-12-06,12.442588844345837,12.687298679133317,12.122582640093558,12.141406059265137,131939475,1601930741.221261,1.0
2021-12-07,12.235525150502651,12.423763819453368,12.047286481551934,12.160229682922363,71107129,864679020.7331896,1.0
2021-12-08,11.877871455174676,11.877871455174676,11.237859071054146,11.604925155639648,159669682,1852954709.2347832,1.0
2021-12-09,11.510807474559442,12.762596895127253,11.491984052664437,12.593181610107422,308548192,3885603417.326294,1.0
2021-12-10,12.3767044473994,12.555531863604452,12.047286987304688,12.047286987304688,184372510,2221188540.5397034,1.0
2021-12-13,12.423766325087591,13.204957631978877,12.207292036533769,12.593181610107422,245539662,3092125556.050392,1.0
2021-12-14,12.51788292964557,12.64023828228275,12.282584381710851,12.376703262329102,108540494,1343373486.1846125,1.0
2021-12-15,12.28258577444942,13.10142470640034,12.25435019682155,12.640239715576172,147774398,1867903814.54496,1.0
2021-12-16,12.583766387798892,13.007303599677464,12.546118655578413,12.922595977783203,118331146,1529145591.346077,1.0
2021-12-17,12.99789313438258,13.063776445397703,12.724946834700622,12.753182411193848,95752380,1221147568.4459496,1.0
2021-12-20,12.602591500312116,12.715534704121628,12.423764087752463,12.45199966430664,74586657,928753027.9257544,1.0
2021-12-21,12.508471954617066,12.593179583495036,12.329645436224649,12.546119689941406,67116512,842051792.7233887,1.0
2021-12-22,12.51788292964557,12.536706346732128,12.310819956137053,12.376703262329102,50909108,630086923.0658646,1.0
2021-12-23,12.470824143980982,12.480236302153427,12.19787784012964,12.348468780517578,44623909,551036947.1511574,1.0
2021-12-24,12.348469818858153,12.499060771908772,12.075523492055687,12.122583389282228,51090785,619352301.5863895,1.0
2021-12-27,12.131993484869945,12.348467718664642,12.06610928092104,12.226112365722656,35363535,432358552.559166,1.0
2021-12-28,12.348468780517578,12.461411985808532,12.150817946860206,12.348468780517578,45633952,563509431.6036377,1.0
2021-12-29,12.386116791645446,12.386116791645446,12.122582640093558,12.141406059265137,39534679,480006591.16170216,1.0
2021-12-30,12.113171120252206,12.461412920415686,12.075523382331635,12.423765182495115,63177504,784902474.512146,1.0
2021-12-31,12.40494155883789,12.489649192167828,12.282586188204968,12.40494155883789,48273557,598830653.4222298,1.0
2022-01-04,12.423765559654324,12.43317771881842,12.20729128443757,12.33905792236328,43651585,538619435.7179642,1.0
2022-01-05,12.357881103525967,12.47082431032342,12.244937896728516,12.244937896728516,53191229,651323295.7556648,1.0
2022-01-06,12.16023068759253,12.197878424493108,11.92493210756573,12.009639739990234,60967839,732201782.1157265,1.0
2022-01-07,12.047287969556084,12.188466764308432,11.943756015651,11.97199249267578,38729076,463664207.1202698,1.0
2022-01-10,12.000227698110942,12.160230805893184,11.971992119559037,12.056699752807615,32206419,388303123.99611855,1.0
2022-01-11,12.056698877851602,12.376704172600403,12.019051143316872,12.254349708557127,62539905,766385866.6099405,1.0
2022-01-12,12.141406035841651,12.254350141024538,12.084934880843036,12.21670150756836,36523620,446198163.5158539,1.0
2022-01-13,12.21670146808794,12.310821256238569,12.09434700012207,12.09434700012207,33322317,403011664.64606667,1.0
2022-01-14,12.000227273232138,12.000227273232138,11.699045385761115,11.71786880493164,49122157,575606991.1412544,1.0
2022-01-17,11.680221646504847,11.896696812022482,11.642573908709544,11.802577018737791,30018046,354290299.86701393,1.0
2022-01-18,11.7931637461331,12.047286625446429,11.717868277653473,11.90610694885254,41980976,499829990.07321167,1.0
2022-01-19,11.83081243161378,12.188466384445093,11.821401170491717,12.056699752807615,55609381,670465610.1564846,1.0
2022-01-20,12.02846303583578,12.687298873610894,12.000227457849189,12.386116981506348,104519924,1294596005.5621529,1.0
2022-01-21,12.273173821565113,12.414352609661435,12.18846618967018,12.235526084899902,49442737,604957898.2723455,1.0
2022-01-24,12.122581327506852,12.367292033390822,11.934342668208696,12.226112365722656,45384934,554881302.7949066,1.0
2022-01-25,12.141406155938206,12.235525945323989,11.840224266052246,11.840224266052246,41393538,490108773.08535576,1.0
2022-01-26,11.868460984019189,12.461413559891016,11.868460984019189,12.357882499694824,78564843,970895098.4009714,1.0
2022-01-27,12.197878002831374,12.51788420422056,12.122582531633071,12.244937896728516,76508120,936837177.9954528,1.0
2022-01-28,12.282585274261807,12.367292901288678,11.491981952134752,11.604925155639648,82982049,963000467.906622,1.0
2022-02-07,11.793164203735612,11.81198852038234,11.256683745603375,11.520217895507812,53943100,621436265.9591675,1.0
2022-02-08,11.482569773761387,11.69904491995672,11.39786214688464,11.680220603942873,41959833,490100105.944602,1.0
2022-02-09,11.604925416500835,11.708456464309348,11.5484542622754,11.623749732971191,39235909,456068386.761632,1.0
2022-02-10,11.567278001775485,11.783753159220764,11.55786584327942,11.6896333694458,38229756,446891831.4433708,1.0
2022-02-11,11.63316218118583,11.811989615538558,11.529631122808343,11.567278861999512,39407661,455839404.08614254,1.0
2022-02-14,11.482570254369644,11.501394571171394,11.1060928942629,11.219036102294922,55615338,623950484.8633347,1.0
2022-02-15,11.237859521503845,11.284919415915397,11.134328471872696,11.219036102294922,26282314,294862229.61785126,1.0
2022-02-16,11.256682864171124,11.426098110354662,11.237858548998398,11.294330596923828,23790786,268701002.24466705,1.0
2022-02-17,11.294332213121496,11.341392110194745,11.124916942694952,11.153153419494627,34060100,379877520.783329,1.0
2022-02-18,11.106092088855489,11.25668302197742,11.068444355575007,11.190799713134766,21724705,243116822.4819374,1.0
2022-02-21,11.22844754920068,11.36021416809218,11.162563342162157,11.313155174255373,29955032,338885925.2657852,1.0
2022-02-22,11.219036796604422,11.2849201143022,11.068445843242143,11.200212478637695,27570353,308793811.7110462,1.0
2022-02-23,11.200210816245695,11.350802644849256,11.106091933160316,11.294330596923828,32926487,371882629.57331467,1.0
2022-02-24,11.209623417521849,11.30374320192535,10.74843844864882,10.908441543579102,48617998,530346589.1488457,1.0
2022-02-25,11.011972795272648,11.087268265173195,10.880206171743088,10.927265167236328,27141565,296583077.80878067,1.0
2022-02-28,10.880207409145177,10.96491414922236,10.748439873036938,10.870795249938965,25771136,280152742.81433105,1.0
2022-03-01,10.91785437073172,10.964913368225098,10.84255889763091,10.964913368225098,21124227,231625319.02572155,1.0
2022-03-02,10.880207379166054,10.974326278190114,10.870795219985776,10.946090698242188,17937622,196346837.3227844,1.0
2022-03-03,10.974325958045991,10.993150275857404,10.842559323737635,10.880207061767578,21712034,236231425.65213776,1.0
2022-03-04,10.823734826556604,10.87079472271238,10.62608398077664,10.635496139526367,28372873,301759581.2587719,1.0
2022-03-07,10.597847620038944,10.673143089294516,10.240193692278575,10.306077003479004,46065074,474750199.8149586,1.0
2022-03-08,10.35313633630229,10.4472561165785,9.995482427882536,10.070777893066406,42366547,426664084.9331589,1.0
2022-03-09,10.136663878706914,10.174311617911322,9.336648298622125,9.750773429870604,51493120,502097746.3171387,1.0
2022-03-10,9.976660435866783,9.976660435866783,9.647242055424885,9.684889793395996,47105187,456208544.79230976,1.0
2022-03-11,9.58135846098064,10.02371914493608,9.383707617956327,9.891952514648438,62541755,618660070.6427765,1.0
2022-03-14,9.6943003060862,9.92959885284755,9.637828259922676,9.703712463378906,36936330,358419525.7724762,1.0
2022-03-15,9.703712996005084,10.343724467962437,9.675476522577092,9.788419723510742,94392993,923958234.4424114,1.0
2022-03-16,9.939011815256288,10.4472566815278,9.684888933324135,10.306077003479004,99531192,1025776129.0000534,1.0
2022-03-17,10.35313631907714,10.40960836666746,10.108425608840331,10.146073341369627,75556427,766601049.7538404,1.0
2022-03-18,10.089604545222723,10.296666673643974,10.051956803910407,10.183723449707031,38660337,393706180.4804764,1.0
2022-03-21,10.353136567300174,10.419019876407852,10.136662324464789,10.240193367004396,46422712,475377547.5007553,1.0
2022-03-22,10.108427047729492,10.259017999282628,10.061367150970918,10.108427047729492,33779672,341459350.1082306,1.0
2022-03-23,10.108425625658342,10.164897673342615,10.033130160474473,10.070777893066406,24558675,247324961.27300265,1.0
2022-03-24,10.014309462270203,10.014309462270203,9.816658588094048,9.901366233825684,31322801,310138524.17024136,1.0
2022-03-25,9.891952918895251,10.014308293157445,9.722537647210236,9.73194980621338,33384916,324900326.79664993,1.0
2022-03-28,9.713125344970372,9.82606855856388,9.590769972512522,9.76018524169922,25725005,251080814.1436386,1.0
2022-03-29,9.750774459660178,9.807246523227317,9.59077132674512,9.600183486938477,22003258,211235314.11044693,1.0
2022-03-30,9.694302322678364,10.033131977364096,9.694302322678364,9.948424339294434,47146501,469033398.06096935,1.0
2022-03-31,9.86371603879293,9.98607140805492,9.826068301911768,9.891952514648438,29929216,296058383.47265625,1.0
2022-04-01,9.826067997031672,10.051955308902736,9.788420261318633,10.02371883392334,38362107,384530974.4448824,1.0
2022-04-06,9.967246525237252,10.061365404827251,9.92959879388271,10.004894256591797,28191782,282055797.814888,1.0
2022-04-07,9.967247131516936,10.089602490259916,9.788419723510742,9.788419723510742,32426456,317403761.47395325,1.0
2022-04-08,9.826067475059288,10.00489488339132,9.694300855859655,9.939011573791504,32037310,318419194.8831463,1.0
2022-04-11,9.939012220874536,9.939012220874536,9.562533961639527,9.647241592407228,29510938,284699148.50455093,1.0
2022-04-12,9.656653458633537,10.07077854390839,9.600181407299653,9.92959976196289,43674645,433671744.59581375,1.0
2022-04-13,9.854303911615522,10.05195473726716,9.807244020252224,9.863715171813965,38784446,382558728.4405994,1.0
2022-04-14,9.976660325414958,10.117839116845422,9.901364850306328,9.986071586608888,39594594,395394450.1267147,1.0
2022-04-15,9.901364850306328,10.080191379291106,9.844892795178422,9.986071586608888,36426480,363757436.9281769,1.0
2022-04-18,9.87312781819164,9.87312781819164,9.600181511888676,9.826067924499512,36011444,353850894.8033104,1.0
2022-04-19,9.788420354436818,9.863715826579192,9.666065885400084,9.72253704071045,29092044,282848475.3799782,1.0
2022-04-20,9.741362023241882,9.779009761885815,9.53429901190379,9.581358909606934,27848061,266822267.37762737,1.0
2022-04-21,9.553122056620929,9.741361640028376,9.496650899672977,9.515474319458008,30753277,292632017.5326786,1.0
2022-04-22,9.477826453680905,9.590769663637015,9.261352192329891,9.270764350891112,34722299,321902251.7501821,1.0
2022-04-25,9.02605306728847,9.280175049903292,8.87546212979927,8.884873390197754,43202896,383852261.049881,1.0
2022-04-26,8.941346336313584,8.988406233391705,8.310746049208248,8.338981628417969,52953978,441582249.6936493,1.0
2022-04-27,8.188390204623747,8.536631986812914,8.122506891061503,8.527220726013184,37263670,317755539.1513157,1.0
2022-04-28,8.433100267724948,8.527220048992197,8.235449445137926,8.244861602783203,32781772,270281173.23399353,1.0
2022-04-29,8.489573283122906,8.771930863904883,8.404865649851171,8.668399810791016,46280677,401179411.7500801,1.0
2022-05-05,8.517807804040723,8.668398734450586,8.470747913889454,8.621338844299316,24505983,211274383.1556387,1.0
2022-05-06,8.470749776176827,8.54604525793541,8.329570972277725,8.348394393920898,24668223,205940054.60119057,1.0
2022-05-09,8.367216317632668,8.442511777834246,8.310744273685142,8.386039733886719,13375285,112165671.46205902,1.0
2022-05-10,8.301333296606314,8.527220606908445,8.254274300486484,8.4801607131958,24940893,211502780.97062016,1.0
2022-05-11,8.517808771410028,8.790755088174658,8.470748875914156,8.54604434967041,38927052,332672312.79392624,1.0
2022-05-12,8.555456117472007,8.818990263580565,8.555456117472007,8.706047058105469,40827057,355442279.4859543,1.0
2022-05-13,8.73428263507604,8.781342528422199,8.630751587788739,8.706047058105469,24735627,215349532.6737442,1.0
2022-05-16,8.771931509408093,8.800167987638424,8.546045069122982,8.602517127990723,23200097,199579231.81354612,1.0
2022-05-17,8.564869387943205,8.63075270862813,8.451925270207724,8.602517127990723,25129918,216180550.0200024,1.0
2022-05-18,8.658986576901782,8.706046467053051,8.593103269245654,8.621338844299316,21488998,185263933.18247032,1.0
2022-05-19,8.470749677022635,8.583692898338452,8.442514096091914,8.574280738830566,20563986,176321389.07338142,1.0
2022-05-20,8.611927871513922,8.73428324370284,8.583692292575824,8.715459823608398,31839063,277492074.3978367,1.0
2022-05-23,8.706046693282415,8.800166476030686,8.65898680190828,8.790754318237305,26964299,237036527.87249184,1.0
2022-05-24,8.790755383854078,8.884874280418686,8.480161319764406,8.48957347869873,33903305,287824598.96823406,1.0
2022-05-25,8.461336717296412,8.564868666905898,8.451924558678668,8.54604434967041,18867340,161241124.40031052,1.0
2022-05-26,8.564868212333266,9.110760816889773,8.517808319335057,8.931933403015137,71355335,637341100.1698351,1.0
2022-05-27,8.875461801992246,8.969580685650405,8.734282130115872,8.818989753723145,39675990,349902149.27882195,1.0
2022-05-30,8.818990733422423,8.847226311897277,8.649575467387582,8.743695259094238,29301839,256206350.74704263,1.0
2022-05-31,8.771929929872401,9.393117977597408,8.715458778766182,9.091936111450195,96624185,878500916.8409443,1.0
2022-06-01,8.94134694345386,9.120173487382043,8.91311136232687,9.044878005981444,53035227,479697158.2345333,1.0
2022-06-02,8.950757816489201,9.12958433471374,8.90369792297975,9.054288864135742,43699345,395666492.8035259,1.0
2022-06-06,9.00722954719926,9.261352449861583,8.988406127146238,9.138997077941896,82643593,755279554.9376192,1.0
2022-06-07,9.129584946410503,9.317823635467786,9.00722957412505,9.063701629638672,72591229,657945240.584774,1.0
2022-06-08,9.05428822737553,9.71312399739551,9.035464809851227,9.421354293823242,126056188,1187620008.07679,1.0
2022-06-09,9.421355379271391,10.2590177514479,9.421355379271391,9.816657066345217,146967038,1442725012.1025257,1.0
2022-06-10,9.816656514531513,10.146073970180591,9.346059379953283,10.080190658569336,141739948,1428765699.7757034,1.0
2022-06-13,9.844891985027417,11.087268119675665,9.797832092558934,10.682555198669434,203581843,2174774275.2943544,1.0
2022-06-14,10.249606142416804,11.727280890657708,10.099014302021446,11.520217895507812,205122887,2363060353.595627,1.0
2022-06-15,11.689634093086756,12.602592879085948,11.529630979120103,11.595514297485352,329008157,3815018788.482805,1.0
2022-06-16,11.31315564096366,11.444922265291009,10.663731087148443,10.70137882232666,255073704,2729640334.118019,1.0
2022-06-17,10.49431624368675,10.776674717449012,10.155486613727744,10.46608066558838,172836896,1808924895.5259087,1.0
2022-06-20,10.353137362947278,10.597848097857405,10.2684297318174,10.343725204467772,85369968,883043489.7062073,1.0
2022-06-21,10.353137712536032,10.588436296911851,10.334313394941391,10.484905242919922,86817892,910277371.0100555,1.0
2022-06-22,10.409609011811217,10.428432430446088,10.042542923706788,10.080190658569336,99496311,1002941784.7043096,1.0
2022-06-23,10.061367431227849,10.776675368622849,10.033131851423358,10.74843978881836,159684632,1716360652.2516174,1.0
2022-06-24,10.748438530453162,10.776674106951994,10.522552123276922,10.607259750366213,88404704,937731658.4822388,1.0
2022-06-27,10.663731087148443,10.993149443152433,10.531963565228288,10.70137882232666,89883535,961877757.9248573,1.0
2022-06-28,10.635495510162986,10.833146344246815,10.484904569450126,10.70137882232666,67069987,717741338.4955244,1.0
2022-06-29,10.68255749098794,11.181390303973265,10.400198973179895,10.59784984588623,114937193,1218087113.121646,1.0
2022-06-30,10.607260534617412,10.927265852980382,10.579024058438112,10.71079158782959,72111873,772375242.7110357,1.0
2022-07-01,10.748437437378229,10.814320741706352,10.475491165399664,10.560198783874512,49756883,525442575.3459864,1.0
2022-07-04,10.447258875746735,10.663733170924012,10.30607916804622,10.59784984588623,49220741,521634022.42125607,1.0
2022-07-05,10.635495455818154,10.68255534894866,10.306077101497417,10.42843246459961,51079526,532679387.2147598,1.0
2022-07-06,10.428432365417509,10.45666794199015,10.268429268851218,10.306077003479004,42715668,440230963.663044,1.0
2022-07-07,10.240193507581926,10.35313670942819,10.155485881799033,10.211957931518556,38185092,389944553.1151657,1.0
2022-07-08,10.25901666250854,10.390784176744354,10.183721196543148,10.193133354187012,35660057,363487716.41891,1.0
2022-07-11,10.202547713100271,10.296666617067428,10.09901575186556,10.136664390563965,31516599,319473186.79498386,1.0
2022-07-12,10.193134914279833,10.362550187427908,10.11783943679022,10.202547073364258,43936868,448267964.0261917,1.0
2022-07-13,10.146073706878465,10.230781332519133,9.995482771336285,10.061366081237791,36052512,362737521.3802185,1.0
2022-07-14,10.023719440530208,10.099014916512957,9.920188385452148,10.03313159942627,24041395,241210479.86878872,1.0
2022-07-15,9.986071697164906,10.0143081738379,9.675477634505,9.684889793395996,35592392,344708394.0033493,1.0
2022-07-18,9.779008206392158,10.014306759887315,9.741360473736645,9.995482444763184,34130669,341152502.817523,1.0
2022-07-19,9.9766593531899,10.155485864748044,9.929599461434774,10.061366081237791,31737880,319326429.3223953,1.0
2022-07-20,10.117838046177583,10.249605562470505,10.033130421245906,10.08960247039795,25347155,255742717.70555973,1.0
2022-07-21,10.004897302168246,10.042545044983084,9.882541913621768,9.901366233825684,26789847,265256086.4951563,1.0
2022-07-22,10.014308379640228,10.531964562983086,9.97666064089542,10.202547073364258,82685787,843605634.1656704,1.0
2022-07-25,10.051954174572773,10.080189748773057,9.816655628520737,9.854303359985352,46692585,460122897.2519016,1.0
2022-07-26,9.807247012954056,9.939014569461882,9.750774946566974,9.835482597351074,39360724,387131715.9211388,1.0
2022-07-27,9.79783246553813,9.90136441242855,9.750772571278196,9.873127937316896,22734739,224462986.768508,1.0
2022-07-28,9.948423937306066,10.287254475893498,9.93901267602865,10.108427047729492,65121884,658279813.6247025,1.0
2022-07-29,10.09901346811217,10.381371911348054,10.042542318020642,10.070777893066406,41462212,417556728.0072327,1.0
2022-08-01,10.004895725291924,10.033131303554583,9.83548046053027,9.891952514648438,34091166,337228195.2409973,1.0
2022-08-02,9.70371458487738,9.7884213262528,9.242528650226753,9.374296188354492,66009246,618790223.173954,1.0
2022-08-03,9.364882365094374,9.53429761293012,9.223703590293091,9.24252700805664,35841549,331266484.6430855,1.0
2022-08-04,9.364884029004028,9.430768246864355,9.251940809577215,9.374296188354492,24121687,226123838.5007801,1.0
2022-08-05,9.402532610842991,9.637831230118902,9.3366492846755,9.600183486938477,40669185,390431638.264246,1.0
2022-08-08,9.543711342738412,9.694302300024612,9.506063603416862,9.675477981567385,24865967,240590116.19888115,1.0
2022-08-09,9.619007807325188,9.76959878004689,9.571947903951408,9.600183486938477,27657257,265514741.9454136,1.0
2022-08-10,9.553121341107316,9.722536594447948,9.524885764748143,9.609593391418455,20063031,192797570.10942364,1.0
2022-08-11,9.703713773782402,10.56020045604008,9.628417402865336,10.46608066558838,136976902,1433611305.654394,1.0
2022-08-12,10.287253930871586,10.409609296924303,10.211958459084196,10.29666519165039,65443605,673850889.6196175,1.0
2022-08-15,10.193133615747788,10.35313670942819,10.136662463621043,10.211957931518556,36545968,373205887.7826233,1.0
2022-08-16,10.25901771491839,10.390785242671427,10.23078213668304,10.315489768981934,39471566,407168535.2386952,1.0
2022-08-17,10.24960682980568,10.720204006420566,10.240194670851093,10.579024314880373,87816830,929016379.825716,1.0
2022-08-18,10.522551053173768,10.66372981890338,10.475491165399664,10.560198783874512,45798560,483641897.6152039,1.0
2022-08-19,10.513139950597218,10.635495312045386,10.45666790008545,10.45666790008545,34352872,359216573.9181442,1.0
2022-08-22,10.3907845250237,10.50372772775743,10.353136790779123,10.409608840942385,28374356,295365947.07364655,1.0
2022-08-23,10.409609120697638,10.936677414286514,10.37196138544129,10.626083374023438,76261236,810358251.9420776,1.0
2022-08-24,10.550788348659813,10.889617980262534,10.287254190746586,10.315489768981934,72415281,746999090.2734518,1.0
2022-08-25,10.400196059765502,10.56019914511518,10.268428549009078,10.475491523742676,49982720,523593559.6936035,1.0
2022-08-26,10.47549252313166,10.541375835998943,10.296665105930725,10.324901580810549,31790354,328232276.2691269,1.0
2022-08-29,10.164898020323182,10.296664640096456,10.127250286446134,10.287253379821776,22282311,229223779.14499,1.0
2022-08-30,10.24960694208728,10.381373578523473,10.127251567115897,10.27784252166748,27163407,279181219.4979601,1.0
2022-08-31,10.23078133020982,10.44725647319742,10.136662444313592,10.287253379821776,38711093,398230822.3008452,1.0
2022-09-01,10.240193443496686,10.268429019383351,9.920187258138544,9.939011573791504,37387663,371596415.2740164,1.0
2022-09-02,9.9766591139347,10.475491800353607,9.9766591139347,10.193133354187012,47419534,483353633.655405,1.0
2022-09-05,10.080191811132933,10.259018347778754,10.014308491988617,10.24960708618164,28842364,295622898.43663025,1.0
2022-09-06,10.306077727096186,10.371961940515314,10.21195883271478,10.362549781799316,31195680,323266786.9770813,1.0
2022-09-07,10.324900727153269,10.334311987075605,10.183721057205268,10.221368789672852,22197156,226885317.55789948,1.0
2022-09-08,10.230781839031843,10.334312887944584,10.164898525868535,10.174310684204102,19327795,196646991.1706066,1.0
2022-09-09,10.174310499137556,10.4660802214903,10.164898340973195,10.353137016296388,47653037,493358421.3036413,1.0
2022-09-13,10.428432954037923,10.560200481469034,10.334313163359582,10.390785217285156,35478438,368648829.102768,1.0
2022-09-14,10.174310684204102,10.249606155702972,10.080190896034102,10.174310684204102,31770733,323245308.2068958,1.0
2022-09-15,10.221369089098095,10.306076714029777,9.995482687675468,10.08960247039795,28618935,288753677.27615833,1.0
2022-09-16,10.03313079737462,10.117838425481876,9.47782603319844,9.506062507629396,52225757,496461310.5502634,1.0
2022-09-19,9.49665055384088,9.553121708732364,9.3742951881189,9.52488613128662,20627900,196478398.6275673,1.0
2022-09-20,9.543710708618164,9.63782960187197,9.402531022348183,9.543710708618164,16453500,157027444.14424896,1.0
2022-09-21,9.430767498157888,9.609594023655111,9.364883285528093,9.543710708618164,18048556,172250197.17229462,1.0
2022-09-22,9.459003420410776,9.619006532113897,9.449591261465208,9.53429889678955,13202351,125875160.57432842,1.0
2022-09-23,9.534297963822844,9.600181274809126,9.38370702580118,9.459002494812012,18203183,172183953.4105196,1.0
2022-09-26,9.411942874228886,9.477826187118788,9.223704196262872,9.25193977355957,17171360,158868388.55010986,1.0
2022-09-27,9.317822837784323,9.383707046508787,9.22370395010948,9.383707046508787,12526152,117541740.78804016,1.0
2022-09-28,9.364884250730451,9.364884250730451,8.950759103027169,9.044878005981444,22884644,206988813.19031525,1.0
2022-09-29,9.176645225655438,9.186057384898922,8.91311104998827,8.978994369506836,14753324,132470013.12751009,1.0
2022-09-30,9.01664041710159,9.082523724258513,8.913109377627462,8.922520637512207,13949186,124461899.96149635,1.0
2022-10-10,8.988405143934454,8.988405143934454,8.753106584656551,8.790754318237305,12103993,106403228.73266412,1.0
2022-10-11,8.818991282908305,8.96017097926479,8.78134354339849,8.903698921203613,13830578,123143302.41822244,1.0
2022-10-12,8.875463053736366,9.120172903834252,8.866050894765287,9.110761642456056,16880859,153797482.66890907,1.0
2022-10-13,9.03546530443852,9.1766440851733,9.03546530443852,9.082524299621582,12544242,113933382.78533363,1.0
2022-10-14,9.195468918634104,9.976660130845644,9.186056760030867,9.543710708618164,59638040,569168200.9889984,1.0
2022-10-17,9.364883285528093,9.600181865051878,9.336647707311236,9.543710708618164,34535402,329595885.8938332,1.0
2022-10-18,9.581357364816236,9.637828514880916,9.449589852010732,9.496649742126465,20095670,190841539.3233585,1.0
2022-10-19,9.496650457487307,9.534298192897262,9.383707251257444,9.402530670166016,15914517,149636734.19337845,1.0
2022-10-20,9.374294525022012,9.609593081475785,9.3648823673416,9.468414306640623,22859297,216441294.75454712,1.0
2022-10-21,9.976659308827264,10.240193444854237,9.71312427520752,9.71312427520752,69577891,675818702.0898428,1.0
2022-10-24,9.807244933530184,10.193134462977357,9.675477404960944,9.741361618041992,56070539,546203396.5175266,1.0
2022-10-25,9.619006532113897,9.797833064115268,9.41194352327582,9.53429889678955,36517102,348164965.3125515,1.0
2022-10-26,9.58135820857239,10.240194035432989,9.571946050201838,9.873127937316896,64583057,637636784.3440294,1.0
2022-10-27,9.873127960972845,9.995483327304704,9.731949175447603,9.797832489013672,36732361,359897520.0039787,1.0
2022-10-28,9.65665372698408,9.948423457137569,9.619005990912893,9.72253704071045,39736368,386338309.7433014,1.0
2022-10-31,9.617273207567846,9.92349454419031,9.569425895567694,9.73210620880127,27796843,270521828.3453741,1.0
2022-11-01,9.722537632408637,10.028759002685549,9.703399253072163,10.028759002685549,41472071,415913405.4012642,1.0
2022-11-02,9.942633981000178,10.143591964281985,9.875647378165183,10.047897338867188,40409436,406029864.4495239,1.0
2022-11-03,9.95220232034106,10.019188920530084,9.894786277449375,9.961771965026855,21077513,209969378.0958891,1.0
2022-11-04,9.94263343139469,10.287132421144012,9.93306378685988,10.134021759033203,53615590,543341555.683403,1.0
2022-11-07,10.04789686234805,10.143591483224553,10.038327217738091,10.057466506958008,27476161,276340568.99728584,1.0
2022-11-08,10.057467110831784,10.095744778958355,9.885217147956409,9.913925170898438,24423920,242136915.26000977,1.0
2022-11-09,9.961772086711678,9.990480108508192,9.83736944211137,9.846939086914062,16246092,159974278.32440186,1.0
2022-11-10,9.779953279054467,10.086174608107562,9.760813989682877,9.961771965026855,29363573,292513218.3044195,1.0
2022-11-11,10.22014721545548,10.296702550112618,10.00004994385752,10.14359188079834,66431798,673857046.8196354,1.0
2022-11-14,10.17229982090613,10.421105112836209,10.095744486867885,10.201007843017578,52358268,534107102.5148163,1.0
2022-11-15,10.134023043934414,10.890007718417111,10.114883752438107,10.68904972076416,102056745,1090889621.644349,1.0
2022-11-16,10.574215087899296,10.63163112835926,10.344549100836424,10.401965141296388,51277043,533382013.8347559,1.0
2022-11-17,10.334980833937772,10.468952221273566,10.325411188381892,10.449813842773438,34705039,362661196.956192,1.0
2022-11-18,10.440243890811892,10.488091204575412,10.248855548369416,10.28713321685791,35762140,367889898.2999229,1.0
2022-11-21,10.2010079673619,10.220147257410542,9.96177231742335,10.086174964904783,29657244,299128151.96087265,1.0
2022-11-22,10.095744212315642,10.181869188919404,9.952202280438858,10.000049591064451,31521461,315216173.1828041,1.0
2022-11-23,10.009620668682771,10.105315303633546,9.913926033732002,9.99048137664795,20768456,207486872.8897324,1.0
2022-11-24,10.105314380968403,10.21057773971385,9.95220279650468,9.971342086791992,29546007,294613343.0957508,1.0
2022-11-25,9.913924535869182,10.105313776854343,9.913924535869182,10.076604843139648,26578883,267824901.16304207,1.0
2022-11-28,9.837369361692216,9.94263362843818,9.770383673844094,9.923494338989258,25961682,257630604.3576393,1.0
2022-11-29,9.923494951764868,10.287133260245064,9.923494951764868,10.229716300964355,48442123,495549175.3064203,1.0
2022-11-30,10.201008277629803,10.373258242860322,10.153160963664485,10.229716300964355,43176655,441684931.4746141,1.0
2022-12-01,10.38282748764887,10.574215823515576,10.162730216943482,10.181869506835938,50443604,513610193.3825073,1.0
2022-12-02,10.17229946363223,10.267993171513274,10.019188800933328,10.076604843139648,31787037,320305410.9832592,1.0
2022-12-05,10.18186879851401,10.45938209436786,10.162729509953015,10.401965141296388,55731318,579715227.1145039,1.0
2022-12-06,10.34455013336687,10.468951870984323,10.277563529328702,10.325410842895508,33598874,346922177.90868,1.0
2022-12-07,10.29670342773002,10.35411947731082,10.143592745365682,10.220148086547852,27947233,285624859.869257,1.0
2022-12-08,10.21057752906305,10.229715906343936,10.114882904823912,10.181869506835938,20259603,206280634.00630188,1.0
2022-12-09,10.191439149145795,10.258425757138935,10.086175783173228,10.220148086547852,28551191,291797400.06731224,1.0
2022-12-12,10.143593112545291,10.153161846080694,9.856510116414446,9.894787788391112,35936950,355588494.012022,1.0
2022-12-13,9.952202839025013,9.971342129394095,9.856509125014377,9.913925170898438,17716617,175641215.21946716,1.0
2022-12-14,9.894787699467187,10.01919036042628,9.866079673895609,9.952203750610352,20321663,202245330.7272396,1.0
2022-12-15,9.961771527264366,10.00004919171392,9.875646554099994,9.933063507080078,18142268,180208300.20646667,1.0
2022-12-16,9.875646591186523,9.990479584966424,9.837368926593223,9.875646591186523,17960919,177375688.49692726,1.0
2022-12-19,9.875648386939153,9.92349570453404,9.531149342956976,9.559857368469238,28197831,269567242.4602003,1.0
2022-12-20,9.531147480767364,9.626842097260385,9.502439460864055,9.540717124938965,15917430,151863696.98601723,1.0
2022-12-21,9.569425622274917,9.59813364361051,9.445022979671958,9.512008666992188,10961548,104266339.57965088,1.0
2022-12-22,9.598134166934742,9.684259148248902,9.445023494648057,9.483301162719728,19934412,189044032.49773407,1.0
2022-12-23,9.435453807823372,9.598134124562703,9.41631543017782,9.521578788757324,11926115,113555443.61628056,1.0
2022-12-26,9.531149816777909,9.607705163690843,9.454594469864968,9.569427490234377,14820453,141823250.3559265,1.0
2022-12-27,9.626842934326568,9.722536646528782,9.559856331912284,9.655550956726074,20060350,193693731.6347599,1.0
2022-12-28,9.578995788715114,9.63641183451389,9.464162784505968,9.502440452575684,17136320,162836860.37628174,1.0
2022-12-29,9.454593139818872,9.50244045306136,9.368468158504712,9.483301162719728,15530849,147283718.3797245,1.0
2022-12-30,9.502440452575684,9.569426143544788,9.492870807405357,9.502440452575684,10204813,96970627.86217022,1.0
2023-01-03,9.454591645682756,9.588563919067385,9.215356029888996,9.588563919067385,22747732,218118082.2958145,1.0
2023-01-04,9.569427490234377,9.636413190630265,9.521580170260858,9.569427490234377,17211016,164699569.64526367,1.0
2023-01-05,9.626843840331102,9.751245586640556,9.578996523421186,9.693829536437988,34152807,331071489.2488661,1.0
2023-01-06,9.665121036416297,9.789522776612955,9.636412100114034,9.684259414672852,21146475,204787949.6058941,1.0
2023-01-09,9.70339861903702,9.952203009823911,9.68425932833947,9.779953956604004,45864784,448555475.749588,1.0
2023-01-10,9.827801314795671,9.904356652705864,9.703398662538708,9.72253704071045,27497765,267348038.74925137,1.0
2023-01-11,9.779953646242872,9.779953646242872,9.588565308399014,9.59813404083252,27766365,266505293.09668064,1.0
2023-01-12,9.645980835753909,9.684258501268348,9.550286215662044,9.665120124816896,22404160,216538897.69561768,1.0
2023-01-13,9.741677100484443,9.904357434538202,9.665121756531112,9.894787788391112,40303360,398793194.35913086,1.0
2023-01-16,9.933064680457464,10.354119039141048,9.875647720694802,10.15316104888916,95518174,969811403.7178172,1.0
2023-01-17,10.047898445069816,10.392397491789149,10.028759152835123,10.34455108642578,62975734,651455697.568161,1.0
2023-01-18,10.267992975484075,10.39239561470481,10.239284954928989,10.30627155303955,30865572,318108966.6718941,1.0
2023-01-19,10.095745129900685,10.488091469989472,10.04789781492633,10.468952178955078,66411144,695255090.6856995,1.0
2023-01-20,10.468950421617572,10.468950421617572,10.267992462547758,10.334979057312012,37841710,391093280.3428745,1.0
2023-01-30,10.459383712166794,10.507230115746877,10.229716776968816,10.239286422729492,43280229,443158661.1723232,1.0
2023-01-31,10.267993092212796,10.30627167020343,10.12445207519404,10.1722993850708,31591667,321359894.7974615,1.0
2023-02-01,10.220148292501472,10.449814320676149,10.181870621139025,10.440244674682615,46205621,482397988.5856533,1.0
2023-02-02,10.622063500590947,10.669909901742866,10.25842519364444,10.28713321685791,62036779,638180609.9177732,1.0
2023-02-03,10.229716819736884,10.334981098321103,10.105315074774596,10.220148086547852,33811268,345556165.9539566,1.0
2023-02-06,10.153160654851874,10.19143832233758,10.0574669424434,10.086174964904783,21924911,221138488.4359656,1.0
2023-02-07,10.134022755963173,10.153161134303987,10.038328126424236,10.095745086669922,23343933,235674396.88830185,1.0
2023-02-08,10.114882588998954,10.13402187829381,9.961771925086286,10.000049591064451,20952766,209528699.0699692,1.0
2023-02-09,9.980911607281678,10.12445263219744,9.961772317233402,10.105314254760742,24380594,246373564.08773425,1.0
2023-02-10,10.086175090681094,10.095744735824749,9.942634063972614,9.971342086791992,25779262,257053840.1470375,1.0
2023-02-13,9.98091164864378,10.076605361446992,9.923494690872584,10.047897338867188,18984049,190749775.4280243,1.0
2023-02-14,10.086175965918304,10.086175965918304,9.96177330609039,10.028759002685549,19889725,199469258.6546898,1.0
2023-02-15,10.009619316696078,10.028757693534232,9.91392469467066,9.942633628845217,20877187,207574221.5418901,1.0
2023-02-16,9.942633227651696,10.181868860450338,9.76081363566228,9.837368965148926,61370078,603720100.7059689,1.0
2023-02-17,9.808662549454793,9.885217891465992,9.684259890533673,9.693829536437988,25456000,246766124.67956543,1.0
2023-02-20,9.827801912900076,10.047898294633688,9.751245657719178,10.028759002685549,43423464,435483455.51779175,1.0
2023-02-21,10.0287575724927,10.07660488292792,9.942633508843151,10.03832721710205,28414537,285234420.12845325,1.0
2023-02-22,10.000049631643789,10.095744253283296,9.961771965510293,9.980911254882812,19364848,193278829.3522949,1.0
2023-02-23,9.990480339884732,10.143591922439132,9.990480339884732,10.086174964904783,36768154,370850034.3805637,1.0
2023-02-24,10.047896982983936,10.086174649271792,9.92349433939551,9.942633628845217,19922647,198083580.03781223,1.0
2023-02-27,9.85650881346241,9.904356125261131,9.712966878066249,9.75124454498291,26815617,261485638.991601,1.0
2023-02-28,9.808660906301126,9.875646591186523,9.75124395310542,9.875646591186523,16301844,160991250.12865448,1.0
2023-03-01,9.846938966631944,10.000049631158491,9.799091655814513,9.961771965026855,28612731,285033501.5186548,1.0
2023-03-02,9.9713410949995,10.038326779119227,9.92349378665191,10.009618759155272,25182576,252067985.13345337,1.0
2023-03-03,10.038328648659618,10.047898294633688,9.933065280779848,10.028759002685549,19050859,191056473.70514297,1.0
2023-03-06,10.02875769312367,10.04789698257259,9.913924694264796,9.923494338989258,17927738,177905806.5538826,1.0
2023-03-07,9.913924857531624,9.990480191364952,9.74167581271242,9.75124454498291,24600724,239887675.70763016,1.0
2023-03-08,9.712966878066249,9.760814189864968,9.68425885603164,9.75124454498291,16156296,157543993.2371292,1.0
2023-03-09,9.741675455845773,9.770383476828718,9.665120124816896,9.665120124816896,15570308,150488897.2003975,1.0
2023-03-10,9.617272853493365,9.665120163731943,9.55985589868476,9.60770320892334,19405577,186443024.41390896,1.0
2023-03-13,9.578995621919674,9.68425897912558,9.569425976915978,9.655550956726074,12970516,125237478.17303084,1.0
2023-03-14,9.63641218536073,9.655551476398216,9.502440798544832,9.626843452453612,16440598,158271063.21072197,1.0
2023-03-15,9.703399182342304,9.760815232544871,9.674690244629357,9.693829536437988,19400776,188067815.41861725,1.0
2023-03-16,9.598135517173796,9.65555248366436,9.540719463294954,9.569427490234377,14438652,138169633.37072754,1.0
2023-03-17,9.6651195705803,9.760813272573172,9.636410638632109,9.712965965270996,25949475,252046367.49165052,1.0
2023-03-20,9.703397829400505,9.751244227027549,9.60770320892334,9.60770320892334,15685973,150706173.12718487,1.0
2023-03-21,9.674689292907717,9.69382858283357,9.607703603390366,9.674689292907717,11552124,111763210.37314224,1.0
2023-03-22,9.693828624129276,9.70339826913297,9.607703644319178,9.655550956726074,13730267,132573292.66795444,1.0
2023-03-23,9.636411504330049,9.837369482963291,9.60770348241432,9.827800750732422,28085851,276022147.54275894,1.0
2023-03-24,9.79909233553484,9.846939649671231,9.732106643310855,9.760814666748049,16468570,160746659.59636688,1.0
2023-03-27,9.770384268717647,9.818231582641602,9.674689640869742,9.818231582641602,18902083,185585028.2883129,1.0
2023-03-28,9.818231146545749,9.818231146545749,9.73210616783036,9.75124454498291,12040178,117406720.04312325,1.0
2023-03-29,9.760814752922313,9.770384398356398,9.665121036416297,9.684259414672852,13887014,134485446.0711937,1.0
2023-03-30,9.684258896801117,9.789522253112198,9.55985625064535,9.73210620880127,20374030,198282223.86130333,1.0
2023-03-31,9.722536646681569,9.751244669081524,9.62684293447785,9.636411666870115,18744348,180628253.75507355,1.0
2023-04-03,9.6364113859308,9.952202360958516,9.6364113859308,9.942633628845217,52817899,525149018.8023501,1.0
2023-04-04,9.980912643242212,10.038328694123337,9.913926033732002,9.99048137664795,43182127,431410235.5975466,1.0
2023-04-06,9.96177300689592,9.971342652582576,9.83737035080435,9.885217666625977,27372829,270586372.81633186,1.0
2023-04-07,9.904355922615824,10.009619276330048,9.875646988557042,9.980911254882812,24586043,245391113.2917328,1.0
2023-04-10,10.08617420275543,10.114882223047529,9.875646591186523,9.875646591186523,31217146,308289501.481472,1.0
2023-04-11,9.942633548402974,10.095744212315642,9.942633548402974,10.000049591064451,31284572,312847271.43522644,1.0
2023-04-12,9.980911648374468,10.143591964008284,9.952202713183851,10.067036628723145,29890040,300904127.51399994,1.0
2023-04-13,10.172299986587316,10.267993699387947,10.019189316017036,10.067036628723145,55526923,558991567.7212896,1.0
2023-04-14,10.12445267415439,10.134022319218188,9.95220271345239,10.047897338867188,29836616,299795254.50720215,1.0
2023-04-17,10.057467247585102,10.287133259467357,10.01918957893806,10.248855590820312,57368545,587961933.1604767,1.0
2023-04-18,10.25842484118262,10.315840885636844,10.153160571997253,10.181869506835938,31907623,324879253.659317,1.0
2023-04-19,10.172299986587316,10.191438364102808,10.028758048468992,10.067036628723145,24213289,243756067.2648592,1.0
2023-04-20,10.047898294633688,10.076606319944233,9.942634926753918,10.028759002685549,19855664,199127669.0942993,1.0
2023-04-21,10.038328171031676,10.04789781655042,9.598134515897383,9.626843452453612,39176937,377150239.4456377,1.0
2023-04-24,9.626843101955156,9.665120770024872,9.45459313933564,9.502440452575684,34570362,328502806.3289852,1.0
2023-04-25,9.52157839266318,9.540717682124134,9.339759705841889,9.45459270477295,27512619,260120606.88659763,1.0
2023-04-26,9.435453415311995,9.50244001581378,9.397175749001642,9.45459270477295,18814499,177883424.98935795,1.0
2023-04-27,9.435453848994989,9.5407181206454,9.406745826095598,9.502440452575684,22146995,210450501.1909914,1.0
2023-04-28,9.521579007856728,9.885217317605704,9.512009362507952,9.779953956604004,39870928,389935840.04707336,1.0
2023-05-04,9.703397986393217,9.952202360958516,9.684258696943512,9.942633628845217,34589283,343908568.3534441,1.0
2023-05-05,9.93306433593638,10.239285677085196,9.89478666829278,10.047897338867188,61787954,620839018.5706482,1.0
2023-05-08,10.047896628098998,10.382826880746904,9.971341298227165,10.267992973327637,63040843,647302932.9566507,1.0
2023-05-09,10.267992975484075,10.70818657864532,10.210576934373902,10.30627155303955,111264801,1146725253.4009066,1.0
2023-05-10,10.220147257215666,10.315840969622316,10.057466942251628,10.105314254760742,45413955,458922286.8265629,1.0
2023-05-11,10.181869589730692,10.25842492470064,10.086174964712464,10.105314254760742,26102959,263778603.6741352,1.0
2023-05-12,10.105315303633546,10.16273135451467,9.961773351207388,9.99048137664795,22629953,226084124.0009184,1.0
2023-05-15,9.952202124682309,10.191437761454589,9.770383442284444,10.1722993850708,42536314,432692120.7453785,1.0
2023-05-16,10.210577612191528,10.2679936571132,10.076605319688326,10.105314254760742,26617902,268982264.51242447,1.0
2023-05-17,10.07660488292792,10.13402183797249,9.990479906666833,10.03832721710205,16571010,166345220.69787025,1.0
2023-05-18,10.05746681984876,10.507229179170556,10.009619507921968,10.201007843017578,48809767,497908815.98286057,1.0
2023-05-19,10.067037678120034,10.086176057630528,9.885218053406104,9.952203750610352,31021026,308727571.30498123,1.0
2023-05-22,9.923494900316395,9.961772568767882,9.799092249696171,9.8565092086792,18733457,184646491.4308958,1.0
2023-05-23,9.875648245561676,9.89478753737031,9.693829536437988,9.693829536437988,20265440,196449720.84091187,1.0
2023-05-24,9.674689417679572,9.712967085413368,9.569426059564536,9.57899570465088,23591272,225980693.1552505,1.0
2023-05-25,9.550286687058668,9.645981311873962,9.512009019654863,9.636411666870115,26255242,253006320.3252983,1.0
2023-05-26,9.59813447386271,9.684259457930963,9.569426450043832,9.645981788635254,13459642,129831461.6135502,1.0
2023-05-29,9.712967085413368,9.732106375586058,9.559856414478189,9.57899570465088,15889329,152203814.24078465,1.0
2023-05-30,9.59813404083252,9.607703685877608,9.50244032821638,9.59813404083252,20336122,195188824.8267231,1.0
2023-05-31,9.58856678326847,9.61727481020789,9.540719463294954,9.569427490234377,16009894,153205519.75933838,1.0
2023-06-01,9.569426059564536,9.674689417679572,9.540718036917085,9.57899570465088,16992592,162771965.7788849,1.0
2023-06-02,9.674689812454131,9.684259457930963,9.59813447386271,9.645981788635254,13154754,126890517.51797676,1.0
2023-06-05,9.58856483239483,9.645980874591896,9.578995187824804,9.60770320892334,12145228,116687746.0287056,1.0
2023-06-06,9.588565519400532,9.636411920455696,9.425885200500488,9.425885200500488,21264069,200432673.2895212,1.0
2023-06-07,9.435453890899604,9.540718163017514,9.416315513085545,9.464162826538086,14167162,134080327.95794296,1.0
2023-06-08,9.454594469864968,9.607705163690843,9.4163167964085,9.569427490234377,14386695,137672434.62661743,1.0
2023-06-09,9.569426018308835,9.617273330922696,9.55028672821866,9.59813404083252,12159242,116706034.55092049,1.0
2023-06-12,9.578994789013874,9.59813316474558,9.512008192424158,9.540717124938965,11143769,106319547.73466396,1.0
2023-06-13,9.550287246704102,9.598134561915597,9.521579222621858,9.550287246704102,9941018,94939577.42465591,1.0
2023-06-14,9.559857368469238,9.674690383129963,9.559857368469238,9.559857368469238,14077480,134578700.90747833,1.0
2023-06-15,9.588565226076083,9.684258937870643,9.5598562911873,9.674689292907717,20304958,196444159.75554085,1.0
2023-06-16,9.674689292907717,9.703398227796498,9.617273248353294,9.674689292907717,17413563,168470811.50747395,1.0
2023-06-19,9.674689375970065,9.674689375970065,9.578995663353924,9.59813404083252,13833634,132777073.40381812,1.0
2023-06-20,9.598134604549111,9.607704250156244,9.52157926491533,9.53114891052246,14495231,138156205.1534214,1.0
2023-06-21,9.531149000341154,9.569426670518764,9.42588563550564,9.435454368591309,14588679,137650815.00252628,1.0
2023-06-26,9.39717587056264,9.43545353736815,9.330190181805888,9.339759826660156,15390027,143739155.90581512,1.0
2023-06-27,9.349329390247076,9.416315078421569,9.330190100704904,9.397175788879396,12964261,121827439.58991335,1.0
2023-06-28,9.425884285483868,9.425884285483868,9.320620023113175,9.387606620788574,10131224,95107945.4990921,1.0
2023-06-29,9.387606620788574,9.445022661525757,9.33975931176658,9.387606620788574,10786643,101260761.24288271,1.0
2023-06-30,9.387607016882717,9.531148037393656,9.37803737215224,9.45459270477295,15059214,142378734.82401466,1.0
2023-07-03,9.454594469864968,9.58856678326847,9.435455176830873,9.569427490234377,15545900,148765362.82043457,1.0
2023-07-04,9.559857843717326,9.58856678326847,9.512010523743813,9.569427490234377,11983749,114677617.1166687,1.0
2023-07-05,9.569426580339352,9.578996225946485,9.52157926491533,9.53114891052246,9730200,92739985.12916563,1.0
2023-07-06,9.512009185134415,9.55985649837446,9.492870807405357,9.502440452575684,8098900,76959314.9813652,1.0
2023-07-07,9.4928716714034,9.626843978146752,9.473732379320774,9.559857368469238,11367207,108668877.5978651,1.0
2023-07-10,9.588563919067385,9.617271937431427,9.559854988091889,9.588563919067385,10034600,96217403.50227356,1.0
2023-07-11,9.626842498063388,9.626842498063388,9.578995187824804,9.60770320892334,9618100,92407850.23374556,1.0
2023-07-12,9.636410828820487,9.64598047299209,9.52157783659576,9.540717124938965,9784972,93355649.92744827,1.0
2023-07-13,9.550286686908589,9.693828624129276,9.550286686908589,9.655550956726074,18673107,180299136.15889835,1.0
2023-07-14,9.674688895690432,9.674688895690432,9.598133564353317,9.60770320892334,8990519,86378238.24618626,1.0
2023-07-17,9.598134082211985,9.607703727298327,9.540718036917085,9.57899570465088,7816346,74872744.76006508,1.0
2023-07-18,9.578994275408885,9.617271937431427,9.550285344433387,9.588563919067385,7381313,70776191.50714302,1.0
2023-07-19,9.569425977066356,9.636411666870115,9.569425977066356,9.636411666870115,10067418,97013784.27045822,1.0
2023-07-20,9.6459823576177,9.693829675212587,9.54071898899829,9.559857368469238,10704606,102334506.54566002,1.0
2023-07-21,9.569427490234377,9.61727481020789,9.55028819720028,9.569427490234377,10231189,97906621.27438354,1.0
2023-07-24,9.550286769391844,9.617273372384672,9.540718036917085,9.57899570465088,6301824,60365145.02746582,1.0
2023-07-25,9.779952849281862,10.02875721189821,9.722535896301778,9.933063507080078,71540840,710619707.0698547,1.0
2023-07-26,9.904355962557355,9.980911295133073,9.808661340531938,9.942633628845217,34868592,346685635.4096832,1.0
2023-07-27,9.952202966494742,9.952202966494742,9.799092292027376,9.818231582641602,19896138,195344890.4841957,1.0
2023-07-28,9.818230566964058,10.48809015476886,9.799091278329758,10.382826805114746,99789160,1036093565.3078842,1.0
2023-07-31,10.468951305734365,10.669909281775348,10.363687951660156,10.392395973205566,107067890,1112691908.8956163,1.0
2023-08-01,10.287133606602458,10.56464694181099,10.220147912362632,10.354119300842283,64997578,672992676.8778019,1.0
2023-08-02,10.354118267009609,10.641201219191217,10.306271868822297,10.430673599243164,53371921,556705087.3155918,1.0
2023-08-03,10.526369135862629,11.004840460220018,10.354119167058244,10.937854766845703,145684462,1593475487.1420517,1.0
2023-08-04,11.100535090136146,11.445034115133284,10.909145830303888,10.937854766845703,193240843,2113640275.756832,1.0
2023-08-07,10.813452112999386,10.985701169192142,10.70818783756932,10.937854766845703,71851572,785902059.3055573,1.0
2023-08-08,10.832589586317566,11.05268685169017,10.545507545779069,10.880436897277832,68886315,749513203.4435034,1.0
2023-08-09,10.784744047498537,11.330201063127737,10.784744047498537,10.956993103027344,91312825,1000513993.7429428,1.0
2023-08-10,10.95699297373314,11.119673294476868,10.851729612562568,11.090965270996094,81888066,908217696.115036,1.0
2023-08-11,11.032897162050425,11.042575363852372,10.665134723217651,10.684490203857422,81069678,866188180.4208755,1.0
2023-08-14,10.539320924034222,10.713523942563526,10.500609039587252,10.568354606628418,51361536,542806925.5891113,1.0
2023-08-15,10.578032752928369,10.71352388629914,10.500608984441037,10.684490203857422,43455535,464300238.0108833,1.0
2023-08-16,10.578032111092778,11.013541013150004,10.423184583513684,10.732879638671877,64434869,691571693.5105896,1.0
2023-08-17,10.723202066528572,10.810304036642624,10.53932084748211,10.713523864746094,55392686,593450863.3933868,1.0
2023-08-18,10.83933783333907,10.878049717913116,10.47157446840354,10.481252670288086,39213375,411005291.4297581,1.0
2023-08-21,10.413505955444045,10.500607916877946,10.152200071142328,10.17155647277832,48450678,492818807.42139816,1.0
2023-08-22,10.161878849920871,10.326404581328145,10.045743202391751,10.268336296081545,40813661,419088396.6222677,1.0
2023-08-23,10.239302417086384,10.24898061826782,10.016709327697754,10.016709327697754,32341107,323951468.1549711,1.0
2023-08-24,10.08445484221314,10.336082533952707,10.08445484221314,10.132844924926758,34833606,352963527.77399826,1.0
2023-08-25,10.08445513486592,10.248980867088354,10.065098732033125,10.15220069885254,27433976,278515230.3195038,1.0
2023-08-28,11.168389025105686,11.168389025105686,10.287692981580458,10.345760345458984,112724845,1166224231.3490105,1.0
2023-08-29,10.345760071607746,10.452218440840616,10.016709531423109,10.297370910644531,66097477,680630236.926796,1.0
2023-08-30,10.229624846406123,10.229624846406123,10.036065425667733,10.055421829223633,42048872,422819145.4030304,1.0
2023-08-31,10.045742700359172,10.123166461509358,9.939285259518671,9.968318939208984,30302111,302061106.9793129,1.0
2023-09-01,10.045742969008352,10.1618786138394,9.968319205787653,10.074776649475098,28190860,284016618.05662155,1.0
2023-09-04,10.12316639815087,10.181234680132093,9.997352556328243,10.11348819732666,29580099,299157982.11225414,1.0
2023-09-05,10.07477604507348,10.094132446199463,9.968318607772584,10.007030487060549,25082345,250999791.10197067,1.0
2023-09-06,9.968318607772584,10.045742366348511,9.919928527921629,10.007030487060549,23176566,231928602.5473709,1.0
2023-09-07,10.007031472107371,10.05542155672163,9.890895822811617,9.919929504394531,25624803,254196239.3239975,1.0
2023-09-08,9.890895822811617,9.968319589008788,9.813472056614446,9.919929504394531,16805638,166710744.2363739,1.0
2023-09-11,9.948962822889907,10.08445487027222,9.900572740041648,10.045742988586426,28275836,284051781.24341965,1.0
2023-09-12,10.016709027635905,10.045742707346411,9.890895184938334,9.910250663757324,23223058,230146325.95897484,1.0
2023-09-13,9.900573459052668,9.929608064648646,9.784437805561144,9.852184295654297,15854705,156203475.61323166,1.0
2023-09-14,9.84250574885467,9.919929515135674,9.823149345802369,9.861861228942873,13219279,130366695.04467867,1.0
2023-09-15,9.890895547344687,9.919929228119,9.75540349879112,9.78443717956543,19801781,193749282.2380123,1.0
2023-09-18,9.736048633275272,9.842506084804292,9.71669222956229,9.823149681091309,14256459,140043330.67934132,1.0
2023-09-19,9.832827273677951,9.900572836547427,9.77475991206528,9.813471794128418,13654189,133994998.62319852,1.0
2023-09-20,9.823149408287213,9.85218401305035,9.765082044689144,9.774760246276855,9548900,93338208.11567308,1.0
2023-09-21,9.755403854256208,9.823149419519453,9.69733649059174,9.716691970825195,13071362,127010398.19314957,1.0
2023-09-22,9.687658205803018,9.929607705910202,9.677980004287347,9.919929504394531,25069073,248683436.90052032,1.0
2023-09-25,9.929607130007408,9.929607130007408,9.74572500373095,9.765081405639648,18266708,178375890.633049,1.0
2023-09-26,9.75540349879112,9.813471783303813,9.736048019262936,9.78443717956543,11771117,115173754.81981468,1.0
2023-09-27,9.78443717956543,9.842505464078124,9.75540349879112,9.78443717956543,12856000,125788724.38049316,1.0
2023-09-28,9.803794560446825,9.842506446330592,9.707014384255324,9.755404472351074,16447300,160450063.97809982,1.0
2023-10-09,9.755403577984268,9.755403577984268,9.561844166310784,9.581199645996094,24300034,232823477.15849304,1.0
2023-10-10,9.600556688603127,9.69733686237312,9.581200284663474,9.5908784866333,14138571,135601316.43563747,1.0
2023-10-11,9.63926731807032,9.658622796524918,9.542487156905278,9.571521759033203,16062850,153745918.2870865,1.0
2023-10-12,9.658623381041416,9.677979783631436,9.61023422049452,9.668301582336426,15432248,149203627.75740814,1.0
2023-10-13,9.619910916651705,9.619910916651705,9.561843558323895,9.571521759033203,13107400,125457764.3043518,1.0
2023-10-16,9.581200645973489,9.600557050643078,9.503776873223476,9.523133277893066,14314871,136322424.3888464,1.0
2023-10-17,9.629589080810549,9.726369241608246,9.54248712068542,9.629589080810549,22682636,218424463.94960025,1.0
2023-10-18,9.600556688603127,9.668302256463637,9.581200284663474,9.5908784866333,14116762,135392148.9667225,1.0
2023-10-19,9.581200645973489,9.707014507433298,9.513455075558271,9.523133277893066,21791197,207520473.31582355,1.0
2023-10-20,9.484419786218076,9.61023362638307,9.455386107092004,9.542487144470217,16294081,155486058.47345638,1.0
2023-10-23,9.5521657656507,9.581199446054825,9.261826192717267,9.329572677612305,23717646,221275502.0988808,1.0
2023-10-24,9.339249539052082,9.619910898339628,9.339249539052082,9.600555419921877,27003398,259247619.02520752,1.0
2023-10-25,9.677979813314874,9.71669169564957,9.552165964986091,9.581199645996094,25353488,242916830.2503662,1.0
2023-10-26,9.513454716802965,9.600556688603127,9.484421033857622,9.5908784866333,14504216,139108173.1998825,1.0
2023-10-27,9.561844448166063,9.687658300203472,9.494098882824424,9.658623695373535,18392136,177642720.57813263,1.0
2023-10-30,9.600555688502103,9.726369532111264,9.600555688502103,9.707013130187988,19083789,185246590.3967371,1.0
2023-10-31,9.707013748366046,9.77476023644781,9.677980066596207,9.745725631713867,17510019,170647840.98009682,1.0
2023-11-01,9.81347278564595,9.823150064916437,9.697337127722609,9.726370811462402,11674896,113554367.68125916,1.0
2023-11-02,9.73604744228082,9.765081121334523,9.610233602429416,9.629589080810549,13067400,125833692.35458374,1.0
2023-11-03,9.61991117900011,9.745725022760178,9.61991117900011,9.736047744750977,13598613,132396745.43039133,1.0
2023-11-06,10.007031734086684,10.065099098772688,9.852184197638506,10.026387214660645,52735285,528744387.28548527,1.0
2023-11-07,10.007031409903778,10.132845259933148,9.958641325590316,10.094133377075195,42466378,428661283.5732918,1.0
2023-11-08,10.026386279733364,10.103810040737944,9.929607039959658,9.997352600097656,25532914,255261544.16596985,1.0
2023-11-09,9.96831831583734,10.016708394271127,9.89089455952887,9.929606437683104,17945772,178194453.18039322,1.0
2023-11-10,9.919928532869434,10.016708692619616,9.910250332301615,9.948962211608888,16971774,168851538.1899662,1.0
2023-11-13,9.977997147033886,10.007030826744392,9.871538783155303,9.910250663757324,15174157,150379699.48120785,1.0
2023-11-14,9.910250960630092,10.123166771801351,9.910250960630092,10.016709327697754,28552981,286006911.11627674,1.0
2023-11-15,10.113488550795552,10.18123503596874,10.026386586261497,10.045742988586426,21749556,218490449.69186783,1.0
2023-11-16,10.016708705529036,10.07477606308278,9.968318625591582,9.977996826171877,13642771,136127525.7381897,1.0
2023-11-17,9.977997121328528,10.026386279733364,9.919928839093076,9.997352600097656,12654141,126507909.42835236,1.0
2023-11-20,10.026386869533058,10.123167037963867,9.919929422630435,10.123167037963867,25986408,263064748.9006805,1.0
2023-11-21,10.258658901540876,11.139354910889576,10.248980700281995,10.616744041442873,199947035,2122786492.4404192,1.0
2023-11-22,10.568355261110437,10.69416912409558,10.40382951128095,10.519965171813965,98841000,1039803877.547264,1.0
2023-11-23,10.53932098061373,10.53932098061373,10.297371470780243,10.452219009399414,60425350,631578991.9196129,1.0
2023-11-24,10.423184749084452,10.452218430225711,10.24898081630873,10.268336296081545,46641963,478935361.5933924,1.0
2023-11-27,10.181234996398503,10.190912274559292,10.05542115066764,10.10381031036377,36991355,373753634.0433264,1.0
2023-11-28,10.103811228269896,10.229625085430635,10.06509934321768,10.190913200378418,32759578,333850015.8790264,1.0
2023-11-29,10.248981228130509,10.248981228130509,10.084455490112305,10.084455490112305,22125107,223119656.75547212,1.0
2023-11-30,10.08445576921648,10.2586597138134,10.08445576921648,10.161879539489746,28927455,293957313.09401035,1.0
2023-12-01,10.210269267823962,10.248981151600113,10.142522778992614,10.22962474822998,26265222,268683364.98895454,1.0
2023-12-04,10.200591066138896,10.297371237061329,10.181235585732876,10.22962474822998,28652139,293100630.2041254,1.0
2023-12-05,10.21026900495878,10.336082854733196,10.10381063509207,10.123167037963867,30768843,311478137.25388527,1.0
2023-12-06,10.123166089046034,10.210268047876246,10.06509780883789,10.06509780883789,23128034,232785924.33612823,1.0
2023-12-07,10.05542146376715,10.210268994730049,10.045743262340949,10.181235313415527,22849874,232639944.0758953,1.0
2023-12-08,10.1618786138394,10.2393023770601,10.055421170151954,10.074776649475098,23928087,241070132.17420864,1.0
2023-12-11,10.887727023424157,11.081286430358888,10.510285487678392,11.081286430358888,224132295,2483674159.188695,1.0
2023-12-12,11.158710857857905,11.652288067166934,10.97482964105711,11.061931610107422,287178698,3176751117.155693,1.0
2023-12-13,11.071607959721923,11.207100002759574,10.858693078759371,10.974828720092772,145887494,1601090259.0535622,1.0
2023-12-14,11.03289678408374,11.05225318702452,10.810303688049316,10.810303688049316,101668057,1099062571.543908,1.0
2023-12-15,10.81030405839037,10.897406028679653,10.636100117811807,10.684490203857422,93358603,997489079.199314,1.0
2023-12-18,10.674812071016232,10.761914041868204,10.461897167782666,10.510286331176758,69679395,732350392.8331661,1.0
2023-12-19,10.500608770065748,10.529642451914729,10.30704842983492,10.432862281799316,66655255,695405095.7732153,1.0
2023-12-20,10.394150850309543,10.452219139496568,10.161879539489746,10.161879539489746,51292978,521233063.6576977,1.0
2023-12-21,10.11348881615103,10.219947185803244,9.987674966630106,10.15220069885254,50870271,516445200.79701805,1.0
2023-12-22,10.084454511344417,10.229623831758236,10.007030750728507,10.17155647277832,42993798,437313844.3362236,1.0
2023-12-25,10.10381099218514,10.113489193963089,10.016709945075956,10.055421829223633,30250547,304182010.6497555,1.0
2023-12-26,10.007031504035696,10.026386984164697,9.80379388637865,9.8328275680542,34996998,344119446.7335377,1.0
2023-12-27,9.803792602940849,10.055420272425364,9.78443620238174,9.929606437683104,44298494,439866611.2020664,1.0
2023-12-28,9.890895116154038,10.181234680132093,9.87153871450562,10.11348819732666,53784844,543952384.9890556,1.0
2023-12-29,10.055421494217242,10.142522538424569,10.03606509130622,10.094133377075195,38003667,383614083.5159512,1.0
2024-01-02,10.094133704079812,10.113489184653774,9.9876753305486,10.026387214660645,24220805,242847169.5807886,1.0
2024-01-03,9.987674399231077,10.055420882333108,9.929607039959658,9.997352600097656,23024980,230188843.67019653,1.0
2024-01-04,9.977998151011146,9.977998151011146,9.82314969005832,9.852184295654297,24571521,242083153.31653976,1.0
2024-01-05,9.85218401305035,9.95864146162288,9.736048362890108,9.774760246276855,26326944,257339565.61715692,1.0
2024-01-08,9.73604809829896,9.755403577984268,9.581199645996094,9.581199645996094,28710719,275083130.7190933,1.0
2024-01-09,9.59087720108427,9.716691040935672,9.561843522030566,9.629589080810549,25364009,244244984.11198044,1.0
2024-01-10,9.619910904115748,9.677979185331909,9.532809866737535,9.542487144470217,20793163,198418490.62037373,1.0
2024-01-11,9.54248713874058,9.648945500412283,9.494097981214193,9.600555419921877,25480873,244630533.38449097,1.0
2024-01-12,9.561845187584808,9.648947162882015,9.484421414646,9.494099617004396,28484597,270435601.4682245,1.0
2024-01-15,9.406997972157308,9.542489118077686,9.387641566760564,9.426353454589844,20149695,189938147.0721817,1.0
2024-01-16,9.426351826586243,9.59087755218688,9.387639945442803,9.561843872070312,31335215,299622433.52775574,1.0
2024-01-17,9.552166696323948,9.561844898389628,9.387640953063965,9.387640953063965,24345404,228545911.6092873,1.0
2024-01-18,9.348928371681133,9.600556068868745,9.174724439326006,9.552165985107422,45933549,438764884.333065,1.0
2024-01-19,9.494098693817332,9.513454173687858,9.39731852557244,9.406996726989746,26140767,245906109.6100016,1.0
2024-01-22,9.40699681016031,9.455386894710587,9.019877056722166,9.20375919342041,33601803,309262903.2767515,1.0
2024-01-23,9.18440273925616,9.436030439144735,9.106978973592614,9.319894790649414,26795245,249728864.2896748,1.0
2024-01-24,9.397318101608198,9.745725030235915,9.17472409387301,9.677979469299316,54605212,528468120.6527367,1.0
2024-01-25,9.581200546835104,9.803794583411296,9.542488660860656,9.726370811462402,55984952,544530403.0139236,1.0
2024-01-26,9.64894611333516,9.81347184367518,9.61991150941816,9.697336196899414,37212154,360858767.9487953,1.0
2024-01-29,9.697336898555148,9.755404264662488,9.503776550292969,9.503776550292969,28960301,275232229.533226,1.0
2024-01-30,9.436031657288217,9.62959109643462,9.377963364062191,9.426353454589844,24753120,233331658.2238769,1.0
2024-01-31,9.387640650379216,9.51345450428402,9.329573285785688,9.339250564575195,26415763,246703429.51143456,1.0
2024-02-01,9.261826796474413,9.45538713969049,9.068267376222453,9.339250564575195,32215369,300867403.12124825,1.0
2024-02-02,9.33925069960568,9.377962584215783,8.74889422856057,9.077945709228516,39829778,361572562.2946243,1.0
2024-02-05,9.077945179113216,9.106978860134312,8.623079869283696,8.77792739868164,33834672,296998294.37420654,1.0
2024-02-06,8.739215356943133,9.319894504558862,8.69082527414781,9.242470741271973,35973142,332480712.40662193,1.0
2024-02-07,9.2424710047251,9.406996737140496,9.213437323405936,9.348928451538086,37287330,348596580.3188896,1.0
2024-02-08,9.397319097120084,9.56184483936445,9.397319097120084,9.503776550292969,42371735,402691501.48822784,1.0
2024-02-19,9.436030982179693,9.523132954304844,9.261827037929386,9.503776550292969,30898118,293648809.2965851,1.0
2024-02-20,9.445708509965684,9.697336206374413,9.406996627669272,9.639267921447754,32469121,312978556.4929056,1.0
2024-02-21,9.57152235817005,9.861861013911112,9.513454073243391,9.639267921447754,47116771,454171179.2624998,1.0
2024-02-22,9.581200546835104,9.78443817894199,9.55216686309531,9.726370811462402,32767954,318713271.3369427,1.0
2024-02-23,9.716691918387902,9.842505769600749,9.687658236712352,9.8328275680542,37455350,368291998.05111885,1.0
2024-02-26,9.832827599987487,9.87153948333531,9.745725631713867,9.745725631713867,30674451,298944783.34945107,1.0
2024-02-27,9.707013359094017,9.958641052246094,9.69733608086822,9.958641052246094,36398020,362474816.1924744,1.0
2024-02-28,10.007031536534734,10.190912751695857,9.736048353099989,9.745725631713867,64462854,628237288.5212288,1.0
2024-02-29,9.677979380145208,9.910250663757324,9.648945700434703,9.910250663757324,42477528,420962950.0567703,1.0
2024-03-01,9.910250656864326,9.997352618899296,9.832826895714138,9.968318939208984,36924807,368078252.9447365,1.0
2024-03-04,10.026386217430122,10.413505943011518,9.95864065771309,10.142521858215332,87737236,889876833.9093971,1.0
2024-03-05,9.977997147033886,10.065098186165402,9.871538783155303,9.910250663757324,50149580,496994908.48215103,1.0
2024-03-06,9.958640115557786,10.026385671586704,9.832826280815528,9.929606437683104,28747233,285448709.8623762,1.0
2024-03-07,9.910251334498398,9.977997822360145,9.76508200315655,9.8328275680542,34940513,343564039.46835613,1.0
2024-03-08,9.803794200342454,9.852184286660783,9.755404114024126,9.823149681091309,20844796,204761551.17981336,1.0
2024-03-11,9.81347109551544,9.958640412176706,9.80379289494762,9.948962211608888,28865241,287179191.9379835,1.0
2024-03-12,9.98767410378816,10.045742384305909,9.881216666296964,9.977996826171877,31453311,313841037.3305969,1.0
2024-03-13,9.997352304368452,10.007030504948746,9.910250345073834,9.977996826171877,27729612,276685980.52697754,1.0
2024-03-14,9.948962556259364,9.997352637810778,9.823148713411303,9.939285278320312,24549966,244009115.6470642,1.0
2024-03-15,9.900572748526068,9.997352914305525,9.823148985088128,9.987674713134766,25915868,258839259.49253845,1.0
2024-03-18,10.161879182362746,10.41350688838978,10.084455414810444,10.22962474822998,67059507,685993592.4113016,1.0
2024-03-19,10.200590495449749,10.229624175916497,10.065098448331495,10.074776649475098,38867900,391585411.3341332,1.0
2024-03-20,10.11348941684516,10.345760726850044,9.997353761842716,10.248981475830078,56364004,577673632.8996124,1.0
2024-03-21,10.248981329199877,10.7232021444163,10.21994764660568,10.568354606628418,102094483,1078970699.7243967,1.0
2024-03-22,10.897405417201952,11.110320307112929,10.548997555594768,10.616744041442873,157395448,1671027184.7042313,1.0
2024-03-25,10.645778006199317,10.974829474065183,10.616744324612354,10.694168090820312,118327607,1265415319.0425262,1.0
2024-03-26,10.72320131562125,11.410337903669364,10.355437980317353,11.052252769470217,130064565,1437506448.7311888,1.0
2024-03-27,10.868371216320144,11.661966212650002,10.75223556580058,11.178067207336426,136536871,1526218320.3174238,1.0
2024-03-28,11.342592390751992,11.507118118385598,10.790946923936469,10.936117172241213,127878469,1398493920.7908154,1.0
2024-03-29,10.858694646241808,10.88772833002524,10.519964951233131,10.955473899841309,67850208,743331182.842804,1.0
2024-04-01,11.226456845810992,11.32323608924484,10.694167776550596,10.703845977783203,132867526,1422193533.7531052,1.0
2024-04-02,10.607065615865158,10.607065615865158,10.258658684590175,10.307047843933104,107337839,1106336242.0373888,1.0
2024-04-03,10.278014548373465,10.423184800727189,10.15220069885254,10.15220069885254,64428210,654088118.5878181,1.0
2024-04-08,9.968319620813595,10.055421588804345,9.8134720879252,9.8328275680542,60572327,595597246.7867937,1.0
2024-04-09,9.813472067240316,9.919929515135674,9.813472067240316,9.861861228942873,33619903,331554817.9165201,1.0
2024-04-10,9.842505554823186,9.842505554823186,9.571522378181731,9.610234260559082,50611087,486384402.2515364,1.0
2024-04-11,9.590877857888367,9.755403588733126,9.561844176846376,9.610234260559082,45397210,436277822.87579536,1.0
2024-04-12,9.590878544854805,9.629590430004972,9.455387408311283,9.474742889404297,36843281,349080614.67707443,1.0
2024-04-15,9.484420335109704,9.919929239061032,9.406996570983424,9.813471794128418,76442490,750166219.4879436,1.0
2024-04-16,9.707014507433298,9.774761000812688,9.494099593852855,9.523133277893066,47260353,450066640.3792734,1.0
2024-04-17,9.50377553621329,9.736047744750977,9.50377553621329,9.736047744750977,38193646,371855161.0021172,1.0
2024-04-18,9.707014384255324,9.910252015886146,9.648947016911755,9.755404472351074,46887731,457408780.6957941,1.0
2024-04-19,9.736048374022753,9.832827621118232,9.687658288992962,9.716691970825195,29999849,291499291.90426826,1.0
2024-04-22,9.677979476812713,9.755403238790093,9.610233915823516,9.619911193847656,28575740,274896081.0984802,1.0
2024-04-23,9.610233602429416,9.668300960536824,9.610233602429416,9.629589080810549,18781262,180855835.47904205,1.0
2024-04-24,9.639268224802118,9.687658309936523,9.561844457772713,9.687658309936523,24349710,235891670.4260445,1.0
2024-04-25,9.668301287446232,9.716691369481271,9.619911205411192,9.648945808410645,18262888,176217616.61707306,1.0
2024-04-26,10.094133171996168,10.616744041442873,9.987674804076606,10.616744041442873,145451790,1544224424.7996998,1.0
2024-04-29,11.081285803204658,11.478082795704823,10.936116486960598,11.100642204284668,251205116,2788538112.6018257,1.0
2024-04-30,10.974829053862996,11.294202307983744,10.819981527375854,10.936117172241213,117344731,1283295727.7611256,1.0
2024-05-06,11.197423441748882,11.207101644018362,10.819982782880867,10.926440238952637,90907232,993292437.7366028,1.0
2024-05-07,10.839336959986053,11.26516857895438,10.77159139818093,11.052252769470217,102427463,1132054211.611558,1.0
2024-05-08,10.994185785873944,11.15871153225368,10.86837192552684,10.955473899841309,49172153,538704238.7905035,1.0
2024-05-09,11.187744796396029,11.420016084717703,11.03289634788419,11.081286430358888,141451173,1567460963.923247,1.0
2024-05-10,11.01354049574276,11.236133575439451,10.86837025323429,11.236133575439451,96852934,1088252503.5972214,1.0
2024-05-13,11.303881318534392,12.34910312012883,11.149033780959533,12.029729843139648,203449557,2447443207.416441,1.0
2024-05-14,11.807135121441991,13.162052841486728,11.739389558477182,12.96849250793457,227532278,2950750642.556286,1.0
2024-05-15,12.978172009037984,12.978172009037984,11.671645164489746,11.671645164489746,244076394,2848773063.796194,1.0
2024-05-16,11.516795881716783,11.77810178589448,11.197422614142331,11.323236465454102,174206829,1972585118.663927,1.0
2024-05-17,11.139354667232878,11.313557671261968,10.984507142334108,11.19742202758789,122764583,1374646845.891842,1.0
2024-05-20,11.042574823139528,11.265168838864124,11.042574823139528,11.216778755187988,83752371,939431815.7294226,1.0
2024-05-21,11.19742229417291,11.57486383732272,11.149033133713049,11.390982627868652,104410656,1189339968.66037,1.0
2024-05-22,11.303880985309885,11.439372115211713,11.21677901725065,11.323236465454102,66474733,752709120.7369251,1.0
2024-05-23,11.303880460409312,11.400659702564615,11.03289636726072,11.052252769470217,74825571,826991124.3119402,1.0
2024-05-24,11.00386306100726,11.071608625115516,10.858693731356974,10.86837100982666,58483442,635619745.5876789,1.0
2024-05-27,10.88772707002461,11.00386271468252,10.800625105790164,10.965150833129885,46767736,512815279.3639984,1.0
2024-05-28,11.05225316606229,11.158710613142391,10.829659147485954,10.839337348937988,60209125,652627017.359376,1.0
2024-05-29,10.761912985608864,10.86837042677707,10.713522904000026,10.771591186523438,46963934,505876297.5588684,1.0
2024-05-30,10.713523864746094,10.771592152476837,10.597388212248733,10.713523864746094,42323169,453430281.11318207,1.0
2024-05-31,10.761913368469816,10.790947049282392,10.616744041442873,10.616744041442873,35428821,376138724.24709606,1.0
2024-06-03,10.558676697156033,10.645778670314687,10.49093112823892,10.5877103805542,35530493,376186569.5623083,1.0
2024-06-04,10.548998126300464,10.800625834860147,10.548998126300464,10.713523864746094,51878889,555805715.3780136,1.0
2024-06-05,10.674812058116554,10.713523942563526,10.548998202922869,10.568354606628418,32399984,342414520.16108704,1.0
2024-06-06,10.558676176427324,10.645778145290322,10.345760355091569,10.374794960021973,47515730,492965956.1257649,1.0
2024-06-07,10.4038289358646,10.461897224401554,10.161879425728214,10.394150733947754,49236668,511773348.8293419,1.0
2024-06-11,10.636099804682296,10.984507675582204,10.578032441508377,10.694168090820312,101240077,1082678400.9655914,1.0
2024-06-12,10.500608706370071,10.71352360258989,10.432862218514584,10.60706615447998,51454797,545784435.744338,1.0
2024-06-13,10.616744637172037,10.800625856588423,10.519964465080808,10.684490203857422,50864488,543461123.7602234,1.0
2024-06-14,10.684488798214067,11.265167908439487,10.636098718534615,11.07160758972168,121968552,1350387946.0305634,1.0
2024-06-17,10.936116821059787,11.032896060524438,10.858693060302452,11.003862380981444,61164449,673045179.4045582,1.0
2024-06-18,10.955472565970306,11.158710173637717,10.955472565970306,11.11032009124756,65187957,724259068.3644819,1.0
2024-06-19,11.178067016046462,11.187745217498495,10.829659147485954,10.839337348937988,53187776,576520246.9037476,1.0
2024-06-20,10.79094623052594,11.400659019112858,10.76191255191628,11.12967586517334,113276726,1260733243.4480534,1.0
2024-06-21,11.08128680599597,11.284524420907866,10.96515115789833,10.98450756072998,81690623,897331265.9842424,1.0
2024-06-24,10.89740494068112,11.33291382568213,10.858693060302452,11.003862380981444,97114531,1068634934.3175564,1.0
2024-06-25,10.887727559947985,10.926439443242568,10.481252323872797,10.578032493591309,86226535,912107089.0397882,1.0
2024-06-26,10.45221827288127,10.694167765665725,10.403828189731565,10.674811363220217,51743041,552347202.0343695,1.0
2024-06-27,10.597388050170222,10.616744453439138,10.336083066788635,10.345760345458984,45141324,467021319.780716,1.0
2024-06-28,10.336083076412208,10.71352371086638,10.307048471481805,10.374794960021973,71817410,745090903.3098316,1.0
2024-07-01,10.278014418587514,10.481252030945068,10.200590654162168,10.47157382965088,40532831,424442532.34126186,1.0
2024-07-02,10.432862981098877,10.548998639243312,10.287693639159375,10.32640552520752,38216716,394641307.2576866,1.0
2024-07-03,10.287693002571809,10.413506855184142,10.229624715610688,10.316726684570312,29493013,304271354.2254791,1.0
2024-07-04,10.3167264518614,10.394150217420412,10.123167037963867,10.123167037963867,41642672,421555724.56314087,1.0
2024-07-05,10.123167037963867,10.123167037963867,10.123167037963867,10.123167037963867,0,0.0,1.0
2024-07-08,10.24898061826782,10.258658819449256,9.958641043573206,10.016709327697754,37509902,375725785.24442863,1.0
2024-07-09,9.98767495676727,10.24898085696748,9.929607594254392,10.2102689743042,42117633,430032361.4910307,1.0
2024-07-10,10.14252249743614,10.287692749789862,10.11348881615103,10.15220069885254,26442288,268447414.7128601,1.0
2024-07-11,10.268336956848415,10.326405245831706,10.084455733835584,10.248981475830078,45329189,464578018.3754005,1.0
2024-07-12,10.200591142307957,10.200591142307957,10.036065404289753,10.084455490112305,29027668,292728225.92775726,1.0
2024-07-15,10.036065416429686,10.094133704079812,9.900573360555471,10.026387214660645,27640845,277137814.9104166,1.0
2024-07-16,10.016709288541604,10.103810329941846,9.968319205787653,10.074776649475098,21217685,213763437.39391804,1.0
2024-07-17,10.23930352820865,10.519964932177915,10.22962532597698,10.355439186096191,77392802,801436454.5525837,1.0
2024-07-18,10.25865956472834,10.481252670288086,10.239303160959247,10.481252670288086,54552864,571782351.4718628,1.0
2024-07-19,10.481252657467635,10.55867642652103,10.34576060014213,10.539320945739746,52786025,556328858.9248419,1.0
2024-07-22,10.626421993701715,10.694168483846536,10.384472484668828,10.539320945739746,47908112,504918968.2724457,1.0
2024-07-23,10.413507217824574,10.490930987826204,10.23930327383884,10.248981475830078,40506672,415152130.9755249,1.0
2024-07-24,10.210269365814344,10.239303048184071,10.007031743298006,10.055421829223633,29690669,298552201.1868534,1.0
2024-07-25,10.055420492602256,10.281053869216144,10.016179864688088,10.163331985473633,30018247,305085409.8829479,1.0
2024-07-26,10.202572549671537,11.00700682024378,10.173142312812296,10.683271408081056,84047004,897896954.768074,1.0
2024-07-29,10.496877935614847,10.66365084044776,10.496877935614847,10.545928955078123,39975910,421583106.7745972,1.0
2024-07-30,10.506688739279214,10.71270228066,10.496878347887174,10.62441062927246,41341578,439229900.7340965,1.0
2024-07-31,10.59497977298469,11.67409750279596,10.59497977298469,11.399413108825684,147432741,1680646720.4255018,1.0
2024-08-01,11.232641331873712,11.399414250232706,11.232641331873712,11.252262115478516,81246233,914203909.6112404,1.0
2024-08-02,11.144349432929806,11.399414000788113,10.997197301395632,11.02662754058838,62919670,693791766.0667324,1.0
2024-08-05,11.007007727780715,11.154159859780096,10.830424420925112,10.850045204162598,60029510,651322897.0837307,1.0
2024-08-06,10.967766761779783,11.04624802119102,10.771562677681288,10.967766761779783,47889244,525238058.589962,1.0
2024-08-07,10.889285126194276,11.04624763959442,10.850044497844245,10.899094581604004,39044888,425553927.2401352,1.0
2024-08-08,10.869664607791035,11.20321042463902,10.840234369707508,10.948145866394045,58697750,642631529.0291309,1.0
2024-08-09,11.12472940831423,11.163970038470332,10.81080436706543,10.81080436706543,42053968,454637220.9068298,1.0
2024-08-12,10.722512396732489,10.791183263572696,10.644031138752132,10.75194263458252,28772962,309365236.8510227,1.0
2024-08-13,10.712702494344576,11.02662754058838,10.69308171116912,11.02662754058838,37016321,408165184.58986,1.0
2024-08-14,11.01681658109874,11.114918620778118,10.899094694825717,10.918715476989746,35512081,387746308.4348135,1.0
2024-08-15,10.869665329792038,11.193400776925683,10.840235089753651,11.085489273071287,58452200,647971236.0874176,1.0
2024-08-16,11.06586807675921,11.075678468263062,10.908905554979288,11.007007598876951,31905453,351183563.6166115,1.0
2024-08-19,10.94814556211662,11.02662681853843,10.85985391474949,10.88928508758545,28287800,308033918.7005997,1.0
2024-08-20,10.869663615435735,11.036436508634056,10.742131347956418,10.761752128601074,43240800,465346771.4424133,1.0
2024-08-21,10.663650985462024,10.781372872432554,10.487067687221035,10.75194263458252,32444393,348840252.34985065,1.0
2024-08-22,10.78137213785684,10.850043935588571,10.42820650100777,10.438016891479492,40524981,423000436.2048855,1.0
2024-08-23,10.418396704586204,11.379793507515718,10.4085863135551,10.908905029296877,78239005,853501875.1316833,1.0
2024-08-26,10.928525754544314,10.987386229284178,10.761752850164068,10.899094581604004,39810328,433896530.19667816,1.0
2024-08-27,10.830424113207666,10.869664742997278,10.555739704680375,10.61460018157959,37707777,400252976.5911627,1.0
2024-08-28,10.594980745281314,10.712702639214717,10.545929722249785,10.693081855773926,23722435,253665939.2732764,1.0
2024-08-29,10.614599494739643,10.840233803107584,10.60479003960479,10.663650512695312,38559602,411186119.6366272,1.0
2024-08-30,10.653840825705789,11.14434916652122,10.614600195863371,10.97757625579834,81566789,895405646.1881132,1.0
2024-09-02,10.899095807972817,10.93833644073822,10.57536035376564,10.58517074584961,46324300,490350625.18196106,1.0
2024-09-03,10.575358810921308,10.742131709736302,10.555738965186196,10.65384006500244,26044636,277475386.4952049,1.0
2024-09-04,10.585169943129983,10.761753244968446,10.565550096020385,10.61460018157959,26580475,282141114.76147175,1.0
2024-09-05,10.6047903598716,10.732321700609324,10.6047903598716,10.722512245178224,26559993,284789850.1743479,1.0
2024-09-06,10.928526086446308,11.163969863697009,10.771562632708768,10.781373023986816,80000260,862512645.0759315,1.0
2024-09-09,10.644031082715866,10.87947485541741,10.604790453932274,10.742132186889648,40997273,440398125.86800194,1.0
2024-09-10,10.751943270525851,10.781373510116593,10.487068307497855,10.693081855773926,36736932,392831021.0060005,1.0
2024-09-11,10.624409885444846,10.751942157901448,10.575358867489175,10.663650512695312,23669398,252402188.1178894,1.0
2024-09-12,10.663650512695312,10.722511921356189,10.60479003960479,10.663650512695312,22535990,240315921.31759644,1.0
2024-09-13,10.68327198538922,10.791183483418052,10.604790725809996,10.61460018157959,29711600,315376754.75502014,1.0
2024-09-18,10.536118977884922,10.62441062927246,10.379156457893927,10.62441062927246,26534040,281908536.61354065,1.0
2024-09-19,10.644030988307142,10.869664367918904,10.55573934043458,10.722512245178224,39854088,427335946.60041046,1.0
2024-09-20,10.69308174497404,10.918716074352917,10.69308174497404,10.850045204162598,38587172,418672560.5007973,1.0
2024-09-23,10.850044884085284,10.869664731173543,10.75194284193276,10.791183471679688,23901024,257920335.1450196,1.0
2024-09-24,10.918715637573191,11.566186489382478,10.781372967116214,11.48770523071289,123736761,1421451436.5711708,1.0
2024-09-25,11.70352931358383,11.968403331180625,11.507325228762014,11.517135620117188,167645226,1930792803.907196,1.0
2024-09-26,11.419034425647682,12.05669488971398,11.409224034367794,12.03707504272461,143098455,1722486841.3329506,1.0
2024-09-27,12.380429885636383,12.851318359375,12.017453841072436,12.851318359375,120642482,1550414943.847168,1.0
2024-09-30,13.920624949203274,14.136448860168455,13.243723916246084,14.136448860168455,228971637,3236845836.879556,1.0
2024-10-08,15.549114227294922,15.549114227294922,14.715249703217763,15.549114227294922,177480351,2759662250.7993965,1.0
2024-10-09,15.078226088980218,15.568734423438537,13.99910831451416,13.99910831451416,256535987,3591275068.5837965,1.0
2024-10-10,13.989298493830583,14.273793301996488,12.870939108848871,13.204484939575195,180047971,2377440721.4705715,1.0
2024-10-11,13.008281113890783,13.488979051931825,12.890559227160551,13.07695198059082,115628508,1512068446.7033615,1.0
2024-10-14,13.145622999359128,13.204484411190348,12.50796253830134,13.106382369995115,113054942,1481741298.6696205,1.0
2024-10-15,12.99847027086942,13.116192153506963,12.625683841398684,12.635494232177734,80231431,1013763783.639866,1.0
2024-10-16,12.47853160940588,12.86112749063331,12.419670200833009,12.615873336791992,76009950,958931901.5358924,1.0
2024-10-17,12.753216996100466,12.88074927832992,12.41967117112657,12.439291954040527,61844522,769302064.9160824,1.0
2024-10-18,12.62568385477016,13.6851817352005,12.62568385477016,13.351635932922363,224986366,3003936048.7032223,1.0
2024-10-21,12.939609311620355,13.22410410511101,12.851318598250476,13.07695198059082,146192370,1911750602.418766,1.0
2024-10-22,13.057331448610675,13.243724192258174,12.978849259339247,13.126002311706545,91813458,1205143661.9537716,1.0
2024-10-23,13.253535769002111,13.35163687712296,12.900369160169868,12.98866081237793,110342393,1433199915.9031048,1.0
2024-10-24,12.851318718533696,13.00828123564311,12.792457306832466,12.919989585876465,78963358,1020205763.025835,1.0
2024-10-25,12.82188728160438,13.037711205983149,12.772837197692718,12.870938301086426,107797694,1387457468.4733944,1.0
2024-10-28,12.841508714905832,12.870938953859516,12.763027453982392,12.812078475952148,78771937,1009232238.5467588,1.0
2024-10-29,12.841508404255958,12.959230292793295,12.55701360639812,12.57663345336914,102507767,1289202611.6823692,1.0
2024-10-30,12.576633415020982,12.69435530319937,12.449101135601795,12.566823959350586,66730656,838592406.6439819,1.0
2024-10-31,12.478532022079213,12.949419563953336,12.478532022079213,12.694355010986328,141559546,1797007132.1180496,1.0
2024-11-01,12.704165483808104,12.782646741292492,12.478532102433077,12.527583122253418,102879717,1288834206.311408,1.0
2024-11-04,12.62568408360186,12.861127853393556,12.576633064335995,12.861127853393556,86511442,1112634716.343441,1.0
2024-11-05,12.870938266965526,13.420307999681356,12.684545516112342,13.400687217712402,199897358,2678761970.20508,1.0
2024-11-06,13.253535421986571,13.665562497789187,13.116192751528898,13.282965660095217,208508732,2769614326.985996,1.0
2024-11-07,12.949420378496724,14.244363071245704,12.890559899845211,13.930437088012695,302635630,4215846604.306088,1.0
2024-11-08,14.067778119485524,14.381703130447104,13.538029195702697,13.626320838928224,323604130,4409533700.182238,1.0
2024-11-11,13.439928046832948,13.67537182055498,13.361446788925605,13.616511344909668,162797119,2216728817.7821093,1.0
2024-11-12,13.636131651879506,13.812714955916672,13.20448471881917,13.341827392578123,163949032,2187379686.124268,1.0
2024-11-13,13.322206017312377,13.459548684964703,13.155433112152544,13.410497665405272,123934119,1662018213.513559,1.0
2024-11-14,13.341826862581742,13.587081025970596,13.214294585351093,13.243724822998049,138498487,1834235850.2295723,1.0
2024-11-15,13.214295844032591,13.528220903689634,12.929801024825782,12.939610481262209,184164111,2383011860.9679365,1.0
2024-11-18,12.86112816370652,12.95923020460525,12.272518725025334,12.380430221557615,175302460,2170319873.697396,1.0
2024-11-19,12.409860459599075,12.468721871252397,12.07631557879827,12.380430221557615,153367021,1898749701.7786613,1.0
2024-11-20,12.26270866394043,12.33137953307596,12.184227403336845,12.26270866394043,145757995,1787387828.1250858,1.0
2024-11-21,12.272517931593152,12.50796169184392,12.24308675988405,12.409859657287598,155529175,1930095234.3637228,1.0
2024-11-22,12.419671683371362,12.419671683371362,11.74277054961848,11.811441421508787,146713125,1732893481.703997,1.0
2024-11-25,11.840870284266938,11.938972320331445,11.69371816574053,11.909542083740234,91159898,1085672641.5804672,1.0
2024-11-26,11.880110797727989,12.07631486797672,11.840870170792307,11.889921188354492,71951115,855493086.7642307,1.0
2024-11-27,11.850681701814043,12.115556660796637,11.762390048819846,12.105746269226074,91730357,1110464427.027526,1.0
2024-11-28,12.115556073956885,12.164606158292996,11.96840301423738,11.997833251953123,67666596,811852535.5352783,1.0
2024-11-29,12.066504611404014,12.723785821556492,12.037074374767885,12.449100494384766,201479138,2508234036.4840164,1.0
2024-12-02,12.31175919638615,12.606064379737807,12.29213841422986,12.527583122253418,129299110,1619805348.158388,1.0
2024-12-03,12.537393494117186,12.841509090774746,12.341190336065754,12.704166412353516,128348459,1630560181.9051323,1.0
2024-12-04,12.75321756964861,13.194674913791584,12.517773777515083,12.54720401763916,240356924,3015807362.4801903,1.0
2024-12-05,12.498151511643156,12.75321605732657,12.488341120908323,12.625683784484863,113366334,1431327484.890295,1.0
2024-12-06,12.566823631857238,12.812077793063448,12.458911202161463,12.684545516967772,128726185,1632833152.8581142,1.0
2024-12-09,12.655115257661912,12.694355888865111,12.390241230932938,12.49815273284912,86753247,1084255331.0765848,1.0
2024-12-10,12.988660647394742,13.047522059975927,12.547203327532296,12.596254348754885,170671351,2149819747.241621,1.0
2024-12-11,12.537392823856694,12.645305256693725,12.488341803073537,12.57663345336914,79577893,1000821991.25243,1.0
2024-12-12,12.576633331554024,12.851318671051,12.517772855640668,12.733595848083496,106739954,1359183435.0790234,1.0
2024-12-13,12.645305706389012,12.655115162438165,12.439292160229764,12.478532791137695,95256164,1188657166.03199,1.0
2024-12-16,12.458911620682262,12.733596028500736,12.351000122931891,12.586443901062012,94787790,1193041201.3406467,1.0
2024-12-17,12.517772444225011,12.802267229976929,12.517772444225011,12.65511417388916,135490442,1714647012.9807072,1.0
2024-12-18,12.6747363056041,12.704166545728176,12.458912361696472,12.54720401763916,79226758,994074296.2821256,1.0
2024-12-19,12.38043076296045,12.429481785554843,12.21365784748178,12.301949501037598,85005314,1045731080.1478444,1.0
2024-12-20,12.282328909368864,12.429481032668209,12.282328909368864,12.34118938446045,60762050,749875966.438055,1.0
2024-12-23,12.35099983938208,12.586443612106969,12.174416542053224,12.174416542053224,70612190,859662214.0066051,1.0
2024-12-24,12.19403673426162,12.439290886210111,12.164605562417153,12.419670104980469,72228872,897058762.2948608,1.0
2024-12-25,12.43929217718781,12.458912024883302,12.18422760815332,12.301949501037598,53481415,657925666.5740347,1.0
2024-12-26,12.282328909368864,12.380430013044966,12.25289773625269,12.34118938446045,40525745,500135893.9913511,1.0
2024-12-27,12.350999393740882,12.63549417607775,12.331378612269893,12.449100494384766,79792514,993345025.4856032,1.0
2024-12-30,12.48834191495111,12.606064740113482,12.449101285087124,12.596254348754885,65733191,827991992.9912853,1.0
2024-12-31,12.606064461299248,12.625684308012092,12.007643699645996,12.007643699645996,91405271,1097561926.4375849,1.0
2025-01-02,11.98802379811866,12.007643644741796,11.350362410384994,11.458274841308594,96025229,1100283465.5815964,1.0
2025-01-03,11.468083721176535,11.517134738627762,11.124728470158637,11.173779487609863,66313603,740973576.9509039,1.0
2025-01-06,11.173779697124337,11.252260952289728,11.085488051170682,11.213020324707031,43482239,487567229.6707688,1.0
2025-01-07,11.22283019640546,11.311121845635627,11.1051083092887,11.291501998901367,43813373,494718788.8081112,1.0
2025-01-08,11.252261796571329,11.291502427098337,10.938335816784855,11.193400382995604,62712133,701962013.5406713,1.0
2025-01-09,11.134538746786667,11.271880471559824,11.105107575274994,11.15415859222412,37905667,422805821.2620363,1.0
2025-01-10,11.22282950964282,11.262070136280474,10.987385749816896,10.987385749816896,40380511,443676251.1317244,1.0
2025-01-13,10.889285800641934,11.046248323763836,10.869665017466478,11.02662754058838,35746101,394158941.7552538,1.0
2025-01-14,11.065867562866911,11.448464393615724,11.036437325292503,11.448464393615724,80135989,917434016.7136812,1.0
2025-01-15,11.379793648131535,11.3994134948658,11.252261369862447,11.291501998901367,42745194,482657443.4944267,1.0
2025-01-16,11.35036241778985,11.477894695419783,11.203210293523982,11.281691551208496,46301283,522356793.2312136,1.0
2025-01-17,11.242451761396897,11.340553808609146,11.23264136956158,11.26207160949707,33224062,374171765.40237045,1.0
2025-01-20,11.369983142913949,11.428843618096636,11.25226125697819,11.271881103515623,39508597,445336207.9507141,1.0
2025-01-21,11.33099977667014,11.35070631427479,11.193056832415891,11.271881103515623,29154488,328625922.36987305,1.0
2025-01-22,11.242322424415356,11.321146696830755,11.202910288207656,11.291587829589844,31661475,357508325.7768631,1.0
2025-01-23,11.478795145948087,11.646296958349,11.281734466552734,11.281734466552734,74940734,845461461.7165604,1.0
2025-01-24,11.232469022131594,11.419677371640802,11.232469022131594,11.38026523590088,42172994,479939857.5120564,1.0
2025-01-27,11.380265743572204,11.429531150359685,11.124086380004885,11.124086380004885,44190932,491583744.78092194,1.0
2025-02-05,11.232469061789036,11.350706409085689,11.143792460805706,11.281734466552734,38578153,435228478.3560448,1.0
2025-02-06,11.252175242987017,11.459089184710082,11.232468705842244,11.449235916137695,44211835,506191729.2003536,1.0
2025-02-07,11.42953108978791,11.784240325390904,11.409824551313562,11.636445045471191,91820113,1068459698.9934548,1.0
2025-02-10,11.60688523775967,11.70541605081246,11.56747310047045,11.636445045471191,49240224,572981160.6026917,1.0
2025-02-11,11.636444900098844,11.64629722955346,11.439383276455125,11.518207550048828,51213584,589888689.8938599,1.0
2025-02-12,11.518207637290754,11.73497486114502,11.498502038572804,11.73497486114502,62207571,730004281.857894,1.0
2025-02-13,11.715269225534277,11.86306450426162,11.606885144118722,11.626591682434082,74606818,867423009.6116734,1.0
2025-02-14,11.587179050955308,11.734974323375171,11.567472513480965,11.675856590270996,54579015,637256751.9782495,1.0
2025-02-17,11.803945960467836,11.912330043090758,11.695562817504388,11.744828224182127,84298731,990074115.111537,1.0
2025-02-18,11.725120820922616,12.060124434033446,11.49850128244141,11.54776668548584,131675093,1520553252.2536497,1.0
2025-02-19,11.54776682232185,11.725120959860195,11.508354687351172,11.666003227233888,78667562,917736032.170622,1.0
2025-02-20,11.59703254699707,11.666003550190268,11.537913873074729,11.59703254699707,50266148,582938154.3681717,1.0
2025-02-21,11.636443914763657,11.853210178961564,11.508354246105228,11.823651313781738,103430723,1222928803.884345,1.0
2025-02-24,11.754680268373551,11.80394473025746,11.636443868465294,11.7152681350708,65377412,765913911.5569954,1.0
2025-02-25,11.597032682778083,11.636444819301278,11.478795333549048,11.508355140686035,58772313,676372650.4435587,1.0
2025-02-26,11.518207899219547,11.77438726599481,11.498502300053485,11.764533996582031,77303125,909435242.1045305,1.0
2025-02-27,11.705415404412292,11.843358347136776,11.56747246168781,11.774386405944824,80809512,951482419.5638351,1.0
2025-02-28,11.715268859519934,11.872917402479622,11.340853100160956,11.38026523590088,82810655,942407218.2586812,1.0
2025-03-03,11.429531504446455,11.498502512289964,11.311294148629717,11.370412826538086,44698770,508243467.7384758,1.0
2025-03-04,11.330999925009522,11.439383064275692,11.291587788943692,11.390118598937988,36764158,418748119.8100948,1.0
2025-03-05,11.399971601895883,11.409824871409484,11.271881917197565,11.360559463500977,39838321,452585614.6465397,1.0
2025-03-06,11.41967746488949,11.636444683058818,11.409824195959192,11.59703254699707,79340639,920115972.7825452,1.0
2025-03-07,11.567472741404496,11.567472741404496,11.360558792144031,11.390118598937988,55199672,628730810.7024765,1.0
2025-03-10,11.36055892760086,11.39997106413662,11.24232251799359,11.301441192626951,42829253,484032284.1036415,1.0
2025-03-11,11.202909703485243,11.330999374389648,11.163497569334616,11.330999374389648,36189501,410063213.1904736,1.0
2025-03-12,11.36055887195806,11.508355087987852,11.311293466614798,11.39997100830078,58211449,663608830.9511795,1.0
2025-03-13,11.350706409085689,11.459089547838271,11.21276346367922,11.281734466552734,45811677,516835175.3814812,1.0
2025-03-14,11.3014409649181,11.646296917742726,11.281734427217554,11.58717918395996,102176754,1183940357.0333977,1.0
2025-03-17,11.626591630984766,11.626591630984766,11.498501951480131,11.518207550048828,46603131,536784535.3401146,1.0
2025-03-18,11.537914008163566,11.57732614468676,11.478795333549048,11.508355140686035,32567981,374803891.5631151,1.0
2025-03-19,11.518206960070524,11.685708767792338,11.46894249634245,11.557619094848633,53860835,622503015.0604916,1.0
2025-03-20,11.518207106566566,11.547766912770667,11.459089373477212,11.468942642211914,32844097,376687064.6282444,1.0
2025-03-21,11.478794833843578,11.626591044116145,11.330999563230426,11.350706100463867,59784444,678595653.2236404,1.0
2025-03-24,11.399970780464622,11.57732586029203,11.31129324055092,11.478795051574709,63556380,729550660.2400017,1.0
2025-03-25,11.459089957839955,11.77438705615373,11.390118952498687,11.636445045471191,91568338,1065529933.0421314,1.0
2025-03-26,11.577326413561558,11.695562825877092,11.498502138684536,11.537914276123049,57497030,663395803.2716751,1.0
2025-03-27,11.537913913849955,11.626591455217136,11.429530774211983,11.498501777648926,47284012,543695296.0363731,1.0
2025-03-28,11.478794825292416,11.6167377668455,11.46894249634245,11.557619094848633,50784058,586942798.4547005,1.0
2025-03-31,11.439382269571489,11.50835420763973,11.202909469604492,11.202909469604492,65878367,738029381.5063801,1.0
2025-04-01,11.24232301530537,11.331000561348398,11.19305760754152,11.25217628479004,35816789,403016823.7831288,1.0
2025-04-02,11.252175425420692,11.311293158494678,11.2226165588837,11.262028694152832,26111847,294072370.17132854,1.0
2025-04-03,11.183205184655854,11.321147197655357,11.14379304670464,11.24232292175293,32343481,363615857.8155804,1.0
2025-04-07,10.700405540664818,10.818641956954762,10.1190767288208,10.1190767288208,98681680,998567491.648941,1.0
2025-04-08,10.266870722996142,10.32598845387608,10.040250248864682,10.1880464553833,68396053,696822165.3288584,1.0
2025-04-09,10.099368666723477,10.394960132705792,9.872749137921298,10.365401268005373,89527668,927990203.408764,1.0
2025-04-10,10.49349013834864,10.631433074934913,10.375253738271567,10.483637809753418,72610195,761218985.6755686,1.0
2025-04-11,10.463931862913896,10.542756134073896,10.355548724983755,10.444226264953612,47355051,494586867.43241787,1.0
2025-04-14,10.532902271707664,10.542755539962265,10.454078004989617,10.483637809753418,35515645,372333158.75977993,1.0
2025-04-15,10.473785037140594,10.483638305861472,10.375254229250658,10.434372901916504,26575809,277301901.27610874,1.0
2025-04-16,10.424520225298826,10.424520225298826,10.237312807266049,10.3949613571167,35856949,372731599.2391043,1.0
2025-04-17,10.33584200051265,10.45407840511517,10.306283134276876,10.424519538879396,30353858,316424385.8013706,1.0
2025-04-18,10.385106912546147,10.493490043387803,10.365401315874651,10.473784446716309,27607238,289152259.98119545,1.0
2025-04-21,10.454079128917442,10.513197805141573,10.404814661666729,10.503344535827637,26427014,277572033.09514046,1.0
2025-04-22,10.473784541498818,10.532902271707664,10.454078004989617,10.483637809753418,26925146,282273478.638731,1.0
2025-04-23,10.523049943112442,10.562462076471466,10.463931273244215,10.483637809753418,27119421,284310187.37422085,1.0
2025-04-24,10.493491041293568,10.503344310396026,10.355549032497027,10.37525463104248,25992602,269679864.27334404,1.0
2025-04-25,10.404814302827708,10.523050711538772,10.394961033853589,10.463932037353516,30974218,324112112.06217194,1.0
2025-04-28,10.434372845556643,10.4442261142243,10.306283171855355,10.32598876953125,26369830,272294568.43444824,1.0
2025-04-29,10.345695131474397,10.385107265817448,10.27672413128891,10.306282997131348,20749461,213849817.10394,1.0
2025-04-30,10.34569540132598,10.42451967206809,10.325988863810736,10.33584213256836,27906973,288442067.3258476,1.0
2025-05-06,10.394960714824029,10.542755986262044,10.375254177480604,10.532902717590332,43378037,456896643.801034,1.0
2025-05-07,10.818640618043014,10.877759288701233,10.542755680843248,10.601874351501465,56997057,604275636.719367,1.0
2025-05-08,10.582167720166137,10.651139658594284,10.552608854930863,10.592020988464355,28628236,303230876.57471085,1.0
2025-05-09,10.57231480971769,10.582168078349422,10.424519538879396,10.424519538879396,30641491,319422821.6298971,1.0
2025-05-12,10.503344755827156,10.670846579034563,10.454079347885065,10.631434440612791,41052433,436446250.0671492,1.0
2025-05-13,10.729963829599203,10.749669426359842,10.57231435721724,10.582167625427246,27755086,293708972.510149,1.0
2025-05-14,10.562462674318605,11.005849434618646,10.52305053872881,10.858054161071776,84960430,922504950.4879476,1.0
2025-05-15,10.798935567790531,10.887613108438812,10.651140293149687,10.660992622375488,39194944,417857008.8184204,1.0
2025-05-16,10.641286485387146,10.690551887659096,10.542755680843248,10.601874351501465,31565720,334655797.2546768,1.0
2025-05-19,10.6314330268179,10.6314330268179,10.5427554922466,10.582167625427246,22387113,236904182.41538143,1.0
2025-05-20,10.611727430057265,10.6314330268179,10.552608760456604,10.582167625427246,24222062,256321920.3174916,1.0
2025-05-21,10.582168485074892,10.601875023095776,10.552609617703023,10.572315216064451,20071308,212200194.9747162,1.0
2025-05-22,10.562462076471466,10.562462076471466,10.463931273244215,10.483637809753418,23657446,248016095.36779976,1.0
2025-05-23,10.51319721156782,10.532902809423636,10.33584213256836,10.33584213256836,29733190,307317557.9376602,1.0
2025-05-26,10.33584232076851,10.3752544568572,10.29643018467982,10.355548858642578,18797313,194656493.1826973,1.0
2025-05-27,10.365401668475624,10.365401668475624,10.27672413128891,10.306282997131348,18931053,195108789.6516924,1.0
2025-05-28,10.335842361784618,10.335842361784618,10.257018089294434,10.257018089294434,16563583,169892970.45452976,1.0
2025-05-29,10.257018048591128,10.3752544568572,10.247164779654094,10.355548858642578,24059778,249152206.6070938,1.0
2025-05-30,10.325989362004,10.335842631237009,10.266871625924905,10.286577224731444,19367142,199221601.8053398,1.0
2025-06-03,10.25701719800488,10.404813400825722,10.227458333304458,10.365401268005373,25190111,261105608.50059605,1.0
2025-06-04,10.375253738271567,10.523049943112442,10.345694873167146,10.483637809753418,35755050,374842994.069624,1.0
2025-06-05,10.47378449409531,10.611727430057265,10.463931225885304,10.582167625427246,34383109,363847822.9213362,1.0
2025-06-06,10.592020941575887,10.60187420983049,10.463931273244215,10.483637809753418,22195337,232687874.173419,1.0
2025-06-09,10.5230512022185,10.67084648508402,10.5230512022185,10.621581077575684,36943472,392398083.1351471,1.0
2025-06-10,10.621580486731474,10.621580486731474,10.394960940322523,10.454078674316406,33740794,352728915.0099029,1.0
2025-06-11,10.47378458786388,10.72011065736305,10.47378458786388,10.592020988464355,48691972,515746389.3937187,1.0
2025-06-12,10.562462123229082,10.66099198723312,10.552608854930863,10.592020988464355,28937447,306506045.9765749,1.0
2025-06-13,10.552609483852132,10.572315081963612,10.434373076204926,10.454078674316406,30785325,321832209.5643997,1.0
2025-06-16,10.434373036467624,10.572315041700987,10.414666498771751,10.55260944366455,26422846,278829974.2280941,1.0
2025-06-17,10.56246202866661,10.582167625427246,10.503343359065951,10.582167625427246,21257945,224955137.362113,1.0
2025-06-18,10.552609402883752,10.562462671693613,10.394960860563756,10.444226264953612,28428130,296909822.00951576,1.0
2025-06-19,10.444226713481136,10.463932312287676,10.257018356691898,10.286577224731444,32741304,336795952.03440857,1.0
2025-06-20,10.286576686845244,10.34569535949249,10.207752416421863,10.227458953857422,23606917,241438774.644619,1.0
2025-06-23,10.178193498154068,10.355548575534222,10.148634631810516,10.32598876953125,23687536,244597230.7138672,1.0
2025-06-24,10.365402204801908,10.621580621457204,10.355548935791465,10.572315216064451,54853120,579924475.2246094,1.0
2025-06-25,10.621580186538184,10.986142668061785,10.582168051769669,10.936878204345703,122287660,1337445243.314438,1.0
2025-06-26,10.936878744587723,10.95658434311566,10.779229258066948,10.789082527160645,70247561,757906732.9607515,1.0
2025-06-27,10.81864130049538,11.045261789378069,10.749670296759517,10.779229164123535,77214211,832309675.0959883,1.0
2025-06-30,10.808789660518851,10.8383485297681,10.69055324386234,10.74967098236084,39532258,424958766.68980217,1.0
2025-07-01,10.759522837561626,10.779228434584146,10.641286436448349,10.700404167175291,30472907,326072421.0487452,1.0
2025-07-02,10.700404758257008,10.729964564912729,10.641287024264448,10.660992622375488,24437639,260529489.0872755,1.0
2025-07-03,10.670846173195669,10.739817177895755,10.651140574563986,10.690552711486816,28701800,306838105.8145523,1.0
2025-07-04,10.680699079786582,10.818641084504335,10.592021539805492,10.651140213012695,46555258,495866580.610981,1.0
2025-07-07,10.631433849183331,10.700404852669685,10.611728250898423,10.670845985412598,22947553,244869803.8050928,1.0
2025-07-08,10.651140611144417,10.818641488897114,10.641287341965,10.798935890197754,41010170,442866196.6761112,1.0
2025-07-09,10.808788796306397,10.86790653007816,10.739816854026754,10.759523391723633,40637837,437243757.79055214,1.0
2025-07-10,10.74967003099412,11.035408247540513,10.7398167622299,10.956583976745604,79730195,873570576.9998026,1.0
2025-07-11,11.005849383182287,11.360558601832686,10.946730710244177,11.163497924804688,138402967,1545061234.8913116,1.0
2025-07-14,11.222616364042262,11.232468692943923,11.035408020019531,11.035408020019531,56505475,623560971.9900131,1.0
2025-07-15,11.055114974968738,11.124085978184176,10.917172028878417,10.976290702819824,51584482,566206270.1863766,1.0
2025-07-16,10.986143112182615,11.055115055560304,10.907318839459077,10.986143112182615,35916656,394585522.9270325,1.0
2025-07-17,10.98614261687358,11.055114557141676,10.946730482288702,11.035408020019531,36721876,405240884.92056274,1.0
2025-07-18,11.045262069407368,11.084674206778423,10.986143393521049,11.015703201293944,37932047,417848171.5695324,1.0
2025-07-21,11.0157027448893,11.202910154730532,10.99599620719052,11.173351287841797,57916558,647122047.9166641,1.0
2025-07-22,11.173351099133532,11.202909965523045,11.025554887867138,11.153644561767578,49993974,557615016.2262497,1.0
2025-07-23,11.212764112946331,11.360559396135969,11.143793106079102,11.143793106079102,98308002,1095524034.9600103,1.0
2025-07-24,11.114232967943892,11.419677734375,11.114232967943892,11.419677734375,105200103,1201351273.8830566,1.0
2025-07-25,11.498501683496254,11.656150227009508,11.439383009849063,11.488648414611816,107051617,1229878389.9286814,1.0
2025-07-28,11.528060228679903,11.764533037348556,11.459089227733068,11.557619094848633,86276215,997147629.915266,1.0
2025-07-29,11.488648374776105,11.606884782001073,11.330999831809482,11.58717918395996,71427562,827643959.5674095,1.0
2025-07-30,11.567472686368443,11.606884822246757,11.390118544745754,11.488648414611816,61056709,701459063.054265,1.0
2025-07-31,11.439382269571489,11.518206536227154,11.153644068029855,11.202909469604492,73482182,823214232.5750008,1.0
2025-08-01,11.19305688588114,11.29158769505617,11.143792420953064,11.173351287841797,45770370,511408422.58449554,1.0
2025-08-04,11.094527016365548,11.183204556691187,11.094527016365548,11.173351287841797,37898208,423449991.1636963,1.0
2025-08-05,11.183204689933527,11.301441098556632,11.183204689933527,11.291587829589844,41912368,473257184.4180908,1.0
2025-08-06,11.281734654529346,11.34085332916271,11.24232251799359,11.301441192626951,33678203,380612230.67785263,1.0
2025-08-07,11.301441098556632,11.39011863993882,11.23246915544857,11.291587829589844,46894411,529512360.5233841,1.0
2025-08-08,11.281733831633533,11.29158709996363,11.133938565319571,11.212762832641602,34875107,391046303.55399895,1.0
2025-08-11,11.232469328360926,11.38026554615956,11.212763729783452,11.311293601989746,50041137,566029992.7843924,1.0
2025-08-12,11.330999468892072,11.370411603371409,11.262028468468088,11.340852737426758,40968612,464618995.5487747,1.0
2025-08-13,11.380265633808472,11.666003862828518,11.311293689107448,11.528060913085938,112220545,1293685278.4597015,1.0
2025-08-14,11.508354780376788,12.07983121190076,11.508354780376788,11.675856590270996,169288255,1976585387.797227,1.0
2025-08-15,11.646296473476164,12.109389755519762,11.63644414466116,11.951741218566896,184069448,2199950408.740456,1.0
2025-08-18,12.119242973615442,12.217772838971705,11.86306363230225,12.050271034240724,162201229,1954568771.5369463,1.0
2025-08-19,12.040337746742598,12.09994379657368,11.87145504419489,11.891324043273926,86612516,1029937493.9592476,1.0
2025-08-20,11.89132450246756,12.08007526397705,11.772113345607975,12.08007526397705,91035445,1099715027.2896433,1.0
2025-08-21,12.109877775801769,12.189352827514831,11.881389962770628,11.960864067077637,73952566,884536589.3375874,1.0
2025-08-22,11.931060786310624,12.368168333309654,11.931060786310624,12.308563232421877,137830207,1696491818.197296,1.0
2025-08-25,12.477446052844972,12.596657203194336,12.229089252765624,12.417840003967283,161331586,2003389822.5342884,1.0
2025-08-26,12.358234138212527,12.397971188917802,12.219154934447078,12.268826484680176,87810961,1077337443.962018,1.0
2025-08-27,12.219154638502822,12.37810283747424,11.931060791015623,11.931060791015623,122789575,1465009883.8279724,1.0
2025-08-28,11.871455502621266,12.090009763900197,11.772113345607975,12.08007526397705,93107635,1124747238.450904,1.0
2025-08-29,12.09994391638615,12.149614519763526,11.931061212166185,12.000600814819336,78918621,947070867.4770184,1.0
2025-09-01,12.070139916679803,12.109876966176625,11.8714546691957,11.940995216369627,61857108,738635430.7264595,1.0
2025-09-02,11.931061549197295,12.000601153814818,11.732376287857196,11.83171844482422,74880585,885965998.7037277,1.0
2025-09-03,11.891324372269178,11.911192424491878,11.384676250608711,11.474084854125977,73292066,840959384.4182014,1.0
2025-09-04,11.474084699205225,11.593295853149996,11.354873545260451,11.493952751159668,57388971,659626121.1116724,1.0
2025-09-05,11.52375572545791,11.593295325240982,11.404543629535512,11.56349277496338,48835837,564712848.3087893,1.0
2025-09-08,11.493952873545258,11.633033028331411,11.46415032159324,11.603230476379396,43738319,507505796.0064039,1.0
2025-09-09,11.583361476807353,11.69263907964149,11.543624425069316,11.603230476379396,44014789,510713741.1362085,1.0
2025-09-10,11.563493077767712,11.623098179883751,11.484018976675646,11.52375602722168,37863144,436325633.8795624,1.0
2025-09-11,11.474084198962116,11.851586643698694,11.444281648626754,11.811849594116213,69469713,820565801.3024197,1.0
2025-09-12,11.74230907266485,11.811849620141912,11.652900474055768,11.682703971862791,46333369,541299034.0460844,1.0
2025-09-15,11.682704274821605,11.742309377169354,11.603230173420586,11.642967224121094,30150743,351044112.5318985,1.0
2025-09-16,11.662834899598176,11.742308998435854,11.543623751341658,11.692638397216797,46205240,540261163.3766174,1.0
2025-09-17,11.682704319316803,11.831718023159745,11.64296726846495,11.762178421020508,56585698,665571075.9539833,1.0
2025-09-18,11.712507241308112,11.72244174118701,11.404544376904637,11.464150428771973,74224495,850920776.1796331,1.0
2025-09-19,11.454215731463142,11.493952782887757,11.344939076896962,11.36480712890625,33614001,382016638.1958618,1.0
2025-09-22,11.36480705461753,11.404544105782394,11.285332952287805,11.374741554260254,30747378,349743478.22114754,1.0
2025-09-23,11.31513590666862,11.354872955921117,11.056844612824404,11.195924758911133,45691851,511562525.8913784,1.0
2025-09-24,11.156187029730068,11.354873228162177,11.156187029730068,11.285332679748535,34405035,388272265.83339214,1.0
2025-09-25,11.285333064221364,11.33500461552162,11.20585896110337,11.235662460327148,25925445,291289549.15377617,1.0
2025-09-26,11.205858310669768,11.325069458427256,11.185990259746513,11.195924758911133,27412999,306913874.2201061,1.0
2025-09-29,11.185991103184191,11.742309834666266,11.176056603270498,11.583361625671388,95282051,1103686453.168664,1.0
2025-09-30,11.533690108154133,11.593296160409286,11.434347950936957,11.454216003417969,50160490,574549087.297287,1.0
2025-10-09,11.444281699622117,11.563492848900763,11.335004102228856,11.553558349609377,62474106,721798229.0106812,1.0
2025-10-10,11.513822021087645,11.692639229909908,11.474084968838923,11.583361625671388,54511682,631428525.4296017,1.0
2025-10-13,11.325070272685554,11.493952981002614,11.27539966810317,11.464150428771973,46234846,530043229.5951061,1.0
2025-10-14,11.464150199524983,11.62309840478468,11.464150199524983,11.493952751159668,51334432,590035535.9156189,1.0
2025-10-15,11.533689845135276,11.613163948059082,11.424413190466552,11.613163948059082,45337036,526506431.98705673,1.0
2025-10-16,11.61316329587337,11.642966793350585,11.523755645659676,11.573426246643066,39991199,462835192.141326,1.0
2025-10-17,11.563492978591082,11.633032579598714,11.285332679748535,11.285332679748535,47059702,531084392.8798275,1.0
2025-10-20,11.394610129098542,11.414478180237875,11.275398980044542,11.305201530456545,29963950,338748493.39852333,1.0
2025-10-21,11.325069775914974,11.503886976267172,11.31513622387786,11.40454387664795,35393541,403647191.2844381,1.0
2025-10-22,11.3648065570374,11.374741056245163,11.295266957395016,11.315135955810549,24003731,271605479.71170425,1.0
2025-10-23,11.305201804161634,11.404543957075427,11.205858703841818,11.394610404968262,30236942,344538173.92762184,1.0
2025-10-24,11.394610223554125,11.553558423610388,11.374741224844088,11.543623924255373,38647720,446134745.2099228,1.0
2025-10-27,11.67276977529497,11.712506825995478,11.593295673893952,11.642967224121094,61010149,710339165.1457443,1.0
2025-10-28,11.633032294191514,11.682703842580889,11.56349269488998,11.573426246643066,33544243,388221822.35997295,1.0
2025-10-29,11.573426865205972,11.79198112135666,11.563493312921969,11.7423095703125,59291604,696220369.0883789,1.0
2025-10-30,11.722440972985256,11.73237547221312,11.56349277496338,11.56349277496338,44276803,511994491.58897686,1.0
2025-10-31,11.63303252363852,11.652900574942551,11.533689424900354,11.543623924255373,38801679,447911990.0056772,1.0
2025-11-03,11.484019198885465,11.543624302154832,11.364807097534657,11.493952751159668,35366893,406505397.0973196,1.0
2025-11-04,11.464149629029707,11.484018627401438,11.384675530354762,11.444281578063965,27517212,314914722.37128067,1.0
2025-11-05,11.374741325724589,11.474084425343811,11.3350042753581,11.40454387664795,24716367,281878891.92283344,1.0
2025-11-06,11.454215699844744,11.523756250200387,11.41447864852982,11.493952751159668,35593337,409108133.7341032,1.0
2025-11-07,11.434347455614985,11.454215507235336,11.384675905455078,11.394610404968262,23982277,273268703.039031,1.0
2025-11-10,11.384675949910037,11.56349315222154,11.37474145035806,11.513821601867676,33031318,380316702.7265606,1.0
2025-11-11,11.52375582568667,11.553558376223483,11.404543728727417,11.424412727355955,29485967,336859856.67319775,1.0
2025-11-12,11.42441317974619,11.434347679453854,11.295267525764684,11.36480712890625,29562374,335970678.7825928,1.0
2025-11-13,11.344938701163471,11.424412801380594,11.335004201784828,11.414478302001951,26711975,304903259.0411186,1.0
2025-11-14,11.354873005235625,11.41447810567024,11.315135955810549,11.315135955810549,24724097,279756518.9396477,1.0
2025-11-17,11.295267333925628,11.3151363330035,11.225727731965124,11.265464782714844,25049916,282198946.5079651,1.0
2025-11-18,11.245595857756426,11.30520190797688,11.225727805953628,11.25553035736084,22219455,250091750.2765131,1.0
2025-11-19,11.255529933356357,11.295266982871055,11.176055834326956,11.185990333557127,22070073,246875623.23890013,1.0
2025-11-20,11.394610005173613,11.474084103678608,11.195924758911133,11.195924758911133,34644581,387878122.1800022,1.0
2025-11-21,11.066779928834114,11.176056585492752,10.83829116821289,10.83829116821289,48363263,524175126.23885727,1.0
2025-11-24,10.8780273931674,10.977370489779553,10.838290344003736,10.9475679397583,24870746,272274181.547472,1.0
2025-11-25,10.96743621300949,11.007173262978853,10.917764663696287,10.917764663696287,23469799,256237742.1862545,1.0
2025-11-26,10.917765122677729,10.947568621962183,10.838291019397928,10.858160018920898,19309914,209670136.1636009,1.0
2025-11-27,10.83829116821289,10.91776527258391,10.828356668315,10.83829116821289,16529094,179147133.51876068,1.0
2025-11-28,10.818422813047524,10.87802791595459,10.778685761974137,10.87802791595459,15320753,166659578.82744503,1.0
2025-12-01,10.838291134414618,10.97737129033322,10.838291134414618,10.967436790466309,19304882,211725073.0824108,1.0
2025-12-02,10.937633966267686,10.937633966267686,10.85815986412091,10.87802791595459,13114557,142660517.15137768,1.0
2025-12-03,10.887962065690363,10.927699115486805,10.768750916301045,10.798553466796877,18158506,196085597.91815183,1.0
2025-12-04,10.828356396074094,10.838290895722215,10.748882293701172,10.748882293701172,20636073,221814719.6812248,1.0
2025-12-05,10.768751530158342,11.036976394722585,10.72901447809675,10.967436790466309,36423373,399471041.0730772,1.0
2025-12-08,11.0767129913964,11.185990590627682,10.997238890540569,11.027042388916016,47227563,520780339.1262016,1.0
2025-12-09,10.977370638027176,10.99723868917433,10.89789653862656,10.927699089050291,27703376,302734156.67881775,1.0
2025-12-10,10.917764863121,11.027042463087316,10.8780278124258,11.017107963562012,21351801,235235096.83349133,1.0
2025-12-11,10.99723937695493,10.99723937695493,10.818423115823164,10.83829116821289,21390459,231836022.86372,1.0
2025-12-12,10.8581597161308,10.937633817194394,10.828356217677443,10.897896766662598,20949231,228302556.77896783,1.0
2025-12-15,10.85815993831888,10.97737109235366,10.818422886973956,10.868093490600586,20063295,218049765.78949928,1.0
2025-12-16,10.838290516593316,10.878027566389754,10.788618967496266,10.798553466796877,19459000,210129051.9104004,1.0
2025-12-17,10.788619167145647,10.987305367210642,10.689277014519169,10.897896766662598,31558408,343920272.50421906,1.0
2025-12-18,10.91776519756218,10.937634197221431,10.838291093737269,10.848225593566896,26312122,285439835.30145454,1.0
2025-12-19,10.838290637275705,10.93763373657597,10.828356137864477,10.907830238342283,21864319,238492279.9289617,1.0
2025-12-22,10.907830541945511,10.947568540696471,10.85815993831888,10.868093490600586,17705968,192430115.56558228,1.0
2025-12-23,10.878027721972115,10.887962221414815,10.758816570877787,10.778685569763184,22773629,245469786.2734404,1.0
2025-12-24,10.758817063841873,10.858160168008672,10.758817063841873,10.83829116821289,17036570,184647306.1676407,1.0
2025-12-25,10.85815979005834,10.897896840860684,10.788619240599722,10.887962341308594,19070658,207640606.12797543,1.0
2025-12-26,10.878027613726928,11.017107762322691,10.868093114383088,10.917764663696287,34449109,376107264.9360218,1.0
2025-12-29,10.887962720296292,10.937634272379691,10.83829116821289,10.83829116821289,22274824,241421028.23269653,1.0
2025-12-30,10.828356172164645,10.858159670492736,10.768751070320487,10.778685569763184,28897008,311471763.1389313,1.0
2025-12-31,10.798553925545312,10.848225476752528,10.738948822021484,10.738948822021484,30292950,325314439.7180557,1.0
2026-01-05,10.768751115582758,10.897896766662598,10.748882116613853,10.897896766662598,35374690,385509719.7726917,1.0
2026-01-06,10.927699255097954,11.185990555777712,10.90783025624289,11.156187057495115,77701762,866855391.5689659,1.0
2026-01-07,11.146253384333315,11.156186936246876,11.007173236077463,11.046910285949709,43081854,475921376.0903835,1.0
2026-01-08,10.997238614848914,11.027042112477211,10.91776451598543,10.937633514404297,46135718,504615575.4079056,1.0
2026-01-09,10.947568663827926,11.017108267612176,10.917765164429497,10.977371215820312,49672087,545268938.0635223,1.0
2026-01-12,10.997239082115438,11.136319234738966,10.957502030995292,11.126384735107422,61591789,685293940.9375572,1.0
2026-01-13,11.16612151039748,11.205858560536026,11.007173309843296,11.036975860595703,47907882,528758137.1662674,1.0
2026-01-14,11.036975940968484,11.235662140514082,10.9873053384881,11.027042388916016,79163451,872938729.829876,1.0
2026-01-15,10.997238763635009,11.03697581360437,10.887962113070769,10.917764663696287,44433766,485117400.3097496,1.0
2026-01-16,10.977371324565205,10.99723937695493,10.828356668315,10.83829116821289,35915946,389267480.3298111,1.0
2026-01-19,10.798554190366104,10.858160242757732,10.7786861378396,10.828356742858888,35101555,380092159.76908207,1.0
2026-01-20,10.82835643925566,10.878027990288327,10.798553887598477,10.868093490600586,28903840,314129635.35736084,1.0
2026-01-21,10.838290820879296,10.85815982003834,10.748882219475654,10.758816719055176,44551853,479325220.9212885,1.0
2026-01-22,10.768751070320487,10.83829067160734,10.768751070320487,10.778685569763184,26054785,280836335.10278225,1.0
2026-01-23,10.798553392918237,10.838290442442814,10.768750842626302,10.80848789215088,35422893,382867910.0954561,1.0
2026-01-26,10.798553967758028,10.957502174317629,10.74888241635664,10.858160018920898,68106826,739514815.0888023,1.0
2026-01-27,10.828356627560837,10.848225627281838,10.689277419138024,10.719079971313477,44263207,474460855.6198025,1.0
2026-01-28,10.70914524251471,10.80848834418388,10.70914524251471,10.748882293701172,45213102,485990311.531105,1.0
2026-01-29,10.70914551175847,10.848225668110782,10.649540407183231,10.83829116821289,58006572,628692117.0059052,1.0
2026-01-30,10.78861930089953,10.818422799722384,10.629671096801758,10.629671096801758,45150121,479930936.2108021,1.0
2026-02-02,10.6296706726646,10.758816320192471,10.560131072998049,10.560131072998049,42034971,443894803.4096718,1.0
2026-02-03,10.599868923630297,10.629671476110593,10.510460318783338,10.579999923706056,31213642,330240329.9785881,1.0
2026-02-04,10.59000015258789,10.710000038146973,10.5600004196167,10.6899995803833,26626952,284642105.7068863,1.0
2026-02-05,10.68000030517578,10.789999961853027,10.640000343322754,10.710000038146973,32317777,346123392.90282536,1.0
2026-02-06,10.640000343322754,10.729999542236328,10.640000343322754,10.65999984741211,20215367,215495809.1353798,1.0
2026-02-09,10.699999809265137,10.75,10.6899995803833,10.729999542236328,21889892,234878531.13960263,1.0
2026-02-10,10.720000267028809,10.739999771118164,10.6899995803833,10.710000038146973,17111718,183266500.43276024,1.0
2026-02-11,10.710000038146973,10.729999542236328,10.68000030517578,10.699999809265137,18343127,196271455.40132612,1.0
2026-02-12,10.699999809265137,10.710000038146973,10.609999656677246,10.630000114440918,24246199,257737098.14475727,1.0
2026-02-13,10.640000343322754,10.670000076293944,10.550000190734863,10.550000190734863,22211772,234334198.8365593,1.0
2026-02-24,10.609999656677246,10.630000114440918,10.5600004196167,10.579999923706056,18634465,197152638.27830315,1.0
2026-02-25,10.579999923706056,10.710000038146973,10.56999969482422,10.65999984741211,29845106,318148825.40599823,1.0
2026-02-26,10.670000076293944,10.670000076293944,10.59000015258789,10.609999656677246,20292547,215303916.70310688,1.0
2026-02-27,10.600000381469728,10.68000030517578,10.579999923706056,10.670000076293944,24042795,256536624.4843197,1.0
2026-03-02,10.579999923706056,10.630000114440918,10.520000457763672,10.5600004196167,30865088,325935342.23150635,1.0
2026-03-03,10.5600004196167,10.630000114440918,10.380000114440918,10.390000343322754,39103983,406290396.79528713,1.0
2026-03-04,10.329999923706056,10.34000015258789,10.1899995803833,10.25,34649636,355158769.0,1.0
2026-03-05,10.31999969482422,10.34000015258789,10.229999542236328,10.270000457763672,20435453,209872111.664608,1.0
2026-03-06,10.239999771118164,10.350000381469728,10.229999542236328,10.329999923706056,21558448,222698766.1952209,1.0
2026-03-09,10.1899995803833,10.239999771118164,10.140000343322754,10.199999809265137,25116141,256184633.40947628,1.0
2026-03-10,10.300000190734863,10.31999969482422,10.239999771118164,10.289999961853027,17569369,180788806.33978176,1.0
2026-03-11,10.300000190734863,10.34000015258789,10.270000457763672,10.31999969482422,18428954,190186799.6559296,1.0
2026-03-12,10.289999961853027,10.350000381469728,10.260000228881836,10.329999923706056,22277852,230130209.4603348,1.0
2026-03-13,10.300000190734863,10.369999885559082,10.260000228881836,10.270000457763672,20104398,206472176.66306305,1.0
2026-03-16,10.25,10.279999732971191,10.199999809265137,10.270000457763672,19198135,197164855.2382088,1.0
2026-03-17,10.270000457763672,10.43000030517578,10.270000457763672,10.279999732971191,36080693,370909514.40541553,1.0
2026-03-18,10.279999732971191,10.300000190734863,10.1899995803833,10.260000228881836,23453689,240634854.5081234,1.0
2026-03-19,10.18000030517578,10.239999771118164,10.140000343322754,10.15999984741211,24145879,245322126.9556313,1.0
2026-03-20,10.18000030517578,10.199999809265137,10.0,10.010000228881836,24950281,249752318.5206661,1.0
2026-03-23,9.880000114440918,9.93000030517578,9.609999656677246,9.68000030517578,40036236,387550776.6980896,1.0
2026-03-24,9.760000228881836,9.8100004196167,9.65999984741211,9.770000457763672,21786354,212852688.5530014,1.0
2026-03-25,9.779999732971191,9.890000343322754,9.760000228881836,9.84000015258789,21077575,207403341.2161827,1.0
2026-03-26,9.8100004196167,9.84000015258789,9.68000030517578,9.699999809265137,17439162,169159868.07374382,1.0
2026-03-27,9.630000114440918,9.760000228881836,9.619999885559082,9.739999771118164,17178580,167319365.26813507,1.0
2026-03-30,9.640000343322754,9.710000038146973,9.600000381469728,9.699999809265137,16503741,160086284.55216122,1.0
2026-03-31,9.699999809265137,9.779999732971191,9.649999618530272,9.65999984741211,16613977,160491015.2849083,1.0
2026-04-01,9.75,9.779999732971191,9.670000076293944,9.720000267028809,22101691,214828442.42178825,1.0
2026-04-02,9.6899995803833,9.699999809265137,9.5,9.510000228881836,27427346,260834066.7376213,1.0
2026-04-03,9.510000228881836,9.539999961853027,9.34000015258789,9.34000015258789,20580446,192221368.78032684,1.0
2026-04-07,9.350000381469728,9.369999885559082,9.260000228881836,9.289999961853027,17899744,166288621.07717896,1.0
2026-04-08,9.420000076293944,9.609999656677246,9.390000343322754,9.600000381469728,36985510,355060910.1088524,1.0
2026-04-09,9.520000457763672,9.529999732971191,9.420000076293944,9.449999809265137,19758067,186713729.3814478,1.0
2026-04-10,9.520000457763672,9.81999969482422,9.520000457763672,9.640000343322754,46773671,450898204.4984656,1.0
2026-04-13,9.56999969482422,9.729999542236328,9.529999732971191,9.6899995803833,22982102,222696558.73632625,1.0
2026-04-14,9.739999771118164,9.770000457763672,9.619999885559082,9.729999542236328,21188424,206163355.82070923,1.0
2026-04-15,9.779999732971191,9.779999732971191,9.65999984741211,9.670000076293944,16094745,155636185.3779316,1.0
2026-04-16,9.68000030517578,9.729999542236328,9.65999984741211,9.699999809265137,17230748,167138252.31349564,1.0
2026-04-17,9.68000030517578,9.699999809265137,9.619999885559082,9.65999984741211,16498760,159378019.082489,1.0
2026-04-20,9.670000076293944,9.6899995803833,9.630000114440918,9.640000343322754,19388280,186903025.85643768,1.0
2026-04-21,9.630000114440918,9.640000343322754,9.520000457763672,9.550000190734863,17676787,168813319.22157955,1.0
2026-04-22,9.550000190734863,9.640000343322754,9.5,9.56999969482422,22302674,213436583.37376404,1.0
2026-04-23,9.550000190734863,9.59000015258789,9.4399995803833,9.460000038146973,25850921,244549713.6461344,1.0
2026-04-24,9.43000030517578,9.470000267028809,9.359999656677246,9.359999656677246,19205449,179762996.04633236,1.0
2026-04-27,9.380000114440918,9.40999984741211,9.31999969482422,9.390000343322754,20083721,188586147.0851984,1.0
2026-04-28,9.600000381469728,9.960000038146973,9.5600004196167,9.770000457763672,85057844,831015174.816391,1.0
2026-04-29,9.6899995803833,9.859999656677246,9.6899995803833,9.850000381469728,48337850,476127840.9394264,1.0
2026-04-30,9.8100004196167,10.010000228881836,9.800000190734863,9.850000381469728,38484342,379070783.3806114,1.0
2026-05-06,9.829999923706056,9.93000030517578,9.8100004196167,9.880000114440918,46893606,463308832.6465473,1.0
2026-05-07,9.93000030517578,9.93000030517578,9.779999732971191,9.859999656677246,32178192,317276962.0724945,1.0
2026-05-08,9.829999923706056,9.890000343322754,9.779999732971191,9.789999961853027,26749027,261872973.3096056,1.0
2026-05-11,9.800000190734863,9.979999542236328,9.729999542236328,9.93000030517578,44379858,440692003.4836578,1.0
2026-05-12,9.899999618530272,10.100000381469728,9.880000114440918,9.989999771118164,49090224,490411326.5241394,1.0
2026-05-13,9.949999809265137,9.989999771118164,9.84000015258789,9.93000030517578,33434568,332005270.4434204,1.0
2026-05-14,9.93000030517578,9.949999809265137,9.739999771118164,9.739999771118164,27895646,271703585.6551933,1.0
2026-05-15,9.739999771118164,9.770000457763672,9.529999732971191,9.5600004196167,32915437,314671591.531867,1.0
2026-05-18,9.520000457763672,9.59000015258789,9.5,9.5600004196167,22089238,211173124.54901317,1.0
2026-05-19,9.56999969482422,9.65999984741211,9.520000457763672,9.630000114440918,23385951,225206710.8063097,1.0
2026-05-20,9.59000015258789,9.640000343322754,9.529999732971191,9.550000190734863,18809213,179627987.73757267,1.0
2026-05-21,9.609999656677246,9.850000381469728,9.550000190734863,9.550000190734863,51886482,495515912.99656105,1.0
2026-05-22,9.550000190734863,9.609999656677246,9.40999984741211,9.420000076293944,33447376,315074284.4718323,1.0
2026-05-25,9.470000267028809,9.5600004196167,9.390000343322754,9.5,22677833,215439413.5,1.0
2026-05-26,9.460000038146973,9.68000030517578,9.449999809265137,9.5600004196167,33286480,318218762.76756287,1.0
2026-05-27,9.520000457763672,9.670000076293944,9.40999984741211,9.460000038146973,32435376,306838658.1973114,1.0
2026-05-28,9.460000038146973,9.479999542236328,9.260000228881836,9.3100004196167,31565209,293872109.0352888,1.0
2026-05-29,9.329999923706056,9.479999542236328,9.31999969482422,9.4399995803833,36312963,342794355.4824743,1.0
2026-06-01,9.460000038146973,9.460000038146973,9.329999923706056,9.420000076293944,23613097,222435375.54153636,1.0
2026-06-02,9.399999618530272,9.4399995803833,9.31999969482422,9.380000114440918,25131504,235733510.3960724,1.0
2026-06-03,9.359999656677246,9.380000114440918,9.270000457763672,9.289999961853027,25816399,239834345.72518253,1.0
2026-06-04,9.25,9.300000190734863,9.079999923706056,9.109999656677246,27495848,250487165.8400497,1.0
2026-06-05,9.109999656677246,9.18000030517578,9.050000190734863,9.100000381469728,21296471,193797894.22395897,1.0
2026-06-08,9.0,9.0600004196167,8.890000343322754,9.0,29454800,265093200.0,1.0
2026-06-09,9.010000228881836,9.0600004196167,8.970000267028809,9.050000190734863,17901171,162005600.9643774,1.0
2026-06-10,9.020000457763672,9.130000114440918,8.989999771118164,9.109999656677246,23284649,212123144.39585015,1.0
2026-06-11,9.109999656677246,9.149999618530272,8.90999984741211,9.039999961853027,27585223,249370414.86770725,1.0
2026-06-12,9.039999961853027,9.31999969482422,8.960000038146973,9.300000190734863,49000080,455700753.3460236,1.0
