date,open,high,low,close,volume,amount,factor
2021-01-04,2.5,2.5899999141693115,2.400000095367432,2.4200000762939453,236400.0,572088.0180358887,1.0
2021-01-05,2.380000114440918,2.509999990463257,2.380000114440918,2.400000095367432,198000.0,475200.01888275146,1.0
2021-01-06,2.4600000381469727,2.5299999713897705,2.400000095367432,2.470000028610229,177700.0,438919.0050840378,1.0
2021-01-07,2.539999961853028,2.569999933242798,2.470000028610229,2.549999952316284,417500.0,1064624.9800920486,1.0
2021-01-08,2.2799999713897705,2.309999942779541,1.9900000095367432,2.109999895095825,1071300.0,2260442.887616157,1.0
2021-01-11,2.069999933242798,2.220000028610229,2.059999942779541,2.119999885559082,332500.0,704899.9619483948,1.0
2021-01-12,2.119999885559082,2.1600000858306885,2.0799999237060547,2.109999895095825,147000.0,310169.9845790863,1.0
2021-01-13,2.109999895095825,2.359999895095825,2.109999895095825,2.25,740500.0,1666125.0,1.0
2021-01-14,2.2799999713897705,2.319999933242798,2.140000104904175,2.150000095367432,308600.0,663490.0294303894,1.0
2021-01-15,2.190000057220459,2.200000047683716,2.069999933242798,2.140000104904175,213100.0,456034.0223550797,1.0
2021-01-19,2.150000095367432,2.309999942779541,2.140000104904175,2.25,277300.0,623925.0,1.0
2021-01-20,2.240000009536743,2.359999895095825,2.220000028610229,2.3299999237060547,191300.0,445728.98540496826,1.0
2021-01-21,2.3499999046325684,2.450000047683716,2.309999942779541,2.440000057220459,158000.0,385520.0090408325,1.0
2021-01-22,2.4200000762939453,2.440000057220459,2.3299999237060547,2.400000095367432,67800.0,162720.0064659119,1.0
2021-01-25,2.400000095367432,2.4100000858306885,2.240000009536743,2.299999952316284,189800.0,436539.99094963074,1.0
2021-01-26,2.289999961853028,2.8499999046325684,2.25,2.799999952316284,1805700.0,5055959.913897514,1.0
2021-01-27,2.7300000190734863,2.7300000190734863,2.4800000190734863,2.5,376700.0,941750.0,1.0
2021-01-28,2.549999952316284,2.549999952316284,2.4100000858306885,2.440000057220459,236600.0,577304.0135383606,1.0
2021-01-29,2.4200000762939453,2.4600000381469727,2.240000009536743,2.289999961853028,232100.0,531508.9911460876,1.0
2021-02-01,2.299999952316284,2.4100000858306885,2.2100000381469727,2.400000095367432,316500.0,759600.0301837921,1.0
2021-02-02,2.4100000858306885,2.450000047683716,2.309999942779541,2.369999885559082,134300.0,318290.9846305847,1.0
2021-02-03,2.400000095367432,2.4200000762939453,2.359999895095825,2.400000095367432,42400.0,101760.0040435791,1.0
2021-02-04,2.4100000858306885,2.650000095367432,2.380000114440918,2.609999895095825,938800.0,2450267.9015159607,1.0
2021-02-05,2.619999885559082,2.6600000858306885,2.509999990463257,2.549999952316284,181200.0,462059.9913597107,1.0
2021-02-08,2.569999933242798,2.569999933242798,2.4600000381469727,2.549999952316284,189400.0,482969.9909687042,1.0
2021-02-09,2.549999952316284,2.619999885559082,2.5199999809265137,2.5799999237060547,145000.0,374099.98893737793,1.0
2021-02-10,2.700000047683716,3.130000114440918,2.549999952316284,2.940000057220459,1633700.0,4803078.093481064,1.0
2021-02-11,2.940000057220459,3.390000104904175,2.7699999809265137,3.200000047683716,1692600.0,5416320.080709457,1.0
2021-02-12,3.130000114440918,3.220000028610229,2.9600000381469727,3.130000114440918,483500.0,1513355.0553321838,1.0
2021-02-16,3.25,3.450000047683716,3.2100000381469727,3.259999990463257,610100.0,1988925.994181633,1.0
2021-02-17,3.190000057220459,3.2699999809265137,3.0199999809265137,3.0899999141693115,404800.0,1250831.9652557373,1.0
2021-02-18,3.0799999237060547,3.5999999046325684,2.930000066757202,3.369999885559082,2974800.0,10025075.659561155,1.0
2021-02-19,3.309999942779541,3.3399999141693115,2.990000009536743,3.0199999809265137,742500.0,2242349.9858379364,1.0
2021-02-22,3.200000047683716,3.490000009536743,3.059999942779541,3.0899999141693115,2106900.0,6510320.819163322,1.0
2021-02-23,3.220000028610229,3.220000028610229,2.619999885559082,3.0,1480300.0,4440900.0,1.0
2021-02-24,3.0,3.400000095367432,2.990000009536743,3.200000047683716,1801000.0,5763200.085878372,1.0
2021-02-25,3.1700000762939453,3.400000095367432,2.859999895095825,2.900000095367432,798600.0,2315940.076160431,1.0
2021-02-26,2.900000095367432,2.930000066757202,2.7100000381469727,2.799999952316284,299200.0,837759.9857330322,1.0
2021-03-01,3.009999990463257,3.1700000762939453,2.9200000762939453,3.0899999141693115,814600.0,2517113.930082321,1.0
2021-03-02,3.0999999046325684,3.0999999046325684,2.859999895095825,2.9200000762939453,245100.0,715692.018699646,1.0
2021-03-03,2.9100000858306885,2.9100000858306885,2.75,2.809999942779541,230300.0,647142.9868221283,1.0
2021-03-04,2.740000009536743,2.789999961853028,2.289999961853028,2.3499999046325684,902100.0,2119934.91396904,1.0
2021-03-05,2.309999942779541,2.4600000381469727,2.2100000381469727,2.450000047683716,391800.0,959910.01868248,1.0
2021-03-08,2.4600000381469727,2.5,2.2799999713897705,2.3399999141693115,208300.0,487421.9821214676,1.0
2021-03-09,2.400000095367432,2.549999952316284,2.400000095367432,2.440000057220459,201300.0,491172.0115184784,1.0
2021-03-10,2.5,2.5899999141693115,2.4200000762939453,2.450000047683716,167700.0,410865.0079965592,1.0
2021-03-11,2.4800000190734863,2.5999999046325684,2.4600000381469727,2.549999952316284,125300.0,319514.9940252304,1.0
2021-03-12,2.559999942779541,2.5899999141693115,2.490000009536743,2.559999942779541,119000.0,304639.9931907654,1.0
2021-03-15,2.619999885559082,2.690000057220459,2.5799999237060547,2.650000095367432,146400.0,387960.013961792,1.0
2021-03-16,2.720000028610229,2.720000028610229,2.569999933242798,2.569999933242798,179400.0,461057.98802375793,1.0
2021-03-17,2.509999990463257,2.7799999713897705,2.470000028610229,2.75,229600.0,631400.0,1.0
2021-03-18,2.819999933242798,2.880000114440918,2.5299999713897705,2.569999933242798,199600.0,512971.98667526245,1.0
2021-03-19,2.5199999809265137,2.700000047683716,2.509999990463257,2.630000114440918,277500.0,729825.0317573547,1.0
2021-03-22,2.640000104904175,2.680000066757202,2.5199999809265137,2.5899999141693115,80300.0,207976.9931077957,1.0
2021-03-23,2.5799999237060547,2.5999999046325684,2.4100000858306885,2.4600000381469727,129400.0,318324.00493621826,1.0
2021-03-24,2.5299999713897705,2.5299999713897705,2.3399999141693115,2.3399999141693115,114900.0,268865.9901380539,1.0
2021-03-25,2.299999952316284,2.380000114440918,2.220000028610229,2.369999885559082,133400.0,316157.98473358154,1.0
2021-03-26,2.380000114440918,2.450000047683716,2.3399999141693115,2.4200000762939453,49600.0,120032.00378417967,1.0
2021-03-29,2.3399999141693115,2.4200000762939453,2.319999933242798,2.3299999237060547,86000.0,200379.9934387207,1.0
2021-03-30,2.319999933242798,2.390000104904175,2.309999942779541,2.380000114440918,57200.0,136136.0065460205,1.0
2021-03-31,2.390000104904175,2.559999942779541,2.3299999237060547,2.5199999809265137,314300.0,792035.9940052032,1.0
2021-04-01,2.549999952316284,2.5999999046325684,2.5,2.569999933242798,126300.0,324590.99156856537,1.0
2021-04-05,2.630000114440918,2.680000066757202,2.5799999237060547,2.619999885559082,149500.0,391689.9828910828,1.0
2021-04-06,2.640000104904175,2.700000047683716,2.539999961853028,2.5999999046325684,176700.0,459419.9831485748,1.0
2021-04-07,2.569999933242798,2.5999999046325684,2.4600000381469727,2.470000028610229,143000.0,353210.0040912628,1.0
2021-04-08,2.5299999713897705,2.6700000762939453,2.4600000381469727,2.6600000858306885,587500.0,1562750.0504255297,1.0
2021-04-09,2.390000104904175,2.5799999237060547,2.380000114440918,2.390000104904175,265600.0,634784.0278625488,1.0
2021-04-12,2.380000114440918,2.650000095367432,2.2699999809265137,2.3299999237060547,708700.0,1651270.945930481,1.0
2021-04-13,2.3299999237060547,2.4800000190734863,2.25,2.2799999713897705,401400.0,915191.988515854,1.0
2021-04-14,2.2300000190734863,2.309999942779541,2.220000028610229,2.259999990463257,135400.0,306003.998708725,1.0
2021-04-15,2.2699999809265137,2.2699999809265137,2.140000104904175,2.1600000858306885,173300.0,374328.0148744583,1.0
2021-04-16,2.150000095367432,2.2300000190734863,2.059999942779541,2.180000066757202,132500.0,288850.0088453293,1.0
2021-04-19,2.1700000762939453,2.25,2.0999999046325684,2.119999885559082,75100.0,159211.99140548706,1.0
2021-04-20,2.0899999141693115,2.140000104904175,2.0299999713897705,2.0799999237060547,77200.0,160575.99411010742,1.0
2021-04-21,2.049999952316284,2.200000047683716,2.039999961853028,2.190000057220459,129300.0,283167.00739860535,1.0
2021-04-22,2.200000047683716,2.25,2.180000066757202,2.190000057220459,83200.0,182208.0047607422,1.0
2021-04-23,2.220000028610229,2.3499999046325684,2.220000028610229,2.3299999237060547,56500.0,131644.9956893921,1.0
2021-04-26,2.3299999237060547,2.380000114440918,2.309999942779541,2.3499999046325684,80400.0,188939.9923324585,1.0
2021-04-27,2.380000114440918,2.470000028610229,2.299999952316284,2.390000104904175,207100.0,494969.0217256546,1.0
2021-04-28,2.359999895095825,2.4800000190734863,2.309999942779541,2.440000057220459,106100.0,258884.0060710907,1.0
2021-04-29,2.440000057220459,2.450000047683716,2.299999952316284,2.309999942779541,74600.0,172325.99573135376,1.0
2021-04-30,2.289999961853028,2.359999895095825,2.240000009536743,2.259999990463257,63500.0,143509.9993944168,1.0
2021-05-03,2.2699999809265137,2.289999961853028,2.1600000858306885,2.200000047683716,100800.0,221760.00480651853,1.0
2021-05-04,2.180000066757202,2.430000066757202,2.109999895095825,2.390000104904175,708200.0,1692598.0742931366,1.0
2021-05-05,2.319999933242798,2.359999895095825,2.200000047683716,2.200000047683716,187900.0,413380.0089597702,1.0
2021-05-06,2.1700000762939453,2.549999952316284,2.1700000762939453,2.25,1237400.0,2784150.0,1.0
2021-05-07,2.289999961853028,2.3299999237060547,2.220000028610229,2.289999961853028,123100.0,281898.99530410767,1.0
2021-05-10,2.289999961853028,2.470000028610229,2.200000047683716,2.25,597600.0,1344600.0,1.0
2021-05-11,2.200000047683716,2.240000009536743,2.119999885559082,2.1700000762939453,157200.0,341124.0119934082,1.0
2021-05-12,2.1600000858306885,2.1700000762939453,2.0299999713897705,2.0299999713897705,178700.0,362760.994887352,1.0
2021-05-13,2.069999933242798,2.130000114440918,1.940000057220459,1.9700000286102293,161500.0,318155.00462055206,1.0
2021-05-14,1.9700000286102293,2.200000047683716,1.9700000286102293,2.0999999046325684,371000.0,779099.9646186829,1.0
2021-05-17,2.0899999141693115,2.140000104904175,2.0299999713897705,2.0999999046325684,77800.0,163379.99258041382,1.0
2021-05-18,2.130000114440918,2.180000066757202,2.0899999141693115,2.130000114440918,107700.0,229401.0123252869,1.0
2021-05-19,2.069999933242798,2.490000009536743,2.069999933242798,2.4200000762939453,2782100.0,6732682.212257385,1.0
2021-05-20,2.5299999713897705,2.619999885559082,2.259999990463257,2.299999952316284,3085200.0,7095959.8528862,1.0
2021-05-21,2.2699999809265137,2.289999961853028,2.0999999046325684,2.1600000858306885,431800.0,932688.0370616912,1.0
2021-05-24,2.190000057220459,2.2300000190734863,2.119999885559082,2.140000104904175,198200.0,424148.02079200745,1.0
2021-05-25,2.1700000762939453,2.3299999237060547,2.0799999237060547,2.0899999141693115,680600.0,1422453.9415836334,1.0
2021-05-26,2.109999895095825,2.180000066757202,2.0899999141693115,2.140000104904175,123700.0,264718.0129766464,1.0
2021-05-27,2.1600000858306885,2.240000009536743,2.119999885559082,2.119999885559082,223900.0,474667.97437667847,1.0
2021-05-28,2.1700000762939453,2.3499999046325684,2.1700000762939453,2.25,1036800.0,2332800.0,1.0
2021-06-01,2.3499999046325684,2.630000114440918,2.25,2.509999990463257,1294200.0,3248441.987657547,1.0
2021-06-02,2.5999999046325684,2.7300000190734863,2.5999999046325684,2.6600000858306885,503300.0,1338778.0431985855,1.0
2021-06-03,2.630000114440918,2.8499999046325684,2.5199999809265137,2.650000095367432,813000.0,2154450.077533722,1.0
2021-06-04,2.630000114440918,2.8299999237060547,2.630000114440918,2.7300000190734863,732200.0,1998906.0139656067,1.0
2021-06-07,2.7100000381469727,2.8299999237060547,2.680000066757202,2.740000009536743,415600.0,1138744.0039634705,1.0
2021-06-08,2.740000009536743,2.819999933242798,2.7100000381469727,2.720000028610229,438800.0,1193536.0125541687,1.0
2021-06-09,2.720000028610229,2.7699999809265137,2.630000114440918,2.650000095367432,87700.0,232405.00836372373,1.0
2021-06-10,2.619999885559082,2.720000028610229,2.569999933242798,2.630000114440918,144200.0,379246.0165023804,1.0
2021-06-11,2.650000095367432,2.7300000190734863,2.619999885559082,2.680000066757202,147100.0,394228.0098199845,1.0
2021-06-14,2.650000095367432,2.740000009536743,2.650000095367432,2.7100000381469727,180400.0,488884.00688171387,1.0
2021-06-15,2.7100000381469727,2.7100000381469727,2.569999933242798,2.640000104904175,226700.0,598488.0237817764,1.0
2021-06-16,2.609999895095825,2.640000104904175,2.539999961853028,2.569999933242798,265000.0,681049.9823093414,1.0
2021-06-17,2.5899999141693115,2.6600000858306885,2.5299999713897705,2.539999961853028,207300.0,526541.9920921326,1.0
2021-06-18,2.509999990463257,2.559999942779541,2.4100000858306885,2.440000057220459,246100.0,600484.014081955,1.0
2021-06-21,2.440000057220459,2.509999990463257,2.359999895095825,2.470000028610229,49700.0,122759.0014219284,1.0
2021-06-22,2.450000047683716,2.539999961853028,2.400000095367432,2.509999990463257,128100.0,321530.9987783432,1.0
2021-06-23,2.5,2.6700000762939453,2.5,2.5799999237060547,256200.0,660995.9804534912,1.0
2021-06-24,2.5899999141693115,2.680000066757202,2.569999933242798,2.6700000762939453,121800.0,325206.00929260254,1.0
2021-06-25,2.680000066757202,2.690000057220459,2.5799999237060547,2.5899999141693115,232500.0,602174.9800443649,1.0
2021-06-28,2.559999942779541,2.680000066757202,2.539999961853028,2.6600000858306885,139900.0,372134.0120077133,1.0
2021-06-29,2.700000047683716,2.799999952316284,2.6700000762939453,2.7300000190734863,311600.0,850668.0059432983,1.0
2021-06-30,2.740000009536743,2.799999952316284,2.6700000762939453,2.759999990463257,86400.0,238463.9991760254,1.0
2021-07-01,2.7799999713897705,2.789999961853028,2.700000047683716,2.720000028610229,104100.0,283152.0029783249,1.0
2021-07-02,2.720000028610229,2.759999990463257,2.6700000762939453,2.740000009536743,60200.0,164948.00057411194,1.0
2021-07-06,2.7799999713897705,2.7799999713897705,2.3299999237060547,2.5,470600.0,1176500.0,1.0
2021-07-07,2.4800000190734863,2.509999990463257,2.4200000762939453,2.430000066757202,247500.0,601425.0165224075,1.0
2021-07-08,2.4100000858306885,2.450000047683716,2.3299999237060547,2.369999885559082,279800.0,663125.9679794312,1.0
2021-07-09,2.490000009536743,2.799999952316284,2.490000009536743,2.720000028610229,590200.0,1605344.0168857574,1.0
2021-07-12,2.720000028610229,3.0,2.680000066757202,3.0,1091500.0,3274500.0,1.0
2021-07-13,3.0299999713897705,3.0899999141693115,2.859999895095825,2.930000066757202,350400.0,1026672.0233917236,1.0
2021-07-14,2.890000104904175,2.9100000858306885,2.7699999809265137,2.8299999237060547,265000.0,749949.9797821045,1.0
2021-07-15,2.8399999141693115,2.930000066757202,2.75,2.809999942779541,2530500.0,7110704.855203629,1.0
2021-07-16,3.1700000762939453,3.799999952316284,3.0799999237060547,3.400000095367432,78224400.0,265962967.4600601,1.0
2021-07-19,4.929999828338623,6.75,4.230000019073486,6.389999866485596,139700300.0,892684898.3479977,1.0
2021-07-20,7.119999885559082,7.150000095367432,5.400000095367432,5.840000152587891,32760800.0,191323076.99890137,1.0
2021-07-21,5.440000057220459,8.600000381469727,5.239999771118164,8.029999732971191,32807300.0,263442610.23950577,1.0
2021-07-22,7.440000057220459,8.239999771118164,6.03000020980835,6.199999809265137,15762900.0,97729976.99346542,1.0
2021-07-23,6.119999885559082,6.579999923706055,5.570000171661377,6.099999904632568,5651800.0,34475979.46100235,1.0
2021-07-26,5.800000190734863,6.0,5.28000020980835,5.340000152587891,2085400.0,11136036.318206787,1.0
2021-07-27,5.320000171661377,5.800000190734863,5.03000020980835,5.579999923706055,2603900.0,14529761.801338196,1.0
2021-07-28,5.449999809265137,6.099999904632568,5.360000133514404,5.869999885559082,2177500.0,12781924.7508049,1.0
2021-07-29,5.860000133514404,5.989999771118164,5.429999828338623,5.550000190734863,1242200.0,6894210.236930847,1.0
2021-07-30,5.420000076293945,5.739999771118164,5.300000190734863,5.619999885559082,1358400.0,7634207.844543457,1.0
2021-08-02,5.630000114440918,6.210000038146973,5.610000133514404,5.730000019073486,2396100.0,13729653.04570198,1.0
2021-08-03,5.739999771118164,5.849999904632568,5.429999828338623,5.670000076293945,856100.0,4854087.065315247,1.0
2021-08-04,5.5,5.78000020980835,5.340000152587891,5.449999809265137,1206500.0,6575424.769878387,1.0
2021-08-05,5.440000057220459,5.96999979019165,5.349999904632568,5.670000076293945,908300.0,5150061.069297791,1.0
2021-08-06,5.659999847412109,5.949999809265137,5.5,5.849999904632568,786100.0,4598684.925031662,1.0
2021-08-09,5.769999980926514,6.75,5.699999809265137,6.489999771118164,3636700.0,23602182.167625427,1.0
2021-08-10,6.5,6.71999979019165,6.019999980926514,6.110000133514404,1163000.0,7105930.155277252,1.0
2021-08-11,6.190000057220459,6.210000038146973,5.75,6.050000190734863,844600.0,5109830.1610946655,1.0
2021-08-12,6.010000228881836,6.010000228881836,5.710000038146973,5.769999980926514,698800.0,4032075.986671448,1.0
2021-08-13,5.679999828338623,5.829999923706055,5.449999809265137,5.670000076293945,479100.0,2716497.036552429,1.0
2021-08-16,5.570000171661377,5.610000133514404,5.230000019073486,5.230000019073486,654500.0,3423035.012483597,1.0
2021-08-17,5.210000038146973,5.449999809265137,5.079999923706055,5.300000190734863,524400.0,2779320.1000213623,1.0
2021-08-18,5.25,5.599999904632568,5.25,5.460000038146973,380500.0,2077530.014514923,1.0
2021-08-19,5.389999866485596,5.579999923706055,5.349999904632568,5.489999771118164,360000.0,1976399.917602539,1.0
2021-08-20,5.53000020980835,5.71999979019165,5.420000076293945,5.570000171661377,250500.0,1395285.043001175,1.0
2021-08-23,5.579999923706055,5.929999828338623,5.489999771118164,5.829999923706055,670200.0,3907265.948867798,1.0
2021-08-24,6.110000133514404,6.480000019073486,5.820000171661377,5.960000038146973,2635400.0,15706984.100532532,1.0
2021-08-25,6.090000152587891,6.349999904632568,5.880000114440918,6.210000038146973,704000.0,4371840.026855469,1.0
2021-08-26,6.75,7.429999828338623,6.5,7.110000133514404,4518300.0,32125113.603258133,1.0
2021-08-27,7.25,7.769999980926514,7.010000228881836,7.519999980926514,2026300.0,15237775.961351397,1.0
2021-08-30,7.510000228881836,7.519999980926514,6.849999904632568,6.909999847412109,1017300.0,7029542.844772339,1.0
2021-08-31,7.199999809265137,8.359999656677246,7.099999904632568,7.460000038146973,4825600.0,35998976.18408203,1.0
2021-09-01,7.460000038146973,7.489999771118164,6.829999923706055,7.050000190734863,1265700.0,8923185.241413116,1.0
2021-09-02,7.090000152587891,7.679999828338623,7.010000228881836,7.53000020980835,631400.0,4754442.132472992,1.0
2021-09-03,7.690000057220459,9.109999656677246,7.619999885559082,8.390000343322754,8243800.0,69165484.83028412,1.0
2021-09-07,8.970000267028809,9.989999771118164,8.720000267028809,9.210000038146973,21555900.0,198529839.82229236,1.0
2021-09-08,9.18000030517578,9.229999542236328,8.199999809265137,8.920000076293945,2776000.0,24761920.211791992,1.0
2021-09-09,8.880000114440918,10.979999542236328,8.829999923706055,10.699999809265137,5889000.0,63012298.87676239,1.0
2021-09-10,10.710000038146973,11.039999961853027,9.829999923706056,10.109999656677246,2900000.0,29318999.004364014,1.0
2021-09-13,10.31999969482422,12.40999984741211,10.130000114440918,11.65999984741211,6690900.0,78015892.97904968,1.0
2021-09-14,11.9399995803833,11.9399995803833,10.739999771118164,11.0600004196167,2146700.0,23742502.90079117,1.0
2021-09-15,11.010000228881836,11.210000038146973,10.380000114440918,10.8100004196167,1434700.0,15509107.602024078,1.0
2021-09-16,10.829999923706056,11.59000015258789,10.479999542236328,11.300000190734863,1483400.0,16762420.282936096,1.0
2021-09-17,11.350000381469728,11.529999732971191,10.640000343322754,11.109999656677246,1491600.0,16571675.48789978,1.0
2021-09-20,10.229999542236328,11.199999809265137,10.109999656677246,10.710000038146973,1464600.0,15685866.055870056,1.0
2021-09-21,10.739999771118164,11.43000030517578,10.359999656677246,11.149999618530272,1374900.0,15330134.475517271,1.0
2021-09-22,11.229999542236328,12.550000190734863,11.109999656677246,11.899999618530272,2488000.0,29607199.05090332,1.0
2021-09-23,12.119999885559082,12.229999542236328,11.43000030517578,11.779999732971191,3989400.0,46995130.93471527,1.0
2021-09-24,14.0,16.75,13.539999961853027,15.81999969482422,65110300.0,1030044926.1299132,1.0
2021-09-27,15.899999618530272,16.5,14.770000457763672,15.09000015258789,9126100.0,137712850.39253235,1.0
2021-09-28,14.329999923706056,14.789999961853027,13.5,14.4399995803833,3868400.0,55859694.37675476,1.0
2021-09-29,14.9399995803833,14.949999809265137,13.56999969482422,13.84000015258789,1903800.0,26348592.290496822,1.0
2021-09-30,13.880000114440918,14.630000114440918,13.539999961853027,13.649999618530272,2454700.0,33506654.063606262,1.0
2021-10-01,13.649999618530272,13.68000030517578,12.34000015258789,12.600000381469728,2383100.0,30027060.909080505,1.0
2021-10-04,12.229999542236328,13.609999656677246,11.880000114440918,13.079999923706056,2618400.0,34248671.80023193,1.0
2021-10-05,13.0,13.869999885559082,12.65999984741211,13.720000267028809,1770900.0,24296748.47288132,1.0
2021-10-06,13.420000076293944,14.380000114440918,13.350000381469728,13.609999656677246,2201700.0,29965136.244106293,1.0
2021-10-07,14.0,16.709999084472656,13.920000076293944,16.65999984741211,7016200.0,116889890.92941284,1.0
2021-10-08,17.59000015258789,19.940000534057617,17.530000686645508,19.440000534057617,18748200.0,364465018.012619,1.0
2021-10-11,19.0,20.32999992370605,18.21999931335449,19.86000061035156,6600200.0,131079976.02844238,1.0
2021-10-12,19.71999931335449,20.299999237060547,18.670000076293945,19.26000022888184,3681500.0,70905690.84262848,1.0
2021-10-13,19.31999969482422,21.36000061035156,18.709999084472656,20.459999084472656,5933300.0,121395312.5679016,1.0
2021-10-14,20.770000457763672,21.32999992370605,19.6200008392334,20.690000534057617,3628400.0,75071597.93777466,1.0
2021-10-15,20.799999237060547,21.63999938964844,20.229999542236328,21.149999618530277,2739800.0,57946768.95484924,1.0
2021-10-18,21.149999618530277,22.350000381469727,20.899999618530277,21.959999084472656,2381800.0,52304325.81939697,1.0
2021-10-19,22.100000381469727,22.649999618530277,19.32999992370605,19.850000381469727,4368200.0,86708771.66633606,1.0
2021-10-20,19.3700008392334,20.479999542236328,18.709999084472656,20.18000030517578,2485700.0,50161426.75857544,1.0
2021-10-21,19.700000762939453,22.1200008392334,19.700000762939453,21.850000381469727,2499800.0,54620630.95359802,1.0
2021-10-22,21.299999237060547,21.600000381469727,19.200000762939453,20.18000030517578,2308700.0,46589566.704559326,1.0
2021-10-25,19.84000015258789,21.920000076293945,19.709999084472656,21.270000457763672,1308400.0,27829668.59893799,1.0
2021-10-26,21.38999938964844,23.170000076293945,20.049999237060547,20.049999237060547,3981800.0,79835086.96212769,1.0
2021-10-27,20.76000022888184,21.0,18.84000015258789,19.38999938964844,2561100.0,49659727.43682861,1.0
2021-10-28,20.280000686645508,22.479999542236328,19.850000381469727,22.06999969482422,2623900.0,57909472.19924927,1.0
2021-10-29,21.649999618530277,23.440000534057617,21.6299991607666,22.6200008392334,2503000.0,56617862.1006012,1.0
2021-11-01,23.100000381469727,23.739999771118164,21.90999984741211,22.559999465942383,2086700.0,47075950.88558197,1.0
2021-11-02,22.450000762939453,23.709999084472656,20.57999992370605,23.46999931335449,2020100.0,47411745.61290741,1.0
2021-11-03,24.309999465942383,25.200000762939453,23.01000022888184,24.88999938964844,3800800.0,94601909.68017578,1.0
2021-11-04,25.030000686645508,26.700000762939453,24.299999237060547,25.65999984741211,3167600.0,81280615.5166626,1.0
2021-11-05,26.299999237060547,27.09000015258789,25.270000457763672,25.71999931335449,1737600.0,44691070.806884766,1.0
2021-11-08,25.8700008392334,26.440000534057617,22.21999931335449,23.65999984741211,3032400.0,71746583.53729248,1.0
2021-11-09,23.51000022888184,25.07999992370605,22.76000022888184,24.46999931335449,1387900.0,33961912.0470047,1.0
2021-11-10,23.43000030517578,24.700000762939453,22.01000022888184,22.68000030517578,1744300.0,39560724.53231812,1.0
2021-11-11,23.15999984741211,24.25,22.88999938964844,22.979999542236328,927200.0,21307055.575561523,1.0
2021-11-12,23.100000381469727,25.6200008392334,23.01000022888184,24.790000915527344,1925600.0,47735625.76293945,1.0
2021-11-15,25.1200008392334,26.149999618530277,24.1299991607666,25.100000381469727,1327000.0,33307700.506210327,1.0
2021-11-16,24.549999237060547,24.86000061035156,23.559999465942383,24.56999969482422,1421500.0,34926254.56619263,1.0
2021-11-17,24.149999618530277,24.440000534057617,22.36000061035156,23.25,1549800.0,36032850.0,1.0
2021-11-18,23.520000457763672,23.540000915527344,19.1200008392334,19.61000061035156,3621100.0,71009773.21014404,1.0
2021-11-19,18.84000015258789,20.93000030517578,18.809999465942383,19.559999465942383,2022500.0,39560098.91986847,1.0
2021-11-22,19.40999984741211,19.489999771118164,16.25,18.020000457763672,3335000.0,60096701.526641846,1.0
2021-11-23,17.579999923706055,19.15999984741211,17.049999237060547,17.649999618530273,1305400.0,23040309.50202942,1.0
2021-11-24,17.549999237060547,18.549999237060547,17.270000457763672,17.90999984741211,1044200.0,18701621.840667725,1.0
2021-11-26,17.09000015258789,17.950000762939453,17.010000228881836,17.079999923706055,653800.0,11166903.95011902,1.0
2021-11-29,17.510000228881836,18.51000022888184,17.25,18.309999465942383,912600.0,16709705.51261902,1.0
2021-11-30,18.1299991607666,18.59000015258789,16.5,17.420000076293945,1536900.0,26772798.117256165,1.0
2021-12-01,17.440000534057617,17.889999389648438,15.350000381469728,15.380000114440918,1391200.0,21396656.159210205,1.0
2021-12-02,15.31999969482422,16.209999084472656,15.0600004196167,15.609999656677246,693600.0,10827095.761871338,1.0
2021-12-03,15.670000076293944,15.899999618530272,14.720000267028809,15.420000076293944,1079100.0,16639722.082328796,1.0
2021-12-06,15.170000076293944,15.369999885559082,14.050000190734863,14.890000343322754,1150400.0,17129456.394958496,1.0
2021-12-07,15.56999969482422,16.420000076293945,15.479999542236328,15.899999618530272,1090600.0,17340539.583969116,1.0
2021-12-08,16.299999237060547,16.899999618530273,15.510000228881836,16.170000076293945,817400.0,13217358.06236267,1.0
2021-12-09,16.940000534057617,17.6299991607666,15.4399995803833,15.649999618530272,1373400.0,21493709.47608948,1.0
2021-12-10,16.0,16.459999084472656,15.0600004196167,15.43000030517578,631500.0,9744045.192718506,1.0
2021-12-13,15.619999885559082,15.84000015258789,14.3100004196167,14.949999809265137,951500.0,14224924.818515778,1.0
2021-12-14,14.520000457763672,15.260000228881836,14.329999923706056,15.050000190734863,692800.0,10426640.132141111,1.0
2021-12-15,15.050000190734863,16.469999313354492,14.56999969482422,16.3799991607666,852000.0,13955759.284973145,1.0
2021-12-16,16.979999542236328,17.06999969482422,15.100000381469728,15.260000228881836,1091900.0,16662394.249916077,1.0
2021-12-17,15.050000190734863,16.290000915527344,14.640000343322754,15.619999885559082,1060900.0,16571257.87858963,1.0
2021-12-20,15.25,16.0,15.1899995803833,15.380000114440918,582100.0,8952698.066616058,1.0
2021-12-21,16.020000457763672,18.3700008392334,16.0,18.1200008392334,3426300.0,62084558.87546539,1.0
2021-12-22,18.450000762939453,19.299999237060547,17.399999618530273,19.06999969482422,1969800.0,37564085.398864746,1.0
2021-12-23,19.07999992370605,21.40999984741211,18.96999931335449,20.46999931335449,2180500.0,44634833.50276947,1.0
2021-12-27,20.6299991607666,23.239999771118164,20.5,23.11000061035156,2065900.0,47742950.26092529,1.0
2021-12-28,22.799999237060547,22.86000061035156,20.75,22.15999984741211,1584200.0,35105871.75827026,1.0
2021-12-29,21.96999931335449,23.43000030517578,21.950000762939453,23.43000030517578,1372300.0,32152989.418792725,1.0
2021-12-30,23.57999992370605,24.3700008392334,22.59000015258789,23.3799991607666,1688200.0,39470114.58320618,1.0
2021-12-31,23.51000022888184,24.649999618530277,23.40999984741211,24.18000030517578,927200.0,22419696.282958984,1.0
2022-01-03,24.65999984741211,24.700000762939453,22.1299991607666,23.38999938964844,1675400.0,39187604.97741699,1.0
2022-01-04,23.479999542236328,24.479999542236328,21.229999542236328,22.059999465942383,1989100.0,43879544.93770599,1.0
2022-01-05,21.700000762939453,22.479999542236328,19.690000534057617,20.350000381469727,1691100.0,34413885.645103455,1.0
2022-01-06,20.5,20.950000762939453,19.0,20.479999542236328,1646900.0,33728511.24610901,1.0
2022-01-07,20.09000015258789,20.09000015258789,16.049999237060547,16.09000015258789,4295100.0,69108159.65538025,1.0
2022-01-10,14.789999961853027,15.4399995803833,13.93000030517578,14.81999969482422,3357900.0,49764076.97525024,1.0
2022-01-11,14.859999656677246,15.520000457763672,14.510000228881836,15.170000076293944,1389700.0,21081749.106025696,1.0
2022-01-12,15.239999771118164,15.479999542236328,14.460000038146973,14.789999961853027,1282200.0,18963737.95108795,1.0
2022-01-13,15.0,15.489999771118164,13.539999961853027,13.670000076293944,1591000.0,21748970.121383667,1.0
2022-01-14,13.479999542236328,14.1899995803833,13.229999542236328,13.380000114440918,1298100.0,17368578.148555756,1.0
2022-01-18,13.029999732971191,13.5,12.600000381469728,12.670000076293944,1226200.0,15535954.093551636,1.0
2022-01-19,12.829999923706056,13.0,11.609999656677246,11.699999809265137,1603600.0,18762119.694137573,1.0
2022-01-20,12.0,12.68000030517578,11.600000381469728,11.640000343322754,1244100.0,14481324.427127838,1.0
2022-01-21,11.350000381469728,11.84000015258789,10.8100004196167,11.149999618530272,1217400.0,13574009.535598757,1.0
2022-01-24,10.649999618530272,11.890000343322754,10.199999809265137,11.829999923706056,1627200.0,19249775.87585449,1.0
2022-01-25,11.220000267028809,11.979999542236328,11.029999732971191,11.550000190734863,1137400.0,13136970.216941832,1.0
2022-01-26,12.109999656677246,12.90999984741211,11.779999732971191,11.960000038146973,1266200.0,15143752.048301697,1.0
2022-01-27,12.0,12.149999618530272,10.84000015258789,11.050000190734863,1131500.0,12503075.215816498,1.0
2022-01-28,11.029999732971191,11.529999732971191,10.539999961853027,11.380000114440918,617800.0,7030564.070701599,1.0
2022-01-31,11.479999542236328,12.859999656677246,11.479999542236328,12.75,845700.0,10782675.0,1.0
2022-02-01,12.899999618530272,13.270000457763672,12.34000015258789,13.140000343322754,721700.0,9483138.247776031,1.0
2022-02-02,13.5,13.68000030517578,12.029999732971191,12.579999923706056,900500.0,11328289.931297302,1.0
2022-02-03,12.140000343322754,12.550000190734863,11.649999618530272,11.770000457763672,573200.0,6746564.262390137,1.0
2022-02-04,11.699999809265137,12.34000015258789,11.380000114440918,12.119999885559082,545400.0,6610247.937583923,1.0
2022-02-07,12.109999656677246,12.640000343322754,11.90999984741211,12.1899995803833,597300.0,7281086.749362946,1.0
2022-02-08,12.170000076293944,13.489999771118164,12.140000343322754,13.34000015258789,715200.0,9540768.10913086,1.0
2022-02-09,13.600000381469728,14.800000190734863,13.579999923706056,14.710000038146973,1024300.0,15067453.039073944,1.0
2022-02-10,14.079999923706056,15.3100004196167,13.800000190734863,14.289999961853027,1047600.0,14970203.960037231,1.0
2022-02-11,14.09000015258789,14.6899995803833,12.920000076293944,13.140000343322754,1018200.0,13379148.349571228,1.0
2022-02-14,12.960000038146973,13.850000381469728,12.859999656677246,13.0600004196167,522300.0,6821238.219165802,1.0
2022-02-15,13.579999923706056,14.579999923706056,13.550000190734863,14.479999542236328,867300.0,12558503.602981567,1.0
2022-02-16,13.899999618530272,14.600000381469728,13.68000030517578,14.449999809265137,558500.0,8070324.893474579,1.0
2022-02-17,14.199999809265137,14.399999618530272,13.56999969482422,13.640000343322754,500200.0,6822728.1717300415,1.0
2022-02-18,13.640000343322754,13.640000343322754,12.40999984741211,12.579999923706056,716800.0,9017343.9453125,1.0
2022-02-22,12.09000015258789,12.56999969482422,11.739999771118164,12.020000457763672,707500.0,8504150.323867798,1.0
2022-02-23,12.329999923706056,12.739999771118164,11.630000114440918,11.729999542236328,600000.0,7037999.725341797,1.0
2022-02-24,10.90999984741211,12.630000114440918,10.779999732971191,12.609999656677246,693500.0,8745034.76190567,1.0
2022-02-25,12.68000030517578,12.989999771118164,12.15999984741211,12.850000381469728,524600.0,6741110.200119019,1.0
2022-02-28,12.609999656677246,13.630000114440918,12.529999732971191,13.600000381469728,700400.0,9525440.267181396,1.0
2022-03-01,13.43000030517578,13.720000267028809,12.93000030517578,13.149999618530272,546400.0,7185159.791564941,1.0
2022-03-02,13.40999984741211,13.829999923706056,13.029999732971191,13.630000114440918,599200.0,8167096.068572998,1.0
2022-03-03,13.649999618530272,13.9399995803833,12.720000267028809,13.039999961853027,386700.0,5042567.985248566,1.0
2022-03-04,12.899999618530272,13.029999732971191,11.720000267028809,11.84000015258789,749200.0,8870528.114318848,1.0
2022-03-07,11.920000076293944,12.34000015258789,11.020000457763672,11.06999969482422,675300.0,7475570.793914795,1.0
2022-03-08,11.079999923706056,11.40999984741211,10.399999618530272,10.8100004196167,1268700.0,13714647.532367706,1.0
2022-03-09,11.369999885559082,11.760000228881836,11.359999656677246,11.460000038146973,822800.0,9429288.03138733,1.0
2022-03-10,11.119999885559082,11.229999542236328,10.75,10.93000030517578,549000.0,6000570.167541504,1.0
2022-03-11,11.140000343322754,11.399999618530272,10.460000038146973,10.479999542236328,485300.0,5085943.77784729,1.0
2022-03-14,10.359999656677246,10.399999618530272,8.949999809265137,9.0600004196167,1295100.0,11733606.543445587,1.0
2022-03-15,9.0600004196167,9.470000267028809,9.0,9.34000015258789,811100.0,7575674.123764038,1.0
2022-03-16,9.630000114440918,10.720000267028809,9.56999969482422,10.380000114440918,951100.0,9872418.108844755,1.0
2022-03-17,10.170000076293944,10.920000076293944,10.010000228881836,10.770000457763672,436500.0,4701105.199813843,1.0
2022-03-18,10.56999969482422,11.0600004196167,10.479999542236328,10.880000114440918,516000.0,5614080.059051514,1.0
2022-03-21,10.90999984741211,11.130000114440918,10.06999969482422,10.220000267028809,498800.0,5097736.13319397,1.0
2022-03-22,10.390000343322754,11.399999618530272,10.380000114440918,10.920000076293944,1049700.0,11462724.080085754,1.0
2022-03-23,10.699999809265137,11.18000030517578,10.449999809265137,10.75,705700.0,7586275.0,1.0
2022-03-24,10.829999923706056,11.100000381469728,10.460000038146973,11.020000457763672,586800.0,6466536.268615723,1.0
2022-03-25,10.960000038146973,10.960000038146973,10.3100004196167,10.5600004196167,500300.0,5283168.209934235,1.0
2022-03-28,10.609999656677246,10.6899995803833,10.149999618530272,10.380000114440918,430000.0,4463400.049209595,1.0
2022-03-29,10.789999961853027,11.199999809265137,10.479999542236328,11.06999969482422,867700.0,9605438.735198976,1.0
2022-03-30,10.9399995803833,11.119999885559082,10.510000228881836,10.529999732971191,503400.0,5300801.865577698,1.0
2022-03-31,10.59000015258789,10.9399995803833,10.029999732971191,10.15999984741211,922200.0,9369551.859283447,1.0
2022-04-01,10.699999809265137,10.789999961853027,9.75,9.920000076293944,1140700.0,11315744.087028503,1.0
2022-04-04,10.0,10.75,9.960000038146973,10.640000343322754,788800.0,8392832.270812988,1.0
2022-04-05,10.56999969482422,10.600000381469728,9.770000457763672,9.8100004196167,675800.0,6629598.283576965,1.0
2022-04-06,9.510000228881836,9.779999732971191,9.229999542236328,9.449999809265137,673300.0,6362684.871578217,1.0
2022-04-07,9.399999618530272,9.739999771118164,9.170000076293944,9.449999809265137,456800.0,4316759.912872314,1.0
2022-04-08,9.350000381469728,9.880000114440918,8.979999542236328,9.260000228881836,1241600.0,11497216.284179688,1.0
2022-04-11,9.050000190734863,9.25,8.699999809265137,8.90999984741211,672700.0,5993756.897354126,1.0
2022-04-12,9.15999984741211,9.579999923706056,8.859999656677246,9.079999923706056,735800.0,6681063.943862915,1.0
2022-04-13,9.15999984741211,9.539999961853027,9.119999885559082,9.40999984741211,514100.0,4837680.921554565,1.0
2022-04-14,9.40999984741211,9.420000076293944,8.920000076293945,8.989999771118164,404200.0,3633757.907485962,1.0
2022-04-18,8.880000114440918,9.09000015258789,8.699999809265137,8.859999656677246,442900.0,3924093.847942352,1.0
2022-04-19,8.84000015258789,9.229999542236328,8.699999809265137,9.06999969482422,469200.0,4255643.856811523,1.0
2022-04-20,9.199999809265137,9.260000228881836,8.800000190734863,8.899999618530273,447000.0,3978299.829483032,1.0
2022-04-21,9.079999923706056,9.489999771118164,8.010000228881836,8.100000381469727,839800.0,6802380.320358276,1.0
2022-04-22,8.079999923706055,8.5,7.849999904632568,7.889999866485596,582800.0,4598291.922187805,1.0
2022-04-25,7.760000228881836,8.199999809265137,7.710000038146973,8.0,534300.0,4274400.0,1.0
2022-04-26,7.900000095367432,7.900000095367432,7.480000019073486,7.519999980926514,559300.0,4205935.989332199,1.0
2022-04-27,7.480000019073486,7.840000152587891,7.480000019073486,7.610000133514404,466600.0,3550826.062297821,1.0
2022-04-28,7.789999961853027,8.1899995803833,7.5,8.0600004196167,411700.0,3318302.172756195,1.0
2022-04-29,7.96999979019165,8.420000076293945,7.679999828338623,7.679999828338623,467500.0,3590399.9197483063,1.0
2022-05-02,7.710000038146973,8.15999984741211,7.570000171661377,8.149999618530273,352000.0,2868799.865722656,1.0
2022-05-03,8.199999809265137,8.449999809265137,7.909999847412109,8.350000381469727,495300.0,4135755.188941956,1.0
2022-05-04,8.390000343322754,8.979999542236328,8.100000381469727,8.970000267028809,444500.0,3987165.1186943054,1.0
2022-05-05,8.680000305175781,8.710000038146973,8.010000228881836,8.239999771118164,357300.0,2944151.91822052,1.0
2022-05-06,8.109999656677246,8.210000038146973,7.590000152587891,7.739999771118164,448400.0,3470615.8973693848,1.0
2022-05-09,7.46999979019165,7.639999866485596,6.909999847412109,7.03000020980835,814600.0,5726638.170909882,1.0
2022-05-10,7.340000152587891,7.510000228881836,6.909999847412109,7.300000190734863,431000.0,3146300.082206726,1.0
2022-05-11,7.150000095367432,7.539999961853027,6.860000133514404,7.070000171661377,524100.0,3705387.089967728,1.0
2022-05-12,7.0,7.53000020980835,6.860000133514404,7.420000076293945,421800.0,3129756.032180786,1.0
2022-05-13,7.599999904632568,8.140000343322754,7.599999904632568,8.029999732971191,413200.0,3317995.8896636963,1.0
2022-05-16,7.900000095367432,8.149999618530273,7.739999771118164,7.78000020980835,267200.0,2078816.056060791,1.0
2022-05-17,8.109999656677246,8.479999542236328,8.029999732971191,8.399999618530273,343100.0,2882039.869117737,1.0
2022-05-18,8.109999656677246,8.350000381469727,7.960000038146973,8.109999656677246,386800.0,3136947.867202759,1.0
2022-05-19,7.989999771118164,8.34000015258789,7.989999771118164,8.15999984741211,331300.0,2703407.949447632,1.0
2022-05-20,8.34000015258789,8.449999809265137,7.420000076293945,7.849999904632568,340800.0,2675279.9674987798,1.0
2022-05-23,7.929999828338623,8.039999961853027,7.679999828338623,7.849999904632568,225100.0,1767034.9785327911,1.0
2022-05-24,7.659999847412109,7.659999847412109,7.0,7.039999961853027,431800.0,3039871.983528137,1.0
2022-05-25,7.139999866485596,7.5,7.010000228881836,7.369999885559082,316400.0,2331867.9637908936,1.0
2022-05-26,7.369999885559082,8.020000457763672,7.340000152587891,7.800000190734863,298900.0,2331420.05701065,1.0
2022-05-27,7.96999979019165,8.569999694824219,7.96999979019165,8.520000457763672,374200.0,3188184.171295166,1.0
2022-05-31,8.460000038146973,8.520000457763672,8.069999694824219,8.380000114440918,511300.0,4284694.058513641,1.0
2022-06-01,8.539999961853027,8.960000038146973,8.399999618530273,8.739999771118164,423600.0,3702263.9030456543,1.0
2022-06-02,8.670000076293945,9.56999969482422,8.670000076293945,9.550000190734863,448200.0,4280310.085487366,1.0
2022-06-03,9.270000457763672,9.390000343322754,8.850000381469727,9.329999923706056,310300.0,2895098.976325989,1.0
2022-06-06,9.760000228881836,9.850000381469728,9.140000343322754,9.210000038146973,343600.0,3164556.0131073,1.0
2022-06-07,9.0,9.380000114440918,8.960000038146973,9.279999732971191,277700.0,2577055.9258461,1.0
2022-06-08,9.260000228881836,9.380000114440918,8.869999885559082,9.039999961853027,231500.0,2092759.991168976,1.0
2022-06-09,8.890000343322754,9.119999885559082,8.630000114440918,8.649999618530273,221100.0,1912514.9156570437,1.0
2022-06-10,8.430000305175781,8.569999694824219,8.079999923706055,8.380000114440918,313300.0,2625454.03585434,1.0
2022-06-13,7.889999866485596,8.029999732971191,7.53000020980835,7.590000152587891,342000.0,2595780.0521850586,1.0
2022-06-14,7.679999828338623,7.809999942779541,7.559999942779541,7.730000019073486,182300.0,1409179.0034770966,1.0
2022-06-15,7.920000076293945,8.369999885559082,7.809999942779541,8.079999923706055,209200.0,1690335.9840393066,1.0
2022-06-16,7.610000133514404,7.789999961853027,7.25,7.400000095367432,260700.0,1929180.0248622892,1.0
2022-06-17,7.53000020980835,7.789999961853027,7.420000076293945,7.670000076293945,236300.0,1812421.0180282595,1.0
2022-06-21,7.909999847412109,8.15999984741211,7.760000228881836,7.929999828338623,218800.0,1735083.9624404907,1.0
2022-06-22,7.809999942779541,7.980000019073486,7.630000114440918,7.670000076293945,186300.0,1428921.014213562,1.0
2022-06-23,7.699999809265137,7.800000190734863,7.429999828338623,7.679999828338623,233300.0,1791743.9599514008,1.0
2022-06-24,7.800000190734863,8.279999732971191,7.800000190734863,8.079999923706055,260400.0,2104031.9801330566,1.0
2022-06-27,8.180000305175781,8.239999771118164,7.880000114440918,7.960000038146973,186600.0,1485336.007118225,1.0
2022-06-28,8.0,8.0600004196167,7.659999847412109,7.820000171661377,230900.0,1805638.039636612,1.0
2022-06-29,7.639999866485596,7.650000095367432,7.389999866485596,7.610000133514404,216100.0,1644521.0288524628,1.0
2022-06-30,7.409999847412109,7.699999809265137,7.349999904632568,7.5,207300.0,1554750.0,1.0
2022-07-01,7.380000114440918,7.440000057220459,6.789999961853027,6.940000057220459,434900.0,3018206.0248851776,1.0
2022-07-05,6.829999923706055,7.190000057220459,6.710000038146973,7.170000076293945,246800.0,1769556.0188293457,1.0
2022-07-06,7.190000057220459,7.210000038146973,6.960000038146973,6.980000019073486,218100.0,1522338.0041599274,1.0
2022-07-07,7.130000114440918,7.650000095367432,7.130000114440918,7.460000038146973,348800.0,2602048.013305664,1.0
2022-07-08,7.389999866485596,7.769999980926514,7.269999980926514,7.539999961853027,295200.0,2225807.9887390137,1.0
2022-07-11,7.5,7.679999828338623,7.210000038146973,7.340000152587891,455100.0,3340434.069442749,1.0
2022-07-12,7.360000133514404,7.46999979019165,7.0,7.389999866485596,421900.0,3117840.943670273,1.0
2022-07-13,7.210000038146973,8.319999694824219,7.110000133514404,7.989999771118164,587700.0,4695722.865486145,1.0
2022-07-14,8.0,8.149999618530273,7.579999923706055,8.0,367800.0,2942400.0,1.0
2022-07-15,8.100000381469727,8.260000228881836,7.78000020980835,8.1899995803833,292800.0,2398031.8771362305,1.0
2022-07-18,8.25,8.819999694824219,8.25,8.34000015258789,386600.0,3224244.0589904785,1.0
2022-07-19,8.579999923706055,9.380000114440918,8.529999732971191,9.199999809265137,979000.0,9006799.813270569,1.0
2022-07-20,9.579999923706056,11.960000038146973,9.229999542236328,11.84000015258789,4154900.0,49194016.63398743,1.0
2022-07-21,11.949999809265137,13.0,11.399999618530272,12.140000343322754,2755100.0,33446914.94588852,1.0
2022-07-22,12.15999984741211,12.15999984741211,11.109999656677246,11.470000267028809,1036700.0,11890949.276828766,1.0
2022-07-25,11.350000381469728,11.550000190734863,10.510000228881836,10.760000228881836,926400.0,9968064.212036133,1.0
2022-07-26,10.729999542236328,10.729999542236328,10.029999732971191,10.170000076293944,577100.0,5869107.044029236,1.0
2022-07-27,10.199999809265137,11.529999732971191,10.199999809265137,11.119999885559082,1118200.0,12434383.872032166,1.0
2022-07-28,11.229999542236328,11.640000343322754,10.539999961853027,11.380000114440918,782800.0,8908264.08958435,1.0
2022-07-29,11.270000457763672,11.529999732971191,11.010000228881836,11.40999984741211,539000.0,6149989.917755127,1.0
2022-08-01,11.380000114440918,13.270000457763672,11.229999542236328,12.369999885559082,2509000.0,31036329.712867737,1.0
2022-08-02,12.1899995803833,13.75,12.010000228881836,13.59000015258789,1698000.0,23075820.25909424,1.0
2022-08-03,13.850000381469728,14.6899995803833,13.369999885559082,14.170000076293944,2007800.0,28450526.153182983,1.0
2022-08-04,14.170000076293944,14.890000343322754,13.600000381469728,14.880000114440918,1282600.0,19085088.14678192,1.0
2022-08-05,14.3100004196167,15.479999542236328,14.279999732971191,14.93000030517578,1283300.0,19159669.39163208,1.0
2022-08-08,15.380000114440918,15.880000114440918,14.670000076293944,14.9399995803833,1126600.0,16831403.527259827,1.0
2022-08-09,16.1200008392334,16.780000686645508,15.06999969482422,16.610000610351562,2482400.0,41232665.51513672,1.0
2022-08-10,17.0,18.290000915527344,16.479999542236328,18.020000457763672,1654900.0,29821298.7575531,1.0
2022-08-11,17.700000762939453,18.1200008392334,15.899999618530272,16.43000030517578,1804900.0,29654507.550811768,1.0
2022-08-12,16.90999984741211,18.26000022888184,16.510000228881836,17.760000228881836,1080500.0,19189680.247306824,1.0
2022-08-15,17.68000030517578,18.770000457763672,17.440000534057617,18.5,1139600.0,21082600.0,1.0
2022-08-16,18.51000022888184,18.770000457763672,16.610000610351562,17.25,1308200.0,22566450.0,1.0
2022-08-17,17.260000228881836,17.360000610351562,16.299999237060547,16.8700008392334,861000.0,14525070.722579956,1.0
2022-08-18,16.899999618530273,18.3700008392334,16.899999618530273,17.389999389648438,1551800.0,26985801.052856445,1.0
2022-08-19,16.860000610351562,17.260000228881836,16.469999313354492,16.920000076293945,972500.0,16454700.074195862,1.0
2022-08-22,16.299999237060547,18.030000686645508,16.049999237060547,17.549999237060547,1593200.0,27960658.784484863,1.0
2022-08-23,17.860000610351562,18.6299991607666,17.229999542236328,18.21999931335449,1936500.0,35283028.670310974,1.0
2022-08-24,18.239999771118164,19.43000030517578,16.520000457763672,16.649999618530273,2672700.0,44500453.98044586,1.0
2022-08-25,16.760000228881836,18.399999618530277,16.31999969482422,18.1200008392334,1834400.0,33239329.539489742,1.0
2022-08-26,18.07999992370605,18.450000762939453,16.709999084472656,16.780000686645508,1523100.0,25557619.045829773,1.0
2022-08-29,16.110000610351562,16.729999542236328,15.510000228881836,15.609999656677246,1699500.0,26529194.41652298,1.0
2022-08-30,15.850000381469728,15.869999885559082,14.100000381469728,14.579999923706056,1773400.0,25856171.86470032,1.0
2022-08-31,14.789999961853027,14.789999961853027,14.100000381469728,14.539999961853027,898200.0,13059827.96573639,1.0
2022-09-01,14.0,14.380000114440918,13.079999923706056,13.520000457763672,1255900.0,16979768.574905396,1.0
2022-09-02,13.859999656677246,14.050000190734863,13.289999961853027,13.479999542236328,974300.0,13133563.554000854,1.0
2022-09-06,13.550000190734863,13.609999656677246,13.029999732971191,13.130000114440918,529400.0,6951022.060585022,1.0
2022-09-07,13.0,14.18000030517578,13.0,14.0,1130500.0,15827000.0,1.0
2022-09-08,13.699999809265137,14.279999732971191,13.420000076293944,14.220000267028809,1005000.0,14291100.268363953,1.0
2022-09-09,14.579999923706056,15.100000381469728,14.449999809265137,14.510000228881836,783700.0,11371487.179374697,1.0
2022-09-12,14.6899995803833,14.729999542236328,13.520000457763672,14.09000015258789,888400.0,12517556.135559082,1.0
2022-09-13,14.100000381469728,16.8700008392334,14.0,15.989999771118164,3911700.0,62548082.10468292,1.0
2022-09-14,16.059999465942383,16.719999313354492,15.40999984741211,16.540000915527344,1248600.0,20651845.14312744,1.0
2022-09-15,16.290000915527344,17.700000762939453,16.139999389648438,16.90999984741211,1612200.0,27262301.753997803,1.0
2022-09-16,16.3700008392334,16.469999313354492,15.420000076293944,15.550000190734863,1006400.0,15649520.191955566,1.0
2022-09-19,15.31999969482422,15.510000228881836,14.59000015258789,14.869999885559082,759500.0,11293764.913082125,1.0
2022-09-20,14.699999809265137,15.829999923706056,14.65999984741211,15.289999961853027,850100.0,12998028.96757126,1.0
2022-09-21,15.220000267028809,16.56999969482422,14.84000015258789,15.359999656677246,1223800.0,18797567.579841614,1.0
2022-09-22,15.65999984741211,15.770000457763672,14.81999969482422,15.40999984741211,1163100.0,17923370.822525024,1.0
2022-09-23,14.949999809265137,15.09000015258789,13.399999618530272,13.829999923706056,1401300.0,19379978.89308929,1.0
2022-09-26,13.56999969482422,14.699999809265137,13.079999923706056,13.109999656677246,1103100.0,14461640.62128067,1.0
2022-09-27,13.529999732971191,13.899999618530272,13.130000114440918,13.649999618530272,811500.0,11076974.690437317,1.0
2022-09-28,13.579999923706056,14.329999923706056,13.40999984741211,14.170000076293944,606700.0,8596939.046287537,1.0
2022-09-29,13.960000038146973,14.199999809265137,13.380000114440918,14.199999809265137,514500.0,7305899.901866913,1.0
2022-09-30,13.869999885559082,14.729999542236328,13.609999656677246,14.100000381469728,624500.0,8805450.238227844,1.0
2022-10-03,14.31999969482422,14.899999618530272,14.010000228881836,14.699999809265137,805600.0,11842319.846343994,1.0
2022-10-04,15.229999542236328,15.829999923706056,14.5,14.800000190734863,1095500.0,16213400.208950045,1.0
2022-10-05,14.460000038146973,14.800000190734863,13.699999809265137,14.31999969482422,670500.0,9601559.79537964,1.0
2022-10-06,14.140000343322754,14.890000343322754,13.869999885559082,13.869999885559082,1110200.0,15398473.872947693,1.0
2022-10-07,14.8100004196167,17.299999237060547,14.739999771118164,17.190000534057617,8778500.0,150902419.6882248,1.0
2022-10-10,17.049999237060547,17.610000610351562,15.260000228881836,16.59000015258789,3703600.0,61442724.56512451,1.0
2022-10-11,16.25,16.8700008392334,15.399999618530272,15.739999771118164,2083600.0,32795863.523101807,1.0
2022-10-12,15.619999885559082,15.970000267028809,14.15999984741211,14.729999542236328,2041200.0,30066875.065612797,1.0
2022-10-13,14.1899995803833,16.559999465942383,13.880000114440918,16.399999618530273,3324200.0,54516878.731918335,1.0
2022-10-14,16.489999771118164,16.649999618530273,14.710000038146973,14.770000457763672,1871400.0,27640578.856658936,1.0
2022-10-17,15.34000015258789,16.850000381469727,15.229999542236328,16.799999237060547,1876400.0,31523518.56842041,1.0
2022-10-18,17.540000915527344,18.790000915527344,17.540000915527344,18.5,4235300.0,78353050.0,1.0
2022-10-19,18.479999542236328,19.489999771118164,18.3799991607666,19.209999084472656,2831700.0,54396954.40750122,1.0
2022-10-20,19.18000030517578,20.399999618530277,18.57999992370605,18.729999542236328,2466300.0,46193797.871017456,1.0
2022-10-21,18.770000457763672,20.920000076293945,18.51000022888184,20.81999969482422,2812300.0,58552085.14175415,1.0
2022-10-24,20.82999992370605,22.0,20.3700008392334,22.0,2875100.0,63252200.0,1.0
2022-10-25,22.0,23.170000076293945,21.420000076293945,21.670000076293945,2654900.0,57531683.2025528,1.0
2022-10-26,21.190000534057617,23.229999542236328,21.170000076293945,21.670000076293945,1504000.0,32591680.114746094,1.0
2022-10-27,20.700000762939453,20.950000762939453,19.43000030517578,20.38999938964844,2651300.0,54060005.3817749,1.0
2022-10-28,20.149999618530277,21.93000030517578,20.149999618530277,21.850000381469727,1439600.0,31455260.54916382,1.0
2022-10-31,21.26000022888184,22.959999084472656,20.520000457763672,20.56999969482422,1883800.0,38749765.42510986,1.0
2022-11-01,21.040000915527344,21.450000762939453,19.059999465942383,19.239999771118164,2005200.0,38580047.54104614,1.0
2022-11-02,19.170000076293945,19.600000381469727,17.68000030517578,17.84000015258789,2296500.0,40969560.35041809,1.0
2022-11-03,17.649999618530273,19.239999771118164,17.600000381469727,19.0,1262900.0,23995100.0,1.0
2022-11-04,19.5,19.850000381469727,18.239999771118164,19.479999542236328,1483900.0,28906371.320724487,1.0
2022-11-07,19.0,21.40999984741211,18.799999237060547,21.31999969482422,1398700.0,29820283.573150635,1.0
2022-11-08,21.709999084472656,22.040000915527344,21.040000915527344,21.65999984741211,1275200.0,27620831.80541992,1.0
2022-11-09,21.1200008392334,21.739999771118164,20.530000686645508,20.739999771118164,772500.0,16021649.823188782,1.0
2022-11-10,22.0,23.5,21.11000061035156,23.459999084472656,2637400.0,61873401.58538818,1.0
2022-11-11,23.450000762939453,25.06999969482422,23.350000381469727,24.59000015258789,2441900.0,60046321.37260437,1.0
2022-11-14,24.5,25.5,24.15999984741211,24.82999992370605,1194400.0,29656951.90887451,1.0
2022-11-15,25.5,26.670000076293945,25.0,25.649999618530277,1828900.0,46911284.30233002,1.0
2022-11-16,24.86000061035156,25.239999771118164,22.13999938964844,22.56999969482422,2262500.0,51064624.3095398,1.0
2022-11-17,21.81999969482422,24.200000762939453,21.670000076293945,23.61000061035156,1447700.0,34180197.88360596,1.0
2022-11-18,24.21999931335449,24.25,22.84000015258789,23.5,709600.0,16675600.0,1.0
2022-11-21,23.18000030517578,24.86000061035156,22.6299991607666,24.100000381469727,978200.0,23574620.373153687,1.0
2022-11-22,24.350000381469727,25.8700008392334,23.32999992370605,25.670000076293945,1288200.0,33068094.09828186,1.0
2022-11-23,25.799999237060547,27.0,25.56999969482422,26.420000076293945,986400.0,26060688.075256348,1.0
2022-11-25,26.170000076293945,27.0,25.489999771118164,26.790000915527344,436500.0,11693835.399627686,1.0
2022-11-28,26.65999984741211,26.940000534057617,25.149999618530277,25.8700008392334,938600.0,24281582.787704468,1.0
2022-11-29,25.84000015258789,26.84000015258789,25.26000022888184,25.93000030517578,686800.0,17808724.209594727,1.0
2022-11-30,26.049999237060547,26.71999931335449,25.01000022888184,26.06999969482422,1387800.0,36179945.57647705,1.0
2022-12-01,26.559999465942383,28.0,26.1299991607666,27.100000381469727,2139000.0,57966900.81596375,1.0
2022-12-02,26.40999984741211,27.07999992370605,25.309999465942383,26.71999931335449,1109400.0,29643167.238235477,1.0
2022-12-05,26.6299991607666,27.68000030517578,25.36000061035156,25.6200008392334,998300.0,25576446.8378067,1.0
2022-12-06,25.700000762939453,25.700000762939453,22.030000686645508,22.65999984741211,2063200.0,46752111.68518066,1.0
2022-12-07,22.38999938964844,24.899999618530277,22.270000457763672,24.18000030517578,1617500.0,39111150.49362183,1.0
2022-12-08,24.459999084472656,26.290000915527344,24.26000022888184,25.59000015258789,1111300.0,28438167.169570923,1.0
2022-12-09,25.489999771118164,26.0,24.100000381469727,24.38999938964844,769600.0,18770543.53027344,1.0
2022-12-12,24.600000381469727,25.170000076293945,23.82999992370605,23.93000030517578,746100.0,17854173.22769165,1.0
2022-12-13,25.270000457763672,26.729999542236328,23.959999084472656,23.989999771118164,1218500.0,29231814.721107483,1.0
2022-12-14,23.959999084472656,24.100000381469727,21.76000022888184,22.600000381469727,1393600.0,31495360.53161621,1.0
2022-12-15,22.149999618530277,23.299999237060547,21.729999542236328,23.209999084472656,1017600.0,23618495.06835937,1.0
2022-12-16,22.81999969482422,23.84000015258789,22.26000022888184,23.420000076293945,955900.0,22387178.072929382,1.0
2022-12-19,23.290000915527344,23.65999984741211,21.86000061035156,22.59000015258789,1048000.0,23674320.15991211,1.0
2022-12-20,22.5,23.209999084472656,22.020000457763672,22.5,600600.0,13513500.0,1.0
2022-12-21,22.6299991607666,23.43000030517578,22.100000381469727,22.799999237060547,658600.0,15016079.497528076,1.0
2022-12-22,22.3700008392334,22.600000381469727,19.670000076293945,20.86000061035156,2013900.0,42009955.22918701,1.0
2022-12-23,20.770000457763672,21.75,20.530000686645508,20.979999542236328,1031300.0,21636673.527908325,1.0
2022-12-27,20.799999237060547,20.809999465942383,19.93000030517578,20.21999931335449,861000.0,17409419.408798218,1.0
2022-12-28,20.0,20.5,19.540000915527344,19.899999618530277,1146300.0,22811369.56272125,1.0
2022-12-29,20.34000015258789,20.809999465942383,19.940000534057617,20.6299991607666,519900.0,10725536.563682556,1.0
2022-12-30,20.290000915527344,20.6200008392334,19.56999969482422,20.100000381469727,653400.0,13133340.24925232,1.0
2023-01-03,20.540000915527344,20.780000686645508,18.31999969482422,18.38999938964844,1215600.0,22354883.25805664,1.0
2023-01-04,18.690000534057617,18.850000381469727,17.610000610351562,17.90999984741211,1394500.0,24975494.787216187,1.0
2023-01-05,17.389999389648438,17.790000915527344,17.049999237060547,17.270000457763672,1645800.0,28422966.75338745,1.0
2023-01-06,21.0,24.989999771118164,21.0,22.809999465942383,9178200.0,209354737.0983124,1.0
2023-01-09,23.530000686645508,27.459999084472656,23.399999618530277,26.450000762939453,4197200.0,111015943.20220947,1.0
2023-01-10,26.25,29.040000915527344,26.25,28.940000534057617,2853200.0,82571609.5237732,1.0
2023-01-11,28.950000762939453,29.989999771118164,28.1200008392334,28.270000457763672,2138400.0,60452568.97888184,1.0
2023-01-12,28.520000457763672,28.700000762939453,26.690000534057617,27.670000076293945,1658400.0,45887928.12652588,1.0
2023-01-13,27.5,30.34000015258789,27.299999237060547,29.239999771118164,2002800.0,58561871.54159546,1.0
2023-01-17,29.200000762939453,29.700000762939453,28.100000381469727,28.43000030517578,745400.0,21191722.227478027,1.0
2023-01-18,28.989999771118164,30.790000915527344,28.65999984741211,28.82999992370605,1824600.0,52603217.86079407,1.0
2023-01-19,28.21999931335449,28.38999938964844,26.780000686645508,27.780000686645508,1455400.0,40431012.99934387,1.0
2023-01-20,28.290000915527344,32.040000915527344,27.690000534057617,31.899999618530277,2495600.0,79609639.04800415,1.0
2023-01-23,32.2599983215332,34.97999954223633,31.5,34.459999084472656,2931100.0,101005703.3164978,1.0
2023-01-24,33.83000183105469,35.25,32.95000076293945,34.0,1514100.0,51479400.0,1.0
2023-01-25,33.650001525878906,36.630001068115234,33.33000183105469,36.18999862670898,1759800.0,63687159.58328247,1.0
2023-01-26,36.91999816894531,36.91999816894531,35.25,36.5,1030000.0,37595000.0,1.0
2023-01-27,36.0,36.61000061035156,34.90999984741211,35.34000015258789,933900.0,33004026.14250183,1.0
2023-01-30,34.90999984741211,35.400001525878906,33.5099983215332,33.959999084472656,1194000.0,40548238.90686035,1.0
2023-01-31,33.88999938964844,34.959999084472656,33.06999969482422,34.959999084472656,1354400.0,47349822.760009766,1.0
2023-02-01,34.4900016784668,35.7400016784668,31.76000022888184,34.4900016784668,2018700.0,69624966.38832092,1.0
2023-02-02,35.060001373291016,37.060001373291016,34.70000076293945,36.66999816894531,1783700.0,65408275.73394776,1.0
2023-02-03,35.400001525878906,37.29999923706055,35.20000076293945,35.81999969482422,1161900.0,41619257.64541626,1.0
2023-02-06,35.43000030517578,36.75,34.560001373291016,35.810001373291016,888800.0,31827929.22058105,1.0
2023-02-07,35.65999984741211,37.56999969482422,34.77000045776367,36.459999084472656,1406600.0,51284634.71221924,1.0
2023-02-08,36.060001373291016,36.18999862670898,32.709999084472656,34.34000015258789,2405000.0,82587700.36697388,1.0
2023-02-09,34.9900016784668,35.52000045776367,32.68000030517578,33.130001068115234,1308400.0,43347293.39752197,1.0
2023-02-10,32.40999984741211,32.7599983215332,30.290000915527344,30.559999465942383,1573000.0,48070879.15992737,1.0
2023-02-13,30.559999465942383,32.060001373291016,29.81999969482422,31.799999237060547,953700.0,30327659.272384644,1.0
2023-02-14,31.56999969482422,35.04999923706055,31.030000686645508,33.630001068115234,1552900.0,52224028.65867615,1.0
2023-02-15,33.2400016784668,35.119998931884766,33.060001373291016,35.099998474121094,695500.0,24412048.93875122,1.0
2023-02-16,34.06999969482422,36.84999847412109,34.02000045776367,35.68000030517578,1415200.0,50494336.431884766,1.0
2023-02-17,35.0099983215332,35.52000045776367,33.66999816894531,34.75,834900.0,29012775.0,1.0
2023-02-21,34.61000061035156,34.88999938964844,32.439998626708984,32.61000061035156,908300.0,29619663.554382324,1.0
2023-02-22,32.66999816894531,32.869998931884766,31.209999084472656,32.029998779296875,710300.0,22750908.13293457,1.0
2023-02-23,33.36000061035156,33.7599983215332,30.90999984741211,32.22999954223633,767900.0,24749416.64848328,1.0
2023-02-24,31.26000022888184,32.75,31.0,31.729999542236328,489800.0,15541353.775787354,1.0
2023-02-27,32.38999938964844,32.720001220703125,31.399999618530277,32.099998474121094,452800.0,14534879.309082031,1.0
2023-02-28,32.279998779296875,34.91999816894531,32.150001525878906,33.349998474121094,967700.0,32272793.523406982,1.0
2023-03-01,33.20000076293945,36.380001068115234,33.20000076293945,35.9900016784668,1841700.0,66282786.0912323,1.0
2023-03-02,28.690000534057617,32.349998474121094,23.5,30.5,10686000.0,325923000.0,1.0
2023-03-03,31.309999465942383,32.439998626708984,29.31999969482422,32.220001220703125,1640800.0,52866578.00292969,1.0
2023-03-06,32.31999969482422,33.599998474121094,31.170000076293945,31.61000061035156,1173500.0,37094335.71624756,1.0
2023-03-07,31.61000061035156,32.56999969482422,30.88999938964844,31.46999931335449,699900.0,22025852.51941681,1.0
2023-03-08,31.520000457763672,34.18000030517578,31.489999771118164,33.75,1568700.0,52943625.0,1.0
2023-03-09,33.599998474121094,34.119998931884766,31.86000061035156,31.93000030517578,1081200.0,34522716.329956055,1.0
2023-03-10,31.799999237060547,32.400001525878906,28.739999771118164,29.229999542236328,1731600.0,50614667.207336426,1.0
2023-03-13,28.600000381469727,30.920000076293945,28.07999992370605,29.559999465942383,900500.0,26618779.51908112,1.0
2023-03-14,30.950000762939453,32.83000183105469,30.40999984741211,31.63999938964844,1136300.0,35952531.30645752,1.0
2023-03-15,30.6299991607666,31.299999237060547,29.520000457763672,30.020000457763672,1124700.0,33763494.5148468,1.0
2023-03-16,29.729999542236328,33.060001373291016,29.61000061035156,32.849998474121094,889300.0,29213503.64303589,1.0
2023-03-17,32.95000076293945,33.84000015258789,31.399999618530277,32.25,784000.0,25284000.0,1.0
2023-03-20,32.36000061035156,32.790000915527344,31.51000022888184,32.0099983215332,726100.0,23242459.78126526,1.0
2023-03-21,33.9900016784668,37.29999923706055,33.40999984741211,36.93000030517578,1935300.0,71470629.59060669,1.0
2023-03-22,36.90999984741211,38.5,35.81999969482422,36.540000915527344,2041600.0,74600065.86914062,1.0
2023-03-23,37.470001220703125,40.68999862670898,37.02999877929688,39.68000030517578,2661800.0,105620224.8123169,1.0
2023-03-24,39.2599983215332,39.869998931884766,37.619998931884766,38.130001068115234,1270300.0,48436540.35682678,1.0
2023-03-27,38.54999923706055,38.560001373291016,36.459999084472656,37.77999877929688,945500.0,35720988.845825195,1.0
2023-03-28,38.0,38.08000183105469,34.25,35.380001068115234,1179200.0,41720097.259521484,1.0
2023-03-29,36.58000183105469,38.04999923706055,36.04999923706055,37.84999847412109,1208100.0,45726583.15658569,1.0
2023-03-30,38.58000183105469,38.720001220703125,36.119998931884766,37.220001220703125,1956300.0,72813488.38806152,1.0
2023-03-31,33.27000045776367,34.16999816894531,30.25,31.020000457763672,7107300.0,220468449.25346372,1.0
2023-04-03,30.649999618530277,32.97999954223633,29.100000381469727,32.54999923706055,2763200.0,89942157.8918457,1.0
2023-04-04,32.66999816894531,33.0,29.770000457763672,30.01000022888184,1508900.0,45282089.3453598,1.0
2023-04-05,29.56999969482422,30.3700008392334,27.149999618530277,27.56999969482422,2780100.0,76647356.15158081,1.0
2023-04-06,27.1299991607666,28.420000076293945,27.0,27.530000686645508,1224200.0,33702226.84059143,1.0
2023-04-10,27.100000381469727,29.96999931335449,26.549999237060547,29.780000686645508,1193400.0,35539452.81944275,1.0
2023-04-11,29.96999931335449,30.739999771118164,29.1200008392334,29.6200008392334,1124500.0,33307690.94371796,1.0
2023-04-12,30.06999969482422,30.61000061035156,28.15999984741211,28.270000457763672,936200.0,26466374.42855835,1.0
2023-04-13,28.5,30.489999771118164,28.059999465942383,29.809999465942383,1024200.0,30531401.45301819,1.0
2023-04-14,29.8700008392334,30.489999771118164,28.75,28.920000076293945,732000.0,21169440.055847168,1.0
2023-04-17,28.82999992370605,29.5,28.549999237060547,29.21999931335449,749400.0,21897467.485427856,1.0
2023-04-18,29.01000022888184,30.65999984741211,29.01000022888184,30.43000030517578,981700.0,29873131.299591064,1.0
2023-04-19,30.100000381469727,30.31999969482422,28.729999542236328,28.809999465942383,708700.0,20417646.621513367,1.0
2023-04-20,28.0,28.809999465942383,27.01000022888184,27.25,1181700.0,32201325.0,1.0
2023-04-21,27.149999618530277,27.149999618530277,26.38999938964844,26.8799991607666,855300.0,22990463.282203674,1.0
2023-04-24,26.790000915527344,27.36000061035156,25.799999237060547,26.350000381469727,887900.0,23396165.33870697,1.0
2023-04-25,25.850000381469727,26.049999237060547,23.170000076293945,24.1299991607666,2283500.0,55100853.083610535,1.0
2023-04-26,24.8799991607666,25.309999465942383,23.46999931335449,23.899999618530277,882500.0,21091749.663352966,1.0
2023-04-27,23.6200008392334,24.530000686645508,23.11000061035156,24.170000076293945,1221300.0,29518821.093177795,1.0
2023-04-28,24.200000762939453,24.88999938964844,23.899999618530277,24.75,810900.0,20069775.0,1.0
2023-05-01,25.059999465942383,26.270000457763672,25.059999465942383,25.950000762939453,1008200.0,26162790.76919556,1.0
2023-05-02,25.84000015258789,26.229999542236328,24.739999771118164,25.0,914400.0,22860000.0,1.0
2023-05-03,25.11000061035156,27.1200008392334,24.920000076293945,26.26000022888184,1040600.0,27326156.23817444,1.0
2023-05-04,25.899999618530277,25.979999542236328,25.0,25.59000015258789,607100.0,15535689.092636108,1.0
2023-05-05,26.059999465942383,27.979999542236328,26.059999465942383,27.1299991607666,935900.0,25390966.214561462,1.0
2023-05-08,27.01000022888184,27.350000381469727,26.459999084472656,26.65999984741211,526500.0,14036489.919662476,1.0
2023-05-09,27.049999237060547,28.3700008392334,26.90999984741211,27.979999542236328,710100.0,19868597.674942017,1.0
2023-05-10,28.5,29.280000686645508,27.899999618530277,28.149999618530277,626600.0,17638789.76097107,1.0
2023-05-11,28.01000022888184,28.34000015258789,27.350000381469727,28.170000076293945,501500.0,14127255.038261414,1.0
2023-05-12,28.51000022888184,28.799999237060547,27.15999984741211,27.670000076293945,588300.0,16278261.044883728,1.0
2023-05-15,27.82999992370605,29.26000022888184,27.6200008392334,29.15999984741211,448200.0,13069511.931610107,1.0
2023-05-16,28.799999237060547,29.649999618530277,28.63999938964844,29.020000457763672,473200.0,13732264.21661377,1.0
2023-05-17,29.459999084472656,30.07999992370605,28.290000915527344,29.959999084472656,825900.0,24743963.243865967,1.0
2023-05-18,30.1200008392334,32.0,30.0,31.88999938964844,1405800.0,44830961.14196777,1.0
2023-05-19,31.96999931335449,33.27000045776367,31.299999237060547,32.959999084472656,1212000.0,39947518.89038086,1.0
2023-05-22,32.77000045776367,33.290000915527344,31.540000915527344,32.16999816894531,778200.0,25034692.57507324,1.0
2023-05-23,32.040000915527344,33.29999923706055,30.850000381469727,31.06999969482422,694700.0,21584328.787994385,1.0
2023-05-24,30.479999542236328,30.520000457763672,29.01000022888184,30.280000686645508,842200.0,25501816.578292847,1.0
2023-05-25,32.2599983215332,32.54999923706055,30.86000061035156,31.270000457763672,752400.0,23527548.344421387,1.0
2023-05-26,31.479999542236328,33.220001220703125,31.479999542236328,32.7599983215332,795500.0,26060578.664779663,1.0
2023-05-30,33.810001373291016,34.900001525878906,32.97999954223633,34.209999084472656,910100.0,31134520.166778564,1.0
2023-05-31,33.5,34.459999084472656,32.40999984741211,33.02000045776367,724200.0,23913084.33151245,1.0
2023-06-01,34.02000045776367,38.9900016784668,33.72999954223633,38.52999877929688,2373700.0,91458658.102417,1.0
2023-06-02,39.18999862670898,41.59999847412109,38.08000183105469,41.36000061035156,2122200.0,87774193.29528809,1.0
2023-06-05,41.36000061035156,42.52999877929688,40.38999938964844,40.93999862670898,1444700.0,59146016.01600647,1.0
2023-06-06,40.52999877929688,43.45000076293945,39.52000045776367,42.52999877929688,1277200.0,54319314.44091797,1.0
2023-06-07,42.869998931884766,43.97999954223633,41.40999984741211,41.630001068115234,1031500.0,42941346.101760864,1.0
2023-06-08,41.650001525878906,42.04999923706055,40.25,41.130001068115234,801400.0,32961582.85598755,1.0
2023-06-09,43.400001525878906,44.25,41.7400016784668,42.540000915527344,1032300.0,43914042.94509888,1.0
2023-06-12,43.09000015258789,43.22999954223633,41.38999938964844,42.88999938964844,789400.0,33857365.51818848,1.0
2023-06-13,43.470001220703125,43.720001220703125,41.86000061035156,42.59000015258789,783000.0,33347970.11947632,1.0
2023-06-14,42.52000045776367,43.20000076293945,41.43999862670898,43.02000045776367,767600.0,33022152.351379395,1.0
2023-06-15,42.2599983215332,42.959999084472656,41.27000045776367,42.209999084472656,676200.0,28542401.38092041,1.0
2023-06-16,42.36000061035156,42.54999923706055,39.310001373291016,39.400001525878906,1096000.0,43182401.67236328,1.0
2023-06-20,38.68999862670898,40.68999862670898,38.09999847412109,39.45000076293945,952500.0,37576125.72669983,1.0
2023-06-21,39.380001068115234,40.470001220703125,38.5099983215332,39.86000061035156,660100.0,26311586.402893063,1.0
2023-06-22,39.2400016784668,41.83000183105469,38.93999862670898,41.459999084472656,758600.0,31451555.30548096,1.0
2023-06-23,40.310001373291016,41.09999847412109,39.18999862670898,39.95000076293945,4228500.0,168928578.22608948,1.0
2023-06-26,40.18000030517578,41.40999984741211,36.52999877929688,37.880001068115234,1195600.0,45289329.277038574,1.0
2023-06-27,38.29999923706055,40.09999847412109,37.630001068115234,39.68999862670898,651000.0,25838189.10598755,1.0
2023-06-28,39.0,40.66999816894531,38.52000045776367,39.56999969482422,534100.0,21134336.83700561,1.0
2023-06-29,39.90999984741211,40.790000915527344,39.5,40.040000915527344,617600.0,24728704.565429688,1.0
2023-06-30,40.59999847412109,43.88999938964844,40.5,41.25,1617500.0,66721875.0,1.0
2023-07-03,41.66999816894531,44.2400016784668,41.11000061035156,44.2400016784668,852400.0,37710177.4307251,1.0
2023-07-05,43.70000076293945,44.18000030517578,39.20000076293945,39.36000061035156,1465500.0,57682080.894470215,1.0
2023-07-06,38.52999877929688,39.47999954223633,37.84999847412109,38.18999862670898,1352400.0,51648154.14276123,1.0
2023-07-07,38.290000915527344,40.09000015258789,38.08000183105469,39.11000061035156,748000.0,29254280.45654297,1.0
2023-07-10,39.5,39.90999984741211,38.40999984741211,39.77999877929688,751200.0,29882735.08300781,1.0
2023-07-11,39.9900016784668,40.04999923706055,37.93000030517578,38.709999084472656,992500.0,38419674.09133911,1.0
2023-07-12,40.29999923706055,40.83000183105469,39.119998931884766,39.88999938964844,1403900.0,56001570.14312744,1.0
2023-07-13,40.31999969482422,41.7599983215332,40.20000076293945,41.43000030517578,2127700.0,88150611.64932251,1.0
2023-07-14,44.52999877929688,49.79999923706055,44.41999816894531,48.959999084472656,6738500.0,329916953.830719,1.0
2023-07-17,49.68000030517578,52.720001220703125,48.18000030517578,52.16999816894531,3547600.0,185078285.5041504,1.0
2023-07-18,51.790000915527344,53.0,50.0,50.56999969482422,2012900.0,101792352.38571168,1.0
2023-07-19,51.0,52.84999847412109,48.79999923706055,49.4900016784668,1226500.0,60699487.05863953,1.0
2023-07-20,48.27000045776367,48.59000015258789,46.20000076293945,47.91999816894531,1587300.0,76063413.0935669,1.0
2023-07-21,48.45000076293945,50.43000030517578,46.95000076293945,48.34000015258789,1170200.0,56567468.17855835,1.0
2023-07-24,48.5099983215332,49.47999954223633,47.290000915527344,48.88999938964844,636200.0,31103817.611694336,1.0
2023-07-25,49.84000015258789,54.0,49.72999954223633,51.880001068115234,1587800.0,82375065.69595337,1.0
2023-07-26,51.0,51.77000045776367,49.880001068115234,51.33000183105469,666500.0,34211446.22039795,1.0
2023-07-27,52.81999969482422,52.97999954223633,48.709999084472656,48.9900016784668,1076300.0,52727938.80653381,1.0
2023-07-28,49.880001068115234,50.75,48.18999862670898,50.2400016784668,862000.0,43306881.44683838,1.0
2023-07-31,50.84999847412109,52.38999938964844,50.810001373291016,52.15999984741211,714100.0,37247455.89103699,1.0
2023-08-01,50.58000183105469,54.09999847412109,50.04999923706055,53.68999862670898,1145400.0,61496524.42703247,1.0
2023-08-02,52.5,52.97999954223633,49.41999816894531,50.04999923706055,999100.0,50004954.23774719,1.0
2023-08-03,49.33000183105469,50.84000015258789,48.7599983215332,48.88999938964844,588500.0,28771764.640808105,1.0
2023-08-04,48.72999954223633,51.34999847412109,47.02000045776367,49.65999984741211,886500.0,44023589.86473084,1.0
2023-08-07,49.77999877929688,50.459999084472656,45.790000915527344,47.95000076293945,994300.0,47676685.7585907,1.0
2023-08-08,47.75,48.66999816894531,46.59999847412109,48.04999923706055,588200.0,28263009.551239014,1.0
2023-08-09,48.0,48.56999969482422,45.810001373291016,47.720001220703125,770200.0,36753944.94018555,1.0
2023-08-10,48.5,51.20000076293945,48.220001220703125,48.709999084472656,1160400.0,56523082.93762207,1.0
2023-08-11,48.0,48.290000915527344,45.52999877929688,45.68999862670898,777300.0,35514835.93254089,1.0
2023-08-14,45.18999862670898,45.86000061035156,44.5,45.77000045776367,1034900.0,47367373.47373962,1.0
2023-08-15,45.56999969482422,45.7599983215332,42.43000030517578,43.630001068115234,962000.0,41972061.027526855,1.0
2023-08-16,43.5,44.209999084472656,41.79999923706055,42.09999847412109,768200.0,32341218.827819824,1.0
2023-08-17,41.93999862670898,42.40999984741211,39.59999847412109,39.88999938964844,1250300.0,49874466.23687744,1.0
2023-08-18,39.130001068115234,40.81999969482422,38.880001068115234,40.43000030517578,706300.0,28555709.21554565,1.0
2023-08-21,41.0,41.29999923706055,39.83000183105469,40.88999938964844,606400.0,24795695.62988281,1.0
2023-08-22,42.54999923706055,43.060001373291016,40.0099983215332,40.27000045776367,669300.0,26952711.306381226,1.0
2023-08-23,40.380001068115234,43.52000045776367,40.29999923706055,42.68000030517578,806400.0,34417152.24609375,1.0
2023-08-24,44.15999984741211,44.86000061035156,40.7599983215332,40.81999969482422,647500.0,26430949.80239868,1.0
2023-08-25,40.83000183105469,41.970001220703125,38.86000061035156,41.5,648400.0,26908600.0,1.0
2023-08-28,44.150001525878906,45.970001220703125,43.52000045776367,44.619998931884766,1125800.0,50233194.79751587,1.0
2023-08-29,44.0,48.59000015258789,43.04999923706055,48.18000030517578,1549000.0,74630820.47271729,1.0
2023-08-30,48.0,51.33000183105469,47.63999938964844,49.9900016784668,1250100.0,62492501.09825134,1.0
2023-08-31,50.20000076293945,51.4900016784668,49.95000076293945,51.0099983215332,914300.0,46638441.46537781,1.0
2023-09-01,51.70000076293945,52.45000076293945,49.79999923706055,51.63999938964844,738300.0,38125811.54937744,1.0
2023-09-05,51.33000183105469,52.13999938964844,49.59000015258789,51.41999816894531,772800.0,39737374.58496094,1.0
2023-09-06,50.70000076293945,53.060001373291016,50.27000045776367,52.810001373291016,733500.0,38736136.00730896,1.0
2023-09-07,51.29999923706055,51.65999984741211,48.20000076293945,49.900001525878906,945400.0,47175461.44256592,1.0
2023-09-08,49.77000045776367,50.84999847412109,49.09999847412109,49.45000076293945,525100.0,25966195.400619507,1.0
2023-09-11,50.34999847412109,50.68000030517578,47.560001373291016,48.220001220703125,511300.0,24654886.624145508,1.0
2023-09-12,48.0,49.65999984741211,47.380001068115234,47.43999862670898,395500.0,18762519.456863403,1.0
2023-09-13,47.150001525878906,48.29999923706055,46.38999938964844,46.75,501300.0,23435775.0,1.0
2023-09-14,47.22999954223633,48.900001525878906,46.619998931884766,48.459999084472656,444200.0,21525931.593322758,1.0
2023-09-15,48.11000061035156,48.20000076293945,46.13999938964844,47.06999969482422,741500.0,34902404.77371216,1.0
2023-09-18,47.9900016784668,51.08000183105469,47.08000183105469,49.150001525878906,963600.0,47360941.470336914,1.0
2023-09-19,48.9900016784668,49.630001068115234,47.650001525878906,48.650001525878906,428600.0,20851390.6539917,1.0
2023-09-20,49.0,49.84000015258789,45.27999877929688,45.380001068115234,599700.0,27214386.640548702,1.0
2023-09-21,44.08000183105469,44.25,41.16999816894531,42.560001373291016,1190500.0,50667681.63490296,1.0
2023-09-22,43.09999847412109,43.810001373291016,42.13999938964844,42.65999984741211,482100.0,20566385.926437374,1.0
2023-09-25,42.630001068115234,45.29999923706055,42.630001068115234,44.369998931884766,531900.0,23600402.431869507,1.0
2023-09-26,43.2400016784668,44.45000076293945,43.0099983215332,43.34000015258789,520600.0,22562804.079437256,1.0
2023-09-27,43.900001525878906,45.90999984741211,43.900001525878906,45.43000030517578,549000.0,24941070.167541504,1.0
2023-09-28,45.59999847412109,47.7400016784668,44.95000076293945,46.22999954223633,442700.0,20466020.797348022,1.0
2023-09-29,47.27000045776367,47.709999084472656,45.27999877929688,45.70000076293945,691100.0,31583270.527267456,1.0
2023-10-02,45.95000076293945,48.27999877929688,45.880001068115234,46.7599983215332,948900.0,44370562.40730286,1.0
2023-10-03,46.04999923706055,46.16999816894531,42.77000045776367,43.18000030517578,1066900.0,46068742.32559204,1.0
2023-10-04,43.380001068115234,45.45000076293945,43.380001068115234,45.13999938964844,654500.0,29544129.600524902,1.0
2023-10-05,45.0099983215332,45.9900016784668,44.02999877929688,44.209999084472656,1266000.0,55969858.84094238,1.0
2023-10-06,38.75,39.880001068115234,35.36000061035156,38.63999938964844,6647800.0,256870987.94250488,1.0
2023-10-09,37.72999954223633,38.15999984741211,35.02000045776367,37.15999984741211,1825200.0,67824431.72149658,1.0
2023-10-10,37.45000076293945,42.7400016784668,37.220001220703125,40.18999862670898,1770500.0,71156392.56858826,1.0
2023-10-11,40.20000076293945,41.63999938964844,38.72999954223633,40.16999816894531,1403500.0,56378592.430114746,1.0
2023-10-12,41.18000030517578,41.66999816894531,39.18999862670898,40.060001373291016,894300.0,35825659.228134155,1.0
2023-10-13,40.04999923706055,40.209999084472656,38.209999084472656,38.7400016784668,1084500.0,42013531.82029724,1.0
2023-10-16,38.79999923706055,39.08000183105469,37.04999923706055,37.310001373291016,1413000.0,52719031.940460205,1.0
2023-10-17,36.380001068115234,37.34999847412109,35.150001525878906,36.65999984741211,1558300.0,57127277.76222229,1.0
2023-10-18,35.91999816894531,36.400001525878906,32.33000183105469,33.0099983215332,2454900.0,81036244.87953186,1.0
2023-10-19,33.04999923706055,33.08000183105469,31.13999938964844,31.690000534057617,1719000.0,54475110.91804504,1.0
2023-10-20,31.700000762939453,32.970001220703125,31.309999465942383,31.600000381469727,1225100.0,38713160.46733856,1.0
2023-10-23,31.0,32.20000076293945,30.540000915527344,31.38999938964844,842700.0,26452352.48565674,1.0
2023-10-24,31.93000030517578,33.20000076293945,31.420000076293945,32.97999954223633,622800.0,20539943.714904785,1.0
2023-10-25,32.75,32.75,31.020000457763672,31.13999938964844,645900.0,20113325.60577393,1.0
2023-10-26,31.399999618530277,32.38999938964844,30.729999542236328,31.68000030517578,549600.0,17411328.16772461,1.0
2023-10-27,31.68000030517578,32.2400016784668,29.36000061035156,29.790000915527344,857000.0,25530030.784606934,1.0
2023-10-30,28.06999969482422,28.36000061035156,21.56999969482422,23.899999618530277,6154800.0,147099717.65213013,1.0
2023-10-31,23.940000534057617,24.350000381469727,22.899999618530277,23.559999465942383,1461000.0,34421159.21974182,1.0
2023-11-01,23.559999465942383,24.459999084472656,23.100000381469727,23.76000022888184,1266200.0,30084912.28981018,1.0
2023-11-02,24.559999465942383,25.6299991607666,23.770000457763672,24.729999542236328,1296200.0,32055025.40664673,1.0
2023-11-03,24.780000686645508,26.200000762939453,24.399999618530277,24.5,1138400.0,27890800.0,1.0
2023-11-06,24.96999931335449,25.0,22.770000457763672,23.06999969482422,1112000.0,25653839.66064453,1.0
2023-11-07,23.059999465942383,24.31999969482422,22.63999938964844,23.950000762939453,745100.0,17845145.568466187,1.0
2023-11-08,23.8799991607666,24.530000686645508,23.1299991607666,23.739999771118164,576300.0,13681361.868095398,1.0
2023-11-09,24.1200008392334,25.020000457763672,23.13999938964844,23.18000030517578,567300.0,13150014.17312622,1.0
2023-11-10,23.399999618530277,24.8700008392334,23.229999542236328,24.5,839200.0,20560400.0,1.0
2023-11-13,24.11000061035156,24.200000762939453,23.26000022888184,23.399999618530277,717100.0,16780139.72644806,1.0
2023-11-14,24.5,26.530000686645508,24.1200008392334,25.920000076293945,1327500.0,34408800.10128021,1.0
2023-11-15,26.600000381469727,27.36000061035156,25.13999938964844,26.06999969482422,1825400.0,47588177.44293213,1.0
2023-11-16,25.950000762939453,26.299999237060547,24.850000381469727,25.40999984741211,690500.0,17545604.89463806,1.0
2023-11-17,25.75,26.0,24.959999084472656,25.21999931335449,669600.0,16887311.540222168,1.0
2023-11-20,25.34000015258789,26.3799991607666,25.149999618530277,25.979999542236328,818800.0,21272423.625183105,1.0
2023-11-21,25.520000457763672,25.71999931335449,24.729999542236328,25.40999984741211,563600.0,14321075.914001465,1.0
2023-11-22,25.600000381469727,26.700000762939453,25.309999465942383,25.479999542236328,482700.0,12299195.779037476,1.0
2023-11-24,25.43000030517578,25.530000686645508,24.61000061035156,24.86000061035156,360400.0,8959544.219970703,1.0
2023-11-27,24.649999618530277,24.690000534057617,23.81999969482422,23.84000015258789,644600.0,15367264.098358154,1.0
2023-11-28,23.76000022888184,23.76000022888184,22.729999542236328,23.15999984741211,1370100.0,31731515.79093933,1.0
2023-11-29,23.84000015258789,24.65999984741211,22.8799991607666,22.989999771118164,1162000.0,26714379.734039307,1.0
2023-11-30,23.1299991607666,23.239999771118164,22.309999465942383,22.959999084472656,1151700.0,26443030.94558716,1.0
2023-12-01,22.670000076293945,24.700000762939453,22.149999618530277,24.07999992370605,1071600.0,25804127.91824341,1.0
2023-12-04,23.799999237060547,25.75,23.540000915527344,24.690000534057617,1074400.0,26526936.573791504,1.0
2023-12-05,24.59000015258789,25.3700008392334,23.940000534057617,24.84000015258789,901800.0,22400712.13760376,1.0
2023-12-06,25.3799991607666,25.940000534057617,24.18000030517578,24.229999542236328,750000.0,18172499.65667725,1.0
2023-12-07,24.36000061035156,24.76000022888184,23.850000381469727,24.71999931335449,521900.0,12901367.64163971,1.0
2023-12-08,24.729999542236328,26.020000457763672,24.600000381469727,25.88999938964844,796700.0,20626562.51373291,1.0
2023-12-11,25.6200008392334,26.57999992370605,25.100000381469727,25.76000022888184,1069000.0,27537440.244674683,1.0
2023-12-12,25.76000022888184,25.76000022888184,24.51000022888184,25.239999771118164,732700.0,18493347.83229828,1.0
2023-12-13,25.280000686645508,27.299999237060547,24.88999938964844,26.8700008392334,887100.0,23836377.744483948,1.0
2023-12-14,28.899999618530277,30.5,28.100000381469727,29.88999938964844,2196600.0,65656372.65930176,1.0
2023-12-15,30.049999237060547,30.11000061035156,27.450000762939453,27.63999938964844,1640900.0,45354474.99847412,1.0
2023-12-18,27.63999938964844,28.90999984741211,27.450000762939453,27.93000030517578,1079900.0,30161607.329559326,1.0
2023-12-19,28.15999984741211,29.09000015258789,27.8799991607666,28.32999992370605,711500.0,20156794.945716854,1.0
2023-12-20,28.1299991607666,29.36000061035156,27.1200008392334,27.280000686645508,1105500.0,30158040.75908661,1.0
2023-12-21,28.5,29.100000381469727,27.459999084472656,28.32999992370605,698600.0,19791337.94670105,1.0
2023-12-22,28.700000762939453,28.700000762939453,27.75,28.200000762939453,448700.0,12653340.342330933,1.0
2023-12-26,28.270000457763672,29.459999084472656,27.86000061035156,29.309999465942383,607200.0,17797031.675720215,1.0
2023-12-27,29.71999931335449,30.0,28.399999618530277,28.899999618530277,607100.0,17545189.76840973,1.0
2023-12-28,28.899999618530277,28.950000762939453,27.729999542236328,27.8799991607666,617500.0,17215899.481773376,1.0
2023-12-29,27.90999984741211,27.90999984741211,25.940000534057617,26.530000686645508,1235100.0,32767203.848075867,1.0
2024-01-02,26.299999237060547,26.299999237060547,24.600000381469727,24.950000762939453,1264000.0,31536800.96435547,1.0
2024-01-03,24.200000762939453,24.200000762939453,22.540000915527344,23.06999969482422,2504800.0,57785735.2355957,1.0
2024-01-04,22.690000534057617,23.450000762939453,22.21999931335449,22.56999969482422,1101300.0,24856340.663909912,1.0
2024-01-05,22.36000061035156,23.06999969482422,22.190000534057617,22.489999771118164,930500.0,20926944.78702545,1.0
2024-01-08,22.700000762939453,23.0,21.46999931335449,22.01000022888184,2091200.0,46027312.478637695,1.0
2024-01-09,21.84000015258789,23.09000015258789,21.149999618530277,22.350000381469727,3951000.0,88304851.50718689,1.0
2024-01-10,18.770000457763672,20.290000915527344,18.270000457763672,18.59000015258789,9469500.0,176038006.44493103,1.0
2024-01-11,18.739999771118164,19.25,17.600000381469727,18.229999542236328,3966600.0,72311116.18423462,1.0
2024-01-12,18.190000534057617,18.600000381469727,17.280000686645508,17.469999313354492,2528100.0,44165905.26409149,1.0
2024-01-16,17.299999237060547,18.31999969482422,17.049999237060547,17.290000915527344,1855500.0,32081596.698760983,1.0
2024-01-17,16.979999542236328,17.389999389648438,16.709999084472656,17.139999389648438,1348100.0,23106433.17718506,1.0
2024-01-18,17.700000762939453,17.940000534057617,16.969999313354492,17.1200008392334,1411600.0,24166593.184661865,1.0
2024-01-19,17.139999389648438,17.15999984741211,16.59000015258789,16.600000381469727,2979600.0,49461361.1366272,1.0
2024-01-22,16.790000915527344,17.290000915527344,16.209999084472656,16.389999389648438,2056200.0,33701116.74499512,1.0
2024-01-23,16.639999389648438,17.3799991607666,16.309999465942383,16.75,1692300.0,28346025.0,1.0
2024-01-24,17.110000610351562,17.799999237060547,16.3799991607666,16.93000030517578,3159200.0,53485256.96411133,1.0
2024-01-25,17.25,17.399999618530273,16.059999465942383,16.350000381469727,1755000.0,28694250.66947937,1.0
2024-01-26,16.34000015258789,16.440000534057617,15.619999885559082,15.760000228881836,1623300.0,25583208.371543884,1.0
2024-01-29,15.829999923706056,16.219999313354492,15.529999732971191,16.190000534057617,1112700.0,18014613.59424591,1.0
2024-01-30,16.0,16.049999237060547,15.229999542236328,15.800000190734863,1508700.0,23837460.28776169,1.0
2024-01-31,15.600000381469728,15.699999809265137,14.850000381469728,14.850000381469728,1920000.0,28512000.732421875,1.0
2024-02-01,15.100000381469728,15.149999618530272,14.630000114440918,15.100000381469728,1468400.0,22172840.560150143,1.0
2024-02-02,14.93000030517578,15.4399995803833,14.779999732971191,15.0600004196167,1142900.0,17212074.479579926,1.0
2024-02-05,15.0600004196167,15.210000038146973,14.539999961853027,14.699999809265137,1010300.0,14851409.807300568,1.0
2024-02-06,14.859999656677246,15.050000190734863,14.5600004196167,15.039999961853027,866700.0,13035167.96693802,1.0
2024-02-07,15.130000114440918,15.649999618530272,14.770000457763672,15.359999656677246,1235600.0,18978815.575790405,1.0
2024-02-08,15.399999618530272,17.280000686645508,15.270000457763672,16.829999923706055,2201100.0,37044512.8320694,1.0
2024-02-09,16.969999313354492,17.489999771118164,16.780000686645508,17.209999084472656,1693600.0,29146854.44946289,1.0
2024-02-12,17.399999618530273,18.32999992370605,17.389999389648438,18.11000061035156,1659000.0,30044491.01257324,1.0
2024-02-13,16.899999618530273,17.6299991607666,16.649999618530273,17.020000457763672,1432900.0,24387958.655929565,1.0
2024-02-14,17.5,18.799999237060547,17.399999618530273,18.780000686645508,1575100.0,29580379.08153534,1.0
2024-02-15,18.950000762939453,19.059999465942383,17.81999969482422,18.149999618530277,1384900.0,25135934.471702576,1.0
2024-02-16,18.13999938964844,18.540000915527344,17.549999237060547,17.690000534057617,1100500.0,19467845.587730408,1.0
2024-02-20,17.5,17.770000457763672,16.579999923706055,16.950000762939453,1211900.0,20541705.924606323,1.0
2024-02-21,18.0,18.40999984741211,16.989999771118164,17.100000381469727,1842800.0,31511880.70297241,1.0
2024-02-22,17.3700008392334,17.540000915527344,15.9399995803833,16.100000381469727,2296800.0,36978480.87615967,1.0
2024-02-23,16.06999969482422,16.31999969482422,15.829999923706056,15.859999656677246,847000.0,13433419.709205627,1.0
2024-02-26,15.850000381469728,16.450000762939453,15.8100004196167,16.18000030517578,677400.0,10960332.206726074,1.0
2024-02-27,16.43000030517578,16.739999771118164,16.020000457763672,16.540000915527344,762300.0,12608442.697906494,1.0
2024-02-28,16.280000686645508,16.479999542236328,15.899999618530272,15.93000030517578,608000.0,9685440.185546877,1.0
2024-02-29,16.290000915527344,16.649999618530273,16.079999923706055,16.270000457763672,1519200.0,24717384.69543457,1.0
2024-03-01,16.540000915527344,18.6299991607666,16.290000915527344,17.65999984741211,1990300.0,35148697.69630432,1.0
2024-03-04,17.739999771118164,17.829999923706055,16.600000381469727,16.729999542236328,1049500.0,17558134.519577026,1.0
2024-03-05,16.399999618530273,16.8799991607666,16.190000534057617,16.579999923706055,734500.0,12178009.943962095,1.0
2024-03-06,16.950000762939453,17.030000686645508,16.290000915527344,16.75,706500.0,11833875.0,1.0
2024-03-07,16.8799991607666,17.3799991607666,16.540000915527344,17.209999084472656,888500.0,15291084.186553955,1.0
2024-03-08,17.530000686645508,17.610000610351562,16.239999771118164,16.25,887900.0,14428375.0,1.0
2024-03-11,16.200000762939453,16.600000381469727,16.0,16.219999313354492,665800.0,10799275.54283142,1.0
2024-03-12,16.399999618530273,16.450000762939453,15.170000076293944,15.6899995803833,1051600.0,16499603.55873108,1.0
2024-03-13,15.5,15.81999969482422,15.06999969482422,15.140000343322754,600900.0,9097626.206302645,1.0
2024-03-14,15.270000457763672,15.270000457763672,14.31999969482422,14.5,1057700.0,15336650.0,1.0
2024-03-15,14.300000190734863,14.510000228881836,14.149999618530272,14.220000267028809,1031900.0,14673618.275547028,1.0
2024-03-18,14.43000030517578,14.579999923706056,14.170000076293944,14.520000457763672,1714800.0,24898896.784973145,1.0
2024-03-19,14.31999969482422,14.619999885559082,13.869999885559082,14.359999656677246,998100.0,14332715.65732956,1.0
2024-03-20,14.390000343322754,15.199999809265137,14.239999771118164,14.979999542236328,777600.0,11648447.644042969,1.0
2024-03-21,15.329999923706056,15.449999809265137,14.869999885559082,14.869999885559082,1100800.0,16368895.874023438,1.0
2024-03-22,14.800000190734863,14.8100004196167,14.520000457763672,14.65999984741211,1064300.0,15602637.837600708,1.0
2024-03-25,11.670000076293944,13.170000076293944,10.539999961853027,11.369999885559082,8393000.0,95428409.03949738,1.0
2024-03-26,11.119999885559082,12.06999969482422,11.039999961853027,11.170000076293944,1934700.0,21610599.147605896,1.0
2024-03-27,11.210000038146973,12.59000015258789,11.199999809265137,12.460000038146973,1951900.0,24320674.07445908,1.0
2024-03-28,12.359999656677246,12.40999984741211,11.989999771118164,12.399999618530272,997600.0,12370239.6194458,1.0
2024-04-01,12.399999618530272,12.640000343322754,12.140000343322754,12.350000381469728,802500.0,9910875.306129456,1.0
2024-04-02,12.270000457763672,12.270000457763672,11.779999732971191,11.890000343322754,968800.0,11519032.332611084,1.0
2024-04-03,11.699999809265137,11.949999809265137,11.529999732971191,11.600000381469728,762500.0,8845000.290870667,1.0
2024-04-04,11.800000190734863,12.050000190734863,11.43000030517578,11.510000228881836,863300.0,9936583.197593687,1.0
2024-04-05,11.529999732971191,11.619999885559082,11.289999961853027,11.34000015258789,674900.0,7653366.102981567,1.0
2024-04-08,11.5,11.720000267028809,11.380000114440918,11.630000114440918,696600.0,8101458.079719543,1.0
2024-04-09,11.779999732971191,12.06999969482422,11.550000190734863,11.779999732971191,1373700.0,16182185.633182526,1.0
2024-04-10,11.399999618530272,12.739999771118164,11.31999969482422,11.529999732971191,2237300.0,25796068.402576447,1.0
2024-04-11,11.670000076293944,12.31999969482422,11.550000190734863,11.829999923706056,1118100.0,13227122.91469574,1.0
2024-04-12,11.649999618530272,11.899999618530272,11.31999969482422,11.699999809265137,845100.0,9887669.838809969,1.0
2024-04-15,11.65999984741211,11.739999771118164,11.25,11.550000190734863,1191900.0,13766445.227336884,1.0
2024-04-16,11.5,11.770000457763672,11.210000038146973,11.59000015258789,828000.0,9596520.126342772,1.0
2024-04-17,11.5,11.619999885559082,11.140000343322754,11.149999618530272,807400.0,9002509.692001343,1.0
2024-04-18,11.109999656677246,11.1899995803833,10.729999542236328,10.81999969482422,920300.0,9957645.719146729,1.0
2024-04-19,10.8100004196167,10.859999656677246,10.270000457763672,10.359999656677246,1159400.0,12011383.6019516,1.0
2024-04-22,10.4399995803833,10.75,10.1899995803833,10.59000015258789,914200.0,9681378.13949585,1.0
2024-04-23,10.600000381469728,10.890000343322754,10.510000228881836,10.5600004196167,634200.0,6697152.266120911,1.0
2024-04-24,10.720000267028809,11.170000076293944,10.720000267028809,11.140000343322754,820300.0,9138142.281627657,1.0
2024-04-25,11.130000114440918,11.359999656677246,10.81999969482422,11.300000190734863,682300.0,7709990.130138397,1.0
2024-04-26,11.369999885559082,11.829999923706056,11.279999732971191,11.470000267028809,936300.0,10739361.250019072,1.0
2024-04-29,11.5,12.149999618530272,11.399999618530272,12.100000381469728,672300.0,8134830.256462097,1.0
2024-04-30,11.920000076293944,12.460000038146973,11.869999885559082,11.979999542236328,881000.0,10554379.596710203,1.0
2024-05-01,11.789999961853027,12.279999732971191,11.5600004196167,11.729999542236328,881600.0,10341167.596435549,1.0
2024-05-02,12.029999732971191,12.050000190734863,11.529999732971191,11.760000228881836,602300.0,7083048.13785553,1.0
2024-05-03,11.970000267028809,12.289999961853027,11.600000381469728,11.640000343322754,522800.0,6085392.179489136,1.0
2024-05-06,11.800000190734863,11.9399995803833,11.630000114440918,11.649999618530272,595400.0,6936409.772872925,1.0
2024-05-07,11.649999618530272,11.8100004196167,11.40999984741211,11.479999542236328,1124800.0,12912703.485107422,1.0
2024-05-08,11.229999542236328,11.800000190734863,11.050000190734863,11.25,1254600.0,14114250.0,1.0
2024-05-09,11.270000457763672,11.4399995803833,11.06999969482422,11.4399995803833,473000.0,5411119.801521301,1.0
2024-05-10,11.56999969482422,11.59000015258789,11.050000190734863,11.140000343322754,555600.0,6189384.190750122,1.0
2024-05-13,11.220000267028809,11.880000114440918,11.220000267028809,11.619999885559082,548300.0,6371245.937252045,1.0
2024-05-14,11.770000457763672,12.140000343322754,11.600000381469728,11.619999885559082,877500.0,10196549.899578094,1.0
2024-05-15,11.880000114440918,11.9399995803833,11.149999618530272,11.350000381469728,944900.0,10724615.360450745,1.0
2024-05-16,11.449999809265137,11.81999969482422,11.350000381469728,11.539999961853027,501300.0,5785001.980876923,1.0
2024-05-17,11.539999961853027,11.59000015258789,11.1899995803833,11.369999885559082,378900.0,4308092.956638336,1.0
2024-05-20,11.449999809265137,11.829999923706056,11.399999618530272,11.609999656677246,611300.0,7097192.790126801,1.0
2024-05-21,11.359999656677246,11.550000190734863,11.260000228881836,11.489999771118164,448200.0,5149817.897415161,1.0
2024-05-22,11.510000228881836,12.420000076293944,11.479999542236328,12.140000343322754,872200.0,10588508.299446106,1.0
2024-05-23,12.229999542236328,12.25,11.40999984741211,11.420000076293944,553500.0,6320970.042228699,1.0
2024-05-24,11.520000457763672,11.770000457763672,11.40999984741211,11.640000343322754,388400.0,4520976.133346558,1.0
2024-05-28,11.789999961853027,12.010000228881836,11.520000457763672,11.5600004196167,508600.0,5879416.213417053,1.0
2024-05-29,11.350000381469728,11.4399995803833,11.039999961853027,11.050000190734863,497200.0,5494060.094833374,1.0
2024-05-30,11.119999885559082,11.6899995803833,11.0600004196167,11.579999923706056,572000.0,6623759.956359863,1.0
2024-05-31,11.5600004196167,11.699999809265137,11.260000228881836,11.510000228881836,1074000.0,12361740.245819092,1.0
2024-06-03,11.699999809265137,11.739999771118164,11.100000381469728,11.170000076293944,536800.0,5996056.04095459,1.0
2024-06-04,11.220000267028809,11.43000030517578,11.050000190734863,11.359999656677246,534500.0,6071919.816493988,1.0
2024-06-05,11.4399995803833,12.84000015258789,11.4399995803833,12.75,1380200.0,17597550.0,1.0
2024-06-06,12.779999732971191,13.579999923706056,12.699999809265137,13.390000343322754,1917000.0,25668630.65814972,1.0
2024-06-07,13.149999618530272,13.289999961853027,12.520000457763672,13.020000457763672,940900.0,12250518.43070984,1.0
2024-06-10,12.84000015258789,13.369999885559082,12.760000228881836,13.289999961853027,540600.0,7184573.979377747,1.0
2024-06-11,13.279999732971191,13.550000190734863,12.8100004196167,13.390000343322754,629300.0,8426327.216053009,1.0
2024-06-12,13.789999961853027,14.149999618530272,13.630000114440918,13.850000381469728,864500.0,11973325.32978058,1.0
2024-06-13,13.9399995803833,14.270000457763672,13.279999732971191,13.6899995803833,679300.0,9299616.714954376,1.0
2024-06-14,13.40999984741211,13.529999732971191,13.109999656677246,13.210000038146973,400300.0,5287963.015270233,1.0
2024-06-17,13.18000030517578,13.229999542236328,12.239999771118164,12.3100004196167,904800.0,11138088.37966919,1.0
2024-06-18,12.239999771118164,12.699999809265137,12.210000038146973,12.4399995803833,599800.0,7461511.748313904,1.0
2024-06-20,12.25,12.25,10.609999656677246,10.670000076293944,1692200.0,18055774.12910461,1.0
2024-06-21,10.6899995803833,10.93000030517578,10.350000381469728,10.800000190734863,1057700.0,11423160.201740265,1.0
2024-06-24,10.779999732971191,10.989999771118164,10.3100004196167,10.350000381469728,824200.0,8530470.314407349,1.0
2024-06-25,10.329999923706056,10.5600004196167,10.149999618530272,10.479999542236328,1030100.0,10795447.528457642,1.0
2024-06-26,10.420000076293944,10.4399995803833,9.829999923706056,10.170000076293944,1010200.0,10273734.077072144,1.0
2024-06-27,10.170000076293944,11.119999885559082,10.100000381469728,11.109999656677246,882700.0,9806796.696949003,1.0
2024-06-28,11.25,11.380000114440918,10.800000190734863,11.170000076293944,1412700.0,15779859.107780457,1.0
2024-07-01,11.220000267028809,11.34000015258789,10.90999984741211,11.100000381469728,655100.0,7271610.249900818,1.0
2024-07-02,11.109999656677246,11.3100004196167,10.550000190734863,10.710000038146973,627000.0,6715170.023918152,1.0
2024-07-03,10.729999542236328,11.140000343322754,10.68000030517578,11.0,379500.0,4174500.0,1.0
2024-07-05,11.18000030517578,11.40999984741211,10.989999771118164,11.289999961853027,728800.0,8228151.972198486,1.0
2024-07-08,11.350000381469728,12.899999618530272,11.34000015258789,12.800000190734863,1601200.0,20495360.305404663,1.0
2024-07-09,12.68000030517578,12.6899995803833,12.18000030517578,12.40999984741211,1473800.0,18289857.775115967,1.0
2024-07-10,14.770000457763672,16.43000030517578,13.81999969482422,15.390000343322754,7180800.0,110512514.46533205,1.0
2024-07-11,15.9399995803833,16.40999984741211,14.9399995803833,15.109999656677246,2245200.0,33924971.22917175,1.0
2024-07-12,15.220000267028809,16.399999618530273,14.949999809265137,15.75,2007300.0,31614975.0,1.0
2024-07-15,15.850000381469728,16.739999771118164,15.8100004196167,16.43000030517578,2552800.0,41942504.779052734,1.0
2024-07-16,16.520000457763672,17.229999542236328,16.110000610351562,16.84000015258789,3982700.0,67068668.60771179,1.0
2024-07-17,19.26000022888184,21.440000534057617,18.440000534057617,20.61000061035156,12180100.0,251031868.43414307,1.0
2024-07-18,20.780000686645508,20.989999771118164,18.15999984741211,18.82999992370605,4497300.0,84684158.65688324,1.0
2024-07-19,18.63999938964844,19.36000061035156,18.36000061035156,19.030000686645508,2004300.0,38141830.37624359,1.0
2024-07-22,19.780000686645508,20.25,17.670000076293945,18.600000381469727,2730400.0,50785441.04156494,1.0
2024-07-23,18.15999984741211,18.489999771118164,17.6200008392334,18.059999465942383,1843900.0,33300833.01525116,1.0
2024-07-24,17.56999969482422,18.1200008392334,16.969999313354492,17.040000915527344,1759200.0,29976769.610595703,1.0
2024-07-25,16.8799991607666,17.93000030517578,16.600000381469727,17.65999984741211,1583100.0,27957545.75843811,1.0
2024-07-26,18.190000534057617,18.530000686645508,17.200000762939453,17.8799991607666,1283400.0,22947190.922927856,1.0
2024-07-29,18.46999931335449,19.43000030517578,17.940000534057617,18.540000915527344,1991800.0,36927973.82354736,1.0
2024-07-30,18.549999237060547,18.93000030517578,18.06999969482422,18.65999984741211,1312600.0,24493115.79971313,1.0
2024-07-31,18.850000381469727,19.959999084472656,18.1200008392334,18.8700008392334,1706900.0,32209204.432487488,1.0
2024-08-01,18.709999084472656,18.709999084472656,16.149999618530273,16.549999237060547,1842200.0,30488408.59451294,1.0
2024-08-02,15.5,15.869999885559082,14.199999809265137,14.390000343322754,2108000.0,30334120.723724365,1.0
2024-08-05,13.550000190734863,15.109999656677246,13.260000228881836,15.010000228881836,1375200.0,20641752.3147583,1.0
2024-08-06,15.279999732971191,15.300000190734863,13.9399995803833,13.979999542236328,1499700.0,20965805.31349182,1.0
2024-08-07,14.25,14.869999885559082,13.039999961853027,13.039999961853027,1073100.0,13993223.959064484,1.0
2024-08-08,13.300000190734863,13.9399995803833,13.270000457763672,13.93000030517578,835000.0,11631550.254821775,1.0
2024-08-09,13.8100004196167,13.970000267028809,13.289999961853027,13.289999961853027,625600.0,8314223.976135254,1.0
2024-08-12,13.25,13.300000190734863,12.850000381469728,13.149999618530272,589000.0,7745349.775314331,1.0
2024-08-13,13.34000015258789,13.869999885559082,13.199999809265137,13.760000228881836,642100.0,8835296.146965027,1.0
2024-08-14,13.899999618530272,13.90999984741211,13.199999809265137,13.5600004196167,826500.0,11207340.346813202,1.0
2024-08-15,14.130000114440918,14.989999771118164,13.649999618530272,14.739999771118164,995200.0,14669247.772216797,1.0
2024-08-16,14.600000381469728,14.880000114440918,14.329999923706056,14.68000030517578,666700.0,9787156.203460691,1.0
2024-08-19,14.649999618530272,14.68000030517578,14.010000228881836,14.300000190734863,658300.0,9413690.12556076,1.0
2024-08-20,14.34000015258789,14.5600004196167,14.09000015258789,14.140000343322754,611300.0,8643782.2098732,1.0
2024-08-21,14.34000015258789,14.65999984741211,14.140000343322754,14.470000267028809,505300.0,7311691.134929657,1.0
2024-08-22,14.529999732971191,14.649999618530272,13.300000190734863,13.460000038146973,987800.0,13295788.03768158,1.0
2024-08-23,13.68000030517578,14.600000381469728,13.619999885559082,14.59000015258789,823800.0,12019242.125701904,1.0
2024-08-26,14.68000030517578,15.43000030517578,14.270000457763672,14.90999984741211,1023600.0,15261875.843811035,1.0
2024-08-27,14.770000457763672,14.9399995803833,14.25,14.739999771118164,627900.0,9255245.856285095,1.0
2024-08-28,14.579999923706056,14.609999656677246,14.109999656677246,14.420000076293944,582900.0,8405418.04447174,1.0
2024-08-29,14.68000030517578,15.4399995803833,14.460000038146973,14.949999809265137,765000.0,11436749.85408783,1.0
2024-08-30,15.220000267028809,15.6899995803833,14.899999618530272,15.210000038146973,685900.0,10432539.026165009,1.0
2024-09-03,14.8100004196167,14.949999809265137,13.329999923706056,13.510000228881836,1125500.0,15205505.257606506,1.0
2024-09-04,13.34000015258789,13.81999969482422,12.970000267028809,13.109999656677246,755200.0,9900671.740722656,1.0
2024-09-05,13.859999656677246,14.800000190734863,13.75,14.0,1252000.0,17528000.0,1.0
2024-09-06,14.0,14.06999969482422,13.399999618530272,13.520000457763672,695400.0,9401808.318328856,1.0
2024-09-09,13.59000015258789,13.979999542236328,13.270000457763672,13.279999732971191,585700.0,7778095.843601227,1.0
2024-09-10,13.350000381469728,13.529999732971191,13.119999885559082,13.239999771118164,429400.0,5685255.90171814,1.0
2024-09-11,13.220000267028809,13.670000076293944,12.880000114440918,12.979999542236328,992900.0,12887841.54548645,1.0
2024-09-12,12.899999618530272,13.100000381469728,12.43000030517578,12.75,853700.0,10884675.0,1.0
2024-09-13,12.970000267028809,13.25,12.850000381469728,12.9399995803833,684700.0,8860017.712688446,1.0
2024-09-16,12.859999656677246,12.859999656677246,12.119999885559082,12.460000038146973,950500.0,11843230.036258698,1.0
2024-09-17,12.670000076293944,12.850000381469728,12.369999885559082,12.470000267028809,620100.0,7732647.165584564,1.0
2024-09-18,12.609999656677246,12.920000076293944,11.81999969482422,12.100000381469728,1170500.0,14163050.446510317,1.0
2024-09-19,12.6899995803833,13.229999542236328,12.18000030517578,12.979999542236328,1046800.0,13587463.520812988,1.0
2024-09-20,12.8100004196167,12.899999618530272,12.149999618530272,12.3100004196167,821500.0,10112665.344715118,1.0
2024-09-23,12.31999969482422,12.399999618530272,12.0600004196167,12.260000228881836,530200.0,6500252.121353149,1.0
2024-09-24,12.399999618530272,12.779999732971191,12.199999809265137,12.31999969482422,545500.0,6720559.833526611,1.0
2024-09-25,12.25,12.390000343322754,11.970000267028809,12.020000457763672,618800.0,7437976.28326416,1.0
2024-09-26,12.510000228881836,13.279999732971191,12.31999969482422,13.130000114440918,908000.0,11922040.103912354,1.0
2024-09-27,13.34000015258789,13.56999969482422,12.970000267028809,13.229999542236328,694300.0,9185588.682174684,1.0
2024-09-30,12.979999542236328,13.550000190734863,12.779999732971191,12.850000381469728,656800.0,8439880.250549316,1.0
2024-10-01,12.850000381469728,12.859999656677246,12.15999984741211,12.260000228881836,730500.0,8955930.167198181,1.0
2024-10-02,12.4399995803833,12.75,12.140000343322754,12.300000190734863,630600.0,7756380.120277405,1.0
2024-10-03,12.199999809265137,12.420000076293944,11.949999809265137,12.1899995803833,750600.0,9149813.685035706,1.0
2024-10-04,12.5,12.520000457763672,12.109999656677246,12.260000228881836,549200.0,6733192.125701904,1.0
2024-10-07,12.369999885559082,12.93000030517578,12.279999732971191,12.710000038146973,801200.0,10183252.030563354,1.0
2024-10-08,12.609999656677246,12.93000030517578,12.329999923706056,12.550000190734863,961800.0,12070590.183448792,1.0
2024-10-09,12.550000190734863,13.260000228881836,12.489999771118164,13.229999542236328,1056800.0,13981463.516235352,1.0
2024-10-10,13.079999923706056,13.350000381469728,12.449999809265137,13.31999969482422,3315200.0,44158462.98828125,1.0
2024-10-11,15.109999656677246,16.649999618530273,13.550000190734863,16.020000457763672,9397200.0,150543148.30169678,1.0
2024-10-14,16.0,16.739999771118164,15.18000030517578,15.65999984741211,2925600.0,45814895.55358887,1.0
2024-10-15,15.670000076293944,16.229999542236328,14.420000076293944,14.56999969482422,2122800.0,30929195.35217285,1.0
2024-10-16,14.359999656677246,14.760000228881836,13.949999809265137,14.220000267028809,1672100.0,23777262.44649887,1.0
2024-10-17,14.520000457763672,15.43000030517578,14.119999885559082,14.789999961853027,1812800.0,26811311.930847168,1.0
2024-10-18,14.979999542236328,15.720000267028809,14.829999923706056,15.68000030517578,1371700.0,21508256.41860962,1.0
2024-10-21,15.56999969482422,15.779999732971191,14.93000030517578,15.729999542236328,1093000.0,17192889.499664307,1.0
2024-10-22,15.75,16.309999465942383,15.25,16.100000381469727,1328000.0,21380800.5065918,1.0
2024-10-23,15.90999984741211,16.239999771118164,14.8100004196167,15.289999961853027,1008600.0,15421493.961524963,1.0
2024-10-24,15.5600004196167,15.84000015258789,15.300000190734863,15.56999969482422,725900.0,11302262.7784729,1.0
2024-10-25,15.699999809265137,17.40999984741211,15.699999809265137,16.959999084472656,1933400.0,32790462.229919437,1.0
2024-10-28,16.59000015258789,16.700000762939453,15.420000076293944,15.84000015258789,1669300.0,26441712.25471497,1.0
2024-10-29,15.859999656677246,16.219999313354492,15.520000457763672,15.949999809265137,774900.0,12359654.852199554,1.0
2024-10-30,15.479999542236328,15.539999961853027,14.770000457763672,14.789999961853027,962800.0,14239811.963272097,1.0
2024-10-31,14.729999542236328,14.869999885559082,13.859999656677246,14.079999923706056,1117800.0,15738623.914718628,1.0
2024-11-01,13.40999984741211,14.029999732971191,12.020000457763672,12.06999969482422,3000700.0,36218448.08425903,1.0
2024-11-04,12.0600004196167,12.3100004196167,11.670000076293944,11.710000038146973,1205700.0,14118747.045993803,1.0
2024-11-05,11.729999542236328,12.270000457763672,11.550000190734863,12.109999656677246,801600.0,9707375.72479248,1.0
2024-11-06,12.68000030517578,13.050000190734863,11.949999809265137,12.109999656677246,1456400.0,17637003.49998474,1.0
2024-11-07,12.289999961853027,12.899999618530272,11.899999618530272,12.020000457763672,1113800.0,13387876.509857178,1.0
2024-11-08,11.979999542236328,12.050000190734863,11.539999961853027,12.0,1151600.0,13819200.0,1.0
2024-11-11,12.199999809265137,12.600000381469728,11.880000114440918,12.550000190734863,863700.0,10839435.1647377,1.0
2024-11-12,12.210000038146973,12.350000381469728,11.729999542236328,12.0,830300.0,9963600.0,1.0
2024-11-13,11.9399995803833,12.100000381469728,11.5600004196167,11.729999542236328,1123200.0,13175135.485839844,1.0
2024-11-14,11.800000190734863,11.869999885559082,11.149999618530272,11.229999542236328,1175600.0,13201987.461853027,1.0
2024-11-15,11.079999923706056,11.34000015258789,10.68000030517578,10.779999732971191,1068200.0,11515195.714759829,1.0
2024-11-18,10.75,11.399999618530272,10.640000343322754,11.260000228881836,682000.0,7679320.156097412,1.0
2024-11-19,11.170000076293944,11.40999984741211,11.06999969482422,11.15999984741211,576000.0,6428159.912109375,1.0
2024-11-20,11.119999885559082,11.300000190734863,10.970000267028809,11.270000457763672,540300.0,6089181.247329712,1.0
2024-11-21,11.420000076293944,11.90999984741211,11.220000267028809,11.699999809265137,732800.0,8573759.860229492,1.0
2024-11-22,11.729999542236328,12.300000190734863,11.6899995803833,12.15999984741211,596300.0,7251007.909011841,1.0
2024-11-25,12.449999809265137,12.93000030517578,12.399999618530272,12.670000076293944,772400.0,9786308.058929443,1.0
2024-11-26,12.59000015258789,12.600000381469728,11.770000457763672,11.899999618530272,771200.0,9177279.705810549,1.0
2024-11-27,12.0,12.229999542236328,11.710000038146973,11.729999542236328,557100.0,6534782.744979858,1.0
2024-11-29,11.8100004196167,12.220000267028809,11.779999732971191,11.890000343322754,362000.0,4304180.124282837,1.0
2024-12-02,11.869999885559082,12.829999923706056,11.779999732971191,12.699999809265137,1048900.0,13321029.799938202,1.0
2024-12-03,12.579999923706056,12.59000015258789,12.1899995803833,12.220000267028809,645000.0,7881900.172233582,1.0
2024-12-04,12.390000343322754,12.550000190734863,12.100000381469728,12.119999885559082,527500.0,6393299.939632416,1.0
2024-12-05,12.020000457763672,12.140000343322754,11.170000076293944,11.18000030517578,1159300.0,12960974.353790283,1.0
2024-12-06,11.300000190734863,11.729999542236328,11.149999618530272,11.699999809265137,674900.0,7896329.871273041,1.0
2024-12-09,11.800000190734863,12.920000076293944,11.800000190734863,12.34000015258789,1195900.0,14757406.182479858,1.0
2024-12-10,12.399999618530272,12.550000190734863,11.869999885559082,12.109999656677246,721000.0,8731309.752464294,1.0
2024-12-11,12.329999923706056,12.550000190734863,11.890000343322754,11.890000343322754,824400.0,9802116.283035278,1.0
2024-12-12,11.65999984741211,11.789999961853027,11.31999969482422,11.579999923706056,756300.0,8757953.94229889,1.0
2024-12-13,11.510000228881836,11.850000381469728,11.390000343322754,11.529999732971191,521300.0,6010588.860797882,1.0
2024-12-16,14.050000190734863,15.050000190734863,12.619999885559082,14.489999771118164,7045200.0,102084946.38748167,1.0
2024-12-17,14.56999969482422,15.649999618530272,13.960000038146973,14.539999961853027,2886600.0,41971163.88988495,1.0
2024-12-18,14.59000015258789,15.579999923706056,13.31999969482422,13.65999984741211,2149500.0,29362169.67201233,1.0
2024-12-19,14.489999771118164,14.640000343322754,13.140000343322754,13.31999969482422,1221300.0,16267715.627288818,1.0
2024-12-20,13.0600004196167,14.630000114440918,13.020000457763672,14.25,1161400.0,16549950.0,1.0
2024-12-23,14.09000015258789,14.699999809265137,13.670000076293944,14.050000190734863,822000.0,11549100.156784058,1.0
2024-12-24,14.050000190734863,15.170000076293944,13.899999618530272,15.130000114440918,686600.0,10388258.078575134,1.0
2024-12-26,14.920000076293944,16.559999465942383,14.899999618530272,16.290000915527344,1679200.0,27354169.53735352,1.0
2024-12-27,16.299999237060547,16.540000915527344,15.460000038146973,16.510000228881836,1032500.0,17046575.236320496,1.0
2024-12-30,16.200000762939453,17.309999465942383,15.770000457763672,16.979999542236328,1401900.0,23804261.35826111,1.0
2024-12-31,17.079999923706055,17.399999618530273,16.420000076293945,16.6299991607666,1298600.0,21595716.91017151,1.0
2025-01-02,16.860000610351562,18.25,16.100000381469727,16.549999237060547,1555900.0,25750143.812942505,1.0
2025-01-03,16.59000015258789,17.450000762939453,16.100000381469727,17.270000457763672,934300.0,16135361.4276886,1.0
2025-01-06,17.780000686645508,18.149999618530277,16.649999618530273,16.850000381469727,1166900.0,19662265.445137024,1.0
2025-01-07,17.5,18.76000022888184,17.43000030517578,17.780000686645508,1974400.0,35104833.35571289,1.0
2025-01-08,17.100000381469727,17.190000534057617,15.59000015258789,16.459999084472656,1478600.0,24337754.64630127,1.0
2025-01-10,16.190000534057617,16.479999542236328,15.760000228881836,16.389999389648438,808200.0,13246397.506713867,1.0
2025-01-13,15.789999961853027,16.100000381469727,15.039999961853027,15.989999771118164,3258400.0,52101815.25421143,1.0
2025-01-14,12.399999618530272,13.100000381469728,11.300000190734863,11.65999984741211,5684600.0,66282435.13259888,1.0
2025-01-15,11.970000267028809,13.829999923706056,11.8100004196167,12.9399995803833,3028000.0,39182318.72940064,1.0
2025-01-16,13.220000267028809,13.380000114440918,12.130000114440918,12.170000076293944,1245100.0,15152867.094993591,1.0
2025-01-17,12.449999809265137,12.880000114440918,12.109999656677246,12.460000038146973,1032300.0,12862458.03937912,1.0
2025-01-21,12.550000190734863,13.710000038146973,12.300000190734863,13.220000267028809,1316200.0,17400164.351463318,1.0
2025-01-22,13.270000457763672,13.470000267028809,12.350000381469728,12.59000015258789,1234600.0,15543614.18838501,1.0
2025-01-23,12.210000038146973,12.68000030517578,12.0600004196167,12.479999542236328,821700.0,10254815.62385559,1.0
2025-01-24,12.5,12.920000076293944,12.3100004196167,12.40999984741211,626700.0,7777346.904373169,1.0
2025-01-27,12.010000228881836,12.100000381469728,11.529999732971191,11.880000114440918,1214000.0,14422320.138931274,1.0
2025-01-28,11.81999969482422,11.890000343322754,11.09000015258789,11.170000076293944,1493300.0,16680161.113929749,1.0
2025-01-29,11.300000190734863,11.369999885559082,10.739999771118164,10.81999969482422,1956400.0,21168247.4029541,1.0
2025-01-30,10.989999771118164,11.449999809265137,10.850000381469728,11.34000015258789,1213500.0,13761090.185165403,1.0
2025-01-31,11.359999656677246,11.899999618530272,11.210000038146973,11.329999923706056,611900.0,6932826.953315735,1.0
2025-02-03,10.789999961853027,11.0600004196167,10.649999618530272,10.770000457763672,750300.0,8080731.343460083,1.0
2025-02-04,10.800000190734863,11.34000015258789,10.779999732971191,11.09000015258789,716900.0,7950421.109390259,1.0
2025-02-05,11.09000015258789,11.279999732971191,10.93000030517578,11.0600004196167,450700.0,4984742.189121246,1.0
2025-02-06,11.0,11.369999885559082,10.859999656677246,10.970000267028809,664300.0,7287371.177387238,1.0
2025-02-07,10.93000030517578,11.149999618530272,10.600000381469728,10.779999732971191,610000.0,6575799.837112427,1.0
2025-02-10,10.84000015258789,10.970000267028809,10.68000030517578,10.699999809265137,427600.0,4575319.918441772,1.0
2025-02-11,10.550000190734863,10.869999885559082,10.289999961853027,10.289999961853027,701700.0,7220492.973232269,1.0
2025-02-12,10.149999618530272,10.550000190734863,10.0600004196167,10.229999542236328,733800.0,7506773.664093018,1.0
2025-02-13,10.25,10.520000457763672,10.0600004196167,10.5,754100.0,7918050.0,1.0
2025-02-14,10.5,10.760000228881836,10.40999984741211,10.720000267028809,695200.0,7452544.185638428,1.0
2025-02-18,10.890000343322754,11.800000190734863,10.81999969482422,11.609999656677246,885500.0,10280654.6959877,1.0
2025-02-19,11.760000228881836,12.8100004196167,11.75,12.470000267028809,1347900.0,16808313.35992813,1.0
2025-02-20,12.5,12.65999984741211,12.039999961853027,12.100000381469728,845600.0,10231760.3225708,1.0
2025-02-21,12.279999732971191,12.4399995803833,11.40999984741211,11.43000030517578,881700.0,10077831.269073486,1.0
2025-02-24,11.3100004196167,11.470000267028809,10.5,10.5,955700.0,10034850.0,1.0
2025-02-25,10.34000015258789,10.5,9.84000015258789,9.93000030517578,1171400.0,11632002.35748291,1.0
2025-02-26,10.100000381469728,10.550000190734863,9.960000038146973,10.029999732971191,890700.0,8933720.76215744,1.0
2025-02-27,10.100000381469728,10.210000038146973,9.670000076293944,9.6899995803833,807000.0,7819829.661369324,1.0
2025-02-28,9.59000015258789,9.699999809265137,9.300000190734863,9.640000343322754,744600.0,7177944.255638123,1.0
2025-03-03,9.829999923706056,10.0,8.829999923706055,8.850000381469727,1125700.0,9962445.429420471,1.0
2025-03-04,8.600000381469727,9.31999969482422,8.569999694824219,8.979999542236328,1027500.0,9226949.529647827,1.0
2025-03-05,9.100000381469728,9.529999732971191,9.0,9.479999542236328,496800.0,4709663.772583008,1.0
2025-03-06,9.229999542236328,9.5600004196167,8.699999809265137,8.829999923706055,1629300.0,14386718.875694277,1.0
2025-03-07,8.779999732971191,9.0600004196167,8.350000381469727,8.850000381469727,885900.0,7840215.337944031,1.0
2025-03-10,8.609999656677246,8.800000190734863,8.020000457763672,8.149999618530273,962100.0,7841114.632987976,1.0
2025-03-11,8.149999618530273,8.380000114440918,7.920000076293945,8.319999694824219,1010500.0,8407359.691619873,1.0
2025-03-12,8.529999732971191,8.880000114440918,8.180000305175781,8.880000114440918,937800.0,8327664.107322693,1.0
2025-03-13,8.979999542236328,9.56999969482422,8.550000190734863,8.779999732971191,1248700.0,10963585.666561129,1.0
2025-03-14,8.970000267028809,9.670000076293944,8.829999923706055,9.34000015258789,1412700.0,13194618.215560911,1.0
2025-03-17,9.289999961853027,9.81999969482422,9.18000030517578,9.770000457763672,595600.0,5819012.272644043,1.0
2025-03-18,9.65999984741211,9.68000030517578,9.06999969482422,9.359999656677246,956700.0,8954711.671543121,1.0
2025-03-19,9.359999656677246,9.399999618530272,9.06999969482422,9.119999885559082,594900.0,5425487.931919098,1.0
2025-03-20,9.0,9.270000457763672,8.920000076293945,8.960000038146973,463800.0,4155648.017692566,1.0
2025-03-21,8.699999809265137,8.989999771118164,8.6899995803833,8.899999618530273,671600.0,5977239.743804932,1.0
2025-03-24,9.18000030517578,9.369999885559082,9.020000457763672,9.0600004196167,511600.0,4635096.214675903,1.0
2025-03-25,9.020000457763672,9.170000076293944,8.850000381469727,9.029999732971191,446400.0,4030991.88079834,1.0
2025-03-26,9.029999732971191,9.109999656677246,8.729999542236328,8.890000343322754,541000.0,4809490.18573761,1.0
2025-03-27,8.800000190734863,8.9399995803833,8.569999694824219,8.600000381469727,417800.0,3593080.159378052,1.0
2025-03-28,8.5,8.510000228881836,7.820000171661377,7.880000114440918,724500.0,5709060.082912445,1.0
2025-03-31,7.650000095367432,7.670000076293945,7.079999923706055,7.289999961853027,1372900.0,10008440.94762802,1.0
2025-04-01,7.309999942779541,7.849999904632568,7.25,7.849999904632568,709900.0,5572714.93229866,1.0
2025-04-02,7.599999904632568,8.09000015258789,7.590000152587891,7.840000152587891,867700.0,6802768.132400513,1.0
2025-04-03,7.230000019073486,7.449999809265137,6.840000152587891,6.849999904632568,954500.0,6538324.9089717865,1.0
2025-04-04,6.619999885559082,7.360000133514404,6.269999980926514,7.260000228881836,1234500.0,8962470.282554626,1.0
2025-04-07,6.800000190734863,7.75,6.610000133514404,7.21999979019165,1516100.0,10946241.68190956,1.0
2025-04-08,7.519999980926514,7.639999866485596,6.579999923706055,6.78000020980835,1517700.0,10290006.318426132,1.0
2025-04-09,7.010000228881836,8.850000381469727,6.900000095367432,8.760000228881836,3682100.0,32255196.842765808,1.0
2025-04-10,8.239999771118164,8.430000305175781,7.880000114440918,8.130000114440918,1566200.0,12733206.179237366,1.0
2025-04-11,8.130000114440918,8.59000015258789,7.800000190734863,8.520000457763672,604700.0,5152044.276809692,1.0
2025-04-14,8.770000457763672,8.84000015258789,8.130000114440918,8.300000190734863,622800.0,5169240.118789673,1.0
2025-04-15,8.25,8.5600004196167,8.210000038146973,8.539999961853027,486200.0,4152147.981452942,1.0
2025-04-16,8.289999961853027,8.449999809265137,7.940000057220459,8.15999984741211,543900.0,4438223.917007446,1.0
2025-04-17,8.199999809265137,8.359999656677246,7.920000076293945,8.09000015258789,271300.0,2194817.0413970947,1.0
2025-04-21,8.0,8.050000190734863,7.710000038146973,7.960000038146973,300000.0,2388000.011444092,1.0
2025-04-22,8.020000457763672,8.369999885559082,8.020000457763672,8.300000190734863,358900.0,2978870.0684547424,1.0
2025-04-23,8.529999732971191,8.869999885559082,8.100000381469727,8.119999885559082,790200.0,6416423.909568787,1.0
2025-04-24,8.279999732971191,8.75,8.239999771118164,8.6899995803833,416800.0,3621991.82510376,1.0
2025-04-25,8.619999885559082,8.890000343322754,8.510000228881836,8.760000228881836,301400.0,2640264.0689849854,1.0
2025-04-28,8.800000190734863,8.880000114440918,8.4399995803833,8.699999809265137,338500.0,2944949.935436249,1.0
2025-04-29,8.649999618530273,8.739999771118164,8.34000015258789,8.34000015258789,281900.0,2351046.0430145264,1.0
2025-04-30,8.199999809265137,8.569999694824219,8.0600004196167,8.529999732971191,428800.0,3657663.885498047,1.0
2025-05-01,8.670000076293945,8.75,8.34000015258789,8.359999656677246,342500.0,2863299.882411957,1.0
2025-05-02,8.489999771118164,8.979999542236328,8.420000076293945,8.710000038146973,393400.0,3426514.015007019,1.0
2025-05-05,8.6899995803833,8.819999694824219,8.210000038146973,8.260000228881836,402700.0,3326302.092170716,1.0
2025-05-06,8.100000381469727,8.25,8.020000457763672,8.1899995803833,222000.0,1818179.9068450928,1.0
2025-05-07,8.170000076293945,8.359999656677246,8.0600004196167,8.359999656677246,220200.0,1840871.9244003296,1.0
2025-05-08,8.449999809265137,8.640000343322754,8.270000457763672,8.430000305175781,309000.0,2604870.0942993164,1.0
2025-05-09,8.430000305175781,8.619999885559082,8.170000076293945,8.449999809265137,238900.0,2018704.9544334407,1.0
2025-05-12,8.970000267028809,9.329999923706056,8.829999923706055,9.109999656677246,581700.0,5299286.800289154,1.0
2025-05-13,9.15999984741211,9.34000015258789,8.949999809265137,9.25,501200.0,4636100.0,1.0
2025-05-14,9.390000343322754,9.59000015258789,9.25,9.390000343322754,603500.0,5666865.207195282,1.0
2025-05-15,9.239999771118164,9.350000381469728,9.0600004196167,9.289999961853027,301500.0,2800934.988498688,1.0
2025-05-16,9.279999732971191,9.550000190734863,9.130000114440918,9.289999961853027,493400.0,4583685.981178284,1.0
2025-05-19,9.079999923706056,9.149999618530272,8.920000076293945,9.039999961853027,371600.0,3359263.985824585,1.0
2025-05-20,9.039999961853027,9.140000343322754,8.829999923706055,8.9399995803833,273300.0,2443301.885318756,1.0
2025-05-21,8.800000190734863,8.960000038146973,8.3100004196167,8.470000267028809,460100.0,3897047.122859955,1.0
2025-05-22,8.489999771118164,9.0,8.430000305175781,8.829999923706055,467700.0,4129790.964317322,1.0
2025-05-23,8.5600004196167,9.020000457763672,8.529999732971191,8.850000381469727,371200.0,3285120.1416015625,1.0
2025-05-27,9.15999984741211,10.140000343322754,9.140000343322754,9.899999618530272,1391400.0,13774859.469223022,1.0
2025-05-28,9.949999809265137,10.449999809265137,9.859999656677246,10.0600004196167,1013800.0,10198828.42540741,1.0
2025-05-29,10.40999984741211,10.449999809265137,9.829999923706056,9.960000038146973,531300.0,5291748.020267487,1.0
2025-05-30,9.800000190734863,9.81999969482422,9.380000114440918,9.539999961853027,444500.0,4240529.983043671,1.0
2025-06-02,9.520000457763672,9.6899995803833,9.380000114440918,9.65999984741211,296500.0,2864189.9547576904,1.0
2025-06-03,9.760000228881836,10.270000457763672,9.449999809265137,10.239999771118164,444600.0,4552703.898239136,1.0
2025-06-04,10.350000381469728,11.84000015258789,10.270000457763672,11.6899995803833,1911500.0,22345434.19790268,1.0
2025-06-05,11.710000038146973,11.859999656677246,11.0,11.0600004196167,1069600.0,11829776.44882202,1.0
2025-06-06,11.390000343322754,11.59000015258789,11.079999923706056,11.34000015258789,649600.0,7366464.099121094,1.0
2025-06-09,11.600000381469728,12.510000228881836,11.579999923706056,11.779999732971191,1288400.0,15177351.655960085,1.0
2025-06-10,11.989999771118164,12.609999656677246,11.859999656677246,12.210000038146973,959500.0,11715495.03660202,1.0
2025-06-11,12.34000015258789,12.40999984741211,11.529999732971191,11.640000343322754,1704700.0,19842708.5852623,1.0
2025-06-12,11.520000457763672,12.369999885559082,11.390000343322754,11.920000076293944,1101600.0,13131072.08404541,1.0
2025-06-13,11.539999961853027,11.699999809265137,11.0600004196167,11.31999969482422,859700.0,9731803.73764038,1.0
2025-06-16,11.699999809265137,12.149999618530272,11.600000381469728,11.779999732971191,855600.0,10078967.771530151,1.0
2025-06-17,11.760000228881836,12.119999885559082,11.31999969482422,11.350000381469728,762300.0,8652105.290794373,1.0
2025-06-18,11.350000381469728,11.869999885559082,11.199999809265137,11.510000228881836,650300.0,7484953.148841858,1.0
2025-06-20,11.649999618530272,11.65999984741211,10.890000343322754,11.149999618530272,684100.0,7627714.73903656,1.0
2025-06-23,11.100000381469728,11.40999984741211,10.890000343322754,11.25,619100.0,6964875.0,1.0
2025-06-24,11.510000228881836,12.06999969482422,11.510000228881836,11.970000267028809,816100.0,9768717.21792221,1.0
2025-06-25,12.210000038146973,12.260000228881836,11.609999656677246,11.670000076293944,583000.0,6803610.04447937,1.0
2025-06-26,11.800000190734863,13.039999961853027,11.760000228881836,12.75,1759600.0,22434900.0,1.0
2025-06-27,13.210000038146973,13.380000114440918,11.989999771118164,12.520000457763672,1916300.0,23992076.877212524,1.0
2025-06-30,12.850000381469728,13.470000267028809,12.75,12.93000030517578,1633000.0,21114690.49835205,1.0
2025-07-01,12.65999984741211,14.350000381469728,12.449999809265137,14.109999656677246,2636100.0,37195370.09496689,1.0
2025-07-02,14.550000190734863,15.130000114440918,14.25,15.130000114440918,2852500.0,43158325.32644272,1.0
2025-07-03,15.600000381469728,15.869999885559082,15.079999923706056,15.600000381469728,1630100.0,25429560.6218338,1.0
2025-07-07,15.420000076293944,15.550000190734863,14.579999923706056,14.81999969482422,2219700.0,32895953.32260132,1.0
2025-07-08,15.220000267028809,16.170000076293945,14.760000228881836,15.170000076293944,4616300.0,70029271.35219574,1.0
2025-07-09,12.4399995803833,13.989999771118164,12.1899995803833,13.289999961853027,6628800.0,88096751.74713135,1.0
2025-07-10,13.300000190734863,15.149999618530272,13.15999984741211,14.59000015258789,2573100.0,37541529.3926239,1.0
2025-07-11,14.479999542236328,14.760000228881836,14.050000190734863,14.109999656677246,1301100.0,18358520.553302765,1.0
2025-07-14,13.68000030517578,13.989999771118164,12.93000030517578,13.859999656677246,1355800.0,18791387.53452301,1.0
2025-07-15,14.09000015258789,14.640000343322754,14.029999732971191,14.050000190734863,1211600.0,17022980.23109436,1.0
2025-07-16,14.050000190734863,14.789999961853027,14.010000228881836,14.779999732971191,887400.0,13115771.763038635,1.0
2025-07-17,14.779999732971191,15.6899995803833,14.720000267028809,15.479999542236328,1058600.0,16387127.515411375,1.0
2025-07-18,15.65999984741211,15.81999969482422,14.989999771118164,15.06999969482422,856200.0,12902933.738708496,1.0
2025-07-21,15.039999961853027,16.770000457763672,15.039999961853027,16.450000762939453,1614000.0,26550301.23138428,1.0
2025-07-22,19.25,21.81999969482422,19.059999465942383,20.100000381469727,6844100.0,137566412.61081696,1.0
2025-07-23,20.059999465942383,23.0,19.989999771118164,22.18000030517578,3237200.0,71801096.98791504,1.0
2025-07-24,22.18000030517578,22.18000030517578,20.8799991607666,21.31999969482422,1442100.0,30745571.55990601,1.0
2025-07-25,21.200000762939453,21.959999084472656,20.799999237060547,21.739999771118164,919100.0,19981233.789634705,1.0
2025-07-28,21.989999771118164,22.489999771118164,20.6299991607666,20.90999984741211,1052600.0,22009865.839385983,1.0
2025-07-29,21.0,21.38999938964844,18.61000061035156,18.780000686645508,1708000.0,32076241.172790527,1.0
2025-07-30,18.739999771118164,18.899999618530277,17.559999465942383,17.84000015258789,1136000.0,20266240.173339844,1.0
2025-07-31,17.6200008392334,18.34000015258789,16.81999969482422,16.899999618530273,1293300.0,21856769.506645203,1.0
2025-08-01,16.25,17.25,15.9399995803833,16.84000015258789,1166500.0,19643860.17799377,1.0
2025-08-04,17.579999923706055,19.1299991607666,17.450000762939453,19.030000686645508,1375400.0,26173862.94441223,1.0
2025-08-05,19.100000381469727,19.51000022888184,18.010000228881836,18.479999542236328,782100.0,14453207.641983032,1.0
2025-08-06,18.229999542236328,18.32999992370605,17.6299991607666,18.18000030517578,521700.0,9484506.159210203,1.0
2025-08-07,18.8700008392334,19.489999771118164,18.670000076293945,18.809999465942383,705200.0,13264811.623382568,1.0
2025-08-08,18.90999984741211,19.25,17.780000686645508,18.200000762939453,994600.0,18101720.75881958,1.0
2025-08-11,18.209999084472656,18.479999542236328,17.280000686645508,17.479999542236328,798200.0,13952535.634613035,1.0
2025-08-12,17.719999313354492,19.59000015258789,17.469999313354492,19.450000762939453,990800.0,19271060.75592041,1.0
2025-08-13,19.86000061035156,20.75,19.559999465942383,20.15999984741211,1225800.0,24712127.812957764,1.0
2025-08-14,19.399999618530277,19.799999237060547,18.229999542236328,18.86000061035156,1352900.0,25515694.82574463,1.0
2025-08-15,18.670000076293945,18.90999984741211,17.329999923706055,18.309999465942383,1198500.0,21944534.359931946,1.0
2025-08-18,18.290000915527344,19.59000015258789,18.200000762939453,19.38999938964844,1339500.0,25972904.18243408,1.0
2025-08-19,19.31999969482422,19.82999992370605,17.040000915527344,17.59000015258789,1850500.0,32550295.28236389,1.0
2025-08-20,17.43000030517578,17.559999465942383,16.3799991607666,17.3799991607666,1076000.0,18700879.096984863,1.0
2025-08-21,17.100000381469727,17.979999542236328,17.040000915527344,17.65999984741211,1146400.0,20245423.82507324,1.0
2025-08-22,17.690000534057617,18.540000915527344,17.329999923706055,18.100000381469727,1510600.0,27341860.57624817,1.0
2025-08-25,21.06999969482422,25.770000457763672,21.0,24.59000015258789,10612000.0,260949081.6192627,1.0
2025-08-26,26.0,26.43000030517578,24.799999237060547,25.88999938964844,4148500.0,107404662.46795654,1.0
2025-08-27,25.1299991607666,25.26000022888184,23.540000915527344,24.299999237060547,2129600.0,51749278.37524414,1.0
2025-08-28,24.040000915527344,27.51000022888184,24.040000915527344,27.049999237060547,3199700.0,86551882.55882263,1.0
2025-08-29,26.799999237060547,26.850000381469727,24.649999618530277,24.950000762939453,1763000.0,43986851.345062256,1.0
2025-09-02,23.549999237060547,25.0,22.8799991607666,24.8799991607666,1620200.0,40310574.64027405,1.0
2025-09-03,25.07999992370605,25.489999771118164,24.25,24.520000457763672,913500.0,22399020.418167114,1.0
2025-09-04,24.299999237060547,26.5,23.90999984741211,26.290000915527344,1381000.0,36306491.26434326,1.0
2025-09-05,26.850000381469727,27.07999992370605,25.309999465942383,25.559999465942383,968200.0,24747191.48292541,1.0
2025-09-08,26.059999465942383,26.290000915527344,24.63999938964844,25.190000534057617,923000.0,23250370.49293518,1.0
2025-09-09,25.229999542236328,26.950000762939453,24.280000686645508,26.82999992370605,1505600.0,40395247.88513184,1.0
2025-09-10,27.40999984741211,27.739999771118164,26.01000022888184,26.399999618530277,1065800.0,28137119.593429565,1.0
2025-09-11,26.520000457763672,28.40999984741211,26.420000076293945,26.56999969482422,1626000.0,43202819.50378418,1.0
2025-09-12,26.51000022888184,27.229999542236328,25.59000015258789,26.46999931335449,1026200.0,27163513.29536438,1.0
2025-09-15,26.940000534057617,28.799999237060547,26.229999542236328,28.780000686645508,1486400.0,42778593.02062988,1.0
2025-09-16,28.8799991607666,29.0,26.600000381469727,28.51000022888184,1431500.0,40812065.32764435,1.0
2025-09-17,28.270000457763672,29.25,27.209999084472656,28.32999992370605,1215300.0,34429448.90727997,1.0
2025-09-18,29.25,31.649999618530277,28.799999237060547,30.56999969482422,2301100.0,70344626.29776001,1.0
2025-09-19,30.420000076293945,31.200000762939453,29.90999984741211,29.950000762939453,1361700.0,40782916.03889465,1.0
2025-09-22,29.559999465942383,32.630001068115234,29.36000061035156,32.529998779296875,1881300.0,61198686.70349121,1.0
2025-09-23,32.90999984741211,34.099998474121094,32.220001220703125,33.630001068115234,1929100.0,64875635.0605011,1.0
2025-09-24,33.84000015258789,33.869998931884766,31.75,32.2400016784668,1527900.0,49259498.56452942,1.0
2025-09-25,30.940000534057617,31.479999542236328,30.13999938964844,30.8799991607666,1623000.0,50118238.637924194,1.0
2025-09-26,30.920000076293945,31.450000762939453,28.549999237060547,30.190000534057617,1936900.0,58475012.0344162,1.0
2025-09-29,31.0,32.08000183105469,29.6200008392334,30.450000762939453,1581500.0,48156676.206588745,1.0
2025-09-30,30.40999984741211,30.940000534057617,29.40999984741211,30.11000061035156,1740100.0,52394412.062072754,1.0
2025-10-01,30.020000457763672,33.45000076293945,30.020000457763672,33.25,1797100.0,59753575.0,1.0
2025-10-02,33.95000076293945,34.349998474121094,32.119998931884766,32.25,1406400.0,45356400.0,1.0
2025-10-03,32.31999969482422,32.66999816894531,30.809999465942383,31.020000457763672,1561000.0,48422220.71456909,1.0
2025-10-06,30.51000022888184,32.54999923706055,29.76000022888184,31.649999618530277,3273000.0,103590448.75144958,1.0
2025-10-07,25.549999237060547,26.290000915527344,22.920000076293945,26.149999618530277,8444200.0,220815826.7787933,1.0
2025-10-08,25.729999542236328,26.850000381469727,25.21999931335449,25.850000381469727,2367000.0,61186950.90293884,1.0
2025-10-09,25.200000762939453,25.96999931335449,24.399999618530277,25.149999618530277,1883700.0,47375054.28142548,1.0
2025-10-10,25.040000915527344,25.76000022888184,23.440000534057617,23.489999771118164,2053100.0,48227318.5300827,1.0
2025-10-13,24.61000061035156,25.549999237060547,23.489999771118164,25.520000457763672,1480500.0,37782360.67771912,1.0
2025-10-14,24.65999984741211,27.979999542236328,23.75,27.290000915527344,1840000.0,50213601.68457031,1.0
2025-10-15,27.93000030517578,29.459999084472656,27.700000762939453,29.25,1782100.0,52126425.0,1.0
2025-10-16,29.700000762939453,29.709999084472656,26.670000076293945,26.709999084472656,1446800.0,38644026.67541504,1.0
2025-10-17,26.209999084472656,26.82999992370605,24.56999969482422,24.76000022888184,1606000.0,39764560.36758423,1.0
2025-10-20,25.90999984741211,28.8700008392334,25.76000022888184,28.799999237060547,2638800.0,75997437.98675537,1.0
2025-10-21,28.21999931335449,28.280000686645508,25.770000457763672,25.920000076293945,1777500.0,46072800.13561249,1.0
2025-10-22,25.049999237060547,25.65999984741211,22.61000061035156,23.68000030517578,1902100.0,45041728.58047485,1.0
2025-10-23,23.51000022888184,25.34000015258789,23.049999237060547,25.09000015258789,1383600.0,34714524.211120605,1.0
2025-10-24,25.809999465942383,26.0,24.899999618530277,24.96999931335449,1155800.0,28860325.20637512,1.0
2025-10-27,25.420000076293945,25.5,24.270000457763672,25.13999938964844,1247400.0,31359635.23864746,1.0
2025-10-28,25.299999237060547,26.309999465942383,24.850000381469727,25.09000015258789,1097300.0,27531257.16743469,1.0
2025-10-29,25.75,28.100000381469727,25.11000061035156,27.0,1635600.0,44161200.0,1.0
2025-10-30,26.399999618530277,26.540000915527344,24.93000030517578,25.100000381469727,1173400.0,29452340.447616577,1.0
2025-10-31,25.3799991607666,26.280000686645508,25.309999465942383,25.989999771118164,1070600.0,27824893.754959103,1.0
2025-11-03,26.56999969482422,27.0,25.6200008392334,26.0,1317900.0,34265400.0,1.0
2025-11-04,24.61000061035156,25.979999542236328,23.799999237060547,24.799999237060547,1474400.0,36565118.87512207,1.0
2025-11-05,25.209999084472656,26.059999465942383,24.950000762939453,25.729999542236328,1130000.0,29074899.48272705,1.0
2025-11-06,25.350000381469727,25.43000030517578,23.1299991607666,23.690000534057617,992600.0,23514694.53010559,1.0
2025-11-07,23.01000022888184,24.479999542236328,22.65999984741211,24.479999542236328,803200.0,19662335.63232422,1.0
2025-11-10,25.09000015258789,25.489999771118164,24.059999465942383,24.59000015258789,844100.0,20756419.12879944,1.0
2025-11-11,24.040000915527344,24.11000061035156,22.76000022888184,23.15999984741211,788200.0,18254711.879730225,1.0
2025-11-12,23.82999992370605,23.899999618530277,22.26000022888184,23.21999931335449,881700.0,20473073.394584656,1.0
2025-11-13,22.8700008392334,23.0,20.68000030517578,20.739999771118164,945600.0,19611743.783569336,1.0
2025-11-14,19.280000686645508,21.63999938964844,19.270000457763672,20.34000015258789,1286500.0,26167410.19630432,1.0
2025-11-17,20.1200008392334,20.670000076293945,19.809999465942383,20.06999969482422,616000.0,12363119.81201172,1.0
2025-11-18,19.51000022888184,20.3700008392334,19.25,19.739999771118164,788300.0,15561041.819572449,1.0
2025-11-19,19.8799991607666,20.559999465942383,19.63999938964844,19.86000061035156,656500.0,13038090.4006958,1.0
2025-11-20,21.149999618530277,21.43000030517578,19.270000457763672,19.399999618530277,742800.0,14410319.716644287,1.0
2025-11-21,19.229999542236328,20.559999465942383,18.700000762939453,20.270000457763672,927800.0,18806506.42471313,1.0
2025-11-24,20.31999969482422,21.100000381469727,20.25,20.8700008392334,1027000.0,21433490.8618927,1.0
2025-11-25,20.59000015258789,21.690000534057617,20.1200008392334,21.5,645900.0,13886850.0,1.0
2025-11-26,21.670000076293945,23.15999984741211,21.229999542236328,22.88999938964844,724400.0,16581515.557861328,1.0
2025-11-28,23.299999237060547,23.36000061035156,22.799999237060547,22.96999931335449,336700.0,7733998.7688064575,1.0
2025-12-01,22.31999969482422,23.40999984741211,21.959999084472656,22.530000686645508,606100.0,13655433.416175842,1.0
2025-12-02,22.770000457763672,23.1299991607666,22.200000762939453,22.459999084472656,506600.0,11378235.536193848,1.0
2025-12-03,22.600000381469727,25.1299991607666,22.21999931335449,24.76000022888184,759000.0,18792840.173721317,1.0
2025-12-04,24.450000762939453,25.8799991607666,24.32999992370605,25.5,586300.0,14950650.0,1.0
2025-12-05,25.61000061035156,25.75,24.68000030517578,24.739999771118164,398700.0,9863837.908744812,1.0
2025-12-08,25.049999237060547,25.13999938964844,22.600000381469727,23.8700008392334,771300.0,18410931.64730072,1.0
2025-12-09,23.489999771118164,24.75,23.1200008392334,24.520000457763672,346800.0,8503536.158752441,1.0
2025-12-10,24.3799991607666,25.850000381469727,24.15999984741211,25.84000015258789,633100.0,16359304.096603394,1.0
2025-12-11,25.530000686645508,26.530000686645508,24.65999984741211,26.43000030517578,531200.0,14039616.162109377,1.0
2025-12-12,26.13999938964844,26.200000762939453,24.26000022888184,24.479999542236328,476800.0,11672063.78173828,1.0
2025-12-15,24.65999984741211,24.65999984741211,22.649999618530277,22.920000076293945,686400.0,15732288.052368164,1.0
2025-12-16,22.450000762939453,23.309999465942383,21.6200008392334,21.899999618530277,656100.0,14368589.749717712,1.0
2025-12-17,22.709999084472656,22.979999542236328,21.34000015258789,21.489999771118164,562900.0,12096720.871162416,1.0
2025-12-18,22.479999542236328,22.88999938964844,21.450000762939453,21.46999931335449,427100.0,9169836.706733704,1.0
2025-12-19,21.479999542236328,22.489999771118164,21.479999542236328,21.809999465942383,571600.0,12466595.694732666,1.0
2025-12-22,22.489999771118164,23.200000762939453,21.959999084472656,22.61000061035156,493300.0,11153513.301086426,1.0
2025-12-23,22.15999984741211,22.84000015258789,21.899999618530277,22.770000457763672,318700.0,7256799.145889282,1.0
2025-12-24,22.31999969482422,22.65999984741211,21.71999931335449,22.06999969482422,317500.0,7007224.903106689,1.0
2025-12-26,22.13999938964844,22.13999938964844,21.01000022888184,21.459999084472656,347900.0,7465933.681488037,1.0
2025-12-29,21.059999465942383,21.270000457763672,20.239999771118164,20.36000061035156,523500.0,10658460.319519045,1.0
2025-12-30,20.600000381469727,20.81999969482422,20.299999237060547,20.34000015258789,497400.0,10117116.075897217,1.0
2025-12-31,20.450000762939453,20.950000762939453,19.899999618530277,20.190000534057617,880500.0,17777295.470237732,1.0
2026-01-02,21.020000457763672,22.290000915527344,20.989999771118164,22.15999984741211,645800.0,14310927.90145874,1.0
2026-01-05,22.700000762939453,23.950000762939453,22.59000015258789,23.489999771118164,726000.0,17053739.833831787,1.0
2026-01-06,24.31999969482422,25.059999465942383,24.059999465942383,24.729999542236328,802400.0,19843351.63269043,1.0
2026-01-07,24.229999542236328,24.93000030517578,23.75,24.18000030517578,643800.0,15567084.196472168,1.0
2026-01-08,23.8700008392334,24.07999992370605,22.40999984741211,22.700000762939453,1745800.0,39629661.3319397,1.0
2026-01-09,23.899999618530277,26.420000076293945,21.239999771118164,26.31999969482422,3387100.0,89148470.96633911,1.0
2026-01-12,26.020000457763672,28.799999237060547,25.90999984741211,26.350000381469727,1665700.0,43891195.63541412,1.0
2026-01-13,26.6299991607666,28.40999984741211,26.0,26.809999465942383,1839100.0,49306270.01781464,1.0
2026-01-14,26.76000022888184,28.5,25.530000686645508,25.96999931335449,1479500.0,38422613.98410797,1.0
2026-01-15,27.43000030517578,28.200000762939453,26.399999618530277,26.530000686645508,942700.0,25009831.64730072,1.0
2026-01-16,27.350000381469727,29.40999984741211,26.13999938964844,28.809999465942383,1566200.0,45122221.16355896,1.0
2026-01-20,27.350000381469727,29.93000030517578,27.01000022888184,29.059999465942383,1470000.0,42718199.2149353,1.0
2026-01-21,29.979999542236328,30.399999618530277,27.059999465942383,29.200000762939453,1241400.0,36248880.94711304,1.0
2026-01-22,30.450000762939453,31.84000015258789,29.709999084472656,30.90999984741211,1648700.0,50961316.748428345,1.0
2026-01-23,30.770000457763672,30.8700008392334,27.600000381469727,28.040000915527344,1227900.0,34430317.124176025,1.0
2026-01-26,27.81999969482422,28.299999237060547,26.520000457763672,26.780000686645508,823200.0,22045296.565246586,1.0
2026-01-27,27.040000915527344,27.770000457763672,26.11000061035156,27.75,1173300.0,32559075.0,1.0
2026-01-28,28.11000061035156,30.600000381469727,27.239999771118164,27.979999542236328,1206800.0,33766263.4475708,1.0
2026-01-29,27.950000762939453,28.149999618530277,25.709999084472656,26.8799991607666,993000.0,26691839.166641235,1.0
2026-01-30,26.36000061035156,28.34000015258789,25.040000915527344,25.63999938964844,965200.0,24747727.410888672,1.0
2026-02-02,25.020000457763672,26.76000022888184,24.6299991607666,26.059999465942383,841600.0,21932095.55053711,1.0
2026-02-03,27.0,28.309999465942383,25.559999465942383,27.190000534057617,967400.0,26303606.51664734,1.0
2026-02-04,27.149999618530277,27.149999618530277,23.149999618530277,23.82999992370605,1211600.0,28872427.907562256,1.0
2026-02-05,23.280000686645508,25.399999618530277,22.65999984741211,23.0,908200.0,20888600.0,1.0
2026-02-06,23.989999771118164,26.6299991607666,23.799999237060547,26.38999938964844,843200.0,22252047.48535156,1.0
2026-02-09,26.309999465942383,27.979999542236328,25.57999992370605,27.59000015258789,578200.0,15952538.088226318,1.0
2026-02-10,27.549999237060547,27.75,26.56999969482422,26.82999992370605,517100.0,13873792.9605484,1.0
2026-02-11,31.809999465942383,37.4900016784668,31.700000762939453,33.849998474121094,5020900.0,169957457.3387146,1.0
2026-02-12,33.150001525878906,33.150001525878906,27.6299991607666,27.88999938964844,3450900.0,96245598.8937378,1.0
2026-02-13,27.90999984741211,30.299999237060547,27.600000381469727,28.84000015258789,1380500.0,39813620.21064758,1.0
2026-02-17,28.5,29.649999618530277,26.0,28.489999771118164,1251400.0,35652385.71357727,1.0
2026-02-18,28.209999084472656,30.11000061035156,27.770000457763672,29.01000022888184,815300.0,23651853.18660736,1.0
2026-02-19,28.690000534057617,30.38999938964844,28.100000381469727,30.270000457763672,615300.0,18625131.281661987,1.0
2026-02-20,30.040000915527344,33.66999816894531,29.920000076293945,33.599998474121094,1384500.0,46519197.887420654,1.0
2026-02-23,33.470001220703125,37.18000030517578,33.189998626708984,34.31999969482422,1751700.0,60118343.465423584,1.0
2026-02-24,34.5,40.0,34.41999816894531,39.22999954223633,2580100.0,101217321.81892397,1.0
2026-02-25,39.66999816894531,41.75,39.40999984741211,41.47999954223633,1821900.0,75572411.16600037,1.0
2026-02-26,43.0,43.130001068115234,37.29999923706055,39.79999923706055,2511700.0,99965658.08372498,1.0
2026-02-27,38.25,39.77000045776367,36.52000045776367,37.43000030517578,1275900.0,47756937.38937378,1.0
2026-03-02,38.93000030517578,44.540000915527344,38.91999816894531,44.02999877929688,2723400.0,119911298.67553712,1.0
2026-03-03,40.900001525878906,44.959999084472656,38.75,41.63999938964844,3517000.0,146447877.85339355,1.0
2026-03-04,44.040000915527344,46.95000076293945,40.619998931884766,42.65999984741211,2590300.0,110502197.6047516,1.0
2026-03-05,41.34000015258789,43.380001068115234,38.880001068115234,40.4900016784668,1771900.0,71744233.97407532,1.0
2026-03-06,38.93000030517578,40.77999877929688,35.16999816894531,35.61000061035156,1562100.0,55626381.953430176,1.0
2026-03-09,35.0,40.93000030517578,34.79999923706055,40.880001068115234,1640400.0,67059553.75213623,1.0
2026-03-10,40.08000183105469,45.75,40.08000183105469,41.959999084472656,2265100.0,95043593.926239,1.0
2026-03-11,42.0,45.20000076293945,41.0099983215332,42.45000076293945,1299100.0,55146795.99113464,1.0
2026-03-12,41.27000045776367,41.470001220703125,37.40999984741211,37.650001525878906,1478300.0,55657997.25570679,1.0
2026-03-13,38.38999938964844,39.970001220703125,34.630001068115234,35.66999816894531,1591800.0,56779503.08532715,1.0
2026-03-16,38.0,39.31999969482422,36.880001068115234,37.47999954223633,1273300.0,47723283.41712952,1.0
2026-03-17,36.91999816894531,38.41999816894531,36.400001525878906,37.09000015258789,944200.0,35020378.14407349,1.0
2026-03-18,37.65999984741211,38.38999938964844,35.529998779296875,36.310001373291016,1099900.0,39937370.51048279,1.0
2026-03-19,34.900001525878906,37.9900016784668,33.75,37.7599983215332,1473900.0,55654461.52610779,1.0
2026-03-20,37.720001220703125,37.810001373291016,33.400001525878906,34.52000045776367,1758700.0,60710324.80506897,1.0
2026-03-23,36.2599983215332,37.79999923706055,33.689998626708984,37.150001525878906,1757700.0,65298557.68203735,1.0
2026-03-24,36.22999954223633,40.0,36.0099983215332,39.18999862670898,1442100.0,56515897.01957703,1.0
2026-03-25,40.15999984741211,41.09000015258789,38.290000915527344,39.02999877929688,1152100.0,44966461.59362793,1.0
2026-03-26,37.25,37.7400016784668,34.560001373291016,34.56999969482422,1262100.0,43630796.61483765,1.0
2026-03-27,34.31999969482422,35.18000030517578,32.18000030517578,32.52000045776367,1460400.0,47492208.66851807,1.0
2026-03-30,33.790000915527344,33.900001525878906,29.1299991607666,30.1200008392334,1526700.0,45984205.28125763,1.0
2026-03-31,33.5099983215332,37.52000045776367,33.0,37.08000183105469,3326400.0,123342918.09082033,1.0
2026-04-01,38.20000076293945,40.72999954223633,37.72999954223633,39.59999847412109,3123600.0,123694555.23376463,1.0
2026-04-02,36.22999954223633,44.5,35.650001525878906,44.31999969482422,3642100.0,161417870.8885193,1.0
2026-04-06,45.29999923706055,52.619998931884766,44.810001373291016,52.15999984741211,7925100.0,413373214.7907257,1.0
2026-04-07,49.41999816894531,53.09999847412109,48.70000076293945,50.25,5751900.0,289032975.0,1.0
2026-04-08,57.34999847412109,66.27999877929688,54.88999938964844,63.15999984741211,10804600.0,682418534.3513489,1.0
2026-04-09,62.4900016784668,70.26000213623047,62.0,68.86000061035156,7251600.0,499345180.4260254,1.0
2026-04-10,70.18000030517578,72.5,65.5999984741211,70.43000030517578,5272900.0,371370348.6091614,1.0
2026-04-13,68.98999786376953,74.52999877929688,68.69000244140625,71.66000366210938,3390200.0,242941744.4152832,1.0
2026-04-14,73.11000061035156,74.72000122070312,68.5,74.37999725341797,2723300.0,202559046.52023315,1.0
2026-04-15,73.08000183105469,75.87999725341797,69.58000183105469,73.22000122070312,2668900.0,195416861.25793457,1.0
2026-04-16,84.66000366210938,91.43000030517578,80.61000061035156,80.8499984741211,8441000.0,682454837.1200562,1.0
2026-04-17,84.2699966430664,85.01000213623047,79.12000274658203,83.86000061035156,3903600.0,327355898.3825684,1.0
2026-04-20,84.33999633789062,92.1999969482422,82.55000305175781,90.1500015258789,3963800.0,357336576.0482788,1.0
2026-04-21,90.1999969482422,99.66999816894533,89.08999633789062,93.72000122070312,4837700.0,453389249.9053955,1.0
2026-04-22,96.4000015258789,101.98999786376952,91.5999984741211,97.36000061035156,3710300.0,361234810.2645874,1.0
2026-04-23,95.0,98.87999725341795,89.80000305175781,95.51000213623048,2461500.0,235097870.2583313,1.0
2026-04-24,98.5,102.4800033569336,94.52999877929688,95.91000366210938,2657900.0,254919198.7335205,1.0
2026-04-27,93.62000274658205,94.43000030517578,85.26000213623047,88.4800033569336,3748200.0,331640748.5824585,1.0
2026-04-28,81.36000061035156,86.5,76.70999908447266,82.43000030517578,4616200.0,380513367.4087525,1.0
2026-04-29,83.80000305175781,85.37999725341797,78.04000091552734,81.80999755859375,2304400.0,188522958.37402344,1.0
2026-04-30,87.3499984741211,90.83999633789062,82.6500015258789,90.55999755859376,3072900.0,278281816.49780273,1.0
2026-05-01,89.27999877929688,94.87999725341795,86.04000091552734,93.06999969482422,2143700.0,199514158.34579468,1.0
2026-05-04,95.68000030517578,99.43000030517578,84.12000274658203,85.61000061035156,4057600.0,347371138.4765625,1.0
2026-05-05,87.16999816894531,93.13999938964844,84.98999786376953,91.19000244140624,2270700.0,207065138.5437012,1.0
2026-05-06,91.19000244140624,97.16999816894533,86.31999969482422,96.7300033569336,2261000.0,218706537.5900269,1.0
2026-05-07,95.2699966430664,98.37000274658205,89.30999755859375,91.26000213623048,1960500.0,178915234.18807983,1.0
2026-05-08,94.0,103.83000183105467,90.19000244140624,97.2300033569336,3842800.0,373635456.9000244,1.0
2026-05-11,99.8000030517578,107.0,94.80999755859376,104.55999755859376,3005300.0,314234160.6628418,1.0
2026-05-12,99.5,104.51000213623048,91.22000122070312,96.72000122070312,3683100.0,356229436.4959717,1.0
2026-05-13,102.3499984741211,106.4000015258789,92.75,103.25,3249600.0,335521200.0,1.0
2026-05-14,102.86000061035156,108.75,99.1500015258789,106.33999633789062,2113000.0,224696412.2619629,1.0
2026-05-15,99.62999725341795,103.47000122070312,94.52999877929688,99.5,2183600.0,217268200.0,1.0
2026-05-18,98.9800033569336,99.75,81.30000305175781,83.56999969482422,3956600.0,330653060.7925415,1.0
2026-05-19,81.69000244140625,85.48999786376953,76.76000213623047,81.13999938964844,2763100.0,224197932.3135376,1.0
2026-05-20,86.19000244140625,86.5,80.55000305175781,82.33999633789062,1699000.0,139895653.77807617,1.0
2026-05-21,81.98999786376953,92.5999984741211,80.01000213623047,91.3000030517578,1986400.0,181358326.0620117,1.0
2026-05-22,92.6500015258789,97.1500015258789,90.13999938964844,95.0199966430664,1857300.0,176480639.76516724,1.0
2026-05-26,99.0,111.56999969482422,97.22000122070312,109.91999816894533,2689100.0,295585867.07611084,1.0
2026-05-27,108.44000244140624,112.0,101.41000366210938,103.81999969482422,2802800.0,290986695.1446533,1.0
2026-05-28,103.3000030517578,104.91999816894533,98.3000030517578,99.98999786376952,1577100.0,157694225.63095093,1.0
2026-05-29,101.37000274658205,101.5,90.7699966430664,92.33000183105467,1877300.0,173331112.43743896,1.0
2026-06-01,88.16999816894531,93.73999786376952,86.58000183105469,93.62000274658205,1527200.0,142976468.19458008,1.0
2026-06-02,99.6500015258789,114.0199966430664,97.75,113.0,2600900.0,293901700.0,1.0
2026-06-03,113.0,121.8000030517578,111.1999969482422,114.58999633789062,2769100.0,317311158.8592529,1.0
2026-06-04,105.33999633789062,119.47000122070312,103.18000030517578,116.58000183105467,1769400.0,206276655.23986816,1.0
2026-06-05,110.31999969482422,111.79000091552734,96.9000015258789,98.4499969482422,2352300.0,231583927.8213501,1.0
2026-06-08,105.0,105.0,93.6500015258789,95.58000183105467,1810200.0,173018919.3145752,1.0
2026-06-09,99.7300033569336,106.54000091552734,84.62000274658203,94.30999755859376,2369500.0,223467539.2150879,1.0
2026-06-10,93.0,104.44000244140624,90.6999969482422,93.31999969482422,2097900.0,195776027.35977173,1.0
2026-06-11,96.0999984741211,103.4499969482422,92.33999633789062,103.02999877929688,1489300.0,153442577.18200684,1.0
2026-06-12,103.22000122070312,112.5,101.1999969482422,108.47000122070312,1406800.0,152595597.71728516,1.0
2026-06-15,118.31999969482422,126.62000274658205,115.38999938964844,115.87999725341795,1624100.0,188200703.5392761,1.0
2026-06-16,113.66000366210938,118.69000244140624,104.45999908447266,104.83000183105467,1275300.0,133689701.33514404,1.0
2026-06-17,114.45999908447266,123.4800033569336,111.02999877929688,112.62000274658205,2021200.0,227627549.5513916,1.0
2026-06-18,119.4499969482422,121.0500030517578,111.83999633789062,111.83999633789062,795917.0,89015354.3652649,1.0
