date,open,high,low,close,volume,amount,factor
2021-04-05,146.1999969482422,147.25,144.0,146.3300018310547,559700.0,81900902.02484131,1.0
2021-04-06,147.05999755859375,148.27999877929688,145.05999755859375,145.60000610351562,407500.0,59332002.48718262,1.0
2021-04-07,147.02999877929688,147.75999450683594,144.4600067138672,147.27000427246094,273200.0,40234165.16723633,1.0
2021-04-08,148.07000732421875,152.0,147.50999450683594,150.57000732421875,418300.0,62983434.0637207,1.0
2021-04-09,149.60000610351562,150.52999877929688,145.35000610351562,149.4199981689453,447300.0,66835565.18096924,1.0
2021-04-12,149.16000366210938,149.80999755859375,145.5,149.1699981689453,310200.0,46272533.43200684,1.0
2021-04-13,150.0,152.6199951171875,148.75999450683594,152.5500030517578,310000.0,47290500.94604492,1.0
2021-04-14,153.47999572753906,156.3699951171875,152.08999633789062,152.44000244140625,392500.0,59832700.95825195,1.0
2021-04-15,155.0,156.05999755859375,152.0,153.25,245600.0,37638200.0,1.0
2021-04-16,153.22999572753906,154.83999633789062,151.05999755859375,152.74000549316406,348500.0,53229891.91436768,1.0
2021-04-19,150.5,151.11000061035156,145.1999969482422,150.5500030517578,489000.0,73618951.49230957,1.0
2021-04-20,150.5,154.33999633789062,147.25999450683594,150.7899932861328,468100.0,70584795.85723877,1.0
2021-04-21,149.89999389648438,152.9600067138672,147.66000366210938,149.88999938964844,324700.0,48669282.80181885,1.0
2021-04-22,150.10000610351562,156.0,150.10000610351562,153.64999389648438,346500.0,53239722.88513184,1.0
2021-04-23,154.9199981689453,156.11000061035156,153.77999877929688,153.94000244140625,392700.0,60452238.95874024,1.0
2021-04-26,154.64999389648438,159.63999938964844,150.44000244140625,159.2899932861328,488600.0,77829090.71960449,1.0
2021-04-27,159.9600067138672,161.50999450683594,156.61000061035156,156.61000061035156,291600.0,45667476.17797852,1.0
2021-04-28,156.61000061035156,159.10000610351562,154.6999969482422,155.5500030517578,223600.0,34780980.68237305,1.0
2021-04-29,156.25999450683594,157.02000427246094,152.0,154.0500030517578,197500.0,30424875.602722168,1.0
2021-04-30,152.1699981689453,154.82000732421875,151.0,151.61000061035156,195300.0,29609433.11920166,1.0
2021-05-03,152.25999450683594,152.52999877929688,148.64999389648438,148.97999572753906,187900.0,27993341.19720459,1.0
2021-05-04,148.00999450683594,148.3300018310547,141.72000122070312,142.4600067138672,307700.0,43834944.06585693,1.0
2021-05-05,142.47000122070312,144.8699951171875,140.16000366210938,141.24000549316406,199200.0,28135009.09423828,1.0
2021-05-06,140.69000244140625,141.38999938964844,128.33999633789062,130.86000061035156,887400.0,116125164.54162598,1.0
2021-05-07,138.0800018310547,141.11000061035156,132.07000732421875,134.74000549316406,610100.0,82204877.3513794,1.0
2021-05-10,132.83999633789062,133.99000549316406,127.5,129.0,387100.0,49935900.0,1.0
2021-05-11,125.0,134.64999389648438,123.16000366210938,131.9600067138672,552100.0,72855119.70672607,1.0
2021-05-12,129.1300048828125,130.1199951171875,123.2699966430664,124.08999633789062,580500.0,72034242.87414551,1.0
2021-05-13,124.55999755859376,127.76000213623048,123.0199966430664,126.25,391600.0,49439500.0,1.0
2021-05-14,128.08999633789062,133.08999633789062,128.08999633789062,132.75999450683594,385000.0,51112597.88513184,1.0
2021-05-17,130.75,134.1300048828125,130.42999267578125,133.58999633789062,346100.0,46235497.732543945,1.0
2021-05-18,134.30999755859375,134.4600067138672,121.08999633789062,123.43000030517578,1138000.0,140463340.34729004,1.0
2021-05-19,123.80999755859376,128.3000030517578,123.52999877929688,126.8000030517578,581300.0,73708841.77398682,1.0
2021-05-20,127.80999755859376,131.5,127.08999633789062,130.30999755859375,334900.0,43640818.18237305,1.0
2021-05-21,131.5,131.99000549316406,126.4800033569336,127.06999969482422,344600.0,43788321.894836426,1.0
2021-05-24,128.80999755859375,131.61000061035156,127.86000061035156,129.99000549316406,280100.0,36410200.53863525,1.0
2021-05-25,130.64999389648438,134.1999969482422,130.6199951171875,130.72999572753906,293400.0,38356180.74645996,1.0
2021-05-26,131.88999938964844,137.27999877929688,131.3800048828125,136.05999755859375,337100.0,45865825.17700195,1.0
2021-05-27,136.1199951171875,139.77999877929688,135.07000732421875,139.47999572753906,367400.0,51244950.43029785,1.0
2021-05-28,140.08999633789062,143.3800048828125,139.47999572753906,140.58999633789062,464300.0,65275935.29968262,1.0
2021-06-01,142.4199981689453,142.9499969482422,136.52999877929688,139.14999389648438,355100.0,49412162.8326416,1.0
2021-06-02,139.52999877929688,141.86000061035156,137.32000732421875,141.58999633789062,299200.0,42363726.90429688,1.0
2021-06-03,139.0,140.4199981689453,137.4499969482422,138.19000244140625,236000.0,32612840.576171875,1.0
2021-06-04,138.33999633789062,141.33999633789062,138.33999633789062,141.16000366210938,206400.0,29135424.75585937,1.0
2021-06-07,141.1300048828125,146.94000244140625,139.5500030517578,146.61000061035156,316500.0,46402065.19317627,1.0
2021-06-08,148.08999633789062,151.99000549316406,145.94000244140625,151.05999755859375,481900.0,72795812.82348633,1.0
2021-06-09,152.85000610351562,153.0,147.82000732421875,148.0500030517578,361800.0,53564491.10412598,1.0
2021-06-10,148.5500030517578,151.39999389648438,147.1199951171875,150.72000122070312,229700.0,34620384.28039551,1.0
2021-06-11,151.7100067138672,157.7899932861328,151.50999450683594,157.44000244140625,509700.0,80247169.24438477,1.0
2021-06-14,158.49000549316406,160.07000732421875,156.36000061035156,156.99000549316406,821100.0,128904493.510437,1.0
2021-06-15,157.0,158.60000610351562,153.99000549316406,154.49000549316406,407100.0,62892881.23626709,1.0
2021-06-16,155.2899932861328,156.83999633789062,151.11000061035156,152.0,552400.0,83964800.0,1.0
2021-06-17,151.1199951171875,154.07000732421875,151.10000610351562,153.60000610351562,571500.0,87782403.48815918,1.0
2021-06-18,152.0800018310547,163.16000366210938,152.0800018310547,156.85000610351562,861500.0,135126280.2581787,1.0
2021-06-21,157.44000244140625,159.97000122070312,154.55999755859375,158.75999450683594,258200.0,40991830.58166504,1.0
2021-06-22,158.27000427246094,161.10000610351562,157.2899932861328,160.6199951171875,302700.0,48619672.521972656,1.0
2021-06-23,160.64999389648438,167.61000061035156,160.64999389648438,165.97999572753906,475000.0,78840497.97058105,1.0
2021-06-24,166.9199981689453,168.1199951171875,164.4499969482422,167.8699951171875,312500.0,52459373.47412109,1.0
2021-06-25,169.0,173.0,167.36000061035156,172.17999267578125,597100.0,102808673.62670898,1.0
2021-06-28,174.13999938964844,176.0,170.66000366210938,172.05999755859375,418200.0,71955490.9790039,1.0
2021-06-29,172.1699981689453,176.0,171.58999633789062,174.13999938964844,394700.0,68733057.75909424,1.0
2021-06-30,176.10000610351562,179.3000030517578,175.6999969482422,176.8000030517578,573200.0,101341761.74926758,1.0
2021-07-01,176.8000030517578,176.8000030517578,172.3800048828125,173.25999450683594,430300.0,74553775.6362915,1.0
2021-07-02,174.7899932861328,178.1699981689453,173.66000366210938,177.7899932861328,266300.0,47345475.21209717,1.0
2021-07-06,177.8800048828125,177.8800048828125,174.58999633789062,176.6999969482422,350700.0,61968688.929748535,1.0
2021-07-07,177.2100067138672,177.57000732421875,172.9199981689453,175.80999755859375,215000.0,37799149.475097656,1.0
2021-07-08,170.5,177.94000244140625,168.41000366210938,177.67999267578125,287100.0,51011925.8972168,1.0
2021-07-09,178.74000549316406,178.74000549316406,175.22000122070312,178.2899932861328,208700.0,37209121.59881592,1.0
2021-07-12,178.9499969482422,180.6000061035156,174.58999633789062,179.9199981689453,343800.0,61856495.3704834,1.0
2021-07-13,178.92999267578125,185.2899932861328,178.22000122070312,182.3000030517578,379400.0,69164621.15783691,1.0
2021-07-14,182.38999938964844,183.6300048828125,176.35000610351562,177.30999755859375,242200.0,42944481.408691406,1.0
2021-07-15,177.72999572753906,178.60000610351562,169.25999450683594,173.61000061035156,305200.0,52985772.1862793,1.0
2021-07-16,174.3000030517578,177.05999755859375,173.2100067138672,173.75999450683594,315500.0,54821278.26690674,1.0
2021-07-19,170.77000427246094,176.38999938964844,169.47999572753906,175.6999969482422,251400.0,44170979.232788086,1.0
2021-07-20,175.97000122070312,182.6600036621093,172.75,180.5599975585937,451300.0,81486726.89819336,1.0
2021-07-21,180.05999755859375,182.69000244140625,177.27000427246094,181.4499969482422,333800.0,60568008.98132324,1.0
2021-07-22,181.759994506836,182.1300048828125,178.13999938964844,180.5500030517578,224500.0,40533475.68511963,1.0
2021-07-23,180.72000122070312,184.0,179.27999877929688,183.02999877929688,224200.0,41035325.72631836,1.0
2021-07-26,183.3000030517578,184.77999877929688,180.72999572753903,182.0399932861328,175900.0,32020834.81903076,1.0
2021-07-27,181.1100006103516,181.9900054931641,176.5500030517578,180.5399932861328,208100.0,37570372.60284424,1.0
2021-07-28,180.5399932861328,186.8600006103516,179.27000427246094,186.08999633789065,263600.0,49053323.03466797,1.0
2021-07-29,186.33999633789065,188.1999969482422,184.77999877929688,186.4199981689453,164400.0,30647447.69897461,1.0
2021-07-30,185.27999877929688,188.3699951171875,184.4100036621093,186.0200042724609,257000.0,47807141.09802246,1.0
2021-08-02,186.8000030517578,191.8300018310547,186.3999938964844,189.63999938964844,592300.0,112323771.63848875,1.0
2021-08-03,189.3999938964844,191.0,184.6199951171875,187.32000732421875,369900.0,69289670.70922852,1.0
2021-08-04,187.0500030517578,193.27999877929688,186.5500030517578,191.1199951171875,428800.0,81952253.90625,1.0
2021-08-05,190.4199981689453,195.2899932861328,188.2899932861328,193.4900054931641,310200.0,60020599.70397949,1.0
2021-08-06,196.38999938964844,198.0,189.9600067138672,192.58999633789065,459800.0,88552880.31616211,1.0
2021-08-09,191.8300018310547,194.13999938964844,189.3300018310547,192.3699951171875,237700.0,45726347.83935547,1.0
2021-08-10,191.7899932861328,191.7899932861328,183.3500061035156,183.7899932861328,359800.0,66127639.584350586,1.0
2021-08-11,183.27999877929688,185.4900054931641,180.5,184.6499938964844,246000.0,45423898.49853516,1.0
2021-08-12,183.52999877929688,187.38999938964844,181.6999969482422,186.4499969482422,246600.0,45978569.24743652,1.0
2021-08-13,186.6100006103516,188.3500061035156,184.6699981689453,185.13999938964844,165600.0,30659183.89892578,1.0
2021-08-16,183.3999938964844,187.3699951171875,182.1499938964844,186.2400054931641,272100.0,50675905.49468994,1.0
2021-08-17,183.8099975585937,184.6300048828125,180.88999938964844,183.4499969482422,174500.0,32012024.46746826,1.0
2021-08-18,183.5200042724609,185.0,180.6999969482422,182.7100067138672,172100.0,31444392.155456543,1.0
2021-08-19,182.02999877929688,184.32000732421875,180.2899932861328,181.5200042724609,167900.0,30477208.71734619,1.0
2021-08-20,181.5399932861328,186.9199981689453,181.22999572753903,186.8300018310547,196300.0,36674729.35943604,1.0
2021-08-23,187.259994506836,189.6000061035156,186.3300018310547,186.72999572753903,222200.0,41491405.05065918,1.0
2021-08-24,187.3000030517578,188.0,184.82000732421875,185.8000030517578,252300.0,46877340.769958496,1.0
2021-08-25,186.3000030517578,187.8800048828125,184.27999877929688,186.3999938964844,563500.0,105036396.56066896,1.0
2021-08-26,187.22999572753903,188.6699981689453,183.69000244140625,185.1499938964844,421800.0,78096267.42553711,1.0
2021-08-27,186.0200042724609,189.5,185.9499969482422,187.009994506836,322400.0,60292022.22900391,1.0
2021-08-30,187.8600006103516,193.22000122070312,185.8600006103516,192.83999633789065,428400.0,82612654.43115234,1.0
2021-08-31,193.4100036621093,194.0,181.6100006103516,181.8699951171875,547900.0,99646570.32470705,1.0
2021-09-01,181.77999877929688,184.6699981689453,181.22000122070312,181.6499938964844,529300.0,96147341.76940918,1.0
2021-09-02,181.6199951171875,184.9100036621093,181.0599975585937,182.8699951171875,240400.0,43961946.82617188,1.0
2021-09-03,182.0,185.5200042724609,180.6499938964844,184.88999938964844,204500.0,37810004.87518311,1.0
2021-09-07,184.2700042724609,185.9900054931641,181.58999633789065,182.6699981689453,281400.0,51403337.48474121,1.0
2021-09-08,181.8500061035156,183.7400054931641,180.1600036621093,182.5599975585937,228400.0,41696703.44238281,1.0
2021-09-09,182.9900054931641,187.08999633789065,180.9499969482422,181.1499938964844,338600.0,61337387.93334961,1.0
2021-09-10,183.27999877929688,183.27999877929688,178.8000030517578,179.80999755859375,324400.0,58330363.20800781,1.0
2021-09-13,180.0,180.509994506836,175.1300048828125,176.25,286000.0,50407500.0,1.0
2021-09-14,175.63999938964844,179.38999938964844,175.63999938964844,177.25999450683594,256800.0,45520366.58935547,1.0
2021-09-15,176.00999450683594,178.7100067138672,172.6699981689453,177.8300018310547,312000.0,55482960.57128906,1.0
2021-09-16,177.8300018310547,180.38999938964844,177.8300018310547,179.5399932861328,275900.0,49535084.14764404,1.0
2021-09-17,176.74000549316406,178.3000030517578,170.2899932861328,172.3800048828125,1347000.0,232195866.57714844,1.0
2021-09-20,169.91000366210938,173.82000732421875,168.75999450683594,172.94000244140625,444200.0,76819949.08447266,1.0
2021-09-21,173.8699951171875,176.74000549316406,173.8699951171875,174.64999389648438,276800.0,48343118.31054688,1.0
2021-09-22,175.39999389648438,176.0800018310547,173.52999877929688,175.0,228200.0,39935000.0,1.0
2021-09-23,175.8300018310547,177.5800018310547,174.16000366210938,176.72999572753906,194100.0,34303292.17071533,1.0
2021-09-24,175.61000061035156,180.52999877929688,175.61000061035156,179.75,233300.0,41935675.0,1.0
2021-09-27,178.89999389648438,179.72999572753906,177.67999267578125,179.02000427246094,248800.0,44540177.06298828,1.0
2021-09-28,177.8800048828125,178.3800048828125,172.85000610351562,177.58999633789062,727700.0,129232240.335083,1.0
2021-09-29,178.72999572753906,180.1999969482422,174.6699981689453,175.13999938964844,290700.0,50913197.8225708,1.0
2021-09-30,176.27999877929688,179.10000610351562,174.75,175.02000427246094,362800.0,63497257.55004883,1.0
2021-10-01,176.44000244140625,179.32000732421875,173.5399932861328,178.77000427246094,276100.0,49358398.17962647,1.0
2021-10-04,177.55999755859375,177.55999755859375,164.6199951171875,166.08999633789062,531400.0,88260224.05395508,1.0
2021-10-05,166.9499969482422,170.0,164.64999389648438,165.27999877929688,380900.0,62955151.53503418,1.0
2021-10-06,164.05999755859375,166.99000549316406,161.85000610351562,166.02000427246094,258900.0,42982579.10614014,1.0
2021-10-07,166.7899932861328,170.25999450683594,166.5500030517578,168.94000244140625,176400.0,29801016.430664062,1.0
2021-10-08,169.35000610351562,169.85000610351562,164.32000732421875,164.5500030517578,158700.0,26114085.484313965,1.0
2021-10-11,164.27999877929688,171.3000030517578,162.75999450683594,167.5,214900.0,35995750.0,1.0
2021-10-12,168.22999572753906,173.02000427246094,168.0,171.42999267578125,141400.0,24240200.96435547,1.0
2021-10-13,173.1199951171875,177.3699951171875,172.6199951171875,176.6199951171875,219600.0,38785750.927734375,1.0
2021-10-14,178.52000427246094,180.6100006103516,177.6999969482422,179.02999877929688,223100.0,39941592.72766113,1.0
2021-10-15,179.77000427246094,180.509994506836,177.72999572753906,177.94000244140625,218200.0,38826508.53271485,1.0
2021-10-18,177.27000427246094,182.8099975585937,176.30999755859375,181.6999969482422,194900.0,35413329.4052124,1.0
2021-10-19,183.02999877929688,185.8600006103516,181.0800018310547,185.2700042724609,295600.0,54765813.26293945,1.0
2021-10-20,186.38999938964844,187.4100036621093,178.8800048828125,179.0500030517578,300300.0,53768715.91644287,1.0
2021-10-21,179.3300018310547,185.42999267578125,179.3000030517578,184.6000061035156,432200.0,79784122.63793945,1.0
2021-10-22,185.3500061035156,186.0,179.6999969482422,182.6499938964844,276000.0,50411398.31542969,1.0
2021-10-25,184.8600006103516,184.8600006103516,179.6199951171875,179.8000030517578,370500.0,66615901.13067627,1.0
2021-10-26,182.17999267578125,183.5500030517578,179.4600067138672,180.1999969482422,318900.0,57465779.02679443,1.0
2021-10-27,180.6100006103516,182.0399932861328,176.08999633789062,176.3000030517578,248900.0,43881070.75958252,1.0
2021-10-28,175.97999572753906,177.9499969482422,173.16000366210938,174.63999938964844,312900.0,54644855.809021,1.0
2021-10-29,174.2100067138672,180.5,173.77000427246094,179.9600067138672,342500.0,61636302.29949951,1.0
2021-11-01,180.9900054931641,182.69000244140625,178.9600067138672,180.6699981689453,359800.0,65005065.34118652,1.0
2021-11-02,181.72000122070312,182.25,179.36000061035156,181.6000061035156,291100.0,52863761.7767334,1.0
2021-11-03,182.1999969482422,185.4100036621093,181.5,184.9100036621093,282300.0,52200094.03381348,1.0
2021-11-04,186.1000061035156,187.8300018310547,182.9499969482422,184.5399932861328,232600.0,42924002.43835449,1.0
2021-11-05,186.1000061035156,188.8000030517578,181.67999267578125,182.63999938964844,351600.0,64216223.78540039,1.0
2021-11-08,182.5,182.6100006103516,176.0500030517578,176.64999389648438,445100.0,78626912.2833252,1.0
2021-11-09,176.77999877929688,180.05999755859375,175.35000610351562,176.39999389648438,386000.0,68090397.64404297,1.0
2021-11-10,175.00999450683594,177.27000427246094,169.36000061035156,170.25,303300.0,51636825.0,1.0
2021-11-11,171.11000061035156,171.5,168.2899932861328,168.9499969482422,293600.0,49603719.10400391,1.0
2021-11-12,169.52000427246094,170.80999755859375,168.22999572753906,170.41000366210938,432500.0,73702326.5838623,1.0
2021-11-15,172.22999572753906,173.5800018310547,167.25,167.41000366210938,750100.0,125574243.74694824,1.0
2021-11-16,208.83999633789065,209.0,174.77999877929688,177.7899932861328,3145200.0,559185086.8835449,1.0
2021-11-17,180.3999938964844,180.44000244140625,172.39999389648438,172.88999938964844,947600.0,163830563.42163086,1.0
2021-11-18,172.66000366210938,180.8699951171875,172.0,174.42999267578125,543600.0,94820144.01855467,1.0
2021-11-19,174.83999633789062,183.42999267578125,174.83999633789062,181.94000244140625,827000.0,150464382.01904297,1.0
2021-11-22,182.1199951171875,186.83999633789065,179.25999450683594,180.97999572753903,660300.0,119501091.17889404,1.0
2021-11-23,180.2899932861328,182.32000732421875,170.5399932861328,174.35000610351562,643500.0,112194228.9276123,1.0
2021-11-24,174.4600067138672,180.2700042724609,173.32000732421875,179.86000061035156,418300.0,75235438.25531006,1.0
2021-11-26,176.72000122070312,181.1100006103516,174.4600067138672,177.1999969482422,260100.0,46089719.20623779,1.0
2021-11-29,178.58999633789062,180.6699981689453,176.61000061035156,179.75,389300.0,69976675.0,1.0
2021-11-30,177.72999572753906,181.0800018310547,168.75,168.7899932861328,651500.0,109966680.62591553,1.0
2021-12-01,162.80999755859375,172.6300048828125,162.10000610351562,164.77000427246094,503700.0,82994651.15203857,1.0
2021-12-02,164.52999877929688,164.89999389648438,158.35000610351562,159.36000061035156,575600.0,91727616.35131836,1.0
2021-12-03,160.02999877929688,160.0800018310547,149.3800048828125,151.41000366210938,753000.0,114011732.75756836,1.0
2021-12-06,150.25,150.9600067138672,145.94000244140625,148.22000122070312,663500.0,98343970.80993652,1.0
2021-12-07,150.52000427246094,155.7899932861328,148.8000030517578,153.7899932861328,652100.0,100286454.6218872,1.0
2021-12-08,153.7899932861328,153.7899932861328,149.57000732421875,151.47000122070312,629700.0,95380659.76867676,1.0
2021-12-09,152.89999389648438,153.49000549316406,146.32000732421875,146.47000122070312,587200.0,86007184.71679688,1.0
2021-12-10,147.83999633789062,148.32000732421875,139.41000366210938,141.4499969482422,810200.0,114602787.52746582,1.0
2021-12-13,141.6699981689453,144.49000549316406,138.67999267578125,138.88999938964844,565100.0,78486738.65509033,1.0
2021-12-14,143.0500030517578,148.80999755859375,141.25999450683594,145.72999572753906,858300.0,125080055.33294678,1.0
2021-12-15,144.92999267578125,147.77000427246094,142.14999389648438,147.5399932861328,549600.0,81087980.3100586,1.0
2021-12-16,148.13999938964844,148.5500030517578,141.25999450683594,142.11000061035156,432900.0,61519419.26422119,1.0
2021-12-17,141.5399932861328,146.2100067138672,139.60000610351562,144.92999267578125,865700.0,125465894.65942384,1.0
2021-12-20,146.0,152.13999938964844,144.92999267578125,150.86000061035156,824500.0,124384070.50323486,1.0
2021-12-21,150.61000061035156,157.4600067138672,149.0,156.6999969482422,759300.0,118982307.6828003,1.0
2021-12-22,156.27000427246094,159.5399932861328,153.5800018310547,159.00999450683594,484700.0,77072144.33746338,1.0
2021-12-23,160.0,162.25,158.7100067138672,160.5399932861328,324700.0,52127335.82000733,1.0
2021-12-27,160.60000610351562,162.57000732421875,159.39999389648438,161.1199951171875,380700.0,61338382.14111328,1.0
2021-12-28,160.9499969482422,161.0,153.6300048828125,153.80999755859375,236300.0,36345302.4230957,1.0
2021-12-29,153.25,155.5500030517578,151.8000030517578,154.6999969482422,226700.0,35070489.308166504,1.0
2021-12-30,153.9600067138672,157.67999267578125,153.9600067138672,156.07000732421875,215400.0,33617479.57763672,1.0
2021-12-31,155.1699981689453,157.25,154.5800018310547,157.0,471300.0,73994100.0,1.0
2022-01-03,156.60000610351562,157.5,150.85000610351562,152.8699951171875,443500.0,67797842.83447266,1.0
2022-01-04,151.9600067138672,152.39999389648438,149.1300048828125,151.50999450683594,849300.0,128677438.33465576,1.0
2022-01-05,150.6300048828125,150.80999755859375,146.91000366210938,147.99000549316406,1573200.0,232817876.6418457,1.0
2022-01-06,148.22999572753906,151.58999633789062,146.0,150.13999938964844,760400.0,114166455.53588869,1.0
2022-01-07,150.00999450683594,151.88999938964844,144.80999755859375,145.19000244140625,766000.0,111215541.8701172,1.0
2022-01-10,143.6199951171875,147.74000549316406,140.6199951171875,147.50999450683594,593400.0,87532430.74035645,1.0
2022-01-11,147.33999633789062,150.22999572753906,145.91000366210938,149.75999450683594,339300.0,50813566.13616943,1.0
2022-01-12,150.67999267578125,151.82000732421875,146.4199981689453,151.02999877929688,498400.0,75273351.39160156,1.0
2022-01-13,151.89999389648438,152.47999572753906,143.44000244140625,143.64999389648438,385300.0,55348342.64831543,1.0
2022-01-14,140.6300048828125,143.1300048828125,135.14999389648438,137.1699981689453,633000.0,86828608.84094238,1.0
2022-01-18,137.13999938964844,137.52999877929688,132.0,132.1999969482422,487400.0,64434278.51257324,1.0
2022-01-19,132.4199981689453,135.3699951171875,130.8000030517578,132.5500030517578,484300.0,64193966.47796631,1.0
2022-01-20,133.7100067138672,137.5800018310547,133.60000610351562,133.82000732421875,393900.0,52711700.885009766,1.0
2022-01-21,132.97000122070312,136.49000549316406,131.36000061035156,132.9600067138672,632200.0,84057316.24450684,1.0
2022-01-24,130.07000732421875,135.8800048828125,124.66000366210938,135.58999633789062,848000.0,114980316.89453124,1.0
2022-01-25,133.0,135.58999633789062,128.00999450683594,128.07000732421875,1096000.0,140364728.02734375,1.0
2022-01-26,129.72000122070312,135.0,127.37000274658205,128.19000244140625,487500.0,62492626.19018555,1.0
2022-01-27,129.17999267578125,130.83999633789062,127.27999877929688,129.39999389648438,825100.0,106767934.96398926,1.0
2022-01-28,129.72000122070312,136.11000061035156,128.30999755859375,136.07000732421875,551000.0,74974574.03564453,1.0
2022-01-31,136.74000549316406,141.0,136.0,139.92999267578125,495400.0,69321318.37158203,1.0
2022-02-01,142.0500030517578,144.0399932861328,139.0399932861328,144.0,419700.0,60436800.0,1.0
2022-02-02,144.3000030517578,144.3000030517578,141.25999450683594,142.14999389648438,327300.0,46525693.002319336,1.0
2022-02-03,139.16000366210938,140.67999267578125,137.4199981689453,139.99000549316406,363600.0,50900365.99731445,1.0
2022-02-04,140.41000366210938,144.58999633789062,137.57000732421875,142.99000549316406,303700.0,43426064.668273926,1.0
2022-02-07,142.99000549316406,145.9199981689453,142.27000427246094,144.4600067138672,431700.0,62363384.89837647,1.0
2022-02-08,143.1199951171875,148.11000061035156,142.38999938964844,145.3300018310547,317000.0,46069610.580444336,1.0
2022-02-09,147.17999267578125,148.8699951171875,145.75999450683594,148.75,286200.0,42572250.0,1.0
2022-02-10,144.72000122070312,148.2899932861328,143.22000122070312,144.17999267578125,535400.0,77193968.07861328,1.0
2022-02-11,145.24000549316406,145.5,138.36000061035156,139.58999633789062,412200.0,57538996.49047852,1.0
2022-02-14,139.1999969482422,143.52000427246094,137.50999450683594,140.50999450683594,341400.0,47970112.12463379,1.0
2022-02-15,142.13999938964844,144.08999633789062,140.60000610351562,143.25,237700.0,34050525.0,1.0
2022-02-16,142.27999877929688,143.2899932861328,139.33999633789062,141.41000366210938,161600.0,22851856.591796875,1.0
2022-02-17,139.5399932861328,139.5399932861328,132.4600067138672,132.5800018310547,302800.0,40145224.55444336,1.0
2022-02-18,132.7899932861328,133.97999572753906,128.33999633789062,128.47000122070312,331800.0,42626346.4050293,1.0
2022-02-22,127.68000030517578,130.6300048828125,125.80999755859376,126.76000213623048,365700.0,46356132.78121948,1.0
2022-02-23,128.13999938964844,129.3699951171875,121.91000366210938,122.44000244140624,393400.0,48167896.96044922,1.0
2022-02-24,118.37999725341795,130.4499969482422,117.0500030517578,130.14999389648438,582300.0,75786341.44592285,1.0
2022-02-25,135.49000549316406,135.83999633789062,125.05999755859376,134.13999938964844,661500.0,88733609.59625244,1.0
2022-02-28,134.25,142.13999938964844,133.60000610351562,140.25,656000.0,92004000.0,1.0
2022-03-01,138.72999572753906,144.42999267578125,138.0800018310547,142.1199951171875,524900.0,74598785.43701172,1.0
2022-03-02,142.1699981689453,145.47000122070312,138.61000061035156,144.61000061035156,374400.0,54141984.228515625,1.0
2022-03-03,146.05999755859375,146.50999450683594,138.85000610351562,140.14999389648438,305900.0,42871883.13293457,1.0
2022-03-04,140.52000427246094,143.1699981689453,136.1699981689453,138.1300048828125,340200.0,46991827.66113281,1.0
2022-03-07,137.94000244140625,139.13999938964844,125.83000183105467,126.12999725341795,688600.0,86853116.10870361,1.0
2022-03-08,125.16000366210938,127.97000122070312,122.62999725341795,125.02999877929688,331900.0,41497456.59484863,1.0
2022-03-09,127.31999969482422,132.47999572753906,126.93000030517578,131.6300048828125,256800.0,33802585.25390625,1.0
2022-03-10,128.9600067138672,131.1300048828125,126.9000015258789,130.3300018310547,298000.0,38838340.5456543,1.0
2022-03-11,132.8699951171875,132.8699951171875,124.58000183105467,124.66000366210938,274400.0,34206705.00488281,1.0
2022-03-14,124.05999755859376,126.0,117.77999877929688,120.3000030517578,389400.0,46844821.18835449,1.0
2022-03-15,121.22000122070312,121.63999938964844,118.58999633789062,121.18000030517578,318100.0,38547358.097076416,1.0
2022-03-16,123.72000122070312,127.38999938964844,122.86000061035156,127.3000030517578,350900.0,44669571.07086182,1.0
2022-03-17,126.4499969482422,131.66000366210938,124.87999725341795,131.33999633789062,330300.0,43381600.79040527,1.0
2022-03-18,131.8300018310547,136.86000061035156,131.8300018310547,134.88999938964844,1037300.0,139921396.36688232,1.0
2022-03-21,133.64999389648438,135.3699951171875,131.1199951171875,134.3699951171875,287100.0,38577625.59814453,1.0
2022-03-22,134.32000732421875,138.3699951171875,133.50999450683594,137.6699981689453,302300.0,41617640.44647217,1.0
2022-03-23,136.91000366210938,137.35000610351562,133.86000061035156,134.82000732421875,360200.0,48562166.6381836,1.0
2022-03-24,135.9499969482422,138.83999633789062,134.0500030517578,138.14999389648438,310500.0,42895573.1048584,1.0
2022-03-25,139.25999450683594,139.25999450683594,132.1699981689453,132.69000244140625,294700.0,39103743.71948242,1.0
2022-03-28,132.32000732421875,135.6699981689453,131.36000061035156,135.11000061035156,309000.0,41748990.18859863,1.0
2022-03-29,136.2100067138672,140.3300018310547,136.2100067138672,138.99000549316406,466900.0,64894433.5647583,1.0
2022-03-30,138.80999755859375,139.3000030517578,135.25999450683594,139.0,443000.0,61577000.0,1.0
2022-03-31,139.0,139.9600067138672,137.25,137.72999572753906,491800.0,67735611.89880371,1.0
2022-04-01,137.69000244140625,140.0,137.3699951171875,139.30999755859375,689400.0,96040312.31689452,1.0
2022-04-04,140.2100067138672,142.5,139.13999938964844,140.0,517300.0,72422000.0,1.0
2022-04-05,141.1699981689453,141.83999633789062,137.86000061035156,138.92999267578125,469000.0,65158166.564941406,1.0
2022-04-06,136.75999450683594,136.75999450683594,130.1199951171875,131.1699981689453,340700.0,44689618.37615967,1.0
2022-04-07,130.1300048828125,133.57000732421875,130.1300048828125,132.7899932861328,286700.0,38070891.07513428,1.0
2022-04-08,132.63999938964844,133.00999450683594,127.80999755859376,127.81999969482422,284100.0,36313661.91329956,1.0
2022-04-11,126.4000015258789,128.00999450683594,124.31999969482422,124.4000015258789,384900.0,47881560.58731079,1.0
2022-04-12,126.0,128.08999633789062,124.38999938964844,125.62999725341795,385300.0,48405237.94174194,1.0
2022-04-13,125.62999725341795,127.47000122070312,124.01000213623048,125.2699966430664,454800.0,56972794.4732666,1.0
2022-04-14,125.4000015258789,125.44000244140624,122.02999877929688,123.22000122070312,285500.0,35179310.34851074,1.0
2022-04-18,122.13999938964844,122.5199966430664,118.01000213623048,122.33000183105467,312600.0,38240358.572387695,1.0
2022-04-19,122.0500030517578,130.47000122070312,121.91999816894533,130.0,379400.0,49322000.0,1.0
2022-04-20,129.36000061035156,129.4199981689453,124.43000030517578,124.63999938964844,487500.0,60761999.70245361,1.0
2022-04-21,126.76000213623048,128.0500030517578,120.13999938964844,120.6500015258789,404700.0,48827055.61752319,1.0
2022-04-22,121.3499984741211,123.51000213623048,118.01000213623048,118.0199966430664,406800.0,48010534.63439941,1.0
2022-04-25,117.12999725341795,121.18000030517578,115.63999938964844,120.79000091552734,338100.0,40839099.3095398,1.0
2022-04-26,119.61000061035156,119.91999816894533,113.33999633789062,113.33999633789062,338700.0,38388256.75964356,1.0
2022-04-27,113.81999969482422,115.86000061035156,112.33000183105467,113.63999938964844,294700.0,33489707.820129395,1.0
2022-04-28,114.9800033569336,116.27999877929688,111.37999725341795,116.05999755859376,637300.0,73965036.4440918,1.0
2022-04-29,115.33000183105467,118.6500015258789,111.77999877929688,112.1999969482422,238900.0,26804579.27093506,1.0
2022-05-02,112.3499984741211,116.66999816894533,110.73999786376952,116.26000213623048,292600.0,34017676.625061035,1.0
2022-05-03,116.02999877929688,118.16999816894533,114.02999877929688,114.8499984741211,225700.0,25921644.65560913,1.0
2022-05-04,116.16999816894533,116.76000213623048,108.47000122070312,115.54000091552734,359600.0,41548184.32922363,1.0
2022-05-05,116.76000213623048,116.80999755859376,96.31999969482422,99.51000213623048,922900.0,91837780.9715271,1.0
2022-05-06,97.5,99.0,94.8000030517578,95.98999786376952,529400.0,50817104.86907959,1.0
2022-05-09,93.91000366210938,93.91000366210938,87.3499984741211,87.88999938964844,1076000.0,94569639.34326172,1.0
2022-05-10,92.68000030517578,94.0,85.87999725341797,89.45999908447266,671200.0,60045551.38549805,1.0
2022-05-11,87.16000366210938,93.41999816894533,83.58000183105469,84.37000274658203,890700.0,75148361.44638062,1.0
2022-05-12,83.5999984741211,89.36000061035156,82.48999786376953,87.04000091552734,600700.0,52284928.54995728,1.0
2022-05-13,90.37000274658205,100.16000366210938,90.37000274658205,98.22000122070312,640300.0,62890266.78161621,1.0
2022-05-16,95.83999633789062,97.87000274658205,93.0,95.44000244140624,441700.0,42155849.07836914,1.0
2022-05-17,98.01000213623048,99.9800033569336,93.91000366210938,96.8000030517578,499200.0,48322561.5234375,1.0
2022-05-18,95.37000274658205,97.83999633789062,94.77999877929688,96.25,465000.0,44756250.0,1.0
2022-05-19,96.05999755859376,99.97000122070312,96.05999755859376,98.58000183105467,459700.0,45317226.84173584,1.0
2022-05-20,100.98999786376952,101.30999755859376,96.81999969482422,99.4000015258789,412600.0,41012440.62957764,1.0
2022-05-23,95.7699966430664,97.08000183105467,90.80999755859376,94.73999786376952,525900.0,49823764.8765564,1.0
2022-05-24,93.33999633789062,93.47000122070312,89.9000015258789,92.55999755859376,319700.0,29591431.219482426,1.0
2022-05-25,91.4499969482422,95.80999755859376,91.4499969482422,95.54000091552734,338900.0,32378506.310272217,1.0
2022-05-26,96.01000213623048,99.41000366210938,96.01000213623048,98.5199966430664,315200.0,31053502.94189453,1.0
2022-05-27,99.91000366210938,102.86000061035156,98.5,102.5199966430664,300900.0,30848266.98989868,1.0
2022-05-31,102.13999938964844,102.6500015258789,99.05999755859376,101.36000061035156,396900.0,40229784.242248535,1.0
2022-06-01,101.8000030517578,104.20999908447266,97.91000366210938,99.3499984741211,274800.0,27301379.58068848,1.0
2022-06-02,99.25,105.29000091552734,99.25,105.11000061035156,307500.0,32321325.187683105,1.0
2022-06-03,102.94000244140624,104.76000213623048,101.63999938964844,103.08999633789062,344400.0,35504194.73876953,1.0
2022-06-06,104.0,105.87000274658205,100.9800033569336,102.68000030517578,376100.0,38617948.11477661,1.0
2022-06-07,101.31999969482422,104.9800033569336,100.86000061035156,104.06999969482422,187900.0,19554752.94265747,1.0
2022-06-08,103.98999786376952,105.86000061035156,102.6999969482422,102.87999725341795,197000.0,20267359.45892334,1.0
2022-06-09,102.6500015258789,103.33000183105467,100.01000213623048,101.04000091552734,288300.0,29129832.263946533,1.0
2022-06-10,98.1999969482422,99.4800033569336,95.22000122070312,96.51000213623048,313800.0,30284838.67034912,1.0
2022-06-13,92.37999725341795,93.48999786376952,88.9000015258789,89.80999755859375,509800.0,45785136.75537109,1.0
2022-06-14,90.08999633789062,90.4499969482422,86.20999908447266,87.51000213623047,555000.0,48568051.18560791,1.0
2022-06-15,89.16999816894531,92.0999984741211,88.29000091552734,90.87999725341795,649400.0,59017470.21636963,1.0
2022-06-16,88.06999969482422,89.26000213623047,83.79000091552734,85.12000274658203,625100.0,53208513.71688843,1.0
2022-06-17,86.16000366210938,89.16999816894531,86.04000091552734,87.61000061035156,1249500.0,109468695.76263428,1.0
2022-06-21,88.37999725341797,90.1500015258789,84.08000183105469,84.44000244140625,760600.0,64225065.8569336,1.0
2022-06-22,83.7699966430664,87.88999938964844,83.01000213623047,86.36000061035156,479500.0,41409620.29266357,1.0
2022-06-23,86.97000122070312,91.38999938964844,86.33000183105469,91.02999877929688,473900.0,43139116.42150879,1.0
2022-06-24,92.13999938964844,96.58999633789062,92.0,96.16000366210938,803700.0,77283794.9432373,1.0
2022-06-27,96.6500015258789,97.12999725341795,93.69000244140624,96.79000091552734,451500.0,43700685.4133606,1.0
2022-06-28,97.41000366210938,98.9800033569336,94.58000183105467,95.0,370800.0,35226000.0,1.0
2022-06-29,95.44000244140624,96.22000122070312,92.25,95.63999938964844,333100.0,31857683.79669189,1.0
2022-06-30,94.16999816894533,95.36000061035156,90.66999816894533,93.16999816894533,306100.0,28519336.43951416,1.0
2022-07-01,93.72000122070312,94.54000091552734,91.37000274658205,93.2300033569336,279000.0,26011170.93658448,1.0
2022-07-05,92.62999725341795,95.7300033569336,89.76000213623047,95.6500015258789,355800.0,34032270.542907715,1.0
2022-07-06,96.25,96.79000091552734,92.0,94.02999877929688,279200.0,26253175.659179688,1.0
2022-07-07,93.98999786376952,98.69000244140624,93.98999786376952,97.9000015258789,271700.0,26599430.4145813,1.0
2022-07-08,95.9800033569336,97.91999816894533,94.44000244140624,96.8499984741211,214600.0,20784009.672546387,1.0
2022-07-11,96.4499969482422,96.4499969482422,92.66000366210938,93.62000274658205,235100.0,22010062.64572144,1.0
2022-07-12,94.5199966430664,95.70999908447266,91.4800033569336,92.48999786376952,287900.0,26627870.384979248,1.0
2022-07-13,91.61000061035156,94.16999816894533,90.3000030517578,92.56999969482422,209800.0,19421185.93597412,1.0
2022-07-14,91.1500015258789,91.98999786376952,88.61000061035156,91.26000213623048,207200.0,18909072.44262696,1.0
2022-07-15,92.54000091552734,94.98999786376952,91.8499984741211,94.6500015258789,225700.0,21362505.34439087,1.0
2022-07-18,95.56999969482422,97.70999908447266,94.86000061035156,95.0500030517578,338600.0,32183931.033325195,1.0
2022-07-19,96.62999725341795,98.4499969482422,95.93000030517578,97.62999725341795,296200.0,28918005.1864624,1.0
2022-07-20,98.62000274658205,103.9800033569336,97.83999633789062,103.4800033569336,313900.0,32482373.05374145,1.0
2022-07-21,103.54000091552734,105.62999725341795,103.3000030517578,104.47000122070312,227000.0,23714690.27709961,1.0
2022-07-22,105.13999938964844,105.20999908447266,101.22000122070312,102.12000274658205,185700.0,18963684.510040283,1.0
2022-07-25,102.12000274658205,102.4000015258789,99.75,101.4000015258789,252100.0,25562940.384674072,1.0
2022-07-26,100.88999938964844,100.88999938964844,97.86000061035156,98.83999633789062,263800.0,26073991.033935547,1.0
2022-07-27,100.43000030517578,104.72000122070312,99.5199966430664,104.41000366210938,276900.0,28911130.01403809,1.0
2022-07-28,104.54000091552734,108.41000366210938,104.54000091552734,107.91999816894533,275000.0,29677999.49645996,1.0
2022-07-29,107.33000183105467,111.12999725341795,106.11000061035156,110.19000244140624,389400.0,42907986.9506836,1.0
2022-08-01,109.37999725341795,112.2699966430664,107.5,111.0,312500.0,34687500.0,1.0
2022-08-02,109.62999725341795,113.93000030517578,109.62999725341795,113.01000213623048,268600.0,30354486.573791504,1.0
2022-08-03,114.33999633789062,116.9499969482422,113.58000183105467,116.66999816894533,226800.0,26460755.5847168,1.0
2022-08-04,117.05999755859376,117.98999786376952,114.31999969482422,116.5999984741211,226300.0,26386579.654693604,1.0
2022-08-05,114.9800033569336,117.47000122070312,114.0999984741211,116.29000091552734,258400.0,30049336.236572266,1.0
2022-08-08,117.88999938964844,120.61000061035156,115.77999877929688,116.2300033569336,316000.0,36728681.060791016,1.0
2022-08-09,114.22000122070312,114.95999908447266,111.0199966430664,111.62000274658205,380100.0,42426763.04397583,1.0
2022-08-10,119.43000030517578,129.47999572753906,119.3499984741211,126.06999969482422,803600.0,101309851.75476074,1.0
2022-08-11,126.48999786376952,127.4000015258789,123.30999755859376,124.0999984741211,348500.0,43248849.4682312,1.0
2022-08-12,124.0,129.55999755859375,123.1500015258789,129.49000549316406,477100.0,61779681.620788574,1.0
2022-08-15,127.4800033569336,132.7100067138672,127.4800033569336,131.9199981689453,322800.0,42583775.40893555,1.0
2022-08-16,130.64999389648438,133.25999450683594,129.0399932861328,133.22999572753906,330200.0,43992544.5892334,1.0
2022-08-17,131.0399932861328,132.41000366210938,129.02000427246094,130.57000732421875,250100.0,32655558.83178711,1.0
2022-08-18,131.61000061035156,132.17999267578125,130.25999450683594,132.13999938964844,318900.0,42139445.80535889,1.0
2022-08-19,130.7899932861328,131.36000061035156,129.49000549316406,130.6999969482422,405600.0,53011918.76220703,1.0
2022-08-22,127.58999633789062,129.72000122070312,126.1999969482422,128.13999938964844,631300.0,80894781.61468506,1.0
2022-08-23,128.1199951171875,129.16000366210938,121.80999755859376,121.86000061035156,329700.0,40177242.20123291,1.0
2022-08-24,121.80999755859376,125.25,121.76000213623048,123.37999725341795,231100.0,28513117.365264893,1.0
2022-08-25,124.18000030517578,127.76000213623048,123.86000061035156,127.66000366210938,225200.0,28749032.82470703,1.0
2022-08-26,127.6999969482422,127.6999969482422,122.0199966430664,122.23999786376952,266000.0,32515839.43176269,1.0
2022-08-29,120.37999725341795,122.0199966430664,118.5500030517578,120.62000274658205,252700.0,30480674.69406128,1.0
2022-08-30,121.33000183105467,124.20999908447266,117.01000213623048,117.70999908447266,239800.0,28226857.780456543,1.0
2022-08-31,118.44000244140624,120.13999938964844,115.62999725341795,116.68000030517578,270900.0,31608612.08267212,1.0
2022-09-01,115.12999725341795,115.83000183105467,111.93000030517578,115.0,295900.0,34028500.0,1.0
2022-09-02,116.75,116.97000122070312,113.41999816894533,115.77999877929688,569300.0,65913553.30505371,1.0
2022-09-06,115.44000244140624,117.87999725341795,114.58000183105467,117.70999908447266,478700.0,56347776.56173706,1.0
2022-09-07,117.8000030517578,124.16999816894533,117.27999877929688,123.7300033569336,357100.0,44183984.19876099,1.0
2022-09-08,122.1500015258789,124.5,121.61000061035156,122.7300033569336,229800.0,28203354.77142334,1.0
2022-09-09,123.05999755859376,125.12000274658205,123.05999755859376,124.19000244140624,230100.0,28576119.56176757,1.0
2022-09-12,124.98999786376952,125.4000015258789,122.62000274658205,124.8000030517578,332300.0,41471041.01409912,1.0
2022-09-13,119.8000030517578,120.41999816894533,117.9000015258789,118.72000122070312,293200.0,34808704.35791016,1.0
2022-09-14,118.9800033569336,120.20999908447266,116.01000213623048,120.01000213623048,314800.0,37779148.67248535,1.0
2022-09-15,120.25,122.58999633789062,118.5,120.16999816894533,287300.0,34524840.47393799,1.0
2022-09-16,118.0999984741211,119.43000030517578,115.58999633789062,118.33999633789062,1338500.0,158398085.0982666,1.0
2022-09-19,118.04000091552734,119.88999938964844,115.69000244140624,117.95999908447266,271800.0,32061527.751159668,1.0
2022-09-20,116.6999969482422,117.91999816894533,114.1999969482422,117.08999633789062,292100.0,34201987.93029785,1.0
2022-09-21,118.1999969482422,120.52999877929688,116.12999725341795,116.19000244140624,452100.0,52529500.103759766,1.0
2022-09-22,115.1999969482422,115.1999969482422,110.88999938964844,111.9499969482422,477300.0,53433733.543396,1.0
2022-09-23,110.0,113.76000213623048,109.30999755859376,113.45999908447266,434000.0,49241639.60266113,1.0
2022-09-26,112.41999816894533,114.87999725341795,110.01000213623048,110.6500015258789,375200.0,41515880.572509766,1.0
2022-09-27,111.88999938964844,113.91999816894533,109.47000122070312,113.23999786376952,418200.0,47356967.10662842,1.0
2022-09-28,113.94000244140624,116.05999755859376,113.31999969482422,115.69000244140624,261700.0,30276073.638916016,1.0
2022-09-29,113.75,114.6999969482422,111.33000183105467,114.16000366210938,372300.0,42501769.36340332,1.0
2022-09-30,113.91999816894533,118.69000244140624,113.91999816894533,115.75,447200.0,51763400.0,1.0
2022-10-03,116.08999633789062,116.98999786376952,112.54000091552734,115.97000122070312,287300.0,33318181.350708008,1.0
2022-10-04,119.4499969482422,121.6999969482422,119.26000213623048,120.9499969482422,322300.0,38982184.01641846,1.0
2022-10-05,119.16999816894533,124.2300033569336,118.55999755859376,123.29000091552734,557400.0,68721846.51031494,1.0
2022-10-06,123.56999969482422,128.7899932861328,123.56999969482422,126.44000244140624,470300.0,59464733.14819336,1.0
2022-10-07,123.94000244140624,124.5500030517578,121.62999725341795,123.75,404000.0,49995000.0,1.0
2022-10-10,124.12999725341795,128.08999633789062,121.52999877929688,126.16000366210938,564900.0,71267786.06872559,1.0
2022-10-11,125.79000091552734,127.83000183105467,120.18000030517578,121.3499984741211,523500.0,63526724.20120239,1.0
2022-10-12,121.3499984741211,122.4499969482422,119.66999816894533,120.58000183105467,269400.0,32484252.493286133,1.0
2022-10-13,118.01000213623048,122.04000091552734,115.02999877929688,120.91999816894533,365300.0,44172075.33111572,1.0
2022-10-14,122.41000366210938,122.9800033569336,117.3499984741211,119.4499969482422,402100.0,48030843.77288818,1.0
2022-10-17,121.88999938964844,125.7699966430664,121.88999938964844,124.7300033569336,302900.0,37780718.01681519,1.0
2022-10-18,128.2899932861328,129.9199981689453,126.22000122070312,128.16000366210938,471100.0,60376177.72521973,1.0
2022-10-19,127.95999908447266,128.2899932861328,121.77999877929688,124.3499984741211,611400.0,76027589.06707764,1.0
2022-10-20,123.19000244140624,128.3699951171875,123.16999816894533,126.61000061035156,346000.0,43807060.21118164,1.0
2022-10-21,126.5999984741211,130.77999877929688,124.11000061035156,130.60000610351562,354400.0,46284642.16308594,1.0
2022-10-24,130.9600067138672,139.19000244140625,129.5,137.8699951171875,810100.0,111688483.0444336,1.0
2022-10-25,138.05999755859375,139.82000732421875,134.47999572753906,137.1199951171875,629600.0,86330748.92578125,1.0
2022-10-26,135.91000366210938,141.13999938964844,135.02000427246094,137.02999877929688,531100.0,72776632.35168457,1.0
2022-10-27,137.94000244140625,140.6199951171875,136.52999877929688,139.99000549316406,395200.0,55324050.17089844,1.0
2022-10-28,140.27000427246094,142.17999267578125,138.61000061035156,142.07000732421875,372400.0,52906870.72753906,1.0
2022-10-31,142.1699981689453,145.5,140.63999938964844,145.44000244140625,556300.0,80908273.3581543,1.0
2022-11-01,147.1699981689453,148.67999267578125,145.42999267578125,147.58999633789062,631600.0,93217841.68701172,1.0
2022-11-02,146.61000061035156,149.64999389648438,144.82000732421875,145.22000122070312,842400.0,122333329.02832033,1.0
2022-11-03,142.67999267578125,148.55999755859375,142.4600067138672,147.39999389648438,795700.0,117286175.14343262,1.0
2022-11-04,149.7100067138672,149.82000732421875,143.67999267578125,148.66000366210938,535800.0,79652029.9621582,1.0
2022-11-07,149.2899932861328,149.2899932861328,145.5,148.44000244140625,554400.0,82295137.35351562,1.0
2022-11-08,149.0,150.00999450683594,144.82000732421875,150.0,718800.0,107820000.0,1.0
2022-11-09,162.0,177.8800048828125,161.6999969482422,171.83999633789062,1628000.0,279755514.03808594,1.0
2022-11-10,177.0,184.75,175.0,182.75,871700.0,159303175.0,1.0
2022-11-11,178.1699981689453,188.7400054931641,178.0,182.94000244140625,842500.0,154126952.05688477,1.0
2022-11-14,180.52999877929688,185.25,177.61000061035156,180.88999938964844,654800.0,118446771.6003418,1.0
2022-11-15,180.72000122070312,188.19000244140625,180.6100006103516,187.9600067138672,725400.0,136346188.87023926,1.0
2022-11-16,187.1100006103516,191.38999938964844,180.72999572753903,191.0399932861328,645500.0,123316315.66619872,1.0
2022-11-17,189.1000061035156,192.2400054931641,186.1499938964844,192.13999938964844,539800.0,103717171.67053224,1.0
2022-11-18,193.8500061035156,193.8500061035156,183.94000244140625,185.22000122070312,853800.0,158140837.04223633,1.0
2022-11-21,184.7100067138672,188.97999572753903,182.1100006103516,186.9499969482422,353400.0,66068128.92150879,1.0
2022-11-22,187.0599975585937,188.0,184.02999877929688,187.3099975585937,409800.0,76759636.99951172,1.0
2022-11-23,188.6600036621093,189.8500061035156,186.8000030517578,187.75,412800.0,77503200.0,1.0
2022-11-25,187.3699951171875,188.27999877929688,185.8600006103516,187.9199981689453,266000.0,49986719.51293945,1.0
2022-11-28,187.0,188.6699981689453,183.6499938964844,183.94000244140625,365000.0,67138100.89111328,1.0
2022-11-29,184.22000122070312,185.2100067138672,181.0800018310547,181.259994506836,428200.0,77615529.64782715,1.0
2022-11-30,181.27999877929688,185.1499938964844,180.58999633789065,184.02999877929688,836600.0,153959496.97875977,1.0
2022-12-01,177.9499969482422,186.94000244140625,176.3800048828125,185.5500030517578,772700.0,143374487.35809326,1.0
2022-12-02,183.2400054931641,190.47999572753903,181.57000732421875,188.8300018310547,449400.0,84860202.82287598,1.0
2022-12-05,186.38999938964844,188.3099975585937,183.19000244140625,184.009994506836,423100.0,77854628.67584229,1.0
2022-12-06,176.89999389648438,176.89999389648438,168.69000244140625,169.42999267578125,1060600.0,179697450.2319336,1.0
2022-12-07,170.41000366210938,171.83999633789062,168.3000030517578,170.16000366210938,1164700.0,198185356.2652588,1.0
2022-12-08,171.77999877929688,175.0,169.8300018310547,171.7100067138672,536100.0,92053734.5993042,1.0
2022-12-09,171.6199951171875,172.72999572753906,168.3800048828125,168.61000061035156,399200.0,67309112.24365234,1.0
2022-12-12,170.25999450683594,171.22000122070312,168.44000244140625,168.58999633789062,394700.0,66542471.55456543,1.0
2022-12-13,175.2899932861328,175.49000549316406,169.25,170.80999755859375,596100.0,101819839.54467772,1.0
2022-12-14,171.4499969482422,175.74000549316406,170.07000732421875,173.52000427246094,412300.0,71542297.76153564,1.0
2022-12-15,172.1999969482422,172.8300018310547,169.7899932861328,171.05999755859375,393200.0,67260791.04003906,1.0
2022-12-16,169.72999572753906,171.9600067138672,168.2899932861328,169.33999633789062,709700.0,120180595.40100098,1.0
2022-12-19,168.9600067138672,171.4199981689453,166.64999389648438,167.57000732421875,471000.0,78925473.44970703,1.0
2022-12-20,167.1999969482422,171.8699951171875,166.61000061035156,171.3699951171875,579000.0,99223227.17285156,1.0
2022-12-21,172.6300048828125,175.64999389648438,171.86000061035156,174.72000122070312,500100.0,87377472.61047363,1.0
2022-12-22,172.63999938964844,173.11000061035156,165.6300048828125,167.82000732421875,370300.0,62143748.7121582,1.0
2022-12-23,168.1999969482422,171.24000549316406,165.5,168.97999572753906,306600.0,51809266.69006348,1.0
2022-12-27,168.72999572753906,172.47999572753906,166.22999572753906,166.25,291200.0,48412000.0,1.0
2022-12-28,165.8699951171875,167.80999755859375,164.25,165.10000610351562,290300.0,47928531.771850586,1.0
2022-12-29,166.49000549316406,168.1999969482422,165.16000366210938,165.5800018310547,296200.0,49044796.5423584,1.0
2022-12-30,163.8699951171875,166.7100067138672,162.38999938964844,165.92999267578125,341500.0,56665092.4987793,1.0
2023-01-03,167.8800048828125,168.9199981689453,164.6699981689453,168.24000549316406,441500.0,74277962.42523193,1.0
2023-01-04,168.24000549316406,171.1300048828125,166.64999389648438,168.75999450683594,438100.0,73933753.59344482,1.0
2023-01-05,166.97000122070312,170.66000366210938,165.72000122070312,165.74000549316406,537100.0,89018956.95037842,1.0
2023-01-06,166.47000122070312,171.52000427246094,166.13999938964844,170.89999389648438,372900.0,63728607.72399902,1.0
2023-01-09,171.9600067138672,178.8699951171875,171.9600067138672,177.4499969482422,740700.0,131437212.739563,1.0
2023-01-10,177.77000427246094,181.19000244140625,176.99000549316406,179.3300018310547,489500.0,87782035.89630127,1.0
2023-01-11,180.8699951171875,183.25,178.02000427246094,181.42999267578125,637900.0,115734192.32788086,1.0
2023-01-12,181.44000244140625,184.6499938964844,179.00999450683594,184.0800018310547,519200.0,95574336.9506836,1.0
2023-01-13,182.69000244140625,189.6199951171875,182.1300048828125,188.1300048828125,774900.0,145781940.7836914,1.0
2023-01-17,188.3099975585937,189.13999938964844,184.2700042724609,184.47000122070312,582100.0,107379987.71057127,1.0
2023-01-18,186.3300018310547,188.759994506836,181.6600036621093,182.2700042724609,559100.0,101907159.38873293,1.0
2023-01-19,181.5200042724609,185.5,181.5200042724609,184.0599975585937,567000.0,104362018.61572266,1.0
2023-01-20,186.0800018310547,186.5,182.72000122070312,185.0200042724609,585200.0,108273706.50024414,1.0
2023-01-23,187.22000122070312,194.8000030517578,185.9199981689453,188.9499969482422,1460300.0,275923680.54351807,1.0
2023-01-24,188.1300048828125,189.83999633789065,184.5,188.9600067138672,577800.0,109181091.87927246,1.0
2023-01-25,188.33999633789065,193.17999267578125,184.0399932861328,192.17999267578125,556000.0,106852075.92773438,1.0
2023-01-26,193.9100036621093,194.72999572753903,186.72000122070312,192.3300018310547,718400.0,138169873.3154297,1.0
2023-01-27,192.2899932861328,193.69000244140625,188.72000122070312,191.6100006103516,880900.0,168789249.5376587,1.0
2023-01-30,191.2700042724609,198.3999938964844,189.75,191.4600067138672,812600.0,155580401.45568848,1.0
2023-01-31,191.8000030517578,195.63999938964844,191.8000030517578,195.44000244140625,790200.0,154436689.92919922,1.0
2023-02-01,197.1600036621093,199.44000244140625,192.7100067138672,198.38999938964844,511400.0,101456645.6878662,1.0
2023-02-02,200.0,204.9900054931641,196.4100036621093,198.5399932861328,681300.0,135265297.4258423,1.0
2023-02-03,196.1999969482422,202.44000244140625,195.6999969482422,198.19000244140625,461400.0,91444867.12646484,1.0
2023-02-06,197.3600006103516,200.69000244140625,194.5800018310547,195.9499969482422,558500.0,109438073.29559326,1.0
2023-02-07,194.759994506836,194.759994506836,168.3000030517578,188.5800018310547,2400500.0,452686294.3954468,1.0
2023-02-08,186.7899932861328,189.57000732421875,184.7400054931641,185.0,1162000.0,214970000.0,1.0
2023-02-09,187.0,191.22000122070312,183.4499969482422,183.8099975585937,810500.0,148978003.02124023,1.0
2023-02-10,181.02999877929688,187.8300018310547,180.97000122070312,184.5500030517578,630200.0,116303411.92321776,1.0
2023-02-13,186.8800048828125,190.4499969482422,183.6600036621093,190.32000732421875,562900.0,107131132.12280272,1.0
2023-02-14,189.6000061035156,194.3099975585937,188.42999267578125,193.8999938964844,426100.0,82620787.39929199,1.0
2023-02-15,194.7899932861328,199.3000030517578,192.9100036621093,198.9900054931641,395500.0,78700547.17254639,1.0
2023-02-16,197.3500061035156,200.97000122070312,195.9100036621093,196.0500030517578,405200.0,79439461.23657227,1.0
2023-02-17,192.8600006103516,193.5599975585937,186.509994506836,189.259994506836,836700.0,158353837.40386963,1.0
2023-02-21,188.8699951171875,191.77999877929688,187.63999938964844,189.7700042724609,527100.0,100027769.25201416,1.0
2023-02-22,191.13999938964844,194.8699951171875,190.4100036621093,193.58999633789065,459700.0,88993321.31652832,1.0
2023-02-23,195.52999877929688,196.5500030517578,192.5200042724609,195.0399932861328,664000.0,129506555.5419922,1.0
2023-02-24,192.259994506836,196.7400054931641,191.509994506836,193.5500030517578,605800.0,117252591.84875488,1.0
2023-02-27,194.44000244140625,199.52999877929688,194.1300048828125,194.97000122070312,815500.0,158998035.9954834,1.0
2023-02-28,194.5200042724609,201.6699981689453,194.3699951171875,200.3099975585937,4875300.0,976571331.097412,1.0
2023-03-01,208.7400054931641,221.3099975585937,202.8500061035156,221.0599975585937,2166900.0,479014908.7097168,1.0
2023-03-02,215.0,219.69000244140625,212.1999969482422,218.3099975585937,1050800.0,229400145.4345703,1.0
2023-03-03,212.5200042724609,224.0,212.5200042724609,220.9499969482422,922500.0,203826372.18475345,1.0
2023-03-06,217.58999633789065,223.8099975585937,216.1199951171875,221.3800048828125,804200.0,178033799.9267578,1.0
2023-03-07,222.1199951171875,224.4900054931641,219.7400054931641,222.2400054931641,720300.0,160079475.95672607,1.0
2023-03-08,226.0,226.0,220.57000732421875,221.8000030517578,820700.0,182031262.50457764,1.0
2023-03-09,221.33999633789065,222.0,217.8800048828125,217.88999938964844,746200.0,162589517.54455566,1.0
2023-03-10,218.47000122070312,218.47000122070312,212.7400054931641,213.0,598400.0,127459200.0,1.0
2023-03-13,209.5599975585937,214.77999877929688,207.0,211.0,714100.0,150675100.0,1.0
2023-03-14,214.7700042724609,216.17999267578125,212.13999938964844,215.0,930900.0,200143500.0,1.0
2023-03-15,212.5399932861328,213.3999938964844,207.3000030517578,211.2100067138672,610200.0,128880346.09680176,1.0
2023-03-16,210.3000030517578,217.1199951171875,208.97000122070312,216.97999572753903,438500.0,95145728.12652588,1.0
2023-03-17,215.3600006103516,216.5800018310547,210.9600067138672,213.1199951171875,941600.0,200673787.4023437,1.0
2023-03-20,214.1499938964844,215.4499969482422,212.0200042724609,213.72000122070312,699400.0,149475768.85375977,1.0
2023-03-21,218.6000061035156,221.69000244140625,217.5,219.67999267578125,611700.0,134378251.5197754,1.0
2023-03-22,218.75,218.94000244140625,213.22000122070312,213.509994506836,422800.0,90272025.67749023,1.0
2023-03-23,215.3000030517578,217.6600036621093,211.2899932861328,215.72000122070312,505200.0,108981744.61669922,1.0
2023-03-24,213.5599975585937,216.9900054931641,212.3800048828125,216.5800018310547,296000.0,64107680.54199219,1.0
2023-03-27,218.75,220.8000030517578,215.72000122070312,218.58999633789065,469600.0,102649862.28027344,1.0
2023-03-28,217.6199951171875,218.9900054931641,214.77999877929688,215.6000061035156,448000.0,96588802.734375,1.0
2023-03-29,217.8600006103516,219.07000732421875,215.82000732421875,216.8300018310547,835400.0,181139783.5296631,1.0
2023-03-30,219.3000030517578,219.38999938964844,216.25,217.6999969482422,572600.0,124655018.25256348,1.0
2023-03-31,219.63999938964844,227.5599975585937,218.4100036621093,224.8500061035156,1411200.0,317308328.61328125,1.0
2023-04-03,223.97999572753903,227.4900054931641,221.9900054931641,227.38999938964844,537100.0,122131168.67218018,1.0
2023-04-04,227.8999938964844,229.0,221.1999969482422,223.0,466200.0,103962600.0,1.0
2023-04-05,221.1999969482422,223.0,213.72999572753903,217.2899932861328,682700.0,148343878.41644287,1.0
2023-04-06,217.0,219.7700042724609,215.6999969482422,219.7100067138672,507700.0,111546770.40863036,1.0
2023-04-10,218.6699981689453,222.77999877929688,217.5500030517578,222.6300048828125,395600.0,88072429.93164062,1.0
2023-04-11,224.6600036621093,226.3800048828125,222.13999938964844,224.009994506836,637200.0,142739168.49975586,1.0
2023-04-12,225.0,226.5,221.509994506836,222.22000122070312,550800.0,122398776.67236328,1.0
2023-04-13,224.4600067138672,225.0800018310547,220.8000030517578,223.3099975585937,843400.0,188339651.940918,1.0
2023-04-14,222.3500061035156,224.72000122070312,221.4100036621093,223.9100036621093,764500.0,171179197.79968262,1.0
2023-04-17,225.0,228.7899932861328,224.52999877929688,225.57000732421875,485500.0,109514238.5559082,1.0
2023-04-18,225.9600067138672,228.6000061035156,225.25,227.52999877929688,503500.0,114561354.38537598,1.0
2023-04-19,225.8500061035156,227.5,224.0,226.33999633789065,1370900.0,310289500.97961426,1.0
2023-04-20,224.3600006103516,228.009994506836,223.3099975585937,224.47000122070312,588200.0,132033254.71801758,1.0
2023-04-21,224.6100006103516,227.2700042724609,223.3099975585937,225.0200042724609,513200.0,115480266.19262695,1.0
2023-04-24,224.6600036621093,226.8099975585937,222.3800048828125,224.5,614900.0,138045050.0,1.0
2023-04-25,223.88999938964844,224.5,220.3500061035156,220.8500061035156,529000.0,116829653.22875977,1.0
2023-04-26,220.0,221.0200042724609,216.08999633789065,216.1300048828125,508000.0,109794042.48046876,1.0
2023-04-27,216.759994506836,217.47999572753903,212.5599975585937,215.5500030517578,675300.0,145560917.06085205,1.0
2023-04-28,213.82000732421875,214.33999633789065,207.72000122070312,210.7100067138672,660400.0,139152888.4338379,1.0
2023-05-01,211.3300018310547,216.3500061035156,210.3000030517578,216.0,1026200.0,221659200.0,1.0
2023-05-02,216.5800018310547,220.5800018310547,214.009994506836,220.22000122070312,1187700.0,261555295.4498291,1.0
2023-05-03,220.8300018310547,229.9499969482422,220.1600036621093,220.8800048828125,17765900.0,3924132078.747559,1.0
2023-05-04,219.5,222.32000732421875,216.0,219.1000061035156,1007400.0,220721346.14868164,1.0
2023-05-05,218.4600067138672,220.57000732421875,214.0,219.9100036621093,796600.0,175180308.91723633,1.0
2023-05-08,219.9100036621093,222.6600036621093,219.72999572753903,221.8600006103516,685400.0,152062844.41833496,1.0
2023-05-09,222.0800018310547,228.4100036621093,221.5,226.8800048828125,1135900.0,257712997.54638672,1.0
2023-05-10,222.72999572753903,224.1100006103516,186.32000732421875,192.72999572753903,3724200.0,717765050.088501,1.0
2023-05-11,197.83999633789065,204.8999938964844,197.0,204.6000061035156,1816900.0,371737751.0894776,1.0
2023-05-12,205.1199951171875,207.1499938964844,200.17999267578125,201.5,889400.0,179214100.0,1.0
2023-05-15,200.1999969482422,205.3000030517578,198.5,203.47000122070312,781600.0,159032152.95410156,1.0
2023-05-16,203.25,204.9900054931641,201.1300048828125,201.2100067138672,639700.0,128714041.29486084,1.0
2023-05-17,201.92999267578125,202.92999267578125,196.75,197.67999267578125,830700.0,164212769.91577148,1.0
2023-05-18,201.4900054931641,202.0,199.4900054931641,201.6999969482422,1137500.0,229433746.5286255,1.0
2023-05-19,201.88999938964844,203.1499938964844,196.2100067138672,196.8600006103516,1060200.0,208710972.6470948,1.0
2023-05-22,197.5800018310547,203.1999969482422,196.259994506836,201.75,859800.0,173464650.0,1.0
2023-05-23,200.009994506836,204.22999572753903,193.9100036621093,195.8000030517578,784700.0,153644262.39471436,1.0
2023-05-24,194.4199981689453,195.9900054931641,191.8000030517578,192.8099975585937,693400.0,133694452.3071289,1.0
2023-05-25,193.4900054931641,194.5200042724609,189.6300048828125,193.9600067138672,816300.0,158329553.4805298,1.0
2023-05-26,195.0,197.6499938964844,194.1300048828125,194.9499969482422,708200.0,138063587.83874512,1.0
2023-05-30,196.0,197.4900054931641,191.8999938964844,193.1600036621093,717200.0,138534354.62646484,1.0
2023-05-31,192.47000122070312,193.3999938964844,189.8999938964844,192.9100036621093,3270500.0,630912166.9769287,1.0
2023-06-01,191.58999633789065,195.3800048828125,190.509994506836,192.13999938964844,1317900.0,253221305.19561768,1.0
2023-06-02,193.33999633789065,194.7899932861328,190.8099975585937,193.25,791600.0,152976700.0,1.0
2023-06-05,192.8600006103516,193.52999877929688,190.2100067138672,191.8600006103516,695800.0,133496188.42468262,1.0
2023-06-06,191.8800048828125,195.9600067138672,191.17999267578125,194.8800048828125,606900.0,118272674.9633789,1.0
2023-06-07,194.8800048828125,199.83999633789065,193.3999938964844,197.8800048828125,966700.0,191290600.72021484,1.0
2023-06-08,196.5200042724609,199.0,194.509994506836,194.7400054931641,495000.0,96396302.7191162,1.0
2023-06-09,195.5399932861328,197.0,194.08999633789065,194.82000732421875,425500.0,82895913.11645508,1.0
2023-06-12,195.8999938964844,198.0500030517578,194.4900054931641,196.8500061035156,547400.0,107755693.34106444,1.0
2023-06-13,196.8500061035156,198.3800048828125,195.1999969482422,196.6600036621093,658000.0,129402282.40966795,1.0
2023-06-14,195.8300018310547,198.7100067138672,195.0,197.8099975585937,969600.0,191796573.6328125,1.0
2023-06-15,196.8800048828125,203.3800048828125,196.8800048828125,202.08999633789065,733000.0,148131967.31567383,1.0
2023-06-16,203.6300048828125,206.3300018310547,199.9600067138672,202.3600006103516,3200200.0,647592473.9532471,1.0
2023-06-20,201.5,205.3999938964844,199.2899932861328,204.7700042724609,1125800.0,230530070.8099365,1.0
2023-06-21,205.6499938964844,205.6499938964844,197.25,197.5399932861328,582200.0,115007784.09118652,1.0
2023-06-22,197.0,198.58999633789065,194.33999633789065,196.9199981689453,511200.0,100665503.06396484,1.0
2023-06-23,194.6699981689453,194.6999969482422,188.6499938964844,188.7100067138672,1318500.0,248814143.8522339,1.0
2023-06-26,188.8800048828125,190.1499938964844,186.8800048828125,189.6300048828125,868300.0,164655733.2397461,1.0
2023-06-27,191.1300048828125,195.7400054931641,191.1300048828125,195.3800048828125,454300.0,88761136.21826172,1.0
2023-06-28,195.759994506836,196.4100036621093,193.6699981689453,194.58999633789065,515700.0,100350061.1114502,1.0
2023-06-29,194.8500061035156,197.3500061035156,193.22999572753903,195.8300018310547,490300.0,96015449.89776611,1.0
2023-06-30,196.5800018310547,196.88999938964844,194.6199951171875,195.1199951171875,509700.0,99452661.51123048,1.0
2023-07-03,194.3099975585937,194.92999267578125,189.8800048828125,194.5800018310547,379400.0,73823652.69470215,1.0
2023-07-05,193.3099975585937,195.7899932861328,192.4499969482422,193.6100006103516,487700.0,94423597.29766846,1.0
2023-07-06,192.4100036621093,193.009994506836,188.1000061035156,188.82000732421875,490100.0,92540685.5895996,1.0
2023-07-07,189.58999633789065,190.8600006103516,186.69000244140625,188.1000061035156,636400.0,119706843.88427734,1.0
2023-07-10,189.02999877929688,195.4199981689453,188.8600006103516,195.3600006103516,556600.0,108737376.33972168,1.0
2023-07-11,195.3500061035156,196.88999938964844,193.8699951171875,195.5800018310547,527800.0,103227124.96643066,1.0
2023-07-12,197.3699951171875,197.3699951171875,192.47000122070312,195.8800048828125,428500.0,83934582.09228516,1.0
2023-07-13,196.509994506836,197.4199981689453,193.52999877929688,194.02999877929688,434000.0,84209019.47021484,1.0
2023-07-14,192.759994506836,193.97000122070312,190.9199981689453,192.2400054931641,344700.0,66265129.89349365,1.0
2023-07-17,192.22999572753903,196.9199981689453,191.8000030517578,196.1600036621093,314500.0,61692321.1517334,1.0
2023-07-18,195.77999877929688,196.6600036621093,191.9499969482422,192.25,647100.0,124404975.0,1.0
2023-07-19,192.2700042724609,193.9100036621093,187.7100067138672,189.52999877929688,889200.0,168530074.91455078,1.0
2023-07-20,189.5399932861328,190.07000732421875,183.1600036621093,184.02999877929688,620000.0,114098599.24316406,1.0
2023-07-21,184.9499969482422,185.3000030517578,179.61000061035156,179.9600067138672,1135900.0,204416571.6262817,1.0
2023-07-24,179.5399932861328,181.33999633789065,177.13999938964844,178.3000030517578,1155400.0,206007823.5260009,1.0
2023-07-25,176.83999633789062,180.4100036621093,176.0800018310547,180.02999877929688,741200.0,133438235.09521484,1.0
2023-07-26,179.36000061035156,180.7700042724609,176.30999755859375,180.0399932861328,628300.0,113119127.78167725,1.0
2023-07-27,181.2400054931641,185.5500030517578,180.47000122070312,182.08999633789065,909300.0,165574433.67004395,1.0
2023-07-28,184.1199951171875,186.3600006103516,182.47000122070312,182.63999938964844,648000.0,118350719.6044922,1.0
2023-07-31,183.1499938964844,186.1499938964844,182.9100036621093,185.92999267578125,580900.0,108006732.74536131,1.0
2023-08-01,184.4499969482422,186.0500030517578,183.259994506836,183.3300018310547,425300.0,77970249.77874756,1.0
2023-08-02,181.94000244140625,182.3099975585937,177.91000366210938,178.02000427246094,558100.0,99352964.38446043,1.0
2023-08-03,177.00999450683594,178.82000732421875,175.3699951171875,177.10000610351562,457700.0,81058672.7935791,1.0
2023-08-04,178.49000549316406,182.9199981689453,178.3800048828125,180.8600006103516,1002200.0,181257892.6116944,1.0
2023-08-07,181.8999938964844,182.5800018310547,178.88999938964844,179.6699981689453,574800.0,103274314.94750977,1.0
2023-08-08,179.22000122070312,180.0800018310547,175.58999633789062,175.72999572753906,806500.0,141726241.55426025,1.0
2023-08-09,198.1199951171875,207.8600006103516,196.4900054931641,200.44000244140625,2983400.0,597992703.2836914,1.0
2023-08-10,203.8099975585937,208.9199981689453,202.3500061035156,204.1199951171875,1232800.0,251639129.98046875,1.0
2023-08-11,203.17999267578125,211.88999938964844,202.32000732421875,211.22999572753903,1428500.0,301742048.89678955,1.0
2023-08-14,209.58999633789065,211.6499938964844,206.0599975585937,206.6199951171875,802200.0,165750560.0830078,1.0
2023-08-15,206.6199951171875,207.3600006103516,202.58999633789065,203.0500030517578,683300.0,138744067.0852661,1.0
2023-08-16,201.8699951171875,202.1600036621093,198.1999969482422,200.77999877929688,512600.0,102919827.37426758,1.0
2023-08-17,200.4199981689453,200.4199981689453,195.0,195.38999938964844,540500.0,105608294.67010498,1.0
2023-08-18,193.1100006103516,200.72000122070312,192.8699951171875,200.1000061035156,737900.0,147653794.50378418,1.0
2023-08-21,199.5599975585937,201.07000732421875,195.6699981689453,196.94000244140625,432400.0,85156857.05566406,1.0
2023-08-22,196.8600006103516,199.5399932861328,196.0,198.9600067138672,300800.0,59847170.01953125,1.0
2023-08-23,199.4499969482422,200.58999633789065,197.63999938964844,200.3000030517578,403200.0,80760961.23046875,1.0
2023-08-24,200.44000244140625,204.17999267578125,195.8600006103516,196.009994506836,748000.0,146615475.89111328,1.0
2023-08-25,195.72999572753903,198.6199951171875,193.3099975585937,198.42999267578125,412200.0,81792842.98095703,1.0
2023-08-28,199.72999572753903,203.3600006103516,199.72999572753903,200.7100067138672,435500.0,87409207.92388916,1.0
2023-08-29,200.1100006103516,206.2899932861328,199.2700042724609,205.13999938964844,302400.0,62034335.81542969,1.0
2023-08-30,204.8000030517578,211.58999633789065,204.8000030517578,211.1000061035156,541300.0,114268433.303833,1.0
2023-08-31,212.0,215.27999877929688,211.8500061035156,212.9100036621093,862000.0,183528423.15673828,1.0
2023-09-01,213.6100006103516,215.47999572753903,212.3800048828125,215.38999938964844,343300.0,73943386.79046631,1.0
2023-09-05,214.5,214.8999938964844,208.1499938964844,212.25,697700.0,148086825.0,1.0
2023-09-06,212.6100006103516,215.44000244140625,211.7100067138672,213.5,330300.0,70519050.0,1.0
2023-09-07,213.4100036621093,216.8099975585937,210.42999267578125,216.0599975585937,459200.0,99214750.87890624,1.0
2023-09-08,215.33999633789065,217.6100006103516,214.1100006103516,214.7100067138672,359500.0,77188247.41363525,1.0
2023-09-11,214.47000122070312,215.0,210.8099975585937,213.19000244140625,326300.0,69563897.79663086,1.0
2023-09-12,210.8300018310547,213.1300048828125,210.259994506836,211.92999267578125,375500.0,79579712.24975586,1.0
2023-09-13,211.0,211.88999938964844,208.0500030517578,209.8600006103516,378700.0,79473982.23114014,1.0
2023-09-14,209.9499969482422,213.509994506836,209.32000732421875,212.509994506836,398700.0,84727734.80987549,1.0
2023-09-15,211.3800048828125,211.67999267578125,204.9499969482422,206.2100067138672,820100.0,169112826.50604248,1.0
2023-09-18,204.6000061035156,211.19000244140625,203.009994506836,208.17999267578125,497200.0,103507092.35839844,1.0
2023-09-19,207.22999572753903,207.22999572753903,201.2400054931641,203.8000030517578,478800.0,97579441.46118164,1.0
2023-09-20,205.33999633789065,206.32000732421875,203.19000244140625,203.3500061035156,458300.0,93195307.7972412,1.0
2023-09-21,201.02999877929688,201.7100067138672,196.009994506836,196.1300048828125,598300.0,117344581.92138672,1.0
2023-09-22,196.8800048828125,197.57000732421875,194.5,195.4199981689453,369200.0,72149063.32397461,1.0
2023-09-25,193.9499969482422,195.3500061035156,192.5,193.2400054931641,373600.0,72194466.0522461,1.0
2023-09-26,190.63999938964844,192.1999969482422,189.1199951171875,189.6100006103516,444700.0,84319567.27142334,1.0
2023-09-27,190.8500061035156,195.7100067138672,190.69000244140625,194.6499938964844,617800.0,120254766.22924805,1.0
2023-09-28,193.4100036621093,196.5500030517578,191.6000061035156,196.0800018310547,354200.0,69451536.64855957,1.0
2023-09-29,197.8600006103516,201.5399932861328,197.5800018310547,198.9900054931641,634300.0,126219360.48431396,1.0
2023-10-02,197.2899932861328,199.1000061035156,195.0500030517578,196.1499938964844,428500.0,84050272.38464355,1.0
2023-10-03,195.38999938964844,196.0599975585937,190.82000732421875,192.0599975585937,266600.0,51203195.34912109,1.0
2023-10-04,192.02999877929688,194.8999938964844,190.009994506836,194.6100006103516,335100.0,65213811.20452881,1.0
2023-10-05,194.8099975585937,196.5500030517578,192.7899932861328,196.1100006103516,300900.0,59009499.18365479,1.0
2023-10-06,193.1199951171875,201.4499969482422,192.6300048828125,199.6999969482422,370200.0,73928938.87023926,1.0
2023-10-09,202.1999969482422,209.94000244140625,200.9900054931641,208.8099975585937,532000.0,111086918.70117188,1.0
2023-10-10,210.0,216.3099975585937,209.6100006103516,215.2899932861328,591500.0,127344031.02874756,1.0
2023-10-11,216.63999938964844,220.7100067138672,216.0,220.0,728500.0,160270000.0,1.0
2023-10-12,220.67999267578125,220.67999267578125,214.19000244140625,215.4100036621093,424900.0,91527710.55603027,1.0
2023-10-13,216.6300048828125,217.8800048828125,214.27999877929688,215.42999267578125,410200.0,88369382.99560547,1.0
2023-10-16,217.1999969482422,220.4600067138672,216.67999267578125,220.0500030517578,307000.0,67555350.93688965,1.0
2023-10-17,218.52999877929688,223.3000030517578,218.0500030517578,222.5399932861328,568900.0,126603002.18048096,1.0
2023-10-18,222.0,223.1199951171875,219.4100036621093,219.52999877929688,327100.0,71808262.60070801,1.0
2023-10-19,218.8800048828125,218.8800048828125,210.6600036621093,212.3099975585937,365600.0,77620535.10742188,1.0
2023-10-20,212.92999267578125,212.92999267578125,207.1999969482422,210.8600006103516,354100.0,74665526.21612549,1.0
2023-10-23,209.97999572753903,212.67999267578125,208.0500030517578,210.0800018310547,213500.0,44852080.390930176,1.0
2023-10-24,212.8000030517578,215.1699981689453,212.2100067138672,213.3300018310547,283900.0,60564387.519836426,1.0
2023-10-25,212.5800018310547,212.5800018310547,206.6300048828125,207.8699951171875,278000.0,57787858.642578125,1.0
2023-10-26,207.8699951171875,210.0200042724609,204.32000732421875,204.57000732421875,386300.0,79025393.8293457,1.0
2023-10-27,204.67999267578125,205.88999938964844,199.2899932861328,200.759994506836,422800.0,84881325.67749023,1.0
2023-10-30,203.58999633789065,203.9199981689453,200.5500030517578,201.72999572753903,303300.0,61184707.7041626,1.0
2023-10-31,202.32000732421875,205.6199951171875,199.5,204.4900054931641,350900.0,71755542.92755127,1.0
2023-11-01,204.9499969482422,208.19000244140625,203.1600036621093,207.1499938964844,344800.0,71425317.89550781,1.0
2023-11-02,209.7700042724609,212.5800018310547,209.02999877929688,210.2700042724609,406400.0,85453729.73632812,1.0
2023-11-03,211.97000122070312,219.3600006103516,211.97000122070312,217.25,574100.0,124723225.0,1.0
2023-11-06,219.38999938964844,220.22000122070312,214.8300018310547,216.8600006103516,433700.0,94052182.26470947,1.0
2023-11-07,216.9199981689453,219.0200042724609,214.6999969482422,216.3699951171875,908700.0,196615414.56298828,1.0
2023-11-08,224.5,231.7100067138672,219.07000732421875,229.5800018310547,1603200.0,368062658.9355469,1.0
2023-11-09,230.22999572753903,230.6600036621093,212.88999938964844,215.6999969482422,811700.0,175083687.52288818,1.0
2023-11-10,216.1600036621093,220.0,215.44000244140625,217.94000244140625,830400.0,180977378.0273437,1.0
2023-11-13,218.2700042724609,219.75,216.72999572753903,218.6600036621093,380700.0,83243863.39416504,1.0
2023-11-14,221.3600006103516,223.57000732421875,220.509994506836,221.5800018310547,586700.0,130000987.0742798,1.0
2023-11-15,222.0,225.3800048828125,220.7700042724609,221.0800018310547,535000.0,118277800.97961426,1.0
2023-11-16,222.0500030517578,223.8099975585937,220.77999877929688,222.759994506836,322300.0,71795546.22955322,1.0
2023-11-17,224.9499969482422,224.9499969482422,222.27999877929688,223.47999572753903,458600.0,102487926.0406494,1.0
2023-11-20,224.3699951171875,227.3500061035156,224.1600036621093,226.22000122070312,287600.0,65060872.35107422,1.0
2023-11-21,226.0,230.3999938964844,226.0,228.4199981689453,408500.0,93309569.25201416,1.0
2023-11-22,228.42999267578125,230.82000732421875,226.7899932861328,226.8699951171875,233300.0,52928769.86083984,1.0
2023-11-24,227.13999938964844,228.72000122070312,227.13999938964844,228.4199981689453,101600.0,23207471.813964844,1.0
2023-11-27,227.3600006103516,230.0599975585937,227.0,228.1600036621093,311700.0,71117473.14147949,1.0
2023-11-28,228.3999938964844,230.3800048828125,226.4900054931641,227.07000732421875,227400.0,51635719.665527344,1.0
2023-11-29,228.8300018310547,230.0200042724609,225.1199951171875,225.8600006103516,248800.0,56193968.15185547,1.0
2023-11-30,226.4100036621093,230.3300018310547,224.27999877929688,229.8699951171875,721800.0,165920162.47558594,1.0
2023-12-01,229.8699951171875,233.8000030517578,226.5500030517578,231.509994506836,850400.0,196876099.32861328,1.0
2023-12-04,229.6000061035156,236.3800048828125,229.32000732421875,236.27999877929688,526600.0,124425047.35717772,1.0
2023-12-05,234.0200042724609,234.9900054931641,229.0200042724609,231.72000122070312,387900.0,89884188.47351074,1.0
2023-12-06,232.63999938964844,235.6499938964844,231.8300018310547,232.33999633789065,267000.0,62034779.0222168,1.0
2023-12-07,233.3300018310547,235.97999572753903,232.77999877929688,235.3300018310547,314300.0,73964219.57550049,1.0
2023-12-08,235.4100036621093,238.0399932861328,234.8300018310547,236.3800048828125,281800.0,66611885.37597656,1.0
2023-12-11,236.9900054931641,238.9600067138672,235.3300018310547,238.77999877929688,302300.0,72183193.63098145,1.0
2023-12-12,239.7400054931641,243.6100006103516,238.07000732421875,241.97000122070312,347400.0,84060378.42407227,1.0
2023-12-13,242.1199951171875,248.1000061035156,240.4900054931641,248.0599975585937,401900.0,99695313.01879884,1.0
2023-12-14,250.0,253.72999572753903,248.3000030517578,253.1199951171875,676100.0,171134428.69873047,1.0
2023-12-15,252.9100036621093,256.82000732421875,250.1699981689453,255.97999572753903,815500.0,208751686.5158081,1.0
2023-12-18,253.4600067138672,256.010009765625,251.4600067138672,255.69000244140625,372100.0,95142249.90844728,1.0
2023-12-19,257.69000244140625,260.3500061035156,254.6100006103516,255.9199981689453,446700.0,114319463.18206789,1.0
2023-12-20,255.9199981689453,257.6499938964844,252.1100006103516,252.7700042724609,559900.0,141525925.39215088,1.0
2023-12-21,256.94000244140625,257.67999267578125,253.5,256.8399963378906,311500.0,80005658.85925293,1.0
2023-12-22,258.29998779296875,260.69000244140625,257.1199951171875,259.0299987792969,279100.0,72295272.65930176,1.0
2023-12-26,257.94000244140625,259.2300109863281,256.8599853515625,258.1099853515625,180100.0,46485608.361816406,1.0
2023-12-27,257.8099975585937,259.95001220703125,257.1700134277344,259.0799865722656,340600.0,88242643.42651367,1.0
2023-12-28,259.6499938964844,259.8800048828125,257.9200134277344,258.5899963378906,257900.0,66690360.05554199,1.0
2023-12-29,258.0,259.45001220703125,256.3800048828125,258.3299865722656,330600.0,85403893.56079102,1.0
2024-01-02,254.47000122070312,256.010009765625,249.52999877929688,251.6300048828125,532400.0,133967814.59960938,1.0
2024-01-03,250.6199951171875,252.2400054931641,247.2700042724609,247.42999267578125,333000.0,82394187.56103516,1.0
2024-01-04,247.42999267578125,249.5599975585937,244.3500061035156,244.92999267578125,494200.0,121044402.3803711,1.0
2024-01-05,244.5,246.1000061035156,241.72000122070312,244.2100067138672,408600.0,99784208.74328612,1.0
2024-01-08,244.4499969482422,251.75,244.009994506836,251.6100006103516,344400.0,86654484.21020508,1.0
2024-01-09,248.47999572753903,250.5399932861328,247.8099975585937,249.1000061035156,452200.0,112643022.76000977,1.0
2024-01-10,249.97999572753903,250.97000122070312,248.0,249.0200042724609,470300.0,117114108.00933838,1.0
2024-01-11,249.8099975585937,251.72000122070312,247.1199951171875,249.5399932861328,383900.0,95798403.4225464,1.0
2024-01-12,250.8099975585937,253.8999938964844,248.44000244140625,250.69000244140625,485100.0,121609720.18432616,1.0
2024-01-16,250.27999877929688,251.6100006103516,246.9900054931641,249.47000122070312,385200.0,96095844.47021484,1.0
2024-01-17,247.1199951171875,250.67999267578125,247.1199951171875,250.509994506836,267200.0,66936270.53222656,1.0
2024-01-18,251.0599975585937,254.19000244140625,250.6499938964844,254.1000061035156,252400.0,64134841.540527344,1.0
2024-01-19,254.97999572753903,256.8599853515625,251.8699951171875,256.7900085449219,349200.0,89671070.98388672,1.0
2024-01-22,258.1199951171875,262.95001220703125,257.1700134277344,259.6600036621094,302700.0,78599083.10852051,1.0
2024-01-23,261.2799987792969,261.2799987792969,254.92999267578125,255.009994506836,252200.0,64313520.61462402,1.0
2024-01-24,257.3399963378906,257.3399963378906,250.42999267578125,251.2400054931641,369300.0,92782934.02862547,1.0
2024-01-25,252.77999877929688,253.92999267578125,250.6300048828125,252.6999969482422,229300.0,57944109.30023193,1.0
2024-01-26,252.5800018310547,254.0599975585937,249.009994506836,251.3600006103516,257000.0,64599520.15686035,1.0
2024-01-29,251.9900054931641,254.7700042724609,251.75,254.72999572753903,281400.0,71681020.79772949,1.0
2024-01-30,254.2400054931641,255.7400054931641,253.3999938964844,254.25,189100.0,48078675.0,1.0
2024-01-31,254.94000244140625,255.0200042724609,248.3800048828125,249.0599975585937,492500.0,122662048.79760742,1.0
2024-02-01,250.6499938964844,254.13999938964844,247.0399932861328,252.6999969482422,519400.0,131252378.414917,1.0
2024-02-02,252.6999969482422,258.6199951171875,251.1300048828125,256.989990234375,361900.0,93004677.46582033,1.0
2024-02-05,255.97000122070312,257.760009765625,252.1999969482422,257.4700012207031,322300.0,82982581.39343262,1.0
2024-02-06,258.6400146484375,259.69000244140625,255.5800018310547,259.4599914550781,226200.0,58689850.06713867,1.0
2024-02-07,260.3399963378906,270.95001220703125,259.1199951171875,265.4700012207031,784900.0,208367403.95812988,1.0
2024-02-08,265.0,269.5,264.5299987792969,269.0,306100.0,82340900.0,1.0
2024-02-09,270.82000732421875,271.3900146484375,268.44000244140625,270.9800109863281,247600.0,67094650.72021485,1.0
2024-02-12,270.5299987792969,273.5400085449219,265.04998779296875,266.7099914550781,482600.0,128714241.8762207,1.0
2024-02-13,261.2799987792969,269.2799987792969,255.67999267578125,264.45001220703125,377100.0,99724099.60327148,1.0
2024-02-14,268.0199890136719,271.4200134277344,264.8699951171875,270.8399963378906,307700.0,83337466.87316895,1.0
2024-02-15,272.1000061035156,274.7799987792969,268.0,272.7900085449219,257500.0,70243427.20031738,1.0
2024-02-16,272.0199890136719,273.9100036621094,269.7099914550781,269.79998779296875,250400.0,67557916.94335938,1.0
2024-02-20,267.3800048828125,269.1600036621094,265.2300109863281,267.70001220703125,296100.0,79265973.61450195,1.0
2024-02-21,267.0299987792969,268.19000244140625,260.2699890136719,263.7300109863281,396000.0,104437084.35058594,1.0
2024-02-22,267.5799865722656,272.3099975585937,267.3800048828125,271.5400085449219,286300.0,77741904.44641113,1.0
2024-02-23,272.8699951171875,273.7200012207031,268.989990234375,270.6300048828125,225000.0,60891751.09863281,1.0
2024-02-26,272.1499938964844,274.2699890136719,270.82000732421875,271.5899963378906,321900.0,87424819.82116699,1.0
2024-02-27,273.510009765625,273.6199951171875,265.32000732421875,271.82000732421875,841700.0,228790900.1647949,1.0
2024-02-28,280.70001220703125,318.8999938964844,275.0,309.2200012207031,2658700.0,822123217.2454834,1.0
2024-02-29,309.2200012207031,311.0400085449219,299.07000732421875,307.3699951171875,1501500.0,461516047.668457,1.0
2024-03-01,303.0,314.489990234375,302.239990234375,314.25,893700.0,280845225.0,1.0
2024-03-04,316.0,325.6300048828125,314.95001220703125,319.8800048828125,928100.0,296880632.5317383,1.0
2024-03-05,319.4800109863281,319.8099975585937,311.94000244140625,315.1000061035156,620200.0,195425023.7854004,1.0
2024-03-06,315.010009765625,318.0,310.25,314.9700012207031,467800.0,147342966.57104492,1.0
2024-03-07,315.1000061035156,317.989990234375,313.9599914550781,315.1300048828125,363300.0,114486730.77392578,1.0
2024-03-08,315.1300048828125,320.760009765625,308.8299865722656,312.7900085449219,432100.0,135156562.69226074,1.0
2024-03-11,310.94000244140625,313.5,308.8299865722656,310.92999267578125,447500.0,139141171.7224121,1.0
2024-03-12,309.8500061035156,312.07000732421875,305.9200134277344,311.3699951171875,400500.0,124703683.0444336,1.0
2024-03-13,311.5599975585937,312.54998779296875,304.5199890136719,306.7799987792969,603400.0,185111051.26342773,1.0
2024-03-14,307.42999267578125,310.8500061035156,304.75,306.42999267578125,427500.0,130998821.86889648,1.0
2024-03-15,304.17999267578125,309.70001220703125,304.17999267578125,307.6499938964844,1568800.0,482641310.4248047,1.0
2024-03-18,310.70001220703125,312.0,307.1000061035156,308.45001220703125,455900.0,140622360.56518555,1.0
2024-03-19,308.45001220703125,312.9100036621094,306.32000732421875,312.1300048828125,410700.0,128191793.0053711,1.0
2024-03-20,312.45001220703125,314.510009765625,308.6199951171875,314.2799987792969,298600.0,93844007.63549805,1.0
2024-03-21,316.5599975585937,319.1199951171875,314.6300048828125,316.0899963378906,279100.0,88220717.97790527,1.0
2024-03-22,318.17999267578125,318.17999267578125,312.3399963378906,316.32000732421875,378000.0,119568962.76855467,1.0
2024-03-25,316.5,317.5299987792969,313.8399963378906,315.4700012207031,629800.0,198683006.76879883,1.0
2024-03-26,315.4700012207031,320.5599975585937,314.75,319.1400146484375,433800.0,138442938.3544922,1.0
2024-03-27,321.0400085449219,321.7699890136719,314.1700134277344,315.6400146484375,401500.0,126729465.88134766,1.0
2024-03-28,316.9700012207031,316.9700012207031,311.8500061035156,312.8800048828125,357800.0,111948465.74707033,1.0
2024-04-01,314.3399963378906,314.7699890136719,309.9599914550781,311.3699951171875,318000.0,99015658.44726562,1.0
2024-04-02,309.3500061035156,310.1199951171875,304.79998779296875,309.3599853515625,340300.0,105275203.01513672,1.0
2024-04-03,308.19000244140625,311.67999267578125,308.19000244140625,309.1000061035156,344700.0,106546772.10388184,1.0
2024-04-04,312.1199951171875,315.6099853515625,306.6099853515625,306.8299865722656,272600.0,83641854.33959961,1.0
2024-04-05,306.82000732421875,312.25,306.5599975585937,309.8999938964844,183800.0,56959618.87817383,1.0
2024-04-08,311.19000244140625,314.20001220703125,309.1499938964844,311.2099914550781,286500.0,89161662.55187988,1.0
2024-04-09,310.5899963378906,311.44000244140625,306.2699890136719,311.2699890136719,305500.0,95092981.64367676,1.0
2024-04-10,308.8099975585937,320.3399963378906,307.8599853515625,318.260009765625,502800.0,160021132.91015625,1.0
2024-04-11,319.3900146484375,329.8699951171875,315.3999938964844,324.0899963378906,705100.0,228515856.41784668,1.0
2024-04-12,322.2300109863281,323.5,310.25,310.8099975585937,548100.0,170354959.66186523,1.0
2024-04-15,317.1700134277344,317.1700134277344,301.54998779296875,303.3099975585937,354900.0,107644718.13354492,1.0
2024-04-16,302.0,303.44000244140625,295.1000061035156,300.3099975585937,524300.0,157452531.7199707,1.0
2024-04-17,301.3699951171875,302.54998779296875,296.7300109863281,299.82000732421875,603300.0,180881410.4187012,1.0
2024-04-18,300.0,303.510009765625,297.29998779296875,297.5899963378906,593700.0,176679180.82580566,1.0
2024-04-19,299.17999267578125,299.5299987792969,291.3500061035156,293.6099853515625,551400.0,161896545.92285156,1.0
2024-04-22,294.8599853515625,296.8800048828125,291.3999938964844,293.79998779296875,513500.0,150866293.73168945,1.0
2024-04-23,296.7099914550781,302.57000732421875,295.3500061035156,301.5599975585937,486700.0,146769250.81176758,1.0
2024-04-24,304.07000732421875,308.1199951171875,302.2900085449219,302.4100036621094,524700.0,158674528.9215088,1.0
2024-04-25,300.989990234375,308.8299865722656,297.92999267578125,306.239990234375,305900.0,93678813.01269533,1.0
2024-04-26,306.57000732421875,311.8699951171875,306.57000732421875,308.2300109863281,300700.0,92684764.30358888,1.0
2024-04-29,308.239990234375,313.5899963378906,307.25,313.29998779296875,340600.0,106709975.84228516,1.0
2024-04-30,311.3099975585937,314.7799987792969,309.20001220703125,313.6600036621094,596100.0,186972728.1829834,1.0
2024-05-01,312.17999267578125,316.0,309.1099853515625,311.57000732421875,693700.0,216136114.0808105,1.0
2024-05-02,313.2200012207031,318.19000244140625,310.92999267578125,316.75,456700.0,144659725.0,1.0
2024-05-03,319.239990234375,321.0,316.6400146484375,318.54998779296875,279000.0,88875446.59423828,1.0
2024-05-06,322.0,329.17999267578125,321.4599914550781,327.6400146484375,773700.0,253495079.3334961,1.0
2024-05-07,312.82000732421875,317.5,304.8599853515625,312.7300109863281,1021700.0,319516252.22473145,1.0
2024-05-08,312.54998779296875,316.32000732421875,309.5299987792969,311.8599853515625,480400.0,149817536.96289062,1.0
2024-05-09,310.6400146484375,313.6300048828125,307.79998779296875,309.0899963378906,699200.0,216115725.43945312,1.0
2024-05-10,309.3800048828125,309.70001220703125,303.32000732421875,303.42999267578125,473900.0,143795473.52905273,1.0
2024-05-13,303.8800048828125,305.1099853515625,300.0299987792969,300.2300109863281,506800.0,152156569.5678711,1.0
2024-05-14,299.010009765625,299.010009765625,290.6600036621094,296.4599914550781,998300.0,295956009.4696045,1.0
2024-05-15,299.239990234375,300.0,292.7900085449219,293.95001220703125,683000.0,200767858.3374024,1.0
2024-05-16,293.6000061035156,294.1600036621094,288.3800048828125,290.44000244140625,536200.0,155733929.30908203,1.0
2024-05-17,292.45001220703125,292.6000061035156,286.67999267578125,288.7900085449219,513400.0,148264790.3869629,1.0
2024-05-20,289.9200134277344,292.8900146484375,288.19000244140625,292.0299987792969,524500.0,153169734.3597412,1.0
2024-05-21,291.8699951171875,291.989990234375,285.0599975585937,287.95001220703125,661700.0,190536523.0773925,1.0
2024-05-22,288.4800109863281,289.67999267578125,282.1000061035156,284.8699951171875,972100.0,276922122.253418,1.0
2024-05-23,285.0,286.2699890136719,279.19000244140625,279.989990234375,818100.0,229059811.0107422,1.0
2024-05-24,280.4800109863281,285.7799987792969,279.0,285.6300048828125,410800.0,117336806.00585938,1.0
2024-05-28,286.0400085449219,288.20001220703125,284.2300109863281,288.20001220703125,522100.0,150469226.37329102,1.0
2024-05-29,285.20001220703125,288.3999938964844,283.5,284.19000244140625,471500.0,133995586.15112305,1.0
2024-05-30,284.4599914550781,286.1600036621094,280.260009765625,281.7300109863281,340300.0,95872722.73864746,1.0
2024-05-31,281.7200012207031,283.0,275.19000244140625,281.6700134277344,731100.0,205928946.8170166,1.0
2024-06-03,281.3500061035156,283.0,275.7900085449219,278.5299987792969,401300.0,111774088.51013184,1.0
2024-06-04,277.7300109863281,278.54998779296875,273.5199890136719,276.2200012207031,399000.0,110211780.48706056,1.0
2024-06-05,278.5599975585937,282.2799987792969,276.2300109863281,282.1300048828125,476700.0,134491373.32763672,1.0
2024-06-06,282.1300048828125,283.4800109863281,276.9200134277344,279.1499938964844,381600.0,106523637.67089844,1.0
2024-06-07,279.57000732421875,282.6000061035156,278.239990234375,280.5,331300.0,92929650.0,1.0
2024-06-10,280.0799865722656,286.8099975585937,280.0799865722656,285.3999938964844,421900.0,120410257.42492676,1.0
2024-06-11,285.3299865722656,287.0599975585937,283.3299865722656,287.010009765625,407300.0,116899176.97753906,1.0
2024-06-12,290.010009765625,297.239990234375,288.8999938964844,295.8399963378906,546100.0,161558222.00012207,1.0
2024-06-13,295.6199951171875,297.7799987792969,292.2900085449219,293.4800109863281,383600.0,112578932.21435548,1.0
2024-06-14,292.0,294.3599853515625,287.2300109863281,292.3299865722656,401100.0,117253557.61413574,1.0
2024-06-17,292.510009765625,297.3800048828125,290.19000244140625,297.1700134277344,413500.0,122879800.55236816,1.0
2024-06-18,297.4800109863281,300.8500061035156,292.0400085449219,293.5199890136719,362300.0,106342292.01965332,1.0
2024-06-20,294.6099853515625,296.79998779296875,290.3800048828125,293.1400146484375,366200.0,107347873.3642578,1.0
2024-06-21,293.2200012207031,293.2200012207031,282.8900146484375,291.1499938964844,909800.0,264888264.44702148,1.0
2024-06-24,291.92999267578125,296.6199951171875,290.3800048828125,292.70001220703125,705100.0,206382778.60717773,1.0
2024-06-25,293.19000244140625,294.489990234375,290.6300048828125,292.6300048828125,473100.0,138443255.3100586,1.0
2024-06-26,292.0400085449219,293.32000732421875,288.69000244140625,292.8800048828125,350300.0,102595865.71044922,1.0
2024-06-27,292.6700134277344,298.3999938964844,290.79998779296875,298.3500061035156,438400.0,130796642.67578124,1.0
2024-06-28,300.0,304.5599975585937,293.5799865722656,294.239990234375,1083400.0,318779605.4199219,1.0
2024-07-01,296.5599975585937,296.5599975585937,287.19000244140625,289.2099914550781,332200.0,96075559.16137695,1.0
2024-07-02,288.25,293.6000061035156,286.510009765625,293.17999267578125,347600.0,101909365.45410156,1.0
2024-07-03,294.04998779296875,297.32000732421875,292.79998779296875,296.5599975585937,175300.0,51986967.572021484,1.0
2024-07-05,296.9100036621094,298.69000244140625,294.1400146484375,298.3800048828125,174400.0,52037472.8515625,1.0
2024-07-08,299.7699890136719,303.5299987792969,299.19000244140625,302.4800109863281,372100.0,112552812.0880127,1.0
2024-07-09,304.3699951171875,306.3500061035156,298.3599853515625,298.510009765625,398500.0,118956238.89160156,1.0
2024-07-10,299.0,299.7200012207031,292.989990234375,293.2900085449219,365700.0,107256156.12487791,1.0
2024-07-11,293.7300109863281,295.0,290.0199890136719,291.1600036621094,528300.0,153819829.93469238,1.0
2024-07-12,292.239990234375,296.9800109863281,290.0799865722656,292.6600036621094,289600.0,84754337.06054688,1.0
2024-07-15,294.7699890136719,308.8999938964844,293.0199890136719,308.6400146484375,642300.0,198239481.4086914,1.0
2024-07-16,311.0199890136719,319.79998779296875,311.0199890136719,319.42999267578125,698600.0,223153792.8833008,1.0
2024-07-17,321.20001220703125,326.32000732421875,315.3500061035156,317.7799987792969,680600.0,216281067.16918945,1.0
2024-07-18,318.0,319.5,303.70001220703125,305.6700134277344,577000.0,176371597.74780273,1.0
2024-07-19,307.92999267578125,310.489990234375,303.6199951171875,308.45001220703125,269800.0,83219813.29345703,1.0
2024-07-22,310.5,317.0,306.8099975585937,316.760009765625,455900.0,144410888.45214844,1.0
2024-07-23,318.0,324.8599853515625,317.510009765625,319.54998779296875,763100.0,243848595.68481445,1.0
2024-07-24,318.0199890136719,318.8800048828125,310.010009765625,313.1099853515625,451000.0,141212603.3935547,1.0
2024-07-25,312.45001220703125,316.8399963378906,307.989990234375,310.8099975585937,379000.0,117796989.07470705,1.0
2024-07-26,314.07000732421875,314.07000732421875,308.010009765625,310.5899963378906,347900.0,108054259.72595216,1.0
2024-07-29,312.3999938964844,312.3999938964844,307.6499938964844,309.0,271100.0,83769900.0,1.0
2024-07-30,309.9599914550781,314.3699951171875,304.4800109863281,304.7200012207031,350200.0,106712944.42749023,1.0
2024-07-31,307.489990234375,308.5599975585937,299.0,300.010009765625,662400.0,198726630.46875,1.0
2024-08-01,300.0,302.7200012207031,296.0899963378906,299.6300048828125,872700.0,261487105.26123047,1.0
2024-08-02,294.1000061035156,295.3599853515625,287.1400146484375,292.3599853515625,929200.0,271660898.3886719,1.0
2024-08-05,279.6400146484375,291.75,279.0199890136719,286.1600036621094,684600.0,195905138.50708008,1.0
2024-08-06,289.3999938964844,298.70001220703125,286.19000244140625,295.0,1070700.0,315856500.0,1.0
2024-08-07,330.0,367.9500122070313,323.8900146484375,349.239990234375,3407100.0,1189895570.727539,1.0
2024-08-08,350.8999938964844,371.989990234375,344.0,368.4599914550781,1518800.0,559617035.0219727,1.0
2024-08-09,367.2699890136719,370.3599853515625,359.3099975585937,365.0,997500.0,364087500.0,1.0
2024-08-12,368.1000061035156,375.9500122070313,366.1400146484375,368.0299987792969,545400.0,200723561.3342285,1.0
2024-08-13,368.0299987792969,370.8200073242188,364.7799987792969,368.9700012207031,516300.0,190499211.63024905,1.0
2024-08-14,368.7999877929688,371.9299926757813,365.989990234375,370.5700073242188,400300.0,148339173.93188477,1.0
2024-08-15,366.1499938964844,378.25,366.1499938964844,373.6900024414063,495400.0,185126027.20947263,1.0
2024-08-16,374.989990234375,377.1900024414063,372.0,373.6900024414063,486300.0,181725448.18725583,1.0
2024-08-19,373.75,376.4200134277344,370.9599914550781,373.0700073242188,430100.0,160457410.15014648,1.0
2024-08-20,374.4500122070313,375.7300109863281,370.0400085449219,373.0499877929688,345700.0,128963380.7800293,1.0
2024-08-21,373.05999755859375,378.8900146484375,371.4500122070313,375.1000061035156,573200.0,215007323.4985352,1.0
2024-08-22,375.9400024414063,377.25,372.4400024414063,372.6900024414063,295500.0,110129895.72143556,1.0
2024-08-23,375.6900024414063,376.0499877929688,369.4299926757813,370.7000122070313,464500.0,172190155.67016602,1.0
2024-08-26,369.1099853515625,370.6400146484375,358.1000061035156,360.489990234375,568500.0,204938559.4482422,1.0
2024-08-27,360.489990234375,364.4599914550781,357.8500061035156,363.4299926757813,286000.0,103940977.90527344,1.0
2024-08-28,363.4299926757813,368.1300048828125,361.5899963378906,362.4500122070313,323600.0,117288823.95019533,1.0
2024-08-29,364.0299987792969,368.8599853515625,361.9700012207031,362.0,316800.0,114681600.0,1.0
2024-08-30,363.1300048828125,366.2799987792969,361.4400024414063,364.9700012207031,454800.0,165988356.55517578,1.0
2024-09-03,361.3500061035156,363.2200012207031,354.5199890136719,355.1600036621094,584900.0,207733086.14196777,1.0
2024-09-04,351.7200012207031,356.7300109863281,349.0199890136719,355.3500061035156,681100.0,242028889.1571045,1.0
2024-09-05,353.5299987792969,356.3399963378906,352.1099853515625,354.8599853515625,236400.0,83888900.53710938,1.0
2024-09-06,356.4200134277344,357.5,346.7099914550781,354.6199951171875,509100.0,180537039.51416016,1.0
2024-09-09,358.6099853515625,369.4400024414063,358.6099853515625,364.3900146484375,755900.0,275442412.0727539,1.0
2024-09-10,364.8900146484375,366.9800109863281,357.1099853515625,359.3500061035156,324800.0,116716881.98242188,1.0
2024-09-11,357.82000732421875,364.489990234375,353.9100036621094,361.7099914550781,471500.0,170546260.97106934,1.0
2024-09-12,364.8800048828125,384.7300109863281,364.6000061035156,384.510009765625,976600.0,375512475.5371094,1.0
2024-09-13,382.9800109863281,385.0,375.7099914550781,379.6099853515625,506400.0,192234496.58203125,1.0
2024-09-16,380.989990234375,386.5400085449219,379.9800109863281,385.7699890136719,480100.0,185208171.72546387,1.0
2024-09-17,384.0299987792969,386.1400146484375,376.5299987792969,382.5700073242188,379000.0,144994032.7758789,1.0
2024-09-18,383.5,387.6099853515625,380.510009765625,383.010009765625,402100.0,154008324.9267578,1.0
2024-09-19,390.0,391.5499877929688,383.0299987792969,389.739990234375,461800.0,179981927.49023438,1.0
2024-09-20,387.0700073242188,393.5799865722656,387.05999755859375,393.2900085449219,1202600.0,472970564.2761231,1.0
2024-09-23,394.2900085449219,397.3200073242188,392.0,393.9400024414063,473100.0,186373015.1550293,1.0
2024-09-24,395.5899963378906,395.6900024414063,388.3599853515625,393.6600036621094,279600.0,110067337.02392578,1.0
2024-09-25,394.3900146484375,395.7999877929688,392.0199890136719,395.260009765625,534500.0,211266475.21972656,1.0
2024-09-26,396.2300109863281,398.739990234375,391.9700012207031,393.25,448900.0,176529925.0,1.0
2024-09-27,394.1199951171875,395.5899963378906,388.3699951171875,395.3399963378906,400700.0,158412736.53259277,1.0
2024-09-30,395.5,400.3299865722656,394.239990234375,399.6000061035156,548900.0,219340443.35021973,1.0
2024-10-01,399.8699951171875,400.7799987792969,395.3699951171875,399.2200012207031,749200.0,299095624.9145508,1.0
2024-10-02,400.0,406.0,397.5299987792969,404.510009765625,588000.0,237851885.7421875,1.0
2024-10-03,404.1700134277344,415.1099853515625,403.1600036621094,415.0499877929688,927100.0,384792843.6828613,1.0
2024-10-04,418.0,422.3299865722656,413.6799926757813,421.7999877929688,611900.0,258099412.5305176,1.0
2024-10-07,421.0,425.2300109863281,416.8800048828125,420.8299865722656,682900.0,287384797.8302002,1.0
2024-10-08,424.05999755859375,433.4800109863281,420.489990234375,426.989990234375,787500.0,336254617.3095703,1.0
2024-10-09,424.3999938964844,432.8599853515625,422.2099914550781,432.1400146484375,470800.0,203451518.8964844,1.0
2024-10-10,430.7799987792969,432.9100036621094,424.3399963378906,428.760009765625,494200.0,211893196.82617188,1.0
2024-10-11,430.1900024414063,436.5499877929688,428.7699890136719,434.9800109863281,334500.0,145500813.67492676,1.0
2024-10-14,437.1400146484375,440.8900146484375,435.4400024414063,437.9800109863281,326200.0,142869079.58374023,1.0
2024-10-15,437.9800109863281,438.0400085449219,424.5700073242188,434.1199951171875,625200.0,271411820.9472656,1.0
2024-10-16,433.3599853515625,435.3999938964844,428.5,433.8299865722656,376100.0,163163457.9498291,1.0
2024-10-17,436.0,437.8999938964844,432.7300109863281,434.4800109863281,397400.0,172662356.3659668,1.0
2024-10-18,438.7799987792969,438.7799987792969,434.0,438.0499877929688,228800.0,100225837.20703124,1.0
2024-10-21,439.0,444.1600036621094,435.2900085449219,443.9800109863281,335500.0,148955293.6859131,1.0
2024-10-22,445.1000061035156,455.1700134277344,443.4400024414063,449.6099853515625,624900.0,280961279.8461914,1.0
2024-10-23,447.5199890136719,449.2000122070313,440.6700134277344,442.6900024414063,388900.0,172162141.9494629,1.0
2024-10-24,442.5799865722656,446.75,438.1700134277344,443.1199951171875,263400.0,116717806.7138672,1.0
2024-10-25,446.1199951171875,449.8299865722656,442.7099914550781,444.5199890136719,331900.0,147536184.3536377,1.0
2024-10-28,449.1000061035156,449.1000061035156,443.25,444.7699890136719,447200.0,198901139.0869141,1.0
2024-10-29,444.9599914550781,447.6300048828125,443.7000122070313,444.0,488900.0,217071600.0,1.0
2024-10-30,443.3299865722656,445.4800109863281,438.760009765625,439.0,428100.0,187935900.0,1.0
2024-10-31,435.9599914550781,436.8999938964844,422.3800048828125,423.5,877500.0,371621250.0,1.0
2024-11-01,426.8200073242188,430.1600036621094,424.5700073242188,425.8399963378906,600500.0,255716917.8009033,1.0
2024-11-04,425.8399963378906,435.5,424.989990234375,431.5700073242188,479000.0,206722033.5083008,1.0
2024-11-05,433.9700012207031,442.7699890136719,433.9700012207031,441.0899963378906,656100.0,289399146.59729004,1.0
2024-11-06,459.0299987792969,462.6400146484375,450.7200012207031,459.5199890136719,723900.0,332646520.0469971,1.0
2024-11-07,465.5,471.0,462.80999755859375,468.75,832600.0,390281250.0,1.0
2024-11-08,540.0,611.8800048828125,515.0,603.1799926757812,3967000.0,2392815030.944824,1.0
2024-11-11,611.0599975585938,624.8400268554688,588.02001953125,616.1400146484375,1792700.0,1104554204.260254,1.0
2024-11-12,609.1099853515625,609.3599853515625,591.739990234375,595.1799926757812,1390100.0,827359707.8186035,1.0
2024-11-13,600.0,617.1500244140625,599.719970703125,601.2899780273438,850600.0,511457255.3100586,1.0
2024-11-14,601.0,609.3699951171875,592.2100219726562,604.5599975585938,727300.0,439696486.2243652,1.0
2024-11-15,599.530029296875,602.0,594.4199829101562,599.3499755859375,682800.0,409236163.3300781,1.0
2024-11-18,601.0399780273438,610.3300170898438,592.0,600.0,669600.0,401760000.0,1.0
2024-11-19,598.2999877929688,618.0700073242188,598.010009765625,610.2000122070312,1064600.0,649618932.9956055,1.0
2024-11-20,609.1799926757812,613.25,598.9500122070312,609.8200073242188,572300.0,348999990.1916504,1.0
2024-11-21,621.989990234375,640.510009765625,611.0,631.27001953125,885100.0,558737094.2871094,1.0
2024-11-22,635.5,641.2000122070312,623.510009765625,636.9500122070312,698900.0,445164363.5314941,1.0
2024-11-25,639.5399780273438,639.989990234375,607.2000122070312,619.0,1499700.0,928314300.0,1.0
2024-11-26,622.5999755859375,633.0,621.219970703125,632.1599731445312,619200.0,391433455.37109375,1.0
2024-11-27,632.0999755859375,636.3699951171875,625.8099975585938,634.9600219726562,505600.0,321035787.109375,1.0
2024-11-29,639.3800048828125,652.22998046875,639.0,646.9600219726562,397600.0,257231304.73632807,1.0
2024-12-02,649.2000122070312,649.3900146484375,634.9500122070312,636.3900146484375,866800.0,551622864.6972656,1.0
2024-12-03,652.8200073242188,675.47998046875,638.0,669.8699951171875,1383700.0,926899112.2436523,1.0
2024-12-04,667.0900268554688,689.3900146484375,667.0900268554688,687.3900146484375,924900.0,635767024.5483398,1.0
2024-12-05,688.010009765625,695.9400024414062,677.4000244140625,689.780029296875,732400.0,505194893.4570313,1.0
2024-12-06,689.72998046875,698.6699829101562,680.239990234375,687.6900024414062,938600.0,645465836.2915039,1.0
2024-12-09,687.6900024414062,687.969970703125,631.030029296875,642.5900268554688,1177500.0,756649756.6223145,1.0
2024-12-10,647.219970703125,659.6799926757812,633.3099975585938,637.4500122070312,928100.0,591617356.3293457,1.0
2024-12-11,646.6799926757812,651.1400146484375,633.8599853515625,642.4500122070312,639200.0,410654047.8027344,1.0
2024-12-12,648.010009765625,657.75,635.8099975585938,636.4099731445312,667200.0,424612734.0820313,1.0
2024-12-13,635.2899780273438,648.9099731445312,635.0,644.9099731445312,557700.0,359666292.0227051,1.0
2024-12-16,652.0,654.0,603.3300170898438,649.2999877929688,1741600.0,1130820858.7402344,1.0
2024-12-17,642.9299926757812,648.6900024414062,632.0,635.760009765625,1497300.0,951923462.6220704,1.0
2024-12-18,637.0,638.8699951171875,604.1400146484375,609.9600219726562,1614000.0,984475475.4638672,1.0
2024-12-19,620.5399780273438,626.5800170898438,608.0,615.6799926757812,1316300.0,810419574.3591309,1.0
2024-12-20,607.9500122070312,633.2100219726562,605.0999755859375,631.6900024414062,7032800.0,4442549449.169922,1.0
2024-12-23,634.6400146484375,642.530029296875,616.969970703125,624.1400146484375,626700.0,391148547.1801758,1.0
2024-12-24,619.6699829101562,631.780029296875,619.0700073242188,631.25,260500.0,164440625.0,1.0
2024-12-26,630.0,630.0,620.9600219726562,623.7999877929688,525800.0,327994033.58154297,1.0
2024-12-27,620.9500122070312,622.4600219726562,606.5499877929688,610.97998046875,392100.0,239565250.34179688,1.0
2024-12-30,601.2000122070312,607.239990234375,591.1400146484375,604.3200073242188,648900.0,392143252.7526856,1.0
2024-12-31,607.1699829101562,607.1699829101562,592.280029296875,594.3200073242188,510300.0,303281499.7375488,1.0
2025-01-02,604.0700073242188,612.25,588.1900024414062,596.489990234375,516500.0,308087079.9560547,1.0
2025-01-03,595.3599853515625,608.9500122070312,594.1799926757812,601.0599975585938,434600.0,261220674.93896484,1.0
2025-01-06,604.4000244140625,606.3099975585938,543.47998046875,570.7100219726562,1614500.0,921411330.4748536,1.0
2025-01-07,570.719970703125,573.5,554.760009765625,562.030029296875,935300.0,525666686.4013672,1.0
2025-01-08,565.02001953125,577.739990234375,559.22998046875,577.3400268554688,590300.0,340803817.8527832,1.0
2025-01-10,572.0,574.8300170898438,562.7100219726562,570.0,482800.0,275196000.0,1.0
2025-01-13,561.4000244140625,569.3300170898438,556.6799926757812,568.6799926757812,422400.0,240210428.90625,1.0
2025-01-14,571.9000244140625,584.22998046875,569.9500122070312,579.7999877929688,509000.0,295118193.7866211,1.0
2025-01-15,589.4000244140625,594.8400268554688,577.530029296875,580.0,702100.0,407218000.0,1.0
2025-01-16,585.0,592.219970703125,581.7999877929688,585.8400268554688,466000.0,273001452.51464844,1.0
2025-01-17,595.8400268554688,603.0,591.1900024414062,593.8900146484375,533600.0,316899711.81640625,1.0
2025-01-21,603.1199951171875,609.5,592.5900268554688,605.5800170898438,531100.0,321623547.076416,1.0
2025-01-22,607.97998046875,612.1400146484375,602.7100219726562,607.5999755859375,362100.0,220011951.159668,1.0
2025-01-23,609.5900268554688,614.5999755859375,602.8099975585938,613.3800048828125,368600.0,226091869.7998047,1.0
2025-01-24,613.969970703125,615.5,605.2000122070312,610.3200073242188,309800.0,189077138.26904297,1.0
2025-01-27,597.7899780273438,608.010009765625,587.1400146484375,604.6799926757812,458300.0,277124840.64331055,1.0
2025-01-28,606.5800170898438,639.3400268554688,604.3699951171875,637.530029296875,548200.0,349493962.0605469,1.0
2025-01-29,640.0,644.8599853515625,632.1400146484375,639.969970703125,422400.0,270323315.625,1.0
2025-01-30,646.5,657.0,643.5499877929688,653.4299926757812,536700.0,350695877.0690918,1.0
2025-01-31,655.4400024414062,671.0599975585938,649.760009765625,652.1799926757812,611300.0,398677629.5227051,1.0
2025-02-03,640.75,671.219970703125,635.5499877929688,658.1099853515625,1001800.0,659294583.3251953,1.0
2025-02-04,657.1400146484375,674.0,652.5800170898438,662.9099731445312,511500.0,339078451.26342773,1.0
2025-02-05,662.9099731445312,680.969970703125,662.9099731445312,680.52001953125,459700.0,312835052.9785156,1.0
2025-02-06,680.989990234375,684.3599853515625,661.0,677.4000244140625,559200.0,378802093.65234375,1.0
2025-02-07,680.0,689.5399780273438,677.9299926757812,679.239990234375,556200.0,377793282.5683594,1.0
2025-02-10,684.3200073242188,686.0800170898438,672.0,677.8499755859375,432400.0,293102329.4433594,1.0
2025-02-11,678.47998046875,678.47998046875,656.719970703125,669.260009765625,421500.0,282093094.11621094,1.0
2025-02-12,656.489990234375,668.5700073242188,652.260009765625,665.0800170898438,495800.0,329746672.47314453,1.0
2025-02-13,667.75,671.4400024414062,655.0700073242188,664.7000122070312,356100.0,236699674.34692383,1.0
2025-02-14,662.5700073242188,686.1699829101562,648.8499755859375,683.4099731445312,694100.0,474354862.3596192,1.0
2025-02-18,694.02001953125,715.989990234375,691.8599853515625,710.010009765625,1318700.0,936290199.8779296,1.0
2025-02-19,700.0,705.0999755859375,592.760009765625,593.4199829101562,2319600.0,1376496992.3583984,1.0
2025-02-20,581.0,584.0,521.6599731445312,541.8099975585938,2514000.0,1362110333.8623047,1.0
2025-02-21,551.6599731445312,551.6599731445312,510.5299987792969,513.219970703125,1454500.0,746478447.3876953,1.0
2025-02-24,516.510009765625,524.3499755859375,496.1900024414063,499.7300109863281,1322600.0,660942912.5305176,1.0
2025-02-25,498.9100036621094,502.239990234375,480.1799926757813,496.6499938964844,1360300.0,675592986.6973877,1.0
2025-02-26,584.9500122070312,600.989990234375,558.2100219726562,572.4000244140625,2838000.0,1624471269.2871094,1.0
2025-02-27,575.0,578.8699951171875,521.7000122070312,525.4400024414062,1453900.0,763937219.5495605,1.0
2025-02-28,526.969970703125,531.3599853515625,514.0399780273438,528.4500122070312,1153700.0,609672779.083252,1.0
2025-03-03,532.8400268554688,541.75,520.6699829101562,525.75,875800.0,460451850.0,1.0
2025-03-04,513.8699951171875,543.4099731445312,503.0199890136719,528.280029296875,956100.0,505088536.0107422,1.0
2025-03-05,529.75,538.97998046875,521.0800170898438,534.9600219726562,944900.0,505483724.7619629,1.0
2025-03-06,522.8499755859375,526.1900024414062,495.0,499.30999755859375,912300.0,455520510.7727051,1.0
2025-03-07,500.0,527.9400024414062,500.0,526.4000244140625,1277800.0,672633951.1962891,1.0
2025-03-10,508.3900146484375,522.0599975585938,501.8500061035156,515.4500122070312,1359900.0,700960471.6003418,1.0
2025-03-11,518.260009765625,539.1699829101562,509.0,526.6400146484375,975300.0,513632006.2866211,1.0
2025-03-12,540.3699951171875,560.72998046875,539.1300048828125,557.8900146484375,1215600.0,678171101.8066406,1.0
2025-03-13,558.8099975585938,569.9500122070312,530.219970703125,534.5599975585938,760600.0,406586334.1430664,1.0
2025-03-14,544.5499877929688,557.4500122070312,543.8800048828125,556.260009765625,656200.0,365017818.4082031,1.0
2025-03-17,552.719970703125,563.7000122070312,549.5800170898438,554.8200073242188,664500.0,368677894.86694336,1.0
2025-03-18,548.7000122070312,555.5800170898438,532.52001953125,539.989990234375,558300.0,301476411.5478516,1.0
2025-03-19,545.3400268554688,571.4000244140625,542.6500244140625,568.1099853515625,576500.0,327515406.5551758,1.0
2025-03-20,560.1599731445312,572.8200073242188,556.5,558.4099731445312,524900.0,293109394.90356445,1.0
2025-03-21,550.6300048828125,562.280029296875,544.3400268554688,560.0,803500.0,449960000.0,1.0
2025-03-24,571.989990234375,574.1599731445312,561.0,572.52001953125,689500.0,394752553.4667969,1.0
2025-03-25,569.2100219726562,579.6699829101562,566.969970703125,577.1799926757812,439800.0,253843760.7788086,1.0
2025-03-26,575.5700073242188,578.2000122070312,553.5599975585938,559.0599975585938,521600.0,291605694.7265625,1.0
2025-03-27,554.780029296875,557.0,540.0,550.6500244140625,374500.0,206218434.1430664,1.0
2025-03-28,550.4000244140625,550.4000244140625,529.0,534.9500122070312,678200.0,362803098.2788086,1.0
2025-03-31,522.6699829101562,528.8300170898438,507.0299987792969,525.9500122070312,779100.0,409767654.5104981,1.0
2025-04-01,521.5900268554688,542.97998046875,520.1900024414062,541.2000122070312,509500.0,275741406.2194824,1.0
2025-04-02,530.6900024414062,560.2999877929688,530.6900024414062,558.4199829101562,731800.0,408651743.49365234,1.0
2025-04-03,532.6699829101562,553.5999755859375,528.760009765625,539.6900024414062,661900.0,357220812.6159668,1.0
2025-04-04,511.260009765625,520.0,486.1000061035156,497.1300048828125,971200.0,482812660.7421875,1.0
2025-04-07,471.7200012207031,524.8200073242188,469.239990234375,502.5499877929688,1045900.0,525617032.232666,1.0
2025-04-08,522.7100219726562,536.8400268554688,497.989990234375,504.0299987792969,942900.0,475249885.848999,1.0
2025-04-09,503.1499938964844,567.0399780273438,497.3599853515625,559.8400268554688,1105400.0,618847165.6860352,1.0
2025-04-10,543.8499755859375,564.3599853515625,534.219970703125,551.25,655700.0,361454625.0,1.0
2025-04-11,549.0,569.0,541.52001953125,567.97998046875,516500.0,293361659.9121094,1.0
2025-04-14,578.0,590.0,571.719970703125,574.8300170898438,665800.0,382721825.378418,1.0
2025-04-15,575.0999755859375,584.1699829101562,572.8200073242188,578.4199829101562,330600.0,191225646.3500977,1.0
2025-04-16,572.010009765625,581.1099853515625,564.6799926757812,571.8499755859375,368400.0,210669531.0058593,1.0
2025-04-17,578.2000122070312,578.2000122070312,556.3900146484375,559.530029296875,519600.0,290731803.22265625,1.0
2025-04-21,550.0,556.6300048828125,531.219970703125,541.9299926757812,478900.0,259530273.49243164,1.0
2025-04-22,551.3200073242188,561.8099975585938,546.0,555.52001953125,440800.0,244873224.609375,1.0
2025-04-23,576.4000244140625,594.4600219726562,574.2000122070312,576.9000244140625,492700.0,284238642.0288086,1.0
2025-04-24,576.1500244140625,593.8400268554688,571.0,590.6699829101562,493200.0,291318435.57128906,1.0
2025-04-25,590.719970703125,603.97998046875,590.719970703125,603.780029296875,556200.0,335822452.2949219,1.0
2025-04-28,605.6599731445312,614.0,594.5399780273438,602.4600219726562,456100.0,274782016.0217285,1.0
2025-04-29,603.5700073242188,612.030029296875,598.8099975585938,611.1300048828125,399500.0,244146436.9506836,1.0
2025-04-30,591.5900268554688,614.760009765625,585.489990234375,613.2999877929688,519600.0,318670673.65722656,1.0
2025-05-01,617.9600219726562,627.72998046875,613.02001953125,621.0999755859375,450500.0,279805539.00146484,1.0
2025-05-02,632.1799926757812,638.3499755859375,626.4600219726562,628.1599731445312,507900.0,319042450.3601074,1.0
2025-05-05,624.989990234375,631.1599731445312,620.989990234375,621.4000244140625,358100.0,222523348.7426757,1.0
2025-05-06,608.969970703125,612.780029296875,597.5599975585938,601.6699829101562,759300.0,456848018.0236816,1.0
2025-05-07,602.010009765625,607.5999755859375,594.52001953125,601.8200073242188,886300.0,533393072.4914551,1.0
2025-05-08,646.3800048828125,698.27001953125,644.6099853515625,686.8300170898438,1693000.0,1162803218.9331057,1.0
2025-05-09,684.010009765625,697.3900146484375,677.6099853515625,684.5900268554688,642400.0,439780633.2519531,1.0
2025-05-12,700.0,703.0,667.0,693.0999755859375,878000.0,608541778.5644531,1.0
2025-05-13,695.0,732.1699829101562,694.7100219726562,724.77001953125,868800.0,629680192.96875,1.0
2025-05-14,725.0,730.760009765625,715.5900268554688,728.530029296875,566000.0,412347996.5820313,1.0
2025-05-15,725.5,732.219970703125,722.0,728.3900146484375,569900.0,415109469.3481445,1.0
2025-05-16,732.0,735.6799926757812,724.739990234375,733.1799926757812,420500.0,308302186.920166,1.0
2025-05-19,721.989990234375,742.3400268554688,721.0499877929688,742.3200073242188,425600.0,315931395.1171875,1.0
2025-05-20,741.4099731445312,744.510009765625,734.8900146484375,742.75,383500.0,284844625.0,1.0
2025-05-21,738.0,748.7999877929688,730.010009765625,735.3800048828125,570700.0,419681368.7866211,1.0
2025-05-22,734.0700073242188,735.0,722.030029296875,723.75,510400.0,369402000.0,1.0
2025-05-23,717.97998046875,735.4299926757812,714.0,731.3699951171875,422400.0,308930685.9375,1.0
2025-05-27,740.5800170898438,748.1400146484375,736.6300048828125,746.0800170898438,477500.0,356253208.1604004,1.0
2025-05-28,748.8099975585938,755.0499877929688,743.6300048828125,751.0,524500.0,393899500.0,1.0
2025-05-29,753.1900024414062,754.8099975585938,729.1599731445312,730.2899780273438,535400.0,390997254.23583984,1.0
2025-05-30,731.010009765625,751.989990234375,729.1400146484375,750.3599853515625,1121100.0,841228579.5776367,1.0
2025-06-02,755.0,765.0,742.7999877929688,758.5700073242188,521000.0,395214973.815918,1.0
2025-06-03,761.0,766.260009765625,750.0,759.0700073242188,503300.0,382039934.6862793,1.0
2025-06-04,760.0,780.6199951171875,757.4500122070312,780.0,558100.0,435318000.0,1.0
2025-06-05,780.530029296875,793.239990234375,773.989990234375,788.3599853515625,682200.0,537819182.0068359,1.0
2025-06-06,794.9199829101562,798.1599731445312,784.6400146484375,791.8499755859375,443700.0,351343834.16748047,1.0
2025-06-09,795.8300170898438,806.6400146484375,775.8599853515625,783.7999877929688,537200.0,421057353.4423828,1.0
2025-06-10,778.5399780273438,787.6099853515625,751.25,762.6599731445312,600200.0,457748515.88134766,1.0
2025-06-11,764.6699829101562,782.7899780273438,746.9000244140625,778.3599853515625,487400.0,379372656.8603516,1.0
2025-06-12,773.1599731445312,781.1199951171875,772.6099853515625,775.2000122070312,350100.0,271397524.27368164,1.0
2025-06-13,771.8099975585938,786.77001953125,767.5999755859375,780.6300048828125,359000.0,280246171.7529297,1.0
2025-06-16,786.3699951171875,797.5,779.280029296875,780.6099853515625,471000.0,367667303.10058594,1.0
2025-06-17,776.3900146484375,782.75,770.2000122070312,777.5399780273438,445600.0,346471814.2089844,1.0
2025-06-18,775.8499755859375,779.8900146484375,761.9000244140625,770.7899780273438,482800.0,372137401.3916016,1.0
2025-06-20,780.280029296875,781.0,767.0800170898438,777.3200073242188,1182000.0,918792248.6572266,1.0
2025-06-23,773.47998046875,791.3800048828125,767.3200073242188,783.239990234375,391200.0,306403484.1796875,1.0
2025-06-24,785.0,799.6599731445312,758.239990234375,794.25,743500.0,590524875.0,1.0
2025-06-25,800.0,801.0,780.6599731445312,785.0700073242188,440400.0,345744831.22558594,1.0
2025-06-26,791.8099975585938,805.47998046875,791.8099975585938,803.9500122070312,484300.0,389352990.9118652,1.0
2025-06-27,804.8499755859375,820.8300170898438,802.280029296875,818.5999755859375,1010900.0,827522715.3198242,1.0
2025-06-30,818.75,830.2100219726562,816.8599853515625,827.9400024414062,529900.0,438725407.2937012,1.0
2025-07-01,825.8900146484375,829.5,765.5,775.3800048828125,997400.0,773364016.8701172,1.0
2025-07-02,774.6799926757812,782.97998046875,756.719970703125,774.5499877929688,574300.0,444824057.989502,1.0
2025-07-03,781.77001953125,797.8900146484375,780.0,795.47998046875,268700.0,213745470.75195312,1.0
2025-07-07,796.02001953125,804.4400024414062,790.0,802.1599731445312,452800.0,363218035.83984375,1.0
2025-07-08,802.719970703125,815.0,774.0999755859375,790.219970703125,507700.0,401194679.12597656,1.0
2025-07-09,794.2999877929688,809.989990234375,785.0,805.8599853515625,339900.0,273911809.0209961,1.0
2025-07-10,802.1099853515625,803.0,728.4299926757812,732.989990234375,1225700.0,898425831.0302734,1.0
2025-07-11,740.3300170898438,753.02001953125,723.0,729.6199951171875,1121500.0,818268824.5239258,1.0
2025-07-14,727.0999755859375,752.969970703125,723.989990234375,750.260009765625,538600.0,404090041.2597656,1.0
2025-07-15,752.739990234375,753.5700073242188,740.1599731445312,745.8699951171875,373400.0,278507856.1767578,1.0
2025-07-16,743.5599975585938,748.27001953125,725.0499877929688,742.77001953125,516000.0,383269330.078125,1.0
2025-07-17,744.7999877929688,753.25,739.7899780273438,745.8599853515625,341000.0,254338255.0048828,1.0
2025-07-18,747.8300170898438,757.97998046875,741.0700073242188,756.0900268554688,404200.0,305611588.85498047,1.0
2025-07-21,755.9199829101562,758.25,741.9099731445312,751.5499877929688,377300.0,283559810.3942871,1.0
2025-07-22,749.010009765625,749.010009765625,720.1799926757812,720.739990234375,759600.0,547474096.5820312,1.0
2025-07-23,725.7999877929688,728.9500122070312,694.719970703125,705.219970703125,1098200.0,774472571.8261719,1.0
2025-07-24,705.219970703125,715.75,695.0,709.260009765625,1104900.0,783661384.7900391,1.0
2025-07-25,711.3900146484375,742.22998046875,709.8200073242188,735.010009765625,723400.0,531706241.0644531,1.0
2025-07-28,740.3599853515625,747.2999877929688,722.0700073242188,736.2899780273438,627700.0,462169219.2077637,1.0
2025-07-29,742.1900024414062,742.1900024414062,725.7899780273438,728.739990234375,383300.0,279326038.25683594,1.0
2025-07-30,728.739990234375,749.7999877929688,725.0,748.5999755859375,447900.0,335297929.0649414,1.0
2025-07-31,752.6199951171875,762.0499877929688,747.239990234375,755.489990234375,513200.0,387717462.9882813,1.0
2025-08-01,739.4600219726562,747.4099731445312,728.0,742.469970703125,457600.0,339754258.59375,1.0
2025-08-04,751.0399780273438,755.0,736.9500122070312,744.8800048828125,769800.0,573408627.7587891,1.0
2025-08-05,818.0,885.9199829101562,802.9600219726562,867.1199951171875,2535000.0,2198149187.6220703,1.0
2025-08-06,859.760009765625,879.219970703125,843.02001953125,863.6500244140625,842000.0,727193320.5566406,1.0
2025-08-07,867.22998046875,885.0,860.97998046875,870.969970703125,700900.0,610462852.4658203,1.0
2025-08-08,872.469970703125,878.6199951171875,835.7000122070312,842.5,667300.0,562200250.0,1.0
2025-08-11,842.8900146484375,844.1500244140625,817.3599853515625,818.6900024414062,615600.0,503985565.5029297,1.0
2025-08-12,819.6400146484375,824.6599731445312,767.510009765625,768.5700073242188,997600.0,766725439.3066406,1.0
2025-08-13,776.97998046875,780.0,731.739990234375,765.52001953125,1129000.0,864272102.0507812,1.0
2025-08-14,764.260009765625,764.260009765625,745.0,749.8300170898438,517800.0,388261982.8491211,1.0
2025-08-15,750.2100219726562,762.0,739.010009765625,754.239990234375,583300.0,439948186.3037109,1.0
2025-08-18,755.1799926757812,792.6400146484375,753.77001953125,791.6199951171875,848300.0,671531241.8579102,1.0
2025-08-19,779.8300170898438,784.0,755.0,758.2899780273438,654300.0,496149132.623291,1.0
2025-08-20,754.1699829101562,763.7100219726562,740.5,760.8900146484375,409700.0,311736639.00146484,1.0
2025-08-21,763.0,768.0,752.5,763.510009765625,367000.0,280208173.5839844,1.0
2025-08-22,764.3699951171875,784.1400146484375,757.5,766.239990234375,395500.0,303047916.1376953,1.0
2025-08-25,766.219970703125,777.5399780273438,762.27001953125,763.52001953125,301200.0,229972229.8828125,1.0
2025-08-26,764.2000122070312,775.0,761.0499877929688,769.02001953125,414000.0,318374288.0859375,1.0
2025-08-27,774.760009765625,779.7899780273438,767.0,769.6799926757812,327100.0,251762325.60424805,1.0
2025-08-28,772.8300170898438,794.2899780273438,771.5,781.9000244140625,553800.0,433016233.5205078,1.0
2025-08-29,784.3200073242188,785.8400268554688,745.4600219726562,747.2899780273438,583300.0,435894244.1833496,1.0
2025-09-02,733.8099975585938,748.8300170898438,726.0,743.5900268554688,494300.0,367556550.2746582,1.0
2025-09-03,737.260009765625,738.0,713.2100219726562,725.2899780273438,635200.0,460704194.0429688,1.0
2025-09-04,725.780029296875,731.1900024414062,719.0,730.1599731445312,383600.0,280089365.6982422,1.0
2025-09-05,731.0,738.77001953125,708.760009765625,728.4099731445312,398100.0,289980010.3088379,1.0
2025-09-08,736.3699951171875,750.0,733.8800048828125,740.6099853515625,608800.0,450883359.0820313,1.0
2025-09-09,734.0900268554688,740.0,718.0,731.97998046875,311800.0,228231357.91015625,1.0
2025-09-10,736.6599731445312,750.9600219726562,734.260009765625,747.5499877929688,481300.0,359795809.12475586,1.0
2025-09-11,751.6099853515625,765.010009765625,745.4299926757812,751.1099853515625,467000.0,350768363.1591797,1.0
2025-09-12,756.6599731445312,765.4400024414062,754.4600219726562,756.1300048828125,303800.0,229712295.48339844,1.0
2025-09-15,760.0,774.3200073242188,756.2000122070312,760.7899780273438,393400.0,299294777.35595703,1.0
2025-09-16,760.7899780273438,766.6300048828125,750.6500244140625,750.6699829101562,484700.0,363849740.71655273,1.0
2025-09-17,750.6699829101562,762.1799926757812,748.2999877929688,751.8099975585938,504200.0,379062600.76904297,1.0
2025-09-18,756.3499755859375,772.0,753.0,766.469970703125,436600.0,334640789.2089844,1.0
2025-09-19,771.77001953125,779.0900268554688,760.010009765625,774.530029296875,1740500.0,1348069515.991211,1.0
2025-09-22,766.3300170898438,778.9400024414062,761.5499877929688,775.9199829101562,406900.0,315721841.0461426,1.0
2025-09-23,769.1599731445312,792.1599731445312,768.219970703125,777.5800170898438,449000.0,349133427.67333984,1.0
2025-09-24,789.2899780273438,789.2899780273438,697.7999877929688,698.02001953125,1192500.0,832388873.2910156,1.0
2025-09-25,696.969970703125,723.1500244140625,694.5399780273438,712.1500244140625,974700.0,694132628.7963867,1.0
2025-09-26,718.0,722.0,697.4600219726562,708.8400268554688,442500.0,313661711.8835449,1.0
2025-09-29,716.3400268554688,722.8400268554688,703.0,716.02001953125,719300.0,515033200.0488281,1.0
2025-09-30,716.0399780273438,724.8800048828125,700.25,717.6400146484375,608700.0,436827476.9165039,1.0
2025-10-01,708.6400146484375,720.0800170898438,697.0,711.3400268554688,520100.0,369967947.9675293,1.0
2025-10-02,719.9099731445312,725.1599731445312,703.239990234375,720.530029296875,452700.0,326183944.2626953,1.0
2025-10-03,721.510009765625,726.760009765625,712.760009765625,715.510009765625,378800.0,271035191.69921875,1.0
2025-10-06,719.2000122070312,724.27001953125,705.0,721.5900268554688,431900.0,311654732.5988769,1.0
2025-10-07,720.8800048828125,728.3400268554688,706.6099853515625,714.5999755859375,376300.0,268903970.8129883,1.0
2025-10-08,715.6400146484375,732.8599853515625,708.0399780273438,727.4099731445312,501000.0,364432396.54541016,1.0
2025-10-09,726.02001953125,753.1599731445312,722.510009765625,734.0399780273438,512200.0,375975276.7456055,1.0
2025-10-10,733.1799926757812,740.0,702.27001953125,703.030029296875,456200.0,320722299.3652344,1.0
2025-10-13,705.530029296875,718.0,699.1300048828125,710.0,395700.0,280947000.0,1.0
2025-10-14,698.6799926757812,717.530029296875,690.4600219726562,704.6699829101562,363000.0,255795203.79638672,1.0
2025-10-15,708.530029296875,714.0499877929688,638.5,644.989990234375,1360300.0,877379883.7158203,1.0
2025-10-16,648.5,663.25,642.3599853515625,652.1699829101562,800500.0,522062071.3195801,1.0
2025-10-17,645.510009765625,677.0599975585938,639.5,670.6799926757812,675100.0,452776063.0554199,1.0
2025-10-20,675.1400146484375,686.969970703125,673.0,683.1300048828125,453600.0,309867770.2148437,1.0
2025-10-21,687.989990234375,708.02001953125,685.0,707.0399780273438,498500.0,352459429.04663086,1.0
2025-10-22,709.77001953125,709.9500122070312,683.3499755859375,701.0900268554688,576000.0,403827855.46875,1.0
2025-10-23,704.4099731445312,718.1900024414062,704.010009765625,716.3900146484375,343400.0,246008331.03027344,1.0
2025-10-24,726.4400024414062,737.530029296875,724.2100219726562,735.9500122070312,383700.0,282384019.6838379,1.0
2025-10-27,746.5900268554688,756.0399780273438,741.5700073242188,749.0,489500.0,366635500.0,1.0
2025-10-28,746.1199951171875,764.02001953125,745.0,755.0,566100.0,427405500.0,1.0
2025-10-29,750.47998046875,762.0800170898438,742.0,759.4400024414062,445800.0,338558353.0883789,1.0
2025-10-30,760.8499755859375,760.8499755859375,737.6300048828125,738.8800048828125,491200.0,362937858.3984375,1.0
2025-10-31,745.0,749.9600219726562,731.0,732.22998046875,533200.0,390425025.5859375,1.0
2025-11-03,737.0599975585938,738.22998046875,720.739990234375,724.0999755859375,603800.0,437211565.25878906,1.0
2025-11-04,715.4600219726562,719.9199829101562,698.3200073242188,706.1300048828125,1132900.0,799974682.5317383,1.0
2025-11-05,563.8400268554688,657.3599853515625,560.0,639.530029296875,4863000.0,3110034532.470703,1.0
2025-11-06,628.5999755859375,631.989990234375,584.2100219726562,587.1400146484375,1891500.0,1110575337.7075195,1.0
2025-11-07,587.0,611.2100219726562,577.7999877929688,602.510009765625,1049900.0,632575259.2529297,1.0
2025-11-10,611.3499755859375,611.3499755859375,580.3900146484375,584.6900024414062,1118600.0,654034236.730957,1.0
2025-11-11,583.1599731445312,585.0,561.9199829101562,572.1799926757812,1240000.0,709503190.9179688,1.0
2025-11-12,570.3499755859375,575.9199829101562,565.3699951171875,569.510009765625,1048600.0,597188196.2402344,1.0
2025-11-13,565.8800048828125,580.0,556.5999755859375,557.2899780273438,1285500.0,716396266.7541504,1.0
2025-11-14,548.9000244140625,569.0399780273438,546.6400146484375,554.3699951171875,823300.0,456412816.97998047,1.0
2025-11-17,554.5599975585938,554.6500244140625,538.3599853515625,543.22998046875,812200.0,441211390.1367188,1.0
2025-11-18,541.27001953125,549.219970703125,528.9500122070312,533.77001953125,841200.0,449007340.4296875,1.0
2025-11-19,533.0,533.510009765625,521.1900024414062,531.0900268554688,1059500.0,562689883.4533691,1.0
2025-11-20,541.8499755859375,553.1900024414062,519.1199951171875,519.6099853515625,787200.0,409036980.46875,1.0
2025-11-21,519.6099853515625,527.9000244140625,508.7200012207031,521.989990234375,902200.0,470939369.1894531,1.0
2025-11-24,521.4600219726562,525.2999877929688,515.8300170898438,524.5999755859375,1024200.0,537295294.9951172,1.0
2025-11-25,523.5,539.7999877929688,514.25,528.8900146484375,914400.0,483617029.3945313,1.0
2025-11-26,533.5900268554688,537.6699829101562,527.219970703125,533.1699829101562,444900.0,237207325.3967285,1.0
2025-11-28,538.739990234375,542.7000122070312,533.1799926757812,540.1400146484375,294900.0,159287290.31982422,1.0
2025-12-01,531.52001953125,540.4500122070312,525.0,533.2100219726562,770000.0,410571716.9189453,1.0
2025-12-02,534.8099975585938,542.530029296875,532.6199951171875,537.75,584200.0,314153550.0,1.0
2025-12-03,536.75,544.5999755859375,531.0,543.5499877929688,552200.0,300148303.25927734,1.0
2025-12-04,547.489990234375,553.4600219726562,540.6500244140625,550.6099853515625,1259100.0,693273032.5561523,1.0
2025-12-05,551.02001953125,556.0,544.8099975585938,550.9500122070312,389500.0,214595029.75463867,1.0
2025-12-08,553.7000122070312,555.3800048828125,548.219970703125,553.1199951171875,533200.0,294923581.3964844,1.0
2025-12-09,550.989990234375,552.7100219726562,540.030029296875,546.6500244140625,459300.0,251076356.2133789,1.0
2025-12-10,552.2999877929688,579.5999755859375,552.0700073242188,568.3900146484375,1396000.0,793472460.4492188,1.0
2025-12-11,563.989990234375,586.3699951171875,553.280029296875,581.030029296875,742700.0,431531002.75878906,1.0
2025-12-12,584.1300048828125,584.1300048828125,561.6300048828125,564.280029296875,943800.0,532567491.6503906,1.0
2025-12-15,568.1799926757812,576.719970703125,541.9400024414062,551.7899780273438,1017000.0,561170407.6538086,1.0
2025-12-16,548.3200073242188,559.52001953125,540.9299926757812,555.0599975585938,897700.0,498277359.8083496,1.0
2025-12-17,546.3400268554688,563.469970703125,544.5,550.0,1140700.0,627385000.0,1.0
2025-12-18,555.8400268554688,568.6099853515625,555.1500244140625,563.280029296875,955600.0,538270395.9960938,1.0
2025-12-19,566.2999877929688,603.1199951171875,561.9099731445312,594.2000122070312,2688900.0,1597744412.8234863,1.0
2025-12-22,603.9500122070312,617.969970703125,596.5,600.1900024414062,876200.0,525886480.13916016,1.0
2025-12-23,597.260009765625,608.3800048828125,584.2899780273438,591.02001953125,709500.0,419328703.8574219,1.0
2025-12-24,587.0399780273438,591.8200073242188,581.7100219726562,591.1500244140625,218900.0,129402740.34423828,1.0
2025-12-26,591.1500244140625,591.1500244140625,577.1300048828125,583.8400268554688,328400.0,191733064.819336,1.0
2025-12-29,580.0,586.989990234375,577.219970703125,580.5499877929688,443500.0,257473919.58618164,1.0
2025-12-30,579.0,580.8900146484375,571.1400146484375,572.1099853515625,430800.0,246464981.68945312,1.0
2025-12-31,572.9400024414062,574.1900024414062,567.8200073242188,567.9299926757812,469200.0,266472752.56347656,1.0
2026-01-02,573.3699951171875,579.5800170898438,554.4000244140625,563.4500122070312,517600.0,291641726.3183594,1.0
2026-01-05,569.6500244140625,601.6900024414062,568.3599853515625,591.1599731445312,777900.0,459863343.10913086,1.0
2026-01-06,602.9099731445312,633.9199829101562,595.0,626.6500244140625,1203500.0,754173304.3823242,1.0
2026-01-07,619.7899780273438,626.3400268554688,608.1099853515625,620.9099731445312,778300.0,483254232.0983887,1.0
2026-01-08,630.5999755859375,640.719970703125,609.1400146484375,612.97998046875,590900.0,362209870.4589844,1.0
2026-01-09,617.719970703125,636.010009765625,615.0,631.6900024414062,615600.0,388868365.5029297,1.0
2026-01-12,631.0,633.27001953125,617.5800170898438,631.72998046875,479200.0,302725006.640625,1.0
2026-01-13,635.0,649.8900146484375,623.3400268554688,641.510009765625,784100.0,503007998.65722656,1.0
2026-01-14,636.3599853515625,649.0,617.5900268554688,629.219970703125,752800.0,473676793.9453125,1.0
2026-01-15,636.010009765625,642.1799926757812,627.77001953125,637.1900024414062,455600.0,290303765.1123047,1.0
2026-01-16,641.0900268554688,649.2999877929688,633.0900268554688,636.0399780273438,678400.0,431489521.09375,1.0
2026-01-20,625.969970703125,636.0,617.8800048828125,620.52001953125,634800.0,393906108.3984375,1.0
2026-01-21,619.25,624.6900024414062,595.5399780273438,610.25,670200.0,408989550.0,1.0
2026-01-22,613.010009765625,617.989990234375,598.280029296875,607.2899780273438,509800.0,309596430.79833984,1.0
2026-01-23,608.7999877929688,622.3900146484375,605.0,613.1400146484375,423000.0,259358226.19628903,1.0
2026-01-26,611.0,616.0800170898438,603.1099853515625,605.0700073242188,443100.0,268106520.24536133,1.0
2026-01-27,604.0,614.2100219726562,596.0,610.219970703125,333000.0,203203250.24414065,1.0
2026-01-28,610.6500244140625,612.1300048828125,549.0900268554688,549.8599853515625,1337400.0,735382744.4091797,1.0
2026-01-29,555.010009765625,556.5,502.55999755859375,509.5799865722656,1539000.0,784243599.3347168,1.0
2026-01-30,505.3599853515625,509.1199951171875,481.3500061035156,483.5799865722656,1287200.0,622464158.7158203,1.0
2026-02-02,482.0,491.260009765625,459.5,459.989990234375,1149300.0,528666495.7763672,1.0
2026-02-03,471.75,471.75,434.6199951171875,451.2900085449219,2253100.0,1016801518.2525636,1.0
2026-02-04,447.6300048828125,453.989990234375,420.5700073242188,430.6499938964844,1725600.0,743129629.4677734,1.0
2026-02-05,426.4100036621094,431.6799926757813,397.8200073242188,399.6499938964844,1529700.0,611344595.6634521,1.0
2026-02-06,410.0,414.9599914550781,396.4100036621094,414.2000122070313,1479400.0,612767498.059082,1.0
2026-02-09,418.2200012207031,434.6099853515625,412.0,433.7699890136719,1507800.0,654038389.4348145,1.0
2026-02-10,438.5700073242188,458.1400146484375,436.0,446.9700012207031,1779300.0,795293723.1719971,1.0
2026-02-11,453.3900146484375,455.8299865722656,432.0,434.4500122070313,1104700.0,479936928.4851074,1.0
2026-02-12,438.2099914550781,443.1900024414063,428.0499877929688,435.80999755859375,868400.0,378457401.8798828,1.0
2026-02-13,440.1300048828125,446.0,420.6099853515625,429.6700134277344,953600.0,409733324.8046875,1.0
2026-02-17,433.6199951171875,444.8299865722656,426.489990234375,431.9400024414063,710600.0,306936565.7348633,1.0
2026-02-18,433.989990234375,443.5299987792969,427.010009765625,430.1199951171875,691200.0,297298940.625,1.0
2026-02-19,429.0499877929688,443.0,423.5,441.1199951171875,593800.0,261937053.100586,1.0
2026-02-20,435.1700134277344,449.8900146484375,429.010009765625,433.9100036621094,648000.0,281173682.3730469,1.0
2026-02-23,426.239990234375,431.5199890136719,420.5,423.4400024414063,810500.0,343198121.97875977,1.0
2026-02-24,420.7699890136719,444.9599914550781,410.5400085449219,442.510009765625,1458400.0,645356598.2421875,1.0
2026-02-25,498.4299926757813,551.969970703125,498.2999877929688,520.1799926757812,4422000.0,2300235927.6123047,1.0
2026-02-26,528.0700073242188,555.3599853515625,517.0700073242188,550.1900024414062,2090200.0,1150007143.103027,1.0
2026-02-27,540.5,545.02001953125,523.8300170898438,542.4000244140625,1676700.0,909442120.9350586,1.0
2026-03-02,548.1599731445312,577.3200073242188,543.0,572.02001953125,1316400.0,753007153.7109375,1.0
2026-03-03,569.1400146484375,588.3800048828125,552.2100219726562,579.0900268554688,1185600.0,686569135.8398438,1.0
2026-03-04,573.1699829101562,580.3300170898438,563.6900024414062,569.8099975585938,783900.0,446674057.0861816,1.0
2026-03-05,566.9299926757812,580.2100219726562,557.3599853515625,570.489990234375,738400.0,421249808.7890625,1.0
2026-03-06,566.0,581.0,559.3699951171875,574.010009765625,653400.0,375058140.3808594,1.0
2026-03-09,565.510009765625,577.530029296875,546.1699829101562,559.0599975585938,792100.0,442831424.0661621,1.0
2026-03-10,556.2899780273438,559.3400268554688,528.3400268554688,529.969970703125,797200.0,422492060.6445313,1.0
2026-03-11,528.0999755859375,535.0,512.8200073242188,517.5700073242188,564200.0,292012998.1323242,1.0
2026-03-12,514.989990234375,516.239990234375,490.0199890136719,499.3999938964844,1038600.0,518676833.6608887,1.0
2026-03-13,506.1199951171875,508.3999938964844,492.7300109863281,496.1799926757813,551900.0,273841737.9577637,1.0
2026-03-16,497.6499938964844,500.9400024414063,484.4299926757813,489.6400146484375,868100.0,425056496.7163086,1.0
2026-03-17,490.0,512.1500244140625,489.8299865722656,506.5700073242188,714900.0,362146898.236084,1.0
2026-03-18,502.0700073242188,516.4299926757812,501.989990234375,508.4100036621094,519800.0,264271519.90356445,1.0
2026-03-19,505.7900085449219,505.9599914550781,491.010009765625,502.1799926757813,515700.0,258974222.2229004,1.0
2026-03-20,502.1799926757813,505.6400146484375,488.0499877929688,496.2699890136719,1003600.0,498056560.9741211,1.0
2026-03-23,503.0,513.9600219726562,496.4800109863281,507.2799987792969,564100.0,286156647.31140137,1.0
2026-03-24,501.4700012207031,502.1600036621094,448.1099853515625,456.6000061035156,1175000.0,536505007.17163086,1.0
2026-03-25,463.2799987792969,472.6799926757813,453.239990234375,460.1499938964844,949200.0,436774374.20654297,1.0
2026-03-26,448.2099914550781,467.8200073242188,445.0,450.4599914550781,767900.0,345908227.4383545,1.0
2026-03-27,445.010009765625,449.1000061035156,428.5,429.9400024414063,864400.0,371640138.1103516,1.0
2026-03-30,430.0,437.5799865722656,412.1499938964844,415.0700073242188,1000900.0,415443570.33081055,1.0
2026-03-31,419.1499938964844,434.2000122070313,413.55999755859375,424.6900024414063,817800.0,347311483.99658203,1.0
2026-04-01,432.5199890136719,439.510009765625,422.0400085449219,423.5700073242188,679000.0,287604034.97314453,1.0
2026-04-02,415.0199890136719,422.6099853515625,403.0299987792969,412.80999755859375,1071400.0,442284631.3842773,1.0
2026-04-06,411.0700073242188,420.6400146484375,410.0,413.0700073242188,616400.0,254616352.51464844,1.0
2026-04-07,409.9100036621094,411.489990234375,362.7300109863281,372.8699951171875,2129500.0,794026654.6020508,1.0
2026-04-08,400.9500122070313,412.8299865722656,385.05999755859375,391.5299987792969,1626000.0,636627778.0151367,1.0
2026-04-09,386.510009765625,387.0899963378906,347.2799987792969,351.3299865722656,2118300.0,744222310.5560303,1.0
2026-04-10,356.2799987792969,360.4599914550781,339.010009765625,345.94000244140625,1696700.0,586956402.142334,1.0
2026-04-13,345.8900146484375,364.8800048828125,342.6000061035156,359.6300048828125,1540200.0,553902133.5205078,1.0
2026-04-14,371.4400024414063,383.8699951171875,369.7200012207031,380.8599853515625,1533800.0,584163045.5322266,1.0
2026-04-15,390.5799865722656,404.1499938964844,383.3399963378906,402.1799926757813,1164500.0,468338601.47094727,1.0
2026-04-16,413.010009765625,414.2099914550781,392.6900024414063,393.0799865722656,1090900.0,428810957.3516846,1.0
2026-04-17,405.0,410.3900146484375,400.0400085449219,402.8500061035156,940100.0,378719290.73791504,1.0
2026-04-20,397.8500061035156,404.6799926757813,394.8200073242188,403.75,485200.0,195899500.0,1.0
2026-04-21,398.6300048828125,410.0400085449219,391.239990234375,404.9200134277344,816500.0,330617190.9637451,1.0
2026-04-22,409.8800048828125,414.0,394.010009765625,403.1499938964844,897800.0,361948064.5202637,1.0
2026-04-23,397.1000061035156,399.4100036621094,376.2799987792969,392.6400146484375,1271100.0,499084722.6196289,1.0
2026-04-24,394.1199951171875,398.5700073242188,383.7099914550781,397.1199951171875,824100.0,327266587.9760742,1.0
2026-04-27,395.5199890136719,408.2300109863281,395.2099914550781,402.5899963378906,764500.0,307780052.2003174,1.0
2026-04-28,402.5899963378906,412.0,398.4200134277344,406.30999755859375,770900.0,313224377.1179199,1.0
2026-04-29,404.5,406.30999755859375,380.3299865722656,400.5400085449219,1193400.0,478004446.19750977,1.0
2026-04-30,399.8999938964844,403.2099914550781,392.0,401.760009765625,868600.0,348968744.4824219,1.0
2026-05-01,408.760009765625,413.9500122070313,398.3800048828125,402.30999755859375,605900.0,243759627.52075195,1.0
2026-05-04,403.0,413.6600036621094,393.7099914550781,393.75,855500.0,336853125.0,1.0
2026-05-05,396.1400146484375,396.8399963378906,370.4500122070313,380.6000061035156,1540800.0,586428489.4042969,1.0
2026-05-06,384.4800109863281,387.6799926757813,369.4299926757813,385.8599853515625,2245900.0,866602941.1010742,1.0
2026-05-07,408.3999938964844,438.9700012207031,385.7799987792969,426.8900146484375,2560600.0,1093094571.508789,1.0
2026-05-08,431.489990234375,432.760009765625,392.55999755859375,403.5400085449219,1747400.0,705145810.9313965,1.0
2026-05-11,394.2000122070313,400.1900024414063,379.1900024414063,394.3599853515625,1403600.0,553523675.4394531,1.0
2026-05-12,398.239990234375,409.2099914550781,389.010009765625,393.6600036621094,1054400.0,415075107.8613281,1.0
2026-05-13,389.2300109863281,393.989990234375,367.010009765625,376.8200073242188,1342100.0,505730131.829834,1.0
2026-05-14,377.25,394.8900146484375,366.0,388.1900024414063,893400.0,346808948.18115234,1.0
2026-05-15,385.6600036621094,403.5199890136719,385.5499877929688,391.8800048828125,1043000.0,408730845.09277344,1.0
2026-05-18,393.7200012207031,414.5,391.4800109863281,399.3699951171875,1073500.0,428723689.7583008,1.0
2026-05-19,398.4400024414063,402.0299987792969,382.0,392.3399963378906,789400.0,309713193.10913086,1.0
2026-05-20,389.4400024414063,402.5199890136719,383.1000061035156,398.4400024414063,963900.0,384056318.3532715,1.0
2026-05-21,393.1900024414063,395.1300048828125,380.4299926757813,389.8399963378906,1100100.0,428862979.9713135,1.0
2026-05-22,392.0,400.0,384.0499877929688,386.0,1324000.0,511064000.0,1.0
2026-05-26,391.0700073242188,400.6300048828125,379.0,385.2999877929688,1304700.0,502700894.0734863,1.0
2026-05-27,384.0,392.510009765625,374.0,391.3200073242188,1052300.0,411786043.7072754,1.0
2026-05-28,393.5899963378906,448.3500061035156,393.4500122070313,439.3200073242188,1725000.0,757827012.6342773,1.0
2026-05-29,437.5,450.739990234375,421.5700073242188,448.7200012207031,1491200.0,669131265.8203125,1.0
2026-06-01,455.4500122070313,484.8399963378906,452.0199890136719,476.8800048828125,1477200.0,704447143.2128906,1.0
2026-06-02,460.6499938964844,493.75,456.6099853515625,490.1199951171875,1282600.0,628627905.7373047,1.0
2026-06-03,481.0,485.3599853515625,465.260009765625,481.4800109863281,1275500.0,614127754.0130615,1.0
2026-06-04,485.0,515.7999877929688,477.25,513.2000122070312,1287700.0,660847655.7189941,1.0
2026-06-05,506.760009765625,514.989990234375,481.0,486.1199951171875,1668400.0,811042599.8535156,1.0
2026-06-08,490.7300109863281,492.5899963378906,470.75,471.05999755859375,946500.0,445858287.689209,1.0
2026-06-09,467.6099853515625,479.4700012207031,436.3599853515625,452.510009765625,966100.0,437169920.4345703,1.0
2026-06-10,448.6600036621094,462.989990234375,437.9800109863281,447.5899963378906,727600.0,325666481.3354492,1.0
2026-06-11,444.7699890136719,453.1499938964844,423.0400085449219,446.2000122070313,885200.0,394976250.80566406,1.0
2026-06-12,446.8900146484375,450.0,427.0,441.7300109863281,723100.0,319414970.94421387,1.0
2026-06-15,448.7200012207031,457.5700073242188,434.5299987792969,443.2099914550781,959000.0,425038381.8054199,1.0
2026-06-16,441.6400146484375,448.1000061035156,427.0,435.3900146484375,747900.0,325628191.9555664,1.0
2026-06-17,431.7999877929688,442.80999755859375,422.1099853515625,423.010009765625,940200.0,397714011.1816406,1.0
2026-06-18,424.6549987792969,427.95989990234375,402.0,417.5199890136719,759939.0,317289722.9310608,1.0
