date,open,high,low,close,volume,amount,factor
2021-04-05,124.63822727194196,125.94700645353365,123.9121292809131,125.79461669921876,12562800.0,1580332610.6689453,1.0
2021-04-06,125.36437310634616,125.70500348835238,123.3832784037853,123.75977325439452,9100000.0,1126213936.6149902,1.0
2021-04-07,124.00177734571908,125.4539733347568,123.16809965247953,124.98783111572266,6958500.0,869727822.8187561,1.0
2021-04-08,125.4988397709681,125.83051089902492,124.4320974443888,125.80361938476562,7304900.0,918982859.2437744,1.0
2021-04-09,125.4091825618527,126.108389235037,124.49484379124983,126.00979614257812,6033200.0,760242302.0874023,1.0
2021-04-12,124.47686354709974,125.40017491783767,121.95792590392443,123.20394897460938,10355500.0,1275838493.6065674,1.0
2021-04-13,124.04661893971476,124.396222234753,121.68902967828848,123.07848358154295,9225200.0,1135423626.7364502,1.0
2021-04-14,122.88126291081667,123.56253722915513,120.03961297485404,120.7926025390625,9967800.0,1204036503.5888672,1.0
2021-04-15,121.91312851456394,123.69700936333452,121.52767445321952,123.56253814697266,11733200.0,1449783972.5860596,1.0
2021-04-16,123.3653202312864,124.6113435266604,122.49579170736163,123.89421844482422,6583900.0,815707144.8188782,1.0
2021-04-19,122.71989412754672,122.85436533626888,120.20095608325404,121.24080657958984,8728900.0,1058298876.5525818,1.0
2021-04-20,120.6133192324675,120.81949201194416,119.03561120646374,119.58242797851562,7473700.0,893723191.9830322,1.0
2021-04-21,119.06251908833764,122.24479936281428,118.77565810319103,122.0834503173828,7237900.0,883627805.052185,1.0
2021-04-22,121.3483783668962,121.8772765944005,118.74876568088236,119.1969757080078,8345100.0,994710681.980896,1.0
2021-04-23,119.88725238856328,122.01176406123882,119.70795739110362,121.40219116210938,7666600.0,930742038.7634276,1.0
2021-04-26,121.31255651719562,125.22094943304428,121.12430224245756,124.56656646728516,9715400.0,1210214019.8562622,1.0
2021-04-27,124.34245566283728,124.9430555733262,122.79163882229408,123.71495056152344,9284500.0,1148631458.4884644,1.0
2021-04-28,123.85836677326044,123.94801425688894,121.68903171664888,122.42410278320312,13118100.0,1605971622.720337,1.0
2021-04-29,129.98989835714065,130.24986789513906,126.09943767026591,127.90123748779295,20502100.0,2622243961.09848,1.0
2021-04-30,126.4579883917878,127.3723270332697,123.93903645450833,124.42311096191406,11374600.0,1415263117.9473877,1.0
2021-05-03,125.2299002844794,125.2836833084174,122.6930294552039,123.1950225830078,7920300.0,975741537.3641968,1.0
2021-05-04,121.91313366299237,121.91313366299237,118.70394806193995,120.22785949707033,11996300.0,1442289470.8847046,1.0
2021-05-05,121.98486038908348,122.31653148040807,120.21891153076302,120.70297241210938,6285500.0,758678533.0963135,1.0
2021-05-06,120.55952721861917,122.39717722255806,119.31350400198168,121.91311645507812,8352500.0,1018279305.19104,1.0
2021-05-07,122.7557875174638,124.32452290760284,122.17310616558277,123.571533203125,6893700.0,851865078.4423828,1.0
2021-05-10,121.93106766595147,122.5226945453537,115.47684558452706,115.58441162109376,19537200.0,2258195766.723633,1.0
2021-05-11,112.27662918514235,115.24377783576077,111.84634448323372,115.07345581054688,11948000.0,1374897650.024414,1.0
2021-05-12,112.9758324225812,113.96189323731647,110.86924640038691,111.71188354492188,13529600.0,1511417099.609375,1.0
2021-05-13,113.95292821333555,115.17205328556032,112.83240306238326,113.94396209716795,10633000.0,1211566148.979187,1.0
2021-05-14,115.3065187160929,117.80752470888854,114.571447688431,116.6690673828125,9391100.0,1095650878.6987305,1.0
2021-05-17,115.8981560163712,116.3822305607253,114.48181736683853,116.35533905029295,5917400.0,688521083.2962036,1.0
2021-05-18,117.1083364070718,117.64619400769249,115.44995353706383,115.55753326416016,8651100.0,999699776.021576,1.0
2021-05-19,114.0156798680454,117.27864863260082,113.35232403983824,117.12625885009766,8112900.0,950233625.4249572,1.0
2021-05-20,117.90614190396724,119.47487717536464,117.84339960582008,118.9011688232422,9208400.0,1094889522.9919434,1.0
2021-05-21,118.45293517826993,118.94596890112932,116.973847687975,117.84337615966795,8674000.0,1022173444.80896,1.0
2021-05-24,117.7268431995792,120.1202830183264,117.7268431995792,119.1431884765625,8229300.0,980465040.9301758,1.0
2021-05-25,119.70795544384168,120.38924359521506,119.0446132058678,119.89620971679688,7271400.0,871813299.3347168,1.0
2021-05-26,120.00376444248512,120.58644576316948,118.52467662514474,119.30455780029295,6663300.0,794962059.9906921,1.0
2021-05-27,118.98184651748444,120.69401234200107,118.96392796227236,119.79759216308594,7379300.0,884022371.84906,1.0
2021-05-28,120.25477438656056,121.59044552012352,120.07549306726791,120.60437774658205,7042200.0,849320148.96698,1.0
2021-06-01,121.10637907445334,121.97590779562265,119.6989927416147,120.0665283203125,7059600.0,847621663.3300781,1.0
2021-06-02,119.99444101955848,121.39098524543988,119.35474262290693,120.5710906982422,6026000.0,726561392.5476074,1.0
2021-06-03,119.5169005774654,120.18364137673213,118.40868132497368,118.73303985595705,6644000.0,788862316.8029785,1.0
2021-06-04,119.40880625606184,121.67931636476445,119.11147640567698,121.03960418701172,7416700.0,897714432.3738098,1.0
2021-06-07,120.46295876234448,120.52603497478216,119.507906816917,120.12059020996094,5563300.0,668266879.5150757,1.0
2021-06-08,120.78730585423,121.98563004399492,119.8322539994913,120.91344451904295,9657900.0,1167769955.820465,1.0
2021-06-09,121.72435812021703,121.94960673720628,119.64304935084547,119.733154296875,6717200.0,804271544.0429688,1.0
2021-06-10,119.87731095123289,121.72435227141192,119.45384247179383,120.93147277832033,5522300.0,667819872.1237183,1.0
2021-06-11,120.55304664124944,121.3188835890208,120.41788924005492,121.29185485839844,6529900.0,792023683.039856,1.0
2021-06-14,121.81442427956594,123.71552276611328,121.44501332409465,123.71552276611328,7912600.0,978911445.439148,1.0
2021-06-15,123.56237898380684,123.7786226022735,121.84147627556436,122.15682983398438,5723600.0,699176831.237793,1.0
2021-06-16,122.95870291551256,123.48128130048504,120.4269109325868,121.58918762207033,7404700.0,900331457.585144,1.0
2021-06-17,121.01254318266042,123.09383783229524,120.8143233352588,121.9495849609375,6618300.0,807098938.1469727,1.0
2021-06-18,121.22880425892905,121.25583299219475,119.14750930896427,119.83226013183594,12753600.0,1528292712.8173828,1.0
2021-06-21,119.87729646295236,121.72433755989944,119.52590922972496,120.69720458984376,6371400.0,769010169.3237305,1.0
2021-06-22,120.9314660045758,121.91354657291063,120.09353408756932,121.7063217163086,5976400.0,727365661.1053467,1.0
2021-06-23,121.53514465289793,122.74247395452728,121.46306344484896,122.10277557373048,6613800.0,807563337.0895386,1.0
2021-06-24,123.09383377911804,124.79671241348238,122.8505752228386,124.26512908935548,7941700.0,986876375.6889344,1.0
2021-06-25,124.74266406891748,125.661682148463,123.40919629041797,124.02186584472656,7949200.0,985874615.9729004,1.0
2021-06-28,124.54444583486598,126.29237708315648,124.31919724612922,125.88693237304688,6645500.0,836581609.085083,1.0
2021-06-29,125.8058374991266,128.79713140212672,125.46345526848708,128.4998016357422,6885400.0,884772534.1827393,1.0
2021-06-30,128.2565795470145,129.40985146986634,127.79706352825812,128.77914428710938,6449700.0,830586846.9085693,1.0
2021-07-01,128.76108365212568,128.86019356345665,126.45454071360132,126.8599853515625,6094100.0,773097436.730957,1.0
2021-07-02,127.93217707396978,128.5538515511188,127.26543638712803,128.46376037597656,5399100.0,693588688.645935,1.0
2021-07-06,128.842200574774,129.00437296942434,125.85089253577604,127.2114028930664,7095200.0,902590345.8068848,1.0
2021-07-07,128.157435926101,128.2655508441867,125.2922668640907,126.11217498779295,5034900.0,634962189.8460388,1.0
2021-07-08,124.08494348023328,125.12108148766184,122.17483984994784,124.59850311279295,7501100.0,934625831.6993712,1.0
2021-07-09,124.23811353248428,127.6979286249702,124.16603233288043,127.42762756347656,7356800.0,937459570.4589844,1.0
2021-07-12,127.40056893039224,128.86018882064235,127.22037284771736,128.36463928222656,6786500.0,871146624.4888306,1.0
2021-07-13,128.3376698032013,128.53588971007412,126.51765690740828,127.20240783691406,5657600.0,719660342.578125,1.0
2021-07-14,129.29268050484035,131.85150098672057,128.39168621560802,129.51792907714844,11305700.0,1464290850.767517,1.0
2021-07-15,129.85131619340822,129.86933993193549,126.7879405518183,127.45468139648438,6667400.0,849791342.7429199,1.0
2021-07-16,127.82408257603404,128.40071849375192,125.7157587907609,125.87794494628906,5914300.0,744479929.7958374,1.0
2021-07-19,124.62554128833683,125.14810589707882,123.2650310625776,125.04899597167967,9371300.0,1171871655.949402,1.0
2021-07-20,125.25621594017456,126.51760230489728,123.6163999179548,125.7337417602539,6020400.0,756967418.8934326,1.0
2021-07-21,125.82388080072997,128.13944334532414,125.82388080072997,128.09439086914062,6161900.0,789304827.0965576,1.0
2021-07-22,127.9412219543162,128.70707279623463,127.49072469391368,128.33766174316406,3862600.0,495717052.2491455,1.0
2021-07-23,129.24764264911292,130.63518171028457,127.96823226356612,130.53607177734375,6310400.0,823734827.34375,1.0
2021-07-26,129.69816942821916,130.08560425375396,128.15747636699408,129.292724609375,6253900.0,808583770.4345703,1.0
2021-07-27,128.38269752264387,128.84219971918543,124.52644257495128,126.97713470458984,7575800.0,961953377.0950316,1.0
2021-07-28,127.2834998035924,128.76113026778927,126.2653715956954,128.33766174316406,9303400.0,1193976602.2613523,1.0
2021-07-29,131.99563862815012,136.51863296166223,131.91455245685955,136.04110717773438,19446900.0,2645577807.1746826,1.0
2021-07-30,134.4283614848011,135.51857075596615,133.67152948972375,134.96896362304688,8404800.0,1134387145.4589844,1.0
2021-08-02,135.1491883351345,137.20345489798163,133.5364140701599,134.12205505371094,10823800.0,1451710299.4903564,1.0
2021-08-03,134.16705401534114,134.77071849934077,132.04971207676869,133.30209350585938,6223400.0,829592248.7243652,1.0
2021-08-04,133.36521400011026,134.42838094499464,132.74352557555542,133.54541015625,5556400.0,742031716.9921875,1.0
2021-08-05,132.66241024281976,132.8696350894821,130.25675702887278,132.29299926757812,7169200.0,948434970.3491212,1.0
2021-08-06,131.66229593509743,133.5543756368747,131.47308109087902,131.7974395751953,5733300.0,755634260.3164673,1.0
2021-08-09,132.25698130168828,133.09491336544366,131.31995303757606,132.37411499023438,4966600.0,657449279.510498,1.0
2021-08-10,132.73447692754817,132.89664929031514,128.30157320545152,131.4280242919922,4197100.0,551616560.7559204,1.0
2021-08-11,131.59924004347772,132.25696210690984,130.10358603790138,132.15785217285156,6216000.0,821493209.1064453,1.0
2021-08-12,133.13089055032827,133.34713409546745,131.89653296518142,132.58128356933594,5777700.0,766014882.0785522,1.0
2021-08-13,132.44619762657254,134.52749281815355,132.38312140957402,133.923828125,5764000.0,771936945.3125,1.0
2021-08-16,133.7075682905497,134.32025165368444,132.1939042429532,133.4643096923828,4410800.0,588684377.1911621,1.0
2021-08-17,132.40112968263685,132.44618215407476,129.3557778362267,130.11260986328125,7256800.0,944201187.2558594,1.0
2021-08-18,129.59903231231615,130.33785432575755,127.92318216396365,128.10337829589844,6546500.0,838628766.0140991,1.0
2021-08-19,126.72486887430225,127.44566721225073,125.20219974234313,126.68883514404295,8661000.0,1097252001.1825562,1.0
2021-08-20,126.688840306324,128.17547576860088,126.40953420415804,128.02230834960938,6141000.0,786184995.5749512,1.0
2021-08-23,128.52682211233733,130.29277686193933,128.25653484032563,129.8693084716797,6936900.0,900890405.9371948,1.0
2021-08-24,130.27475845644005,131.17575272821523,129.5990127526086,130.1576385498047,7066800.0,919798000.1037598,1.0
2021-08-25,130.15764997198576,131.0316018440677,129.26566061534106,129.6260528564453,5721600.0,741668424.0234375,1.0
2021-08-26,129.01341853613565,129.52697830738887,127.59885041985171,128.2836151123047,6825100.0,875548501.5029907,1.0
2021-08-27,128.12140497764014,130.59913965590988,127.86912763751756,130.50904846191406,6274500.0,818879024.5742798,1.0
2021-08-30,131.17578108103905,133.22104236950204,131.1487523468902,131.4911346435547,5263600.0,692116736.3098145,1.0
2021-08-31,132.26596478041563,132.92368676393966,130.24773261755718,132.16685485839844,7820500.0,1033610888.420105,1.0
2021-09-01,132.91816349653377,134.05871231301012,132.35694983262334,132.5651397705078,6451400.0,855230742.7154541,1.0
2021-09-02,132.79140832232372,132.96339668158672,130.80903944384127,131.3612060546875,6006700.0,789047356.4086914,1.0
2021-09-03,131.36124386571308,132.1487690104877,130.5556248552553,130.91770935058594,5505800.0,720806724.142456,1.0
2021-09-07,130.96294473737478,131.03536162920295,129.55084987699985,130.12112426757812,6361200.0,827726495.690918,1.0
2021-09-08,129.76812350414576,130.00346808512958,128.07542152112265,129.0077667236328,5981300.0,771634155.104065,1.0
2021-09-09,128.9624792667837,129.93102582655973,128.03918117797764,128.1568603515625,6190800.0,793393491.0644531,1.0
2021-09-10,129.55993470940797,132.15782730574773,129.02586175939166,129.152587890625,6263300.0,808921403.7353516,1.0
2021-09-13,130.3655518186748,131.00822939874692,128.5642175835519,129.81338500976562,4312800.0,559859166.8701172,1.0
2021-09-14,130.7728611981756,131.08062262634184,127.2878725532456,127.75857543945312,6442100.0,823033518.838501,1.0
2021-09-15,127.4598774217982,127.63186583392358,124.48180662966902,125.133544921875,11289100.0,1412645101.977539,1.0
2021-09-16,124.30075731375716,125.78526907646112,124.30075731375716,125.27835083007812,6719900.0,841857989.743042,1.0
2021-09-17,124.74430069414318,124.91628909921752,120.5170627132389,120.93345642089844,14550500.0,1759642257.6522827,1.0
2021-09-20,119.00541349456375,120.49897251252555,118.2269489985556,120.17310333251952,9647100.0,1159321945.1591492,1.0
2021-09-21,120.92438959086267,121.21405716632904,118.83340184936438,119.25884246826172,6175300.0,736459129.8942566,1.0
2021-09-22,120.019197586717,120.83387727311916,119.467030863707,120.39937591552734,5163000.0,621621977.8518677,1.0
2021-09-23,121.06923175400522,122.34555369899152,120.58948188454704,121.2140655517578,5918900.0,717453932.5942993,1.0
2021-09-24,120.48991954687244,121.79339620164488,120.2093126749363,121.18692016601562,4554600.0,551957946.5881348,1.0
2021-09-27,119.8743838439596,121.3317412541257,119.50326619728332,120.82483673095705,4319500.0,521902882.2593689,1.0
2021-09-28,119.2588517719578,120.1549953648434,117.40320843167964,117.58424377441406,8851700.0,1040820450.617981,1.0
2021-09-29,118.208830552075,118.98729497718068,116.67000938024609,117.02303314208984,7037200.0,823514488.8275146,1.0
2021-09-30,117.9915851999662,118.65237038637528,116.49801261301472,116.75146484375,6976800.0,814551619.921875,1.0
2021-10-01,117.4937498364187,117.69289288558096,114.4794632964042,116.50709533691406,6863700.0,799669750.263977,1.0
2021-10-04,116.69716532576967,117.48467669301309,113.98159364604838,114.66954040527344,8470300.0,971285408.0947876,1.0
2021-10-05,114.17166634413287,116.56137543069336,113.77338725141855,115.43893432617188,9244300.0,1067152140.5914308,1.0
2021-10-06,114.55185331660464,116.10878198343195,114.11735886532875,115.91868591308594,8513700.0,986896916.2582396,1.0
2021-10-07,117.00492766290094,118.32651196742717,115.493261074177,115.71955871582033,8010600.0,926983097.0489502,1.0
2021-10-08,116.39843172780928,116.39843172780928,114.24408103410204,114.55184936523438,6920500.0,792756073.5321045,1.0
2021-10-11,114.10831426838163,115.16739242099494,113.04018918296588,113.0945053100586,6288200.0,711160868.2907104,1.0
2021-10-12,113.49278804421148,113.57425878440924,110.58712722353192,111.29317474365234,10531500.0,1172084069.812775,1.0
2021-10-13,113.32984733498624,114.34366317667016,111.80912702548804,113.18502044677734,12373800.0,1400528806.0043335,1.0
2021-10-14,114.1988460758534,117.04114392436269,114.0449584297448,116.46182250976562,10637900.0,1238909221.6766355,1.0
2021-10-15,116.78769380621212,118.10926433302188,116.47991850836196,117.8558120727539,7609700.0,896847373.1300354,1.0
2021-10-18,117.0592448630022,117.91917309595216,116.08163744238892,117.78338623046876,5290000.0,623074113.1591797,1.0
2021-10-19,118.5980660357284,120.20930405959206,117.96443543287944,119.937744140625,7330700.0,879227620.9716797,1.0
2021-10-20,119.93774345538132,120.39938564650994,118.81530224238226,119.6299819946289,4804100.0,574714396.5003967,1.0
2021-10-21,119.4851474815544,120.62568255333652,118.94202764997564,120.43560028076172,4579200.0,551498700.8056641,1.0
2021-10-22,120.2998248048803,121.01493311122444,118.96919352244934,119.14118194580078,5216200.0,621464233.265686,1.0
2021-10-25,119.32223336874708,120.5442324103944,118.8515303820698,119.42179107666016,4876300.0,582336479.8271179,1.0
2021-10-26,120.29979933405232,121.10541824224828,118.64331304708502,119.43082427978516,5802200.0,692961528.6361694,1.0
2021-10-27,119.43082457262382,119.81100288631156,118.13639510763292,118.76097869873048,5090400.0,604540885.9680176,1.0
2021-10-28,119.47610950311008,121.14165685368222,119.36747724138608,121.01493072509766,5016700.0,607095602.9685974,1.0
2021-10-29,120.26361652095024,121.00586558653826,119.89248508210044,120.42654418945312,5251100.0,632371826.1932373,1.0
2021-11-01,119.88343517833997,122.08304152129324,119.88343517833997,122.02873229980467,6903000.0,842364339.0655518,1.0
2021-11-02,121.79338213127038,122.8615002703554,121.40414304166252,122.40890502929688,7321900.0,896265761.7340088,1.0
2021-11-03,122.8795955148106,125.6856912503056,122.23690426020434,125.35076141357422,13216000.0,1656635662.8417969,1.0
2021-11-04,141.49939174489467,144.45030793089663,138.7657124485913,141.30929565429688,48321500.0,6828277129.959106,1.0
2021-11-05,142.1782838214475,152.5698672855643,141.12825948698074,147.57321166992188,27226600.0,4017916804.852295,1.0
2021-11-08,147.73615205236695,151.80950942561412,145.98912715220973,150.1258544921875,14541400.0,2183040100.512696,1.0
2021-11-09,150.72325377556874,153.44788581411348,148.79520754872297,150.93145751953125,12353900.0,1864592133.050537,1.0
2021-11-10,149.4378962450234,150.37024135452378,143.95244402808385,144.64944458007812,11327100.0,1638458723.703003,1.0
2021-11-11,146.4598111839706,149.86332215515273,146.0886798007526,148.83140563964844,7624200.0,1134720402.8778076,1.0
2021-11-12,149.3564332437702,150.27973142575914,148.74995726320336,149.3021240234375,7371000.0,1100505956.1767578,1.0
2021-11-15,150.71421770383606,153.82807522248967,150.0896340511617,152.5336456298828,12350200.0,1883821030.2581787,1.0
2021-11-16,152.1715991181701,166.3106725020891,151.22114618327726,164.5727081298828,33338200.0,5486557858.175659,1.0
2021-11-17,163.64938276632952,168.66414582050902,161.6941818032632,166.13865661621094,21678900.0,3601703322.917176,1.0
2021-11-18,167.67748299403706,170.82754187505608,165.4235538137635,168.65509033203125,15542600.0,2621338606.994629,1.0
2021-11-19,167.1796439954306,168.9085612515919,165.01623914498407,167.4602508544922,11889100.0,1990951668.434143,1.0
2021-11-22,163.93906940798274,170.87283268883922,163.82139021061678,164.20156860351562,16062800.0,2637536956.164551,1.0
2021-11-23,163.24208209956612,164.13822583515383,160.23685625771049,163.7852020263672,10696200.0,1751879277.9144287,1.0
2021-11-24,162.49978653245788,163.6403214785364,160.51741732142577,163.57696533203125,7886200.0,1290000664.0014648,1.0
2021-11-26,159.01480081659955,163.16057463396143,158.46263410307927,159.0781707763672,7835900.0,1246520638.3865356,1.0
2021-11-29,162.4636117114545,166.61844723377126,162.0291240729522,166.31973266601562,10440500.0,1736461168.899536,1.0
2021-11-30,165.84901812828815,169.0986489751197,163.24206485442713,163.4412078857422,19309200.0,3155918971.307373,1.0
2021-12-01,164.3589014807546,166.41236057605798,159.29793746826354,159.57960510253906,10637700.0,1697559965.1992798,1.0
2021-12-02,156.36309168992074,161.6330459480588,155.56352227161946,160.8516387939453,13101400.0,2107381660.494995,1.0
2021-12-03,161.76934147687265,163.79555705959697,157.83506208564967,160.37916564941406,12111800.0,1942480378.5125728,1.0
2021-12-06,160.71533834490057,160.8061912508142,156.52663534054622,159.416015625,8577500.0,1367390874.0234375,1.0
2021-12-07,162.7052104459185,167.89337889034584,162.18729478249415,166.9302520751953,9910100.0,1654295491.090393,1.0
2021-12-08,166.28517422253384,166.93029521951942,164.25897216144648,165.93991088867188,4799400.0,796412008.3190918,1.0
2021-12-09,165.15848750694232,170.6737578218553,164.92223939879304,165.60369873046875,9398900.0,1556492603.9978027,1.0
2021-12-10,168.59303412524443,168.59303412524443,164.59513123402496,167.07565307617188,6854800.0,1145270186.706543,1.0
2021-12-13,169.77423419116712,173.8175566389186,166.37601878987397,166.56683349609375,16346800.0,2722834713.7939453,1.0
2021-12-14,164.64058753551427,167.09383859174727,163.01417720837884,165.34930419921875,8542800.0,1412546035.913086,1.0
2021-12-15,167.1574326110646,172.43646869807307,163.53206396445998,171.98216247558594,11082000.0,1905906324.554444,1.0
2021-12-16,172.90894217093123,175.07143025116395,160.0157300206447,161.86929321289062,14873000.0,2407481997.9553223,1.0
2021-12-17,159.67043262118952,163.6592399892766,159.02532566423358,160.6426544189453,16232300.0,2607599759.324646,1.0
2021-12-20,158.36206449156938,160.89710109804622,157.60792832685863,160.52456665039062,6306400.0,1012332127.1240234,1.0
2021-12-21,162.98688991961947,163.68651145599216,158.2984468046219,163.16860961914062,7702400.0,1256789898.7304688,1.0
2021-12-22,162.64160589959383,164.93131283672727,161.3968114530353,164.80410766601562,5227200.0,861464031.5917969,1.0
2021-12-23,164.94041355599103,166.92119586580932,164.8041272370169,166.0398406982422,4918900.0,816733372.4105835,1.0
2021-12-27,166.46687642958642,169.37443320616595,166.29423786304628,169.30174255371094,4865900.0,823805349.092102,1.0
2021-12-28,169.53799788768376,169.6652030792392,166.72130754200543,167.9297637939453,5399400.0,906719966.6290284,1.0
2021-12-29,167.8025144183568,170.26485987380568,167.6934853779597,169.18360900878906,5417200.0,916501446.722412,1.0
2021-12-30,168.89286842860471,169.47437977931955,165.64911567704567,166.03073120117188,4108400.0,682120656.0668945,1.0
2021-12-31,166.5577201009441,168.22956342162925,165.91261312574397,166.15792846679688,4113300.0,683457407.1624756,1.0
2022-01-03,166.19427987067016,169.8014718270996,165.58551129064088,169.1927032470703,5990200.0,1013498130.9906006,1.0
2022-01-04,169.91051461230995,171.6641298462136,164.46792147929355,170.11949157714844,8484200.0,1443327790.4388428,1.0
2022-01-05,169.45620727539062,175.88918452897423,167.8479594959136,169.45620727539062,17141200.0,2904682740.148926,1.0
2022-01-06,167.65714250493164,171.2461582534226,166.27604795141215,168.95645141601562,9117700.0,1540494237.0758057,1.0
2022-01-07,169.54708854674098,171.14624146598985,163.6592698942949,163.9227752685547,7386200.0,1210766402.6885986,1.0
2022-01-10,161.97832757216494,163.55022305619426,157.8804769990895,163.25946044921875,11159300.0,1821861296.9909668,1.0
2022-01-11,162.81426582779088,168.68389444368572,161.0242982065029,168.4567413330078,9591000.0,1615668606.124878,1.0
2022-01-12,169.54708711198822,172.14571924898087,168.2659402421684,169.38352966308594,7317500.0,1239463978.309631,1.0
2022-01-13,171.45512412302287,174.0719317681919,166.53952865723497,167.08470153808594,10190900.0,1702743484.90448,1.0
2022-01-14,166.0943341922386,172.71811187775253,165.37652269834146,171.44606018066406,9587300.0,1643704812.7700806,1.0
2022-01-18,168.8838035466644,169.00192761007318,161.97835675861225,162.51443481445312,10471200.0,1701721149.8291016,1.0
2022-01-19,164.06815562230918,164.64966703173437,156.52666956634224,156.70838928222656,10082700.0,1580043676.6159058,1.0
2022-01-20,158.58013859262843,158.99810644313442,151.09316659784616,151.2839813232422,9468500.0,1432432377.159119,1.0
2022-01-21,151.0477310290378,156.31767188067036,149.53034997810772,149.85743713378906,11898700.0,1783108687.223816,1.0
2022-01-24,147.35874516600464,155.20916922758974,144.10592513378998,154.5277099609375,17489100.0,2702550572.277832,1.0
2022-01-25,150.9841429287346,154.75489325887727,146.46833753106165,150.32994079589844,10708500.0,1609808171.0128784,1.0
2022-01-26,153.17389060458737,158.5983081153053,148.9215770702876,151.73828125,10492200.0,1592068394.53125,1.0
2022-01-27,153.83713815395657,155.78156781848833,145.9322143351339,146.46829223632812,10743000.0,1573508863.494873,1.0
2022-01-28,147.20428587899937,151.6837520970888,142.99742001059278,151.5656280517578,10320800.0,1564278533.996582,1.0
2022-01-31,151.7927541297634,159.87031615111658,150.64790773220545,159.6976776123047,11273500.0,1800351768.562317,1.0
2022-02-01,160.3155601629236,161.21507748770009,157.28987946975778,160.9425048828125,9724600.0,1565101482.9833984,1.0
2022-02-02,164.40431865088095,171.40063088039778,163.78645505161174,171.00083923339844,25646300.0,4385538823.231506,1.0
2022-02-03,164.27715199154903,174.5444765905822,161.08791306441066,162.73251342773438,36120200.0,5877930931.512451,1.0
2022-02-04,162.63253449145384,165.7399871597703,160.65175229842694,163.06866455078125,15708400.0,2561547810.229492,1.0
2022-02-07,163.25038998144674,164.14082626091098,158.49835096089075,159.0889434814453,10376300.0,1650754604.246521,1.0
2022-02-08,158.38021380392402,162.90509934759535,158.08037006982863,162.26907348632812,10163900.0,1649286636.0076904,1.0
2022-02-09,164.82230231483948,167.1847003657381,162.5962044578349,167.13926696777344,9666900.0,1615718579.850769,1.0
2022-02-10,163.0050624022061,165.35837910400497,157.5988212827065,158.16217041015625,14362200.0,2271556723.864746,1.0
2022-02-11,158.73457090552012,159.44328741211055,148.60354899553133,149.59393310546875,13572000.0,2030288860.1074216,1.0
2022-02-14,150.23908042680566,152.51061164665862,147.63135315867257,150.0391845703125,8381700.0,1257583433.3129883,1.0
2022-02-15,153.55549189396675,158.0622153895008,152.87403261041368,157.18994140625,11100000.0,1744808349.609375,1.0
2022-02-16,155.08197462897266,157.380777005949,152.88313404575655,156.82652282714844,8340600.0,1308027296.2921145,1.0
2022-02-17,154.35509243122002,155.16375698328238,151.46569753738763,151.5565643310547,8878900.0,1345655579.0390017,1.0
2022-02-18,152.16531600189344,154.8729770054166,149.2305019039463,152.3197784423828,9591700.0,1461005618.8858032,1.0
2022-02-22,149.0669284158913,154.4277491856718,148.64897453117567,150.7296905517578,9835500.0,1482501871.421814,1.0
2022-02-23,151.42020181406505,153.70082707170707,146.57731149304868,146.84988403320312,9749000.0,1431639519.4396973,1.0
2022-02-24,142.55219964332437,152.97398503617157,141.5527204522525,152.6287078857422,12567000.0,1918084972.000122,1.0
2022-02-25,152.29254152022332,155.45450913490342,150.46623538829178,155.3091278076172,7350200.0,1141553151.211548,1.0
2022-02-28,152.91943557071616,157.18082899412903,152.82856880526202,156.272216796875,10638900.0,1662564487.2802734,1.0
2022-03-01,155.33640624542508,156.13597585446146,146.94082136808976,148.7307891845703,10723300.0,1594884871.6629028,1.0
2022-03-02,150.77453795845787,155.55553285789262,149.9533811420714,154.4241485595703,7299400.0,1127203629.9957275,1.0
2022-03-03,155.7197900475696,155.86577784236556,150.09026623102295,150.86581420898438,8553900.0,1290491088.1622314,1.0
2022-03-04,149.49716312794965,151.52269789922104,145.88404291044557,148.0464324951172,9057300.0,1340900953.038025,1.0
2022-03-07,148.1011735194426,148.86758824209073,136.86036856530995,136.9516143798828,13416100.0,1837356553.6819456,1.0
2022-03-08,137.4625858378186,144.46983146882283,134.9261075984766,137.55381774902344,11878400.0,1633919268.75,1.0
2022-03-09,142.34391632683398,144.5975517314012,140.66509898189196,143.34756469726562,9276800.0,1329806688.1835938,1.0
2022-03-10,140.5465300069824,141.6961665173175,137.1615232029492,141.15785217285156,8888800.0,1254723916.394043,1.0
2022-03-11,144.11401782845536,144.45161632766693,138.70347596893137,138.9954376220703,7394400.0,1027787863.9526368,1.0
2022-03-14,137.59031845854278,138.03738683403938,128.16519768368232,128.91336059570312,16154200.0,2082492209.735108,1.0
2022-03-15,130.01737630102042,131.7783067149521,126.86958997500656,131.5775909423828,13893000.0,1828007470.9625244,1.0
2022-03-16,134.09583830304814,138.28376374106372,130.99367440573917,137.27099609375,11727700.0,1609873060.888672,1.0
2022-03-17,136.1213596457302,139.54286973567048,133.73998806624533,139.4425048828125,8602900.0,1199609925.2563477,1.0
2022-03-18,139.15965203939996,142.36218023602214,135.95710992061856,140.50088500976562,18454200.0,2592831432.147217,1.0
2022-03-21,140.50088800151153,143.89502694709847,139.42424564329485,141.96072387695312,8986400.0,1275715849.0478516,1.0
2022-03-22,141.83299409749287,145.9296871506403,141.21256695652272,143.8037872314453,7220500.0,1038335245.7046508,1.0
2022-03-23,142.43519382756762,143.43884242120785,139.21441323456,139.47900390625,7245600.0,1010609070.703125,1.0
2022-03-24,140.78374692673202,144.67057762470995,140.13593484932184,144.579345703125,9261000.0,1338949320.5566406,1.0
2022-03-25,144.1322479248047,144.57933023587316,141.58663673153023,144.1322479248047,7198700.0,1037564813.1362916,1.0
2022-03-28,142.79103827081562,144.6158438717206,140.55565419413938,144.57022094726562,9470800.0,1369195648.5473633,1.0
2022-03-29,147.08845971050067,147.17057262017514,142.92789129889172,146.96072387695312,10212400.0,1500821696.520996,1.0
2022-03-30,145.42787843440894,146.2307973352773,138.4936117429278,139.3512725830078,14777800.0,2059305235.9771729,1.0
2022-03-31,139.49722580736838,141.55013155214942,137.80015650146305,139.43336486816406,13364200.0,1863415374.7711184,1.0
2022-04-01,138.6304967258596,139.47902472719804,130.07215320011986,134.11410522460938,19762100.0,2650376358.859253,1.0
2022-04-04,134.79836295156733,140.62861491420165,133.81296648887664,140.33663940429688,12116000.0,1700318723.022461,1.0
2022-04-05,138.51184227107177,138.69432001427128,132.54473514327498,132.7180938720703,15946100.0,2116335996.6934204,1.0
2022-04-06,130.38233815070026,130.47358398808746,125.41887923765606,127.0794448852539,21054200.0,2675556048.503113,1.0
2022-04-07,127.54478159602016,129.09587749751685,124.92619000875212,127.02471923828124,10201200.0,1295804565.8935547,1.0
2022-04-08,126.4042681803645,127.69989230940811,124.41523691015536,124.7163314819336,12992500.0,1620376936.7790222,1.0
2022-04-11,122.52653022271278,125.5557133196526,121.97909705535012,123.5028076171875,11210400.0,1384515874.5117188,1.0
2022-04-12,125.83858294515312,127.88237007386114,123.63057000755931,124.16888427734376,10591300.0,1315109904.0466309,1.0
2022-04-13,125.49186302052176,130.09949950561312,124.52471837228548,128.1925811767578,10440800.0,1338433101.550293,1.0
2022-04-14,128.6943997295982,129.159720080556,124.70719058404396,124.91705322265624,8002600.0,999661210.1196288,1.0
2022-04-18,123.7400503919944,128.055725210425,123.68530845724229,127.11595153808594,8785700.0,1116802615.4281616,1.0
2022-04-19,126.6688920067564,129.01376014116937,125.49188450903014,128.69442749023438,7213800.0,928375861.0290529,1.0
2022-04-20,130.66522130795366,132.12505754854962,127.79114391042758,128.04661560058594,7731600.0,990005213.1774902,1.0
2022-04-21,129.87139081267426,131.0575170508099,123.4115783326132,124.18712615966795,8576500.0,1065090887.5083925,1.0
2022-04-22,124.20539234613184,125.30027287521789,121.0302207129726,121.17620849609376,8315100.0,1007592291.2658691,1.0
2022-04-25,119.81674312303124,124.82582561596791,119.44265463138828,124.59772491455078,9673200.0,1205258712.6434326,1.0
2022-04-26,123.19263471117549,124.40613215269298,121.01199249185844,121.80577850341795,9262800.0,1128262565.12146,1.0
2022-04-27,119.36051993022396,126.01192904354212,119.21453216664908,123.2656021118164,13855900.0,1707955856.301117,1.0
2022-04-28,130.35493554972874,137.9552497439414,126.9425592452522,135.20892333984375,31111100.0,4206498334.918213,1.0
2022-04-29,133.0374450898173,134.57940799198315,127.29843781713052,127.45354461669922,13693100.0,1745234131.790924,1.0
2022-05-02,128.28383477168816,132.90059055101494,126.96997255799678,132.5447540283203,13320900.0,1765615413.935852,1.0
2022-05-03,132.03380709384732,132.9279578839757,130.25461060688357,131.6232147216797,7556800.0,994650309.0087892,1.0
2022-05-04,131.9152103475204,136.40423085620898,128.05575005494504,135.99365234375,11038100.0,1501111533.9355469,1.0
2022-05-05,134.10495447354714,134.10495447354714,126.98821012359802,129.23272705078125,14561400.0,1881809431.677246,1.0
2022-05-06,128.87685672748364,131.477209494034,125.80206467162458,128.2655487060547,10080600.0,1292993690.286255,1.0
2022-05-09,125.90246256597788,127.83675197286524,122.3167124596722,123.10137939453124,11668100.0,1436359204.91333,1.0
2022-05-10,127.28018660536829,127.55391022120996,122.83678956391412,124.82582092285156,8841200.0,1103610047.9431152,1.0
2022-05-11,123.2017552252849,126.17618349232087,120.33681084471571,120.71089935302734,11530900.0,1391905309.349823,1.0
2022-05-12,119.52474101920647,121.40428815425317,116.62330046258715,120.227294921875,10749800.0,1292419374.951172,1.0
2022-05-13,122.52654413077576,124.07763975309702,120.89334953451248,123.11048126220705,9280700.0,1142551443.4501648,1.0
2022-05-16,122.2437010327622,124.0685063011749,120.43714771523824,122.17984008789062,6378800.0,779360763.9526367,1.0
2022-05-17,125.22727963999787,127.73638724662808,124.72545533423956,127.45354461669922,9094100.0,1159075280.0987244,1.0
2022-05-18,124.84405986004388,125.25463827991813,118.50286404463502,119.0229263305664,11992700.0,1427406248.6045835,1.0
2022-05-19,119.02292561332165,121.70539169283651,118.13789390893312,119.1324234008789,8419500.0,1003035438.8237,1.0
2022-05-20,121.24007896806826,121.61415350575648,114.83500791844016,120.07220458984376,11370100.0,1365232973.4069824,1.0
2022-05-23,118.56671882558064,120.82947344675144,116.92439130934407,120.546630859375,10023400.0,1208287099.7558594,1.0
2022-05-24,118.9225725638268,118.9225725638268,115.0083708436895,117.27112579345705,9157100.0,1073863426.0032654,1.0
2022-05-25,116.60507669532062,120.50104041824798,116.10325238779768,119.73461151123048,9766000.0,1169328216.0186768,1.0
2022-05-26,118.62148182658032,124.08677955575692,118.48462697681732,123.02838897705078,7932800.0,975959604.0771484,1.0
2022-05-27,124.17798203455978,127.8640818964773,124.17798203455978,127.51736450195312,9180800.0,1170711420.0195312,1.0
2022-05-31,127.28016237047557,131.35860309568932,125.40061524688706,130.67430114746094,16007300.0,2091742740.757752,1.0
2022-06-01,130.7476839961147,131.9950843905728,126.73031828542102,128.42715454101562,8514300.0,1093467321.908569,1.0
2022-06-02,128.64731391197816,134.14138312054348,128.13368076972932,134.09552001953125,9589500.0,1285908989.227295,1.0
2022-06-03,130.4083265885043,131.56401496580665,128.9683206203173,129.52781677246094,7458900.0,966135032.5241088,1.0
2022-06-06,132.94898657777674,132.96733461369877,128.33544222265846,128.81239318847656,7238700.0,932434270.5734252,1.0
2022-06-07,127.61086590703782,130.38081774732572,127.02385466987296,130.14234924316406,6062800.0,789027034.9914551,1.0
2022-06-08,129.0967177792885,130.02309060918284,126.06993580668764,127.45492553710938,6773000.0,863252210.6628418,1.0
2022-06-09,126.36345607141412,128.81239405406117,125.3728720567281,125.39122009277344,7153200.0,896948475.567627,1.0
2022-06-10,123.59347808467828,124.79501540971752,121.45638695114418,122.17180633544922,8544700.0,1043921433.5945128,1.0
2022-06-13,119.77790622618711,120.47499161550348,116.11825691635244,118.00770568847656,12320900.0,1453961141.0171509,1.0
2022-06-14,119.42937063397504,121.00695169794092,118.15445516106428,119.4752197265625,6794700.0,811798275.4760742,1.0
2022-06-15,120.76848392036214,122.24518579267124,117.59495974463428,120.18147277832033,7860000.0,944626376.0375977,1.0
2022-06-16,115.80642064818464,116.16413039478698,109.17501881169932,110.81681823730467,16422800.0,1819922442.547608,1.0
2022-06-17,111.36713133477606,112.66039492717177,108.56048370562824,110.97273254394533,17273400.0,1916876398.324585,1.0
2022-06-21,113.52256975905578,115.6780091955608,113.47671366325868,114.09123992919922,9208500.0,1050609182.888031,1.0
2022-06-22,111.71567326021876,113.42167666944316,110.39489462140624,112.04586791992188,9081000.0,1017488526.5808104,1.0
2022-06-23,112.58701823761426,112.7521155707434,108.44125086908576,110.14724731445312,7908900.0,871143564.2852783,1.0
2022-06-24,112.2476459446608,114.99009639000836,111.6789828137296,114.74244689941406,8128000.0,932626608.3984376,1.0
2022-06-27,115.75138081302072,119.2734480806616,115.05430937321198,116.6502456665039,9947300.0,1160354988.7184143,1.0
2022-06-28,119.0349709762606,125.15273215610408,116.11825616973,120.70429229736328,27081900.0,3268901573.567962,1.0
2022-06-29,119.31013285723968,120.6767745457777,116.39341811588112,119.4477081298828,9973300.0,1191287827.4917605,1.0
2022-06-30,117.0446375253998,119.31930408449394,114.95340933478172,117.16387176513672,9277900.0,1087034685.849762,1.0
2022-07-01,115.33862715612386,116.265006955866,111.99082465025802,113.30242919921876,7672800.0,869346878.7597656,1.0
2022-07-05,111.0736088931952,115.72384151323828,110.39487863441902,115.41199493408205,8113100.0,936349056.0997008,1.0
2022-07-06,115.62296294604556,117.61329788766196,114.70575712988403,116.54016876220705,6038400.0,703716155.0537109,1.0
2022-07-07,119.8329241587084,123.55679121387487,119.47521448044613,123.27244567871094,9408100.0,1159759496.1898804,1.0
2022-07-08,121.5481362220028,125.0977187643884,120.72264247102684,124.74917602539062,8393200.0,1047044784.2163086,1.0
2022-07-11,122.52950961642796,123.45589635706996,120.4474626944684,121.29129028320312,5887200.0,714066084.1552734,1.0
2022-07-12,122.66711295662368,124.1438149053186,121.03448769601066,121.94251251220705,5991300.0,730594175.214386,1.0
2022-07-13,119.7412380596052,125.45542713722492,119.7137230010888,124.4098129272461,7200200.0,895775535.0387573,1.0
2022-07-14,123.76777414843193,130.5642736526411,122.76802301363225,130.15151977539062,10718700.0,1395055095.0164795,1.0
2022-07-15,131.85749610945604,133.43509114933576,130.2707340502622,132.4169921875,11880500.0,1573180075.6835938,1.0
2022-07-18,133.8845482699289,134.30645515254955,129.16094341511229,129.9589080810547,7856600.0,1021035157.2296144,1.0
2022-07-19,132.2060538300996,136.1775569353088,131.32553003498225,135.1686248779297,9686500.0,1309310884.880066,1.0
2022-07-20,135.22362363569798,139.71793976363344,134.4806892909206,139.14927673339844,8517400.0,1185190049.649048,1.0
2022-07-21,140.22241926560838,143.01071858218353,138.1587063321253,142.9556884765625,8060400.0,1152280031.3964844,1.0
2022-07-22,142.77227811679057,143.68948404482526,139.73632873426797,140.97454833984375,7200100.0,1015030845.501709,1.0
2022-07-25,140.14902782967684,141.28635389247202,139.11258095398327,140.561767578125,4928900.0,692814896.2158203,1.0
2022-07-26,139.98394984622422,140.05732799236665,137.4066036930667,137.55335998535156,5941800.0,817314554.3609619,1.0
2022-07-27,138.98422413876213,141.9834916791808,138.08536617698192,140.71774291992188,12863000.0,1810052327.178955,1.0
2022-07-28,137.37906463819257,137.57168398759796,131.1604112923585,134.32476806640625,17051000.0,2290371620.300293,1.0
2022-07-29,132.62792848838205,133.2791365932009,129.02330338946032,133.04983520507812,11749400.0,1563255733.758545,1.0
2022-08-01,132.36197037563514,137.08558877198206,132.14184993470806,135.22364807128906,7611400.0,1029241274.9298096,1.0
2022-08-02,133.627728471085,137.03055448852987,132.84809786571773,134.85678100585938,5946400.0,801912362.5732422,1.0
2022-08-03,135.43461606126655,137.89272096502918,134.4531991064768,136.8104248046875,6890200.0,942651188.9892578,1.0
2022-08-04,136.37012660587223,138.64480664925247,135.4804500189182,138.50721740722656,6254700.0,866321092.71698,1.0
2022-08-05,136.2692663907812,138.75488616128374,135.4437728100583,137.7734832763672,5041300.0,694557461.2411499,1.0
2022-08-08,137.40661642705527,138.67236507327573,134.4165301707631,135.57220458984375,5553300.0,752873123.7487793,1.0
2022-08-09,133.53599418700827,134.37065485594303,129.61035433201334,130.71099853515625,6770800.0,885018028.8818359,1.0
2022-08-10,133.77448472164775,134.99435623996135,131.7933166393477,134.82009887695312,6840000.0,922169476.3183594,1.0
2022-08-11,136.03080055386138,139.08509778520772,134.84761113770335,135.59054565429688,6243200.0,846518894.6289062,1.0
2022-08-12,135.74648240468602,138.92918821313478,134.99436679787,138.7640838623047,4967500.0,689310586.5859985,1.0
2022-08-15,137.87437521078928,140.05731538130593,136.1133278528402,139.53451538085938,4502900.0,628309969.3084717,1.0
2022-08-16,138.9108291207142,139.86473108293808,136.52610220605695,137.6083984375,5270800.0,725306346.484375,1.0
2022-08-17,135.95744038355934,137.24153717065224,134.24226965570017,136.23260498046875,5169600.0,704268074.7070312,1.0
2022-08-18,135.81068461505117,140.24995782143367,135.52633902927693,138.8466339111328,7808200.0,1084142286.9049072,1.0
2022-08-19,136.92964363626706,137.92940856496315,134.73752239952606,135.37957763671875,5400300.0,731090333.1115723,1.0
2022-08-22,133.27003624429588,133.7378062717074,129.41777379583064,129.8855438232422,6736800.0,875012931.628418,1.0
2022-08-23,130.3257660496926,131.71992275539202,128.92244232454595,129.06919860839844,4499300.0,580721045.2987671,1.0
2022-08-24,128.638115637241,129.97724228600816,127.13389865948272,129.6103515625,5113100.0,662710688.5742188,1.0
2022-08-25,130.55507913975634,134.82926181891025,130.26158054132236,134.141357421875,5618800.0,753713459.0820312,1.0
2022-08-26,134.0588192381048,135.15946353161874,126.62027874410308,126.92295837402344,7918600.0,1005052138.180542,1.0
2022-08-29,126.40013956182815,127.6108580362476,124.84089237135396,125.73058319091795,6852300.0,861543675.1991272,1.0
2022-08-30,126.39098194991573,126.84958492216109,121.9333604998726,123.28165435791016,6147400.0,757861641.9998169,1.0
2022-08-31,123.40153846244756,123.7520369265742,121.10488967630702,121.99957275390624,8701100.0,1061530482.4890136,1.0
2022-09-01,119.88737777929757,120.02573910303786,116.29020854577286,119.83203887939452,8716300.0,1044492000.4844666,1.0
2022-09-02,121.41848249150644,122.3685044402316,117.65528260403984,118.50384521484376,6121400.0,725409438.0981445,1.0
2022-09-06,118.8358997162235,119.46310677160795,116.41011503177292,116.83439636230467,6674200.0,779776128.201294,1.0
2022-09-07,117.5722772453216,119.7029093218426,116.5576908773112,118.61454010009766,5340100.0,633413505.5885315,1.0
2022-09-08,117.57227235837156,119.72135533674196,116.12417923877682,118.84512329101562,6618800.0,786612102.0385742,1.0
2022-09-09,120.53302121793286,122.313168909749,120.19175528733903,121.7966537475586,5097300.0,620834083.1474304,1.0
2022-09-12,122.67288208007812,123.7981532521448,122.04568913773656,122.67288208007812,7081300.0,868683479.8736572,1.0
2022-09-13,118.41161237123907,119.81357796595728,114.82365485650944,115.2294921875,9610900.0,1107459126.4648438,1.0
2022-09-14,116.46545072557608,117.9688898513272,115.75524237461362,117.62761688232422,7509300.0,883301063.4544373,1.0
2022-09-15,116.86205990898276,118.1349108732634,114.58385512607168,115.27561950683594,7459600.0,859910011.2731934,1.0
2022-09-16,114.48240042856872,115.97660704792276,113.49548348681346,115.2479476928711,13818500.0,1592553765.1939392,1.0
2022-09-19,114.02121401970888,117.30478653644936,113.82752084690024,116.8159408569336,5922700.0,691865772.9133606,1.0
2022-09-20,115.9765921594786,116.72370241023712,114.27024157753203,115.0819091796875,5672700.0,652825146.2036133,1.0
2022-09-21,115.6998940995702,119.71211883070455,114.83288054083847,114.94356536865234,8123700.0,933767041.985321,1.0
2022-09-22,115.0634702024584,115.44163809150064,112.9605077046366,114.07655334472656,8753000.0,998512071.4263916,1.0
2022-09-23,112.84060702415748,113.1542105488226,109.80607334240644,111.7799072265625,10681300.0,1193954723.059082,1.0
2022-09-26,112.10272698759135,113.6153845690682,110.3041353375609,110.44248962402344,6424600.0,709548818.838501,1.0
2022-09-27,112.12117425738684,113.15421165159825,109.52936583144424,110.99590301513672,5544400.0,615405684.677124,1.0
2022-09-28,109.37255159572187,111.09734611655291,108.63466684530856,109.69537353515624,11321200.0,1241883262.866211,1.0
2022-09-29,108.17349294821284,108.34874216350556,104.6501069117936,105.9229507446289,12125800.0,1284400516.1392212,1.0
2022-09-30,104.92682366449768,107.25114889688922,104.15204389570638,104.20738983154295,7568100.0,788651946.9841003,1.0
2022-10-03,106.06130735205706,109.13274273120044,104.84380238694492,108.11815643310548,7481700.0,808907610.9855652,1.0
2022-10-04,111.05124294372396,112.94206135566104,110.97745305448971,112.86827850341795,6637200.0,749129338.0828857,1.0
2022-10-05,111.49396115616544,115.81057088558336,111.17113920741436,115.19259643554688,7070300.0,814446214.5782471,1.0
2022-10-06,114.84211404475148,117.33246302981732,114.74065470476071,115.55232238769533,6238600.0,720884718.447876,1.0
2022-10-07,113.09885879176728,114.47316195780763,110.9774453637396,111.52163696289062,8618500.0,961149228.1646729,1.0
2022-10-10,111.22648080812704,111.64154364118193,104.64088474543576,105.70159149169922,9512600.0,1005496959.223938,1.0
2022-10-11,103.30347808311998,103.75542882937616,100.21359867285342,101.48644256591795,10758800.0,1091872338.2781982,1.0
2022-10-12,101.75392097311196,102.19665324090892,99.9645549863773,100.2043685913086,6987900.0,700218107.2792053,1.0
2022-10-13,97.19750997852496,106.2550118119275,96.53342204818084,104.09671020507812,10455000.0,1088331105.1940918,1.0
2022-10-14,105.72927680286796,106.06132430433404,101.26509356292247,101.41266632080078,7989800.0,810266921.3699341,1.0
2022-10-17,105.07441452670682,105.59093680730344,102.02142943941529,102.92533111572266,7886400.0,811710331.3110352,1.0
2022-10-18,106.02441787843225,107.07589917358762,101.03449447415858,102.57482147216795,8908900.0,913828827.0133972,1.0
2022-10-19,102.25198413592943,104.8437920396045,102.1505248124342,104.08746337890624,5620200.0,584992361.6821289,1.0
2022-10-20,104.38263656016856,107.075904321562,103.04522817534408,103.28504180908205,7736400.0,799054397.4517822,1.0
2022-10-21,103.072890201119,106.9836627672514,102.39956979077748,106.7530746459961,7490100.0,799591204.4059753,1.0
2022-10-24,107.30648884380815,107.93368883914944,105.3695499583984,107.3433837890625,6525700.0,700490719.5922852,1.0
2022-10-25,107.51862544091848,110.62695574882966,107.20502898384848,109.91674041748048,6205100.0,682044365.964508,1.0
2022-10-26,108.874492001744,111.36484098400548,107.14047180229456,108.93905639648438,7342300.0,799863233.7799072,1.0
2022-10-27,110.05510203289424,111.23571212858477,105.4986783476594,105.79383087158205,8937200.0,945500625.2655028,1.0
2022-10-28,105.30498622255404,110.17500643474844,103.60786095217958,109.95364379882812,9418700.0,1035620384.8480223,1.0
2022-10-31,108.95748653355264,109.18807463366878,106.43946842099923,108.52398681640624,6870800.0,745646608.6181641,1.0
2022-11-01,110.4424933871757,111.26338660130176,107.68466120754984,108.2196273803711,5749100.0,622165459.7724915,1.0
2022-11-02,109.49246423734816,109.56625412609584,103.53406794230143,103.76465606689452,13936300.0,1446095376.3450625,1.0
2022-11-03,96.27514871017986,98.23053848852642,94.01538796350307,95.81397247314452,24706100.0,2367189585.318756,1.0
2022-11-04,98.33200234613088,99.15289552284914,96.2290397344486,98.40579223632812,11977900.0,1178694738.8275146,1.0
2022-11-07,99.13444512687448,101.71702778303576,98.00917400395808,101.54177856445312,7570800.0,768752497.1557617,1.0
2022-11-08,102.9068687625472,105.969078799488,101.38498572099422,103.80155181884766,9383600.0,974032241.6473387,1.0
2022-11-09,102.80540675680912,104.69623215892436,101.70780505184544,101.85538482666016,9581300.0,975906998.639679,1.0
2022-11-10,106.90988325335644,111.60465417088844,105.63703228062565,111.30950164794922,11673200.0,1299338074.6368408,1.0
2022-11-11,109.75073156108564,112.67459458879156,109.75073156108564,112.00127410888672,9433800.0,1056597619.6884156,1.0
2022-11-14,111.3648429666235,113.64305485115024,110.92211769109092,111.4201889038086,6971000.0,776710136.8484497,1.0
2022-11-15,115.89358974022409,118.18102697152123,113.83674062737664,116.23485565185548,12470200.0,1449471896.949768,1.0
2022-11-16,113.63382612057094,114.2241311624707,110.64540596632952,111.35562133789062,9561700.0,1064749044.5465088,1.0
2022-11-17,109.71382692824211,113.56004219672924,109.49246429886588,113.32022857666016,7273700.0,824257346.598053,1.0
2022-11-18,114.40860188328094,114.8236576823791,112.6469052776618,114.2333526611328,6436600.0,735274397.7386475,1.0
2022-11-21,111.68768410446332,112.9882047780322,110.77455690967632,110.86679077148438,8204200.0,909573324.847412,1.0
2022-11-22,111.45707382437344,114.17801794847384,110.70997054382298,114.04888916015624,7010200.0,799505522.7905273,1.0
2022-11-23,113.94742317778264,117.17565677149078,113.71683506394636,115.43241119384766,5481500.0,632742761.9590759,1.0
2022-11-25,115.1649462029812,115.62612250299732,113.8183122513732,113.86442565917967,3153800.0,359105625.6439209,1.0
2022-11-28,112.67458457256843,113.8644131028495,109.62159301797416,110.25801849365234,7087500.0,781453706.073761,1.0
2022-11-29,110.8114375921218,111.94593435354506,109.13275619021336,109.18809509277344,6277600.0,685439185.7543945,1.0
2022-11-30,110.22770748361646,117.51433767774073,109.59650853854122,117.4122314453125,12776700.0,1500140857.5073242,1.0
2022-12-01,117.6257290619402,118.9995104286018,116.66036554603453,117.70926666259766,7924800.0,932822396.447754,1.0
2022-12-02,114.83174825287615,116.79032121136322,114.2840939691144,116.64180755615234,6122200.0,714104474.2202759,1.0
2022-12-05,115.63930939862684,116.4654364918317,113.64360633228884,114.451171875,6091600.0,697190758.59375,1.0
2022-12-06,114.0056380597266,114.17272037281484,110.0606456891212,111.18380737304688,5968000.0,663544962.4023438,1.0
2022-12-07,109.99565183886094,111.68503625049568,109.30876114363146,109.7264633178711,5427100.0,595496489.0724182,1.0
2022-12-08,110.4412097008464,113.5693516316513,109.69862017060872,113.01241302490234,7347600.0,830370005.9417725,1.0
2022-12-09,111.76857769395588,112.6875266997551,110.3205288960676,110.50617980957033,6036000.0,667015301.3305664,1.0
2022-12-12,107.73076601277025,112.54829961937372,107.73076601277025,112.51116943359376,9008400.0,1013545618.725586,1.0
2022-12-13,117.86706456344258,118.76744489286752,113.07737745751422,114.62752532958984,9712700.0,1113342765.2687073,1.0
2022-12-14,115.31444835635348,117.4957956183587,111.4808395509007,112.9752960205078,9444100.0,1066949993.1472778,1.0
2022-12-15,111.62005739314104,111.87067727501238,107.7493261253908,108.26913452148438,10207800.0,1105189671.3684082,1.0
2022-12-16,107.7493266277886,108.28770365874335,105.21524652130032,106.31056213378906,12733900.0,1353748067.1554563,1.0
2022-12-19,105.82789429443396,106.89536414478734,103.50731074230008,104.5283660888672,7720200.0,806979891.8792725,1.0
2022-12-20,103.4052016144774,104.6861611500476,103.12672876324706,104.05496215820312,6260200.0,651404874.1027832,1.0
2022-12-21,104.66760256456284,106.70971325859834,104.60262650834876,106.36626434326172,5843800.0,621583175.5691528,1.0
2022-12-22,104.49123031710482,104.5097918685118,99.67369685417944,102.73686981201172,12051400.0,1238123112.852478,1.0
2022-12-23,101.82719057695746,102.95963634049993,100.4441249374488,102.8853759765625,5356700.0,551126093.4936523,1.0
2022-12-27,101.87361204925776,102.74615368061244,101.07533078692444,101.60442352294922,6158100.0,625690200.4966736,1.0
2022-12-28,101.05676609715384,102.3562871053767,99.15388492076436,99.29312133789062,5395600.0,535745965.49072266,1.0
2022-12-29,100.57408753637016,102.71831150737182,100.35131350315166,101.9571533203125,6668600.0,679911472.6318359,1.0
2022-12-30,100.221344284713,102.1613483614506,99.52516935312356,102.04996490478516,5642300.0,575796516.9822693,1.0
2023-01-03,103.35877667200668,103.72078709292518,99.44163100785454,99.50660705566406,8110400.0,807038385.8642578,1.0
2023-01-04,101.92003895145942,104.17564659145948,101.00108270718796,103.52587890625,7614200.0,788266747.1679688,1.0
2023-01-05,102.04069148060596,102.95964050546657,101.29810197490832,101.5487289428711,7546000.0,766286708.6029053,1.0
2023-01-06,102.99677180638378,107.65650719556768,102.15208313930032,107.06243133544922,10259300.0,1098385601.7997742,1.0
2023-01-09,108.35267617532818,110.32052623803658,105.39160968349152,106.38481903076172,10291800.0,1094891280.5007937,1.0
2023-01-10,105.83716678004076,108.57545949778752,105.5587010153968,108.51976776123048,6384800.0,692877013.2019043,1.0
2023-01-11,109.01173576594556,109.9956609308622,106.90464192404497,109.8935546875,7374400.0,810399029.6875,1.0
2023-01-12,110.68254460727536,113.59719681071338,109.20665695424935,112.8638916015625,9527600.0,1075322013.6230469,1.0
2023-01-13,111.220922491503,112.70609447222394,111.12810057055644,111.61077880859376,8040400.0,897395305.9326172,1.0
2023-01-17,111.14667178624646,112.61328234304388,110.47834256634592,111.64791870117188,6179500.0,689928313.6138916,1.0
2023-01-18,112.89176744709074,115.0916764388523,112.32554441230027,113.28162384033205,10960400.0,1241611909.9395752,1.0
2023-01-19,112.3719180597762,112.40904824061714,108.993149503687,109.14167022705078,8716200.0,951300626.03302,1.0
2023-01-20,109.9213986015194,114.13557912848562,108.91890482008591,114.07988739013672,8895000.0,1014740598.335266,1.0
2023-01-23,117.45864579178416,122.58249062961217,116.79031666470698,121.62641143798828,13419500.0,1632165628.2920835,1.0
2023-01-24,121.1808619160134,123.4271848351458,120.8095600923657,121.3200912475586,7952400.0,964785893.637085,1.0
2023-01-25,119.23156715091376,122.09980471113523,118.5353921607406,121.75636291503906,6880300.0,837720303.7643433,1.0
2023-01-26,124.76384780407456,125.17227274371696,121.74708942065412,124.3461456298828,7413600.0,921852585.2416992,1.0
2023-01-27,122.0534170312434,125.20940498177144,121.98843389350556,123.82633209228516,6581900.0,815012535.1982117,1.0
2023-01-30,121.64496501846732,122.8980713538953,120.80954663113393,122.18334197998048,9854300.0,1204031306.8733215,1.0
2023-01-31,121.89563310363216,124.0491275130008,121.89563310363216,123.64999389648438,7125100.0,881018571.5118408,1.0
2023-02-01,123.15803553612064,129.8970209903355,123.15803553612064,128.5232391357422,10500600.0,1349571124.8687744,1.0
2023-02-02,128.5231993185521,129.17295984822783,125.12586176718244,126.10050964355467,17673200.0,2228599527.0324707,1.0
2023-02-03,121.74709662040986,128.46749739796732,119.34297550428052,125.330078125,13187300.0,1652765339.2578125,1.0
2023-02-06,122.777444729986,125.20013464706336,122.39686560896298,123.39006805419922,6830500.0,842815859.8442078,1.0
2023-02-07,123.59425431677454,127.52069124934724,122.83311040000316,126.82451629638672,7664200.0,972008457.7987672,1.0
2023-02-08,125.59927643015912,126.49966408557924,122.30404457242032,122.68462371826172,7151700.0,877403623.4458923,1.0
2023-02-09,124.2811569598465,125.52498619245668,120.59606959641243,121.16229248046876,5717500.0,692745407.2570801,1.0
2023-02-10,120.0112925571386,120.61465277795398,118.46115152831098,119.73283386230467,5319200.0,636882889.8803711,1.0
2023-02-13,120.16910548763931,121.99771230510724,119.17588892384924,121.45005798339844,5550400.0,674096401.8310547,1.0
2023-02-14,119.92775485850956,123.34366120432254,119.14804218612498,122.8424072265625,5579900.0,685448348.0834961,1.0
2023-02-15,121.22727452012904,123.7613474606681,120.94880169767376,123.52001190185548,3501100.0,432455913.6695862,1.0
2023-02-16,121.36651722252532,123.07446328166098,120.6239276687262,120.81886291503906,5788400.0,699347906.0974121,1.0
2023-02-17,120.20623238256216,120.4939824873216,117.8485185578224,118.5539779663086,6022500.0,713991332.3020935,1.0
2023-02-21,116.45615668848151,118.46114414869136,114.68323465051424,114.8224639892578,8164400.0,937456524.9938964,1.0
2023-02-22,115.39798384290664,116.00133701026,114.09845557826698,115.05453491210938,5517800.0,634847912.7380371,1.0
2023-02-23,117.52363789136132,118.0991451809095,114.79462927705052,117.14305877685548,6440200.0,754424727.1347046,1.0
2023-02-24,115.32371250271946,115.75998332197469,114.33978739162204,115.41653442382812,7357200.0,849142527.0629883,1.0
2023-02-27,117.42152933941756,117.51435126639709,114.20984250928504,114.56256866455078,7787200.0,892121634.7045898,1.0
2023-02-28,114.74820990669322,116.12199130639762,114.09844230900949,114.66466522216795,6491800.0,744380073.68927,1.0
2023-03-01,115.5985616444141,117.1768606695292,114.85144319992128,115.5051727294922,5530600.0,638812908.2977295,1.0
2023-03-02,114.08566022722984,116.04685624240804,112.87158277134316,115.59857940673828,5258900.0,607921369.242096,1.0
2023-03-03,115.7946874759518,116.00014737622244,113.62803174375604,115.4304656982422,7052100.0,814027187.1505737,1.0
2023-03-06,116.065517168907,116.89669065180186,113.96423445089056,114.31912231445312,7031300.0,803812044.7296143,1.0
2023-03-07,114.38450946414018,114.40318440001045,110.46211029535438,111.3119659423828,8879700.0,988416863.9785768,1.0
2023-03-08,111.64816708674338,113.70275195163316,111.46138211031447,113.18910217285156,7633900.0,864074287.0773315,1.0
2023-03-09,113.26380595514878,113.8615035756152,109.21066852104111,109.47216033935548,8055500.0,881852987.613678,1.0
2023-03-10,109.77101916953468,110.4154148699998,106.95996761582614,107.57634735107422,6884500.0,740609363.3384705,1.0
2023-03-13,106.24086351722232,108.55694019325166,105.79258670486148,106.8665771484375,7673700.0,820062053.0639648,1.0
2023-03-14,108.71570489164272,109.3227364388341,106.3902801527248,108.84645080566406,8312100.0,904742583.7417604,1.0
2023-03-15,107.6323791305106,108.50090967661188,105.66184216166924,107.85651397705078,8596900.0,927231665.009308,1.0
2023-03-16,109.26669028944788,112.8435417756177,108.24873907347413,112.54469299316406,11207800.0,1261378410.1287842,1.0
2023-03-17,112.796866377157,114.7487284454484,111.27460619958498,112.75017547607422,12304100.0,1387289434.0751648,1.0
2023-03-20,112.78753345106354,113.95491293878932,111.8909868595044,113.76813507080078,5945000.0,676351562.9959106,1.0
2023-03-21,114.8607667459459,116.80328735166655,114.07629138120303,115.6172332763672,6900600.0,797828279.9468994,1.0
2023-03-22,115.80401820195743,117.89595976154062,113.81480658336928,113.90819549560548,7072700.0,805638494.2817688,1.0
2023-03-23,115.74799581566994,118.60573809121584,114.02960976346031,115.9441146850586,7353800.0,852629830.5709839,1.0
2023-03-24,115.45847850912448,116.67255581841624,114.16969434050716,116.5137939453125,6987200.0,814105181.0546875,1.0
2023-03-27,117.42901852340904,117.72786734422507,115.1689738706679,115.4304656982422,4818000.0,556143983.7341309,1.0
2023-03-28,115.4304710089306,115.5051849988515,112.26453871849422,113.3198471069336,5272100.0,597433565.9324646,1.0
2023-03-29,115.2623587023604,117.6344742506776,115.1035968305534,116.8219757080078,6410100.0,748840546.4859009,1.0
2023-03-30,118.68045263239154,119.71708603623654,118.07341396232913,118.97930145263672,8156400.0,970442774.368286,1.0
2023-03-31,118.27886943769604,119.511621665733,117.94266363685708,119.14739990234376,6222400.0,741382781.1523438,1.0
2023-04-03,118.59640000103776,119.13806572522248,115.4398088284102,116.4951171875,6367800.0,741817607.2265625,1.0
2023-04-04,116.67255597677618,116.94338882691248,113.75877470559176,114.21639251708984,6962700.0,795254476.1787415,1.0
2023-04-05,113.39455221811468,115.07558123412008,113.23579034580244,114.90747833251952,6920900.0,795263166.7915344,1.0
2023-04-06,114.25375270578874,115.66394900971537,113.0490234404806,114.87013244628906,5260600.0,604285818.7469482,1.0
2023-04-10,114.02026027806444,116.34568482504072,113.63736359721156,116.0748519897461,5243700.0,608661701.3786316,1.0
2023-04-11,116.97140866332973,116.97140866332973,115.0288877515471,115.40245056152344,5001400.0,577173816.2384033,1.0
2023-04-12,116.18693898202513,116.2709868777836,112.20850803840275,112.32057189941406,5288300.0,593984880.3756714,1.0
2023-04-13,112.11512310985374,113.61870838305596,111.24659253045816,113.1237335205078,6077100.0,687464240.977478,1.0
2023-04-14,112.8809203717797,113.86151478701292,110.91038338601598,112.21784973144533,4833100.0,542360089.5370483,1.0
2023-04-17,111.25591165763078,111.9189822296132,110.3593652310721,111.48938751220705,6370200.0,710209696.3302612,1.0
2023-04-18,112.38594440844712,112.8155462909919,109.6496139780146,110.5368194580078,4829900.0,533881784.30023193,1.0
2023-04-19,109.50017403309138,110.8449972138339,108.75304846043052,110.70491027832033,4241900.0,469599158.9096069,1.0
2023-04-20,109.53753349890674,111.97502200651152,109.37877162679276,110.79830169677734,5125000.0,567841296.1959839,1.0
2023-04-21,110.07920853206346,110.37805736820444,108.84645619234207,109.97647857666016,4980700.0,547759846.8467712,1.0
2023-04-24,110.03251030984164,110.04185133989384,108.86513093245615,109.59357452392578,4097900.0,449103509.04159546,1.0
2023-04-25,109.02388359495772,109.11727251222472,106.16614140090446,106.51168823242188,7045200.0,750396145.9350586,1.0
2023-04-26,106.735830547633,107.49229009322316,105.72721307010066,106.61442565917967,4671100.0,498006643.69659424,1.0
2023-04-27,106.35293231011774,106.7545111163406,104.7372831799345,106.39028930664062,6945700.0,738955032.4371338,1.0
2023-04-28,107.49228540101122,109.17331445685213,106.21284223778804,109.07992553710938,8652500.0,943814055.7098387,1.0
2023-05-01,109.46283823153958,109.80838512268105,107.87520498870136,108.18338775634766,6208500.0,671656562.8852844,1.0
2023-05-02,108.45421418112016,109.3227447474814,106.87592206330557,108.43553924560548,7081200.0,767853740.5059814,1.0
2023-05-03,108.94918958282514,109.09861044304762,105.15753639366056,105.3723373413086,11491700.0,1210907289.025116,1.0
2023-05-04,97.15398171954222,100.03974729171944,96.65901399562225,99.53543853759766,22117500.0,2201475061.855316,1.0
2023-05-05,101.05769452846566,102.04762993539292,98.77896776145172,101.59001922607422,10745600.0,1091645710.5957031,1.0
2023-05-08,101.21645022498734,101.63671103959948,99.80626118905484,101.1510772705078,6694400.0,677145771.6796875,1.0
2023-05-09,99.92767323656354,100.3292520214909,98.3400401566841,98.77896881103516,7804100.0,770880950.4981995,1.0
2023-05-10,99.92768679780062,100.37596366802072,98.19062550401624,99.42337799072266,7980100.0,793408498.7037659,1.0
2023-05-11,99.26460721681204,99.47006713375823,96.8271184296204,97.18199920654295,10630500.0,1033093242.565155,1.0
2023-05-12,97.5648965406692,97.81704734223234,95.82783551842267,96.77108001708984,7635900.0,738934289.9024963,1.0
2023-05-15,96.9018156660925,99.36731999287954,96.08931716915149,99.2552490234375,7444900.0,738945403.4545898,1.0
2023-05-16,98.68556824410948,99.44203482537598,96.8644595070402,96.9298324584961,7027000.0,681125932.685852,1.0
2023-05-17,97.30340779186604,98.48012106992856,96.73372608775335,97.8824234008789,9504700.0,930343069.6983336,1.0
2023-05-18,97.88242582757624,100.0397478077449,97.88242582757624,99.89031982421876,9142000.0,913197303.8330078,1.0
2023-05-19,99.88096550432591,100.03973449697708,98.54548336100656,98.8630142211914,5783200.0,571744583.8439941,1.0
2023-05-22,96.81778005942871,98.87237216022392,96.42554227545536,98.32136535644533,7912400.0,777957971.2463379,1.0
2023-05-23,97.19134255108496,98.6575708454274,96.63100184387412,96.71504974365234,7452500.0,720768908.2145691,1.0
2023-05-24,95.33286709727416,96.322802486814,94.86591536634133,96.21073150634766,8193700.0,788321870.7435608,1.0
2023-05-25,95.1927682319237,97.22867780883736,94.76317354827805,97.14462280273438,11677400.0,1134396618.3166504,1.0
2023-05-26,98.00382995596924,103.92477438673606,97.89175897734656,103.05624389648438,15969900.0,1645797909.4024658,1.0
2023-05-30,106.93194662291428,108.97719748901476,105.16686964604766,108.33280181884766,18291800.0,1981601944.3099976,1.0
2023-05-31,106.79055056713293,107.20432393785188,104.94738936739871,106.64949798583984,14924000.0,1591637107.9406738,1.0
2023-06-01,107.73095682630355,109.6117347439393,105.61508166896334,108.92525482177734,8616500.0,938554458.1718444,1.0
2023-06-02,110.25118564471762,110.40165130299538,107.853198406345,108.7277603149414,7873400.0,856057148.0636597,1.0
2023-06-05,108.54909516997022,109.00988373972488,105.9254091775662,106.01004791259766,7769300.0,823623865.247345,1.0
2023-06-06,105.86897638399977,109.82801250410532,105.5492404504634,109.42364501953124,7594500.0,831017872.1008301,1.0
2023-06-07,109.67756414172383,110.17597632772836,107.66513229872696,108.31400299072266,7555400.0,818355618.196106,1.0
2023-06-08,108.70896152018912,109.68696689215577,107.29837809084084,109.41425323486328,5793400.0,633880534.6908569,1.0
2023-06-09,110.48629480882678,113.64600222854764,110.3828514512182,112.00972747802734,13807000.0,1546518307.2891235,1.0
2023-06-12,113.82467398068452,115.01896473382556,112.63037605294552,114.85910034179688,9675100.0,1111273281.716919,1.0
2023-06-13,116.87154397460142,117.9247822392822,115.4327499500438,117.01260375976562,8873200.0,1038276235.6811523,1.0
2023-06-14,116.93735766936231,117.01259050287292,114.25725075327904,116.0439910888672,7324600.0,849975817.1295166,1.0
2023-06-15,114.33249706162192,117.25710744400013,113.82468613747342,116.24148559570312,8132600.0,945345505.7556152,1.0
2023-06-16,117.16305194585829,117.52981022480915,114.82148554700622,115.36691284179688,12905700.0,1488890767.062378,1.0
2023-06-20,114.67103351405252,115.07540105889947,111.6335739783976,112.67740631103516,8667400.0,976620151.460266,1.0
2023-06-21,111.53952769914731,111.92508341630618,108.7747820448068,108.8594207763672,7925400.0,862754453.4210205,1.0
2023-06-22,109.09452968743268,109.72458859430776,108.0601032243574,109.4612808227539,7283000.0,797206508.2321167,1.0
2023-06-23,107.28896500932272,108.40803008422132,106.29215508185878,106.6683120727539,11958500.0,1275593009.9220276,1.0
2023-06-26,107.73093160863452,110.59912013148248,107.48643570228434,109.6775360107422,9377000.0,1028446255.1727296,1.0
2023-06-27,109.78098878189417,112.790237309117,108.75596841242393,112.64917755126952,7308900.0,823341573.8044739,1.0
2023-06-28,110.04430370061614,111.05992541402564,109.63053747169204,110.53330993652344,6384800.0,705733077.2827148,1.0
2023-06-29,110.55212150892564,111.10695471440908,109.91265674263532,111.0223159790039,5138500.0,570488170.6581116,1.0
2023-06-30,112.47050891094057,112.71501202927546,111.32323332636652,111.9438934326172,6565100.0,734922854.7744751,1.0
2023-07-03,112.16017870662726,113.29805556655296,111.39846600870804,112.9312973022461,2662000.0,300623113.4185791,1.0
2023-07-05,111.92507757452292,111.95329526663554,110.11953270758258,110.14774322509766,6249200.0,688335276.9622803,1.0
2023-07-06,108.2951872392433,109.27318536418052,106.84698749808166,108.3516082763672,7544600.0,817469543.8018799,1.0
2023-07-07,108.49267275309468,110.71199118787352,107.9190349354426,109.02869415283205,6108400.0,665990875.3631592,1.0
2023-07-10,109.52711238967775,111.22921425236667,109.52711238967775,110.13836669921876,6037000.0,664905319.7631836,1.0
2023-07-11,110.77780590847516,110.84363283891662,108.04127099741522,109.90324401855467,5784000.0,635680363.4033203,1.0
2023-07-12,110.55211616417124,112.122571071002,110.11953813356448,111.60535430908205,8371300.0,934281902.5276184,1.0
2023-07-13,112.84667687265474,116.06280544162176,112.73382761292665,115.78069305419922,9823000.0,1137313747.871399,1.0
2023-07-14,115.66783989775018,115.83711019434055,113.9093099928721,115.25406646728516,7892200.0,909608143.373108,1.0
2023-07-17,115.03777525810618,117.0408010217899,113.5613649798008,116.0439910888672,6125000.0,710769445.4193115,1.0
2023-07-18,115.02838292347964,115.88414036272134,114.0315728730212,115.53619384765624,7481200.0,864349373.4130859,1.0
2023-07-19,117.86832981001548,119.5234161218126,116.89033176285064,117.003173828125,8866700.0,1037432041.381836,1.0
2023-07-20,116.15683494707264,117.17245669125764,113.06296174839848,113.52375030517578,9148600.0,1038583382.0419312,1.0
2023-07-21,114.66161539590098,119.1096579151875,114.14439864670568,117.2853012084961,23704100.0,2780142508.3763123,1.0
2023-07-24,117.28532192340448,118.11286169367916,115.82771604521037,116.70227813720705,5859300.0,683793658.2893372,1.0
2023-07-25,116.79629998180484,118.4701982715584,116.79629998180484,117.61444091796876,5592100.0,657711715.057373,1.0
2023-07-26,115.85590322105952,117.77429733221769,115.04716823769098,116.62702178955078,5291800.0,617166873.9059448,1.0
2023-07-27,119.01561377819928,120.1534834565145,117.47337659646642,118.34793853759766,7917900.0,937067142.5468444,1.0
2023-07-28,120.65188376784477,122.17530900505642,119.95599090248932,121.76153564453124,11762200.0,1432183534.5581057,1.0
2023-07-31,122.2411653272367,125.0435203930938,121.40421973193187,124.29120635986328,11029600.0,1370882289.666748,1.0
2023-08-01,124.05610019127924,124.49808411589164,122.47625374949544,124.2065658569336,7128700.0,885431346.0243225,1.0
2023-08-02,122.43863408962142,123.73637538646445,121.15030586543128,121.56407928466795,13711100.0,1666777247.480011,1.0
2023-08-03,109.99729196979312,112.00972366357576,108.04128131474891,111.62416076660156,29239600.0,3263845811.151123,1.0
2023-08-04,110.74020294767352,114.72745002150046,110.74020294767352,114.25725555419922,12658700.0,1446348320.8839417,1.0
2023-08-07,114.92493203694218,115.42333702955048,110.89066260441714,112.22601318359376,7706500.0,864869770.5993652,1.0
2023-08-08,110.02550380847224,110.85304347648407,109.04749846922294,110.64616394042967,8934600.0,988579216.3421632,1.0
2023-08-09,110.2417996766753,111.06933936915446,109.57411720906568,109.6211395263672,5642500.0,618537279.7775269,1.0
2023-08-10,110.6649733956946,111.33264869812812,108.21055762956378,108.71836853027344,6224500.0,676717484.916687,1.0
2023-08-11,107.3265871417129,108.57730615384408,106.94103140709548,107.7779769897461,5712500.0,615681693.5539246,1.0
2023-08-14,107.09148303267108,107.6933313416848,106.08526721842024,107.22313690185548,8537500.0,915417531.2995912,1.0
2023-08-15,106.58367057009148,106.7435421299179,104.75932104977994,105.02262878417967,6843600.0,718732862.3474121,1.0
2023-08-16,104.71230323370877,105.24832462307076,103.4898019608365,103.5838394165039,6426700.0,665702260.7780457,1.0
2023-08-17,103.62145635462186,104.50541705185697,103.1230513799408,103.51801300048828,6250500.0,647039340.259552,1.0
2023-08-18,102.33311523833524,103.9317734270612,102.03219109076576,103.53681182861328,6384700.0,661051482.4821472,1.0
2023-08-21,103.29230688615765,104.34554497128477,102.5023837032604,104.08223724365234,6539800.0,680677015.1260376,1.0
2023-08-22,104.82516742301554,105.17310677602664,102.63405923819856,102.94438934326172,4587000.0,472205913.9175415,1.0
2023-08-23,102.8221239213086,104.88157800910984,102.36133534661364,104.54303741455078,6873900.0,718618384.8838806,1.0
2023-08-24,105.47403194614476,105.85958769900148,101.7124760081156,102.04161071777344,8698100.0,887568134.1842651,1.0
2023-08-25,102.39894177147488,103.93177302113946,101.3363049489636,103.7436981201172,6669900.0,691960092.0913696,1.0
2023-08-28,104.66528359815112,105.5022291144636,104.02581888263845,105.02262878417967,4316400.0,453319674.8840332,1.0
2023-08-29,103.93176702633905,107.19491731049943,103.93176702633905,106.9974365234375,6971400.0,745921928.9794922,1.0
2023-08-30,106.59969169572878,107.45203610995492,105.75681978204982,107.2720947265625,6490300.0,696228076.4038086,1.0
2023-08-31,106.47655650632308,109.06199950114632,106.47655650632308,108.4653549194336,7962500.0,863655388.54599,1.0
2023-09-01,109.57340575063355,109.57340575063355,108.3517206902592,109.27982330322266,5310700.0,580352357.6164246,1.0
2023-09-05,108.8252527173302,110.86139945537768,108.8252527173302,110.37841033935548,7294800.0,805188427.7435303,1.0
2023-09-06,109.85752445041982,110.53939989617608,107.6130189790388,108.607421875,7411900.0,804987350.1953125,1.0
2023-09-07,104.743458360524,104.83816167114536,100.4533340833204,100.76586151123048,17947800.0,1808525529.2312624,1.0
2023-09-08,100.54805596681229,101.40040037064554,99.92300822093507,100.51964569091795,9819300.0,987032556.9328308,1.0
2023-09-11,105.37799728365148,105.91781419840837,103.05773324531418,104.44042205810548,18771700.0,1960524270.7481384,1.0
2023-09-12,103.77748074846028,106.77014749394796,103.7111877035558,105.3401107788086,9250100.0,974406558.7150574,1.0
2023-09-13,105.67158492829552,107.58461811811264,105.62422965276416,106.67545318603516,8131500.0,867431447.5822449,1.0
2023-09-14,107.74562057299374,108.66425805708468,107.0163969763139,108.00132751464844,7138100.0,770924275.932312,1.0
2023-09-15,107.93502284865676,109.09042214866186,106.50497886050287,107.1489715576172,12247400.0,1312296314.2547607,1.0
2023-09-18,106.91221103491468,107.80243815806386,106.50498024724008,106.77962493896484,5065100.0,540849478.2783508,1.0
2023-09-19,106.25874317145448,106.39132926408756,104.09001041678434,104.85711669921876,5658800.0,593365451.9775391,1.0
2023-09-20,105.82309543838556,105.87992320692574,103.37971815314856,103.43653869628906,7073800.0,731689387.4298096,1.0
2023-09-21,102.262200613011,103.78694056564775,102.13907980366172,102.24325561523438,7007200.0,716438940.7470703,1.0
2023-09-22,103.0103745268658,103.96689472119336,101.67504103514952,101.97809600830078,6965500.0,710328427.7458191,1.0
2023-09-25,101.18257626754716,104.62983666106052,101.059462663472,104.58248138427734,6782500.0,709330679.9888611,1.0
2023-09-26,104.03318592358544,104.78135445582464,103.5501895849702,103.91007232666016,6559800.0,681629292.4484253,1.0
2023-09-27,104.86658096084784,104.94233927540104,101.74132107909116,103.40812683105467,7225000.0,747123716.3543701,1.0
2023-09-28,103.94795482304843,105.98410876922055,103.39866543749496,105.2169952392578,4851300.0,510439209.0042114,1.0
2023-09-29,105.95569412073036,106.28716659619433,104.78135699533408,105.17911529541016,4869300.0,512148666.1079407,1.0
2023-10-02,104.55406475696938,105.87046044708524,103.796423726868,105.2169952392578,5751500.0,605155548.1185913,1.0
2023-10-03,104.94235907370594,106.31558264917264,103.58808049950136,104.35519409179688,7750700.0,808825802.84729,1.0
2023-10-04,104.93289520721068,105.1885949244747,103.03879967802206,104.03319549560548,7189400.0,747936255.696106,1.0
2023-10-05,103.8911292938908,104.61088756549776,103.18084352234987,103.98583984375,5089700.0,529256729.0527344,1.0
2023-10-06,104.99917120079016,105.43481223466972,102.32849722759812,105.00863647460938,7930600.0,832781492.4255371,1.0
2023-10-09,104.47829490849182,106.05039745235338,103.6827783624896,105.8799285888672,4714500.0,499170923.3322144,1.0
2023-10-10,105.59581635949822,107.00691538011394,104.5824756305352,106.36292266845705,6253000.0,665087355.4458618,1.0
2023-10-11,106.33451826796056,106.67545602975328,103.77749227991578,105.23594665527344,6378600.0,671258009.3353271,1.0
2023-10-12,106.05039881592351,106.2682157287676,104.47829625184823,105.55792999267578,5371700.0,567025532.5416565,1.0
2023-10-13,105.80417565223344,106.04093758943397,102.79256352202675,102.90621185302734,6035600.0,621100732.2601318,1.0
2023-10-16,103.31342807337144,105.1980581612378,103.18084197603618,104.65824127197266,6254700.0,654605901.6838074,1.0
2023-10-17,103.04825233530892,106.32503633252092,102.30008382584316,106.2587432861328,7334000.0,779301623.260498,1.0
2023-10-18,105.17911373131663,106.17351669211986,104.2036557704642,105.10335540771484,7174500.0,754064023.3726501,1.0
2023-10-19,106.43869765651176,108.34226568595408,104.9707707316192,105.3874740600586,10511500.0,1107780433.582306,1.0
2023-10-20,105.61475972138707,105.6999977743366,102.87779235839844,102.87779235839844,7756500.0,797971596.4279175,1.0
2023-10-23,102.22433631782567,104.71506929603086,101.9781018800249,102.90621185302734,6679200.0,687331170.2087402,1.0
2023-10-24,103.51230336569454,104.48776121685658,102.69784186900785,103.5975341796875,8578600.0,888721806.7138672,1.0
2023-10-25,103.04825216786588,103.50283821764572,98.90018607475044,99.23165130615234,8571600.0,850574022.3358154,1.0
2023-10-26,99.20325697558296,100.83218034642525,98.80549863397766,100.02719116210938,8705200.0,870756704.5043945,1.0
2023-10-27,101.23941147487474,102.17698677570527,100.23553589152156,100.8227081298828,7292000.0,735199187.6831055,1.0
2023-10-30,101.0594593081924,103.54072688599416,100.55752518271888,102.12015533447266,6634000.0,677465110.4888916,1.0
2023-10-31,102.56526911011402,103.42707876251012,101.04052173047415,103.2187271118164,6485500.0,669425054.6836853,1.0
2023-11-01,103.38918908635732,105.30222936467185,102.9440755396584,105.0181121826172,12809900.0,1345271515.248108,1.0
2023-11-02,111.72322276930142,112.77444633615008,108.38961068646938,111.14552307128906,22106100.0,2456994047.566223,1.0
2023-11-03,111.70426707500272,113.74042096116034,111.14551243145723,113.19113159179688,10670100.0,1207760693.1976318,1.0
2023-11-06,113.64571504182872,114.17605939989592,112.11149528762004,113.57942199707033,7756400.0,880967428.7780762,1.0
2023-11-07,113.50366447832312,114.66853631904114,112.859671758536,114.32759857177734,7898400.0,903005104.5593262,1.0
2023-11-08,114.97158513355365,115.596632819792,112.84072793998638,113.7025375366211,7681900.0,873451523.1025696,1.0
2023-11-09,114.70640240289389,115.94703238716876,113.50364796244776,113.74040985107422,9002700.0,1023970787.766266,1.0
2023-11-10,115.4451043301164,118.2010090995324,114.56434976970512,117.63278198242188,12191600.0,1434131824.8168943,1.0
2023-11-13,117.43392109548866,117.95480024857255,116.13646307578934,117.29186248779295,7959200.0,933549391.9128418,1.0
2023-11-14,120.5970523139674,121.4304589257242,119.40377739778936,120.61599731445312,11255400.0,1357581296.1730957,1.0
2023-11-15,121.14633611978576,122.86049008904855,120.8053983808141,122.0933837890625,7789100.0,950997575.6713868,1.0
2023-11-16,122.25437301582018,123.46659280560432,121.51567703300796,121.88502502441406,11655700.0,1420655286.177063,1.0
2023-11-17,122.45325383011868,122.91729789143383,121.61984734331722,122.61425018310548,6543300.0,802301823.223114,1.0
2023-11-20,122.58585193428718,123.2298374093914,122.18809364952271,122.65213775634766,7148600.0,876791071.9650269,1.0
2023-11-21,120.17087749370482,120.72016687286045,119.09124373489564,120.2939910888672,14641800.0,1761320558.7249756,1.0
2023-11-22,121.11792895508492,122.65214159444304,120.42658818498911,120.7485809326172,6647400.0,802664116.8914795,1.0
2023-11-24,121.43991512579044,121.43991512579044,120.80539493954606,120.98533630371094,3708200.0,448637824.0814209,1.0
2023-11-27,120.53076719151568,122.18810802380538,120.07618830556515,121.4115219116211,8586400.0,1042487891.7419434,1.0
2023-11-28,120.46445653356182,120.5686323516615,119.01547480504804,119.88675689697266,8817900.0,1057149433.6418152,1.0
2023-11-29,123.17486577808616,124.47104254625437,121.63088858535131,121.90727996826172,10608300.0,1293228998.0873108,1.0
2023-11-30,123.20345876990858,123.32734807720784,121.50698674287004,122.99378204345705,11731800.0,1442938452.1774292,1.0
2023-12-01,123.00329733486632,124.15651923490095,122.47910556212328,123.5846710205078,8866500.0,1095763485.6033323,1.0
2023-12-04,123.26064800035716,123.94686013805467,122.02165305491955,123.85154724121094,7485000.0,927028831.100464,1.0
2023-12-05,123.0318975051256,124.70931130352412,122.89846818413528,124.61399841308594,6231600.0,776544592.5109863,1.0
2023-12-06,125.78628422192384,125.93877904515588,123.57516745588612,123.86109161376952,6912400.0,856177409.6710205,1.0
2023-12-07,125.16678082244884,127.07292228406956,124.27089200865429,126.70122528076172,7815700.0,990258766.4268494,1.0
2023-12-08,125.06193136177254,127.6828756389062,125.02380039200912,126.72980499267578,7678600.0,973107480.6167604,1.0
2023-12-11,128.1975428387785,130.18947178191195,127.7782039197719,129.7129364013672,11010700.0,1428230228.8345337,1.0
2023-12-12,129.5985243256026,130.78986246721863,129.14105455117857,130.2656707763672,7380400.0,961412756.5979004,1.0
2023-12-13,129.9797948717049,132.46731013642443,129.69387073523143,132.28622436523438,7507700.0,993165286.66687,1.0
2023-12-14,133.0486686511143,136.06036085478777,133.0486686511143,134.8594970703125,11468900.0,1546690085.949707,1.0
2023-12-15,135.38372186218925,136.75614626078067,134.74516611559332,136.4130401611328,25053500.0,3417624101.676941,1.0
2023-12-18,135.82211338698488,136.40348715204615,134.65936585686237,135.00247192382812,7832100.0,1057352860.3546144,1.0
2023-12-19,135.36464920810295,136.69894255683118,134.80234090704656,136.50833129882812,5658400.0,772418741.8212891,1.0
2023-12-20,135.3074555065649,136.27005172844653,133.77301101774626,133.84925842285156,7264800.0,972388092.590332,1.0
2023-12-21,135.1454369056025,135.99366930173198,134.37345191552697,135.75540161132812,8361600.0,1135132366.1132812,1.0
2023-12-22,136.52737657305414,137.62340205132315,136.0508412272494,136.75611877441406,4659200.0,637174108.59375,1.0
2023-12-26,137.40421279914617,139.1959905217115,137.20407607898235,138.63368225097656,4381200.0,607381888.6779785,1.0
2023-12-27,139.00537357672297,139.358005097696,138.23337405961414,138.8814697265625,4470300.0,620841834.1186523,1.0
2023-12-28,139.31986763924812,139.9965542335507,138.89098873373183,139.014892578125,4928800.0,685176602.5390625,1.0
2023-12-29,138.58601483680374,138.78615154113038,137.0420304041882,137.84262084960938,4839300.0,667061795.0775146,1.0
2024-01-02,135.51713397907702,135.5266594513232,132.26715919032458,133.64910888671875,8495800.0,1135456099.2797852,1.0
2024-01-03,132.3719871360761,132.3719871360761,130.56115864785306,131.1425323486328,8133300.0,1066621558.3511353,1.0
2024-01-04,129.08389504489293,130.88519804585704,128.60735970556163,129.77963256835938,6770300.0,878647046.3775635,1.0
2024-01-05,129.77009655290647,131.59046489149304,129.47464699335956,130.31333923339844,6827300.0,889688260.9481812,1.0
2024-01-08,130.56117409616184,132.6197959712129,130.22759349915907,132.50543212890625,7729400.0,1024187487.097168,1.0
2024-01-09,131.0853360491674,134.3353105860032,130.7041135909898,133.32505798339844,5856900.0,780871532.1029663,1.0
2024-01-10,133.3250759093945,133.45850524196717,131.3236213780985,132.7722930908203,5652500.0,750495386.6958618,1.0
2024-01-11,132.4768411683296,133.38225551957188,129.6462197295898,132.50543212890625,7374900.0,977214311.4074708,1.0
2024-01-12,135.4503770435372,135.96504326595078,132.62929646085504,133.6204833984375,6546600.0,874759856.6162109,1.0
2024-01-16,133.42989520394792,134.60216806842536,131.5046883583337,134.49732971191406,7483000.0,1006443518.2342528,1.0
2024-01-17,133.06772414601596,133.07726416017968,130.90426416571557,132.7818145751953,6584700.0,874328414.4332886,1.0
2024-01-18,136.4320632197786,138.81473994064586,135.65055281754053,138.4716339111328,12893000.0,1785314776.0162354,1.0
2024-01-19,140.3491994469732,145.60062881270343,139.85361310640272,144.82864379882812,16193900.0,2345340574.813843,1.0
2024-01-22,145.58157426050718,147.31617021091907,144.74286724776232,145.69593811035156,10456100.0,1523411298.475647,1.0
2024-01-23,145.69590179494762,146.52508312776376,144.3044268263152,146.2963409423828,6232300.0,911762685.6552124,1.0
2024-01-24,147.5258067463255,148.98401829159374,146.67757440795387,147.12551879882812,8331900.0,1225835110.079956,1.0
2024-01-25,150.2039565661725,150.56611356345667,146.45838094277318,147.22084045410156,7740900.0,1139621803.8711548,1.0
2024-01-26,145.06691608603637,145.8007701475731,143.32279473820702,143.64683532714844,7744700.0,1112501645.5581665,1.0
2024-01-29,143.34186714931624,144.1424578114277,141.4547907128075,142.61753845214844,10770700.0,1536090721.4065552,1.0
2024-01-30,141.05447956479316,141.81693911963063,138.7385244821676,139.1292724609375,9132800.0,1270639819.53125,1.0
2024-01-31,138.5192949075008,143.1131027568389,137.56622418782453,141.54052734375,21184200.0,2998422839.3554688,1.0
2024-02-01,134.25909648784994,137.15644024240197,133.51570233011674,134.4878387451172,22810600.0,3067748294.47937,1.0
2024-02-02,134.0493867174946,135.46946728082077,132.72461904024038,135.04058837890625,10442700.0,1410188352.2644043,1.0
2024-02-05,135.20265069321204,137.8617123460984,134.58316036922366,137.27081298828125,8032600.0,1102641532.409668,1.0
2024-02-06,137.71873166112826,138.0141812845717,135.74586810942824,137.33750915527344,7286300.0,1000682292.9580688,1.0
2024-02-07,138.3477499912339,139.1006694655201,136.8895529447681,139.04348754882812,7361900.0,1023624250.9857178,1.0
2024-02-08,139.95844191572525,141.6358411579381,139.424710093348,141.22601318359375,9448700.0,1334402230.7678225,1.0
2024-02-09,142.0075395596738,146.2010449779109,141.38804939881103,143.91368103027344,11981500.0,1724301769.2642212,1.0
2024-02-12,143.32277713665812,147.4972169315895,143.1988732914592,145.91513061523438,11806300.0,1722717806.5826416,1.0
2024-02-13,142.96063234279677,144.15197094565343,141.44525313021296,142.99874877929688,8976300.0,1283599668.6676023,1.0
2024-02-14,144.2091327761922,147.1445924296991,143.96133961670276,146.71571350097656,8715100.0,1278642114.7323608,1.0
2024-02-15,147.72596787123842,149.7941296763111,147.2399070187781,148.65997314453125,9372400.0,1393300732.2998047,1.0
2024-02-16,150.0800450930187,150.35642919870298,145.4385954129244,145.5243682861328,8429100.0,1226639452.720642,1.0
2024-02-20,144.76192186295933,145.72451812649297,142.83671479318588,144.82864379882812,8745500.0,1266598904.3426514,1.0
2024-02-21,142.79860949124176,144.91442797559793,141.91224602431603,144.8762969970703,9760300.0,1414036121.5805054,1.0
2024-02-22,147.50676690334203,148.21202996465558,145.1717464292064,147.48770141601562,11407500.0,1682465953.9031982,1.0
2024-02-23,148.39310193335416,149.5463238546791,147.0873997557197,147.6401824951172,5953300.0,878946298.4481812,1.0
2024-02-26,148.67902865364093,150.0895692125002,148.47887740858633,149.6606903076172,6307600.0,943999770.1843262,1.0
2024-02-27,150.34690195982418,151.7288515574116,150.09910881478865,150.87109375,6021400.0,908455203.90625,1.0
2024-02-28,149.4342235092844,149.95148939014007,148.4380017838477,149.29054260253906,5211000.0,777953017.501831,1.0
2024-02-29,150.26763333863735,151.541657904899,149.60667179662582,151.14891052246094,8321400.0,1257770544.0216064,1.0
2024-03-01,152.68152955876735,157.0975026257767,151.41709384556708,156.22579956054688,10405700.0,1625638802.4871826,1.0
2024-03-04,158.1703940776611,160.7663415253416,157.78723519862473,159.54978942871094,11865100.0,1893074206.550598,1.0
2024-03-05,157.79679550270157,158.62060017679565,153.48619270916646,154.65484619140625,9608800.0,1486047486.0839844,1.0
2024-03-06,157.88304020402686,162.12658273923668,157.41365812940268,160.82382202148438,12230500.0,1966955755.233765,1.0
2024-03-07,162.46183419550005,170.1155395136969,162.29897633987747,168.32424926757812,14495100.0,2439876825.558472,1.0
2024-03-08,167.46213121428028,168.0847679756418,163.3622556713417,163.39100646972656,11318000.0,1849259411.2243648,1.0
2024-03-11,161.88709360721637,164.741666668123,161.04412654899934,163.91786193847656,7256300.0,1189437181.5841677,1.0
2024-03-12,165.6325516269851,166.58087506190768,163.40061512591785,165.79539489746094,7642200.0,1267041566.885376,1.0
2024-03-13,164.01365906484097,164.2818731986966,161.50393483380304,162.12657165527344,8730500.0,1415446033.8363647,1.0
2024-03-14,162.46182139889044,162.79708170585357,159.6934573199564,161.36021423339844,8151000.0,1315247106.216431,1.0
2024-03-15,160.0670441420833,161.66675485938975,158.86965456776062,160.16282653808594,16414600.0,2629008732.4920654,1.0
2024-03-18,163.71671145711045,164.24356587754087,159.34863592876775,159.89463806152344,6653700.0,1063890953.2699584,1.0
2024-03-19,159.0995793877848,159.45401671986366,156.7431243668319,157.19334411621094,7404400.0,1163922397.1740725,1.0
2024-03-20,157.19334508072026,161.0920388249076,156.93470478092985,160.6130828857422,5995800.0,963003922.366333,1.0
2024-03-21,163.55385458855227,165.6420951509734,162.49057198003723,163.6592254638672,8497500.0,1390694268.3792114,1.0
2024-03-22,162.41394150817104,164.66502536974812,162.17446356864752,162.9407958984375,5645500.0,919882263.2446288,1.0
2024-03-25,160.81422441460842,161.66676526171938,159.94252124043513,160.46937561035156,5682500.0,911867226.9058228,1.0
2024-03-26,160.97704884489684,162.28938307216154,159.97123873195056,160.03829956054688,5289900.0,846586600.8453369,1.0
2024-03-27,162.31815137224214,162.34688755687824,159.94253420402137,162.01162719726562,6309700.0,1022244764.1265868,1.0
2024-03-28,161.98288955942726,162.7396334423459,160.91001841519935,162.17446899414062,5324000.0,863416872.9248047,1.0
2024-04-01,161.1878070216312,165.5271458848027,161.13033465786563,164.4925994873047,6679100.0,1098662521.2356567,1.0
2024-04-02,163.29523015956323,164.18608114185304,162.15531274788742,163.8412322998047,7436300.0,1218372555.7510376,1.0
2024-04-03,162.8450003272686,166.63833735441972,162.20320119761467,166.59043884277344,6943200.0,1156670734.9731443,1.0
2024-04-04,167.63455998984665,168.54457324933395,162.27983669586294,162.61509704589844,9031200.0,1468609464.440918,1.0
2024-04-05,163.01742114906682,164.99073171127583,162.56721605572508,164.31060791015625,5863300.0,963402387.3596191,1.0
2024-04-08,165.65167586716663,167.05023348685526,165.10567375724668,166.31263732910156,4812000.0,800296410.8276367,1.0
2024-04-09,167.8931960622262,168.5828936896915,166.073154972192,168.18057250976562,5028500.0,845696008.8653564,1.0
2024-04-10,165.16316342575095,166.3988779274805,162.9120792936407,163.6688232421875,6177400.0,1011047788.6962892,1.0
2024-04-11,164.4447130574828,168.2380501269382,163.32395803201445,167.75909423828125,6262600.0,1050608103.5766602,1.0
2024-04-12,165.02902632045854,166.09230889092166,163.76459047850304,164.0806884765625,8216700.0,1348201793.005371,1.0
2024-04-15,166.9352833004556,167.04065417669403,161.4847631521266,162.6917266845703,6570600.0,1068982259.3536376,1.0
2024-04-16,162.3660488235988,162.43310966502716,160.40232672572128,161.48477172851562,6390100.0,1031903839.8223876,1.0
2024-04-17,162.0978297876515,163.02700536756583,156.87721359992807,157.40406799316406,8082000.0,1272139677.520752,1.0
2024-04-18,155.52655600760096,157.19332775414443,153.13177657573755,154.64527893066406,9209400.0,1424190231.7840576,1.0
2024-04-19,154.50158193280444,154.59737895580193,149.75992162589856,150.99563598632812,10292200.0,1554077284.6984863,1.0
2024-04-22,151.3883780002835,154.83686640799704,150.54542553573364,153.4383087158203,7848700.0,1204291253.617859,1.0
2024-04-23,154.18546655256378,155.4307400118762,152.95932618586417,154.55905151367188,6616700.0,1022670876.1505128,1.0
2024-04-24,156.97299249082656,158.94628834077767,155.18170221051477,156.74310302734375,6130500.0,960913593.1091309,1.0
2024-04-25,157.17418732945333,157.70104180119915,154.9230885031647,156.42701721191406,6230700.0,974649816.142273,1.0
2024-04-26,156.04382199820063,159.51147255624474,155.6702369913382,158.6876678466797,7141300.0,1133236242.3934937,1.0
2024-04-29,158.247012202276,162.1457198935406,158.247012202276,162.0786590576172,6623900.0,1073592829.7317504,1.0
2024-04-30,162.10739099249338,162.1169794639871,158.83133477099807,158.86965942382812,6914200.0,1098456599.1882324,1.0
2024-05-01,157.58607026322753,162.50016264002838,156.89637257467393,157.20291137695312,13113600.0,2061496098.6328125,1.0
2024-05-02,168.08479148849307,174.0430042939119,167.9123597569262,172.51992797851562,25894800.0,4467369031.018066,1.0
2024-05-03,174.56984585246906,175.47985910870315,170.31671526413646,172.0792694091797,10043900.0,1728346974.01886,1.0
2024-05-06,174.25374617541053,174.72311362200682,172.80728994362266,174.19627380371094,6980100.0,1215907410.7772827,1.0
2024-05-07,174.77099473387037,176.5527111620102,171.67694389402138,172.5677947998047,8011100.0,1382457860.920715,1.0
2024-05-08,169.29175845846285,173.1808782606895,169.18638756949034,172.95098876953125,6242600.0,1079663842.4926758,1.0
2024-05-09,173.38203685318018,174.06216066660406,171.88769677475491,172.94139099121094,5513500.0,953512359.2300416,1.0
2024-05-10,174.33994550312815,175.82471169858496,173.6119378058509,174.4165802001953,4702500.0,820193968.3914185,1.0
2024-05-13,175.47026191926057,176.95502800913036,175.2020478068861,176.45692443847656,6384800.0,1126642171.1547852,1.0
2024-05-14,176.74427852776904,181.32309518140644,176.7251308181322,181.01657104492188,7713400.0,1396253219.0979004,1.0
2024-05-15,182.01280485169167,187.8273361421056,182.0032309962372,186.4192047119141,11349100.0,2115690196.195984,1.0
2024-05-16,186.79278806500133,187.39627713451472,184.66622284693543,185.13560485839844,8173400.0,1513187352.7496338,1.0
2024-05-17,184.78117342178777,187.2142774875344,183.794525474232,185.7007751464844,5799700.0,1077008785.6170654,1.0
2024-05-20,185.83485724475,191.5727532020562,185.14515969802105,189.4365997314453,8879700.0,1682140174.635315,1.0
2024-05-21,187.7602720673712,193.4790062383609,187.52079413597824,192.3965759277344,11498800.0,2212329747.277832,1.0
2024-05-22,194.38902282714844,196.21863776271348,193.2107954768923,194.38902282714844,11170100.0,2171344823.881531,1.0
2024-05-23,197.2148865952525,199.19775642600248,191.0267699192059,193.26828002929688,14475100.0,2797577680.252075,1.0
2024-05-24,195.3086269215021,202.4067565260057,194.99251428872063,201.50631713867188,13809900.0,2782782089.0533447,1.0
2024-05-28,208.08714391238496,208.27872331932423,202.4067348363181,204.11181640625,12485400.0,2548417672.5585938,1.0
2024-05-29,199.8682596409217,201.79367140928264,198.0003348493992,199.4946746826172,12552500.0,2504156903.953552,1.0
2024-05-30,200.0622063865929,201.3799191071861,196.0417325529554,196.9843292236328,12245300.0,2412132206.642151,1.0
2024-05-31,200.06219453912587,201.072126821854,191.12673086567645,196.262939453125,15064900.0,2956681556.567383,1.0
2024-06-03,201.5626570576057,202.92846449835795,194.68552504524203,198.0519561767578,12419500.0,2459706269.737244,1.0
2024-06-04,198.05194707715228,198.3597274204113,193.96413803384263,196.5707092285156,6629100.0,1303086888.546753,1.0
2024-06-05,199.0330210811512,204.3904628461077,197.53255697272863,203.8133544921875,11626300.0,2369595203.3325195,1.0
2024-06-06,203.8133315450625,204.1403674029168,200.82201675619768,201.4472198486328,7597200.0,1530434818.6340332,1.0
2024-06-07,201.7261475724956,201.7934832331269,197.07085822239213,198.73483276367188,5714400.0,1135650328.3447266,1.0
2024-06-10,197.4556146628757,202.54374327591304,196.75347739463783,201.3606872558593,6465100.0,1301816979.1778564,1.0
2024-06-11,199.24462013724428,201.4568491880016,196.9650700973485,200.5623474121093,8197500.0,1644109842.9107666,1.0
2024-06-12,204.3904563957024,207.3913845178404,202.83228443635767,207.170166015625,9502800.0,1968696653.6132808,1.0
2024-06-13,208.1031565902973,210.026831539486,204.88099517981604,209.4978179931641,10102800.0,2116514555.621338,1.0
2024-06-14,209.3343148313048,209.7286717322729,205.49657788760416,207.1124725341797,6438200.0,1333431520.6695557,1.0
2024-06-17,208.80528644544896,214.1723411248641,205.25610394160387,213.7395172119141,12109100.0,2588193187.8707886,1.0
2024-06-18,218.16398997776352,221.8285885243997,217.37527617877825,218.4236755371093,22037500.0,4813511749.649048,1.0
2024-06-20,215.64393702324367,217.27905762911544,204.7174638316844,207.24710083007807,18701200.0,3875769482.043457,1.0
2024-06-21,203.67869257952063,207.24711596705205,201.41838338399745,204.4193115234375,22286500.0,4555790986.26709,1.0
2024-06-24,199.0137906750064,199.1292064727509,192.5983366326544,193.1754302978516,16087700.0,3107748370.0027466,1.0
2024-06-25,195.38766492536783,195.3972780166281,191.56916895906545,194.4546813964844,11974900.0,2328575364.2547607,1.0
2024-06-26,192.6656642964442,193.47360426159216,188.23159290297525,189.7993927001953,10023800.0,1902511152.5482173,1.0
2024-06-27,189.35693729979835,190.99207273373835,186.44257095093823,187.7025756835937,11936600.0,2240530564.904785,1.0
2024-06-28,188.5201450037001,196.15713689953503,188.1450289757008,191.5787811279297,15547500.0,2978571099.586487,1.0
2024-07-01,191.85770519739444,193.01190712913697,188.597077035073,192.3963317871093,6800600.0,1308410493.951416,1.0
2024-07-02,190.68424949339388,192.8291426166184,189.5685146751396,192.5213623046875,5632900.0,1084453581.7260742,1.0
2024-07-03,194.94520821345245,197.0420214958153,192.79070170853623,196.03208923339844,4996200.0,979415524.2279052,1.0
2024-07-05,197.99424564620008,198.8598934836405,196.1955996284008,197.89805603027344,6375200.0,1261639686.8041992,1.0
2024-07-08,199.33118668696488,202.40906341047628,198.28277277406383,199.9563751220703,6920400.0,1383778098.3947754,1.0
2024-07-09,198.6001687115541,200.59117903861,196.84963239458813,199.2157440185547,5272600.0,1050384931.9122314,1.0
2024-07-10,200.773941885163,201.2548605797152,198.6771287451492,200.83164978027344,5159400.0,1036170813.8763428,1.0
2024-07-11,202.0051059596317,202.1109086665056,192.1462720677893,192.2232208251953,8602200.0,1653542590.182495,1.0
2024-07-12,193.96413818322625,198.2154578303656,192.60794389487108,194.70474243164065,7217200.0,1405223067.0776367,1.0
2024-07-15,195.2529950267105,201.2548657731313,195.0510027121377,200.2353057861328,7463700.0,1494496251.7959597,1.0
2024-07-16,201.9858494455952,203.03424866560192,198.7348344104278,201.6395874023437,5998500.0,1209535065.032959,1.0
2024-07-17,192.10779956556573,192.3674997997085,183.28775146092616,184.2880706787109,16156200.0,2977394927.4993896,1.0
2024-07-18,186.3848517613977,186.50026755389425,179.8155005031129,184.1533966064453,9960600.0,1834278322.2381592,1.0
2024-07-19,184.3746092256793,185.7211756834764,178.67090594581848,179.10374450683594,9195700.0,1646984303.3615112,1.0
2024-07-22,183.71095359878737,188.03922213907293,181.8353734999586,187.52944946289065,7590000.0,1423348521.4233398,1.0
2024-07-23,186.78883601255168,188.75099269406377,184.8170662397536,185.9712829589844,5796700.0,1078019735.9283447,1.0
2024-07-24,182.1142971621553,182.37399738007576,173.7944091861147,174.159912109375,13295300.0,2315508279.4677734,1.0
2024-07-25,172.76522322793906,173.3615723757015,166.6575647511152,168.6966552734375,12700100.0,2142464391.638184,1.0
2024-07-26,172.17851385715994,174.38112980087357,170.7934802797922,173.1788330078125,6567800.0,1137403939.428711,1.0
2024-07-29,174.5734718725013,175.6699658195176,171.06277155942848,171.82261657714844,6051600.0,1039801746.4782716,1.0
2024-07-30,172.4959318302506,172.55363973137975,160.40564222000688,160.56915283203125,15338900.0,2462954178.375244,1.0
2024-07-31,168.8794170868705,174.16952293201982,166.79223163277942,174.0444793701172,19222200.0,3345517791.3482666,1.0
2024-08-01,165.20516993947152,170.21634874756097,155.17321391026178,157.74131774902344,24795000.0,3911195973.587036,1.0
2024-08-02,154.39416126603535,157.99142416168905,151.51826182664627,153.23033142089844,16618900.0,2546519554.850769,1.0
2024-08-05,147.42081881573623,156.60636869723953,145.61255985131993,151.92221069335938,12733900.0,1934562238.748169,1.0
2024-08-06,152.3742723955761,157.38545148519435,150.52754643057588,152.66282653808594,9301000.0,1419916949.6307373,1.0
2024-08-07,157.33736171301177,158.04912666376546,149.56571385566895,150.16204833984375,9266900.0,1391536685.760498,1.0
2024-08-08,154.60574786669054,159.270650417832,151.84526456820086,158.6550750732422,9590900.0,1521644959.5199585,1.0
2024-08-09,157.8086607710273,159.5591971130645,155.7984095590786,158.2030029296875,4824600.0,763266207.9345703,1.0
2024-08-12,154.43260793138626,157.1546094876013,151.41243913455125,156.67369079589844,8548000.0,1339246708.9233398,1.0
2024-08-13,158.02988134038523,163.08914057548398,157.04880312279744,163.00257873535156,11102100.0,1809670929.3777463,1.0
2024-08-14,164.12795160577923,164.72428616364104,158.43387532557324,160.77113342285156,7208200.0,1158870483.9385986,1.0
2024-08-15,165.19556615707205,167.9752755332966,164.0990721565382,166.72488403320312,10752100.0,1792642625.613403,1.0
2024-08-16,165.71496408113595,166.7633780322109,164.11832510411494,165.60916137695312,5435700.0,900201718.4967041,1.0
2024-08-19,165.02245660230713,167.66750956193525,162.30045488631285,167.6097869873047,6708100.0,1124343212.0895386,1.0
2024-08-20,167.22505509128308,168.7351322149037,164.61846921509965,165.54183959960938,6222400.0,1030067542.7246094,1.0
2024-08-21,166.38824848998854,168.19649272831234,165.5129729789774,167.57130432128906,6309500.0,1057291144.6151732,1.0
2024-08-22,167.6482473077809,167.92717367209517,161.95417215165918,162.55050659179688,6743500.0,1096159341.2017822,1.0
2024-08-23,165.20518186749618,167.9560373407448,164.11831561624146,166.8787841796875,6823600.0,1138714071.7285156,1.0
2024-08-26,165.40718810314567,165.80154498155534,162.09846491385687,163.02183532714844,7437600.0,1212491202.4291992,1.0
2024-08-27,162.7140031872929,167.78288952214933,161.84835554689477,167.29234313964844,6498800.0,1087199479.5959473,1.0
2024-08-28,167.72521075715417,169.01406935271137,163.15648310038023,165.29176330566406,6534600.0,1080115556.4971924,1.0
2024-08-29,166.80184947585263,169.62965393824422,162.48319402478472,163.02183532714844,12514200.0,2040087851.651001,1.0
2024-08-30,165.71496731298933,168.764004935774,164.28183890966957,168.610107421875,11110800.0,1873393181.5429688,1.0
2024-09-03,165.3302332573341,165.589933469708,155.81766177666924,157.01034545898438,11620300.0,1824507317.337036,1.0
2024-09-04,156.77951617650356,161.81955007822432,156.4236409896304,159.02059936523438,6737000.0,1071321777.923584,1.0
2024-09-05,157.6670328022933,160.2967514487964,156.47786322574717,158.26644897460938,5600000.0,886292114.2578125,1.0
2024-09-06,157.33834097139328,157.77340162574228,151.9145474412997,152.93936157226562,10703000.0,1636909986.907959,1.0
2024-09-09,155.74307139910684,156.98058425407433,153.3067262640679,155.43370056152344,7494900.0,1164960042.338562,1.0
2024-09-10,154.68929185549828,156.68091412776653,152.44629004247972,156.3135223388672,7918100.0,1237706101.2313845,1.0
2024-09-11,156.97094922213353,161.36025110010448,153.96417571848048,161.0315399169922,8275400.0,1332600405.4290771,1.0
2024-09-12,160.3741032687706,160.78982359527575,157.4930050315172,159.50396728515625,6039200.0,963276359.2285156,1.0
2024-09-13,160.3064046782315,162.71376149697292,159.94869050020753,162.1626739501953,4049900.0,656742613.230896,1.0
2024-09-16,159.45564977169977,161.7856607882482,158.35348914908292,161.07989501953125,6510000.0,1048630116.5771484,1.0
2024-09-17,163.27454275795546,163.87395900821667,160.56747735779828,163.1005096435547,5828000.0,950549770.2026368,1.0
2024-09-18,163.89329784492605,166.69703517058747,162.1337001871257,162.7137908935547,5877600.0,956366577.355957,1.0
2024-09-19,168.63065131941153,170.93165910375578,166.76471894138544,168.14724731445312,10900000.0,1832804995.727539,1.0
2024-09-20,166.95808771203298,167.32547949881078,158.84656860729433,163.31321716308594,27546400.0,4498691205.26123,1.0
2024-09-23,162.8297857201081,164.33800369274402,159.8616931205885,160.45144653320312,9810000.0,1574028690.490723,1.0
2024-09-24,161.86300081398196,163.73861077806518,160.47079487147403,161.40859985351562,9666800.0,1560304653.0639648,1.0
2024-09-25,160.760830732564,162.99415481986222,160.25808644919252,162.68478393554688,5095500.0,828960316.5435791,1.0
2024-09-26,169.1043952048358,169.91651040533444,161.24424124030762,166.9290771484375,8475000.0,1414723928.8330078,1.0
2024-09-27,167.25776617002882,167.69282677318674,164.19298690701797,164.4830322265625,5880700.0,967275367.614746,1.0
2024-09-30,165.68187955168645,166.51333500829196,162.1820393692005,164.40570068359375,8099700.0,1331636853.8269043,1.0
2024-10-01,164.16399211596865,164.63771856783637,158.63384948686274,160.2774200439453,8277600.0,1326712372.1557617,1.0
2024-10-02,160.63515257489738,164.11566747680632,159.66834451906936,162.73313903808594,4484600.0,729793035.3302002,1.0
2024-10-03,160.44179601941408,163.9029706749722,160.16142817056604,163.31321716308594,6260200.0,1022373402.0843506,1.0
2024-10-04,166.82271156178732,167.06441354470724,160.95418033537905,163.29385375976562,6586500.0,1075534967.7886963,1.0
2024-10-07,162.0757037363689,163.11985821884355,160.2387743102851,161.39894104003906,4359300.0,703586403.6758423,1.0
2024-10-08,159.38797587147775,162.15304748731825,158.22780916078892,160.81884765625,7843500.0,1261382631.5917969,1.0
2024-10-09,160.4417789564241,164.6473995081197,159.20426594052154,164.57005310058594,5486500.0,902913596.3363647,1.0
2024-10-10,161.6793077543006,163.1488601362516,159.842378341102,162.92649841308594,5048000.0,822452963.9892578,1.0
2024-10-11,162.42375214871277,164.77308862546445,161.33125433316056,164.33802795410156,3801400.0,624714579.4647217,1.0
2024-10-14,165.6528823890206,172.9329455898886,165.2274845004073,172.1304931640625,9933600.0,1709875466.8945312,1.0
2024-10-15,171.3377134661536,173.86108291453763,167.0160805631474,168.3115997314453,12910400.0,2172970077.172852,1.0
2024-10-16,168.82403071830285,168.87237407520368,164.57008085281402,165.7882537841797,6495700.0,1076910760.105896,1.0
2024-10-17,169.79079848369307,169.79079848369307,165.3434910001538,165.42083740234375,6093200.0,1007942246.4599608,1.0
2024-10-18,166.3973300841486,166.8517310369343,163.79661413166187,165.246826171875,6432700.0,1062983258.7158204,1.0
2024-10-21,164.00931656891757,164.52172365384794,160.55781951094653,163.4002227783203,7297700.0,1192445805.769348,1.0
2024-10-22,163.40022073476817,167.72185383273288,162.64611164742183,167.4318084716797,7313000.0,1224428815.3533936,1.0
2024-10-23,163.7192654627257,166.9097348576849,158.84655956578985,161.07022094726562,9788200.0,1576587536.6760254,1.0
2024-10-24,161.07988228047245,163.33254670208373,160.03572786494107,162.5204315185547,4933400.0,801778296.8536377,1.0
2024-10-25,164.6280862323218,167.43182389197747,164.1736852336966,164.61842346191406,5496600.0,904841626.4007568,1.0
2024-10-28,163.79662698893262,167.40281708134887,163.74828363333353,166.50369262695312,5024600.0,836614453.9733887,1.0
2024-10-29,166.48435973846725,170.70932136673946,165.5755577211411,170.15823364257812,6427700.0,1093726078.3843994,1.0
2024-10-30,164.28001203746058,166.03960966194765,161.96934152938658,162.0563507080078,8819700.0,1429288396.3394165,1.0
2024-10-31,162.05634997086432,162.21104278925563,156.70024021685728,157.36734008789062,10261200.0,1614777750.1098633,1.0
2024-11-01,157.66706596253536,160.5674902486328,157.3673578133433,159.7843780517578,6498100.0,1038294867.0181274,1.0
2024-11-04,159.5813449248056,161.94035908316457,158.20847917330445,159.69735717773438,4949800.0,790469978.5583496,1.0
2024-11-05,159.52329276033888,162.02732151220272,158.7981868841555,160.40309143066406,5373200.0,861877890.8752441,1.0
2024-11-06,163.6322409673114,172.52687090842392,163.07149060169473,167.24810791015625,17661900.0,2953919357.0983887,1.0
2024-11-07,174.28648390311338,176.05574432976056,165.9332632959238,167.1707763671875,23586300.0,3942940082.6293945,1.0
2024-11-08,166.3779937762319,167.73153389756123,163.1488584299384,165.23716735839844,10736600.0,1774085371.060181,1.0
2024-11-11,164.3573650430368,165.12113689545137,160.5771421064902,162.70411682128906,7829500.0,1273891882.6522827,1.0
2024-11-12,161.50529538116746,161.77600046785156,156.48755900274554,157.98611450195312,8483300.0,1340243605.154419,1.0
2024-11-13,157.38669811177363,157.5317281910705,154.4476077172834,155.09536743164062,7921700.0,1228618972.1832275,1.0
2024-11-14,157.54136328950509,159.43631349227985,156.49720886172955,158.5275115966797,7012600.0,1111690027.822876,1.0
2024-11-15,157.5896882149289,158.87554449640865,154.30254724511522,155.17266845703125,9737000.0,1510916272.7661133,1.0
2024-11-18,157.20300276420366,159.6586888441094,156.62291200400122,159.03993225097656,7814200.0,1242769838.595581,1.0
2024-11-19,158.58552853118877,160.71250336140517,157.25132865711024,159.2429656982422,6176800.0,983611950.5249023,1.0
2024-11-20,158.55651285790574,158.74987150848807,147.87328144963783,149.14947509765625,14483000.0,2160131847.8393555,1.0
2024-11-21,150.00994242393668,151.7308595939213,148.4920466856503,150.29998779296875,10685800.0,1606075609.5581057,1.0
2024-11-22,149.65219948580452,151.67283935892462,148.62738539591754,151.5858154296875,5709300.0,865448896.0327148,1.0
2024-11-25,153.66447415957086,154.35089961525557,152.0015631297903,153.5484619140625,9189800.0,1411079655.2978516,1.0
2024-11-26,154.4475818566543,156.1104928383638,150.90906094773854,151.72117614746094,9489900.0,1439818789.5217896,1.0
2024-11-27,151.72116251974884,152.41726541479204,149.3331604867449,151.20875549316406,6337900.0,958345971.4401244,1.0
2024-11-29,152.86203926558414,156.15885864247954,152.51398773675763,153.26809692382812,6112000.0,936774608.3984376,1.0
2024-12-02,153.1230470760258,157.94740928091696,153.1230470760258,157.6186981201172,9812700.0,1546664999.043274,1.0
2024-12-03,156.1395003192445,158.42116791090646,155.96548195108593,157.18365478515625,6961400.0,1094218294.4213867,1.0
2024-12-04,159.02057175739935,159.52331603555464,156.85493133270384,157.9184112548828,6721600.0,1061464393.0908204,1.0
2024-12-05,158.0156035136408,159.82327388451435,155.43043779936644,155.87750244140625,7279800.0,1134757042.2729492,1.0
2024-12-06,155.87749362678022,155.87749362678022,152.8161234952748,155.02224731445312,9918400.0,1537572657.763672,1.0
2024-12-09,153.04936063920383,158.34602415865945,153.0396473237184,156.2176513671875,9481200.0,1481130796.142578,1.0
2024-12-10,156.24679699211467,156.94654123280415,151.64986319407362,152.0580596923828,8683600.0,1320411367.1447754,1.0
2024-12-11,152.86470548030138,155.94553191353603,152.55371625704572,155.333251953125,7081800.0,1100039023.6816406,1.0
2024-12-12,154.2058894107576,154.97367142196092,152.5051248706239,153.78799438476562,5796100.0,891370594.25354,1.0
2024-12-13,153.78800500212063,155.18747889213444,152.21357277793234,154.06983947753906,8886700.0,1369172442.4850464,1.0
2024-12-16,153.7102227303361,154.2447516227903,149.68670089452593,153.44781494140625,9951100.0,1526974551.2634275,1.0
2024-12-17,152.08722927381288,155.4790301959615,152.08722927381288,153.47698974609375,7187400.0,1103100516.1010742,1.0
2024-12-18,153.79771621643852,156.62584839598918,148.0345608880634,148.7440185546875,10295200.0,1531349419.8242188,1.0
2024-12-19,149.69642469173655,151.09591322471226,145.83811791077872,146.16854858398438,8414800.0,1229979102.6245117,1.0
2024-12-20,145.3716587199627,150.22127341900722,145.22586998177357,148.58853149414062,17347100.0,2577580114.682007,1.0
2024-12-23,151.28057974034397,154.22533087204488,150.20180849599384,153.78799438476562,8863200.0,1363053751.8310547,1.0
2024-12-24,154.1767357858665,154.9153481959142,153.10767784942504,154.87648010253906,2839600.0,439787252.8991699,1.0
2024-12-26,152.97162669608224,155.07085977533936,152.92304528374493,154.06983947753906,3846900.0,592691265.486145,1.0
2024-12-27,152.76753535247823,153.31177764207078,151.14452179976817,152.81613159179688,7232500.0,1105242671.737671,1.0
2024-12-30,150.86266361668558,151.7373513843917,149.4729031969316,150.23095703125,5356000.0,804637005.859375,1.0
2024-12-31,150.36703161652957,151.4555162330483,148.8995200475095,149.2979736328125,4423300.0,660389726.7700195,1.0
2025-01-02,150.64886430629477,153.0785280319401,148.49132173156252,149.31741333007812,5009100.0,747945855.1116943,1.0
2025-01-03,151.0473420900253,153.9823802050038,150.14351424615126,153.38954162597656,5885800.0,902820164.1021729,1.0
2025-01-06,154.8473326943121,161.0089564370586,154.8473326943121,155.3527069091797,9599800.0,1491354915.7867432,1.0
2025-01-07,157.44221731910534,158.85141938476698,154.7695870868366,156.0038604736328,7666000.0,1195925594.3908691,1.0
2025-01-08,155.54706551475064,155.6831260821886,152.52456342499542,154.60435485839844,7731900.0,1195385411.3296509,1.0
2025-01-10,153.26319040966038,153.82687419400477,151.17368546157442,152.56344604492188,6236800.0,951507700.2929688,1.0
2025-01-13,150.8529468055243,152.94245145922804,150.44476512184917,152.70921325683594,5714700.0,872687340.9988403,1.0
2025-01-14,155.63454081961228,156.48005906049428,152.15526054464567,155.0417022705078,6476500.0,1004127584.7549438,1.0
2025-01-15,157.5394016629735,160.79514215269091,157.52967351721176,159.78440856933594,9284000.0,1483438449.1577148,1.0
2025-01-16,160.6979549086639,161.17415947886502,156.7424554872984,156.8882293701172,7188900.0,1127853792.1188354,1.0
2025-01-17,160.72712790174413,160.95065282389672,158.5112756548202,159.93019104003906,8097500.0,1295034721.9467163,1.0
2025-01-21,161.32967622304523,163.93426869692428,160.69796956722126,162.56394958496094,7380500.0,1199803229.9118042,1.0
2025-01-22,163.58441363293426,167.2483360151155,163.45806636820691,165.4503936767578,7281700.0,1204760131.6360474,1.0
2025-01-23,165.58646217813302,169.473924496074,164.61459659864778,169.45448303222656,7172300.0,1215378388.6520386,1.0
2025-01-24,170.17365975437087,170.27083740940185,167.10256112916318,167.2677764892578,5825800.0,974468612.2711182,1.0
2025-01-27,167.25803605038936,167.35521368966224,162.5736378504706,166.36390686035156,15632600.0,2600700410.385132,1.0
2025-01-28,165.43094313349454,168.6089474042287,165.03247472775766,166.72352600097656,8720200.0,1453862491.4337158,1.0
2025-01-29,166.72351103965505,168.60893227371452,165.43092828816592,166.87901306152344,5118900.0,854236979.9606323,1.0
2025-01-30,167.49127231110776,168.65750777531463,166.159821515508,167.09280395507812,6010600.0,1004328007.4523926,1.0
2025-01-31,167.65650030500942,171.81608316684873,167.4426887236494,168.06468200683594,7800500.0,1310988551.9943235,1.0
2025-02-03,164.12865595869638,167.72455546490295,163.33171910347957,165.4503936767578,7447100.0,1232125626.750183,1.0
2025-02-04,163.7593226187307,168.900484145109,163.7593226187307,168.1715850830078,5457900.0,917863694.2245485,1.0
2025-02-05,168.13272612851134,172.0201880043151,165.11993724296738,170.91226196289062,15197800.0,2597490374.859619,1.0
2025-02-06,163.11790278952265,164.7214897703629,160.74654858475822,164.5562744140625,16293500.0,2681197657.165528,1.0
2025-02-07,165.05191123485474,166.4805546334221,161.38797433428135,163.23452758789062,7841700.0,1280036194.985962,1.0
2025-02-10,164.95473382015962,166.96650260450824,164.24527612878396,166.53887939453125,6237700.0,1038819567.9992676,1.0
2025-02-11,164.876977012056,167.84116976857453,164.35217616426635,167.15115356445312,6588100.0,1101208514.7979736,1.0
2025-02-12,164.7797914539302,166.12095570260172,163.50665007601856,165.49896240234375,5505700.0,911187637.298584,1.0
2025-02-13,165.401792541183,167.51073890586864,164.70204819176308,167.306640625,6362200.0,1064438308.984375,1.0
2025-02-14,167.74398445980967,167.95779604753716,166.22786188424485,167.38438415527344,4691300.0,785250361.3876343,1.0
2025-02-18,168.3854165773595,168.8324812466352,166.42225888179922,168.75473022460938,7292600.0,1230660745.6359863,1.0
2025-02-19,169.0948927264554,171.53426992329153,168.47289936637216,170.290283203125,6849600.0,1166420323.828125,1.0
2025-02-20,171.04831220835794,171.42733912518554,168.03552350471043,168.81301879882812,6316400.0,1066290551.940918,1.0
2025-02-21,170.0570139022402,170.49435039299163,160.56189904288345,160.77569580078125,12531900.0,2014824942.2058103,1.0
2025-02-24,161.24220600559852,161.90306741654706,156.46062960397362,156.56753540039062,9827800.0,1538714424.407959,1.0
2025-02-25,157.11176622083414,158.73477968096591,154.9542238176675,156.68414306640625,8244900.0,1291845091.168213,1.0
2025-02-26,157.27699036491074,159.52199722182965,156.40230254657874,157.53939819335938,9161900.0,1443360212.3077393,1.0
2025-02-27,157.77264115933022,158.657042320316,149.76447895820172,150.09490966796875,10807200.0,1622105707.763672,1.0
2025-02-28,150.73633885941274,152.88415322266127,149.08415571292613,152.7480926513672,10149500.0,1550316766.3650513,1.0
2025-03-03,154.5169014612432,155.57623129906878,148.2289304785861,149.2979736328125,9601900.0,1433544213.0249023,1.0
2025-03-04,150.90155803550834,152.77725130374228,147.09184711315794,150.11434936523438,8956800.0,1344544204.3945312,1.0
2025-03-05,150.67801242619143,154.67238000782106,148.72456821571177,154.0309600830078,6786900.0,1045392722.9873656,1.0
2025-03-06,150.5817831973485,154.26547642790098,150.56223690569448,152.46759033203125,7808100.0,1190482192.0715332,1.0
2025-03-07,151.66635714371213,158.11526111854968,151.66635714371213,157.52899169921875,8727600.0,1374850027.9541016,1.0
2025-03-10,153.74760515600403,155.61386592178405,149.1161182495412,151.43185424804688,10139900.0,1535503858.8897705,1.0
2025-03-11,151.30482945019503,152.6532252298266,147.40617218927792,149.5948944091797,8692900.0,1300413457.609558,1.0
2025-03-12,150.67948046348505,152.2916989465015,148.4419000031845,149.3017578125,7117400.0,1062640331.0546876,1.0
2025-03-13,149.1063496992814,152.06697905382916,146.97625132157393,148.46145629882812,5861700.0,870236518.3868408,1.0
2025-03-14,150.04436038464115,153.35674836465554,150.02481409449996,152.99522399902344,5309400.0,812312842.300415,1.0
2025-03-17,152.0376575264511,155.08622263251914,151.8813170314091,154.33384704589844,5781000.0,892203969.7723389,1.0
2025-03-18,154.33385217100482,156.07309923511582,152.35032866632258,152.71185302734375,6898400.0,1053467446.923828,1.0
2025-03-19,152.84864397167033,156.83523718574256,151.51001387696766,154.63674926757812,5871000.0,907872354.9499512,1.0
2025-03-20,154.38270531428034,155.47705896067396,152.93659300876732,154.33384704589844,5089300.0,785451247.7706909,1.0
2025-03-21,151.4318654326725,153.81600617050043,150.04437686922975,153.22975158691406,10949300.0,1677758519.050598,1.0
2025-03-24,156.33692984360027,157.31403565512278,155.16440585166356,156.41510009765625,6033400.0,943714864.9291992,1.0
2025-03-25,156.219697388591,157.773292204505,155.77022211061782,156.48350524902344,3978200.0,622522680.581665,1.0
2025-03-26,155.79950839293556,157.1283728053673,153.25904239615025,154.76377868652344,5960300.0,922438550.1052856,1.0
2025-03-27,154.58790429758406,155.60408769790206,152.18421763860752,154.3533935546875,6102000.0,941864407.4707032,1.0
2025-03-28,153.32742808608003,154.03094539857958,148.0901408205002,149.2235870361328,8918000.0,1330775949.1882324,1.0
2025-03-31,147.3573318213033,150.32774197411564,144.4944188185275,150.09323120117188,8613600.0,1292843056.274414,1.0
2025-04-01,148.9011575960362,149.8098737754814,146.81991739650684,149.54605102539062,5708900.0,853743450.6988525,1.0
2025-04-02,147.3377584323104,151.90085506290393,146.9273758372223,150.5524444580078,5377200.0,809550604.3395996,1.0
2025-04-03,143.63453601821774,144.0253723293174,135.3877616327483,136.2280731201172,16465000.0,2242995223.922729,1.0
2025-04-04,131.26439369447144,132.74959873151604,123.77976690910674,124.54190826416016,19018600.0,2368612736.5127563,1.0
2025-04-07,121.73761023157078,134.05891518738437,118.03438574317587,126.75016784667967,17938300.0,2273682535.884094,1.0
2025-04-08,128.1278908584023,132.1926397355886,118.95286035664364,121.80601501464844,14965900.0,1822936640.107727,1.0
2025-04-09,122.2945603295094,141.54354079280506,121.34676655087364,140.3026123046875,21242600.0,2980392272.1435547,1.0
2025-04-10,133.87324448006703,135.87631411539328,126.32998740217523,131.322998046875,14898800.0,1956555083.3007808,1.0
2025-04-11,130.93217580579557,137.4299233428251,128.10834067024263,136.06198120117188,10955300.0,1490599822.6531982,1.0
2025-04-14,139.48185115122237,139.8336098310641,133.69738667895382,136.00335693359375,6930300.0,942544064.5568848,1.0
2025-04-15,136.26716082254487,137.6155564842206,134.86989198691796,135.42684936523438,6346800.0,859527127.5512695,1.0
2025-04-16,130.61948911459314,134.16638774755774,128.7727598489691,132.63233947753906,10417200.0,1381657606.80542,1.0
2025-04-17,134.23478253825638,134.98714317396357,132.60301784849034,133.53126525878906,7135900.0,952865755.7601928,1.0
2025-04-21,131.6454704959763,133.4238103467949,130.30684021691016,133.023193359375,8128300.0,1081252422.5830078,1.0
2025-04-22,133.61921382155444,135.915418340952,133.36517168918633,135.56365966796875,8228000.0,1115417791.7480469,1.0
2025-04-23,139.31573733910167,140.58597777515752,136.5798383020853,137.24427795410156,9073500.0,1245285956.0165403,1.0
2025-04-24,139.511180525306,144.43580265705543,138.73927341718357,143.8397674560547,8810600.0,1267314655.1483154,1.0
2025-04-25,142.73561063495907,145.78417582285448,142.73561063495907,145.15882873535156,5145600.0,746929269.140625,1.0
2025-04-28,144.78753331925796,145.8819019766005,142.110272913246,144.2403564453125,5743500.0,828444487.2436523,1.0
2025-04-29,143.3023389998505,144.86569932101827,142.18843899360613,143.51730346679688,6692000.0,960417794.7998048,1.0
2025-04-30,141.8757524108726,145.4421973564299,140.58598056930722,145.06112670898438,10851900.0,1574188840.9332275,1.0
2025-05-01,135.61251246818557,135.7786335806843,131.7822593787903,132.11448669433594,22836600.0,3017045686.843872,1.0
2025-05-02,134.69404233210798,138.17253664207087,134.14685055270073,136.60916137695312,13185600.0,1801273758.2519531,1.0
2025-05-05,135.13373487411576,137.54718738844667,135.12395427408487,136.2476348876953,7165300.0,976255178.2608032,1.0
2025-05-06,134.66473080011323,137.5765019589297,134.31297210975978,136.6970977783203,6957900.0,951124736.6317748,1.0
2025-05-07,137.16611550245753,141.38720476022672,137.03908697879683,140.99636840820312,10196400.0,1437655370.8374023,1.0
2025-05-08,142.3056761818913,144.12309341386103,140.59574117528618,141.77804565429688,8489100.0,1203568007.3638916,1.0
2025-05-09,142.3252226519445,143.61499444851043,141.2894929749953,141.856201171875,6217100.0,881934188.3056641,1.0
2025-05-12,150.55246302426556,150.8260514547301,146.3997633860951,148.6373291015625,11414600.0,1696635656.7626953,1.0
2025-05-13,148.52985750614965,149.7805518234135,147.50390827314817,147.8751983642578,10160900.0,1502545103.0593872,1.0
2025-05-14,148.4516817694301,149.7610149143487,146.98602302271155,149.47764587402344,6971200.0,1042038564.9169922,1.0
2025-05-15,148.2367301129159,149.8782607295558,146.74174449564885,149.11611938476562,6941200.0,1035044807.8735352,1.0
2025-05-16,149.37016085437574,149.55581334434817,147.83611248096176,149.00863647460938,6668000.0,993589588.0126952,1.0
2025-05-19,147.10326021718186,150.29839990268383,146.67333134091257,150.18113708496094,7241100.0,1087476631.7459106,1.0
2025-05-20,149.5362599232415,150.36680578842595,148.45167192620627,150.2984161376953,5269500.0,791997503.8375854,1.0
2025-05-21,150.06388974599503,152.55551217240887,147.3768491685672,147.84585571289062,9684500.0,1431813189.6514893,1.0
2025-05-22,147.92406369824067,148.10971620738073,143.84953382670682,143.99609375,9539100.0,1373593137.890625,1.0
2025-05-23,140.13651700505832,143.1362390737286,138.52429834179668,142.05165100097656,8994600.0,1277697780.0933838,1.0
2025-05-27,144.1719730246475,145.93076655941468,143.07760431998557,145.2272491455078,9788800.0,1421600496.4355469,1.0
2025-05-28,145.41289549011788,146.0675546012894,143.98631443078546,144.2208251953125,7032300.0,1014204109.020996,1.0
2025-05-29,146.42906782495436,147.0544149065844,143.86905553913297,144.94386291503906,5980700.0,866865760.9359741,1.0
2025-05-30,144.61166223387625,144.63120852504082,140.19513972614112,141.87576293945312,13755600.0,1951586244.6899407,1.0
2025-06-02,141.4849352117653,143.83976397424664,141.17225417184713,143.27304077148438,6419500.0,919741285.232544,1.0
2025-06-03,143.35119441086772,146.35090137884262,142.17865555657502,145.53013610839844,6164100.0,897062311.9857788,1.0
2025-06-04,146.56586652465398,146.6147247953857,144.00585416038098,145.6376190185547,7143800.0,1040406022.744751,1.0
2025-06-05,146.2667157172111,147.52492279873024,144.4973573216337,145.04782104492188,5605500.0,813065560.8673096,1.0
2025-06-06,147.2496977575743,148.0262416176794,146.51246630852003,146.69923400878906,5794700.0,850078051.31073,1.0
2025-06-09,149.22545878848024,153.46207938924235,148.5963552769821,152.76417541503906,10589400.0,1617680959.1400146,1.0
2025-06-10,153.5309030941153,156.7943730480385,152.4299756396369,156.4208526611328,9068400.0,1418486860.2722168,1.0
2025-06-11,157.2760592291326,159.3796259213617,155.01521287791107,156.76490783691406,8859900.0,1388921406.944275,1.0
2025-06-12,156.2930645196803,156.89268002125718,155.2609375088989,155.9981689453125,5689400.0,887535982.3974609,1.0
2025-06-13,153.67835266416117,154.49422395169177,151.81070561975022,152.0859375,8446400.0,1284578662.5,1.0
2025-06-16,154.35660520423784,155.75242828555042,152.99027018105764,154.19932556152344,8686300.0,1339421601.625061,1.0
2025-06-17,153.98305582654444,154.89723054271263,151.7615373211319,151.83035278320312,7146900.0,1085116348.3062744,1.0
2025-06-18,152.3611517778182,153.44243046745868,150.54264170860768,151.0144805908203,6708700.0,1013110845.9396362,1.0
2025-06-20,151.6042667333135,152.47911409503624,148.06556487647384,148.7438201904297,15501900.0,2305811826.210022,1.0
2025-06-23,148.65535049040113,150.90637232792528,147.1317357748696,150.5328369140625,6860700.0,1032760634.2163086,1.0
2025-06-24,152.09577065440837,153.63904914276688,151.52564315546778,153.05909729003906,7692700.0,1177437717.7230835,1.0
2025-06-25,153.4424485880782,153.86512076275488,151.95814630255646,153.27532958984375,5280100.0,809309067.767334,1.0
2025-06-26,153.83562612253718,155.72293679649133,153.2556743266943,155.49685668945312,6278200.0,976240365.6677246,1.0
2025-06-27,155.94902448881192,158.357325959794,154.8874243697742,155.8408966064453,22100300.0,3444130567.271424,1.0
2025-06-30,155.69346128559317,157.13843621473808,155.1135094430148,156.54864501953125,7988200.0,1250541886.1450195,1.0
2025-07-01,155.52634518434894,158.8979430907933,155.29042572481168,156.68624877929688,8942300.0,1401135442.4591064,1.0
2025-07-02,156.96148002471716,160.01853363862676,156.0964720078796,159.55654907226562,8916400.0,1422670014.1479492,1.0
2025-07-03,160.26428156868857,161.16863201705146,159.33045806113185,159.44842529296875,4280800.0,682566818.9941406,1.0
2025-07-07,158.36714913769765,158.74068454655765,154.88742322020286,155.3985595703125,7187400.0,1116911607.055664,1.0
2025-07-08,156.7550763038832,159.07489867123164,155.90971692428133,156.73541259765625,6879100.0,1078198576.800537,1.0
2025-07-09,156.6862369792942,158.73082714427028,155.55582152704324,156.63710021972656,4190100.0,656325113.6306763,1.0
2025-07-10,156.28324223497012,157.56109807578758,155.10365992188912,156.38153076171875,5674400.0,887371358.1542969,1.0
2025-07-11,156.2930722329104,156.46017623352947,154.47456193374,154.779296875,5907700.0,914389652.1484376,1.0
2025-07-14,153.75699599145588,153.8356358160357,150.86704618395154,151.6632537841797,7382600.0,1119669137.387085,1.0
2025-07-15,153.6291915456465,154.04205433989475,151.49613710408505,151.67308044433594,6467300.0,980915313.1576538,1.0
2025-07-16,151.67307105516676,151.8696630884889,148.96004999868515,151.44699096679688,7106700.0,1076288330.7037354,1.0
2025-07-17,150.39521583322576,150.9161915247532,149.2156485127676,150.01185607910156,7018600.0,1052873213.0767822,1.0
2025-07-18,150.43452006502048,152.78383022517735,150.12980014869646,152.16456604003906,7433900.0,1131176167.4850464,1.0
2025-07-21,152.2825274674874,157.2072281847389,152.27270311440353,156.26358032226562,7662300.0,1197338431.503296,1.0
2025-07-22,156.25376497951302,156.33238980674273,153.5112554107145,155.30027770996094,6951600.0,1079585410.5285645,1.0
2025-07-23,155.89003463692143,157.31534568871885,154.2582921918791,157.1580810546875,7296200.0,1146656790.991211,1.0
2025-07-24,155.65412447021328,156.38151649805351,154.1206706028778,156.13577270507812,5014800.0,782989672.9614258,1.0
2025-07-25,156.194749918523,156.489645471978,154.73012650141413,155.70326232910156,4808200.0,748652425.9307861,1.0
2025-07-28,157.04012003603177,159.20267757829646,156.450343887333,158.30816650390625,9627300.0,1524080211.3830566,1.0
2025-07-29,159.28130552447817,160.8147595388145,158.3966337845642,159.3206329345703,9460900.0,1507316576.1306765,1.0
2025-07-30,160.22496027496135,160.4903677831155,155.31008419290734,156.35203552246094,14382500.0,2248733150.9017944,1.0
2025-07-31,150.50335892585215,154.13054042714128,143.10155561794252,144.26145935058594,24440100.0,3525764492.6742554,1.0
2025-08-01,143.96657116342527,146.63042586631352,143.30796450356883,145.6671142578125,12706700.0,1850948320.739746,1.0
2025-08-04,145.98164772692837,148.22283007780257,144.56617597822773,144.99867248535156,8150200.0,1181768180.4901123,1.0
2025-08-05,145.99149365861635,146.11927024645223,143.1900080942534,144.21231079101562,7794500.0,1124062856.4605713,1.0
2025-08-06,144.15332430652268,144.21231542474146,141.65657359972928,143.35711669921875,8475700.0,1215051914.0075684,1.0
2025-08-07,145.7949053714207,145.7949053714207,142.3446524293923,143.4160919189453,6753500.0,968560576.7745972,1.0
2025-08-08,143.8584294283195,145.4999962456295,143.2096621834392,145.04782104492188,5028700.0,729401977.6885986,1.0
2025-08-11,146.0406426001637,148.4882414153317,145.19528327068485,145.4508514404297,6215900.0,904107947.4685668,1.0
2025-08-12,146.2568776802886,151.27988169896034,146.04063692906297,151.11277770996094,9304100.0,1405968395.0912476,1.0
2025-08-13,151.3486972238657,154.43523884326737,151.0144892457358,153.92408752441406,7103300.0,1093368970.9121704,1.0
2025-08-14,152.262866003967,155.9490233313614,152.262866003967,155.3985595703125,6294800.0,978202852.7832032,1.0
2025-08-15,155.34939612399097,156.54862708424304,154.02238858532644,155.1626434326172,7583700.0,1176706938.999939,1.0
2025-08-18,155.09383568947536,157.03029815617356,154.56303564738604,156.19476318359375,4774400.0,745736277.34375,1.0
2025-08-19,156.36188705206513,156.71574375848175,153.39329746757596,153.5898895263672,6396500.0,982437728.3554076,1.0
2025-08-20,153.72750946589258,153.9732532955266,150.84739898210822,152.79368591308594,7151700.0,1092734603.5446167,1.0
2025-08-21,152.18423677375682,152.5577571727893,150.44436636587952,151.5059814453125,4997300.0,757120841.0766602,1.0
2025-08-22,152.19406163739723,157.16791406399608,151.92865411689536,155.31991577148438,7711500.0,1197749530.4718018,1.0
2025-08-25,154.92673148581991,155.3592430005009,152.75434955944948,153.75698852539062,4653000.0,715431267.6086426,1.0
2025-08-26,154.97588727749837,157.23673343636972,154.73014345586046,156.46017456054688,9173000.0,1435209181.2438965,1.0
2025-08-27,155.66395859622185,157.24654932231252,155.11349486523582,157.04995727539062,4549900.0,714561600.6072998,1.0
2025-08-28,157.18757633071317,158.47527151249554,156.32255330825876,158.0624237060547,8156300.0,1289204546.4736938,1.0
2025-08-29,156.81403927588596,158.84880522790286,156.68624769464472,157.9936065673828,9949100.0,1571894191.0995483,1.0
2025-09-02,155.13314971438666,156.234077113516,151.96796844287883,156.07679748535156,7520300.0,1173744340.1290894,1.0
2025-09-03,156.6862433554768,156.85336234124657,153.40310973537774,154.6023406982422,6336400.0,979622271.6003418,1.0
2025-09-04,154.41451173960985,158.0326787658043,152.70429118392013,157.8843994140625,7781200.0,1228530088.7207031,1.0
2025-09-05,158.25017099137924,161.62119583169348,157.33079372385262,158.01290893554688,7954200.0,1256866280.255127,1.0
2025-09-08,158.45775684860786,158.45775684860786,156.2038201880702,158.40834045410156,7019700.0,1111979027.4856567,1.0
2025-09-09,158.536834621616,159.75278557416033,155.76885298420274,156.8463897705078,6126000.0,960840983.7341309,1.0
2025-09-10,156.80684225209333,157.39010954635285,154.8198235831787,157.13307189941406,8256900.0,1297432061.366272,1.0
2025-09-11,157.37034548259723,160.21742982488556,156.15440949656576,159.663818359375,8360200.0,1334821454.2480469,1.0
2025-09-12,159.48587894910568,160.47444819933182,157.75588276120996,159.98016357421875,5430600.0,868788276.3061523,1.0
2025-09-15,159.55507145557277,160.82043889310032,158.37868671496693,159.37713623046875,5604800.0,893276973.1445312,1.0
2025-09-16,159.9702754647985,163.11391828580977,159.65392607974712,162.2637481689453,7997500.0,1297704325.98114,1.0
2025-09-17,162.79758441911395,164.46826894279505,161.36416195683793,163.37095642089844,6057800.0,989668579.8065186,1.0
2025-09-18,164.97243363625896,166.92979643709836,164.3298546028594,166.20814514160156,10421200.0,1732088322.1496582,1.0
2025-09-19,167.23625227572842,167.64156927408897,164.38916810979754,164.94277954101562,19444400.0,3207213382.507324,1.0
2025-09-22,164.94277944360869,168.27425286888047,164.02340223041597,167.77996826171875,6196600.0,1039665351.3305664,1.0
2025-09-23,167.87884136387734,168.89706650942475,166.37621184366006,167.59214782714844,5468400.0,916460901.1779784,1.0
2025-09-24,167.1176310986019,172.44601863696337,166.74196996476516,171.56619262695312,9213700.0,1580759429.006958,1.0
2025-09-25,169.2529422599217,170.00424943438102,166.02031669708597,167.74041748046875,8093700.0,1357640616.96167,1.0
2025-09-26,167.74042393573424,168.9761355043946,166.2081536580912,167.2659149169922,4846000.0,810570623.6877441,1.0
2025-09-29,167.2659057935398,167.8985894788096,162.8766561275689,163.41049194335938,7523100.0,1229353471.939087,1.0
2025-09-30,163.74660298702673,164.93288301958833,162.99529581942383,164.4583740234375,5593300.0,919865023.425293,1.0
2025-10-01,163.9047836121014,164.8636969851801,162.60976031643438,164.58689880371094,6153000.0,1012703188.3392334,1.0
2025-10-02,165.83248967941995,167.6020219783699,165.2689979732459,166.919921875,5499500.0,917976110.3515624,1.0
2025-10-03,166.91992494606083,169.78676975534347,166.81118172450212,167.2461395263672,5137900.0,859293940.272522,1.0
2025-10-06,168.5905864738898,168.92671146948527,165.80282914493975,166.69253540039062,8265800.0,1377847159.1125488,1.0
2025-10-07,167.95789907643422,170.01412479844296,163.25231516999435,163.56866455078125,7147500.0,1169107029.876709,1.0
2025-10-08,164.3397698045535,166.62336252883304,162.0166258600778,165.85227966308594,7302200.0,1211086516.555786,1.0
2025-10-09,165.45683293411014,165.69409498790844,161.36415678340123,163.76638793945312,6928400.0,1134639042.199707,1.0
2025-10-10,162.93599435074972,163.20289719295062,151.5971036150923,151.8343505859375,15818600.0,2401806858.178711,1.0
2025-10-13,154.16737951978217,160.5337682336089,153.9993245486868,159.9307403564453,10311000.0,1649045863.8153076,1.0
2025-10-14,157.4790933160903,162.3922839690867,157.43954209663966,159.89120483398438,8675200.0,1387088180.1757812,1.0
2025-10-15,162.36263450744391,162.36263450744391,158.47754914120802,161.10714721679688,7334100.0,1181575928.40271,1.0
2025-10-16,162.6097542508809,163.3017496787415,160.35581766620993,162.20443725585938,5686700.0,922407973.3428956,1.0
2025-10-17,160.99839751095175,161.9177597235059,159.82199762526767,161.58164978027344,4833100.0,780940271.5530396,1.0
2025-10-20,161.47289678755672,165.73362781814745,160.2075293612587,165.13059997558594,8194100.0,1353096649.2599487,1.0
2025-10-21,164.89336721062526,167.30547878858954,164.30021957905768,166.90016174316406,6176100.0,1030792088.9419556,1.0
2025-10-22,165.57547664587236,167.83929369424402,164.1222785755083,167.3351287841797,10083800.0,1687373971.6339111,1.0
2025-10-23,166.40586109901432,169.29248145441937,165.96100796024157,168.08642578125,6546400.0,1100360977.734375,1.0
2025-10-24,169.72746138258532,170.4491127303254,166.5442671076287,167.00889587402344,6256000.0,1044807652.5878906,1.0
2025-10-27,167.0187840386185,203.59584897530524,166.8902802840509,185.53468322753903,81799300.0,15176607213.734436,1.0
2025-10-28,181.827538202508,183.78491621367647,177.35921597239158,178.960693359375,20323100.0,3637036067.211914,1.0
2025-10-29,179.91960777900198,181.3925814269066,176.1630415227862,176.62767028808594,11614600.0,2051459739.328003,1.0
2025-10-30,176.6375464327639,177.8238416008188,175.16458790356617,175.23377990722656,7862900.0,1377845688.0325315,1.0
2025-10-31,176.47938405715502,180.06788012286088,174.8086996364933,178.83216857910156,9452800.0,1690464723.1445312,1.0
2025-11-03,180.8587564879953,181.35304115458425,177.04287825855437,178.6542510986328,8535100.0,1524831898.551941,1.0
2025-11-04,175.45126425285122,177.29000364012416,170.3205874907331,170.8643035888672,12323600.0,2105663331.707764,1.0
2025-11-05,172.76236945256633,181.3332636726266,172.32741162132922,177.66567993164062,18845500.0,3348198571.1517334,1.0
2025-11-06,175.7676243945084,176.4695001496126,168.11609258920316,171.22019958496094,16184700.0,2771147564.2227173,1.0
2025-11-07,170.75556354414215,172.25819303845984,166.32677749624602,168.9365997314453,10614700.0,1793211325.1693726,1.0
2025-11-10,171.77379502448213,172.80191553706703,167.56249526414592,169.6088409423828,10129300.0,1718018832.5576782,1.0
2025-11-11,169.04533986414432,173.96841045059946,169.04533986414432,171.99127197265625,8419100.0,1448011717.8649902,1.0
2025-11-12,172.9996191132594,175.39195489315838,172.8809956300086,174.65052795410156,8785800.0,1534444608.4991455,1.0
2025-11-13,174.61099798441532,176.7858473988741,171.05214251757715,172.50534057617188,9526100.0,1643303124.862671,1.0
2025-11-14,169.81642266379262,173.68173200842023,169.44076152598515,171.99127197265625,7949900.0,1367313413.05542,1.0
2025-11-17,170.82476465949003,172.84143923620402,163.2819766650546,164.8439178466797,10211100.0,1683237729.524231,1.0
2025-11-18,163.00519331803233,164.88346897784146,159.5452007246372,163.17324829101562,11073200.0,1806850012.9760745,1.0
2025-11-19,162.80747611709694,165.59523362536578,162.23410412816332,164.21124267578125,8176500.0,1342673225.7385254,1.0
2025-11-20,165.21959886996123,166.949595217566,157.03424592918665,157.76577758789062,12075400.0,1905084870.6848145,1.0
2025-11-21,158.9125102118486,163.38084753754097,157.28137694948742,161.43336486816406,10815000.0,1745901841.0491943,1.0
2025-11-24,162.49113305196127,165.03176342532362,161.84856903265043,163.17324829101562,12070100.0,1969517424.197388,1.0
2025-11-25,162.11548007821798,163.0842737395562,160.0197029676637,161.43336486816406,7758100.0,1252416187.9837036,1.0
2025-11-26,162.24397451440873,164.34963176644462,161.28506117043543,163.2523193359375,7967700.0,1300745504.7729492,1.0
2025-11-28,163.1435899818782,166.26747258265223,162.25388364775526,166.16860961914062,5068800.0,842275448.4375,1.0
2025-12-01,164.01352888465104,167.09786013639985,163.60821186943875,166.11917114257812,6818300.0,1132650344.6014404,1.0
2025-12-02,166.82107214672035,169.21340808234442,165.72375960211377,168.748779296875,9159100.0,1545586944.4580078,1.0
2025-12-03,168.946485194475,173.08859292246373,168.40278415386396,173.06883239746094,7624300.0,1319528698.8479614,1.0
2025-12-04,173.2178705363803,173.81403376343962,172.12488187793554,173.2377471923828,7245000.0,1255107478.4088137,1.0
2025-12-05,173.62524815151616,176.11923009845722,173.38677377817086,173.69479370117188,8400100.0,1459053636.569214,1.0
2025-12-08,173.62524882236175,174.38039493203829,172.61175168353495,174.1916046142578,6690200.0,1165376673.1903076,1.0
2025-12-09,173.3867817358537,175.22498577298987,171.22069626730675,174.87721252441406,7719100.0,1349894691.1972046,1.0
2025-12-10,174.6884267932286,182.26975645543368,174.1320017100294,181.047607421875,11100100.0,2009646547.1435547,1.0
2025-12-11,180.2129546428905,180.48123643710323,176.95388044563842,180.1136016845703,6319200.0,1138173871.7651367,1.0
2025-12-12,180.093711168888,181.94184585961688,176.7352691103243,177.152587890625,8865800.0,1570599413.7207031,1.0
2025-12-15,178.5734814128785,179.15971388206592,175.2647232555021,178.1164093017578,6954700.0,1238746191.770935,1.0
2025-12-16,178.04686703829697,178.04686703829697,173.69480422021527,174.99644470214844,7136000.0,1248774629.3945312,1.0
2025-12-17,174.99643911907916,176.34776361720296,170.95241153311883,171.2405548095703,8501900.0,1455870072.9354858,1.0
2025-12-18,174.58907334893905,175.95032864950844,172.42297266800423,173.07876586914062,8967500.0,1552083832.9315186,1.0
2025-12-19,173.3271583651701,176.0596146758396,173.08868399266413,174.13198852539062,25223500.0,4392218212.57019,1.0
2025-12-22,176.42725514536394,177.18241643549993,172.79060044381805,173.1085662841797,6422100.0,1111720523.5336304,1.0
2025-12-23,172.50245087983245,174.1518645033371,172.40308276797978,173.6351776123047,4690400.0,814418437.0727539,1.0
2025-12-24,173.9233264344238,174.37046779059963,173.30728657330428,173.65505981445312,1645300.0,285714669.9127197,1.0
2025-12-26,173.8835840182229,174.38039425827498,173.23773677073336,173.69479370117188,2442800.0,424301642.05322266,1.0
2025-12-29,172.8998948393306,174.07237489356547,171.68767663680006,172.32359313964844,3978400.0,685572182.9467773,1.0
2025-12-30,172.9495785879288,173.2874059128995,172.23417062831717,172.5421905517578,3429300.0,591698934.0591431,1.0
2025-12-31,172.50245201183196,172.67136567393374,169.91903270116217,169.9587860107422,4682600.0,795849011.3739014,1.0
2026-01-02,172.05576586048286,172.92692400807817,170.47181723742187,171.24398803710938,6532200.0,1118599978.656006,1.0
2026-01-05,174.34065811947426,177.7090309793917,172.89989627756148,175.1852264404297,8972200.0,1571796888.6688232,1.0
2026-01-06,175.4315550017125,182.5988858345837,174.84746466847477,180.61895751953125,11033900.0,1992931515.374756,1.0
2026-01-07,180.55955562067209,182.2227032006947,175.33254626457884,178.3816375732422,9853000.0,1757594275.0091553,1.0
2026-01-08,177.65935540251527,183.134199114193,175.07593593658004,180.7097625732422,8353500.0,1509559001.6555786,1.0
2026-01-09,176.98368611022113,178.2952725033098,173.68487379434467,176.64585876464844,9662200.0,1706787616.555786,1.0
2026-01-12,174.11489135563912,174.11489135563912,167.54153031269132,167.57122802734375,13657600.0,2288620803.90625,1.0
2026-01-13,165.30420634891513,166.66046748009944,163.31438388383168,163.63116455078125,9993300.0,1635215316.7053225,1.0
2026-01-14,162.64574233941798,163.68904689842998,161.31429450596625,163.4903106689453,7959900.0,1301366523.8937378,1.0
2026-01-15,164.7795255012892,164.82902672864478,159.41392175919734,159.7703094482422,9241600.0,1476533291.796875,1.0
2026-01-16,160.36041829525965,160.66843823673435,158.19433279621413,158.40298461914062,11990800.0,1899378507.971192,1.0
2026-01-20,153.96148812678467,156.7138210619579,152.2723363673962,153.0871124267578,11971400.0,1832667057.7056885,1.0
2026-01-21,155.33269837350423,156.52503997030064,153.63360060602096,155.3724365234375,9181900.0,1426614174.9145508,1.0
2026-01-22,156.87961325036346,157.82997033395156,155.23626920732775,156.21633911132812,7450300.0,1163858591.281128,1.0
2026-01-23,155.46396798682906,156.39453673177326,153.29595912408269,154.2562255859375,7106700.0,1096252718.371582,1.0
2026-01-26,153.24644227338678,154.6323859401253,152.7514602344583,152.96925354003906,8004200.0,1224396499.185181,1.0
2026-01-27,155.3326948681393,155.74008291263047,151.6861094458511,152.0636749267578,8354600.0,1270431178.5430908,1.0
2026-01-28,150.47453915608202,152.4544673028726,148.8905905963884,151.16751098632812,8539000.0,1290819376.312256,1.0
2026-01-29,152.11336162590607,152.25246789211823,148.77479607536804,151.24891662597656,9142900.0,1382853719.819641,1.0
2026-01-30,148.45503322933445,151.5338223949947,148.32633305372875,150.06866455078125,9577200.0,1437237614.1357422,1.0
2026-02-02,150.00689447457344,152.65985950297514,149.85785745781627,151.6463623046875,9099100.0,1379845415.246582,1.0
2026-02-03,149.75848342053223,149.75848342053223,143.37944161083925,146.24105834960938,11966400.0,1749979000.6347656,1.0
2026-02-04,147.21756566860898,151.92978927331004,146.68297660375467,147.395751953125,19249300.0,2837265048.071289,1.0
2026-02-05,132.07203872176157,138.4411499430295,131.88324839566826,135.43048095703125,30229600.0,4094009267.138672,1.0
2026-02-06,135.99683381913616,138.26228736014335,134.41698085317375,136.46383666992188,15036800.0,2051979419.2382808,1.0
2026-02-09,136.22537377801996,139.04725230051432,135.62919542585564,138.04368591308594,11022700.0,1521614136.7141724,1.0
2026-02-10,137.2686629102042,139.51425489281263,135.9173384542661,139.1962890625,9762900.0,1358959450.4882812,1.0
2026-02-11,138.6246686963437,140.9609845257024,137.7139035568517,139.62452697753906,9379300.0,1309580325.880432,1.0
2026-02-12,139.9613919232626,140.59730847172986,135.86768009009486,137.58663940429688,12416600.0,1708358266.8273926,1.0
2026-02-13,136.24523553933992,140.5774214441114,135.86767006624217,139.80239868164062,13134400.0,1836220625.2441409,1.0
2026-02-17,140.1004865524103,142.58453773241757,139.11679682700716,141.7200927734375,10670700.0,1512252593.9575195,1.0
2026-02-18,142.58453825813112,143.55828207907953,139.82227454869408,142.32620239257812,9944500.0,1415362919.6929932,1.0
2026-02-19,140.45611259734295,140.89169922214117,138.4959727857509,139.85223388671875,8219400.0,1149501451.208496,1.0
2026-02-20,138.90186045178189,142.62413513533804,138.69397644995124,141.44607543945312,10265100.0,1451958108.9935305,1.0
2026-02-23,141.06431262109078,143.14097596017754,138.74917488862957,139.51426696777344,8260100.0,1152401796.5805054,1.0
2026-02-24,141.65054540875474,145.43623733793012,141.15373512594545,143.85638427734375,11085700.0,1594748719.1833496,1.0
2026-02-25,144.13877407979805,144.5644513775472,142.57462904253654,144.3565673828125,7358300.0,1062218929.7729492,1.0
2026-02-26,144.4555657117881,145.46533336567876,143.06962195598052,144.12887573242188,8642100.0,1245576156.967163,1.0
2026-02-27,141.4262717221232,142.46573704672437,139.93143137135803,140.93128967285156,12439900.0,1753171150.4013062,1.0
2026-03-02,136.95071230248513,141.10403862304267,136.01670662733133,140.1302947998047,8963900.0,1256113949.5559692,1.0
2026-03-03,136.8823382641599,137.8029976125073,134.93210780823446,136.74374389648438,10372400.0,1418360809.1918943,1.0
2026-03-04,137.33823130050143,138.99757577143515,136.5433318417177,138.6199951171875,9309800.0,1290524430.5419922,1.0
2026-03-05,137.58999633789062,139.66000366210938,135.8000030517578,137.0,8981000.0,1230397000.0,1.0
2026-03-06,133.6762630526933,136.67518101478723,132.9290229941276,135.190673828125,9197000.0,1243348627.1972656,1.0
2026-03-09,133.49000549316406,138.5800018310547,132.4600067138672,138.11000061035156,12304600.0,1699388313.5101318,1.0
2026-03-10,134.20432404516637,136.24678343703553,131.67367749900723,134.70248413085938,10447300.0,1407277262.4603271,1.0
2026-03-11,136.4499969482422,138.1999969482422,133.9600067138672,134.1199951171875,7830500.0,1050226621.7651368,1.0
2026-03-12,133.47000122070312,134.8699951171875,130.61000061035156,131.14999389648438,9162800.0,1201701164.074707,1.0
2026-03-13,131.14999389648438,133.4199981689453,129.22000122070312,129.82000732421875,7786700.0,1010869451.031494,1.0
2026-03-16,130.58768990006544,131.38473386126418,128.46552310690814,128.9138641357422,10132900.0,1306271293.901062,1.0
2026-03-17,133.02866437059464,133.55671280881992,130.69726377624784,131.1057586669922,10544300.0,1382418451.1123655,1.0
2026-03-18,130.24892117343006,132.25153428500968,129.45186206050795,129.98988342285156,9894300.0,1286158903.5507202,1.0
2026-03-19,128.66478104638517,132.19174761924128,128.42565874211203,130.79690551757812,9846700.0,1287917889.5599363,1.0
2026-03-20,130.8267968760809,132.26150032902132,129.3024282579914,129.42198181152344,78568000.0,10168426266.967772,1.0
2026-03-23,132.66001757868565,133.4770073723921,126.94114983329418,127.87769317626952,11431600.0,1461846637.3138428,1.0
2026-03-24,128.33999633789062,129.17999267578125,127.30999755859376,128.6699981689453,8409200.0,1082011748.602295,1.0
2026-03-25,129.68102755957008,131.44450318652213,129.47179364990146,129.87033081054688,6669400.0,866157184.3078613,1.0
2026-03-26,128.31605595510322,131.85299526698057,127.83782657515228,130.0596160888672,11912500.0,1549335176.6586304,1.0
2026-03-27,129.88999938964844,130.0399932861328,126.68000030517578,127.11000061035156,8964900.0,1139528444.4717407,1.0
2026-03-30,126.98100065564876,128.1267779549537,125.87508467600334,126.60240173339844,11555900.0,1463004694.190979,1.0
2026-03-31,128.39999389648438,129.2899932861328,125.77999877929688,128.77999877929688,12219800.0,1573665829.083252,1.0
2026-04-01,128.0,130.22999572753906,126.9800033569336,127.27999877929688,10210700.0,1299617883.5357666,1.0
2026-04-02,125.2300033569336,127.0,124.01000213623048,126.8000030517578,8575300.0,1087348066.1697388,1.0
2026-04-06,126.09427391985956,126.96107517424296,123.25476305387186,125.267333984375,8038600.0,1006973990.9667968,1.0
2026-04-07,124.60976162341748,124.94851442918863,121.54109371821322,123.61344146728516,8840400.0,1092792267.9473877,1.0
2026-04-08,128.17657582759284,128.41569812648962,125.1577347175428,127.04077911376952,12535800.0,1592557798.814392,1.0
2026-04-09,126.79170485037022,128.1168048773927,126.33339849196342,127.27989959716795,9352700.0,1190410716.9624329,1.0
2026-04-10,128.32603511186727,130.12937210529233,127.37952643253708,127.58875274658205,8427400.0,1075241454.8965454,1.0
2026-04-13,127.52898198976972,130.82679932598913,125.99464801304696,130.75706481933594,8615000.0,1126472113.418579,1.0
2026-04-14,131.7135214802458,132.45080386806254,130.56775938279245,132.35116577148438,7608300.0,1006967374.5391846,1.0
2026-04-15,132.94895852369507,133.84564054577325,131.7932235421341,132.56039428710938,9691500.0,1284709061.2335205,1.0
2026-04-16,131.30502799970446,135.20064349774574,131.30502799970446,133.9751739501953,8163700.0,1093733127.5772097,1.0
2026-04-17,136.1869938147911,136.4659622202573,133.91538525448738,135.69879150390625,9667600.0,1311881636.743164,1.0
2026-04-20,135.90803059694986,137.99033598960378,135.57924313453526,137.01394653320312,7953800.0,1089781527.935791,1.0
2026-04-21,137.61173438050054,137.75121859352407,134.55303942254233,135.0611572265625,11874600.0,1603797217.602539,1.0
2026-04-22,136.13718474148408,136.98406295037304,135.05119942618995,135.5692901611328,9432700.0,1278784443.3029177,1.0
2026-04-23,135.49953631278615,136.48589870448353,131.5640748795234,133.4570770263672,10164900.0,1356577842.2653198,1.0
2026-04-24,145.0741785730414,150.98234980288177,143.0516498718786,148.30226135253906,29449600.0,4367442275.927734,1.0
2026-04-27,155.7348017760628,160.40754575885163,146.5088825674789,149.70706176757812,41744000.0,6249371586.425781,1.0
2026-04-28,144.54612029355485,150.9424934387207,143.4700927734375,149.44801330566406,22921300.0,3425542747.3831177,1.0
2026-04-29,150.8926743937579,156.7111800631586,150.4443333943685,155.42593383789062,37571200.0,5839538845.410156,1.0
2026-04-30,171.41688468804875,186.2022720516165,162.95812114949305,178.91917419433594,61132700.0,10937812200.27008,1.0
2026-05-01,178.4708364115493,179.3276723634285,170.5201905315637,176.35862731933594,21111500.0,3723195160.6521606,1.0
2026-05-04,176.5678576871772,179.82582882496823,166.2160919668021,167.76039123535156,23117400.0,3878184068.344116,1.0
2026-05-05,167.0330655994258,186.5310580609455,164.18358938734664,185.863525390625,34274900.0,6370453746.411133,1.0
2026-05-06,194.4617548348847,196.7732248237517,187.52737527356075,191.8613739013672,30145000.0,5783661116.256714,1.0
2026-05-07,189.96835392837485,222.83695989579832,186.94950520526325,201.8046417236328,51092200.0,10310643115.872192,1.0
2026-05-08,212.2161819220433,227.21080251152287,207.86226793712547,218.2837677001953,37850000.0,8262040607.452393,1.0
2026-05-11,231.15622304747632,246.9877489735269,230.34920619149904,236.65591430664065,45474000.0,10761691047.180176,1.0
2026-05-12,228.994218230748,229.15363310240912,201.2566690725506,209.5360870361328,38590100.0,8086018552.333069,1.0
2026-05-13,215.83283340142145,218.68230956515,206.3877076767433,212.38555908203125,26226300.0,5570087388.153076,1.0
2026-05-14,207.74270619489104,208.7589569908904,198.92528210818503,199.3437347412109,24883900.0,4960449560.926819,1.0
2026-05-15,200.9079500833808,206.6367908864827,198.4271226652916,200.74855041503903,25876800.0,5194730089.379883,1.0
2026-05-18,206.00911178467027,210.024280580248,192.8676472044829,202.890625,21082500.0,4277441601.5625,1.0
2026-05-19,196.1355826656543,200.7585074905825,190.3170767175382,194.8901824951172,19605200.0,3820861005.853272,1.0
2026-05-20,196.2750672766365,202.8408133404551,193.28610686125623,201.7647857666016,19037500.0,3841097109.031677,1.0
2026-05-21,202.0337918694362,213.2224625133376,196.8728609667636,212.6246795654297,28163700.0,5988297687.876892,1.0
2026-05-22,213.64091281615708,242.10578551304343,213.38187506180896,237.2835998535156,30375700.0,7207655444.070435,1.0
2026-05-26,239.8341890858605,257.0506001593949,234.93229574434687,247.9043884277344,30646400.0,7597377049.511719,1.0
2026-05-27,244.5268368634224,247.35639752477528,223.35503456372533,232.5411071777344,25694700.0,5975073986.599731,1.0
2026-05-28,235.1315473983008,248.54202285009364,230.66803753493625,242.39471435546875,21118400.0,5118988535.644531,1.0
2026-05-29,249.26933542786009,258.9635412258548,246.59918957761496,250.0962829589844,28781800.0,7198221196.8688965,1.0
2026-06-01,232.47137988104703,237.1441237658589,225.97536831736144,228.14735412597656,21185200.0,4833347326.629639,1.0
2026-06-02,231.1462690917016,244.2877339780873,225.2181673861275,239.9537353515625,18508500.0,4441183710.754395,1.0
2026-06-03,234.15516695256625,254.1513045467482,232.16252664369185,249.08999633789065,19467000.0,4849034958.709717,1.0
2026-06-04,239.4499969482422,246.6999969482422,235.32000732421875,242.57000732421875,14185600.0,3441001095.898437,1.0
2026-06-05,237.6499938964844,238.44000244140625,215.0,215.94000244140625,24189200.0,5223415907.055664,1.0
2026-06-08,221.02999877929688,221.92999267578125,214.6300048828125,217.7700042724609,17180600.0,3741419335.4034414,1.0
2026-06-09,216.4600067138672,219.63999938964844,192.6699981689453,205.4199981689453,29906300.0,6143352091.239929,1.0
2026-06-10,199.4600067138672,204.8999938964844,190.1000061035156,191.1999969482422,18426600.0,3523165863.7664795,1.0
2026-06-11,190.9199981689453,203.83999633789065,190.75,202.9600067138672,18933100.0,3842662103.114319,1.0
2026-06-12,201.8500061035156,215.009994506836,200.1000061035156,211.72000122070312,14123700.0,2990269781.2408447,1.0
2026-06-15,219.7700042724609,226.4600067138672,216.27999877929688,220.80999755859372,13993800.0,3089970943.835449,1.0
2026-06-16,225.8300018310547,231.19000244140625,213.8000030517578,214.07000732421875,19629600.0,4202108615.771485,1.0
2026-06-17,219.0399932861328,221.32000732421875,212.67999267578125,212.97000122070312,11919900.0,2538581117.550659,1.0
2026-06-18,220.72000122070312,229.4199981689453,214.72999572753903,229.03500366210935,13048802.0,2988632413.85614,1.0
