date,open,high,low,close,volume,amount,factor
2021-04-05,255.17999267578125,260.42999267578125,255.17999267578125,260.1099853515625,1094100.0,284586334.97314453,1.0
2021-04-06,260.5400085449219,261.5,256.67999267578125,257.3599853515625,729800.0,187821317.3095703,1.0
2021-04-07,257.6199951171875,257.6600036621094,254.6000061035156,257.0,582200.0,149625400.0,1.0
2021-04-08,261.20001220703125,263.3299865722656,258.8399963378906,261.010009765625,1080400.0,281995214.55078125,1.0
2021-04-09,259.8500061035156,262.5799865722656,258.3399963378906,261.8500061035156,579700.0,151794448.538208,1.0
2021-04-12,259.6600036621094,260.3299865722656,257.0299987792969,258.04998779296875,880900.0,227316234.24682617,1.0
2021-04-13,261.1000061035156,263.70001220703125,259.54998779296875,261.92999267578125,704500.0,184529679.8400879,1.0
2021-04-14,262.1000061035156,264.3099975585937,257.6300048828125,258.5899963378906,713600.0,184529821.38671875,1.0
2021-04-15,262.32000732421875,263.8500061035156,260.0899963378906,262.1300048828125,904800.0,237175228.41796875,1.0
2021-04-16,261.8900146484375,262.0199890136719,257.7099914550781,260.7699890136719,639500.0,166762407.97424316,1.0
2021-04-19,258.6199951171875,258.8599853515625,247.3999938964844,250.63999938964844,1121600.0,281117823.3154297,1.0
2021-04-20,249.58999633789065,252.2899932861328,247.6699981689453,250.1699981689453,621200.0,155405602.86254883,1.0
2021-04-21,250.07000732421875,253.4600067138672,250.0,252.5599975585937,729700.0,184293030.21850583,1.0
2021-04-22,250.72000122070312,251.8699951171875,246.4199981689453,248.2100067138672,624200.0,154932686.1907959,1.0
2021-04-23,249.1100006103516,252.3099975585937,248.509994506836,251.4499969482422,658900.0,165680402.98919678,1.0
2021-04-26,252.63999938964844,256.94000244140625,249.9199981689453,256.8800048828125,803200.0,206326019.921875,1.0
2021-04-27,254.72999572753903,256.8599853515625,249.02999877929688,251.6999969482422,1049200.0,264083636.7980957,1.0
2021-04-28,250.1000061035156,252.58999633789065,247.4100036621093,251.3699951171875,720900.0,181212629.47998047,1.0
2021-04-29,254.38999938964844,254.94000244140625,249.5800018310547,252.509994506836,551400.0,139234010.97106934,1.0
2021-04-30,250.3800048828125,252.47000122070312,246.0,247.0599975585937,718900.0,177611432.24487305,1.0
2021-05-03,248.9100036621093,249.8300018310547,243.97999572753903,244.8099975585937,480200.0,117557760.82763672,1.0
2021-05-04,241.22000122070312,242.3300018310547,234.5599975585937,237.07000732421875,1243700.0,294843968.10913086,1.0
2021-05-05,240.69000244140625,241.82000732421875,236.58999633789065,237.4600067138672,914400.0,217133430.13916016,1.0
2021-05-06,235.7899932861328,239.0800018310547,232.75,237.4600067138672,847500.0,201247355.69000244,1.0
2021-05-07,240.22999572753903,245.22000122070312,239.6199951171875,241.83999633789065,617700.0,149384565.73791504,1.0
2021-05-10,239.8800048828125,239.8800048828125,230.7100067138672,232.38999938964844,1006100.0,233807578.3859253,1.0
2021-05-11,228.27999877929688,236.3999938964844,225.0200042724609,234.82000732421875,1286900.0,302189867.4255371,1.0
2021-05-12,231.5200042724609,235.19000244140625,227.8000030517578,228.5399932861328,1567600.0,358259293.4753418,1.0
2021-05-13,229.4199981689453,233.58999633789065,228.6000061035156,230.8600006103516,775400.0,179008844.4732666,1.0
2021-05-14,234.8699951171875,240.759994506836,232.83999633789065,239.6999969482422,858300.0,205734507.38067627,1.0
2021-05-17,236.5,238.8999938964844,233.5,236.0,1265200.0,298587200.0,1.0
2021-05-18,237.3300018310547,239.97000122070312,234.6300048828125,235.02999877929688,999200.0,234841974.78027344,1.0
2021-05-19,229.72999572753903,237.7400054931641,229.0399932861328,237.3600006103516,992300.0,235532328.60565183,1.0
2021-05-20,238.5,246.3800048828125,238.5,244.7100067138672,1616600.0,395598196.8536377,1.0
2021-05-21,247.009994506836,248.2899932861328,240.759994506836,242.0,1106700.0,267821400.0,1.0
2021-05-24,245.0,249.5800018310547,244.0,248.5800018310547,959400.0,238487653.75671387,1.0
2021-05-25,249.77999877929688,256.0599975585937,249.0500030517578,255.8300018310547,1181600.0,302288730.1635742,1.0
2021-05-26,257.989990234375,259.1300048828125,253.25,254.27999877929688,1038800.0,264146062.7319336,1.0
2021-05-27,253.8699951171875,256.1700134277344,251.75,254.6199951171875,1219500.0,310509084.04541016,1.0
2021-05-28,256.8599853515625,257.5299987792969,253.5599975585937,254.33999633789065,807200.0,205303245.0439453,1.0
2021-06-01,253.9199981689453,255.8099975585937,250.8099975585937,253.82000732421875,866900.0,220036564.34936523,1.0
2021-06-02,255.3600006103516,256.8500061035156,252.2400054931641,253.0500030517578,672600.0,170201432.0526123,1.0
2021-06-03,249.509994506836,252.6000061035156,247.8699951171875,250.58999633789065,662700.0,166065990.57312012,1.0
2021-06-04,251.9499969482422,256.25,251.8600006103516,255.8800048828125,454900.0,116399814.2211914,1.0
2021-06-07,255.1100006103516,255.25,250.759994506836,252.58999633789065,470000.0,118717298.2788086,1.0
2021-06-08,256.29998779296875,256.9100036621094,254.4499969482422,254.9900054931641,595600.0,151872047.27172852,1.0
2021-06-09,256.5299987792969,258.57000732421875,255.1199951171875,256.0599975585937,467600.0,119733654.85839844,1.0
2021-06-10,256.3699951171875,262.4200134277344,255.3000030517578,262.07000732421875,790600.0,207192547.7905273,1.0
2021-06-11,261.6199951171875,264.0,260.8599853515625,263.07000732421875,492900.0,129667206.61010742,1.0
2021-06-14,263.1400146484375,266.5,261.95001220703125,266.489990234375,528000.0,140706714.84375,1.0
2021-06-15,266.489990234375,267.2200012207031,263.7300109863281,264.0899963378906,660300.0,174378624.58190918,1.0
2021-06-16,264.3999938964844,266.4200134277344,258.17999267578125,261.4100036621094,861600.0,225230859.15527344,1.0
2021-06-17,261.29998779296875,266.6199951171875,257.67999267578125,265.1400146484375,861700.0,228471150.6225586,1.0
2021-06-18,266.32000732421875,268.510009765625,263.3599853515625,265.8599853515625,1376700.0,366009441.8334961,1.0
2021-06-21,265.2900085449219,267.3900146484375,262.5799865722656,264.79998779296875,862000.0,228257589.47753903,1.0
2021-06-22,265.1300048828125,268.9100036621094,264.32000732421875,268.4599914550781,499300.0,134042073.73352052,1.0
2021-06-23,268.6099853515625,270.5799865722656,267.510009765625,268.8599853515625,543200.0,146044744.04296875,1.0
2021-06-24,272.20001220703125,274.3099975585937,271.5199890136719,273.79998779296875,802400.0,219697110.20507807,1.0
2021-06-25,273.45001220703125,275.2900085449219,267.5400085449219,268.9700012207031,2959100.0,795909130.6121826,1.0
2021-06-28,270.95001220703125,274.7900085449219,270.19000244140625,274.0299987792969,960800.0,263288022.82714844,1.0
2021-06-29,271.5799865722656,276.2799987792969,270.67999267578125,276.17999267578125,474200.0,130964552.52685548,1.0
2021-06-30,276.239990234375,277.5299987792969,274.0199890136719,275.7900085449219,859400.0,237013933.34350583,1.0
2021-07-01,276.6099853515625,278.1000061035156,274.8900146484375,277.1099853515625,1011500.0,280296750.18310547,1.0
2021-07-02,279.0,280.9599914550781,278.8900146484375,279.1600036621094,535900.0,149601845.9625244,1.0
2021-07-06,279.95001220703125,281.19000244140625,275.95001220703125,279.2900085449219,686200.0,191648803.8635254,1.0
2021-07-07,281.2900085449219,282.4599914550781,276.82000732421875,279.8599853515625,544000.0,152243832.03125,1.0
2021-07-08,276.6600036621094,280.0299987792969,275.3599853515625,278.8599853515625,867300.0,241855265.29541016,1.0
2021-07-09,278.92999267578125,281.3399963378906,276.3299865722656,280.75,478500.0,134338875.0,1.0
2021-07-12,282.0299987792969,283.0899963378906,277.739990234375,278.5599975585937,458200.0,127636190.88134766,1.0
2021-07-13,278.5,279.5400085449219,276.9700012207031,278.0899963378906,595000.0,165463547.82104492,1.0
2021-07-14,279.7200012207031,281.1199951171875,277.6400146484375,279.0799865722656,753400.0,210258861.8835449,1.0
2021-07-15,280.0599975585937,280.0599975585937,276.19000244140625,277.67999267578125,716500.0,198957714.75219727,1.0
2021-07-16,277.5,279.7699890136719,276.20001220703125,276.5599975585937,458000.0,126664478.88183594,1.0
2021-07-19,273.8800048828125,275.0599975585937,272.17999267578125,274.4800109863281,819400.0,224908921.00219727,1.0
2021-07-20,275.25,279.6199951171875,273.2799987792969,277.8900146484375,893500.0,248294728.0883789,1.0
2021-07-21,277.7300109863281,278.260009765625,274.8800048828125,278.2200012207031,889500.0,247476691.08581543,1.0
2021-07-22,278.8999938964844,282.2200012207031,278.0599975585937,281.6000061035156,558600.0,157301763.40942383,1.0
2021-07-23,282.94000244140625,286.1099853515625,281.489990234375,285.07000732421875,401400.0,114427100.9399414,1.0
2021-07-26,284.3500061035156,286.0299987792969,282.9100036621094,283.8900146484375,498700.0,141575950.30517578,1.0
2021-07-27,283.95001220703125,284.1099853515625,277.2200012207031,281.1600036621094,531600.0,149464657.94677734,1.0
2021-07-28,282.3699951171875,284.489990234375,281.8399963378906,283.69000244140625,526100.0,149249310.28442383,1.0
2021-07-29,283.5199890136719,287.3399963378906,283.5,285.5299987792969,359300.0,102590928.56140137,1.0
2021-07-30,284.0799865722656,288.3500061035156,283.5599975585937,287.989990234375,523000.0,150618764.89257812,1.0
2021-08-02,289.82000732421875,290.8999938964844,286.45001220703125,287.6099853515625,477000.0,137189963.0126953,1.0
2021-08-03,288.20001220703125,290.239990234375,286.010009765625,289.20001220703125,406200.0,117473044.9584961,1.0
2021-08-04,289.7799987792969,292.5400085449219,287.92999267578125,291.489990234375,418100.0,121871964.9169922,1.0
2021-08-05,292.0899963378906,293.3699951171875,290.25,293.20001220703125,358200.0,105024244.3725586,1.0
2021-08-06,292.3299865722656,293.4700012207031,289.6000061035156,292.42999267578125,401400.0,117381399.0600586,1.0
2021-08-09,293.7900085449219,293.92999267578125,290.7099914550781,291.3999938964844,384800.0,112130717.6513672,1.0
2021-08-10,292.82000732421875,293.3900146484375,286.6400146484375,288.25,432800.0,124754600.0,1.0
2021-08-11,290.0400085449219,290.7799987792969,287.8500061035156,288.95001220703125,372800.0,107720564.55078124,1.0
2021-08-12,288.8900146484375,292.70001220703125,287.6300048828125,292.19000244140625,506500.0,147994236.23657227,1.0
2021-08-13,292.5599975585937,295.75,291.6199951171875,293.1199951171875,806500.0,236401276.0620117,1.0
2021-08-16,292.489990234375,294.5899963378906,290.7699890136719,294.4200134277344,715000.0,210510309.60083008,1.0
2021-08-17,292.04998779296875,293.75,288.1199951171875,291.6199951171875,746000.0,217548516.35742188,1.0
2021-08-18,288.95001220703125,294.5,288.95001220703125,290.6300048828125,877100.0,254911577.28271484,1.0
2021-08-19,302.6000061035156,317.9599914550781,302.1099853515625,315.989990234375,2489800.0,786751877.6855469,1.0
2021-08-20,315.3399963378906,317.6700134277344,310.5400085449219,316.8800048828125,1322100.0,418947054.4555664,1.0
2021-08-23,316.42999267578125,321.6199951171875,315.0599975585937,320.9200134277344,726400.0,233116297.75390625,1.0
2021-08-24,322.2099914550781,325.0799865722656,321.1700134277344,324.95001220703125,627700.0,203971122.66235352,1.0
2021-08-25,324.3500061035156,327.5799865722656,323.8699951171875,325.010009765625,521600.0,169525221.09375,1.0
2021-08-26,324.7699890136719,327.6199951171875,322.8800048828125,326.510009765625,823000.0,268717738.0371094,1.0
2021-08-27,327.0,333.4599914550781,327.0,331.8099975585937,512400.0,170019442.74902344,1.0
2021-08-30,331.94000244140625,334.7699890136719,331.94000244140625,334.2799987792969,452100.0,151127987.44812012,1.0
2021-08-31,335.010009765625,335.010009765625,330.8099975585937,332.239990234375,830400.0,275892087.890625,1.0
2021-09-01,331.69000244140625,335.0,331.4599914550781,333.6300048828125,693400.0,231339045.3857422,1.0
2021-09-02,334.9200134277344,338.1199951171875,334.5299987792969,337.739990234375,706900.0,238748399.0966797,1.0
2021-09-03,337.0400085449219,340.6600036621094,335.9200134277344,336.6400146484375,732500.0,246588810.72998047,1.0
2021-09-07,336.5,338.0,331.7699890136719,336.32000732421875,655300.0,220390500.7995605,1.0
2021-09-08,335.79998779296875,338.67999267578125,333.8599853515625,336.5899963378906,448600.0,150994272.35717773,1.0
2021-09-09,336.3900146484375,336.8099975585937,332.6000061035156,333.54998779296875,523200.0,174513353.61328125,1.0
2021-09-10,335.5799865722656,336.7799987792969,332.0799865722656,332.489990234375,491600.0,163452079.19921875,1.0
2021-09-13,334.489990234375,336.5299987792969,327.5199890136719,331.5899963378906,534700.0,177301171.04187012,1.0
2021-09-14,332.75,334.07000732421875,330.3999938964844,332.5899963378906,613800.0,204143739.75219727,1.0
2021-09-15,333.0,336.6400146484375,331.739990234375,336.0899963378906,587100.0,197318436.8499756,1.0
2021-09-16,335.5,336.8500061035156,333.20001220703125,335.3800048828125,738600.0,247711671.6064453,1.0
2021-09-17,329.0599975585937,331.3299865722656,319.8299865722656,325.5400085449219,2041600.0,664622481.4453125,1.0
2021-09-20,321.6700134277344,324.0,317.44000244140625,321.29998779296875,909800.0,292318728.89404297,1.0
2021-09-21,323.3599853515625,323.6099853515625,317.70001220703125,317.8999938964844,933900.0,296886804.2999268,1.0
2021-09-22,319.0,321.9200134277344,314.0299987792969,320.5199890136719,840600.0,269429102.7648926,1.0
2021-09-23,322.4599914550781,324.7900085449219,320.4700012207031,322.8800048828125,441600.0,142583810.15625,1.0
2021-09-24,320.5899963378906,322.5899963378906,318.19000244140625,321.94000244140625,370100.0,119149994.90356444,1.0
2021-09-27,318.07000732421875,318.95001220703125,312.3800048828125,313.3999938964844,610600.0,191362036.27319336,1.0
2021-09-28,307.3599853515625,308.9599914550781,299.6400146484375,301.92999267578125,1005900.0,303711379.6325684,1.0
2021-09-29,303.2200012207031,305.5899963378906,301.1499938964844,302.6199951171875,682000.0,206386836.66992188,1.0
2021-09-30,305.0,306.7300109863281,298.3099975585937,299.4100036621094,721200.0,215934494.64111328,1.0
2021-10-01,299.4100036621094,303.95001220703125,295.8500061035156,302.489990234375,623400.0,188572259.9121093,1.0
2021-10-04,299.45001220703125,300.3500061035156,287.0199890136719,289.25,893900.0,258560575.0,1.0
2021-10-05,291.3099975585937,295.3399963378906,289.3599853515625,293.3500061035156,714500.0,209598579.3609619,1.0
2021-10-06,290.0,294.8299865722656,288.82000732421875,294.57000732421875,707700.0,208467194.1833496,1.0
2021-10-07,298.239990234375,302.1000061035156,297.29998779296875,298.3699951171875,760500.0,226910381.2866211,1.0
2021-10-08,299.1499938964844,299.2900085449219,291.010009765625,291.6600036621094,635000.0,185204102.32543945,1.0
2021-10-11,290.6300048828125,293.760009765625,288.5299987792969,288.739990234375,356400.0,102906932.51953124,1.0
2021-10-12,291.3500061035156,295.0,290.4599914550781,292.0400085449219,576400.0,168331860.92529297,1.0
2021-10-13,295.79998779296875,299.4800109863281,295.3900146484375,296.29998779296875,616200.0,182580052.4780273,1.0
2021-10-14,301.1300048828125,306.2300109863281,300.5400085449219,304.8299865722656,598900.0,182562678.95812988,1.0
2021-10-15,305.6300048828125,306.6600036621094,304.1400146484375,306.260009765625,418500.0,128169814.08691406,1.0
2021-10-18,305.20001220703125,307.4599914550781,303.8999938964844,307.2200012207031,420200.0,129093844.51293944,1.0
2021-10-19,308.3099975585937,312.0199890136719,307.25,311.0,513400.0,159667400.0,1.0
2021-10-20,314.0,316.44000244140625,312.67999267578125,315.5,562800.0,177563400.0,1.0
2021-10-21,315.70001220703125,322.2099914550781,314.2099914550781,321.010009765625,625500.0,200791761.10839844,1.0
2021-10-22,322.5899963378906,326.94000244140625,320.5,321.1199951171875,520200.0,167046621.45996094,1.0
2021-10-25,321.5,325.4200134277344,321.1300048828125,324.0,427900.0,138639600.0,1.0
2021-10-26,326.0,332.3999938964844,325.54998779296875,328.0299987792969,665500.0,218303964.18762207,1.0
2021-10-27,327.4700012207031,328.5599975585937,318.8599853515625,319.1300048828125,822500.0,262484429.01611328,1.0
2021-10-28,320.54998779296875,327.0799865722656,320.54998779296875,326.7799987792969,554100.0,181068797.3236084,1.0
2021-10-29,325.6300048828125,333.6400146484375,325.3900146484375,333.17999267578125,578500.0,192744625.76293945,1.0
2021-11-01,333.45001220703125,335.7300109863281,329.29998779296875,329.8399963378906,547700.0,180653365.9942627,1.0
2021-11-02,330.9100036621094,334.6000061035156,329.8299865722656,333.19000244140625,532300.0,177357038.29956055,1.0
2021-11-03,333.29998779296875,334.0400085449219,328.2699890136719,333.4100036621094,460600.0,153568647.68676758,1.0
2021-11-04,333.8399963378906,341.8500061035156,331.3800048828125,341.7200012207031,634200.0,216718824.77416992,1.0
2021-11-05,343.3699951171875,345.1199951171875,340.510009765625,340.75,515700.0,175724775.0,1.0
2021-11-08,341.739990234375,344.1199951171875,338.6099853515625,342.9100036621094,370400.0,127013865.35644533,1.0
2021-11-09,343.4800109863281,348.3900146484375,341.9100036621094,348.260009765625,703600.0,245035742.8710937,1.0
2021-11-10,347.0299987792969,348.8500061035156,337.0199890136719,337.6600036621094,562100.0,189798688.05847168,1.0
2021-11-11,341.17999267578125,344.0199890136719,339.3099975585937,340.3599853515625,391800.0,133353042.2607422,1.0
2021-11-12,341.2099914550781,347.0899963378906,340.3399963378906,347.010009765625,803100.0,278683738.84277344,1.0
2021-11-15,349.3599853515625,349.3599853515625,343.32000732421875,345.75,459100.0,158733825.0,1.0
2021-11-16,344.92999267578125,354.6300048828125,344.4800109863281,353.4599914550781,433700.0,153295598.29406738,1.0
2021-11-17,355.0,356.0400085449219,350.6700134277344,353.9200134277344,348400.0,123305732.67822266,1.0
2021-11-18,355.0,355.010009765625,350.2200012207031,352.0899963378906,401500.0,141364133.5296631,1.0
2021-11-19,355.25,359.6400146484375,354.95001220703125,357.95001220703125,572000.0,204747406.98242188,1.0
2021-11-22,360.0,361.2200012207031,347.5400085449219,347.9700012207031,632700.0,220160619.77233887,1.0
2021-11-23,346.7699890136719,351.8699951171875,339.0,344.6600036621094,621100.0,214068328.27453613,1.0
2021-11-24,341.2300109863281,349.6499938964844,337.0199890136719,349.2099914550781,753700.0,263199570.5596924,1.0
2021-11-26,348.5899963378906,353.8699951171875,340.1199951171875,342.1600036621094,413700.0,141551593.51501465,1.0
2021-11-29,349.75,357.5799865722656,346.5799865722656,355.8699951171875,740600.0,263557318.38378903,1.0
2021-11-30,355.989990234375,355.989990234375,340.510009765625,341.0,1321500.0,450631500.0,1.0
2021-12-01,344.739990234375,348.5,334.1000061035156,334.75,1167400.0,390787150.0,1.0
2021-12-02,354.79998779296875,365.3800048828125,345.1000061035156,349.6700134277344,1590500.0,556150156.3568115,1.0
2021-12-03,350.20001220703125,352.1300048828125,339.1000061035156,344.5599975585937,1098800.0,378602525.3173828,1.0
2021-12-06,343.7799987792969,346.4700012207031,334.1099853515625,345.45001220703125,935000.0,322995761.4135742,1.0
2021-12-07,352.1600036621094,359.6400146484375,352.010009765625,356.20001220703125,1223200.0,435703854.9316406,1.0
2021-12-08,357.44000244140625,365.1600036621094,353.20001220703125,364.3599853515625,624800.0,227652118.84765625,1.0
2021-12-09,361.5499877929688,364.6099853515625,354.260009765625,354.4800109863281,538100.0,190745693.9117432,1.0
2021-12-10,358.67999267578125,362.7799987792969,355.760009765625,362.3399963378906,882300.0,319692578.7689209,1.0
2021-12-13,362.5899963378906,365.1799926757813,360.5700073242188,362.2300109863281,743500.0,269318013.16833496,1.0
2021-12-14,354.9700012207031,357.8800048828125,341.92999267578125,345.92999267578125,940300.0,325277972.1130371,1.0
2021-12-15,347.0199890136719,362.0,345.8699951171875,361.2999877929688,1248000.0,450902384.765625,1.0
2021-12-16,363.0799865722656,365.8399963378906,351.79998779296875,352.9200134277344,890900.0,314416439.9627685,1.0
2021-12-17,346.7200012207031,355.0,342.20001220703125,348.0400085449219,2166100.0,753889462.5091553,1.0
2021-12-20,341.9800109863281,346.92999267578125,340.0,346.1099853515625,731500.0,253179454.284668,1.0
2021-12-21,349.57000732421875,359.75,344.57000732421875,359.07000732421875,810200.0,290918519.93408203,1.0
2021-12-22,359.07000732421875,365.3299865722656,358.0400085449219,364.8299865722656,474600.0,173148311.62719727,1.0
2021-12-23,364.3699951171875,368.8900146484375,363.75,366.1499938964844,407900.0,149352582.51037598,1.0
2021-12-27,368.3699951171875,375.7200012207031,368.3599853515625,375.5899963378906,893900.0,335739897.7264404,1.0
2021-12-28,376.9200134277344,377.6000061035156,369.9800109863281,372.1499938964844,471800.0,175580367.12036133,1.0
2021-12-29,372.0499877929688,374.4800109863281,368.3699951171875,373.4400024414063,530900.0,198259297.2961425,1.0
2021-12-30,374.1600036621094,375.0,370.1900024414063,370.80999755859375,386900.0,143466388.05541992,1.0
2021-12-31,370.4800109863281,370.4800109863281,367.0299987792969,368.5,654700.0,241256950.0,1.0
2022-01-03,367.1300048828125,371.7300109863281,358.6400146484375,361.1000061035156,674800.0,243670284.1186524,1.0
2022-01-04,360.1000061035156,361.4599914550781,345.4100036621094,352.989990234375,895200.0,315996639.2578125,1.0
2022-01-05,349.95001220703125,354.8699951171875,339.2799987792969,339.7699890136719,968400.0,329033257.36083984,1.0
2022-01-06,336.5,348.42999267578125,335.20001220703125,344.9700012207031,977100.0,337070188.192749,1.0
2022-01-07,341.6700134277344,345.0599975585937,330.1099853515625,330.3599853515625,902200.0,298050778.7841797,1.0
2022-01-10,322.7699890136719,330.1499938964844,318.7699890136719,329.6300048828125,986900.0,325311851.81884766,1.0
2022-01-11,326.5400085449219,342.3299865722656,326.5400085449219,340.3800048828125,1068500.0,363696035.2172852,1.0
2022-01-12,343.92999267578125,346.7900085449219,335.8900146484375,338.5899963378906,781500.0,264608082.13806152,1.0
2022-01-13,340.4200134277344,342.8699951171875,326.45001220703125,327.510009765625,803300.0,263088790.84472656,1.0
2022-01-14,324.57000732421875,330.2900085449219,321.9200134277344,326.1600036621094,651300.0,212428010.38513184,1.0
2022-01-18,318.2200012207031,320.3999938964844,312.010009765625,313.4800109863281,878000.0,275235449.6459961,1.0
2022-01-19,314.6099853515625,319.989990234375,311.5199890136719,312.1400146484375,770300.0,240441453.2836914,1.0
2022-01-20,314.94000244140625,322.69000244140625,309.4800109863281,309.9599914550781,657000.0,203643714.3859864,1.0
2022-01-21,309.25,314.95001220703125,303.0,303.3099975585937,1152700.0,349625434.185791,1.0
2022-01-24,299.9700012207031,308.760009765625,287.3099975585937,308.3399963378906,1374800.0,423905826.965332,1.0
2022-01-25,297.7200012207031,303.5,290.3500061035156,291.6600036621094,913800.0,266518911.34643555,1.0
2022-01-26,298.9200134277344,303.8699951171875,282.8599853515625,288.5599975585937,1225200.0,353543709.00878906,1.0
2022-01-27,293.4599914550781,294.8699951171875,282.3399963378906,285.3599853515625,984100.0,280822761.58447266,1.0
2022-01-28,286.4100036621094,296.8699951171875,279.42999267578125,296.3500061035156,1108000.0,328355806.7626953,1.0
2022-01-31,296.3599853515625,310.8399963378906,295.989990234375,310.5,925700.0,287429850.0,1.0
2022-02-01,311.8399963378906,313.239990234375,305.82000732421875,311.82000732421875,822100.0,256347228.02124023,1.0
2022-02-02,314.9100036621094,316.3299865722656,310.0199890136719,315.6300048828125,690600.0,217974081.3720703,1.0
2022-02-03,308.6499938964844,312.5,301.6300048828125,303.510009765625,868200.0,263507390.4785156,1.0
2022-02-04,302.0799865722656,311.9700012207031,300.1400146484375,308.8900146484375,771500.0,238308646.3012696,1.0
2022-02-07,309.5199890136719,313.5400085449219,303.8299865722656,305.1400146484375,829800.0,253205184.15527344,1.0
2022-02-08,302.9800109863281,310.94000244140625,302.25,309.1099853515625,607600.0,187815227.0996093,1.0
2022-02-09,314.07000732421875,324.5199890136719,312.67999267578125,324.17999267578125,832400.0,269847425.9033203,1.0
2022-02-10,314.0199890136719,321.82000732421875,308.2799987792969,311.1499938964844,878700.0,273407499.6368408,1.0
2022-02-11,311.9100036621094,314.739990234375,293.1700134277344,295.2900085449219,963800.0,284600510.2355957,1.0
2022-02-14,293.70001220703125,300.1600036621094,290.8699951171875,294.9599914550781,826600.0,243813928.9367676,1.0
2022-02-15,299.989990234375,306.4100036621094,298.7699890136719,306.1499938964844,819500.0,250889919.9981689,1.0
2022-02-16,302.6600036621094,308.1199951171875,297.8699951171875,306.7900085449219,995500.0,305409453.5064697,1.0
2022-02-17,318.5899963378906,319.6300048828125,292.3599853515625,293.3099975585937,1302600.0,382065602.8198242,1.0
2022-02-18,293.4100036621094,294.44000244140625,285.0599975585937,287.6300048828125,1077000.0,309777515.25878906,1.0
2022-02-22,287.1499938964844,294.42999267578125,283.989990234375,289.4700012207031,1321100.0,382418818.6126709,1.0
2022-02-23,294.20001220703125,298.25,285.1300048828125,285.5299987792969,1147900.0,327759885.5987549,1.0
2022-02-24,279.5299987792969,309.4599914550781,275.0,307.79998779296875,1498300.0,461176721.7102051,1.0
2022-02-25,306.0899963378906,312.17999267578125,301.0599975585937,311.1499938964844,1040600.0,323782683.64868164,1.0
2022-02-28,307.70001220703125,316.010009765625,304.29998779296875,312.3900146484375,1083500.0,338474580.87158203,1.0
2022-03-01,311.9800109863281,314.489990234375,305.2200012207031,307.7099914550781,881800.0,271338670.4650879,1.0
2022-03-02,310.5400085449219,317.5299987792969,306.9800109863281,315.32000732421875,621400.0,195939852.5512696,1.0
2022-03-03,317.2300109863281,318.6099853515625,306.57000732421875,308.8399963378906,704900.0,217701313.4185791,1.0
2022-03-04,306.79998779296875,311.7699890136719,302.8299865722656,309.0599975585937,878400.0,271478301.85546875,1.0
2022-03-07,309.7200012207031,311.07000732421875,295.3800048828125,295.4599914550781,933500.0,275811902.0233154,1.0
2022-03-08,292.2200012207031,305.7900085449219,289.3399963378906,296.3500061035156,911100.0,270004490.5609131,1.0
2022-03-09,303.7200012207031,309.7099914550781,302.20001220703125,307.7900085449219,809800.0,249248348.91967773,1.0
2022-03-10,300.44000244140625,303.8399963378906,291.5199890136719,300.8399963378906,941800.0,283331108.5510254,1.0
2022-03-11,305.0,305.9200134277344,293.1499938964844,293.69000244140625,953200.0,279945310.32714844,1.0
2022-03-14,292.07000732421875,296.0299987792969,277.1600036621094,278.9800109863281,1192000.0,332544173.0957031,1.0
2022-03-15,281.3900146484375,287.1400146484375,278.2799987792969,285.5,2278200.0,650426100.0,1.0
2022-03-16,291.5599975585937,300.2200012207031,285.489990234375,300.0799865722656,1360200.0,408168797.7355957,1.0
2022-03-17,300.5,304.760009765625,297.2099914550781,304.04998779296875,1175200.0,357319545.6542969,1.0
2022-03-18,301.8900146484375,320.6300048828125,301.8800048828125,318.2099914550781,2386300.0,759344502.6092529,1.0
2022-03-21,315.3599853515625,317.010009765625,307.19000244140625,314.3099975585937,835300.0,262543140.96069336,1.0
2022-03-22,313.8599853515625,325.739990234375,311.2900085449219,325.2200012207031,1064700.0,346261735.2996826,1.0
2022-03-23,321.989990234375,324.1099853515625,316.2699890136719,316.44000244140625,846700.0,267929750.06713867,1.0
2022-03-24,318.2200012207031,325.57000732421875,315.3599853515625,325.5599975585937,696500.0,226752538.2995605,1.0
2022-03-25,324.8500061035156,326.0,314.7900085449219,318.9100036621094,719200.0,229360074.63378903,1.0
2022-03-28,318.2799987792969,332.8599853515625,318.0,332.3800048828125,974700.0,323970790.75927734,1.0
2022-03-29,336.6099853515625,342.5899963378906,333.9599914550781,341.0,981500.0,334691500.0,1.0
2022-03-30,337.32000732421875,339.6700134277344,330.75,332.5899963378906,706800.0,235074609.4116211,1.0
2022-03-31,334.1499938964844,340.0899963378906,331.0799865722656,333.2699890136719,1089800.0,363197634.0270996,1.0
2022-04-01,333.739990234375,338.1000061035156,330.2200012207031,334.9800109863281,862600.0,288953757.47680664,1.0
2022-04-04,336.9700012207031,341.1600036621094,336.0,340.1499938964844,654400.0,222594156.0058593,1.0
2022-04-05,339.2699890136719,340.1499938964844,325.6000061035156,327.7099914550781,813900.0,266723162.0452881,1.0
2022-04-06,323.29998779296875,329.6099853515625,318.5,324.8500061035156,931300.0,302532810.6842041,1.0
2022-04-07,322.489990234375,329.92999267578125,321.8999938964844,326.3699951171875,782600.0,255417158.1787109,1.0
2022-04-08,324.2900085449219,325.3500061035156,317.04998779296875,319.8299865722656,783100.0,250458862.4847412,1.0
2022-04-11,316.0199890136719,317.3800048828125,307.5199890136719,309.7699890136719,978300.0,303047980.2520752,1.0
2022-04-12,316.4200134277344,320.7699890136719,309.3500061035156,310.8299865722656,775900.0,241172986.5814209,1.0
2022-04-13,311.2300109863281,322.0799865722656,296.6400146484375,306.7200012207031,2916700.0,894610227.5604248,1.0
2022-04-14,306.3099975585937,306.3099975585937,293.17999267578125,294.7699890136719,1486400.0,438146111.6699219,1.0
2022-04-18,293.1099853515625,300.0,292.17999267578125,297.1199951171875,757600.0,225098108.30078125,1.0
2022-04-19,294.739990234375,307.19000244140625,294.739990234375,306.3299865722656,679600.0,208181858.8745117,1.0
2022-04-20,308.1000061035156,310.3699951171875,304.2699890136719,306.260009765625,775200.0,237412759.5703125,1.0
2022-04-21,308.82000732421875,312.5799865722656,293.8500061035156,295.5,665800.0,196743900.0,1.0
2022-04-22,294.9700012207031,297.8099975585937,284.5400085449219,285.0,1062000.0,302670000.0,1.0
2022-04-25,286.07000732421875,291.4800109863281,284.29998779296875,290.9200134277344,829900.0,241434519.1436768,1.0
2022-04-26,290.9200134277344,292.94000244140625,281.29998779296875,282.8999938964844,1022200.0,289180373.7609863,1.0
2022-04-27,283.0,293.8299865722656,283.0,287.0299987792969,1005400.0,288579960.7727051,1.0
2022-04-28,291.95001220703125,305.0599975585937,290.7099914550781,301.8599853515625,724100.0,218576815.3930664,1.0
2022-04-29,298.54998779296875,302.3699951171875,285.5400085449219,286.7900085449219,763100.0,218849455.52062988,1.0
2022-05-02,286.54998779296875,291.2300109863281,280.8999938964844,290.7099914550781,1028900.0,299111510.2081299,1.0
2022-05-03,290.45001220703125,294.70001220703125,287.70001220703125,292.2099914550781,705300.0,206095706.9732666,1.0
2022-05-04,293.3800048828125,299.94000244140625,282.8399963378906,299.19000244140625,1064200.0,318398000.59814453,1.0
2022-05-05,293.2300109863281,294.8599853515625,278.3699951171875,282.3399963378906,1145800.0,323505167.8039551,1.0
2022-05-06,279.8399963378906,280.5,268.7099914550781,274.7099914550781,1119500.0,307537835.43396,1.0
2022-05-09,269.239990234375,271.2900085449219,260.4100036621094,262.4100036621094,1209400.0,317358658.4289551,1.0
2022-05-10,270.92999267578125,275.1000061035156,260.70001220703125,270.510009765625,1068000.0,288904690.4296875,1.0
2022-05-11,266.8699951171875,272.79998779296875,259.8900146484375,260.8299865722656,817100.0,213124182.02819824,1.0
2022-05-12,257.94000244140625,264.8999938964844,255.0200042724609,262.0599975585937,855500.0,224192327.9113769,1.0
2022-05-13,267.3800048828125,277.54998779296875,266.7699890136719,275.989990234375,917700.0,253276014.038086,1.0
2022-05-16,273.4200134277344,276.9599914550781,270.0,273.7300109863281,818000.0,223911148.9868164,1.0
2022-05-17,279.8399963378906,284.5,276.0299987792969,282.8099975585937,800000.0,226247998.046875,1.0
2022-05-18,277.6300048828125,281.6199951171875,270.739990234375,272.57000732421875,1262500.0,344119634.2468262,1.0
2022-05-19,289.0,307.0,287.260009765625,300.5199890136719,2361500.0,709677954.0557861,1.0
2022-05-20,303.8599853515625,308.1099853515625,293.3299865722656,306.7200012207031,1833300.0,562309778.237915,1.0
2022-05-23,311.239990234375,311.239990234375,301.5899963378906,306.9800109863281,1022300.0,313825665.23132324,1.0
2022-05-24,302.29998779296875,303.4800109863281,294.25,296.3699951171875,1181100.0,350042601.23291016,1.0
2022-05-25,295.7699890136719,302.7799987792969,292.5199890136719,299.1700134277344,967700.0,289506821.9940185,1.0
2022-05-26,299.7200012207031,308.8399963378906,297.0199890136719,306.1000061035156,859500.0,263092955.24597168,1.0
2022-05-27,311.44000244140625,323.4800109863281,309.239990234375,322.9599914550781,1162600.0,375473286.0656738,1.0
2022-05-31,323.6700134277344,324.5,314.3800048828125,319.20001220703125,1219300.0,389200574.8840332,1.0
2022-06-01,321.989990234375,324.6600036621094,313.0899963378906,316.8599853515625,781600.0,247657764.55078125,1.0
2022-06-02,316.45001220703125,331.2200012207031,315.5299987792969,330.8099975585937,729400.0,241292812.21923828,1.0
2022-06-03,325.489990234375,328.760009765625,323.32000732421875,327.67999267578125,742200.0,243204090.56396484,1.0
2022-06-06,332.1300048828125,335.2900085449219,327.2200012207031,328.7900085449219,503800.0,165644406.30493164,1.0
2022-06-07,323.0899963378906,330.7099914550781,323.010009765625,329.5299987792969,872900.0,287646735.93444824,1.0
2022-06-08,327.6000061035156,328.19000244140625,321.25,322.8900146484375,688500.0,222309775.0854492,1.0
2022-06-09,321.67999267578125,325.2900085449219,317.07000732421875,317.0799865722656,565000.0,179150192.41333008,1.0
2022-06-10,310.04998779296875,310.9700012207031,303.92999267578125,305.3900146484375,711900.0,217407151.42822263,1.0
2022-06-13,293.6000061035156,296.94000244140625,288.6700134277344,290.25,1202500.0,349025625.0,1.0
2022-06-14,291.9599914550781,298.3500061035156,288.9800109863281,295.1600036621094,815300.0,240643950.98571777,1.0
2022-06-15,297.79998779296875,309.0899963378906,296.8099975585937,303.239990234375,903300.0,273916683.17871094,1.0
2022-06-16,294.8099975585937,297.6300048828125,286.3099975585937,289.489990234375,1094100.0,316730998.3154297,1.0
2022-06-17,289.3699951171875,301.3900146484375,289.3699951171875,296.17999267578125,1823000.0,539936126.6479492,1.0
2022-06-21,299.8999938964844,306.260009765625,299.5599975585937,302.2200012207031,904000.0,273206881.1035156,1.0
2022-06-22,297.70001220703125,305.1499938964844,297.19000244140625,301.239990234375,814200.0,245269600.04882807,1.0
2022-06-23,305.07000732421875,309.92999267578125,301.6300048828125,309.25,815600.0,252224300.0,1.0
2022-06-24,313.260009765625,318.5799865722656,311.1000061035156,317.4700012207031,1946200.0,617860116.3757324,1.0
2022-06-27,313.7900085449219,317.2099914550781,310.2300109863281,311.8599853515625,750300.0,233988547.0092773,1.0
2022-06-28,312.0199890136719,314.1300048828125,302.239990234375,303.6700134277344,795100.0,241448027.6763916,1.0
2022-06-29,304.4200134277344,309.5400085449219,303.3999938964844,306.0599975585937,855800.0,261926145.91064453,1.0
2022-06-30,301.2300109863281,307.92999267578125,300.3999938964844,303.70001220703125,1039700.0,315756902.6916504,1.0
2022-07-01,302.25,304.1300048828125,295.45001220703125,301.2300109863281,916500.0,276077305.0689697,1.0
2022-07-05,298.2300109863281,303.7699890136719,296.3099975585937,302.9100036621094,891200.0,269953395.2636719,1.0
2022-07-06,304.4100036621094,310.739990234375,299.8599853515625,309.6300048828125,913100.0,282723157.4584961,1.0
2022-07-07,309.6300048828125,320.79998779296875,309.6300048828125,319.42999267578125,864000.0,275987513.671875,1.0
2022-07-08,314.2300109863281,318.79998779296875,312.5400085449219,317.5400085449219,578100.0,183569878.9398193,1.0
2022-07-11,314.739990234375,318.42999267578125,311.3900146484375,315.19000244140625,496000.0,156334241.2109375,1.0
2022-07-12,317.239990234375,319.6600036621094,305.0899963378906,306.4100036621094,745600.0,228459298.73046875,1.0
2022-07-13,299.7799987792969,305.44000244140625,296.6600036621094,303.07000732421875,720100.0,218240712.27416992,1.0
2022-07-14,301.0799865722656,306.94000244140625,294.2900085449219,305.0199890136719,558600.0,170384165.8630371,1.0
2022-07-15,308.760009765625,314.9800109863281,307.8999938964844,314.29998779296875,832500.0,261654739.83764648,1.0
2022-07-18,316.42999267578125,317.7900085449219,308.92999267578125,310.42999267578125,729800.0,226551808.6547852,1.0
2022-07-19,315.5799865722656,324.29998779296875,315.19000244140625,323.510009765625,955200.0,309016761.328125,1.0
2022-07-20,325.0,332.5199890136719,323.9100036621094,330.70001220703125,767500.0,253812259.36889648,1.0
2022-07-21,331.010009765625,339.1400146484375,330.42999267578125,338.6600036621094,774200.0,262190574.83520508,1.0
2022-07-22,339.92999267578125,343.1700134277344,335.6700134277344,338.0400085449219,813400.0,274961742.95043945,1.0
2022-07-25,336.94000244140625,338.5799865722656,333.1499938964844,337.6700134277344,806700.0,272398399.8321533,1.0
2022-07-26,338.5799865722656,343.3099975585937,335.7300109863281,339.4100036621094,1048200.0,355769565.83862305,1.0
2022-07-27,344.07000732421875,357.2099914550781,343.1700134277344,353.5400085449219,1124600.0,397591093.6096192,1.0
2022-07-28,354.239990234375,363.3999938964844,353.010009765625,362.6400146484375,821000.0,297727452.0263672,1.0
2022-07-29,363.4400024414063,369.25,360.6499938964844,367.5,980500.0,360333750.0,1.0
2022-08-01,364.1700134277344,371.25,361.4100036621094,370.010009765625,1022800.0,378446237.9882813,1.0
2022-08-02,367.4599914550781,371.80999755859375,366.2200012207031,368.3599853515625,1405300.0,517656287.4145508,1.0
2022-08-03,359.0,372.4100036621094,359.0,370.8399963378906,1175700.0,435996583.694458,1.0
2022-08-04,371.5700073242188,372.4700012207031,367.6700134277344,372.2900085449219,756600.0,281674620.4650879,1.0
2022-08-05,366.0899963378906,375.6900024414063,365.5,374.2900085449219,660500.0,247218550.6439209,1.0
2022-08-08,375.0,378.4700012207031,369.760009765625,372.0700073242188,725200.0,269825169.31152344,1.0
2022-08-09,369.1900024414063,375.0700073242188,368.9800109863281,372.6099853515625,820200.0,305614709.9853516,1.0
2022-08-10,380.1900024414063,381.7000122070313,373.3500061035156,375.7099914550781,1179000.0,442962079.9255371,1.0
2022-08-11,380.0799865722656,380.8900146484375,373.6000061035156,377.010009765625,910100.0,343116809.8876953,1.0
2022-08-12,377.9599914550781,386.0,376.7099914550781,385.4400024414063,931100.0,358883186.27319336,1.0
2022-08-15,385.1000061035156,391.1700134277344,383.9100036621094,390.4500122070313,654700.0,255627622.99194336,1.0
2022-08-16,385.510009765625,389.489990234375,382.6300048828125,385.6700134277344,697000.0,268811999.35913086,1.0
2022-08-17,384.260009765625,384.760009765625,378.4100036621094,381.0,1475500.0,562165500.0,1.0
2022-08-18,384.3500061035156,391.0,371.8599853515625,373.3200073242188,1923400.0,718043702.0874023,1.0
2022-08-19,368.8500061035156,368.8500061035156,361.1700134277344,363.0,1524100.0,553248300.0,1.0
2022-08-22,358.32000732421875,361.6000061035156,356.07000732421875,358.1000061035156,1296800.0,464384087.9150391,1.0
2022-08-23,354.42999267578125,361.239990234375,354.25,359.0,1016600.0,364959400.0,1.0
2022-08-24,357.7799987792969,360.6199951171875,355.3800048828125,358.75,695000.0,249331250.0,1.0
2022-08-25,359.8299865722656,363.3599853515625,357.5599975585937,363.260009765625,777700.0,282507309.59472656,1.0
2022-08-26,362.7699890136719,363.5400085449219,352.95001220703125,355.0,1219600.0,432958000.0,1.0
2022-08-29,350.5400085449219,354.489990234375,347.3399963378906,347.489990234375,1096200.0,380918527.2949219,1.0
2022-08-30,350.5299987792969,351.3900146484375,341.6199951171875,346.0,1037200.0,358871200.0,1.0
2022-08-31,348.9599914550781,353.29998779296875,344.42999267578125,346.0199890136719,1653700.0,572213255.8319092,1.0
2022-09-01,341.260009765625,342.5299987792969,324.6300048828125,332.489990234375,1619600.0,538500788.1835938,1.0
2022-09-02,334.1400146484375,338.0799865722656,329.45001220703125,330.5599975585937,1073900.0,354988381.3781738,1.0
2022-09-06,330.7300109863281,331.6600036621094,323.9700012207031,326.8299865722656,1230300.0,402098932.4798584,1.0
2022-09-07,328.54998779296875,333.510009765625,325.4800109863281,332.0400085449219,915900.0,304115443.82629395,1.0
2022-09-08,330.1499938964844,334.4800109863281,328.0899963378906,333.760009765625,854900.0,285331432.3486328,1.0
2022-09-09,335.95001220703125,342.3099975585937,334.2699890136719,340.17999267578125,839500.0,285581103.8513184,1.0
2022-09-12,341.92999267578125,342.4599914550781,337.3900146484375,339.5599975585937,830100.0,281868753.9733887,1.0
2022-09-13,329.6700134277344,331.2799987792969,322.6400146484375,323.6099853515625,1282500.0,415029806.2133789,1.0
2022-09-14,327.0899963378906,328.0,319.6300048828125,323.3699951171875,1376800.0,445215809.27734375,1.0
2022-09-15,321.4700012207031,323.3500061035156,314.0599975585937,315.94000244140625,1500000.0,473910003.6621094,1.0
2022-09-16,310.7900085449219,314.489990234375,308.07000732421875,314.2099914550781,2322200.0,729658442.1569824,1.0
2022-09-19,310.6300048828125,318.0199890136719,310.5799865722656,317.32000732421875,1496900.0,474996318.9636231,1.0
2022-09-20,315.0400085449219,317.739990234375,313.54998779296875,316.260009765625,1424500.0,450512383.9111328,1.0
2022-09-21,319.2699890136719,325.5199890136719,313.0799865722656,313.1099853515625,882600.0,276350873.07128906,1.0
2022-09-22,310.3699951171875,312.7099914550781,306.3099975585937,306.9700012207031,1107700.0,340030670.35217285,1.0
2022-09-23,304.6199951171875,305.2300109863281,299.6700134277344,303.2799987792969,845200.0,256332254.9682617,1.0
2022-09-26,303.95001220703125,309.19000244140625,302.8399963378906,303.3399963378906,1010400.0,306494732.2998047,1.0
2022-09-27,307.20001220703125,308.69000244140625,301.1600036621094,306.0899963378906,874700.0,267736919.79675293,1.0
2022-09-28,307.70001220703125,314.8900146484375,304.6499938964844,313.1600036621094,937600.0,293618819.4335937,1.0
2022-09-29,310.20001220703125,311.760009765625,306.17999267578125,309.2200012207031,901500.0,278761831.10046387,1.0
2022-09-30,307.69000244140625,313.010009765625,304.7200012207031,305.510009765625,1312400.0,400951336.8164063,1.0
2022-10-03,308.7900085449219,320.1600036621094,307.70001220703125,316.9800109863281,1077100.0,341419169.833374,1.0
2022-10-04,322.5799865722656,326.1099853515625,320.6600036621094,321.70001220703125,801700.0,257906899.7863769,1.0
2022-10-05,316.2900085449219,323.8699951171875,315.9599914550781,321.3699951171875,1094300.0,351675185.6567383,1.0
2022-10-06,320.6199951171875,326.0,319.79998779296875,321.92999267578125,917700.0,295435154.27856445,1.0
2022-10-07,314.4100036621094,315.8800048828125,305.239990234375,307.010009765625,1093400.0,335684744.6777344,1.0
2022-10-10,307.0899963378906,308.1300048828125,292.8399963378906,292.9800109863281,1918100.0,561964959.072876,1.0
2022-10-11,292.9200134277344,292.9200134277344,275.9599914550781,277.3399963378906,2919900.0,809805055.3070068,1.0
2022-10-12,278.5599975585937,281.5,275.95001220703125,276.19000244140625,1851700.0,511421027.520752,1.0
2022-10-13,268.4200134277344,288.9100036621094,267.0,287.42999267578125,2003500.0,575865990.3259277,1.0
2022-10-14,290.7200012207031,290.92999267578125,277.2200012207031,277.6099853515625,990800.0,275055973.4863281,1.0
2022-10-17,285.8099975585937,292.1099853515625,285.8099975585937,289.260009765625,1087900.0,314685964.62402344,1.0
2022-10-18,297.1300048828125,300.3299865722656,289.2900085449219,292.2699890136719,834500.0,243899305.8319092,1.0
2022-10-19,287.2699890136719,292.0199890136719,286.0299987792969,288.9599914550781,451400.0,130436540.14282228,1.0
2022-10-20,290.3999938964844,296.32000732421875,286.5599975585937,289.7099914550781,669300.0,193902897.2808838,1.0
2022-10-21,288.79998779296875,298.5799865722656,285.17999267578125,296.5,1290700.0,382692550.0,1.0
2022-10-24,298.3800048828125,303.3299865722656,294.260009765625,301.67999267578125,837700.0,252717329.86450195,1.0
2022-10-25,303.8999938964844,304.8099975585937,292.94000244140625,294.7300109863281,1422200.0,419165021.6247559,1.0
2022-10-26,292.9700012207031,300.0,289.79998779296875,292.7300109863281,992200.0,290446716.9006348,1.0
2022-10-27,295.57000732421875,296.5799865722656,287.7699890136719,289.19000244140625,918200.0,265534260.2416992,1.0
2022-10-28,291.239990234375,296.6000061035156,290.3599853515625,295.8399963378906,662500.0,195993997.5738525,1.0
2022-10-31,293.3299865722656,295.4800109863281,291.1000061035156,292.54998779296875,781400.0,228598560.4614257,1.0
2022-11-01,297.45001220703125,298.3500061035156,288.7099914550781,291.1700134277344,689900.0,200878192.26379395,1.0
2022-11-02,292.45001220703125,295.4800109863281,280.7799987792969,281.1099853515625,797300.0,224128991.3208008,1.0
2022-11-03,278.7099914550781,284.5400085449219,276.6600036621094,279.2900085449219,857300.0,239435324.32556152,1.0
2022-11-04,283.3800048828125,283.3800048828125,269.8800048828125,276.57000732421875,1025800.0,283705513.5131836,1.0
2022-11-07,278.8800048828125,281.67999267578125,275.3299865722656,280.5299987792969,1239700.0,347773039.48669434,1.0
2022-11-08,282.3999938964844,292.4800109863281,280.6000061035156,291.5799865722656,1118100.0,326015582.9864502,1.0
2022-11-09,288.57000732421875,291.9599914550781,287.0,290.0799865722656,1040000.0,301683186.03515625,1.0
2022-11-10,307.739990234375,320.0299987792969,306.1700134277344,318.760009765625,1269600.0,404697708.3984375,1.0
2022-11-11,318.4700012207031,331.45001220703125,317.1099853515625,331.3999938964844,1276000.0,422866392.21191406,1.0
2022-11-14,329.989990234375,334.4800109863281,328.510009765625,330.67999267578125,897900.0,296917565.423584,1.0
2022-11-15,338.0899963378906,340.6099853515625,332.5299987792969,334.20001220703125,700600.0,234140528.5522461,1.0
2022-11-16,333.0,334.2099914550781,327.260009765625,331.45001220703125,709400.0,235130638.659668,1.0
2022-11-17,325.2300109863281,328.1400146484375,319.9800109863281,324.2699890136719,710100.0,230264119.1986084,1.0
2022-11-18,329.1700134277344,329.6199951171875,323.0400085449219,325.8900146484375,477600.0,155645070.99609375,1.0
2022-11-21,325.57000732421875,327.2200012207031,322.8599853515625,324.82000732421875,567700.0,184400318.15795887,1.0
2022-11-22,325.8500061035156,327.17999267578125,321.1600036621094,326.9599914550781,562700.0,183980387.1917725,1.0
2022-11-23,326.7300109863281,336.3099975585937,325.54998779296875,334.2900085449219,395900.0,132345414.38293456,1.0
2022-11-25,333.32000732421875,334.82000732421875,331.7900085449219,332.6400146484375,247500.0,82328403.62548828,1.0
2022-11-28,332.239990234375,336.29998779296875,328.239990234375,329.1199951171875,837700.0,275703819.909668,1.0
2022-11-29,328.07000732421875,330.6600036621094,320.5899963378906,323.6600036621094,561100.0,181605628.0548096,1.0
2022-11-30,325.2300109863281,340.04998779296875,322.3999938964844,339.5400085449219,1586000.0,538510453.5522461,1.0
2022-12-01,362.5899963378906,363.989990234375,348.5299987792969,357.8399963378906,1310200.0,468841963.2019043,1.0
2022-12-02,348.9700012207031,350.5,340.5,348.1700134277344,1076300.0,374735385.4522705,1.0
2022-12-05,345.3900146484375,345.3900146484375,328.489990234375,331.2699890136719,1358200.0,449930899.07836914,1.0
2022-12-06,331.20001220703125,331.20001220703125,324.739990234375,328.0199890136719,858800.0,281703566.5649414,1.0
2022-12-07,327.1499938964844,328.6000061035156,321.260009765625,323.79998779296875,817600.0,264738870.01953125,1.0
2022-12-08,325.20001220703125,333.42999267578125,325.0,330.6099853515625,996500.0,329452850.40283203,1.0
2022-12-09,329.2900085449219,331.1600036621094,325.1400146484375,325.75,819000.0,266789250.0,1.0
2022-12-12,325.489990234375,334.7900085449219,325.0799865722656,334.3399963378906,968700.0,323875154.45251465,1.0
2022-12-13,349.3900146484375,350.45001220703125,336.260009765625,338.1300048828125,1130400.0,382222157.5195313,1.0
2022-12-14,337.9599914550781,342.3599853515625,328.6099853515625,332.0299987792969,1483000.0,492400488.18969727,1.0
2022-12-15,327.45001220703125,328.2200012207031,322.3500061035156,323.82000732421875,1343800.0,435149325.8422852,1.0
2022-12-16,331.2799987792969,335.510009765625,326.1199951171875,329.1199951171875,2397100.0,788933540.2954102,1.0
2022-12-19,329.69000244140625,330.239990234375,320.6600036621094,323.3900146484375,1218400.0,394018393.84765625,1.0
2022-12-20,320.6499938964844,326.3999938964844,320.6499938964844,324.42999267578125,1056600.0,342792730.26123047,1.0
2022-12-21,325.5400085449219,331.6199951171875,322.6499938964844,330.2200012207031,532100.0,175710062.64953613,1.0
2022-12-22,325.4599914550781,326.3699951171875,316.0199890136719,321.7200012207031,677000.0,217804440.826416,1.0
2022-12-23,318.989990234375,320.5899963378906,315.6199951171875,320.2099914550781,341200.0,109255649.08447266,1.0
2022-12-27,320.7900085449219,320.7900085449219,315.54998779296875,317.95001220703125,467900.0,148768810.71166992,1.0
2022-12-28,317.82000732421875,321.0599975585937,314.9200134277344,315.3099975585937,349300.0,110137782.1472168,1.0
2022-12-29,319.1600036621094,324.7900085449219,318.7200012207031,321.9800109863281,416200.0,134008080.57250977,1.0
2022-12-30,317.8399963378906,319.3299865722656,315.4200134277344,319.2900085449219,541000.0,172735894.62280273,1.0
2023-01-03,323.0,326.3099975585937,315.5599975585937,319.67999267578125,706100.0,225726042.8283692,1.0
2023-01-04,323.760009765625,325.9200134277344,315.9800109863281,320.92999267578125,790400.0,253663066.2109375,1.0
2023-01-05,317.75,318.1000061035156,312.25,315.0400085449219,794200.0,250204774.7863769,1.0
2023-01-06,318.8900146484375,323.3500061035156,312.2699890136719,320.5400085449219,603900.0,193574111.16027832,1.0
2023-01-09,323.3299865722656,332.6000061035156,323.3299865722656,325.95001220703125,717700.0,233934323.7609864,1.0
2023-01-10,324.5599975585937,328.5299987792969,324.20001220703125,327.6300048828125,530500.0,173807717.59033203,1.0
2023-01-11,329.6000061035156,334.8800048828125,328.94000244140625,334.3500061035156,592100.0,197968638.6138916,1.0
2023-01-12,335.0,336.489990234375,328.4100036621094,333.1000061035156,535300.0,178308433.2672119,1.0
2023-01-13,330.0599975585937,333.7799987792969,327.5599975585937,332.9700012207031,550700.0,183366579.6722412,1.0
2023-01-17,334.0799865722656,339.6400146484375,331.0299987792969,337.29998779296875,653900.0,220560462.01782227,1.0
2023-01-18,339.4599914550781,346.1000061035156,335.239990234375,335.6600036621094,587100.0,197065988.1500244,1.0
2023-01-19,331.8299865722656,337.54998779296875,330.44000244140625,331.2799987792969,630700.0,208938295.2301025,1.0
2023-01-20,330.3399963378906,343.79998779296875,329.8900146484375,342.4200134277344,816600.0,279620182.9650879,1.0
2023-01-23,342.5400085449219,352.0899963378906,341.69000244140625,350.3299865722656,661800.0,231848385.1135254,1.0
2023-01-24,349.5899963378906,351.0,346.0,349.2799987792969,448300.0,156582223.4527588,1.0
2023-01-25,344.3800048828125,351.25,339.6000061035156,349.2699890136719,429300.0,149941606.28356934,1.0
2023-01-26,354.1199951171875,357.3500061035156,350.5400085449219,356.6700134277344,544800.0,194313823.3154297,1.0
2023-01-27,353.9200134277344,359.8699951171875,353.010009765625,357.2699890136719,489800.0,174990840.61889648,1.0
2023-01-30,354.2699890136719,355.760009765625,349.239990234375,349.8800048828125,629800.0,220354427.0751953,1.0
2023-01-31,350.75,356.25,350.75,353.75,934200.0,330473250.0,1.0
2023-02-01,353.6700134277344,369.6099853515625,353.0199890136719,367.0499877929688,844300.0,309900304.6936035,1.0
2023-02-02,372.3900146484375,374.6499938964844,366.05999755859375,368.5899963378906,939700.0,346364019.5587158,1.0
2023-02-03,360.6300048828125,366.3399963378906,358.3599853515625,361.4400024414063,941300.0,340223474.2980957,1.0
2023-02-06,357.25,362.7999877929688,356.6300048828125,359.9700012207031,578400.0,208206648.7060547,1.0
2023-02-07,359.1600036621094,368.5199890136719,355.82000732421875,366.75,692700.0,254047725.0,1.0
2023-02-08,365.1199951171875,367.6099853515625,359.70001220703125,360.6000061035156,757000.0,272974204.6203613,1.0
2023-02-09,365.9700012207031,371.3999938964844,362.6700134277344,363.7099914550781,1061400.0,386041784.9304199,1.0
2023-02-10,359.989990234375,360.9800109863281,356.6300048828125,359.1099853515625,590400.0,212018535.3515625,1.0
2023-02-13,361.260009765625,364.8999938964844,360.0899963378906,361.760009765625,664700.0,240461878.4912109,1.0
2023-02-14,362.8699951171875,378.3299865722656,362.8699951171875,375.9400024414063,1137700.0,427706940.7775879,1.0
2023-02-15,375.489990234375,379.760009765625,373.75,379.4800109863281,869500.0,329957869.5526123,1.0
2023-02-16,357.8699951171875,364.0400085449219,350.0,359.7099914550781,1744400.0,627478109.0942383,1.0
2023-02-17,354.2900085449219,358.6400146484375,350.8299865722656,354.45001220703125,899600.0,318863230.9814453,1.0
2023-02-21,350.6600036621094,352.70001220703125,347.9700012207031,352.3500061035156,823900.0,290301170.0286865,1.0
2023-02-22,354.44000244140625,359.0599975585937,352.1199951171875,355.0599975585937,942300.0,334573035.6994629,1.0
2023-02-23,360.0,367.5499877929688,359.3299865722656,365.4800109863281,1203400.0,439818645.22094727,1.0
2023-02-24,359.0,362.8399963378906,357.6499938964844,362.2799987792969,895400.0,324385510.9069824,1.0
2023-02-27,367.3999938964844,368.25,361.5799865722656,363.3599853515625,1040500.0,378076064.7583008,1.0
2023-02-28,363.1300048828125,368.3900146484375,363.1300048828125,363.760009765625,882500.0,321018208.61816406,1.0
2023-03-01,363.1900024414063,365.9700012207031,359.9599914550781,361.0199890136719,645000.0,232857892.9138184,1.0
2023-03-02,359.2200012207031,364.4200134277344,355.5299987792969,363.3800048828125,536000.0,194771682.6171875,1.0
2023-03-03,365.0,367.9400024414063,364.1300048828125,367.5,620100.0,227886750.0,1.0
2023-03-06,367.4299926757813,371.239990234375,364.989990234375,368.7699890136719,776000.0,286165511.4746094,1.0
2023-03-07,367.6600036621094,370.2699890136719,359.3299865722656,361.2799987792969,551300.0,199173663.3270264,1.0
2023-03-08,361.2099914550781,370.1099853515625,360.5,369.0199890136719,828700.0,305806864.8956299,1.0
2023-03-09,369.1600036621094,374.30999755859375,360.4299926757813,361.9200134277344,774700.0,280379434.4024658,1.0
2023-03-10,361.80999755859375,364.6600036621094,353.6300048828125,355.2300109863281,758200.0,269335394.329834,1.0
2023-03-13,351.29998779296875,363.2200012207031,350.5799865722656,357.2900085449219,785400.0,280615572.71118164,1.0
2023-03-14,361.3399963378906,370.2000122070313,360.1099853515625,369.8399963378906,999500.0,369655076.3397217,1.0
2023-03-15,366.9500122070313,370.0,360.6199951171875,366.8200073242188,903100.0,331275148.61450195,1.0
2023-03-16,366.2000122070313,377.7099914550781,364.239990234375,374.0,884400.0,330765600.0,1.0
2023-03-17,374.0,378.2999877929688,370.5199890136719,372.5299987792969,1640800.0,611247221.9970703,1.0
2023-03-20,373.7999877929688,376.010009765625,370.239990234375,375.5899963378906,714600.0,268396611.38305664,1.0
2023-03-21,377.6199951171875,377.6199951171875,369.510009765625,374.3599853515625,896100.0,335463982.8735352,1.0
2023-03-22,373.3900146484375,381.8599853515625,371.1700134277344,371.3500061035156,723600.0,268708864.4165039,1.0
2023-03-23,375.4700012207031,381.1300048828125,371.2300109863281,379.3999938964844,974400.0,369687354.0527344,1.0
2023-03-24,378.1400146484375,379.9599914550781,370.3699951171875,376.55999755859375,944500.0,355660917.6940918,1.0
2023-03-27,377.0899963378906,378.7799987792969,371.2000122070313,373.9200134277344,655100.0,244955000.7965088,1.0
2023-03-28,372.80999755859375,374.8299865722656,366.0400085449219,369.8699951171875,692200.0,256024010.6201172,1.0
2023-03-29,373.8200073242188,377.25,372.3599853515625,375.0400085449219,902400.0,338436103.7109375,1.0
2023-03-30,376.5400085449219,378.7799987792969,373.1000061035156,375.9400024414063,722100.0,271466275.76293945,1.0
2023-03-31,377.0,386.7200012207031,375.9599914550781,386.25,1131900.0,437196375.0,1.0
2023-04-03,385.1799926757813,389.5799865722656,384.1199951171875,388.9400024414063,843200.0,327954210.0585937,1.0
2023-04-04,389.8800048828125,392.7900085449219,384.010009765625,384.9299926757813,602400.0,231881827.58789065,1.0
2023-04-05,383.25,384.4800109863281,376.1000061035156,378.3599853515625,827200.0,312979379.8828125,1.0
2023-04-06,375.6199951171875,378.30999755859375,373.4100036621094,375.9200134277344,848400.0,318930539.39208984,1.0
2023-04-10,372.9700012207031,380.4500122070313,371.0,379.989990234375,490100.0,186233094.2138672,1.0
2023-04-11,378.0,382.3299865722656,377.5,379.3999938964844,457500.0,173575497.2076416,1.0
2023-04-12,382.3800048828125,383.3800048828125,376.0700073242188,376.5199890136719,532000.0,200308634.15527344,1.0
2023-04-13,380.2999877929688,382.260009765625,377.3900146484375,381.55999755859375,1129400.0,430933861.2426758,1.0
2023-04-14,378.8599853515625,383.2900085449219,377.75,381.6799926757813,613600.0,234198843.5058593,1.0
2023-04-17,381.9599914550781,382.510009765625,376.4700012207031,380.1900024414063,463400.0,176180047.13134766,1.0
2023-04-18,382.760009765625,384.2699890136719,378.1799926757813,380.4299926757813,385800.0,146769891.1743164,1.0
2023-04-19,378.6499938964844,379.7699890136719,375.1900024414063,378.7699890136719,432900.0,163969528.24401855,1.0
2023-04-20,376.1499938964844,382.5199890136719,375.5299987792969,377.55999755859375,513800.0,193990326.74560547,1.0
2023-04-21,376.8200073242188,381.7099914550781,374.6199951171875,377.260009765625,558800.0,210812893.45703125,1.0
2023-04-24,375.6799926757813,380.8500061035156,374.2099914550781,375.6700134277344,490400.0,184228574.5849609,1.0
2023-04-25,371.4100036621094,372.0299987792969,360.3699951171875,364.5299987792969,842200.0,307007164.9719238,1.0
2023-04-26,364.5299987792969,370.6199951171875,363.989990234375,365.1000061035156,718700.0,262397374.38659668,1.0
2023-04-27,367.2999877929688,369.5,362.05999755859375,368.3900146484375,566500.0,208692943.29833984,1.0
2023-04-28,368.3900146484375,374.8500061035156,367.2000122070313,371.3200073242188,743100.0,275927897.4426269,1.0
2023-05-01,370.760009765625,372.8900146484375,367.9400024414063,371.6199951171875,538700.0,200191691.3696289,1.0
2023-05-02,372.2000122070313,374.7999877929688,367.1499938964844,368.8299865722656,648500.0,239186246.29211423,1.0
2023-05-03,369.05999755859375,373.7699890136719,366.1000061035156,368.0,580300.0,213550400.0,1.0
2023-05-04,368.1099853515625,370.8500061035156,366.1000061035156,366.6199951171875,551800.0,202300913.3056641,1.0
2023-05-05,368.3200073242188,372.3500061035156,366.8900146484375,371.55999755859375,679000.0,252289238.3422852,1.0
2023-05-08,371.3900146484375,373.3900146484375,367.3399963378906,371.739990234375,628500.0,233638583.8623047,1.0
2023-05-09,369.5,370.0700073242188,366.0499877929688,366.9500122070313,559900.0,205455311.8347168,1.0
2023-05-10,370.6600036621094,372.760009765625,365.4599914550781,370.1199951171875,563000.0,208377557.25097656,1.0
2023-05-11,370.4700012207031,370.8200073242188,365.5899963378906,367.9599914550781,597700.0,219929686.8927002,1.0
2023-05-12,368.5799865722656,369.510009765625,365.6000061035156,368.8399963378906,761700.0,280945425.2105713,1.0
2023-05-15,368.1199951171875,373.3699951171875,365.6700134277344,373.2799987792969,856800.0,319826302.9541016,1.0
2023-05-16,370.739990234375,377.0,370.2099914550781,375.1400146484375,859600.0,322470356.5917969,1.0
2023-05-17,377.3500061035156,380.05999755859375,374.2000122070313,377.0799865722656,1103600.0,416145473.18115234,1.0
2023-05-18,387.5,410.9100036621094,386.5,409.7099914550781,2005700.0,821755329.8614502,1.0
2023-05-19,413.0299987792969,418.3999938964844,407.4700012207031,408.5,1296700.0,529701950.0,1.0
2023-05-22,405.760009765625,408.1099853515625,398.4100036621094,401.6799926757813,1078600.0,433252040.10009766,1.0
2023-05-23,399.6099853515625,399.6799926757813,392.0,393.0899963378906,844400.0,331925192.90771484,1.0
2023-05-24,390.5799865722656,398.0,390.2000122070313,395.3900146484375,830400.0,328331868.1640625,1.0
2023-05-25,410.0299987792969,440.6400146484375,409.8399963378906,434.2000122070313,2576300.0,1118629491.4489746,1.0
2023-05-26,434.2999877929688,450.0,434.2999877929688,444.7300109863281,1903500.0,846543575.9124756,1.0
2023-05-30,454.1700134277344,468.0299987792969,452.0,464.8299865722656,2692400.0,1251508255.847168,1.0
2023-05-31,460.4500122070313,462.3399963378906,451.1000061035156,454.9599914550781,3080100.0,1401322269.680786,1.0
2023-06-01,446.5299987792969,460.8699951171875,445.8399963378906,454.5499877929688,1359100.0,617778888.4094238,1.0
2023-06-02,455.4400024414063,457.8500061035156,447.5700073242188,449.3599853515625,1047000.0,470479904.66308594,1.0
2023-06-05,448.2300109863281,454.0899963378906,445.1000061035156,450.1600036621094,737100.0,331812938.6993408,1.0
2023-06-06,448.25,450.8800048828125,442.739990234375,443.8399963378906,1152500.0,511525595.77941895,1.0
2023-06-07,443.9800109863281,446.2099914550781,433.760009765625,435.3200073242188,1141900.0,497091916.3635254,1.0
2023-06-08,435.9800109863281,440.489990234375,433.239990234375,437.6900024414063,799700.0,350020694.9523926,1.0
2023-06-09,440.8299865722656,447.4299926757813,437.7699890136719,438.7799987792969,782100.0,343169837.0452881,1.0
2023-06-12,440.0,446.6199951171875,437.75,446.0400085449219,711100.0,317179050.07629395,1.0
2023-06-13,448.75,451.9500122070313,442.0899963378906,449.9800109863281,829000.0,373033429.107666,1.0
2023-06-14,446.6300048828125,451.489990234375,440.8500061035156,446.0499877929688,999800.0,445960777.79541016,1.0
2023-06-15,442.8999938964844,449.2000122070313,441.8500061035156,446.3699951171875,904800.0,403875571.5820313,1.0
2023-06-16,448.739990234375,449.8800048828125,438.5400085449219,441.1900024414063,1890200.0,833937342.6147461,1.0
2023-06-20,437.3399963378906,441.3299865722656,431.5400085449219,435.5,1076800.0,468946400.0,1.0
2023-06-21,434.9299926757813,437.9500122070313,424.8900146484375,426.3399963378906,1038500.0,442754086.1968994,1.0
2023-06-22,423.7799987792969,427.8500061035156,417.80999755859375,426.1300048828125,918000.0,391187344.4824219,1.0
2023-06-23,422.739990234375,424.5700073242188,417.7699890136719,419.55999755859375,4197700.0,1761187001.751709,1.0
2023-06-26,420.6499938964844,425.5,417.0400085449219,417.2099914550781,732200.0,305481155.7434082,1.0
2023-06-27,420.9700012207031,429.1300048828125,416.8699951171875,426.7799987792969,849100.0,362378896.963501,1.0
2023-06-28,424.5799865722656,429.6099853515625,423.1499938964844,427.1499938964844,705600.0,301397035.6933594,1.0
2023-06-29,429.6300048828125,430.8699951171875,425.1400146484375,427.8999938964844,496200.0,212323976.97143555,1.0
2023-06-30,431.6199951171875,438.3500061035156,431.0299987792969,435.4100036621094,973600.0,423915179.5654297,1.0
2023-07-03,431.5199890136719,436.510009765625,429.6199951171875,434.010009765625,484100.0,210104245.72753903,1.0
2023-07-05,432.4700012207031,437.5700073242188,431.4700012207031,432.739990234375,624400.0,270202849.9023437,1.0
2023-07-06,426.8200073242188,432.6600036621094,425.4100036621094,431.1099853515625,965700.0,416322912.8540039,1.0
2023-07-07,430.0400085449219,434.8999938964844,426.489990234375,431.2900085449219,1115400.0,481060875.53100586,1.0
2023-07-10,432.1900024414063,447.010009765625,432.0199890136719,445.7200012207031,1320900.0,588751549.6124268,1.0
2023-07-11,446.1700134277344,446.1700134277344,434.1400146484375,438.7000122070313,944300.0,414264421.5270996,1.0
2023-07-12,444.7799987792969,445.4299926757813,438.2300109863281,441.3500061035156,800900.0,353477219.88830566,1.0
2023-07-13,448.3200073242188,451.1000061035156,445.6400146484375,448.8399963378906,794400.0,356558493.0908203,1.0
2023-07-14,449.5199890136719,457.2099914550781,449.5199890136719,454.1099853515625,865100.0,392850548.3276367,1.0
2023-07-17,454.2900085449219,462.8500061035156,453.2200012207031,461.1799926757813,673500.0,310604725.0671387,1.0
2023-07-18,458.7099914550781,465.0,453.1900024414063,462.9299926757813,924900.0,428163950.2258301,1.0
2023-07-19,464.7200012207031,465.6700134277344,455.760009765625,457.3299865722656,685200.0,313362506.7993164,1.0
2023-07-20,454.8399963378906,458.2900085449219,450.7000122070313,451.7099914550781,800300.0,361503506.161499,1.0
2023-07-21,454.7900085449219,458.2999877929688,451.0,454.0,2549700.0,1157563800.0,1.0
2023-07-24,454.0,455.0,447.3200073242188,450.75,762700.0,343787025.0,1.0
2023-07-25,445.9599914550781,460.2000122070313,445.9599914550781,456.4500122070313,856900.0,391132015.4602051,1.0
2023-07-26,455.760009765625,455.760009765625,445.4200134277344,449.3299865722656,647900.0,291120898.3001709,1.0
2023-07-27,455.510009765625,460.25,447.489990234375,448.739990234375,653900.0,293431079.6142578,1.0
2023-07-28,455.5899963378906,456.1300048828125,448.4599914550781,450.8999938964844,701900.0,316486705.7159424,1.0
2023-07-31,451.0,453.1099853515625,447.7699890136719,451.7999877929688,563100.0,254408573.1262207,1.0
2023-08-01,448.1400146484375,454.55999755859375,444.30999755859375,453.510009765625,550400.0,249611909.375,1.0
2023-08-02,449.75,449.75,439.0799865722656,441.1799926757813,816100.0,360046992.0227051,1.0
2023-08-03,436.8999938964844,441.7300109863281,436.7000122070313,440.1199951171875,493900.0,217375265.5883789,1.0
2023-08-04,442.2900085449219,449.3699951171875,437.2200012207031,441.4200134277344,603600.0,266441120.10498047,1.0
2023-08-07,445.3699951171875,448.9700012207031,441.75,444.0,459700.0,204106800.0,1.0
2023-08-08,441.3399963378906,441.3399963378906,433.7099914550781,435.989990234375,658500.0,287099408.56933594,1.0
2023-08-09,435.2200012207031,436.3699951171875,425.80999755859375,428.9599914550781,575000.0,246651995.08666992,1.0
2023-08-10,435.1799926757813,438.8399963378906,429.4500122070313,431.3900146484375,492000.0,212243887.20703125,1.0
2023-08-11,426.5299987792969,431.3299865722656,425.4400024414063,428.4599914550781,477700.0,204675337.9180908,1.0
2023-08-14,426.1099853515625,434.989990234375,425.6099853515625,434.8500061035156,775500.0,337226179.7332764,1.0
2023-08-15,435.510009765625,439.1199951171875,433.510009765625,436.739990234375,800500.0,349610362.1826172,1.0
2023-08-16,436.5799865722656,436.5799865722656,427.4299926757813,428.2099914550781,884800.0,378880200.4394531,1.0
2023-08-17,450.1600036621094,451.989990234375,423.2799987792969,424.1000061035156,1492000.0,632757209.1064453,1.0
2023-08-18,422.7300109863281,428.4599914550781,418.510009765625,426.0199890136719,802000.0,341668031.18896484,1.0
2023-08-21,427.9400024414063,438.0,427.6300048828125,436.4700012207031,643300.0,280781151.7852783,1.0
2023-08-22,440.4200134277344,443.6600036621094,433.8200073242188,436.3900146484375,682400.0,297792545.9960937,1.0
2023-08-23,438.75,450.5,438.5400085449219,448.239990234375,796900.0,357202448.21777344,1.0
2023-08-24,455.25,456.8200073242188,434.5899963378906,435.8599853515625,906400.0,395063490.72265625,1.0
2023-08-25,436.2300109863281,443.0400085449219,434.1400146484375,442.239990234375,703100.0,310938937.13378906,1.0
2023-08-28,445.7999877929688,448.0,441.2300109863281,443.6799926757813,366400.0,162564349.31640625,1.0
2023-08-29,441.8399963378906,453.5,440.7300109863281,451.5700073242188,692500.0,312712230.0720215,1.0
2023-08-30,453.8500061035156,457.4700012207031,451.6600036621094,457.2799987792969,631600.0,288818047.2290039,1.0
2023-08-31,457.5499877929688,463.9700012207031,457.5499877929688,458.8900146484375,898500.0,412312678.1616211,1.0
2023-09-01,460.0,462.9599914550781,456.8299865722656,460.4500122070313,473200.0,217884945.7763672,1.0
2023-09-05,460.4500122070313,468.5799865722656,457.2900085449219,466.8500061035156,671300.0,313396409.09729004,1.0
2023-09-06,464.80999755859375,471.1499938964844,464.80999755859375,465.6900024414063,746200.0,347497879.82177734,1.0
2023-09-07,465.0700073242188,468.010009765625,451.0899963378906,458.0899963378906,986400.0,451859972.3876953,1.0
2023-09-08,456.9400024414063,460.3900146484375,454.3900146484375,459.1400146484375,830000.0,381086212.1582031,1.0
2023-09-11,459.7799987792969,463.6400146484375,453.3599853515625,461.8200073242188,608800.0,281156020.4589844,1.0
2023-09-12,456.7999877929688,460.4400024414063,454.0199890136719,454.3599853515625,909900.0,413422150.6713867,1.0
2023-09-13,453.3399963378906,469.0,453.3399963378906,466.8599853515625,925300.0,431985544.4458008,1.0
2023-09-14,469.3800048828125,469.7000122070313,460.6000061035156,466.1499938964844,920300.0,428997839.3829346,1.0
2023-09-15,466.6000061035156,467.5,447.9800109863281,451.9299926757813,1681000.0,759694317.6879883,1.0
2023-09-18,450.1900024414063,460.260009765625,448.8200073242188,460.010009765625,621000.0,285666216.0644531,1.0
2023-09-19,458.8900146484375,460.4400024414063,453.1900024414063,460.0199890136719,586700.0,269893727.5543213,1.0
2023-09-20,461.0,463.5400085449219,453.0199890136719,453.2799987792969,668400.0,302972351.18408203,1.0
2023-09-21,448.5799865722656,450.9500122070313,444.010009765625,444.2699890136719,762900.0,338933574.6185303,1.0
2023-09-22,446.2200012207031,454.4700012207031,446.1799926757813,446.8500061035156,577600.0,258100563.52539065,1.0
2023-09-25,445.7999877929688,449.30999755859375,442.7000122070313,447.8299865722656,360900.0,161621842.15393066,1.0
2023-09-26,446.5400085449219,446.5400085449219,440.6199951171875,444.3500061035156,724000.0,321709404.4189453,1.0
2023-09-27,447.989990234375,450.3200073242188,442.0,446.7099914550781,623400.0,278479008.6730957,1.0
2023-09-28,446.6300048828125,463.239990234375,445.0700073242188,460.7099914550781,1114100.0,513277001.48010254,1.0
2023-09-29,468.0299987792969,471.9400024414063,458.3699951171875,458.9700012207031,1189600.0,545990713.4521484,1.0
2023-10-02,461.1900024414063,465.260009765625,456.760009765625,463.8200073242188,734100.0,340490267.376709,1.0
2023-10-03,460.8999938964844,465.760009765625,448.260009765625,450.7200012207031,884900.0,398842129.0802002,1.0
2023-10-04,452.55999755859375,463.8900146484375,452.5499877929688,461.3200073242188,600900.0,277207192.40112305,1.0
2023-10-05,462.1099853515625,463.8999938964844,452.2699890136719,459.75,550200.0,252954450.0,1.0
2023-10-06,455.5199890136719,476.989990234375,454.6000061035156,473.260009765625,905100.0,428347634.8388672,1.0
2023-10-09,468.0,482.4700012207031,464.3800048828125,479.9200134277344,868400.0,416762539.6606445,1.0
2023-10-10,483.1099853515625,493.9200134277344,480.1700134277344,490.1099853515625,1267700.0,621312428.4301758,1.0
2023-10-11,490.2799987792969,495.4400024414063,489.55999755859375,494.9500122070313,707900.0,350375113.6413574,1.0
2023-10-12,497.80999755859375,502.6600036621094,491.9599914550781,496.2300109863281,967800.0,480251404.6325684,1.0
2023-10-13,496.4500122070313,498.4200134277344,486.1400146484375,489.6700134277344,747900.0,366224203.04260254,1.0
2023-10-16,490.5,495.4100036621094,487.760009765625,491.9599914550781,610900.0,300538358.7799072,1.0
2023-10-17,486.9800109863281,494.2300109863281,481.8699951171875,492.0499877929688,664600.0,327016421.88720703,1.0
2023-10-18,490.5299987792969,493.05999755859375,483.9599914550781,485.7300109863281,605200.0,293963802.6489258,1.0
2023-10-19,488.510009765625,492.3299865722656,481.3500061035156,482.3699951171875,642400.0,309874484.86328125,1.0
2023-10-20,482.3699951171875,482.4299926757813,466.3500061035156,467.6400146484375,1002000.0,468575294.6777344,1.0
2023-10-23,466.0,473.55999755859375,461.4500122070313,467.8200073242188,764300.0,357554831.5979004,1.0
2023-10-24,466.4800109863281,474.3999938964844,463.489990234375,468.0299987792969,642900.0,300896486.21521,1.0
2023-10-25,467.6099853515625,468.239990234375,454.2699890136719,455.260009765625,853600.0,388609944.3359375,1.0
2023-10-26,458.4200134277344,460.5899963378906,448.9100036621094,453.5400085449219,630200.0,285820913.38500977,1.0
2023-10-27,457.6300048828125,460.1499938964844,453.3800048828125,457.0,559700.0,255782900.0,1.0
2023-10-30,460.2699890136719,462.739990234375,455.0,460.9400024414063,697800.0,321643933.7036133,1.0
2023-10-31,464.3200073242188,472.2900085449219,459.0799865722656,469.4400024414063,729700.0,342550369.78149414,1.0
2023-11-01,470.7000122070313,477.7999877929688,468.0,475.3800048828125,939000.0,446381824.58496094,1.0
2023-11-02,480.3599853515625,482.5400085449219,472.1000061035156,478.6400146484375,1001500.0,479357974.67041016,1.0
2023-11-03,482.4599914550781,492.239990234375,480.6199951171875,487.9400024414063,710600.0,346730165.7348633,1.0
2023-11-06,487.9500122070313,490.3399963378906,484.8999938964844,489.9400024414063,651500.0,319195911.5905762,1.0
2023-11-07,494.010009765625,500.5799865722656,490.1199951171875,499.0199890136719,662400.0,330550840.72265625,1.0
2023-11-08,500.0,506.8999938964844,499.6400146484375,506.1600036621094,791500.0,400625642.8985596,1.0
2023-11-09,505.80999755859375,513.0,504.1600036621094,505.1700134277344,789000.0,398579140.5944824,1.0
2023-11-10,511.0700073242188,520.510009765625,507.8599853515625,518.8300170898438,1109200.0,575486254.9560547,1.0
2023-11-13,516.22998046875,524.8099975585938,514.4500122070312,522.8800048828125,713200.0,372918019.4824219,1.0
2023-11-14,531.3300170898438,538.8200073242188,525.22998046875,538.3200073242188,784900.0,422527373.7487793,1.0
2023-11-15,540.5499877929688,541.8400268554688,524.510009765625,529.3200073242188,1284400.0,679858617.4072266,1.0
2023-11-16,530.3400268554688,537.780029296875,528.47998046875,533.4500122070312,816400.0,435508589.9658203,1.0
2023-11-17,534.2100219726562,539.8400268554688,531.8900146484375,534.780029296875,599900.0,320814539.5751953,1.0
2023-11-20,536.9199829101562,544.719970703125,535.2999877929688,541.52001953125,698100.0,378035125.6347656,1.0
2023-11-21,542.1799926757812,545.5700073242188,535.7000122070312,540.3800048828125,683700.0,369457809.3383789,1.0
2023-11-22,542.219970703125,549.0,540.7000122070312,541.030029296875,600300.0,324780326.58691406,1.0
2023-11-24,538.4299926757812,543.4199829101562,537.9400024414062,542.6900024414062,243300.0,132036477.59399414,1.0
2023-11-27,545.9000244140625,549.6699829101562,539.47998046875,543.530029296875,997200.0,542008145.2148438,1.0
2023-11-28,542.0399780273438,544.47998046875,539.1500244140625,543.72998046875,880800.0,478917366.796875,1.0
2023-11-29,550.5900268554688,557.0,549.3800048828125,552.4600219726562,1123700.0,620799326.6906738,1.0
2023-11-30,558.469970703125,564.780029296875,530.5,543.22998046875,2185900.0,1187446414.3066406,1.0
2023-12-01,543.5599975585938,548.1900024414062,539.280029296875,545.9600219726562,876600.0,478588555.26123047,1.0
2023-12-04,540.1500244140625,542.4099731445312,522.9199829101562,531.2000122070312,1061500.0,563868812.9577637,1.0
2023-12-05,525.3599853515625,535.9500122070312,523.5999755859375,535.7100219726562,879800.0,471317677.33154297,1.0
2023-12-06,538.6599731445312,540.1900024414062,526.5,527.489990234375,688000.0,362913113.28125,1.0
2023-12-07,531.2999877929688,535.0800170898438,528.969970703125,534.1500244140625,557200.0,297628393.6035156,1.0
2023-12-08,531.6300048828125,539.6900024414062,531.6300048828125,535.9299926757812,569200.0,305051351.8310547,1.0
2023-12-11,540.0,557.4199829101562,538.6500244140625,556.02001953125,898900.0,499806395.5566406,1.0
2023-12-12,557.739990234375,568.3300170898438,555.5499877929688,567.0599975585938,788600.0,447183514.07470703,1.0
2023-12-13,571.6900024414062,573.77001953125,561.9600219726562,568.0900268554688,782900.0,444757682.0251465,1.0
2023-12-14,570.5999755859375,571.8699951171875,549.02001953125,551.4500122070312,1747600.0,963714041.3330078,1.0
2023-12-15,548.9299926757812,558.1799926757812,548.0900268554688,556.27001953125,2477000.0,1377880838.3789062,1.0
2023-12-18,557.4600219726562,563.4199829101562,555.0,559.6900024414062,645600.0,361335865.5761719,1.0
2023-12-19,563.3900146484375,565.6400146484375,555.5800170898438,558.6500244140625,794900.0,444070904.4067383,1.0
2023-12-20,557.27001953125,563.3200073242188,551.5700073242188,551.719970703125,694600.0,383224691.6503906,1.0
2023-12-21,557.27001953125,562.4199829101562,555.9099731445312,559.9600219726562,636800.0,356582541.9921875,1.0
2023-12-22,562.0,562.0499877929688,523.0,524.4600219726562,2971200.0,1558275617.2851562,1.0
2023-12-26,530.0,534.5800170898438,519.1599731445312,520.25,2096700.0,1090808175.0,1.0
2023-12-27,523.0,524.989990234375,516.6099853515625,518.0999755859375,1107200.0,573640292.96875,1.0
2023-12-28,520.0,521.0,515.1799926757812,517.4099731445312,852000.0,440833297.1191406,1.0
2023-12-29,516.6199951171875,518.3900146484375,510.739990234375,514.9099731445312,769200.0,396068751.34277344,1.0
2024-01-02,507.9500122070313,509.5,496.80999755859375,498.9700012207031,1277700.0,637533970.5596924,1.0
2024-01-03,496.4599914550781,496.6099853515625,489.4100036621094,492.3999938964844,1205300.0,593489712.6434326,1.0
2024-01-04,489.75,494.3900146484375,488.4299926757813,490.1799926757813,884200.0,433417149.5239258,1.0
2024-01-05,492.0299987792969,496.1499938964844,477.6499938964844,484.80999755859375,3014100.0,1461265813.6413574,1.0
2024-01-08,490.3900146484375,500.3900146484375,488.05999755859375,499.9800109863281,1829000.0,914463440.093994,1.0
2024-01-09,495.0,503.8399963378906,495.0,501.8699951171875,1171500.0,587940699.2797852,1.0
2024-01-10,503.8200073242188,509.0,501.4500122070313,505.1799926757813,1277600.0,645417958.6425781,1.0
2024-01-11,507.5,509.739990234375,493.1799926757813,498.4599914550781,1483800.0,739614935.3210449,1.0
2024-01-12,501.2999877929688,502.6799926757813,493.1900024414063,494.3999938964844,1107600.0,547597433.2397461,1.0
2024-01-16,501.5199890136719,517.25,499.7799987792969,509.6799926757813,3495800.0,1781739318.395996,1.0
2024-01-17,511.9800109863281,514.25,496.0299987792969,507.8699951171875,1821400.0,925034409.1064452,1.0
2024-01-18,511.2699890136719,515.0,491.5799865722656,494.3399963378906,2753100.0,1360967443.917847,1.0
2024-01-19,498.0,517.7000122070312,496.1300048828125,517.3099975585938,2696500.0,1394926408.416748,1.0
2024-01-22,524.1500244140625,542.5,523.0,541.7100219726562,3231500.0,1750535936.004639,1.0
2024-01-23,545.6400146484375,549.3200073242188,537.75,548.9000244140625,1860700.0,1021338275.427246,1.0
2024-01-24,552.47998046875,554.5700073242188,538.8900146484375,540.4600219726562,1375800.0,743564898.2299805,1.0
2024-01-25,545.0,546.2000122070312,533.6300048828125,536.6799926757812,1258700.0,675519106.7810059,1.0
2024-01-26,530.7999877929688,532.8599853515625,525.4199829101562,528.1300048828125,1028100.0,542970458.0200195,1.0
2024-01-29,529.4099731445312,540.3499755859375,528.9099731445312,539.9000244140625,1074200.0,579960606.2255859,1.0
2024-01-30,539.9000244140625,543.6400146484375,536.6199951171875,543.1799926757812,1013500.0,550512922.5769043,1.0
2024-01-31,538.0,539.239990234375,531.1300048828125,533.3499755859375,1439900.0,767970629.8461914,1.0
2024-02-01,534.0,542.219970703125,531.010009765625,540.0,974200.0,526068000.0,1.0
2024-02-02,541.1799926757812,552.4099731445312,541.1799926757812,552.0499877929688,1274100.0,703366889.4470215,1.0
2024-02-05,555.010009765625,561.6799926757812,550.2999877929688,559.1400146484375,1237100.0,691712112.121582,1.0
2024-02-06,561.27001953125,563.5900268554688,534.2100219726562,542.4299926757812,1341800.0,727832564.1723633,1.0
2024-02-07,546.0,559.27001953125,546.0,554.280029296875,1044600.0,579000918.6035156,1.0
2024-02-08,563.25,573.5800170898438,562.0,570.6900024414062,1513600.0,863796387.6953125,1.0
2024-02-09,574.3400268554688,582.8499755859375,571.3200073242188,575.2999877929688,999900.0,575242457.7941895,1.0
2024-02-12,576.0,577.9600219726562,565.3699951171875,568.9299926757812,813300.0,462710763.0432129,1.0
2024-02-13,549.0700073242188,554.6599731445312,538.0,548.530029296875,1477900.0,810672530.2978516,1.0
2024-02-14,554.5900268554688,562.8900146484375,554.4500122070312,562.72998046875,929400.0,523001243.84765625,1.0
2024-02-15,567.1400146484375,568.5999755859375,556.9000244140625,557.8300170898438,858000.0,478618154.66308594,1.0
2024-02-16,559.9500122070312,563.8699951171875,550.97998046875,552.9099731445312,896100.0,495462626.93481445,1.0
2024-02-20,551.5,555.0,538.719970703125,547.97998046875,1115700.0,611381264.2089844,1.0
2024-02-21,539.0,544.8699951171875,527.030029296875,543.5700073242188,1827800.0,993537259.387207,1.0
2024-02-22,589.989990234375,629.3800048828125,579.1099853515625,580.9000244140625,3322400.0,1929982241.1132808,1.0
2024-02-23,583.9500122070312,585.010009765625,570.75,575.6500244140625,1210800.0,696997049.5605469,1.0
2024-02-26,579.6799926757812,581.489990234375,571.010009765625,575.7000122070312,1034000.0,595273812.6220703,1.0
2024-02-27,577.2999877929688,578.0999755859375,567.3800048828125,574.0,731100.0,419651400.0,1.0
2024-02-28,570.9500122070312,572.7899780273438,566.2000122070312,570.280029296875,589300.0,336066021.26464844,1.0
2024-02-29,575.5499877929688,579.4400024414062,571.0,573.72998046875,993700.0,570115481.5917969,1.0
2024-03-01,572.5599975585938,592.9000244140625,572.5599975585938,591.3499755859375,962800.0,569351756.4941406,1.0
2024-03-04,597.760009765625,604.3499755859375,591.2999877929688,594.3200073242188,1063600.0,632118759.7900391,1.0
2024-03-05,589.1099853515625,591.22998046875,560.5,565.260009765625,977100.0,552315555.5419922,1.0
2024-03-06,574.9099731445312,582.52001953125,567.010009765625,575.969970703125,787800.0,453749142.9199219,1.0
2024-03-07,583.1900024414062,588.1300048828125,577.9099731445312,583.3499755859375,756000.0,441012581.5429688,1.0
2024-03-08,585.260009765625,586.260009765625,569.5599975585938,571.2899780273438,724700.0,414013847.076416,1.0
2024-03-11,562.989990234375,567.719970703125,555.489990234375,565.3200073242188,656400.0,371076052.8076172,1.0
2024-03-12,568.489990234375,577.1900024414062,564.010009765625,576.719970703125,622700.0,359123525.75683594,1.0
2024-03-13,569.5800170898438,570.3699951171875,556.6699829101562,561.2000122070312,894200.0,501825050.91552734,1.0
2024-03-14,563.1799926757812,567.1699829101562,554.510009765625,559.3099975585938,732600.0,409750504.2114258,1.0
2024-03-15,557.3699951171875,562.0,546.9099731445312,550.030029296875,1348300.0,741605488.5009766,1.0
2024-03-18,558.5900268554688,565.9500122070312,555.1199951171875,560.6300048828125,1085400.0,608507807.2998047,1.0
2024-03-19,572.1799926757812,585.739990234375,562.0,584.7100219726562,1557500.0,910685859.222412,1.0
2024-03-20,592.489990234375,598.0,581.0599975585938,589.780029296875,1135000.0,669400333.2519531,1.0
2024-03-21,600.0,616.5399780273438,593.0,602.010009765625,1814000.0,1092046157.7148438,1.0
2024-03-22,601.0,604.9099731445312,588.280029296875,594.2000122070312,1242500.0,738293515.1672363,1.0
2024-03-25,586.9000244140625,588.1300048828125,580.6500244140625,584.3200073242188,1328000.0,775976969.7265625,1.0
2024-03-26,584.8800048828125,591.27001953125,584.0,584.3200073242188,1024000.0,598343687.5,1.0
2024-03-27,587.6400146484375,588.1199951171875,570.510009765625,573.3499755859375,871300.0,499559833.72802734,1.0
2024-03-28,576.1199951171875,577.0,570.0,571.5,999100.0,570985650.0,1.0
2024-04-01,578.0700073242188,582.6699829101562,571.719970703125,576.8900146484375,609100.0,351383707.9223633,1.0
2024-04-02,567.0,571.9099731445312,563.6300048828125,569.8200073242188,739500.0,421381895.41625977,1.0
2024-04-03,565.97998046875,580.8300170898438,565.97998046875,578.8699951171875,758800.0,439246552.2949219,1.0
2024-04-04,590.0,592.7100219726562,567.02001953125,567.1099853515625,983000.0,557469115.6005859,1.0
2024-04-05,571.02001953125,578.9000244140625,570.0800170898438,575.4500122070312,774100.0,445455854.4494629,1.0
2024-04-08,575.4000244140625,577.8699951171875,566.4600219726562,576.3599853515625,605600.0,349043607.12890625,1.0
2024-04-09,582.489990234375,583.239990234375,567.1500244140625,568.989990234375,1038400.0,590839205.859375,1.0
2024-04-10,559.6900024414062,564.0,557.4000244140625,561.22998046875,780000.0,437759384.765625,1.0
2024-04-11,560.4600219726562,563.72998046875,554.3800048828125,561.969970703125,914400.0,513865341.2109375,1.0
2024-04-12,553.27001953125,560.52001953125,550.1900024414062,557.1599731445312,810700.0,451689590.2282715,1.0
2024-04-15,567.9099731445312,567.9099731445312,541.3900146484375,543.9099731445312,941800.0,512254412.70751953,1.0
2024-04-16,542.4500122070312,544.5599975585938,539.1799926757812,541.0900268554688,897500.0,485628299.1027832,1.0
2024-04-17,542.1599731445312,546.6699829101562,525.77001953125,527.5800170898438,1120900.0,591364441.1560059,1.0
2024-04-18,529.3900146484375,530.0,517.0599975585938,519.7100219726562,1177600.0,612010521.875,1.0
2024-04-19,518.9000244140625,522.6199951171875,508.1900024414063,510.7099914550781,1192600.0,609072735.8093262,1.0
2024-04-22,513.0800170898438,518.77001953125,510.75,515.489990234375,974800.0,502499642.4804688,1.0
2024-04-23,510.7699890136719,531.72998046875,510.7699890136719,527.5,1487500.0,784656250.0,1.0
2024-04-24,533.1900024414062,540.72998046875,527.280029296875,527.52001953125,1431000.0,754881147.9492188,1.0
2024-04-25,523.260009765625,534.1400146484375,518.7999877929688,530.1099853515625,924800.0,490245714.453125,1.0
2024-04-26,529.47998046875,548.77001953125,529.47998046875,543.6599731445312,997600.0,542355189.2089844,1.0
2024-04-29,545.1500244140625,548.8300170898438,540.530029296875,544.760009765625,647500.0,352732106.3232422,1.0
2024-04-30,542.5499877929688,543.9600219726562,530.5900268554688,530.5900268554688,741300.0,393326386.907959,1.0
2024-05-01,528.1699829101562,534.0499877929688,519.6199951171875,522.1799926757812,747100.0,390120672.5280762,1.0
2024-05-02,524.3599853515625,527.1400146484375,512.1199951171875,523.3800048828125,1087200.0,569018741.3085938,1.0
2024-05-03,528.780029296875,540.4000244140625,528.5,536.9400024414062,855800.0,459513254.08935547,1.0
2024-05-06,539.3300170898438,546.6099853515625,537.02001953125,545.5399780273438,674800.0,368130377.1728516,1.0
2024-05-07,548.1099853515625,556.5599975585938,542.72998046875,549.6099853515625,759200.0,417263900.8789063,1.0
2024-05-08,546.0,552.1799926757812,545.3499755859375,550.489990234375,536800.0,295503026.7578125,1.0
2024-05-09,551.4199829101562,552.5399780273438,546.4199829101562,549.8800048828125,410000.0,225450802.00195312,1.0
2024-05-10,551.6599731445312,562.9299926757812,551.010009765625,556.7100219726562,587800.0,327234150.91552734,1.0
2024-05-13,561.3699951171875,561.3699951171875,553.6199951171875,557.3900146484375,547900.0,305393989.0258789,1.0
2024-05-14,552.8800048828125,560.3499755859375,552.760009765625,559.6300048828125,500800.0,280262706.4453125,1.0
2024-05-15,565.7999877929688,582.969970703125,564.8800048828125,580.2000122070312,968200.0,561749651.8188477,1.0
2024-05-16,581.0,581.8200073242188,568.5800170898438,569.27001953125,665900.0,379076906.0058594,1.0
2024-05-17,571.1400146484375,572.5499877929688,563.5499877929688,566.72998046875,560900.0,317878846.0449219,1.0
2024-05-20,566.72998046875,574.77001953125,565.1799926757812,574.3800048828125,495100.0,284375540.41748047,1.0
2024-05-21,573.6599731445312,574.0,566.8200073242188,571.530029296875,579500.0,331201651.97753906,1.0
2024-05-22,574.989990234375,581.6300048828125,569.9299926757812,573.1300048828125,1018700.0,583847535.9741211,1.0
2024-05-23,582.0999755859375,605.4500122070312,568.4600219726562,586.2999877929688,1735100.0,1017289108.81958,1.0
2024-05-24,582.9000244140625,594.6099853515625,580.0,587.4000244140625,725600.0,426217457.71484375,1.0
2024-05-28,581.3800048828125,592.3499755859375,581.239990234375,587.9400024414062,890600.0,523619366.1743164,1.0
2024-05-29,580.5800170898438,586.3499755859375,576.5999755859375,580.2100219726562,991900.0,575510320.7946777,1.0
2024-05-30,573.8200073242188,577.9099731445312,563.9000244140625,564.72998046875,1152700.0,650964248.4863281,1.0
2024-05-31,562.0800170898438,564.0,545.010009765625,560.7999877929688,1903200.0,1067314536.767578,1.0
2024-06-03,564.97998046875,566.8699951171875,549.969970703125,561.1799926757812,934200.0,524254349.1577149,1.0
2024-06-04,559.5499877929688,563.25,553.1799926757812,561.72998046875,885400.0,497355724.7070313,1.0
2024-06-05,565.3099975585938,588.3200073242188,562.8300170898438,588.1400146484375,1147700.0,675008294.8120117,1.0
2024-06-06,590.72998046875,592.8300170898438,569.2899780273438,573.8499755859375,1080100.0,619815358.6303711,1.0
2024-06-07,577.75,578.0399780273438,569.780029296875,571.4500122070312,423600.0,242066225.17089844,1.0
2024-06-10,566.969970703125,576.3900146484375,566.239990234375,576.1799926757812,586200.0,337756711.70654297,1.0
2024-06-11,573.6799926757812,580.6400146484375,569.6900024414062,579.9099731445312,667900.0,387321871.0632324,1.0
2024-06-12,584.75,593.3599853515625,582.9000244140625,590.8900146484375,691600.0,408659534.1308594,1.0
2024-06-13,585.8800048828125,596.97998046875,585.3599853515625,586.5399780273438,568400.0,333389323.5107422,1.0
2024-06-14,586.9099731445312,590.6300048828125,584.8900146484375,590.2100219726562,600600.0,354480139.19677734,1.0
2024-06-17,591.0,614.9500122070312,587.5700073242188,612.719970703125,1203400.0,737347212.7441406,1.0
2024-06-18,611.4099731445312,620.5900268554688,607.3099975585938,620.3099975585938,1040900.0,645680676.4587402,1.0
2024-06-20,622.9299926757812,622.989990234375,607.27001953125,610.1799926757812,1156800.0,705856215.5273438,1.0
2024-06-21,613.5999755859375,613.5999755859375,599.6699829101562,605.530029296875,1670900.0,1011780125.9521484,1.0
2024-06-24,599.260009765625,603.2000122070312,595.5,595.5999755859375,899000.0,535444378.0517578,1.0
2024-06-25,597.6900024414062,600.510009765625,593.6699829101562,600.1400146484375,763800.0,458386943.18847656,1.0
2024-06-26,597.4400024414062,601.7899780273438,594.260009765625,598.52001953125,559100.0,334632542.9199219,1.0
2024-06-27,600.3099975585938,606.4099731445312,593.8900146484375,595.0,594400.0,353668000.0,1.0
2024-06-28,596.8200073242188,608.1599731445312,593.9000244140625,595.0599975585938,1019100.0,606425643.5119629,1.0
2024-07-01,594.7899780273438,604.4400024414062,588.8300170898438,601.75,613100.0,368932925.0,1.0
2024-07-02,601.4199829101562,610.6400146484375,600.5700073242188,609.6599731445312,531400.0,323973309.7290039,1.0
2024-07-03,609.0,612.9000244140625,606.0399780273438,606.989990234375,491500.0,298335580.2001953,1.0
2024-07-05,611.9000244140625,622.7899780273438,609.0499877929688,621.2999877929688,946200.0,587874048.449707,1.0
2024-07-08,621.6500244140625,622.0,611.4099731445312,615.489990234375,559600.0,344428198.53515625,1.0
2024-07-09,616.4000244140625,616.5499877929688,603.3400268554688,607.9400024414062,466500.0,283604011.138916,1.0
2024-07-10,609.1500244140625,621.010009765625,603.1199951171875,619.5599975585938,691400.0,428363782.3120117,1.0
2024-07-11,620.0,624.7999877929688,606.97998046875,608.739990234375,553500.0,336937584.59472656,1.0
2024-07-12,606.8499755859375,620.3300170898438,604.6199951171875,614.0499877929688,505000.0,310095243.8354492,1.0
2024-07-15,612.5599975585938,621.239990234375,612.3800048828125,616.010009765625,494200.0,304432146.8261719,1.0
2024-07-16,619.3900146484375,620.4299926757812,609.1799926757812,613.010009765625,473400.0,290198938.6230469,1.0
2024-07-17,604.3499755859375,604.8300170898438,569.2999877929688,570.3800048828125,1405200.0,801497982.8613281,1.0
2024-07-18,576.2999877929688,576.2999877929688,546.8599853515625,560.3800048828125,1204100.0,674753563.8793945,1.0
2024-07-19,565.7100219726562,568.4500122070312,558.0599975585938,563.1199951171875,981700.0,552814899.206543,1.0
2024-07-22,573.0,589.0499877929688,571.4400024414062,587.7100219726562,1079900.0,634668052.7282715,1.0
2024-07-23,581.3699951171875,593.97998046875,581.3699951171875,588.3300170898438,708900.0,417067149.11499023,1.0
2024-07-24,576.02001953125,583.0999755859375,551.1199951171875,553.3300170898438,1033200.0,571700573.6572266,1.0
2024-07-25,556.4500122070312,557.8800048828125,537.0900268554688,538.719970703125,1283600.0,691500954.3945312,1.0
2024-07-26,548.3599853515625,555.4199829101562,543.3699951171875,546.3800048828125,677500.0,370172453.3081055,1.0
2024-07-29,550.25,555.1300048828125,544.1400146484375,547.52001953125,490600.0,268613321.58203125,1.0
2024-07-30,551.5599975585938,552.0800170898438,522.1900024414062,525.8900146484375,1253200.0,659045366.3574219,1.0
2024-07-31,552.989990234375,560.8200073242188,548.1500244140625,558.3200073242188,1133600.0,632911560.3027344,1.0
2024-08-01,556.0399780273438,569.0,534.02001953125,540.6699829101562,1370800.0,741150412.5732422,1.0
2024-08-02,504.0,515.4000244140625,483.7000122070313,505.7799987792969,2843500.0,1438185426.528931,1.0
2024-08-05,475.0,495.0,474.5700073242188,487.8399963378906,2050300.0,1000218344.4915771,1.0
2024-08-06,500.0,510.5499877929688,487.8699951171875,499.3900146484375,1488800.0,743491853.8085938,1.0
2024-08-07,513.2000122070312,520.97998046875,488.4500122070313,489.9700012207031,1901700.0,931775951.3214113,1.0
2024-08-08,504.3999938964844,518.1300048828125,493.7099914550781,515.030029296875,1110500.0,571940847.5341797,1.0
2024-08-09,512.280029296875,526.3200073242188,512.280029296875,524.72998046875,852900.0,447542200.3417969,1.0
2024-08-12,523.0399780273438,528.4400024414062,517.9500122070312,520.8400268554688,623200.0,324587504.7363281,1.0
2024-08-13,530.0,534.3800048828125,526.1400146484375,528.6400146484375,780500.0,412603531.4331055,1.0
2024-08-14,530.4099731445312,534.0,524.2100219726562,530.7999877929688,613300.0,325539632.51342773,1.0
2024-08-15,541.6799926757812,549.2899780273438,538.5,548.280029296875,622200.0,341139834.2285156,1.0
2024-08-16,548.0,554.0800170898438,543.3800048828125,549.0,580200.0,318529800.0,1.0
2024-08-19,549.0,558.780029296875,544.8200073242188,558.219970703125,741100.0,413696820.28808594,1.0
2024-08-20,558.739990234375,565.8699951171875,553.5,557.030029296875,703900.0,392093437.6220703,1.0
2024-08-21,559.5700073242188,568.4400024414062,556.6799926757812,564.6799926757812,867800.0,490029297.64404297,1.0
2024-08-22,577.260009765625,585.6699829101562,546.9199829101562,548.0599975585938,1312000.0,719054716.796875,1.0
2024-08-23,558.8800048828125,558.8800048828125,538.1199951171875,539.3900146484375,1053700.0,568355258.4350586,1.0
2024-08-26,533.52001953125,537.3400268554688,523.4500122070312,525.9099731445312,971300.0,510816356.9152832,1.0
2024-08-27,521.9299926757812,529.5399780273438,518.0700073242188,521.780029296875,1462200.0,762946758.8378906,1.0
2024-08-28,522.9099731445312,523.7999877929688,506.3299865722656,509.9800109863281,1082800.0,552206355.8959961,1.0
2024-08-29,514.9199829101562,526.4299926757812,513.4299926757812,517.02001953125,932400.0,482069466.2109375,1.0
2024-08-30,525.530029296875,529.0,514.4400024414062,519.5800170898438,1233500.0,640901951.0803223,1.0
2024-09-03,514.1500244140625,514.4000244140625,479.0899963378906,481.2200012207031,2562000.0,1232885643.1274414,1.0
2024-09-04,476.9100036621094,483.3999938964844,472.6000061035156,477.5299987792969,1897800.0,906256431.6833496,1.0
2024-09-05,475.05999755859375,484.0799865722656,469.5799865722656,476.0299987792969,1234300.0,587563827.4932861,1.0
2024-09-06,477.9200134277344,482.0,462.4200134277344,463.9700012207031,1137700.0,527858670.388794,1.0
2024-09-09,466.5299987792969,467.1600036621094,457.5199890136719,464.1600036621094,1954900.0,907386391.1590576,1.0
2024-09-10,463.3599853515625,467.8699951171875,458.7900085449219,465.5,985100.0,458564050.0,1.0
2024-09-11,466.489990234375,482.5400085449219,460.1300048828125,481.5,1617000.0,778585500.0,1.0
2024-09-12,480.1400146484375,494.6300048828125,476.9299926757813,488.9500122070313,1239400.0,606004645.1293945,1.0
2024-09-13,488.9500122070313,494.7699890136719,485.0,490.0700073242188,955200.0,468114870.99609375,1.0
2024-09-16,491.9599914550781,501.3200073242188,491.1600036621094,498.5700073242188,1189200.0,592899452.7099609,1.0
2024-09-17,505.8599853515625,507.6000061035156,496.2699890136719,502.25,1424600.0,715505350.0,1.0
2024-09-18,506.489990234375,506.8500061035156,493.0899963378906,495.9500122070313,1075100.0,533195858.1237793,1.0
2024-09-19,517.1799926757812,521.4299926757812,510.6900024414063,514.1199951171875,1269300.0,652572509.8022461,1.0
2024-09-20,510.7000122070313,513.1300048828125,502.5,506.6499938964844,1582600.0,801824280.3405762,1.0
2024-09-23,507.4100036621094,509.9200134277344,505.2900085449219,505.7900085449219,731900.0,370187707.2540283,1.0
2024-09-24,507.6900024414063,510.9599914550781,497.1600036621094,506.8299865722656,1017000.0,515446096.3439941,1.0
2024-09-25,506.0199890136719,511.7900085449219,503.8200073242188,510.3599853515625,838200.0,427783739.7216797,1.0
2024-09-26,523.97998046875,525.489990234375,509.2000122070313,515.4000244140625,891200.0,459324501.7578125,1.0
2024-09-27,519.1400146484375,519.1400146484375,509.0799865722656,513.3099975585938,528300.0,271181671.7102051,1.0
2024-09-30,511.4800109863281,511.4800109863281,502.1000061035156,506.3900146484375,834700.0,422683745.2270508,1.0
2024-10-01,507.5400085449219,508.3599853515625,490.55999755859375,495.55999755859375,1117100.0,553590073.2727051,1.0
2024-10-02,493.9100036621094,506.2699890136719,493.2799987792969,496.8200073242188,645000.0,320448904.7241211,1.0
2024-10-03,490.5799865722656,499.1499938964844,490.5799865722656,495.4100036621094,865200.0,428628735.168457,1.0
2024-10-04,509.6199951171875,510.2999877929688,496.1000061035156,499.1199951171875,637000.0,317939436.88964844,1.0
2024-10-07,493.0,497.1400146484375,489.4500122070313,494.8699951171875,826400.0,408960563.96484375,1.0
2024-10-08,498.7000122070313,518.1699829101562,498.239990234375,517.760009765625,1151300.0,596097099.2431641,1.0
2024-10-09,517.3699951171875,530.4000244140625,516.3900146484375,529.0,936200.0,495249800.0,1.0
2024-10-10,526.0800170898438,536.4199829101562,525.3400268554688,533.0800170898438,931900.0,496777267.9260254,1.0
2024-10-11,531.97998046875,541.22998046875,530.0,539.9199829101562,825900.0,445919913.8854981,1.0
2024-10-14,544.3099975585938,547.1300048828125,541.6400146484375,545.4600219726562,931600.0,508150556.46972656,1.0
2024-10-15,548.2999877929688,550.5900268554688,515.6900024414062,517.5599975585938,1493500.0,772975856.3537598,1.0
2024-10-16,515.969970703125,515.969970703125,495.5,501.3500061035156,1661800.0,833143440.1428223,1.0
2024-10-17,511.239990234375,514.719970703125,501.5,504.6900024414063,1124600.0,567574376.7456055,1.0
2024-10-18,500.6499938964844,513.6799926757812,499.0499877929688,507.0299987792969,862600.0,437364076.9470215,1.0
2024-10-21,501.9299926757813,507.5,501.1199951171875,505.5899963378906,820300.0,414735473.9959717,1.0
2024-10-22,500.8999938964844,503.5499877929688,495.3900146484375,502.4100036621094,771100.0,387408353.8238525,1.0
2024-10-23,498.1400146484375,502.4200134277344,489.7699890136719,493.4100036621094,653300.0,322344755.39245605,1.0
2024-10-24,497.0700073242188,500.6499938964844,491.1199951171875,495.25,662000.0,327855500.0,1.0
2024-10-25,500.2200012207031,508.3599853515625,498.6300048828125,501.5799865722656,639700.0,320860717.4102783,1.0
2024-10-28,505.1600036621094,505.2099914550781,495.9100036621094,496.1799926757813,638100.0,316612453.326416,1.0
2024-10-29,511.0,531.3800048828125,509.3500061035156,529.2100219726562,1266900.0,670456176.8371582,1.0
2024-10-30,526.2000122070312,536.8699951171875,523.280029296875,536.4199829101562,1240200.0,665268062.8051758,1.0
2024-10-31,531.969970703125,531.969970703125,512.8300170898438,513.6099853515625,1211100.0,622033053.2592773,1.0
2024-11-01,508.8299865722656,521.5999755859375,508.8299865722656,518.4000244140625,901500.0,467337622.0092773,1.0
2024-11-04,521.5999755859375,527.25,516.97998046875,524.52001953125,583000.0,305795171.38671875,1.0
2024-11-05,527.3499755859375,532.3599853515625,521.1500244140625,521.97998046875,627500.0,327542437.7441406,1.0
2024-11-06,536.4000244140625,554.8400268554688,534.2899780273438,553.1500244140625,1318600.0,729383622.1923828,1.0
2024-11-07,560.0,574.6400146484375,557.8200073242188,573.5900268554688,1114700.0,639380802.935791,1.0
2024-11-08,573.8400268554688,573.8400268554688,559.9000244140625,561.5499877929688,967100.0,543074993.1945801,1.0
2024-11-11,559.5,561.5499877929688,553.2899780273438,556.260009765625,617400.0,343434930.0292969,1.0
2024-11-12,551.2999877929688,555.8699951171875,548.739990234375,553.469970703125,607200.0,336066966.2109375,1.0
2024-11-13,550.260009765625,567.010009765625,550.0800170898438,557.9600219726562,635800.0,354750981.97021484,1.0
2024-11-14,555.1799926757812,557.4099731445312,541.6599731445312,548.3099975585938,795900.0,436399927.0568848,1.0
2024-11-15,542.1400146484375,542.1400146484375,519.6599731445312,520.75,1025700.0,534133275.0,1.0
2024-11-18,523.6799926757812,530.97998046875,518.9199829101562,523.97998046875,895100.0,469014480.5175781,1.0
2024-11-19,516.8499755859375,535.0,515.0,534.02001953125,571600.0,305245843.1640625,1.0
2024-11-20,535.8499755859375,542.1599731445312,528.5999755859375,541.5599975585938,734400.0,397721662.2070313,1.0
2024-11-21,549.0599975585938,560.5499877929688,543.5399780273438,557.9400024414062,864500.0,482339132.1105957,1.0
2024-11-22,557.8800048828125,568.4099731445312,555.8099975585938,565.0700073242188,900000.0,508563006.5917969,1.0
2024-11-25,569.4099731445312,570.280029296875,557.6199951171875,561.8699951171875,918800.0,516246151.5136719,1.0
2024-11-26,562.6500244140625,562.8099975585938,549.5800170898438,553.9500122070312,767700.0,425267424.3713379,1.0
2024-11-27,552.72998046875,552.72998046875,542.8900146484375,547.739990234375,771600.0,422636176.46484375,1.0
2024-11-29,548.1400146484375,565.27001953125,547.1699829101562,558.489990234375,598600.0,334312108.1542969,1.0
2024-12-02,555.9299926757812,566.9400024414062,554.8400268554688,565.9299926757812,742500.0,420203019.5617676,1.0
2024-12-03,560.3599853515625,570.7899780273438,559.2100219726562,570.1900024414062,765400.0,436423427.86865234,1.0
2024-12-04,580.0,592.989990234375,577.77001953125,588.0,1845800.0,1085330400.0,1.0
2024-12-05,544.52001953125,558.8699951171875,513.0900268554688,515.2899780273438,5081500.0,2618446023.345948,1.0
2024-12-06,518.8499755859375,529.7999877929688,515.6799926757812,517.280029296875,2336500.0,1208624788.4521484,1.0
2024-12-09,515.2899780273438,517.7100219726562,504.7999877929688,508.489990234375,1896000.0,964097021.484375,1.0
2024-12-10,505.0,507.6499938964844,495.3999938964844,505.3200073242188,1785000.0,901996213.0737303,1.0
2024-12-11,511.3500061035156,515.8699951171875,509.3599853515625,512.0599975585938,1005100.0,514671503.5461426,1.0
2024-12-12,512.0499877929688,514.97998046875,508.0799865722656,511.7300109863281,729600.0,373358216.015625,1.0
2024-12-13,507.75,516.0,499.25,508.2799987792969,1215100.0,617611026.5167236,1.0
2024-12-16,507.3900146484375,525.3300170898438,505.5,522.1099853515625,1319200.0,688767492.6757812,1.0
2024-12-17,520.3499755859375,524.72998046875,510.9800109863281,511.8699951171875,1444700.0,739498581.9458008,1.0
2024-12-18,512.72998046875,519.4299926757812,492.25,494.4299926757813,1098900.0,543329118.951416,1.0
2024-12-19,502.3900146484375,509.9800109863281,493.010009765625,493.3500061035156,1132700.0,558817551.9134521,1.0
2024-12-20,486.8200073242188,501.55999755859375,483.5,492.1799926757813,2198700.0,1082156149.8962402,1.0
2024-12-23,493.9200134277344,507.9500122070313,488.6600036621094,492.5799865722656,1126900.0,555088386.8682861,1.0
2024-12-24,494.239990234375,500.510009765625,492.2000122070313,500.1600036621094,426500.0,213318241.56188965,1.0
2024-12-26,495.1499938964844,500.8299865722656,494.760009765625,495.8200073242188,542100.0,268784025.970459,1.0
2024-12-27,490.8500061035156,495.2000122070313,485.0700073242188,490.9100036621094,654800.0,321447870.3979492,1.0
2024-12-30,485.989990234375,491.55999755859375,478.8399963378906,486.739990234375,658000.0,320274913.57421875,1.0
2024-12-31,487.7000122070313,489.05999755859375,483.55999755859375,485.3599853515625,628200.0,304903142.7978516,1.0
2025-01-02,494.0400085449219,494.5299987792969,479.0,482.75,807900.0,390013725.0,1.0
2025-01-03,488.2200012207031,494.8800048828125,485.3500061035156,493.7099914550781,786500.0,388302908.27941895,1.0
2025-01-06,499.6600036621094,509.0899963378906,498.2200012207031,501.05999755859375,881400.0,441634281.8481445,1.0
2025-01-07,501.5899963378906,502.7900085449219,485.7900085449219,487.6199951171875,1212900.0,591434292.0776367,1.0
2025-01-08,491.4200134277344,502.7900085449219,490.4100036621094,502.0,1266800.0,635933600.0,1.0
2025-01-10,496.8900146484375,498.3299865722656,485.1099853515625,492.5400085449219,1281600.0,631239274.9511719,1.0
2025-01-13,489.0799865722656,493.3999938964844,485.2099914550781,487.4299926757813,891300.0,434446352.4719238,1.0
2025-01-14,492.6600036621094,494.7799987792969,484.6600036621094,490.3599853515625,833500.0,408715047.79052734,1.0
2025-01-15,501.4599914550781,510.9500122070313,501.2799987792969,507.1900024414063,1129200.0,572718950.7568359,1.0
2025-01-16,512.25,523.8800048828125,508.3800048828125,515.8099975585938,1160000.0,598339597.1679688,1.0
2025-01-17,529.22998046875,529.9500122070312,523.8800048828125,526.7000122070312,1240500.0,653371365.1428223,1.0
2025-01-21,532.0,535.47998046875,527.0700073242188,529.75,1193600.0,632309600.0,1.0
2025-01-22,531.2100219726562,547.4000244140625,531.2100219726562,544.7000122070312,1091600.0,594594533.3251953,1.0
2025-01-23,540.760009765625,556.3099975585938,537.8699951171875,551.5399780273438,1524400.0,840767542.5048828,1.0
2025-01-24,552.8900146484375,553.27001953125,542.1500244140625,546.1900024414062,880500.0,480920297.1496582,1.0
2025-01-27,523.280029296875,530.0,502.1900024414063,510.7300109863281,1840200.0,939845366.217041,1.0
2025-01-28,510.2000122070313,527.8400268554688,504.0,526.1199951171875,1606500.0,845211772.1557617,1.0
2025-01-29,523.6099853515625,523.9600219726562,511.2200012207031,512.7100219726562,891600.0,457132255.5908203,1.0
2025-01-30,515.9000244140625,528.1500244140625,515.739990234375,526.3599853515625,741000.0,390032749.1455078,1.0
2025-01-31,528.260009765625,533.97998046875,523.469970703125,525.47998046875,1095000.0,575400578.6132812,1.0
2025-02-03,511.6900024414063,526.1099853515625,510.0,520.25,765400.0,398199350.0,1.0
2025-02-04,516.9099731445312,524.3499755859375,514.8200073242188,523.8800048828125,859400.0,450222476.19628906,1.0
2025-02-05,524.5700073242188,529.6400146484375,515.7899780273438,528.4199829101562,547500.0,289309940.64331055,1.0
2025-02-06,530.989990234375,536.0399780273438,528.8800048828125,533.1799926757812,683800.0,364588478.9916992,1.0
2025-02-07,536.0,545.6500244140625,522.0,525.8200073242188,703100.0,369704047.1496582,1.0
2025-02-10,527.8499755859375,536.2100219726562,526.27001953125,531.3300170898438,769000.0,408592783.1420898,1.0
2025-02-11,526.8099975585938,530.030029296875,524.5800170898438,529.1400146484375,431600.0,228376830.3222656,1.0
2025-02-12,513.5800170898438,517.719970703125,507.9500122070313,509.7099914550781,979700.0,499362878.62854,1.0
2025-02-13,509.7099914550781,529.3699951171875,508.30999755859375,528.2899780273438,1049100.0,554229015.9484863,1.0
2025-02-14,527.3599853515625,527.6599731445312,519.4099731445312,522.530029296875,943700.0,493111588.64746094,1.0
2025-02-18,527.9600219726562,528.0,516.0700073242188,525.0,1118700.0,587317500.0,1.0
2025-02-19,521.27001953125,521.27001953125,486.5700073242188,500.9800109863281,2417700.0,1211219372.5616455,1.0
2025-02-20,502.4100036621094,505.1700134277344,493.4800109863281,493.9700012207031,1270900.0,627786474.5513916,1.0
2025-02-21,493.739990234375,493.739990234375,472.739990234375,474.8399963378906,1371000.0,651005634.979248,1.0
2025-02-24,479.2799987792969,481.1300048828125,465.0,470.0799865722656,1374000.0,645889901.550293,1.0
2025-02-25,467.6400146484375,469.2699890136719,457.0,457.9500122070313,1867300.0,855130057.7941895,1.0
2025-02-26,465.0,476.7099914550781,462.25,470.4599914550781,1540300.0,724649524.8382568,1.0
2025-02-27,481.5,488.0,454.0499877929688,454.7099914550781,2037000.0,926244252.593994,1.0
2025-02-28,462.2900085449219,463.4800109863281,448.1099853515625,457.2799987792969,1581700.0,723279774.0692139,1.0
2025-03-03,463.5700073242188,467.7300109863281,442.2900085449219,443.260009765625,2101900.0,931688214.5263672,1.0
2025-03-04,440.3699951171875,451.9700012207031,429.7699890136719,445.4700012207031,1641100.0,731060819.0032959,1.0
2025-03-05,437.3200073242188,451.2900085449219,433.9100036621094,447.9599914550781,1273900.0,570656233.114624,1.0
2025-03-06,439.0,450.3599853515625,435.8399963378906,445.7300109863281,1524700.0,679604547.7508545,1.0
2025-03-07,443.260009765625,452.5400085449219,433.5,450.8800048828125,1119200.0,504624901.46484375,1.0
2025-03-10,437.3999938964844,441.5799865722656,427.2999877929688,429.8500061035156,1713700.0,736633955.4595947,1.0
2025-03-11,431.0299987792969,440.5199890136719,427.7300109863281,430.6799926757813,1588400.0,684092100.3662109,1.0
2025-03-12,442.2300109863281,449.739990234375,431.8500061035156,432.4599914550781,1900100.0,821717229.763794,1.0
2025-03-13,431.6300048828125,439.4400024414063,425.7300109863281,428.5799865722656,1541400.0,660613191.3024902,1.0
2025-03-14,433.0499877929688,447.9800109863281,433.0499877929688,446.2300109863281,1118100.0,498929775.2838135,1.0
2025-03-17,445.0,460.80999755859375,440.0,453.510009765625,1489100.0,675321755.5419922,1.0
2025-03-18,448.80999755859375,454.5899963378906,445.0199890136719,447.989990234375,1020100.0,456994589.03808594,1.0
2025-03-19,447.1799926757813,455.489990234375,440.8200073242188,450.2799987792969,1108300.0,499045322.6470947,1.0
2025-03-20,446.8900146484375,453.9299926757813,443.1900024414063,449.989990234375,810200.0,364581890.0878906,1.0
2025-03-21,441.2000122070313,454.6099853515625,438.1199951171875,448.6000061035156,3362100.0,1508238080.52063,1.0
2025-03-24,456.8200073242188,464.2200012207031,455.5400085449219,457.7699890136719,974200.0,445959523.2971192,1.0
2025-03-25,457.4299926757813,458.6400146484375,453.7099914550781,457.2300109863281,759000.0,347037578.33862305,1.0
2025-03-26,454.3500061035156,460.4400024414063,447.1099853515625,449.8999938964844,749100.0,337020085.42785645,1.0
2025-03-27,445.4800109863281,450.5799865722656,440.4299926757813,446.2300109863281,699000.0,311914777.67944336,1.0
2025-03-28,446.9200134277344,448.0499877929688,437.05999755859375,437.9500122070313,941500.0,412329936.4929199,1.0
2025-03-31,429.0199890136719,431.6900024414063,423.0799865722656,428.8500061035156,1371100.0,587996243.3685303,1.0
2025-04-01,430.1099853515625,436.7200012207031,423.1700134277344,435.9400024414063,985800.0,429749654.4067383,1.0
2025-04-02,426.1600036621094,443.6199951171875,425.0,438.5499877929688,1111200.0,487316746.4355469,1.0
2025-04-03,417.6799926757813,421.1300048828125,404.0799865722656,417.760009765625,2133600.0,891332756.8359375,1.0
2025-04-04,403.0,408.9400024414063,387.4100036621094,388.1300048828125,2513200.0,975448328.2714844,1.0
2025-04-07,375.9599914550781,402.0,365.739990234375,380.8999938964844,3060100.0,1165592071.3226318,1.0
2025-04-08,391.3900146484375,403.1900024414063,376.2300109863281,381.5899963378906,2191500.0,836254476.9744873,1.0
2025-04-09,380.8800048828125,432.5400085449219,375.9700012207031,428.7000122070313,2146100.0,920033096.1975098,1.0
2025-04-10,415.3200073242188,417.7300109863281,391.6099853515625,406.8900146484375,1537600.0,625634086.5234375,1.0
2025-04-11,407.0700073242188,425.7099914550781,402.8299865722656,421.2099914550781,1745600.0,735264161.0839844,1.0
2025-04-14,428.8999938964844,430.5499877929688,416.0,421.9800109863281,1119500.0,472406622.2991944,1.0
2025-04-15,423.0899963378906,430.3200073242188,422.2300109863281,425.6499938964844,1016100.0,432502958.7982178,1.0
2025-04-16,416.1900024414063,423.55999755859375,408.6199951171875,415.6499938964844,1064000.0,442251593.5058594,1.0
2025-04-17,421.3800048828125,421.7799987792969,412.1000061035156,413.3200073242188,1002400.0,414311975.3417969,1.0
2025-04-21,406.260009765625,407.2900085449219,396.0299987792969,402.3599853515625,901400.0,362687290.7958984,1.0
2025-04-22,407.6900024414063,417.1600036621094,402.8599853515625,413.3999938964844,946500.0,391283094.22302246,1.0
2025-04-23,432.3399963378906,441.3800048828125,420.1700134277344,422.2300109863281,1008100.0,425650074.0753174,1.0
2025-04-24,426.1600036621094,440.1900024414063,423.0,438.8999938964844,1093000.0,479717693.3288574,1.0
2025-04-25,435.6400146484375,447.30999755859375,433.30999755859375,446.6199951171875,1032100.0,460956496.9604492,1.0
2025-04-28,444.3900146484375,447.4599914550781,436.8800048828125,443.9700012207031,1117100.0,495958888.36364746,1.0
2025-04-29,445.8299865722656,462.4299926757813,444.239990234375,460.7699890136719,1415400.0,652173842.4499512,1.0
2025-04-30,449.6700134277344,460.7099914550781,448.6499938964844,459.010009765625,1338900.0,614568502.0751953,1.0
2025-05-01,462.4700012207031,467.7300109863281,457.7000122070313,459.3599853515625,1137700.0,522613855.3344727,1.0
2025-05-02,469.8500061035156,476.4400024414063,467.5899963378906,472.2799987792969,1293700.0,610988634.4207764,1.0
2025-05-05,469.1700134277344,482.8699951171875,465.5899963378906,477.4100036621094,1074600.0,513024789.93530273,1.0
2025-05-06,468.760009765625,478.5400085449219,467.8599853515625,473.5499877929688,834200.0,395035399.8168945,1.0
2025-05-07,474.1499938964844,483.8599853515625,473.1099853515625,480.5400085449219,899300.0,432149629.6844482,1.0
2025-05-08,485.0,491.3200073242188,482.7200012207031,484.5,1011800.0,490217100.0,1.0
2025-05-09,487.1099853515625,487.8399963378906,479.0400085449219,482.8999938964844,571500.0,275977346.5118408,1.0
2025-05-12,503.6600036621094,506.6600036621094,497.0499877929688,505.5899963378906,1099700.0,555997318.9727783,1.0
2025-05-13,506.5799865722656,516.5800170898438,505.5799865722656,515.7100219726562,823400.0,424635632.0922852,1.0
2025-05-14,512.3599853515625,518.0800170898438,512.3599853515625,517.6599731445312,881600.0,456369032.3242188,1.0
2025-05-15,516.6300048828125,521.0999755859375,512.1900024414062,514.47998046875,826600.0,425269151.8554688,1.0
2025-05-16,514.47998046875,516.6699829101562,509.739990234375,514.4299926757812,948100.0,487731076.0559082,1.0
2025-05-19,507.5,518.469970703125,504.1400146484375,516.010009765625,848600.0,437886094.2871094,1.0
2025-05-20,512.5,515.72998046875,508.0,515.6099853515625,740800.0,381963877.1484375,1.0
2025-05-21,507.2200012207031,514.02001953125,501.2799987792969,501.4599914550781,866100.0,434314498.5992432,1.0
2025-05-22,500.739990234375,506.5899963378906,497.1199951171875,503.4800109863281,774900.0,390146660.51330566,1.0
2025-05-23,495.3200073242188,501.9700012207031,493.7300109863281,498.8500061035156,670000.0,334229504.08935547,1.0
2025-05-27,507.1400146484375,515.0800170898438,504.3599853515625,511.7900085449219,1251900.0,640709911.6973877,1.0
2025-05-28,511.0199890136719,514.989990234375,445.0,462.4299926757813,4806200.0,2222531030.79834,1.0
2025-05-29,473.0,487.989990234375,437.6900024414063,454.989990234375,4314300.0,1962963314.868164,1.0
2025-05-30,450.3599853515625,465.760009765625,447.4800109863281,463.9800109863281,3356200.0,1557209712.8723145,1.0
2025-06-02,459.9200134277344,466.4599914550781,452.489990234375,466.1499938964844,1299300.0,605668687.0697021,1.0
2025-06-03,464.55999755859375,471.9599914550781,461.1199951171875,466.260009765625,1295200.0,603899964.6484375,1.0
2025-06-04,467.3200073242188,474.2200012207031,463.6000061035156,473.1900024414063,972400.0,460129958.3740234,1.0
2025-06-05,475.6000061035156,490.6700134277344,472.8800048828125,482.2000122070313,1676800.0,808552980.46875,1.0
2025-06-06,486.3200073242188,490.760009765625,482.4800109863281,486.0,943200.0,458395200.0,1.0
2025-06-09,503.8800048828125,512.0,495.010009765625,495.7699890136719,1612100.0,799230799.2889404,1.0
2025-06-10,495.7699890136719,504.5299987792969,493.2799987792969,504.3999938964844,1085000.0,547273993.3776855,1.0
2025-06-11,503.25,505.9800109863281,498.239990234375,500.7300109863281,1104800.0,553206516.1376953,1.0
2025-06-12,497.260009765625,500.8900146484375,494.7200012207031,494.989990234375,867800.0,429552313.5253906,1.0
2025-06-13,486.4400024414063,488.6499938964844,477.5299987792969,478.8599853515625,1162500.0,556674732.9711914,1.0
2025-06-16,480.5,482.8299865722656,473.75,479.4100036621094,1386400.0,664654029.0771484,1.0
2025-06-17,477.80999755859375,484.5299987792969,473.8200073242188,475.3999938964844,765500.0,363918695.3277588,1.0
2025-06-18,473.3299865722656,478.489990234375,468.760009765625,473.6199951171875,1040500.0,492801604.9194336,1.0
2025-06-20,480.0,482.5299987792969,468.5400085449219,470.5299987792969,1510900.0,710923775.1556396,1.0
2025-06-23,468.8900146484375,474.2000122070313,460.8900146484375,470.9800109863281,897500.0,422704559.8602295,1.0
2025-06-24,474.2999877929688,481.0,472.55999755859375,478.9800109863281,866200.0,414892485.5163574,1.0
2025-06-25,478.9800109863281,487.6799926757813,474.0,487.2699890136719,867900.0,422901623.4649658,1.0
2025-06-26,489.010009765625,496.7099914550781,486.05999755859375,495.7000122070313,1019300.0,505267022.44262695,1.0
2025-06-27,500.010009765625,521.6900024414062,500.010009765625,502.6300048828125,2153600.0,1082463978.515625,1.0
2025-06-30,505.8900146484375,517.4000244140625,503.9200134277344,512.6799926757812,1343700.0,688888106.1584473,1.0
2025-07-01,509.2200012207031,522.8499755859375,506.0799865722656,521.780029296875,1512800.0,789348828.3203125,1.0
2025-07-02,517.1799926757812,526.0900268554688,514.0,523.1099853515625,979100.0,512176986.6577149,1.0
2025-07-03,544.7000122070312,555.0,536.3499755859375,548.739990234375,2020000.0,1108454780.2734375,1.0
2025-07-07,544.1099853515625,545.0800170898438,534.3400268554688,536.52001953125,1391000.0,746299347.1679688,1.0
2025-07-08,540.6699829101562,552.3499755859375,538.97998046875,551.510009765625,1314800.0,725125360.8398438,1.0
2025-07-09,552.3800048828125,554.4199829101562,544.0599975585938,550.9500122070312,839900.0,462742915.2526856,1.0
2025-07-10,552.489990234375,569.4400024414062,545.8300170898438,566.1900024414062,1775200.0,1005100492.3339844,1.0
2025-07-11,563.969970703125,572.9099731445312,559.1400146484375,559.280029296875,1358500.0,759781919.7998047,1.0
2025-07-14,575.0,579.0,542.489990234375,549.530029296875,5084300.0,2793975527.9541016,1.0
2025-07-15,553.8900146484375,570.3800048828125,549.0,569.0999755859375,3178400.0,1808827362.402344,1.0
2025-07-16,569.25,574.97998046875,550.6199951171875,571.2000122070312,7936000.0,4533043296.875,1.0
2025-07-17,567.510009765625,590.0,563.0,589.010009765625,3621100.0,2132864146.3623047,1.0
2025-07-18,588.2100219726562,600.9000244140625,578.8699951171875,584.760009765625,3682300.0,2153261783.959961,1.0
2025-07-21,587.5900268554688,596.4299926757812,582.6500244140625,591.4600219726562,2445000.0,1446119753.7231443,1.0
2025-07-22,583.9199829101562,617.0,578.8699951171875,615.1300048828125,2890600.0,1778094792.1142578,1.0
2025-07-23,612.7999877929688,618.489990234375,605.030029296875,614.4199829101562,2002300.0,1230253131.781006,1.0
2025-07-24,611.5499877929688,615.0499877929688,606.3099975585938,609.6799926757812,1414300.0,862270413.6413574,1.0
2025-07-25,611.6500244140625,611.6500244140625,600.8599853515625,601.5499877929688,1819800.0,1094700667.7856443,1.0
2025-07-28,605.280029296875,607.7100219726562,588.3699951171875,592.6300048828125,1770500.0,1049251423.6450197,1.0
2025-07-29,614.0599975585938,647.2000122070312,613.5800170898438,635.8099975585938,3293600.0,2094103807.9589844,1.0
2025-07-30,635.1400146484375,651.72998046875,632.6699829101562,645.3499755859375,1919000.0,1238426603.149414,1.0
2025-07-31,644.780029296875,646.2899780273438,632.739990234375,633.469970703125,1165900.0,738562638.8427734,1.0
2025-08-01,617.5499877929688,625.3099975585938,608.0999755859375,618.6500244140625,1300400.0,804492491.7480469,1.0
2025-08-04,622.4199829101562,636.6099853515625,615.7899780273438,636.02001953125,1121700.0,713423655.9082031,1.0
2025-08-05,634.77001953125,636.25,624.0800170898438,628.5,1032200.0,648737700.0,1.0
2025-08-06,627.5,630.2899780273438,615.9500122070312,625.8800048828125,1016300.0,636081848.9624023,1.0
2025-08-07,632.8300170898438,632.989990234375,608.1900024414062,620.3300170898438,1428600.0,886203462.4145508,1.0
2025-08-08,625.0,625.22998046875,618.3599853515625,619.4199829101562,700600.0,433965640.02685547,1.0
2025-08-11,620.4000244140625,623.469970703125,613.6500244140625,616.1199951171875,956000.0,589010715.3320312,1.0
2025-08-12,615.4199829101562,627.1199951171875,609.1599731445312,625.7999877929688,1168400.0,731184705.7373047,1.0
2025-08-13,628.75,628.8900146484375,612.6900024414062,618.5700073242188,1012400.0,626240275.4150391,1.0
2025-08-14,616.5,619.7899780273438,612.1699829101562,616.3599853515625,954200.0,588130698.0224609,1.0
2025-08-15,616.3599853515625,620.0,606.3099975585938,617.9099731445312,881800.0,544873014.3188477,1.0
2025-08-18,617.9099731445312,626.239990234375,615.1199951171875,625.3300170898438,749600.0,468747380.8105469,1.0
2025-08-19,620.6099853515625,624.8200073242188,611.0,612.7899780273438,1170700.0,717393227.2766113,1.0
2025-08-20,611.0900268554688,613.8300170898438,595.0999755859375,601.1300048828125,1659500.0,997575243.1030272,1.0
2025-08-21,597.1900024414062,603.9400024414062,593.0499877929688,598.1699829101562,1145600.0,685263532.421875,1.0
2025-08-22,600.3599853515625,612.97998046875,597.47998046875,606.52001953125,863200.0,523548080.859375,1.0
2025-08-25,604.969970703125,605.3400268554688,596.0999755859375,597.0,783800.0,467928600.0,1.0
2025-08-26,595.9299926757812,600.1300048828125,593.0,596.0,1224400.0,729742400.0,1.0
2025-08-27,596.9400024414062,603.8699951171875,593.3200073242188,603.1699829101562,916200.0,552624338.3422852,1.0
2025-08-28,605.030029296875,614.6300048828125,604.989990234375,612.1699829101562,902200.0,552299758.581543,1.0
2025-08-29,608.97998046875,612.0,601.9400024414062,603.52001953125,992800.0,599174675.390625,1.0
2025-09-02,589.0499877929688,596.8200073242188,584.010009765625,592.010009765625,1399600.0,828577209.6679688,1.0
2025-09-03,590.760009765625,593.7000122070312,586.77001953125,592.1199951171875,973700.0,576547239.2456055,1.0
2025-09-04,591.989990234375,602.8499755859375,584.0,601.9600219726562,1012900.0,609725306.2561035,1.0
2025-09-05,609.77001953125,615.75,594.6099853515625,598.1400146484375,1388900.0,830756666.3452148,1.0
2025-09-08,600.9199829101562,615.7899780273438,599.219970703125,609.0800170898438,1729500.0,1053403889.5568848,1.0
2025-09-09,610.9400024414062,614.8900146484375,602.5,604.3699951171875,2236200.0,1351492183.0810547,1.0
2025-09-10,427.7999877929688,429.6400146484375,380.8399963378906,387.7799987792969,21155800.0,8203796098.175049,1.0
2025-09-11,415.9700012207031,439.6799926757813,405.5,438.1000061035156,15275600.0,6692240453.234863,1.0
2025-09-12,443.8200073242188,444.1900024414063,421.9400024414063,425.4500122070313,6689000.0,2845835131.652832,1.0
2025-09-15,431.5,433.989990234375,416.7900085449219,419.2000122070313,4432300.0,1858020214.1052248,1.0
2025-09-16,420.5499877929688,427.3699951171875,417.0,425.9700012207031,3006200.0,1280551017.6696775,1.0
2025-09-17,425.0,429.25,417.510009765625,425.3999938964844,3082100.0,1311125321.1883545,1.0
2025-09-18,460.0,483.239990234375,448.0,480.1099853515625,8240300.0,3956250312.292481,1.0
2025-09-19,479.0,498.0499877929688,475.2799987792969,495.5,6099800.0,3022450900.0,1.0
2025-09-22,490.0,515.6400146484375,481.4599914550781,514.7899780273438,4831800.0,2487362215.8325195,1.0
2025-09-23,511.4599914550781,513.0,488.5799865722656,490.3200073242188,3517900.0,1724896753.7658691,1.0
2025-09-24,491.0,491.3200073242188,464.239990234375,468.0899963378906,4028400.0,1885653741.2475584,1.0
2025-09-25,462.5,487.5899963378906,462.0,487.2000122070313,3647300.0,1776964604.522705,1.0
2025-09-26,477.1400146484375,493.0,477.1400146484375,487.760009765625,2532900.0,1235447328.7353516,1.0
2025-09-29,488.0,491.9599914550781,478.2799987792969,481.6099853515625,2905500.0,1399317812.4389648,1.0
2025-09-30,482.0499877929688,495.2099914550781,480.7900085449219,493.3900146484375,2649400.0,1307187504.8095703,1.0
2025-10-01,488.75,495.7200012207031,484.5,488.7799987792969,2017600.0,986162525.5371094,1.0
2025-10-02,484.7000122070313,489.2900085449219,470.3500061035156,471.1499938964844,2693400.0,1268995393.560791,1.0
2025-10-03,473.5,475.7999877929688,466.5899963378906,469.1700134277344,2263600.0,1062013242.3950197,1.0
2025-10-06,471.989990234375,481.2300109863281,469.5499877929688,478.2200012207031,1651000.0,789541222.0153809,1.0
2025-10-07,484.1099853515625,484.1099853515625,468.4299926757813,477.8299865722656,1222200.0,584003809.588623,1.0
2025-10-08,476.80999755859375,492.3599853515625,476.7200012207031,489.3599853515625,1789600.0,875758629.7851562,1.0
2025-10-09,487.5,488.0799865722656,480.6900024414063,484.4100036621094,1727500.0,836818281.326294,1.0
2025-10-10,484.4100036621094,487.5799865722656,437.2699890136719,438.9200134277344,3588200.0,1574932792.1813965,1.0
2025-10-13,449.4800109863281,453.7999877929688,440.0,448.0,2260600.0,1012748800.0,1.0
2025-10-14,436.4100036621094,452.7999877929688,433.3599853515625,443.760009765625,2937600.0,1303589404.6875,1.0
2025-10-15,446.260009765625,448.8900146484375,432.0,435.8999938964844,3109700.0,1355518211.0198977,1.0
2025-10-16,439.5299987792969,445.5400085449219,435.5799865722656,440.2000122070313,1931300.0,850158283.5754395,1.0
2025-10-17,435.6400146484375,456.8399963378906,435.260009765625,447.6400146484375,2510400.0,1123755492.7734375,1.0
2025-10-20,450.6600036621094,457.8200073242188,449.0,453.3500061035156,1539900.0,698113674.3988037,1.0
2025-10-21,448.25,459.6900024414063,445.010009765625,459.0400085449219,1356300.0,622595963.5894775,1.0
2025-10-22,456.4800109863281,465.75,444.3599853515625,454.2999877929688,2755300.0,1251732756.3659668,1.0
2025-10-23,452.0,460.4100036621094,450.5,456.0899963378906,1384100.0,631274163.9312744,1.0
2025-10-24,461.6499938964844,473.489990234375,458.1300048828125,464.1799926757813,1294600.0,600927418.5180664,1.0
2025-10-27,471.2799987792969,475.4200134277344,461.489990234375,465.4100036621094,1720500.0,800737911.3006592,1.0
2025-10-28,461.6799926757813,462.3999938964844,445.0,456.8299865722656,2173800.0,993057024.810791,1.0
2025-10-29,454.75,457.1499938964844,444.4599914550781,455.3399963378906,2315100.0,1054157625.5218506,1.0
2025-10-30,450.0,452.7699890136719,438.5499877929688,442.9299926757813,1717000.0,760510797.4243164,1.0
2025-10-31,445.2999877929688,456.239990234375,442.6900024414063,453.8200073242188,1699200.0,771130956.4453125,1.0
2025-11-03,451.8399963378906,452.510009765625,437.5700073242188,445.7200012207031,1944000.0,866479682.3730469,1.0
2025-11-04,435.0,437.1099853515625,415.2099914550781,416.3500061035156,4353400.0,1812538116.571045,1.0
2025-11-05,416.5,416.9200134277344,402.7000122070313,409.1099853515625,4292500.0,1756104612.121582,1.0
2025-11-06,411.0,411.55999755859375,391.5400085449219,396.1400146484375,4046800.0,1603099411.2792969,1.0
2025-11-07,394.3200073242188,400.30999755859375,386.9100036621094,393.4299926757813,2641900.0,1039402697.6501464,1.0
2025-11-10,398.8699951171875,401.2799987792969,388.4400024414063,400.7699890136719,1886600.0,756092661.2731934,1.0
2025-11-11,398.1199951171875,399.6900024414063,390.0199890136719,395.6000061035156,1718400.0,679799050.4882812,1.0
2025-11-12,400.6199951171875,403.75,394.4400024414063,398.80999755859375,1705100.0,680010926.8371582,1.0
2025-11-13,396.25,403.6400146484375,392.4100036621094,393.9299926757813,2022600.0,796762803.1860352,1.0
2025-11-14,388.05999755859375,397.8500061035156,386.2200012207031,389.8299865722656,1337400.0,521358624.0417481,1.0
2025-11-17,389.5,399.1099853515625,388.010009765625,390.239990234375,1694700.0,661339711.4501953,1.0
2025-11-18,388.0,389.6000061035156,376.1799926757813,383.8200073242188,2248300.0,862942522.467041,1.0
2025-11-19,385.5,400.6000061035156,381.489990234375,386.2999877929688,2076100.0,801997404.6569824,1.0
2025-11-20,401.7900085449219,405.5400085449219,383.2200012207031,385.6000061035156,1898900.0,732215851.5899658,1.0
2025-11-21,383.2699890136719,392.1499938964844,376.6900024414063,388.3599853515625,1795800.0,697416861.6943359,1.0
2025-11-24,395.0,405.9100036621094,391.6199951171875,404.6300048828125,2855900.0,1155582830.9448242,1.0
2025-11-25,401.5499877929688,405.6199951171875,394.4100036621094,401.6099853515625,1218000.0,489160962.1582031,1.0
2025-11-26,403.1199951171875,411.6400146484375,401.2699890136719,409.6799926757813,1603000.0,656717028.2592773,1.0
2025-11-28,411.1000061035156,418.8900146484375,409.3699951171875,418.010009765625,1062500.0,444135635.37597656,1.0
2025-12-01,446.0,447.0,429.2000122070313,438.2900085449219,5307000.0,2326005075.3479004,1.0
2025-12-02,441.55999755859375,453.5400085449219,440.1000061035156,449.3500061035156,2740900.0,1231623431.729126,1.0
2025-12-03,445.2799987792969,468.2900085449219,443.3599853515625,466.4400024414063,2564200.0,1196045454.260254,1.0
2025-12-04,462.7000122070313,465.7000122070313,460.2000122070313,463.739990234375,1511500.0,700942995.2392578,1.0
2025-12-05,464.9800109863281,471.1199951171875,464.3699951171875,466.760009765625,1494100.0,697386130.5908203,1.0
2025-12-08,467.7699890136719,468.8200073242188,460.1400146484375,465.75,2172400.0,1011795300.0,1.0
2025-12-09,468.4400024414063,471.6300048828125,460.6099853515625,465.8500061035156,1961600.0,913811371.9726562,1.0
2025-12-10,463.6499938964844,478.6499938964844,461.8800048828125,475.8299865722656,3278400.0,1559961027.9785156,1.0
2025-12-11,476.6199951171875,482.2300109863281,455.6099853515625,477.260009765625,4607700.0,2199070946.9970703,1.0
2025-12-12,476.239990234375,477.5,452.510009765625,452.9500122070313,2740800.0,1241445393.4570312,1.0
2025-12-15,458.0,470.7200012207031,453.489990234375,454.6700134277344,2634200.0,1197691749.371338,1.0
2025-12-16,453.8599853515625,465.0,452.5,463.3399963378906,2098700.0,972411650.314331,1.0
2025-12-17,465.9100036621094,467.0,452.9599914550781,453.0700073242188,2526100.0,1144500145.501709,1.0
2025-12-18,460.3200073242188,467.8200073242188,454.6900024414063,458.1300048828125,1694300.0,776209667.2729492,1.0
2025-12-19,460.7699890136719,469.5799865722656,459.6099853515625,463.7300109863281,3951800.0,1832568257.4157715,1.0
2025-12-22,468.25,483.9100036621094,467.8200073242188,481.239990234375,2065800.0,994145571.826172,1.0
2025-12-23,477.5199890136719,478.1900024414063,469.8800048828125,475.4700012207031,1318700.0,627002290.6097412,1.0
2025-12-24,473.6799926757813,476.2900085449219,472.239990234375,475.75,439100.0,208901825.0,1.0
2025-12-26,474.9599914550781,478.5899963378906,472.3299865722656,477.1400146484375,724100.0,345497084.6069336,1.0
2025-12-29,473.8800048828125,484.6000061035156,472.0,478.9700012207031,1327300.0,635736882.6202393,1.0
2025-12-30,474.739990234375,478.7799987792969,472.0400085449219,474.489990234375,834200.0,395819549.8535156,1.0
2025-12-31,473.1300048828125,474.6600036621094,469.0700073242188,469.7200012207031,1177500.0,553095301.4373779,1.0
2026-01-02,478.9400024414063,485.8900146484375,471.4599914550781,480.4200134277344,1490300.0,715969946.0113525,1.0
2026-01-05,485.0299987792969,506.2999877929688,478.9500122070313,494.1900024414063,2710800.0,1339650258.618164,1.0
2026-01-06,495.6000061035156,509.4700012207031,494.0499877929688,508.7699890136719,1848100.0,940257816.696167,1.0
2026-01-07,508.0,524.97998046875,503.8800048828125,519.7000122070312,2269500.0,1179459177.7038574,1.0
2026-01-08,511.1300048828125,518.0599975585938,509.4400024414063,514.489990234375,1360500.0,699963631.7138672,1.0
2026-01-09,515.489990234375,528.9199829101562,511.1000061035156,525.1799926757812,2095100.0,1100304602.6550293,1.0
2026-01-12,524.2100219726562,535.2000122070312,523.780029296875,533.4199829101562,2202400.0,1174804170.361328,1.0
2026-01-13,521.1799926757812,527.510009765625,511.4800109863281,511.7999877929688,1770600.0,906193058.3862303,1.0
2026-01-14,505.2200012207031,507.3699951171875,498.5799865722656,505.3399963378906,1500100.0,758060528.5064697,1.0
2026-01-15,510.0,519.0999755859375,502.0,508.1900024414063,1240900.0,630612974.029541,1.0
2026-01-16,508.989990234375,520.239990234375,508.0,516.3099975585938,1851200.0,955793067.4804688,1.0
2026-01-20,499.1400146484375,512.8200073242188,492.6000061035156,510.9700012207031,1692000.0,864561242.0654297,1.0
2026-01-21,509.7699890136719,525.489990234375,503.5499877929688,521.9500122070312,2122000.0,1107577925.9033203,1.0
2026-01-22,522.739990234375,525.0399780273438,500.0,509.4700012207031,1902200.0,969113836.3220216,1.0
2026-01-23,507.4700012207031,509.7099914550781,496.760009765625,501.3900146484375,1446600.0,725310795.1904297,1.0
2026-01-26,499.9400024414063,508.0,493.2699890136719,503.010009765625,1445700.0,727201571.1181641,1.0
2026-01-27,503.5,505.80999755859375,496.0299987792969,502.7000122070313,1238300.0,622493425.1159668,1.0
2026-01-28,504.8399963378906,515.7999877929688,504.8399963378906,511.3500061035156,1380100.0,705714143.4234619,1.0
2026-01-29,505.3399963378906,510.7099914550781,474.8900146484375,480.0,2512400.0,1205952000.0,1.0
2026-01-30,474.5799865722656,475.2099914550781,463.2099914550781,465.1199951171875,2483000.0,1154892947.8759766,1.0
2026-02-02,460.6900024414063,471.2000122070313,457.6000061035156,457.8900146484375,1894100.0,867289476.7456055,1.0
2026-02-03,455.6900024414063,456.989990234375,413.0499877929688,419.1400146484375,5098200.0,2136859622.680664,1.0
2026-02-04,413.9200134277344,425.5,405.7099914550781,418.9800109863281,5120300.0,2145303350.253296,1.0
2026-02-05,419.1000061035156,425.8200073242188,406.2000122070313,410.4400024414063,3834100.0,1573668013.3605957,1.0
2026-02-06,424.989990234375,431.1300048828125,416.1600036621094,426.8800048828125,2504300.0,1069035596.2280272,1.0
2026-02-09,427.8800048828125,442.9500122070313,424.0,438.8999938964844,2044700.0,897418817.5201416,1.0
2026-02-10,439.9100036621094,452.0,436.0,437.4500122070313,1948900.0,852546328.7902832,1.0
2026-02-11,442.0899963378906,443.260009765625,424.989990234375,438.2099914550781,2246700.0,984526387.802124,1.0
2026-02-12,438.2999877929688,438.5199890136719,413.7000122070313,423.3500061035156,2931300.0,1240965872.8912354,1.0
2026-02-13,423.3500061035156,441.4400024414063,420.5,437.0899963378906,1738900.0,760055794.631958,1.0
2026-02-17,425.6000061035156,426.8399963378906,412.3399963378906,421.9500122070313,2516900.0,1062005985.723877,1.0
2026-02-18,438.3599853515625,446.9100036621094,433.2099914550781,442.30999755859375,2147600.0,949904950.756836,1.0
2026-02-19,438.4299926757813,443.1799926757813,433.4200134277344,442.4400024414063,1605700.0,710425911.920166,1.0
2026-02-20,438.6900024414063,450.3900146484375,437.2000122070313,439.9400024414063,1697100.0,746622178.1433105,1.0
2026-02-23,429.3900146484375,433.4100036621094,417.2699890136719,420.8200073242188,1974900.0,831077432.4645996,1.0
2026-02-24,419.3900146484375,443.3900146484375,415.0199890136719,440.7200012207031,2185400.0,963149490.6677246,1.0
2026-02-25,443.739990234375,454.1600036621094,439.8299865722656,449.1700134277344,2915300.0,1309465340.145874,1.0
2026-02-26,429.8800048828125,443.6000061035156,423.3800048828125,426.0,3916800.0,1668556800.0,1.0
2026-02-27,410.4100036621094,417.1499938964844,404.5299987792969,414.0,4647600.0,1924106400.0,1.0
2026-03-02,413.3699951171875,426.2200012207031,405.510009765625,424.6600036621094,4066800.0,1727007302.8930664,1.0
2026-03-03,412.4800109863281,431.260009765625,410.6300048828125,424.3200073242188,2644900.0,1122283987.3718262,1.0
2026-03-04,425.1099853515625,439.489990234375,420.3299865722656,430.9800109863281,2482300.0,1069821681.2713624,1.0
2026-03-05,425.760009765625,447.7099914550781,425.760009765625,442.2999877929688,2515900.0,1112782539.28833,1.0
2026-03-06,432.55999755859375,445.3500061035156,431.7999877929688,437.4100036621094,2165300.0,947123880.9295654,1.0
2026-03-09,432.5700073242188,440.9100036621094,429.6499938964844,437.2200012207031,2603500.0,1138302273.1781006,1.0
2026-03-10,437.0799865722656,439.010009765625,428.0,432.6499938964844,1747800.0,756185659.3322754,1.0
2026-03-11,432.0700073242188,436.3999938964844,425.3200073242188,432.9800109863281,1611300.0,697660691.7022705,1.0
2026-03-12,431.8699951171875,436.3699951171875,418.3599853515625,418.7200012207031,1492900.0,625107089.8223877,1.0
2026-03-13,419.010009765625,425.489990234375,410.0899963378906,412.6300048828125,1487700.0,613869658.2641602,1.0
2026-03-16,420.1799926757813,428.4200134277344,417.6099853515625,425.8800048828125,1262000.0,537460566.1621094,1.0
2026-03-17,428.25,435.4800109863281,427.55999755859375,429.2900085449219,1068500.0,458696374.130249,1.0
2026-03-18,424.9700012207031,435.7099914550781,424.0,428.6700134277344,1498700.0,642447749.1241455,1.0
2026-03-19,424.7099914550781,433.239990234375,422.5499877929688,428.25,1475100.0,631711575.0,1.0
2026-03-20,425.8999938964844,429.9100036621094,419.0,420.3200073242188,4137000.0,1738863870.300293,1.0
2026-03-23,430.2099914550781,441.760009765625,429.6499938964844,432.4800109863281,2511900.0,1086346539.5965576,1.0
2026-03-24,426.6700134277344,429.260009765625,409.8299865722656,415.6199951171875,1932200.0,803060954.5654297,1.0
2026-03-25,422.5,425.9299926757813,403.3299865722656,410.1300048828125,2702300.0,1108294312.1948242,1.0
2026-03-26,405.2799987792969,413.5299987792969,400.3699951171875,401.9500122070313,1380100.0,554731211.8469238,1.0
2026-03-27,400.0,401.5400085449219,379.5,380.4700012207031,2400900.0,913470425.930786,1.0
2026-03-30,382.8800048828125,390.7799987792969,379.9500122070313,383.1400146484375,2006700.0,768847067.3950195,1.0
2026-03-31,390.2000122070313,397.4700012207031,387.2000122070313,396.4800109863281,1684000.0,667672338.5009766,1.0
2026-04-01,403.2999877929688,403.4700012207031,394.5,396.739990234375,1163600.0,461646652.6367188,1.0
2026-04-02,389.6499938964844,401.0700073242188,386.5899963378906,395.9500122070313,1077100.0,426477758.14819336,1.0
2026-04-06,396.0400085449219,398.6099853515625,390.1199951171875,397.0700073242188,1142400.0,453612776.3671875,1.0
2026-04-07,393.6900024414063,398.1199951171875,388.8800048828125,397.8999938964844,920600.0,366306734.3811035,1.0
2026-04-08,411.75,415.1600036621094,405.5,410.1600036621094,1617600.0,663474821.9238281,1.0
2026-04-09,409.9400024414063,411.0,394.25,404.9200134277344,1728800.0,700025719.2138672,1.0
2026-04-10,401.6099853515625,403.9200134277344,389.1499938964844,392.239990234375,1602300.0,628486136.3525391,1.0
2026-04-13,392.5,418.4200134277344,388.0700073242188,417.7699890136719,2525900.0,1055245215.2496338,1.0
2026-04-14,424.8299865722656,430.1400146484375,418.2000122070313,418.7999877929688,1255700.0,525887144.67163086,1.0
2026-04-15,424.260009765625,439.8800048828125,421.4200134277344,438.4500122070313,2038100.0,893604969.8791504,1.0
2026-04-16,446.3699951171875,449.6199951171875,436.4800109863281,441.1499938964844,1382000.0,609669291.5649414,1.0
2026-04-17,452.5499877929688,459.0199890136719,447.1799926757813,449.5799865722656,1718200.0,772468332.9284668,1.0
2026-04-20,448.0799865722656,463.1600036621094,447.4299926757813,460.9500122070313,2122500.0,978366400.9094238,1.0
2026-04-21,464.2699890136719,480.25,462.0,467.5799865722656,1833000.0,857074115.3869629,1.0
2026-04-22,470.8999938964844,478.7200012207031,470.8999938964844,477.260009765625,1460700.0,697133696.2646484,1.0
2026-04-23,466.1099853515625,467.30999755859375,450.1300048828125,456.8500061035156,1864100.0,851614096.3775635,1.0
2026-04-24,469.3800048828125,502.2799987792969,469.1900024414063,500.8200073242188,2891300.0,1448020887.1765137,1.0
2026-04-27,496.9400024414063,500.989990234375,488.0,498.5400085449219,2227500.0,1110497869.0338137,1.0
2026-04-28,497.0,498.0,479.0,483.8900146484375,1548300.0,749206909.6801758,1.0
2026-04-29,480.0,481.6199951171875,471.7000122070313,481.2200012207031,1159500.0,557974591.4154053,1.0
2026-04-30,481.0,483.6799926757813,471.6199951171875,482.6000061035156,1341700.0,647504428.1890869,1.0
2026-05-01,491.1600036621094,497.9400024414063,485.4400024414063,489.0199890136719,845900.0,413662008.706665,1.0
2026-05-04,493.8399963378906,500.25,488.3399963378906,497.5,1642500.0,817143750.0,1.0
2026-05-05,501.7099914550781,512.5399780273438,500.010009765625,502.510009765625,1883300.0,946377101.3916016,1.0
2026-05-06,504.6000061035156,507.3399963378906,497.510009765625,504.4200134277344,1866900.0,941701723.0682372,1.0
2026-05-07,506.2999877929688,517.0,503.489990234375,505.1900024414063,1597100.0,806838952.8991699,1.0
2026-05-08,504.3699951171875,519.1099853515625,500.5899963378906,516.47998046875,1733200.0,895163102.1484375,1.0
2026-05-11,513.8900146484375,519.7100219726562,512.0,516.1900024414062,1309800.0,676105665.1977539,1.0
2026-05-12,511.2999877929688,517.1699829101562,508.1600036621094,513.2100219726562,1217400.0,624781880.7495117,1.0
2026-05-13,514.5900268554688,514.739990234375,502.2699890136719,509.2799987792969,1335500.0,680143438.369751,1.0
2026-05-14,508.5899963378906,513.6500244140625,504.6400146484375,510.0199890136719,1150000.0,586522987.3657227,1.0
2026-05-15,502.239990234375,509.0,491.0499877929688,502.4200134277344,1488500.0,747852189.9871826,1.0
2026-05-18,499.1799926757813,501.8299865722656,489.0899963378906,498.4299926757813,1883500.0,938792891.204834,1.0
2026-05-19,494.3200073242188,501.0,490.5799865722656,493.8699951171875,1312200.0,648056207.5927734,1.0
2026-05-20,479.3399963378906,499.2300109863281,473.7699890136719,498.9299926757813,2259300.0,1127232532.4523926,1.0
2026-05-21,491.260009765625,504.7300109863281,488.6900024414063,503.9800109863281,1423300.0,717314749.6368408,1.0
2026-05-22,510.0,534.1099853515625,508.510009765625,524.739990234375,1873100.0,982890475.7080078,1.0
2026-05-26,529.969970703125,539.47998046875,524.1799926757812,534.5599975585938,1792100.0,957984971.624756,1.0
2026-05-27,534.5599975585938,534.6199951171875,523.1500244140625,525.9199829101562,2433700.0,1279931462.4084473,1.0
2026-05-28,510.0,526.0900268554688,471.6900024414063,480.6400146484375,4745100.0,2280684933.508301,1.0
2026-05-29,480.6700134277344,484.5,469.3699951171875,475.6199951171875,3357500.0,1596894133.605957,1.0
2026-06-01,484.0700073242188,494.25,470.739990234375,492.2900085449219,2586600.0,1273357336.102295,1.0
2026-06-02,485.6300048828125,508.7200012207031,485.6300048828125,508.3500061035156,2347200.0,1193199134.326172,1.0
2026-06-03,502.7799987792969,504.1199951171875,491.2000122070313,498.0199890136719,1660900.0,827161399.7528076,1.0
2026-06-04,500.3500061035156,500.3500061035156,485.0,494.4800109863281,2013500.0,995635502.1209716,1.0
2026-06-05,487.9800109863281,488.9500122070313,458.5299987792969,464.8500061035156,1839400.0,855045101.2268066,1.0
2026-06-08,467.2799987792969,478.510009765625,463.3800048828125,473.4800109863281,1579400.0,747814329.3518066,1.0
2026-06-09,475.80999755859375,487.5499877929688,451.0,465.2699890136719,2165900.0,1007728269.204712,1.0
2026-06-10,454.8800048828125,472.4400024414063,453.2799987792969,460.5400085449219,1671700.0,769884732.2845459,1.0
2026-06-11,457.760009765625,464.3800048828125,445.0,456.2900085449219,1960600.0,894602190.7531738,1.0
2026-06-12,457.0899963378906,461.0899963378906,445.010009765625,453.8900146484375,1289500.0,585291173.8891602,1.0
2026-06-15,462.2999877929688,463.5,453.0199890136719,454.3800048828125,2359700.0,1072200497.5219728,1.0
2026-06-16,452.0,455.5,444.8200073242188,448.3800048828125,1734700.0,777804794.4702148,1.0
2026-06-17,448.3500061035156,478.5199890136719,446.1799926757813,461.739990234375,1924100.0,888433915.2099609,1.0
2026-06-18,462.4100036621094,466.0589904785156,452.8299865722656,456.0849914550781,987683.0,450467392.6153259,1.0
