date,open,high,low,close,volume,amount,factor
2021-04-06,13.82991461153673,13.856009387923471,13.734236253320184,13.760330200195312,21446618.0,295112545.3574524,1.0
2021-04-07,13.742934691233778,13.77772689735795,13.595067607828142,13.716840744018556,22733434.0,311830893.7426567,1.0
2021-04-08,13.6733496131752,13.856008893810596,13.638557408745202,13.734235763549805,28867190.0,396468793.2911873,1.0
2021-04-09,13.716840594099208,13.742934541029236,13.621161406169753,13.66465187072754,22276567.0,304401532.92993736,1.0
2021-04-12,13.612462873715783,13.638557649632864,13.29063476967618,13.316729545593262,35008724.0,466201709.2443199,1.0
2021-04-13,13.316728106331762,13.351520307615957,12.89052260371099,13.012295722961426,44919268.0,584502798.874958,1.0
2021-04-14,13.012298807737505,13.090581486562996,12.95141264843399,13.073184967041016,26200151.0,342519420.18740463,1.0
2021-04-15,13.029694164904214,13.029694164904214,12.82094091304331,12.864431381225586,27254110.0,350608627.95137405,1.0
2021-04-16,12.873126917824647,13.029691408847768,12.855730402426795,13.012295722961426,21968650.0,285862570.4342365,1.0
2021-04-19,12.960106194369084,13.26453855866768,12.881824368517393,13.255840301513672,37225119.0,493450232.6688423,1.0
2021-04-20,13.20365637492074,13.28193905374623,13.064487536791734,13.073184967041016,25663406.0,335502453.5222702,1.0
2021-04-21,13.029691952491705,13.09927718747494,12.977504063143709,12.99489974975586,17700238.0,230012818.35681915,1.0
2021-04-22,13.020996150128124,13.090580564290184,12.968807424750755,12.977505683898926,19325084.0,250791387.4518242,1.0
2021-04-23,12.951409421588094,13.012295565721812,12.916617220724325,12.96010684967041,19138828.0,248041255.85746384,1.0
2021-04-26,12.960106511053572,13.029690910963032,12.699165426148832,12.707862854003906,37462019.0,476062199.68608856,1.0
2021-04-27,12.70786491150596,12.794845840231414,12.551300401116402,12.760053634643556,31595257.0,403157173.9203472,1.0
2021-04-28,12.70786491150596,12.768751893418424,12.6730727059181,12.760053634643556,15970624.0,203786018.8187256,1.0
2021-04-29,12.76875213133513,13.168862917806472,12.74265735452431,13.055788040161133,45378941.0,592457835.1829777,1.0
2021-04-30,13.003598442157076,13.02969238770265,12.838335681019672,12.916618347167969,24638070.0,318240547.0008087,1.0
2021-05-06,12.942714058051347,13.038392424443009,12.838337432120897,12.864431381225586,20802246.0,267609066.2423744,1.0
2021-05-07,12.916617906091131,12.934013592690295,12.82963698456068,12.847033500671388,20624638.0,264965415.3252201,1.0
2021-05-10,12.838335603925342,12.873127807614372,12.620884123491017,12.725260734558104,26365648.0,335509745.23558044,1.0
2021-05-11,12.638279252716464,12.88182549730092,12.620883566395594,12.838335037231444,22586075.0,289967598.0260372,1.0
2021-05-12,12.79484457716197,12.86442898146852,12.716561914939216,12.838335037231444,15771350.0,202477875.28944016,1.0
2021-05-13,12.794846125787114,12.89922274488017,12.742657401484768,12.77744960784912,16995094.0,217153957.1656589,1.0
2021-05-14,12.786146691632329,13.412407178142155,12.786146691632329,13.377614974975586,90105890.0,1205401903.397503,1.0
2021-05-17,13.194955848739545,13.281936772385825,13.047088776247811,13.09927749633789,48991657.0,641755310.0484047,1.0
2021-05-18,13.107975006103516,13.22104987573788,13.055787115202468,13.107975006103516,24241099.0,317751719.8124809,1.0
2021-05-19,13.090578929413097,13.134069390210788,12.986202321205557,12.99489974975586,22590930.0,293566870.60375214,1.0
2021-05-20,13.003598140154947,13.255841819934794,12.994899882004578,13.142766952514648,34089354.0,448028435.183773,1.0
2021-05-21,13.160164039217223,13.194956243815149,13.02099522082552,13.029692649841309,19790629.0,257865813.21703625,1.0
2021-05-24,13.06448506678133,13.308030487461664,13.06448506678133,13.186257362365724,36198446.0,477322025.0736981,1.0
2021-05-25,13.2123526479729,13.6211616963053,13.160164753001228,13.534181594848633,78725649.0,1065487229.7383136,1.0
2021-05-26,13.56027487294966,13.803820306322322,13.499388721984396,13.551576614379885,66977468.0,907650289.039177,1.0
2021-05-27,13.508086409232714,13.647255230962845,13.464595945064149,13.51678466796875,39082169.0,528265262.7301636,1.0
2021-05-28,13.516784993754934,14.42138318631532,13.499389305375194,14.05606460571289,129766188.0,1824001922.1650848,1.0
2021-05-31,14.056063729125071,14.056063729125071,13.760329579507925,13.916894912719728,71483085.0,994822581.9820118,1.0
2021-06-01,13.81251840559024,13.89080107279222,13.621160866820023,13.829914093017578,44426631.0,614416490.1721916,1.0
2021-06-02,13.821216322290496,13.873404212793597,13.490689974228454,13.525482177734377,37688110.0,509749860.1174927,1.0
2021-06-03,13.56027580358134,13.699444632202484,13.481993130104032,13.4993896484375,32640892.0,440632119.5805664,1.0
2021-06-04,13.447200000077313,13.864706457287587,13.412407795309791,13.551576614379885,42124433.0,570852481.1368122,1.0
2021-06-07,13.5689713662633,13.821215025390083,13.49068870834266,13.69944190979004,37064187.0,507758676.7400952,1.0
2021-06-08,13.655953299861768,13.864706529554995,13.638557612143131,13.742934226989746,31932416.0,438845092.796875,1.0
2021-06-09,13.786423805631534,13.821216008347164,13.551575815167364,13.603764533996582,24293125.0,330477952.2949457,1.0
2021-06-10,13.586368355624096,13.725537169946191,13.551576152043571,13.577670097351074,24259109.0,329382178.8576803,1.0
2021-06-11,13.638558441472018,13.655954130248446,13.308032059603404,13.360219955444336,30841613.0,412050733.46069145,1.0
2021-06-15,13.31673126327848,13.351523472810731,13.020997067498492,13.073184967041016,34129142.0,446176586.13240814,1.0
2021-06-16,13.168862656427695,13.177560085680382,13.020995575481129,13.090579986572266,28904616.0,378378187.7291565,1.0
2021-06-17,13.064487536791734,13.151467645866507,13.020997067498492,13.073184967041016,22538338.0,294647861.52368927,1.0
2021-06-18,13.029692004612414,13.1601633875274,12.994899801737397,13.134069442749023,21846130.0,286928588.4753227,1.0
2021-06-21,13.090581486562996,13.22105206493101,13.064487536791734,13.073184967041016,22160630.0,289710014.97615814,1.0
2021-06-22,13.20365439508751,13.20365439508751,13.05578731936957,13.116673469543455,20124138.0,263961747.00203133,1.0
2021-06-23,13.055787266868348,13.17755956672644,13.055787266868348,13.160163879394531,21915343.0,288409505.3531418,1.0
2021-06-24,13.177559594761815,13.29933272439056,13.134069961583734,13.21235179901123,23559606.0,311277802.7180958,1.0
2021-06-25,13.21235286804228,13.499389613214,13.177560660977775,13.360219955444336,58853338.0,786293540.7921104,1.0
2021-06-28,13.421105854019304,13.42980328294797,13.1601639073929,13.21235179901123,34083568.0,450324090.9815216,1.0
2021-06-29,13.21235153576186,13.255841997585,13.09927749633789,13.09927749633789,22785727.0,298476560.9287987,1.0
2021-06-30,13.134069186962716,13.212351019773308,13.073182210983544,13.168861389160156,23608479.0,310896787.5598984,1.0
2021-07-01,13.290636483995511,13.342825213049744,13.055789277030744,13.073184967041016,33380969.0,436395582.11606216,1.0
2021-07-02,13.064485109723403,13.064485109723403,12.786146655662304,12.812240600585938,35300007.0,452272182.8863678,1.0
2021-07-05,12.80354522347741,12.87312964076438,12.733960806190442,12.864431381225586,22124882.0,284624026.3067131,1.0
2021-07-06,12.829637759480502,12.94271263249528,12.80354381324989,12.89052391052246,19726104.0,254279815.2734528,1.0
2021-07-07,12.926406860351562,12.998170328330174,12.890525126362258,12.926406860351562,19383996.0,250565418.87542725,1.0
2021-07-08,12.980227736874488,13.007138819032432,12.791848450793124,12.827730178833008,21319745.0,273483936.3415241,1.0
2021-07-09,12.791849703886266,12.87258381375671,12.746997325570687,12.800820350646973,22309241.0,285576586.2002878,1.0
2021-07-12,12.926406873224508,13.1058155433497,12.85464340517443,13.051993370056152,42689330.0,557180852.1321392,1.0
2021-07-13,13.034051085102003,13.159637572392835,12.944347184598229,13.114785194396973,24063261.0,315584499.0917101,1.0
2021-07-14,13.08787280188797,13.105813238000708,12.863611789807608,12.87258243560791,27301449.0,351440152.86404514,1.0
2021-07-15,12.890524137662112,13.02508127141752,12.809790028506455,12.989198684692385,24046516.0,312344973.99863434,1.0
2021-07-16,13.08787575341415,13.213461400988496,12.99817098615699,13.07890510559082,34151760.0,446667628.2289124,1.0
2021-07-19,12.989198624456426,13.123755757587842,12.926405808954534,13.096844673156738,20371950.0,266808264.8393154,1.0
2021-07-20,12.998169512800438,13.132726648433978,12.96228778106242,13.007140159606934,16387491.0,213154392.3012972,1.0
2021-07-21,13.01611056437548,13.186548573089732,12.989198624456426,13.096844673156738,31026425.0,406348268.9883471,1.0
2021-07-22,12.91743459611403,13.410809018327589,12.872583075857452,13.276252746582031,47613983.0,632135272.5794601,1.0
2021-07-23,13.321106022781173,14.065652601809232,13.19551953330503,13.841391563415527,136024918.0,1882774152.419489,1.0
2021-07-26,14.352706005327107,14.756376546117288,14.056681512406271,14.101533889770508,240043710.0,3384984511.591244,1.0
2021-07-27,13.949036966206856,14.424470135120892,13.796539389396848,13.81447982788086,109628044.0,1514454402.4080353,1.0
2021-07-28,13.82344976259828,14.370647223717349,13.688893486693429,14.22711944580078,127574808.0,1815022031.691101,1.0
2021-07-29,14.361676602044668,14.621818507780745,14.173297302159142,14.352705955505373,107936176.0,1549176196.089676,1.0
2021-07-30,14.218149989973115,14.218149989973115,13.635070784500172,13.823450088500977,70227466.0,970785871.0928992,1.0
2021-08-02,13.661982463203222,15.20489954923248,13.446692065124347,14.98063850402832,208414984.0,3122189534.1268463,1.0
2021-08-03,14.675642853361513,15.95841626265338,14.585938096093898,15.177987098693848,237025665.0,3597572485.42933,1.0
2021-08-04,15.142102960659486,15.429158496713034,14.980636467285048,15.231807708740234,110180760.0,1678252149.5228577,1.0
2021-08-05,15.151074724599932,15.312542940865262,14.872991524907354,14.935784339904783,77019394.0,1150345058.7741566,1.0
2021-08-06,14.85505101589298,15.195928759552038,14.819170138704434,14.899904251098633,60950137.0,908151205.391344,1.0
2021-08-09,14.908874794178004,16.388997326123917,14.86402155928512,15.985326766967772,219667732.0,3511460476.178704,1.0
2021-08-10,15.859741107035854,16.24547037164666,15.608568124946594,16.030179977416992,138363120.0,2217985715.8369446,1.0
2021-08-11,15.967384840813224,17.151484530463804,15.895621378801906,16.41590690612793,187480280.0,3077658823.214798,1.0
2021-08-12,16.40693595215486,16.48766833988226,16.10194084838225,16.254438400268555,80623985.0,1310497597.766676,1.0
2021-08-13,16.2365015996964,16.397969841759224,15.994299236602158,16.36208724975586,70714317.0,1157033824.560894,1.0
2021-08-16,16.415909333164826,17.133545770354026,16.23650150709964,16.487672805786133,140437090.0,2315480789.71674,1.0
2021-08-17,16.245469296902378,17.214276862330895,16.16473519053535,16.218557357788086,153635170.0,2491740816.8185234,1.0
2021-08-18,16.110909811630048,17.842205047607422,16.075028940462353,17.842205047607422,220833029.0,3940148184.702236,1.0
2021-08-19,18.69440052252158,19.58247403993897,18.12029280483178,18.201026916503903,381682599.0,6947015257.960167,1.0
2021-08-20,18.20102854072881,18.47014112966701,17.492362766361527,17.788387298583984,194376903.0,3457651632.463291,1.0
2021-08-23,18.03058744014113,18.99939503666635,17.96779462450144,18.586753845214844,184659910.0,3432228292.249527,1.0
2021-08-24,18.70336960525792,19.39409396469588,18.38940383178832,18.900718688964844,179842869.0,3399159475.185356,1.0
2021-08-25,18.64057649829864,18.846896224957035,18.26381791828185,18.73925018310547,122925002.0,2303522366.23674,1.0
2021-08-26,18.32661189594335,18.434256233668727,17.76147313446949,18.00367546081543,122640279.0,2207975781.539858,1.0
2021-08-27,18.039557567449005,18.649547834917573,17.788384601145523,18.18308448791504,88864847.0,1615837021.0066433,1.0
2021-08-30,17.44751170419144,17.456480641216125,16.36208724975586,16.36208724975586,203813679.0,3334817198.4917336,1.0
2021-08-31,16.415905458387254,17.33089080156969,16.084000117472048,17.034866333007812,157945240.0,2690576051.334839,1.0
2021-09-01,16.86443057597991,18.739253124250222,16.79266710714078,18.344554901123047,271272146.0,4976366775.442467,1.0
2021-09-02,18.470138531551736,20.18349266052246,18.10235057994917,20.18349266052246,346532429.0,6994234737.354521,1.0
2021-09-03,20.63201608527739,21.080538174087767,19.133952240211688,19.27747917175293,286359793.0,5520294945.18498,1.0
2021-09-06,19.232625822486007,19.950260412103617,19.10703848607106,19.48379707336425,189038252.0,3683182941.071495,1.0
2021-09-07,19.20571465421576,21.430383682250977,19.116009899171,21.430383682250977,255159424.0,5468164356.462158,1.0
2021-09-08,21.089508936962982,21.50214843966545,20.640986845690207,20.9011287689209,196324076.0,4103394792.915413,1.0
2021-09-09,20.5423102003573,21.71743752961348,20.362902401243687,21.430383682250977,160345472.0,3436264986.671631,1.0
2021-09-10,21.60979263812457,23.143737237243528,21.24200469175188,21.73537826538086,198839188.0,4321844965.161179,1.0
2021-09-13,21.74435168677272,23.054037137637497,21.52906127929688,22.42610549926757,137607315.0,3085996163.660946,1.0
2021-09-14,22.42610261519643,22.58757082778198,21.4483244042958,21.78023147583008,137958757.0,3004773661.577793,1.0
2021-09-15,21.654644154855013,22.282575712967684,20.92803890862098,21.403472900390625,137101152.0,2934440791.444336,1.0
2021-09-16,21.304796519050896,21.403471913598747,20.102757336466382,20.33598899841309,157294203.0,3198733181.7221546,1.0
2021-09-17,20.43466655454144,21.080537732961687,20.228345097664345,20.874217987060547,106301887.0,2218968761.6738777,1.0
2021-09-22,20.273196997187664,21.26891478447815,19.91437969947146,20.945980072021484,99066994.0,2075055282.119072,1.0
2021-09-23,20.990833257787365,21.349650583967943,20.52436987826464,21.03568649291992,114091747.0,2399998221.321537,1.0
2021-09-24,21.02671523110664,21.25994691404869,20.452605815027766,20.461576461791992,77672919.0,1589310371.129076,1.0
2021-09-27,20.4077545490795,20.75760122240856,18.41631713870308,19.41203498840332,146420680.0,2842323363.1858063,1.0
2021-09-28,19.627326823334915,20.228346520477345,19.394096831288063,19.842618942260746,101576854.0,2015550807.2756536,1.0
2021-09-29,19.555559350936253,19.672176034063963,18.34455126798789,18.757190704345703,133141386.0,2497358367.842903,1.0
2021-09-30,18.811016469561544,18.91866252760138,18.353523717100327,18.802045822143555,94341495.0,1773813111.919527,1.0
2021-10-08,19.18777328469546,19.2954193325162,18.66748776067632,18.927631378173828,87445128.0,1655129148.6012268,1.0
2021-10-11,19.008366223273963,19.10703991737813,18.479110032168496,18.65851783752441,54107740.0,1009570231.9381332,1.0
2021-10-12,18.81101587689227,18.819986524027627,17.537213070263533,17.94088363647461,103590104.0,1858498001.754303,1.0
2021-10-13,17.707650296713364,18.0305867196426,17.402655166385937,17.851177215576172,74714500.0,1333741780.073166,1.0
2021-10-14,17.851178736479728,18.057498486051283,17.546183580167003,17.860149383544922,57610074.0,1028924527.6370772,1.0
2021-10-15,17.65383087046933,17.89603322526582,17.528245224712386,17.707653045654297,62046464.0,1098697257.2216797,1.0
2021-10-18,17.716621447682325,18.42528712685804,17.671769925876013,17.96779441833496,79556075.0,1429447200.3296375,1.0
2021-10-19,17.851180233403248,19.124983136885,17.851180233403248,18.703372955322266,124848412.0,2335086412.515732,1.0
2021-10-20,18.9276314006097,19.36718281702829,18.65851713622681,18.88277816772461,92432934.0,1745390588.1139295,1.0
2021-10-21,19.10703991737813,19.16983444577745,18.50602026193511,18.65851783752441,79305093.0,1479715492.3470323,1.0
2021-10-22,18.667489506438663,18.927633148264515,18.47911104385529,18.846899032592773,61057682.0,1150747967.8181572,1.0
2021-10-25,18.79307359955304,20.057905577728885,18.344551572938173,19.672176361083984,119253466.0,2345975214.8225327,1.0
2021-10-26,20.03099543566779,20.03099543566779,19.51070990659756,19.59144401550293,84364231.0,1652817108.5474567,1.0
2021-10-27,19.492769219742776,19.59144462502505,18.83792739244901,18.9096908569336,74475187.0,1408302762.6823196,1.0
2021-10-28,18.999394248208144,19.28644808549189,18.36249204963098,18.60469436645508,84192354.0,1566373014.1623917,1.0
2021-10-29,18.120292133316408,18.21896582427764,16.78369487226654,18.04852867126465,172186659.0,3107715851.770769,1.0
2021-11-01,17.582066386780674,18.34455428703188,17.510302920343854,17.815298080444336,94089325.0,1676229371.0628033,1.0
2021-11-02,17.76147218483698,17.851176935462583,16.685020310257173,16.93619155883789,120076778.0,2033643313.976052,1.0
2021-11-03,17.079721896787294,17.492361395620645,17.06178060267037,17.277070999145508,63200703.0,1091923032.9269085,1.0
2021-11-04,17.591035457143125,18.05749709168205,17.537211578908142,17.600006103515625,67687693.0,1191303809.9328918,1.0
2021-11-05,17.54618232084145,18.227936050081617,17.492360153289184,17.761472702026367,67987920.0,1207565585.1475525,1.0
2021-11-08,17.65382715545303,18.021615078610324,17.465447015483633,17.913969039916992,60530669.0,1084344530.4314632,1.0
2021-11-09,17.913970561318127,18.03058725572125,17.716621469758213,17.922941207885742,53053518.0,950875083.985508,1.0
2021-11-10,17.770442427010792,17.824266302748025,17.178393481707356,17.698678970336914,65507982.0,1159404743.412609,1.0
2021-11-11,17.671770185271523,19.465858459472656,17.53721219592571,19.465858459472656,180019852.0,3504240958.927216,1.0
2021-11-12,19.42997597205095,19.60041483804464,18.95454196100579,19.295419692993164,117411770.0,2265509379.047184,1.0
2021-11-15,19.295418635205568,19.58247247105261,19.080128258320286,19.48379707336425,95846644.0,1867456561.858986,1.0
2021-11-16,19.38512253780659,20.461574375096813,19.07115677698104,19.672176361083984,110027248.0,2164475427.180725,1.0
2021-11-17,19.50173921352012,19.71702959976331,18.927631516871607,19.34027099609375,83030992.0,1605841886.3544922,1.0
2021-11-18,19.26850793108916,19.376153981917028,18.88277867283855,18.9993953704834,62074793.0,1179383534.7479153,1.0
2021-11-19,18.8379264831543,20.632014719645184,18.757192375634137,20.18349266052246,146469451.0,2956265089.249254,1.0
2021-11-22,19.75291185163691,21.23303430134248,19.74394120515677,20.937009811401367,158429614.0,3317042382.7345314,1.0
2021-11-23,20.81142245621281,21.798169533510023,20.757598581796955,20.972888946533203,137620303.0,2886295331.60725,1.0
2021-11-24,20.937009811401367,21.60082225214884,20.739660721765915,20.937009811401367,97542245.0,2042242940.591116,1.0
2021-11-25,21.05362455310821,21.39450227155476,20.83833417297264,21.02671432495117,65008972.0,1366925082.8027496,1.0
2021-11-26,21.170241486957377,21.39450251603325,20.6499559679404,20.937009811401367,57866952.0,1211560941.779892,1.0
2021-11-29,20.640984717696355,21.08053611651076,20.40775304896254,20.65892601013184,75343628.0,1556518436.1868973,1.0
2021-11-30,20.81142418263116,21.48420726985877,20.658926614420533,20.937009811401367,74550541.0,1560865408.36228,1.0
2021-12-01,20.73069078240079,21.60082298894369,20.63201537872936,21.340681076049805,78387419.0,1672840909.253687,1.0
2021-12-02,21.206123548334048,22.56963109203454,21.13436008345381,22.121109008789062,127141087.0,2812501845.022934,1.0
2021-12-03,22.022434915890337,22.605515027652142,21.466268457655097,22.42610549926757,101953873.0,2286428311.9569283,1.0
2021-12-06,22.506837593833072,24.417540857875498,22.435074131122,22.928447723388672,166312562.0,3813288883.559837,1.0
2021-12-07,23.332116707806343,23.53843643541024,22.24669248215076,22.587570190429688,104889208.0,2369192347.918579,1.0
2021-12-08,22.587573869776808,23.67299656126385,22.148022404639207,23.34109115600586,104951121.0,2449673682.186001,1.0
2021-12-09,23.161678166384032,24.274012634412163,22.973299728456865,23.080944061279297,136209067.0,3143833856.066044,1.0
2021-12-10,22.60551328530029,22.9912408329373,21.986552342154493,22.13007926940918,121370037.0,2685928539.741125,1.0
2021-12-13,22.470953440350744,23.41285074761399,21.94169729813946,22.336397171020508,154282294.0,3446110595.2401543,1.0
2021-12-14,22.03140428622381,22.62345330020469,21.88787735622699,22.37228202819824,73958749.0,1654625991.0807247,1.0
2021-12-15,22.32742942655987,22.677277825454983,22.20184378699425,22.27360725402832,59885184.0,1333859068.7512207,1.0
2021-12-16,22.426104674601007,22.847714826532144,22.05831669481563,22.820804595947266,66826167.0,1525026899.0031395,1.0
2021-12-17,22.70418455657272,22.910505989596963,21.843023084904683,21.887874603271484,88480162.0,1936642690.733147,1.0
2021-12-20,21.70846842448775,22.11213725257345,21.19715183801779,21.394502639770508,84988705.0,1818291073.473177,1.0
2021-12-21,21.48420603603696,21.59185036566496,21.17024027116638,21.421411514282227,58017056.0,1242807231.4231567,1.0
2021-12-22,21.41244556361232,21.520089908243047,21.09847975498335,21.23303604125977,49365701.0,1048183708.5350533,1.0
2021-12-23,21.35861990865842,21.83405390577301,21.17921211216345,21.64567375183105,73057401.0,1581376667.2026958,1.0
2021-12-24,21.582879633538585,21.84302323255664,21.098476730194847,21.215091705322266,51864939.0,1100319437.1759453,1.0
2021-12-27,21.044654433241668,21.5290590838978,20.91906880276455,21.430383682250977,47124682.0,1009900016.1640664,1.0
2021-12-28,21.69949777614281,21.843024698691405,21.394502637983063,21.726408004760746,50764043.0,1102920310.1892183,1.0
2021-12-29,21.681557559782124,21.71743843671317,20.811425334748662,20.910099029541016,64697011.0,1352820906.9253044,1.0
2021-12-30,21.05362460928448,22.067285409975327,20.79348270754248,21.609792709350582,90211437.0,1949450453.58264,1.0
2021-12-31,21.591851919213862,22.453015173078004,21.529059103916914,22.05831527709961,75769607.0,1671349879.6279335,1.0
2022-01-04,22.41713291108763,22.515808314254368,21.439354659088263,21.84302520751953,64900240.0,1417617578.2940674,1.0
2022-01-05,21.79817094659624,21.932728930383,21.242004562717533,21.27788543701172,59388363.0,1263658784.2056656,1.0
2022-01-06,21.09848249519852,21.21509750219012,20.14761429860013,20.38084602355957,115042107.0,2344655468.9928646,1.0
2022-01-07,20.452603352975995,20.990830117207093,20.33598838103085,20.434663772583008,79274492.0,1619947589.7623217,1.0
2022-01-10,20.425695474159195,20.640985862397024,19.806734538615483,20.00408363342285,68053705.0,1361352006.3842869,1.0
2022-01-11,20.00408620453741,20.201437035686087,19.50174190074976,19.618358612060547,78014345.0,1530513397.095013,1.0
2022-01-12,19.618356546807863,19.950261928111352,19.591444606036248,19.86952781677246,51788496.0,1029012961.8608092,1.0
2022-01-13,20.093786450150684,20.228342715939995,19.60041290526464,19.672176361083984,58384548.0,1148551125.0181732,1.0
2022-01-14,19.385123158390936,19.627323760175067,19.1160089072213,19.19674301147461,62406498.0,1198001504.3521042,1.0
2022-01-17,19.25056666606489,19.69908874172504,18.93660258188354,19.58247375488281,71363675.0,1397477292.7394867,1.0
2022-01-18,19.5555592325744,20.138639222732355,19.30438799839013,19.80673217773437,72780738.0,1441548585.263855,1.0
2022-01-19,20.0937859151998,20.60510073817204,19.85158361664167,19.977170944213867,87801683.0,1754029230.480677,1.0
2022-01-20,19.905410303209766,21.12538919205913,19.55556191886225,20.667898178100582,137768487.0,2847385061.4669743,1.0
2022-01-21,20.63201338407924,20.63201338407924,20.022023149402507,20.129669189453125,69406726.0,1397134433.9030151,1.0
2022-01-24,19.860556926345453,20.237315537649,19.71702999927514,19.959232330322266,54971341.0,1097185766.52837,1.0
2022-01-25,19.824676044236696,20.16555206818447,19.30439050601582,19.33130073547364,60200727.0,1163758358.1311474,1.0
2022-01-26,19.510709736726525,19.97717309279052,19.017336151912303,19.88746833801269,90677276.0,1803341455.4272385,1.0
2022-01-27,19.734971140907387,20.084817809074814,19.232626900030272,19.250566482543945,63772822.0,1227662949.6904411,1.0
2022-01-28,19.42100571547093,19.492769179808487,18.434256797597552,18.65851783752441,74602597.0,1391973886.850145,1.0
2022-02-07,19.098068942267528,19.14292046107355,18.21896445927779,18.45219612121582,88844725.0,1639380290.0354862,1.0
2022-02-08,18.416316452918263,18.76616311321977,17.994704620271953,18.67645835876465,64931505.0,1212690549.3044186,1.0
2022-02-09,18.46116821393547,18.77513400310981,18.43425627395736,18.586753845214844,48939124.0,909619451.188446,1.0
2022-02-10,18.595723034566028,18.69439842911021,18.299698561909253,18.45219612121582,43480233.0,802305786.7121601,1.0
2022-02-11,18.416318715333883,19.25953906226303,18.34455524514893,18.667490005493164,93480081.0,1745038477.7801914,1.0
2022-02-14,18.479109983700884,18.497051277482203,16.801636656618278,16.864429473876953,182517303.0,3078050184.2057304,1.0
2022-02-15,16.855459816718845,17.268099290176725,16.792665291171193,17.133543014526367,91630623.0,1569957220.618349,1.0
2022-02-16,17.214276734609633,17.393684527779595,17.052808523073587,17.142513275146484,47462078.0,813619302.1810379,1.0
2022-02-17,17.04383758135703,17.151483624173906,16.927222603366577,16.98104476928711,50820714.0,862988819.6411362,1.0
2022-02-18,16.810606462355548,17.097660304589553,16.783694523030164,17.00795555114746,46572801.0,792108129.300436,1.0
2022-02-21,17.052807085207373,17.07971902185282,16.75678262601022,16.963102340698242,52176655.0,885077938.5603046,1.0
2022-02-22,16.774726691624995,16.85546080393896,16.344144188958516,16.442819595336914,84143011.0,1383548350.0814495,1.0
2022-02-23,16.46075928918107,16.95413285115817,16.415906058380365,16.93619155883789,80696219.0,1366686623.0579338,1.0
2022-02-24,16.738843095543043,17.151484279297318,16.353113851264872,16.505611419677734,96015122.0,1584788294.1449509,1.0
2022-02-25,16.75678535269496,17.0886907371184,16.693992534613546,16.819578170776367,68271137.0,1148291725.5792828,1.0
2022-02-28,16.819578251511736,16.92722430515084,16.505612448621655,16.693992614746094,54411379.0,908343159.1841508,1.0
2022-03-01,16.765757175473194,17.115603878447523,16.711933289649384,17.043840408325195,82857894.0,1412216721.9059258,1.0
2022-03-02,16.873399348637026,16.990016041903253,16.75678436634667,16.882369995117188,43957294.0,742103301.2921448,1.0
2022-03-03,16.990016138170752,17.034867659849823,16.693991646551595,16.711931228637695,46597920.0,778741234.437561,1.0
2022-03-04,16.577374954423018,16.685021001830698,16.21855764802388,16.38002586364746,82364063.0,1349125482.175089,1.0
2022-03-07,16.290319427885194,16.299290073491242,15.805916541988363,15.91356086730957,59251688.0,942905343.478836,1.0
2022-03-08,15.922532997676424,16.164735318697822,15.438128355633628,15.653420448303224,67175506.0,1051526439.2455158,1.0
2022-03-09,15.680332186543351,15.78797824324359,14.307854801727496,15.097253799438477,105481917.0,1592487272.200304,1.0
2022-03-10,15.411219384848035,15.590627195411352,15.070341636118536,15.142105102539062,77696311.0,1176485707.241562,1.0
2022-03-11,14.8460795248527,15.536803908968311,14.630789141032746,15.375335693359377,107582420.0,1654115822.2039795,1.0
2022-03-14,15.1421056259475,15.64445161923149,15.088283452015665,15.213869094848633,67773160.0,1031091984.3842316,1.0
2022-03-15,15.007548604389823,15.339455701245488,14.17329810519085,14.27197265625,92502897.0,1320198816.6079102,1.0
2022-03-16,14.53211598851984,15.698272705078123,14.43344058400419,15.698272705078123,133493983.0,2095624949.6210632,1.0
2022-03-17,16.101943072967053,16.128853302268777,15.554745597486416,15.680331230163574,187077024.0,2933429701.8732605,1.0
2022-03-18,15.62650941887639,16.20061713682217,15.518863366273576,16.030179977416992,123535294.0,1980292996.3831213,1.0
2022-03-21,15.82385811783919,15.967385043685391,15.644450316019396,15.743124008178713,82277117.0,1295298855.9664288,1.0
2022-03-22,15.59062659164239,15.967385203503646,15.50092354532261,15.80591869354248,63069870.0,996877237.232294,1.0
2022-03-23,15.805919219821208,15.895622269127768,15.644450993507812,15.87768268585205,59030609.0,937269278.4546022,1.0
2022-03-24,15.689302176717405,15.725184764439916,15.44709984251832,15.509894371032717,71205452.0,1104389039.1616402,1.0
2022-03-25,15.608566281898774,15.653419511427028,15.133134025729596,15.231807708740234,64929744.0,988997375.18573,1.0
2022-03-28,15.016518386992786,15.518862615906013,14.944754925719469,15.375335693359377,52368113.0,805177317.0027771,1.0
2022-03-29,15.348426189580431,15.465041178040831,15.0793119138645,15.133135795593262,38155427.0,577411258.1298456,1.0
2022-03-30,15.321514324192146,16.460760828423663,15.294602383195192,16.236499786376953,154178722.0,2503322786.816872,1.0
2022-03-31,15.931502997499743,16.084000558881964,15.7162126245441,15.770034790039062,90520757.0,1427515487.110672,1.0
2022-04-01,15.689303127641612,16.28135217313933,15.500924663608728,16.092973709106445,135103581.0,2174218377.039133,1.0
2022-04-06,15.922532796511764,16.37105484711773,15.868710629512282,16.012237548828125,98078955.0,1570463526.000824,1.0
2022-04-07,16.01223829257779,16.24546997504333,15.716213793866896,15.725184440612791,78418723.0,1233148882.7723246,1.0
2022-04-08,15.698269678896011,16.218555119814685,15.617535583669357,16.101940155029297,96436410.0,1552813302.5858688,1.0
2022-04-11,15.895620106976564,15.922532044693517,15.070339504390038,15.231807708740234,118626693.0,1806898976.8997607,1.0
2022-04-12,15.115194113098124,16.191646055360263,14.980637834187348,15.78797721862793,128279790.0,2025278402.130375,1.0
2022-04-13,15.608567700062377,15.832828735152283,15.420189251855293,15.474011421203612,77585009.0,1200551315.3801851,1.0
2022-04-14,15.617538695034524,16.254440938599455,15.563716524486036,16.155765533447266,140644742.0,2272223475.264183,1.0
2022-04-15,15.967386767367133,16.362086711540066,15.868713064555974,16.03915023803711,91782088.0,1472106698.592743,1.0
2022-04-18,15.617538016772778,15.671360184983795,15.115193787859551,15.375335693359377,113455551.0,1744417182.900055,1.0
2022-04-19,15.294602556964836,15.411219258300608,14.944755874909497,15.043431282043455,78797414.0,1185383482.711729,1.0
2022-04-20,15.061372542123776,15.124165360711862,14.747406738207356,14.792258262634276,58872590.0,870858555.8701801,1.0
2022-04-21,14.666671499295736,15.115193553029698,14.63078891372861,14.77431583404541,76793118.0,1134565779.2131176,1.0
2022-04-22,14.532116139478909,15.14210473370726,14.50520419861073,14.819169998168944,73851550.0,1094418674.0782738,1.0
2022-04-25,14.48726123464961,14.675641377059012,13.949035311650892,14.038739204406738,97231522.0,1365007979.8055365,1.0
2022-04-26,14.011829444120943,14.119474638876827,13.123755945768933,13.258312225341797,117223688.0,1554188255.7100525,1.0
2022-04-27,12.980227968593931,13.653011022968014,12.91743430178725,13.49154281616211,103944409.0,1402370444.524166,1.0
2022-04-28,13.38389913890125,13.69786494186466,13.294194379343706,13.50051498413086,82365675.0,1111979029.5155523,1.0
2022-04-29,13.993888613104678,14.56799630234766,13.608159367778596,14.415498733520508,148902668.0,2146506221.971825,1.0
2022-05-05,13.85933266587679,14.083593715018772,13.7516874649472,13.993889808654783,80949716.0,1132801405.7458992,1.0
2022-05-06,13.706834733430023,13.760657760262148,13.446691957298736,13.50051498413086,57090246.0,770747721.5707169,1.0
2022-05-09,13.410809504066846,13.75168637438844,13.356987335614347,13.599188804626465,41373202.0,562641985.4499493,1.0
2022-05-10,13.410809339565896,13.95800679687782,13.330075232389518,13.89521312713623,69024216.0,959106192.2534866,1.0
2022-05-11,13.85933168419271,14.55005522177092,13.850361037545316,14.056681632995604,117415795.0,1650476449.0000772,1.0
2022-05-12,14.011828689049477,14.24506035952945,13.832420040791003,14.047710418701172,56330939.0,791320718.6855202,1.0
2022-05-13,14.119474434242948,14.379618053826018,13.993888803258514,14.245060920715332,58423303.0,832243510.4244108,1.0
2022-05-16,14.424469158216471,14.433439804594926,14.074621648848057,14.12844467163086,49842581.0,704198147.9497795,1.0
2022-05-17,14.083592785579564,14.379618137959913,13.94903650716955,14.263001441955566,46396388.0,661751748.9455299,1.0
2022-05-18,14.263001803308455,14.819169935396507,14.218150279694107,14.612850189208984,95480110.0,1395236543.4791946,1.0
2022-05-19,14.361675764485383,14.585936781961468,14.227118640707005,14.49623203277588,62198088.0,901637915.643013,1.0
2022-05-20,14.53211527698523,15.204898359975736,14.424469230877373,15.02548885345459,113228934.0,1701320085.7055454,1.0
2022-05-23,14.9268145981099,15.608568379789572,14.846080485083624,15.312543869018556,85843818.0,1314487229.0090446,1.0
2022-05-24,15.276662727072182,15.393277715549026,14.810199351212889,14.819169998168944,57278391.0,848818213.4505901,1.0
2022-05-25,14.801228446042664,14.953726019683351,14.657701519201538,14.926814079284668,35799965.0,534379421.5998984,1.0
2022-05-26,14.864021442545871,15.47401174449064,14.720494513967802,15.258721351623535,69667738.0,1063040601.3399144,1.0
2022-05-27,15.24975168478723,15.590627734323594,15.12416604195426,15.213869094848633,51132208.0,777918719.042572,1.0
2022-05-30,15.249749033072366,15.321512489494852,15.052399955654469,15.169014930725098,32022320.0,485747050.1964569,1.0
2022-05-31,15.204898376331238,15.447098986126695,15.070340390807711,15.339454650878906,50118285.0,768787159.9373245,1.0
2022-06-01,15.276662566092789,15.41121884706385,14.98063806356608,15.070341110229492,60375767.0,909883403.4817373,1.0
2022-06-02,14.96269652893096,15.240779733257234,14.872991772735928,15.160045623779297,53701622.0,814119039.59095,1.0
2022-06-06,15.142104576411656,15.743124228416542,14.989607001694717,15.698272705078123,85771603.0,1346466014.245697,1.0
2022-06-07,15.608568811089023,16.281351964247825,15.545775990550368,15.823859214782717,92683235.0,1466606462.2106218,1.0
2022-06-08,15.841800493554189,16.281351947858347,15.698273557902874,16.13782501220703,87706030.0,1415384564.6553802,1.0
2022-06-09,16.236500646743707,16.729874280999784,16.01223959281348,16.092973709106445,117228600.0,1886556777.755356,1.0
2022-06-10,15.913562853702304,16.819577641297293,15.86871133104921,16.747814178466797,105350165.0,1764384987.0908165,1.0
2022-06-13,16.451789492621536,16.622228356514377,15.967384840813224,16.41590690612793,89747112.0,1473280235.6858368,1.0
2022-06-14,16.003268768047537,17.483391365394347,15.617539485804665,17.223249435424805,123923432.0,2134364180.229904,1.0
2022-06-15,17.214278328270666,18.70337153321998,17.214278328270666,17.94088363647461,203351671.0,3648308666.693669,1.0
2022-06-16,17.94088157854206,17.94088157854206,16.747813022008046,16.77472496032715,140940738.0,2364242115.655529,1.0
2022-06-17,16.595317840576172,16.990017770992896,16.146795736776816,16.595317840576172,104283365.0,1730615587.6598167,1.0
2022-06-20,16.595314334725384,17.223245831780943,16.487668299724895,16.75678253173828,76180740.0,1276544093.2868958,1.0
2022-06-21,16.685021051432546,16.909282082470682,16.397967205459874,16.63119888305664,49820877.0,828580913.9153023,1.0
2022-06-22,16.640165673779993,16.783692578266212,16.227526251126033,16.29928970336914,58168596.0,948106797.8422394,1.0
2022-06-23,16.29929187305907,16.963104322415532,16.290321226462588,16.8375186920166,82633917.0,1391350122.0820484,1.0
2022-06-24,16.855460758809155,16.99898768898837,16.613258422515745,16.819578170776367,60080346.0,1010526076.0742912,1.0
2022-06-27,17.034867230463842,17.564123385620515,16.819576852074388,17.142513275146484,87854309.0,1506043658.3113213,1.0
2022-06-28,17.025898504488637,17.312952374717685,16.649139872069007,17.0976619720459,73783293.0,1261521802.8984203,1.0
2022-06-29,16.96310254208818,17.241185713489838,16.51458052519325,16.541492462158203,75936539.0,1256103687.4708824,1.0
2022-06-30,16.55046394059537,17.079720084040428,16.55046394059537,16.77472496032715,60358160.0,1012491533.1114196,1.0
2022-07-01,16.72090233850855,16.93619272829042,16.50561194872668,16.577375411987305,42528932.0,705018071.6348801,1.0
2022-07-04,16.505611273485425,16.505611273485425,15.68930127067494,16.424877166748047,78370585.0,1287227232.111187,1.0
2022-07-05,16.424877050483428,16.56840397011705,15.761064619433956,15.949444770812988,91944175.0,1466458541.1604643,1.0
2022-07-06,15.83282933504252,16.01223885430246,15.662390462843174,15.752095222473145,66576465.0,1048718816.2556504,1.0
2022-07-07,15.787977280298229,15.85077009663681,15.60856776706578,15.680331230163574,52643466.0,825466983.9838543,1.0
2022-07-08,15.779005503811357,15.940473711964756,15.635478587891845,15.644449234008787,47051523.0,736095162.9562969,1.0
2022-07-11,15.617540062314005,15.644452005432305,15.348427475035429,15.500925064086914,43293544.0,671089981.3027496,1.0
2022-07-12,15.608566434146786,15.877680681014008,15.509892750173668,15.689300537109377,67975069.0,1066481286.5717468,1.0
2022-07-13,15.818582498965654,15.938631110856097,15.64312954516926,15.744707107543944,45506416.0,716485191.4340515,1.0
2022-07-14,15.67083189609189,15.827817324831935,15.467675007681128,15.66159725189209,38259400.0,599203313.8990402,1.0
2022-07-15,15.55078527100228,15.75394216237665,15.199875831604004,15.199875831604004,56565586.0,859789883.5419178,1.0
2022-07-18,15.218344546205184,15.578488616352589,15.17217308760261,15.375329971313477,43933540.0,675492674.3078995,1.0
2022-07-19,15.412268283662948,15.652363739212127,15.273752148896016,15.57848834991455,36429509.0,567516681.5496073,1.0
2022-07-20,15.606190520071008,15.707769840853258,15.495378316788749,15.57848834991455,34147916.0,531972911.5798607,1.0
2022-07-21,15.513847005302749,15.532316294342785,15.209110781455571,15.227580070495604,45106606.0,686864454.5732975,1.0
2022-07-22,15.227579730481605,15.412269094101358,14.867437408884228,15.12600040435791,54295218.0,821269489.4227009,1.0
2022-07-25,15.126000357340876,15.190642867336672,14.79356196971829,14.867437362670898,44246628.0,657833970.2994003,1.0
2022-07-26,14.895141167778233,15.042893731216072,14.848969702617246,14.913610458374023,30283682.0,451639036.5932732,1.0
2022-07-27,14.85820391627699,15.024424004153351,14.747390817914155,14.932079315185549,29470476.0,440055485.0882721,1.0
2022-07-28,15.024423351473688,15.26451882782856,14.93207866651745,14.959782600402832,52629480.0,787325579.1722488,1.0
2022-07-29,14.9597814433054,15.070593647619178,14.636575951621795,14.701216697692873,45235365.0,665014903.2642317,1.0
2022-08-01,14.655045227519356,14.655045227519356,14.387246702781985,14.516529083251951,44555700.0,646794114.874649,1.0
2022-08-02,14.405716027673163,14.405716027673163,13.9439943714101,14.100979804992676,58361716.0,822957378.7007179,1.0
2022-08-03,14.10097966512268,14.359543543479289,13.934759588704209,13.953227996826172,51343314.0,716404966.3546371,1.0
2022-08-04,14.036337835237283,14.100979464404425,13.87935240544646,13.99940013885498,40571362.0,567974730.8163357,1.0
2022-08-05,14.027103672774608,14.479591569829926,13.943994513557929,14.433419227600098,63766192.0,920364181.6836396,1.0
2022-08-08,14.25796545867368,14.488826304628438,14.230262403745094,14.47035789489746,32089286.0,464343453.01172256,1.0
2022-08-09,14.304136598488553,14.387246636934282,14.24873049330084,14.368778228759766,37915633.0,544801321.9800453,1.0
2022-08-10,14.341073954893885,14.54423172397344,14.230260866486164,14.26719856262207,38125863.0,543949257.792326,1.0
2022-08-11,14.368778117878117,15.19064297090972,14.304136488105728,15.08906364440918,126396215.0,1907200532.5474265,1.0
2022-08-12,14.922844784750453,15.181409563580177,14.83973474017406,15.042893409729004,65427282.0,984215629.2142812,1.0
2022-08-15,14.913609383028056,15.384565691291474,14.895140093763994,15.14447021484375,64779471.0,981050769.0928344,1.0
2022-08-16,15.20911118322128,15.310690514296454,14.987484992871403,15.135235786437988,47372857.0,716999360.5722094,1.0
2022-08-17,15.08906395731642,15.458440932257853,15.024423206867713,15.3014554977417,60445414.0,924902812.3635732,1.0
2022-08-18,15.246048620632902,15.366095470918337,15.10753248220255,15.218344688415527,38221527.0,581668372.4035807,1.0
2022-08-19,15.162939037865486,15.338393757822333,15.05212506701687,15.08906364440918,36067636.0,544226855.1073837,1.0
2022-08-22,14.996719607303303,15.162939690061616,14.922844210669432,15.061360359191896,31564055.0,475397606.7523527,1.0
2022-08-23,15.061359711364949,15.356861285190174,14.987484317908642,15.08906364440918,40916912.0,617397889.3006897,1.0
2022-08-24,15.089063980268609,15.458440955771904,14.821264572198496,14.848968505859377,74492229.0,1106132762.3522644,1.0
2022-08-25,14.867437408884228,15.227579730481605,14.784327371388168,15.12600040435791,56887628.0,860482284.1309624,1.0
2022-08-26,15.153704853615402,15.190643432129244,14.91360937726053,14.959782600402832,37544535.0,561658081.4332151,1.0
2022-08-29,14.77509319917842,14.895140056437263,14.590404710321526,14.885907173156738,31940785.0,475467560.5477572,1.0
2022-08-30,14.895139568385448,15.07059428754871,14.77509271506004,14.941312789916992,33957237.0,507365699.4983425,1.0
2022-08-31,14.913609470231409,15.35686184719053,14.876672652815673,15.181408882141112,99111288.0,1504648987.963646,1.0
2022-09-01,15.172174084965937,15.236814835790083,14.932078609527416,14.996719360351562,38908481.0,583499570.2945709,1.0
2022-09-02,14.95054739990862,15.116767474384066,14.719685696101532,14.867437362670898,35710702.0,530926625.1620064,1.0
2022-09-05,14.812031417411628,14.932078271751148,14.61810740799755,14.895139694213867,32084049.0,477896391.81100273,1.0
2022-09-06,14.95978189204246,15.504613570024745,14.904374026895312,15.476909637451172,95297790.0,1474915284.478798,1.0
2022-09-07,15.375331445730192,15.486145422862412,15.20911136069607,15.393800735473633,42978773.0,661606667.4171543,1.0
2022-09-08,15.421504029356088,15.892458568947664,15.403034740380011,15.606191635131836,83537021.0,1303694758.3540325,1.0
2022-09-09,15.606192486774674,16.289540364225314,15.532317088167265,15.910928726196287,107888655.0,1716608700.070181,1.0
2022-09-13,15.883225474631251,16.206429220774123,15.707770754347756,15.957100868225098,62677400.0,1000149593.9580916,1.0
2022-09-14,15.698537148060437,15.910928698521252,15.523082416174857,15.652365684509276,51114723.0,800066336.2583971,1.0
2022-09-15,15.735476028367716,16.187963072855467,15.64313133817403,15.864757537841797,87787559.0,1392728338.3739817,1.0
2022-09-16,15.809350799738043,15.809350799738043,14.461122603698902,14.682748794555664,141840069.0,2082602102.1294425,1.0
2022-09-19,14.525761939540525,14.636575904828256,14.036337262286844,14.174854278564451,76444547.0,1083590314.1158714,1.0
2022-09-20,14.267199284416526,14.313371627088358,14.064041505058976,14.239496231079102,38524280.0,548566339.865036,1.0
2022-09-21,14.12868329135721,14.20255868817322,13.777774716149056,14.082510948181152,61853419.0,871051450.2499361,1.0
2022-09-22,13.87935290650124,14.082510684270126,13.87935290650124,13.980932235717772,36720014.0,513380027.428608,1.0
2022-09-23,13.980933202744469,14.304137859946772,13.934760857240068,14.017870903015137,49199995.0,689679178.3389902,1.0
2022-09-26,13.888588287374152,14.017870676565144,13.519211290634509,13.611555099487305,51854087.0,705814762.3341084,1.0
2022-09-27,13.657726321811271,13.750071003739125,13.473037838619724,13.73160171508789,39566187.0,543307121.2686882,1.0
2022-09-28,13.62078942416724,13.685430176910064,13.33452159792978,13.362225532531738,37317380.0,498643247.8431893,1.0
2022-09-29,13.500740851100398,13.537678547629728,13.075956900681025,13.168301582336426,39594268.0,521389261.9558525,1.0
2022-09-30,13.196004418372205,13.343755202068865,13.140597434153884,13.177536010742188,29319774.0,386362377.7118225,1.0
2022-10-10,13.214473888663267,13.316052333687685,12.937440725084503,13.094426155090332,27175051.0,355841698.5803137,1.0
2022-10-11,13.103660232839491,13.436100389369384,13.048254127193958,13.306818008422852,35876770.0,477405649.1200447,1.0
2022-10-12,13.316051539346994,13.879351596512167,13.24217615088809,13.842413902282717,59622776.0,825323143.3950882,1.0
2022-10-13,13.759304733178464,13.851649414876636,13.574616250446272,13.657726287841797,35010674.0,478166202.6448593,1.0
2022-10-14,13.777773176798856,13.971696291940471,13.7316008387815,13.879351615905762,47002659.0,652366431.1435175,1.0
2022-10-17,13.851649086636652,13.96246217365005,13.73160135553944,13.897821426391602,31120111.0,432501745.44748497,1.0
2022-10-18,13.96246162869446,14.054806304600138,13.805476208053262,13.842413902282717,36679702.0,507735616.8963871,1.0
2022-10-19,13.78700811981141,13.870118153913912,13.574615712586782,13.60231876373291,37857767.0,514953414.41712856,1.0
2022-10-20,13.528444639897115,13.888587861164453,13.47303853241857,13.666961669921877,41066032.0,561247885.2797852,1.0
2022-10-21,13.990165794920904,14.036338136556004,13.611554178708593,13.685429573059082,49737082.0,680673332.8804646,1.0
2022-10-24,13.750072003768649,13.971698199717164,13.223708687560643,13.279115676879885,58088124.0,771358918.0489426,1.0
2022-10-25,13.205239081789468,13.297582881402567,12.734282797570993,12.90973663330078,69002691.0,890806567.7990341,1.0
2022-10-26,12.937441320269896,13.122129810930929,12.854331279306386,12.955909729003906,49727883.0,644269963.162468,1.0
2022-10-27,13.011316151920736,13.417630813743369,12.891268418034374,13.168301582336426,58429426.0,769416302.8508091,1.0
2022-10-28,13.11289410751709,13.186769497816917,12.761985563260849,12.771220207214355,48766310.0,622805283.7032795,1.0
2022-10-31,12.752752672654712,12.808158778839015,12.124810931471393,12.586532592773438,67600463.0,850855430.8360748,1.0
2022-11-01,12.595767938712688,13.085192680358888,12.586533293613044,13.085192680358888,60806121.0,795659809.4302168,1.0
2022-11-02,13.002081950214484,13.35299051952016,12.97437889704051,13.18677043914795,51644076.0,681018574.7539101,1.0
2022-11-03,13.066722605412586,13.112894947473611,12.845096420316668,12.965144157409668,48432258.0,627931206.8388577,1.0
2022-11-04,12.974378412335918,13.66696088046064,12.946675360196892,13.546913146972656,97646008.0,1322801989.5245972,1.0
2022-11-07,13.4083975525789,13.787009176358763,13.371458974001172,13.63925838470459,60159983.0,820537552.5564356,1.0
2022-11-08,13.62078928111668,13.759305430014898,13.454569197907457,13.556148529052734,32713465.0,443468590.4399681,1.0
2022-11-09,13.546914041538468,13.6484924931987,13.362225547308864,13.399163246154783,40966514.0,548917008.7118855,1.0
2022-11-10,13.297583231385437,13.583851043247932,13.288349467645997,13.500741004943848,36262719.0,489573577.3540564,1.0
2022-11-11,13.86088378400819,14.378011525392123,13.713133000755636,14.008634567260742,131321581.0,1839636039.0239315,1.0
2022-11-14,14.119448646589158,14.571935672253275,14.008635551365142,14.082510948181152,102238563.0,1439775682.7738085,1.0
2022-11-15,13.990165648869002,15.218345167954425,13.953227952079372,14.821264266967772,160434978.0,2377849206.603161,1.0
2022-11-16,14.691983111157294,14.802797084774555,14.378012240791463,14.433419227600098,74189505.0,1070808227.9531336,1.0
2022-11-17,14.414950017192718,14.655045493568156,14.24873081718711,14.618107795715332,60941557.0,890850249.4647303,1.0
2022-11-18,14.525762053041746,14.655044426444876,14.313370526019588,14.396480560302734,57216629.0,823718087.1245537,1.0
2022-11-21,14.184088620766495,14.20255790928972,13.85164935332577,13.99940013885498,73860271.0,1033999488.0932664,1.0
2022-11-22,13.99016588078593,14.424184485756998,13.980932116933571,14.211792945861816,67891868.0,964865170.7237816,1.0
2022-11-23,14.165619868298023,14.433418380720978,14.00863444232621,14.202557563781738,58117457.0,825416528.5031099,1.0
2022-11-24,14.35030810905249,14.442652786570894,14.128681939805247,14.174854278564451,31972736.0,453208873.6870117,1.0
2022-11-25,14.137917843123434,14.571935576396402,14.110213909001525,14.387247085571287,56992270.0,819961870.457592,1.0
2022-11-28,13.953228151365597,14.184088979764084,13.777774309274978,14.137917518615724,71974394.0,1017568045.8243504,1.0
2022-11-29,14.211793265132458,15.098298903359,14.165620922176704,14.802797317504885,126125510.0,1867010361.0969355,1.0
2022-11-30,14.775093815699137,15.11676863517169,14.691983772079553,14.78432846069336,67977149.0,1004996498.6374933,1.0
2022-12-01,15.236815672854952,15.495380451684676,15.033658764628465,15.042893409729004,119358129.0,1795491612.1316843,1.0
2022-12-02,15.061359573759106,15.144469610804167,14.701217254116036,14.793561935424805,59554141.0,881017873.3945217,1.0
2022-12-05,15.024423123012138,15.726240252147994,15.024423123012138,15.606191635131836,116768047.0,1822304518.342081,1.0
2022-12-06,15.439972903728911,15.698537687961837,15.366097502709293,15.513848304748535,65316454.0,1013309559.1600856,1.0
2022-12-07,15.439971797755296,15.560020416643342,15.052125529851798,15.14447021484375,76251051.0,1154781770.7200315,1.0
2022-12-08,15.144469726925232,15.209110475938518,14.941312835550864,15.199875831604004,46336569.0,704310095.2625513,1.0
2022-12-09,15.181408850902862,15.255284246910705,14.85820333287041,15.10753345489502,64851407.0,979744800.849513,1.0
2022-12-12,15.024422926119223,15.033657570486245,14.599638972542062,14.673514366149902,63861117.0,937067017.7378798,1.0
2022-12-13,14.701216641377131,14.738154336228266,14.525761930336165,14.59040355682373,43837397.0,639605313.1106939,1.0
2022-12-14,14.645811111150437,14.821264958926538,14.553467305197191,14.719686508178713,49387908.0,726974523.0547714,1.0
2022-12-15,14.627342191322962,14.71045223024296,14.470356757955004,14.553466796875,35914846.0,522685518.7758789,1.0
2022-12-16,14.451887928945514,14.710452698406428,14.414950230545983,14.60887336730957,38309303.0,559655756.3168926,1.0
2022-12-19,14.618107855792587,14.793562581812711,14.15638619040264,14.239496231079102,54746302.0,779559760.9945183,1.0
2022-12-20,14.239495998747238,14.350309090953091,14.10097985365596,14.211792945861816,25661416.0,364694730.8896256,1.0
2022-12-21,14.267199284416526,14.341074680425782,14.128683137065217,14.239496231079102,22286479.0,317348233.72452354,1.0
2022-12-22,14.359543190079616,14.405715530244423,14.008634637756844,14.15638542175293,38169192.0,540337793.1888885,1.0
2022-12-23,14.03633767206979,14.276433136095807,13.990165331962611,14.119447708129885,27308173.0,385576320.6780644,1.0
2022-12-26,14.1286834938278,14.156386547864752,13.787009558491352,14.036338806152344,37067516.0,520292213.2784729,1.0
2022-12-27,14.119449064425426,14.544233049020203,14.036339020381892,14.405716896057127,52874469.0,761694631.4433489,1.0
2022-12-28,14.33184138138086,14.45188824329236,14.184089703904752,14.294902801513672,34357328.0,491134664.2797241,1.0
2022-12-29,14.211792945861816,14.29490210451808,14.073275920106369,14.211792945861816,34330182.0,487893438.3777523,1.0
2022-12-30,14.276433224275356,14.461121705180672,14.21179247612453,14.304136276245115,30627612.0,438101535.86396027,1.0
2023-01-03,14.036337835237283,14.091744820142813,13.232942278424089,13.99940013885498,88059396.0,1232778720.5898857,1.0
2023-01-04,13.934760857240068,14.211794049602217,13.860885456698728,14.017870903015137,52586022.0,737144067.6991138,1.0
2023-01-05,14.100979948740845,14.62734236043404,14.100979948740845,14.433419227600098,85291710.0,1231051007.0688915,1.0
2023-01-06,14.38724616752698,14.599638578921333,14.294901487674805,14.461121559143066,47035125.0,680180660.174489,1.0
2023-01-09,14.553466150718592,15.41226867387655,14.534996862594534,15.03365707397461,118853583.0,1786804008.8351784,1.0
2023-01-10,14.978249855376802,15.412269338363302,14.922843749944091,15.005953788757324,78432670.0,1176957021.548853,1.0
2023-01-11,14.784327729498788,14.885907058082967,14.110213649552058,14.28566837310791,174711787.0,2495874649.9550657,1.0
2023-01-12,14.26719914783838,14.58117001820421,14.22102680560855,14.433419227600098,97549308.0,1407970057.726284,1.0
2023-01-13,14.525761787245466,15.209109575591963,14.525761787245466,15.162938117980955,152480065.0,2312045789.820714,1.0
2023-01-16,15.236814564049729,16.67738562966068,15.236814564049729,16.363414764404297,304348352.0,4980178316.638916,1.0
2023-01-17,16.067913786153973,16.520400812025926,15.99403838930403,16.4188232421875,135031401.0,2217056705.1639404,1.0
2023-01-18,16.437289022591482,16.594274444371063,16.243366786978697,16.446523666381836,86996221.0,1430785407.5622845,1.0
2023-01-19,16.4188219472289,16.85283964932513,16.298773335985775,16.769729614257812,90928303.0,1524843055.5933075,1.0
2023-01-20,16.64044691590812,16.732791588335733,16.344945373202275,16.437288284301758,91468216.0,1503489435.2427826,1.0
2023-01-30,16.695853686369965,16.806667650005853,16.243366710735803,16.29877281188965,83930785.0,1367968796.6385555,1.0
2023-01-31,16.28030459153835,16.39111856243788,15.975568373225032,16.067913055419922,62086389.0,997598700.3769798,1.0
2023-02-01,16.1140864748458,16.538869552293278,15.975568569190168,16.511165618896484,83166830.0,1373181304.1286087,1.0
2023-02-02,16.732791327397468,16.742024209300933,15.910925693069212,15.994035720825195,120355750.0,1924974164.706707,1.0
2023-02-03,15.883226001164164,15.98480356989282,15.606191945007264,15.818583488464355,82404637.0,1303524630.221099,1.0
2023-02-06,15.652365507896535,15.680067681183282,15.21834600556779,15.393800735473633,101151213.0,1557101617.07345,1.0
2023-02-07,15.421504020690918,15.513846942862736,15.310690048225062,15.421504020690918,49433136.0,762333305.579361,1.0
2023-02-08,15.37533064208026,15.43997139147519,15.199875921345225,15.236814498901367,42384409.0,645803377.5785656,1.0
2023-02-09,15.236815537850104,15.486145669370114,15.190644074084965,15.458441734313965,69408800.0,1072951890.6486512,1.0
2023-02-10,15.38456483113916,15.421503407602048,15.282985507194486,15.366095542907717,38214505.0,587207734.9549246,1.0
2023-02-13,15.329159583457477,15.54155112599012,15.246049543104986,15.48614501953125,49948000.0,773501971.4355469,1.0
2023-02-14,15.513846942862736,15.532316231828435,15.292220759259363,15.421504020690918,43735804.0,674471877.2341499,1.0
2023-02-15,15.421503427352226,15.430736310151502,15.153704031638124,15.25528335571289,41619655.0,634919630.1920128,1.0
2023-02-16,15.236814305491649,15.504613705389389,14.590404177755136,14.978249549865724,98652708.0,1477644879.1940346,1.0
2023-02-17,14.91360964554398,15.052125794805944,14.682748809664574,14.719686508178713,57139126.0,841070022.0713234,1.0
2023-02-20,14.87667241689114,15.31069014228128,14.710452337835408,15.3014554977417,94562138.0,1446938346.3783092,1.0
2023-02-21,15.246049695450338,15.421504422539746,15.144470364820409,15.3291597366333,62475393.0,957695278.905942,1.0
2023-02-22,15.218345916495297,15.329159892978923,15.08906441170473,15.172174453735352,49878611.0,756766987.6020031,1.0
2023-02-23,15.236814067457791,15.495378819044344,15.172173319893222,15.25528335571289,59195238.0,903040128.9988632,1.0
2023-02-24,15.26451960815657,15.282987137029192,14.95978336515261,15.042893409729004,45760391.0,688368684.2005224,1.0
2023-02-27,14.913610025126296,15.024424004153351,14.85820391627699,14.932079315185549,32924583.0,491632484.7754097,1.0
2023-02-28,15.098299459806396,15.11676874993506,14.904375436112328,15.079830169677734,33253744.0,501460812.02594,1.0
2023-03-01,15.042893220587128,15.35686234341548,14.876673133524308,15.310690879821776,63349086.0,969918273.2652454,1.0
2023-03-02,15.236814227461537,15.3753303681728,15.209110294787966,15.28298568725586,38207767.0,583928756.2030067,1.0
2023-03-03,15.329158977476997,15.486144407344945,15.190642836141349,15.430736541748049,60282462.0,930202789.209938,1.0
2023-03-06,15.421503772975711,15.449205944650942,15.144469726925232,15.199875831604004,48872954.0,742862832.3236942,1.0
2023-03-07,15.144470053312943,15.338394065860484,14.682748394606278,14.77509307861328,98406910.0,1453971254.82872,1.0
2023-03-08,14.701217683673349,14.802797012213889,14.61810764419988,14.77509307861328,35220709.0,520389253.7697525,1.0
2023-03-09,14.77509326347474,14.821264725391751,14.63657711639534,14.691983222961426,26040974.0,382593553.1175747,1.0
2023-03-10,14.571935810679935,14.645811208197731,14.405716606597004,14.414950370788574,44153465.0,636470006.6733503,1.0
2023-03-13,14.414949755502631,14.553466780434205,14.322605952879083,14.516529083251951,36931720.0,536120387.4745178,1.0
2023-03-14,14.433418961639244,14.461122014200992,14.119448097058871,14.33184051513672,43512169.0,623609466.575676,1.0
2023-03-15,14.433419443911536,14.54423253852536,14.414950154477136,14.424184799194336,33476169.0,482866448.0250607,1.0
2023-03-16,14.32260605437287,14.424184502177834,14.22102672590373,14.248730659484863,27168898.0,387122309.917017,1.0
2023-03-17,14.3687779744268,14.627341848942493,14.3687779744268,14.451887130737305,49460394.0,714796031.5297966,1.0
2023-03-20,14.451887386541332,14.618107463432796,14.304136598488553,14.368778228759766,40294183.0,578978179.4360619,1.0
2023-03-21,14.405715259251444,14.562700684460188,14.405715259251444,14.507293701171877,29229359.0,424038895.70999146,1.0
2023-03-22,14.553466238995242,14.599638578921333,14.267198435984804,14.461121559143066,50518187.0,730549643.154521,1.0
2023-03-23,14.38724694840866,14.581170082092283,14.35954389521505,14.581170082092283,49271749.0,718439752.4111605,1.0
2023-03-24,14.590403735772282,14.682747533700642,14.368777563947276,14.507293701171877,49028430.0,711269833.7173462,1.0
2023-03-27,14.47959064985978,14.636576075068524,14.359542919955205,14.507293701171877,47061605.0,682736525.7835388,1.0
2023-03-28,14.57193439216173,14.58116903611855,14.341073577225927,14.396480560302734,33828757.0,487015042.52970505,1.0
2023-03-29,14.39648146556542,14.442653807588758,14.239496031084572,14.28566837310791,33156848.0,473667734.8255463,1.0
2023-03-30,14.29490216911037,14.40571614248112,14.054807575244888,14.359543800354004,40645681.0,583653436.6147165,1.0
2023-03-31,14.396481149906966,14.645810382303504,14.35954345323103,14.562701225280762,57456769.0,836725760.3169737,1.0
2023-04-03,14.581170040962853,15.079829400362142,14.553466987847386,14.996719360351562,105567309.0,1583163306.7005155,1.0
2023-04-04,15.033658216691208,15.190643655021752,14.987484992871403,15.135235786437988,81264729.0,1229960834.535985,1.0
2023-04-06,15.070594321798554,15.162939003743205,14.987484284181198,15.015188217163086,46326141.0,695595726.4898357,1.0
2023-04-07,14.987484653003513,15.255284061100362,14.987484653003513,15.190643310546877,55991483.0,850546646.6815491,1.0
2023-04-10,15.35686175739538,15.513847193483183,15.089064108379926,15.14447021484375,79511839.0,1204164677.4629517,1.0
2023-04-11,15.236816154406474,15.643131745029295,15.22758150901408,15.356863021850586,89067051.0,1367790501.9671805,1.0
2023-04-12,15.32915804458306,15.467674177488965,15.25528265627803,15.319923400878906,50234906.0,769594911.9703522,1.0
2023-04-13,15.236815117513162,15.292221224768532,15.052125744890736,15.135235786437988,38135596.0,577191237.3163414,1.0
2023-04-14,15.181409010257791,15.236815117513162,14.922844240852074,15.135235786437988,44599485.0,675023721.4287043,1.0
2023-04-17,15.190642517818612,15.69853561251576,15.061359262129972,15.670831680297852,113385591.0,1776846511.532095,1.0
2023-04-18,15.292220910186586,15.384565594598143,15.14447011965944,15.264518737792969,111694205.0,1704958285.125389,1.0
2023-04-19,15.190643019437095,15.190643019437095,14.590404344856914,14.71045207977295,113117456.0,1664008915.873825,1.0
2023-04-20,14.627342024978962,14.719685826656685,14.46112194902924,14.673514366149902,64693986.0,949288132.9745008,1.0
2023-04-21,14.673513599702796,14.682747362923347,14.147150346910465,14.174854278564451,72639892.0,1029659883.9106598,1.0
2023-04-24,14.12868299425936,14.25796449563675,13.81471212406139,13.90705680847168,75164825.0,1045321491.2738324,1.0
2023-04-25,13.87935210217624,13.971696781446298,13.639257521269522,13.823945999145508,62050985.0,857789465.8337879,1.0
2023-04-26,13.768540626571111,13.9162914261609,13.713134517057057,13.833181381225586,40033287.0,553787720.3576603,1.0
2023-04-27,13.768539230383947,13.916290014991194,13.722366890028146,13.814711570739746,47296625.0,653389232.6444387,1.0
2023-04-28,13.88858856410066,14.248731803595748,13.860885508959267,14.165621757507324,69097402.0,978807661.15843,1.0
2023-05-04,14.07327614972618,14.267199284416526,13.962463055712297,14.239496231079102,64917322.0,924389961.9507484,1.0
2023-05-05,14.267199030756055,15.098298542080126,14.248730622414191,14.66427993774414,143042262.0,2097611772.896141,1.0
2023-05-08,14.664280378771693,15.218345855653729,14.562701928176036,15.024423599243164,113820252.0,1710083680.220604,1.0
2023-05-09,15.03365751756769,15.772411451045675,14.969015007226094,15.199875831604004,205688936.0,3126446287.1347427,1.0
2023-05-10,15.098298094028934,15.227579590578,14.73815489507622,14.830498695373535,91352111.0,1354797363.0051184,1.0
2023-05-11,14.867437964475624,14.996719467043674,14.682748593954088,14.728920936584473,42142292.0,620710486.9544563,1.0
2023-05-12,14.701218022845277,14.81203199847594,14.534997940063477,14.534997940063477,42495176.0,617667295.6226349,1.0
2023-05-15,14.534998000651155,14.775093481078082,14.24873105762722,14.682748794555664,57928618.0,850551346.1097755,1.0
2023-05-16,14.719685977422255,14.85820300235383,14.4795913860697,14.516529083251951,38159907.0,553949399.7796898,1.0
2023-05-17,14.479590847379155,14.571934646567197,14.396480811645024,14.461121559143066,28058717.0,405760517.33059406,1.0
2023-05-18,14.47959059458588,14.57193439216173,14.331839813933229,14.396480560302734,36109184.0,519845165.5043945,1.0
2023-05-19,14.368778817550725,14.38724722648202,14.174855680118997,14.193324089050291,42087477.0,597361201.1514502,1.0
2023-05-22,14.18408845588145,14.248730084297156,14.045572316224051,14.119447708129885,34850783.0,492073808.1558819,1.0
2023-05-23,14.128683464106723,14.184089572064076,13.96246337890625,13.96246337890625,33454601.0,467108641.3184204,1.0
2023-05-24,13.953227912130314,13.953227912130314,13.75930478437393,13.768539428710938,52305786.0,720174276.8907166,1.0
2023-05-25,13.768538819291615,13.879351904438469,13.713132717050252,13.870118141174316,41553134.0,576346877.7160473,1.0
2023-05-26,13.870118872336889,14.036338068487336,13.78700883392958,14.027103424072266,34212790.0,479906343.75606537,1.0
2023-05-29,14.02710408689333,14.036338731744763,13.805477894444143,13.85165023803711,43891084.0,607963944.1363068,1.0
2023-05-30,13.83317976254121,13.860883694720703,13.63002287720969,13.823945999145508,52599241.0,727129067.1800404,1.0
2023-05-31,13.78700893375097,13.796242697568731,13.66696119747837,13.759305000305176,32423338.0,446122596.6699848,1.0
2023-06-01,13.703898679680194,13.925524859783447,13.66696098299632,13.768539428710938,37321224.0,513858744.1717529,1.0
2023-06-02,13.842413921624695,13.888586259642052,13.81471087107992,13.879351615905762,30239462.0,419704125.7738209,1.0
2023-06-05,13.870117833452875,13.90705552768233,13.805476208053262,13.842413902282717,23319556.0,322798946.1694603,1.0
2023-06-06,13.860884822680577,13.9162909302201,13.648492395341195,13.703899383544922,36365141.0,498344233.33242416,1.0
2023-06-07,13.713133307100811,13.814711752690126,13.648491677485657,13.73160171508789,21664678.0,297490729.5816269,1.0
2023-06-08,13.722366890028146,13.879352318839382,13.593085393828876,13.814711570739746,35810551.0,494712433.2542658,1.0
2023-06-09,13.777774305606629,13.823946647406869,13.713133555484797,13.796242713928224,23363092.0,322322887.77983475,1.0
2023-06-12,13.75930498390165,13.777774272843494,13.666961181184934,13.722367286682127,24537716.0,336715551.32829666,1.0
2023-06-13,13.713133539223858,13.78700893375097,13.6761958419603,13.759305000305176,26679654.0,367093496.688612,1.0
2023-06-14,13.777774305606629,13.94399438382182,13.768539661113747,13.796242713928224,39822252.0,549397454.0072136,1.0
2023-06-15,13.8516491044815,13.971696835733368,13.77777371304406,13.934759140014648,49433169.0,688839303.5426388,1.0
2023-06-16,13.97169853075293,13.990166940520774,13.88858848513703,13.943995475769045,38251404.0,533377404.3178139,1.0
2023-06-19,13.925523934465009,13.943993221911782,13.814710851776647,13.842413902282717,28541451.0,395082578.1137209,1.0
2023-06-20,13.851649014298516,13.87935206574116,13.713132876421184,13.750070571899414,28739725.0,395173246.9669819,1.0
2023-06-21,13.72236796552959,13.740837255385111,13.58385181427002,13.58385181427002,34222797.0,464877403.1178446,1.0
2023-06-26,13.5284442416512,13.5284442416512,13.389928096368234,13.417631149291992,32729403.0,439151057.1905308,1.0
2023-06-27,13.436100255446965,13.50997564934745,13.38992791409312,13.500741004943848,20842462.0,281388681.367384,1.0
2023-06-28,13.50997584949332,13.50997584949332,13.343755770422652,13.45456886291504,19607300.0,263807768.06583405,1.0
2023-06-29,13.417629765275668,13.500739796138392,13.380692071632687,13.4360990524292,14984700.0,201335913.47093585,1.0
2023-06-30,13.445335663010448,13.648492567435923,13.445335663010448,13.58385181427002,26909239.0,365531115.0107756,1.0
2023-07-03,13.583851428624984,13.77777456328144,13.583851428624984,13.713133811950684,32295007.0,442865752.448884,1.0
2023-07-04,13.703899383544922,13.759305491084447,13.648492395341195,13.703899383544922,21658620.0,296807549.2664337,1.0
2023-07-05,13.703897691461606,13.731600741810745,13.657725353770312,13.694663047790527,19328496.0,264697239.94056705,1.0
2023-07-06,13.666961437973702,13.731602189156357,13.611554450771294,13.63925838470459,17238888.0,235125647.6969833,1.0
2023-07-07,13.630022303421171,13.759303792159884,13.55614691538074,13.694663047790527,20190126.0,276496972.4624348,1.0
2023-07-10,13.703899167285094,13.76853991861585,13.685429877953911,13.713133811950684,21877100.0,300003599.7174263,1.0
2023-07-11,13.713132876421184,13.759304335270876,13.694663588350004,13.750070571899414,16344924.0,224743858.4923325,1.0
2023-07-12,13.750069989575112,13.796241446469416,13.60231833325544,13.620787620544434,22242669.0,302962670.56306744,1.0
2023-07-13,13.666960999765532,13.84241483906318,13.639257947384673,13.805477142333984,35922766.0,495930924.9024124,1.0
2023-07-14,13.823945962855875,13.842414370262928,13.731601283828237,13.750070571899414,21013708.0,288939967.9772873,1.0
2023-07-17,13.72236777740042,13.72236777740042,13.61155468177913,13.666961669921877,19071586.0,260650634.84661865,1.0
2023-07-18,13.722367792503364,13.759305491084447,13.620789341571436,13.703899383544922,16869666.0,231180205.4980088,1.0
2023-07-19,13.685429605778063,13.777774289269038,13.657726552996438,13.759305000305176,23778016.0,327168974.4461365,1.0
2023-07-20,13.796242647958964,13.82394658130514,13.630023451202751,13.648491859436035,24063161.0,328425857.0207987,1.0
2023-07-21,13.620788806754026,13.71313348991294,13.611554162305302,13.648491859436035,15181424.0,207203541.87864685,1.0
2023-07-24,13.611552432146055,13.648490124581652,13.500739354839268,13.565380096435549,17912492.0,242989762.45436096,1.0
2023-07-25,14.008635032467714,14.156385820626864,13.851649599882576,14.064041137695312,123308230.0,1734212019.3363953,1.0
2023-07-26,14.017870196133192,14.13791793612526,13.953228563421035,14.082510948181152,54536204.0,768006689.9022408,1.0
2023-07-27,14.082511149990072,14.248731235540207,14.01787039701578,14.036338806152344,45670052.0,641040323.1665955,1.0
2023-07-28,14.017869581959344,14.922843593637378,13.99940029323245,14.821264266967772,182212354.0,2700617451.3402824,1.0
2023-07-31,14.91360886912501,15.366095872532266,14.91360886912501,15.12600040435791,199323204.0,3014962864.301914,1.0
2023-08-01,14.94131273410676,15.301455054066054,14.895139512747686,14.978249549865724,97718618.0,1463653846.0720005,1.0
2023-08-02,14.98748403368628,15.301454890253524,14.867437182094466,14.950547218322754,84837332.0,1268364537.942524,1.0
2023-08-03,15.05212468828624,15.403034119370604,14.765857766011932,15.366095542907717,132371625.0,2034035036.919952,1.0
2023-08-04,15.698537089806466,16.02174261745052,15.439972315425535,15.50461483001709,223816168.0,3470183477.5703964,1.0
2023-08-07,15.23681483584171,15.421504205049922,15.144470151237602,15.338394165039062,81388127.0,1248363172.2802582,1.0
2023-08-08,15.264517552237791,15.6800659578227,14.941312062564048,15.384564399719238,95044095.0,1462212000.3405333,1.0
2023-08-09,15.25528477124365,15.486145611869023,15.246050126259222,15.310690879821776,58296396.0,892558098.5636787,1.0
2023-08-10,15.375331562162412,15.58772311183509,15.319925453840938,15.50461483001709,75998303.0,1178324415.7499323,1.0
2023-08-11,15.570630363230212,15.910148010511378,15.183958286638298,15.202820777893066,121236744.0,1843140490.7273023,1.0
2023-08-14,14.778423567119791,15.25940629622303,14.674682564522518,15.061354637145996,77303908.0,1164301573.2253077,1.0
2023-08-15,14.985906980920616,15.28769875343617,14.976475735069569,15.193389892578123,48726281.0,740317385.2483215,1.0
2023-08-16,15.04249242973641,15.504613575905616,14.910458587470718,15.12737274169922,63797851.0,965093872.1963882,1.0
2023-08-17,15.287697813546211,15.287697813546211,14.825578487626444,15.07078456878662,67682734.0,1020031903.1404896,1.0
2023-08-18,15.23111227127474,15.33485417132104,14.910458024022974,14.948182106018066,48506263.0,725080452.6064062,1.0
2023-08-21,14.835008529713663,14.863302264947944,14.448336475642186,14.476630210876465,64905310.0,939610171.5923024,1.0
2023-08-22,14.486061148535926,14.665251214690429,14.344596064235484,14.53321647644043,61704490.0,896764710.7383537,1.0
2023-08-23,14.51435619530988,14.523786542211717,14.24085634806736,14.25971794128418,45006613.0,641781606.8725338,1.0
2023-08-24,14.382321130783804,14.57094155589506,14.297441714630452,14.316304206848145,50550471.0,723695920.6354551,1.0
2023-08-25,14.250286250964404,14.514355743077315,14.250286250964404,14.391752243041992,44438758.0,639551595.1245003,1.0
2023-08-28,15.82526849306968,15.82526849306968,14.655820126058623,14.6746826171875,173991999.0,2553277363.255005,1.0
2023-08-29,14.523785386395724,14.79728521187288,14.28800964376324,14.6746826171875,92994281.0,1364661558.8885498,1.0
2023-08-30,14.674683925263118,14.806717777282202,14.448338508605955,14.448338508605955,62209751.0,898827540.984088,1.0
2023-08-31,14.457769019817835,14.55207968024695,14.203131675720217,14.203131675720217,52761295.0,749375620.2665186,1.0
2023-09-01,14.278580121825891,14.401183623001495,14.250286383499354,14.316304206848145,38979355.0,558040303.9667273,1.0
2023-09-04,14.33516423294417,14.54264712759705,14.269147316223586,14.476630210876465,48558330.0,702960987.067709,1.0
2023-09-05,14.4294764619149,14.4294764619149,14.288010468521607,14.316304206848145,32955862.0,471806145.7909069,1.0
2023-09-06,14.269147872924805,14.31630320074197,14.193699708182567,14.269147872924805,30169686.0,430495710.81370926,1.0
2023-09-07,14.278579923255686,14.316304007753311,14.071097008812169,14.12768268585205,41001927.0,579262214.1644697,1.0
2023-09-08,14.071096111526913,14.19369960317931,14.014509538682322,14.174837112426758,26027655.0,368937770.0434399,1.0
2023-09-11,14.212561760073662,14.448337507384313,14.155976084390442,14.35402774810791,55985442.0,803616587.958086,1.0
2023-09-12,14.33516561680442,14.372889701345493,14.306872778251895,14.344596862792969,20557060.0,294882738.3842468,1.0
2023-09-13,14.363457706429712,14.363457706429712,14.108820373907838,14.146544456481934,32134750.0,454595669.4729328,1.0
2023-09-14,14.146545099580123,14.250286106521656,14.099389769365564,14.203131675720217,23882053.0,339199943.445529,1.0
2023-09-15,14.240855059922046,14.278579142356534,14.061664993798422,14.09938907623291,35207615.0,496405862.331214,1.0
2023-09-18,14.071096831200707,14.137113753384986,13.995648663157793,14.108820915222168,22400600.0,316046053.7935257,1.0
2023-09-19,14.108819727294762,14.127681318010838,14.00507872982376,14.042802810668944,28082710.0,394359958.9192009,1.0
2023-09-20,14.02394044654478,14.05223328257962,13.967354774475098,13.967354774475098,21234708.0,296592700.1683845,1.0
2023-09-21,13.967355626068372,14.01451005586378,13.873044967651367,13.873044967651367,25242592.0,350191613.91607666,1.0
2023-09-22,13.86361338746968,14.165406947475518,13.86361338746968,14.146544456481934,38386044.0,543029877.9544716,1.0
2023-09-25,14.118251463179227,14.118251463179227,13.929631052395926,13.957923889160156,30660375.0,427955180.6631088,1.0
2023-09-26,13.957924380344052,14.01451005586378,13.873044967651367,13.873044967651367,24046751.0,333601657.9489155,1.0
2023-09-27,13.882476264277887,13.957924431522894,13.873045018518985,13.92020034790039,18951983.0,263815400.3500023,1.0
2023-09-28,13.948492719804191,13.995648047610338,13.778733899467296,13.835320472717283,32561991.0,450505580.714736,1.0
2023-10-09,13.825889408494303,13.86361349135107,13.67499307706724,13.80702781677246,33602833.0,463955249.9533596,1.0
2023-10-10,13.863612895089949,13.929630711809732,13.778733487459538,13.797595977783203,21047741.0,290408226.5630226,1.0
2023-10-11,13.854181595668916,13.8824753310436,13.70328527132274,13.75044059753418,24119896.0,331659197.1667023,1.0
2023-10-12,13.863613362007367,13.92963118095059,13.816458034023086,13.882475852966309,26593266.0,369180373.09650993,1.0
2023-10-13,13.807028359853287,13.816458706378596,13.75044178363584,13.769304275512695,18188449.0,250442288.5806446,1.0
2023-10-16,13.788165900975178,13.816458739445054,13.533528555920048,13.5995454788208,43312025.0,589023853.7673235,1.0
2023-10-17,13.65613017622862,13.835320238982106,13.580682012778643,13.816457748413086,31365909.0,433365756.43906975,1.0
2023-10-18,13.797596157257118,13.957923729441584,13.741009584963107,13.816457748413086,31619595.0,436870798.33943367,1.0
2023-10-19,13.769302978813146,13.873043976126873,13.646699491398907,13.656129837036133,32896146.0,449234040.9140968,1.0
2023-10-20,13.627838003833126,13.807028075318025,13.590113920269951,13.703286170959473,25340928.0,347253988.2216797,1.0
2023-10-23,13.67499312960454,13.67499312960454,13.39206205738528,13.467510223388672,32919259.0,443340457.1288796,1.0
2023-10-24,13.486372915324498,13.759872746010782,13.439217586017255,13.703286170959473,37534785.0,514349900.22043705,1.0
2023-10-25,13.759872488348234,13.86361349135107,13.73157965105893,13.80702781677246,36088512.0,498275089.0499268,1.0
2023-10-26,13.71271769929525,13.788165867976431,13.646700776552494,13.769304275512695,24262018.0,334071108.179966,1.0
2023-10-27,13.741009742199562,14.005079216709246,13.693855314063535,13.957923889160156,37582363.0,524571762.3287888,1.0
2023-10-30,13.863613234061974,13.976785480531952,13.835320397297744,13.957923889160156,29840717.0,416514456.6839676,1.0
2023-10-31,13.891906480543938,14.052234059291592,13.891906480543938,13.995648384094238,30368631.0,425028681.3823042,1.0
2023-11-01,14.061665436631504,14.09938952025401,13.882476264277887,13.92020034790039,25307434.0,352284551.5712662,1.0
2023-11-02,13.920199647716592,13.995647811166572,13.807027402541628,13.816457748413086,19854038.0,274312477.16238785,1.0
2023-11-03,13.863613234061974,14.005079216709246,13.816457906512882,13.957923889160156,25359145.0,353961015.80417633,1.0
2023-11-06,14.221993136298616,14.335165388116405,14.11825213031892,14.278579711914062,75244752.0,1074388189.335205,1.0
2023-11-07,14.212562609122402,14.29744202713097,14.184269769590598,14.25971794128418,41418430.0,590615129.3708229,1.0
2023-11-08,14.259716105564715,14.269147350665577,14.052233210411028,14.137112617492676,34117843.0,482327788.75693417,1.0
2023-11-09,14.118251514558091,14.155975596852036,14.014509613689944,14.052233695983888,22711801.0,319151535.30868053,1.0
2023-11-10,14.005079808346371,14.099389568015557,13.939061987223534,14.01451015472412,21096379.0,295655417.7234087,1.0
2023-11-13,14.014509201395486,14.042802936843367,13.910768202992374,13.967354774475098,20737680.0,289650533.75953674,1.0
2023-11-14,13.98621623969465,14.212560724765762,13.976784994630096,14.042802810668944,48197754.0,676831555.3391304,1.0
2023-11-15,14.146544351425284,14.19369967914598,14.023940859116696,14.052233695983888,38110693.0,535540364.3518973,1.0
2023-11-16,14.052234370847245,14.137113784938249,13.939062118530272,13.939062118530272,29863536.0,416269683.3829651,1.0
2023-11-17,13.957923529325804,13.99564761050994,13.90133695784308,13.967354774475098,23059471.0,322079812.36872005,1.0
2023-11-20,13.967354001588824,14.005078080685491,13.825888030416584,13.986215591430664,25876964.0,361920797.35569,1.0
2023-11-21,13.995648202806866,14.1936998622584,13.995648202806866,14.023941040039062,43647097.0,612104314.8968658,1.0
2023-11-22,14.005078928158236,14.03337176433954,13.873044193623748,13.891905784606934,23873909.0,331654094.53827953,1.0
2023-11-23,13.9390622512662,13.948493497235702,13.750441828941762,13.863614082336426,33914500.0,470177539.7953987,1.0
2023-11-24,13.82588953890354,13.844752030216378,13.703286043609356,13.731579780578612,26203727.0,359818567.8490019,1.0
2023-11-27,13.722148844949048,13.722148844949048,13.561821262819963,13.674993515014648,25984764.0,355341479.1891861,1.0
2023-11-28,13.665562861447352,13.722149439703864,13.618407529469115,13.684425354003906,15968565.0,218520635.7530594,1.0
2023-11-29,13.67499323375373,13.722148562718258,13.51466565492219,13.56182098388672,21100691.0,286163793.97830963,1.0
2023-11-30,13.542958311497374,13.637268968165712,13.533527965361005,13.590113639831545,19788033.0,268921617.1787367,1.0
2023-12-01,13.57125309690403,13.70328694714731,13.561821850625751,13.684425354003906,21742290.0,297530744.5301056,1.0
2023-12-04,13.684425489959558,13.712718329662332,13.599546071438082,13.60897731781006,17777696.0,241936261.6269226,1.0
2023-12-05,13.580683385200642,13.590114631438244,13.410925449989508,13.420355796813965,27144300.0,364286163.8554573,1.0
2023-12-06,13.410923957824709,13.467509630128038,13.363768631296566,13.410923957824709,21505273.0,288405580.8952608,1.0
2023-12-07,13.410924370258735,13.53352786323718,13.373200287758682,13.448648452758787,21869979.0,294121659.2402172,1.0
2023-12-08,13.476940875316275,13.476940875316275,13.40149271263647,13.410923957824709,16006326.0,214659620.8301525,1.0
2023-12-11,13.392061751753438,13.580682162457247,13.24116542319039,13.524096488952637,31571882.0,426981178.50582695,1.0
2023-12-12,13.505233584805085,13.552388910890963,13.448647913032458,13.486371994018556,17897920.0,241378007.03918457,1.0
2023-12-13,13.486372120504512,13.542957792807846,13.373199876484804,13.410923957824709,20784493.0,278739255.1249399,1.0
2023-12-14,13.486372482657094,13.52409656501001,13.373200235598343,13.401493072509766,14609934.0,195794929.2908249,1.0
2023-12-15,13.410924084036552,13.495803492703406,13.382630348205566,13.382630348205566,17281274.0,231268901.8880558,1.0
2023-12-18,13.363769663563856,13.420355340238077,13.260028656719042,13.288321495056152,18929456.0,251540697.05451965,1.0
2023-12-19,13.288320594655454,13.38263034919321,13.23173402240236,13.33547592163086,17587111.0,234532495.2715492,1.0
2023-12-20,13.326044878642517,13.354337715492022,13.15628605871934,13.184578895568848,24840600.0,327512850.5132675,1.0
2023-12-21,13.146854739845164,13.307182313451708,13.118561903153733,13.260027885437012,17045700.0,226026457.32679367,1.0
2023-12-22,13.278889349377762,13.439216921446306,13.22230367653772,13.33547592163086,19443766.0,259291873.3188248,1.0
2023-12-25,13.31661319732666,13.354337278362197,13.278889116291124,13.31661319732666,9822529.0,130802819.31252384,1.0
2023-12-26,13.307182806320515,13.316614052037997,13.165717718210749,13.175148963928224,13247887.0,174542884.68228817,1.0
2023-12-27,13.18457894793934,13.297752094613038,13.043113863716828,13.231734275817873,18099205.0,239483871.1635542,1.0
2023-12-28,13.203441466801902,13.514665372280614,13.203441466801902,13.448648452758787,31103843.0,418304650.0368023,1.0
2023-12-29,13.448649223734204,13.495804554415828,13.410925139071528,13.47694206237793,17031301.0,229529856.8239193,1.0
2024-01-02,13.486371884929405,13.542957556244318,13.392061233520508,13.392061233520508,19121971.0,256082606.5376033,1.0
2024-01-03,13.373200777073365,13.429786453187331,13.288321363489304,13.36376953125,15805548.0,211221700.7871093,1.0
2024-01-04,13.335476463601964,13.4109246300637,13.175148885017498,13.297752380371094,22123820.0,294197080.0679016,1.0
2024-01-05,13.288320720690493,13.4297858035454,13.19401006584518,13.30718231201172,21250056.0,282778369.3324585,1.0
2024-01-08,13.250596298181735,13.269457889018344,13.127992809798158,13.146854400634766,18362929.0,241414753.93219376,1.0
2024-01-09,13.194010270167611,13.203441515680808,13.061976430635172,13.109130859375,14485945.0,189898148.62670887,1.0
2024-01-10,13.043114068787755,13.21287289205427,12.967665902761102,13.033682823181152,21360526.0,278406320.8203144,1.0
2024-01-11,13.024251811664229,13.184578481721015,13.014820566539404,13.146854400634766,12642439.0,166208304.8019066,1.0
2024-01-12,13.137425190243976,13.231734951403228,13.080838614017932,13.118562698364258,14482257.0,189986396.46832463,1.0
2024-01-15,13.071407550276794,13.20344229703588,13.005390626603816,13.090270042419434,10846480.0,141983352.20970154,1.0
2024-01-16,13.090269859957791,13.137425190243976,12.977097606918823,13.118562698364258,19013689.0,249432271.2736988,1.0
2024-01-17,13.127993377954692,13.137424623487682,12.892217636108398,12.892217636108398,22168497.0,285801087.9894161,1.0
2024-01-18,12.826200816314396,13.06197656000096,12.628149155641156,13.033682823181152,32677669.0,425910373.1468992,1.0
2024-01-19,12.98652811044502,12.99595845643265,12.85449337307449,12.920510292053224,18725765.0,241946439.40907,1.0
2024-01-22,12.901648671931158,12.95823434538317,12.543269442220508,12.656441688537598,28658219.0,362711077.67084026,1.0
2024-01-23,12.665871857834174,12.863923496916026,12.505544297653008,12.731888771057127,24448958.0,311281413.82424736,1.0
2024-01-24,12.835630911379024,13.241165470397828,12.61871766314957,13.13742446899414,46518033.0,611127144.9836769,1.0
2024-01-25,13.052545160652963,13.316613738635883,13.014821078083978,13.278889656066896,44559501.0,591700696.9084024,1.0
2024-01-26,13.184579588798224,13.363769663563856,13.165717996377856,13.288321495056152,38646275.0,513544126.7863512,1.0
2024-01-29,13.269457889018344,13.344906051190849,13.13742405492298,13.146854400634766,26474984.0,348062759.907135,1.0
2024-01-30,13.099700645669364,13.2223041403408,12.977097150997931,12.986528396606444,23386612.0,303710900.83841705,1.0
2024-01-31,12.99595845643265,13.090269111613466,12.826200536285471,12.920510292053224,25526159.0,329811000.076087,1.0
2024-02-01,12.92051036830373,13.014821024041122,12.750752447154726,12.797906875610352,28976892.0,370843565.3606186,1.0
2024-02-02,12.816769208708225,12.854493290656064,12.194321406862334,12.609286308288574,40791669.0,514353833.4139395,1.0
2024-02-05,12.448959120304927,12.628149189660776,12.07171828915539,12.382942199707031,40908693.0,506569980.8845596,1.0
2024-02-06,12.33578730464927,13.014821724004335,12.288631974244463,12.948803901672363,42804283.0,554264266.718688,1.0
2024-02-07,12.91108032079148,13.14685608259815,12.882787481210364,13.080839157104492,42523760.0,556246464.9153137,1.0
2024-02-08,13.13742524009945,13.307183170595565,13.118562748148149,13.16571807861328,43829750.0,577050131.9561005,1.0
2024-02-19,13.194010270167611,13.194010270167611,12.995958611455876,13.109130859375,36001996.0,471954876.7626953,1.0
2024-02-20,13.090269551297125,13.24116588512437,13.0148213843835,13.175148963928224,34168790.0,450178898.167181,1.0
2024-02-21,13.109130301924695,13.476940766580949,13.052544630077907,13.31661319732666,59447540.0,791639895.7126045,1.0
2024-02-22,13.260027400843688,13.439216559224956,13.231733665773202,13.392061233520508,36421653.0,487761007.2020359,1.0
2024-02-23,13.401493253859222,13.448648582291742,13.335476333701545,13.37320041656494,33134031.0,443108037.1716757,1.0
2024-02-26,13.354338003751606,13.410924578085131,13.241165754497636,13.25059700012207,27261200.0,361227174.9397278,1.0
2024-02-27,13.316613072158605,13.392061233520508,13.241164910796698,13.392061233520508,30140762.0,403646930.3289681,1.0
2024-02-28,13.439217548125908,13.60897637338811,13.175148963928224,13.175148963928224,61048045.0,804317086.8315935,1.0
2024-02-29,13.127993428246302,13.37320041656494,13.118562182677184,13.37320041656494,54072679.0,723124773.3275824,1.0
2024-03-01,13.344906140920092,13.458079284352849,13.269457978240286,13.410923957824709,50324692.0,674900617.6129494,1.0
2024-03-04,13.439217048912544,13.439217048912544,13.25059663863498,13.30718231201172,25945584.0,345262616.47961426,1.0
2024-03-05,13.278889837582293,13.316613920666947,13.184579180164109,13.25059700012207,29415416.0,389771823.0069428,1.0
2024-03-06,13.250597130841848,13.32604529775547,13.127993634753937,13.175148963928224,28641441.0,377355251.7165613,1.0
2024-03-07,13.194010270167611,13.297752171986616,13.08083802224849,13.109130859375,34730109.0,455281543.6413574,1.0
2024-03-08,13.127992630004885,13.175147955570145,13.024251633291726,13.127992630004885,22421427.0,294348328.4101925,1.0
2024-03-11,13.11856225961923,13.25059700012207,13.099700667783445,13.25059700012207,26685124.0,353593824.02228546,1.0
2024-03-12,13.269458104100073,13.401492839748594,13.250596512957742,13.33547592163086,33664308.0,448929568.7523651,1.0
2024-03-13,13.335476594984842,13.34490694132565,13.194010606915525,13.222304344177246,22199956.0,293534574.6593437,1.0
2024-03-14,13.19401014270049,13.250596715819908,13.090269141296805,13.13742446899414,23807024.0,312762979.6315308,1.0
2024-03-15,13.109130731028118,13.203441386410564,13.043113811908247,13.184578895568848,22524939.0,296981835.36337566,1.0
2024-03-18,13.231734252215109,13.486372482657094,13.22230390618668,13.401493072509766,45587601.0,610941918.9938393,1.0
2024-03-19,13.39206227068209,13.39206227068209,13.21287309842334,13.222304344177246,28426685.0,375866280.56605816,1.0
2024-03-20,13.22230416266185,13.269458591957855,13.1374247508681,13.25059700012207,24230106.0,321063369.8762398,1.0
2024-03-21,13.260027885437012,13.382630477570896,13.23173414933252,13.260027885437012,24908500.0,330287404.5844078,1.0
2024-03-22,13.222304008898895,13.250596846030096,13.043113941770777,13.061976432800291,29460255.0,384809156.514287,1.0
2024-03-25,12.929941797043917,12.94880338881092,12.741321382308485,12.769614219665527,33719447.0,430584329.8904581,1.0
2024-03-26,12.741321841924922,12.873355687296028,12.741321841924922,12.854494094848633,19481250.0,250421613.08527,1.0
2024-03-27,12.835631635773783,12.90164945804108,12.675304052202394,12.684735298156738,19960795.0,253197400.91577053,1.0
2024-03-28,12.694165770643291,12.769613934854688,12.562131033566825,12.656441688537598,28882547.0,365550271.9219465,1.0
2024-03-29,12.543270161144887,12.618718329680634,12.48668358503652,12.590425491333008,16767870.0,211114617.883358,1.0
2024-04-01,12.779045595823137,12.779045595823137,12.64701085445275,12.69416618347168,28513252.0,361951959.31920624,1.0
2024-04-02,12.694165119431949,12.741320444498264,12.552700043646016,12.599854469299316,28119815.0,354305576.70362,1.0
2024-04-03,12.58099372959806,12.599855321252123,12.420666153179674,12.45839023590088,30970755.0,385845751.6904783,1.0
2024-04-08,12.392373627431477,12.45839054899942,12.26977013065308,12.354649543762209,24327090.0,300552671.36956215,1.0
2024-04-09,12.364080708280769,12.430098533630373,12.345219114904566,12.430098533630373,14454297.0,179668335.94435787,1.0
2024-04-10,12.411235532055551,12.430098024071665,12.241476701563029,12.298063278198242,21736533.0,267317258.28264427,1.0
2024-04-11,12.25090676442643,12.32635492637815,12.203751438353349,12.23204517364502,20745548.0,253760480.2880211,1.0
2024-04-12,12.24147645350648,12.26033894514037,11.996270358157632,12.015131950378418,32836856.0,394539157.67557526,1.0
2024-04-15,11.977407076402374,12.288630972526027,11.883097322693626,12.156597137451172,36883400.0,448376634.85946655,1.0
2024-04-16,12.071718397734983,12.175459402380936,12.01513182284704,12.04342555999756,24325464.0,292961914.89640045,1.0
2024-04-17,12.04342623791111,12.250908258881994,12.024563745415678,12.241477012634276,25475148.0,311853438.6354561,1.0
2024-04-18,12.222615108960037,12.4395283706666,12.194322270348987,12.298063278198242,31165503.0,383275327.9908772,1.0
2024-04-19,12.241476785437849,12.307494608533457,12.147167022950471,12.175459861755373,20379045.0,248124244.4184065,1.0
2024-04-22,12.194321992863758,12.279201406178569,12.137735417516186,12.184890747070312,15774543.0,192211083.0399628,1.0
2024-04-23,12.18489146914511,12.232046801493654,12.147167383148906,12.16602897644043,14376471.0,174904562.76495552,1.0
2024-04-24,12.16602897644043,12.19432271549745,12.081150457508835,12.16602897644043,13552922.0,164885241.76743698,1.0
2024-04-25,12.137735006662028,12.213183171629518,12.090579678704076,12.14716625213623,12605885.0,153125780.85031033,1.0
2024-04-26,12.32635564648854,12.722458969582084,12.260338725777313,12.647010803222656,74348975.0,940292290.0335312,1.0
2024-04-29,12.571562868136038,12.816769863021678,12.543270030084036,12.665873527526855,67476084.0,854643546.0767784,1.0
2024-04-30,12.628149057852834,12.637579403973328,12.430097398713244,12.45839023590088,35120838.0,437549105.21585655,1.0
2024-05-06,12.609287033436006,12.694166447553242,12.514977272849276,12.543270111083984,38095870.0,477846787.526741,1.0
2024-05-07,12.552701539805954,12.552701539805954,12.439528386392448,12.51497745513916,25721322.0,321901764.9463749,1.0
2024-05-08,12.467821376573426,12.496114213523102,12.354649129361654,12.364079475402832,22926556.0,283465760.48127365,1.0
2024-05-09,12.326355087587196,12.477251413464115,12.316924741779676,12.420665740966797,26465298.0,328716620.1930771,1.0
2024-05-10,12.39237331599204,12.496114318622082,12.354649233270838,12.45839023590088,29661884.0,369539326.0040245,1.0
2024-05-13,12.392374033698342,12.49611504233656,12.298063371726776,12.439528465270996,26545716.0,330216189.8129997,1.0
2024-05-14,12.439527744833738,12.467821481434449,12.382942070458473,12.45839023590088,19297333.0,240413705.02612785,1.0
2024-05-15,12.524406209582448,12.533837454403482,12.260337650484576,12.288630485534668,31487960.0,386943905.1832962,1.0
2024-05-16,12.288632032190186,12.35464985483346,12.269770439587196,12.298063278198242,21259155.0,261446433.4310245,1.0
2024-05-17,12.288630650961654,12.48668229780444,12.269769060478684,12.477251052856444,28055427.0,350054606.07408714,1.0
2024-05-20,12.4772516988899,12.64701051909131,12.458390107430338,12.533838272094728,37770516.0,473409538.9975662,1.0
2024-05-21,12.49611395758602,12.533838039217306,12.411234549062367,12.46782112121582,18339516.0,228653804.93767548,1.0
2024-05-22,12.448958630693651,12.505545202847104,12.392372957953253,12.46782112121582,16544631.0,206275499.824522,1.0
2024-05-23,12.4489580498402,12.4489580498402,12.26976889530561,12.288630485534668,26059284.0,320232911.7936058,1.0
2024-05-24,12.26977088748986,12.316926219838404,12.156598629501246,12.16602897644043,22985553.0,279642903.83750725,1.0
2024-05-27,12.175460087726556,12.26033950512971,12.12830475590112,12.241477012634276,16696659.0,204391767.3362932,1.0
2024-05-28,12.222613819438209,12.250906655064275,12.12830316813394,12.137734413146973,15634216.0,189763961.565773,1.0
2024-05-29,12.118874543505042,12.24147714843284,12.118874543505042,12.16602897644043,13201652.0,160611680.76888275,1.0
2024-05-30,12.137734413146973,12.19432098381214,12.090579087494838,12.137734413146973,13929598.0,169073761.00590324,1.0
2024-05-31,12.137734413146973,12.19432098381214,12.109441577520904,12.137734413146973,12130457.0,147236265.3760996,1.0
2024-06-03,12.1377360950296,12.156598587669372,12.005701344790648,12.0717191696167,18586032.0,224365358.7815094,1.0
2024-06-04,12.043426147327123,12.118874317915084,12.043426147327123,12.100011825561523,12772203.0,154543807.33847237,1.0
2024-06-05,12.10001045798342,12.137734539013715,12.033993541033665,12.062286376953123,11799065.0,142323701.01028442,1.0
2024-06-06,12.062286946552346,12.10001102936403,11.798218366870566,11.807649612426758,31045815.0,366578105.4522228,1.0
2024-06-07,11.817079906439092,11.901959317244206,11.562442573436831,11.760494232177734,30867379.0,363015632.6919441,1.0
2024-06-11,11.68504565592514,11.835941981199186,11.64732157460663,11.722769737243652,19112801.0,224054965.15676025,1.0
2024-06-12,11.713338491549584,11.798217899365792,11.703907246367107,11.76992416381836,13601044.0,160083256.4287567,1.0
2024-06-13,11.798218777352345,11.939683867964716,11.779356285583702,11.84537410736084,20813874.0,246548124.153471,1.0
2024-06-14,11.83594295672261,12.090580301756615,11.826511710762391,11.986839294433594,29723133.0,356286418.59807587,1.0
2024-06-17,11.939683605101523,12.024563017365494,11.8925282761312,11.996270179748535,16107411.0,193228854.2522536,1.0
2024-06-18,11.99626976545125,12.090579520721777,11.98683852010028,12.00570011138916,13825538.0,165985263.10661507,1.0
2024-06-19,12.01513226671817,12.052856351566064,11.911391258239746,11.911391258239746,10904059.0,129882513.05193044,1.0
2024-06-20,11.90195949812123,11.939683581339796,11.760494410904878,11.779356002807615,15370534.0,181054991.9392585,1.0
2024-06-21,11.798217899365792,11.864234816817044,11.751062572866449,11.76992416381836,11134144.0,131048030.5090332,1.0
2024-06-24,11.751062699918142,11.798218026927325,11.685045781753118,11.694476127624512,14431561.0,168769545.59885693,1.0
2024-06-25,11.694475055522998,11.760492867048832,11.45869934150509,11.55300998687744,20364439.0,235270567.1441565,1.0
2024-06-26,11.543579801737897,11.675614537492574,11.46813163828181,11.647321701049805,14972625.0,174390980.08418083,1.0
2024-06-27,11.619028867096684,11.703908282426632,11.571874435836156,11.600167274475098,13136519.0,152385817.80432034,1.0
2024-06-28,11.59073418666921,11.703906422654828,11.46813070616488,11.477561950683594,21717296.0,249261610.241333,1.0
2024-07-01,11.458700233943956,11.55301088666151,11.317235154280665,11.505855560302734,19853006.0,228425819.47382355,1.0
2024-07-02,11.486995153189214,11.619029001304774,11.477563907062924,11.52471923828125,14466565.0,166723099.9673462,1.0
2024-07-03,11.640737863815254,11.640737863815254,11.457038917263388,11.524717330932615,15479790.0,178400204.09219742,1.0
2024-07-04,11.505381462729394,11.573060806379116,11.292677588542666,11.302345275878906,17514324.0,197952937.1216125,1.0
2024-07-05,11.321681503419695,11.341017798448595,11.15731884645239,11.234665870666504,17178565.0,192995437.91252613,1.0
2024-07-08,11.234667171458568,11.234667171458568,10.799589879366977,10.87693691253662,24955650.0,271441030.6613445,1.0
2024-07-09,10.876935770701886,11.05096703808888,10.760915233126978,11.021961212158203,20671470.0,227840140.538292,1.0
2024-07-10,10.973620855213234,11.486045166007573,10.954283636442073,11.302345275878906,32898153.0,371826284.14469147,1.0
2024-07-11,11.399029502678117,11.553723564338483,11.341018768530809,11.4763765335083,21419305.0,245816009.266057,1.0
2024-07-12,11.486044559938518,11.505380855640045,11.360355410706068,11.428033828735352,12416868.0,141900387.55094147,1.0
2024-07-15,11.408697017470129,11.476375432440998,11.370023505765454,11.447370529174805,11197838.0,128185800.71167374,1.0
2024-07-16,11.466706896404387,11.582727432250977,11.437701992955054,11.582727432250977,16088360.0,186347088.7119293,1.0
2024-07-17,11.544055075407243,11.718086357615434,11.544055075407243,11.679412841796877,19252636.0,224859484.1368408,1.0
2024-07-18,11.66007654491227,11.698750060730829,11.544055075407243,11.679412841796877,17180365.0,200656575.6077576,1.0
2024-07-19,11.65040733929477,11.82443769054849,11.621402434427369,11.80510139465332,21087879.0,248944549.79318047,1.0
2024-07-22,11.8437747618633,11.93079039743753,11.669743490714843,11.77609634399414,24218800.0,285202922.1359253,1.0
2024-07-23,11.737422991763223,11.85344353343848,11.6117338411027,11.631070137023926,18575803.0,216056467.54453945,1.0
2024-07-24,11.631069552699367,11.689080281647293,11.53438623385184,11.582727432250977,16141638.0,186964193.2640648,1.0
2024-07-25,11.553723684874225,11.72775496708241,11.534387387989618,11.679412841796877,15505706.0,181097541.7775269,1.0
2024-07-26,11.70841660528757,11.88244787050853,11.70841660528757,11.824437141418455,16110675.0,190499663.8433218,1.0
2024-07-29,11.776095648381508,11.892116181610731,11.756758431818689,11.766427040100098,13380540.0,157441147.66714096,1.0
2024-07-30,11.756758948366857,11.834105973918012,11.708416826885069,11.747090339660645,13247333.0,155617617.51056767,1.0
2024-07-31,11.747090882851197,12.269183790487933,11.73742319574722,12.143495559692385,47674433.0,578934265.446352,1.0
2024-08-01,12.08548494032528,12.162831970179417,12.008137910471143,12.104822158813477,26847937.0,324989502.7160282,1.0
2024-08-02,12.037142952410992,12.114489983140674,11.86311259429388,11.892117500305176,20812816.0,247508453.3842316,1.0
2024-08-05,11.872779813360362,12.037142477691146,11.80510139465332,11.80510139465332,26687156.0,315044582.5149307,1.0
2024-08-06,11.882448798019746,11.94045953163798,11.679412613429934,11.756759643554688,17907156.0,210530128.9916381,1.0
2024-08-07,11.776096456846698,11.834106266419242,11.708417116279664,11.737422943115234,11670498.0,136981570.98278046,1.0
2024-08-08,11.708417116279664,11.882448389095895,11.689080820438582,11.737422943115234,15087300.0,177086021.16966248,1.0
2024-08-09,11.795433651292027,11.83410716796973,11.660076803944747,11.669744491577148,13686520.0,159718191.37886047,1.0
2024-08-12,11.631069990906855,11.660075817498257,11.563391572958835,11.602065086364746,12529113.0,145363584.50041866,1.0
2024-08-13,11.602064459683024,11.669742873975418,11.515048828707522,11.660075187683104,12173713.0,141946408.89327526,1.0
2024-08-14,11.65040784425196,11.679412750376503,11.534387297704432,11.544054985046388,8714916.0,100605469.49406052,1.0
2024-08-15,11.515049595348668,11.70841716480743,11.48604469044218,11.631070137023926,18017150.0,209558735.31928065,1.0
2024-08-16,11.611733257749565,11.66007537819796,11.573059745800702,11.582727432250977,10360251.0,119999963.4627056,1.0
2024-08-19,11.56339226509552,11.718086327978508,11.553723655652997,11.611734390258787,13166488.0,152885761.50852966,1.0
2024-08-20,11.631069255562725,11.66007508032031,11.50538011442756,11.524717330932615,14220588.0,163888256.9796524,1.0
2024-08-21,11.505380855640045,11.592396491420148,11.408697533033823,11.428033828735352,13479029.0,154038799.39050484,1.0
2024-08-22,11.437701514669076,11.495712241191184,11.21532906077429,11.254002571105955,15278200.0,171940902.08187103,1.0
2024-08-23,11.224997875251978,11.457039882618028,11.215330188234097,11.35068702697754,12639637.0,143468563.7216053,1.0
2024-08-26,11.360354571747196,11.476375103536151,11.321681061150876,11.389359474182127,11961437.0,136233105.82078266,1.0
2024-08-27,11.370024327193471,11.389360623418137,11.166988145563256,11.244335174560549,12584900.0,141508833.73832703,1.0
2024-08-28,11.215330351709886,11.273340162859972,11.11864610372731,11.137983322143556,13226228.0,147313506.8788681,1.0
2024-08-29,11.137983031782198,11.273339868969934,11.118645813870064,11.147650718688965,18445873.0,205628149.40529537,1.0
2024-08-30,11.147650121926636,11.524717552584155,11.137982435537404,11.447370529174805,34301518.0,392662186.2591591,1.0
2024-09-02,11.814770346151647,11.979133015247529,11.66974397351152,11.689081192016602,57694727.0,674398348.2542324,1.0
2024-09-03,11.698748876095294,11.930789947509766,11.698748876095294,11.930789947509766,33700119.0,402069040.99508286,1.0
2024-09-04,11.901785786902629,12.017806329850869,11.805101540087769,11.8341064453125,22434423.0,265491349.821167,1.0
2024-09-05,11.872779071745684,11.921121191537942,11.805100657266072,11.901784896850586,17822242.0,212116490.6636161,1.0
2024-09-06,12.08548437072122,12.133826492613965,11.882448196411133,11.882448196411133,29552900.0,351160803.30371857,1.0
2024-09-09,11.805101024456045,11.969463683632569,11.756758903160138,11.853443145751951,22364738.0,265099150.35263824,1.0
2024-09-10,11.853443292095202,11.92112170951547,11.747090439521314,11.882448196411133,16391656.0,194773003.2733917,1.0
2024-09-11,11.872779846191406,11.969464092082506,11.81477003629619,11.872779846191406,13715700.0,162843486.53640747,1.0
2024-09-12,11.834106074518392,11.94045892709228,11.824437465729986,11.882448196411133,13076900.0,155385586.81964874,1.0
2024-09-13,11.921122033301788,12.017806279713284,11.843775004992311,11.940459251403809,21702408.0,259136718.38134003,1.0
2024-09-18,11.872779587622729,11.959795222619809,11.756759048309718,11.882448196411133,17139254.0,203656297.7801323,1.0
2024-09-19,11.940458703004303,12.114489047683133,11.843774461033307,11.959794998168944,26851155.0,321134309.26405907,1.0
2024-09-20,11.940458703004303,11.998468510547491,11.863111678247211,11.959794998168944,20287345.0,242632487.25712776,1.0
2024-09-23,11.95979546704536,12.11448952262423,11.89211704824193,12.0468111038208,22570100.0,271897731.29434586,1.0
2024-09-24,12.20150533366721,12.607577696386109,12.0758161812019,12.55923557281494,77918293.0,978594197.2186174,1.0
2024-09-25,12.752602677334949,13.178012242699689,12.752602677334949,12.88796043395996,104439382.0,1346010622.96323,1.0
2024-09-26,12.85895511082963,13.468063612727004,12.810612990606172,13.45839500427246,97875912.0,1317252685.099411,1.0
2024-09-27,13.709774972854612,14.695950104909024,13.700106363214529,14.676613807678224,201225292.0,2953305899.021282,1.0
2024-09-30,16.030186348427087,16.146207809448242,15.479088557798365,16.146207809448242,304467182.0,4915990391.729099,1.0
2024-10-08,17.760828018188477,17.760828018188477,16.532942406708965,17.760828018188477,218021317.0,3872239115.535952,1.0
2024-10-09,17.760828459269753,17.98320092681181,16.155874454835278,16.426589965820312,412782077.0,6780601924.118668,1.0
2024-10-10,16.513605596674378,16.7069740822112,15.58544129193414,15.836817741394045,203855232.0,3228418154.8135986,1.0
2024-10-11,15.633782028694108,15.778807466506414,15.16003128165471,15.334061622619627,144172880.0,2210755826.230545,1.0
2024-10-14,15.36306887026952,15.566105055235171,14.811970127048845,15.4210786819458,120697436.0,1861284657.2651176,1.0
2024-10-15,15.343731483965565,15.469420637289458,14.889316994571374,14.90865421295166,83267998.0,1241413789.1867504,1.0
2024-10-16,14.695949054718946,15.227710560281494,14.686280445769793,14.956995964050291,74979313.0,1121465281.9282637,1.0
2024-10-17,15.034343366275555,15.33406287477542,14.889316994571374,14.90865421295166,63621425.0,948509825.860238,1.0
2024-10-18,14.831307491090634,16.213887284275152,14.77329675679611,15.69179344177246,156699194.0,2458891384.7402306,1.0
2024-10-21,15.672454761558036,15.720797804003338,15.372735274791191,15.537097930908203,102752924.0,1596482242.8751678,1.0
2024-10-22,15.537099092434062,15.711130370050403,15.508095108897104,15.633783340454102,58044838.0,907460421.3237572,1.0
2024-10-23,15.662788649785474,15.875492513111968,15.575773013856775,15.653120040893556,70237977.0,1099443485.4105206,1.0
2024-10-24,15.527429839279648,15.653119909722763,15.372735786502409,15.51776123046875,46843601.0,726907815.4933472,1.0
2024-10-25,15.5564363108578,15.74013619768601,15.508095108897104,15.633783340454102,55251791.0,863794529.6660519,1.0
2024-10-28,15.633782789612908,15.633782789612908,15.498425953613207,15.585441589355469,49526383.0,771890549.3785477,1.0
2024-10-29,15.595107813355863,15.80781351294947,15.401741174932656,15.430746078491213,56782929.0,876202958.9919949,1.0
2024-10-30,15.392072890189144,15.5757727680393,15.285720960204346,15.488757133483888,52265568.0,809528689.1955872,1.0
2024-10-31,15.498425412672578,15.952838949167331,15.440414683519386,15.672454833984377,113025412.0,1771385664.6624756,1.0
2024-11-01,15.653120267291223,15.904498569821188,15.546767412040458,15.575773239135742,88913033.0,1384889240.0117931,1.0
2024-11-04,15.75947084713864,15.972176551818848,15.662788447664251,15.972176551818848,90411929.0,1444075292.3785105,1.0
2024-11-05,16.049524447999946,16.813326141029627,15.827151966594984,16.80365753173828,161501074.0,2713808738.503921,1.0
2024-11-06,16.91001123709107,17.403099271063038,16.68763874454452,16.774654388427734,139787588.0,2344888476.491928,1.0
2024-11-07,16.581283846063265,17.857510674252136,16.48459960427048,17.75115966796875,192561233.0,3418185192.843933,1.0
2024-11-08,18.079886653220683,18.176569059843224,17.23873606927417,17.27741050720215,156006901.0,2695395270.5334454,1.0
2024-11-11,17.016361350998242,17.258071024040554,16.91967711296163,17.219396591186523,93375106.0,1607862981.9580803,1.0
2024-11-12,17.209729175261568,17.519119127232937,16.832662649303934,16.968019485473633,82763850.0,1404338619.492817,1.0
2024-11-13,16.871336314584696,17.09370877645363,16.697305050826923,16.997024536132812,65268369.0,1109368069.3263702,1.0
2024-11-14,16.997024686608913,17.161387343379875,16.764983614243768,16.784320831298828,57577395.0,966397470.310421,1.0
2024-11-15,16.76498462112007,16.91001006954595,16.25255940297675,16.26222801208496,62795442.0,1021193795.9236563,1.0
2024-11-18,16.30090123901101,16.494267874531744,16.039854344754605,16.097864151000977,56954663.0,916848427.7400416,1.0
2024-11-19,16.204217393953357,16.271895810239258,15.865823468425326,16.223554611206055,51874246.0,841584662.8961372,1.0
2024-11-20,16.097866178354586,16.329907276661647,16.03018775519403,16.233224868774414,37598751.0,610348979.7680569,1.0
2024-11-21,16.22355377423241,16.349241991693603,16.07852649641769,16.2525577545166,40136576.0,652322019.5085449,1.0
2024-11-22,16.242891205904908,16.252559815258383,15.498426726674117,15.556436538696287,51708219.0,804395627.4025097,1.0
2024-11-25,15.604777044232872,15.66278869776209,15.324394761902685,15.546767234802246,44584810.0,693149663.2778835,1.0
2024-11-26,15.527430161522153,15.72079865355599,15.48875756957455,15.508094787597656,32677830.0,506770885.0930023,1.0
2024-11-27,15.527429860158357,15.75947093963623,15.49842587778523,15.75947093963623,49052716.0,773044852.3122292,1.0
2024-11-28,15.769199538764212,15.876208895456973,15.64273545352166,15.71083164215088,45864492.0,720569312.1647758,1.0
2024-11-29,15.623278948217337,16.34315586168258,15.623278948217337,15.99294662475586,63232006.0,1011266096.9342422,1.0
2024-12-02,15.934575989175103,16.33342851980151,15.837296784881817,16.20696258544922,46712187.0,757062666.9935074,1.0
2024-12-03,16.187507065549536,16.333429592537037,16.04158639404404,16.284788131713867,37281847.0,607126979.5539722,1.0
2024-12-04,16.187506282077393,16.420979716282517,16.119410095702804,16.22641944885254,43664516.0,708518751.6471329,1.0
2024-12-05,16.16805180642492,16.489078015400843,16.148595222733785,16.31397247314453,31115302.0,507614180.321579,1.0
2024-12-06,16.284786739915422,16.693365698500333,16.25560186591584,16.45989227294922,62835093.0,1034258861.7407455,1.0
2024-12-09,16.37234062480349,16.479349981296433,16.090227578797517,16.265331268310547,39971500.0,650149688.791275,1.0
2024-12-10,16.99493698937568,17.170042539734368,16.420980732303114,16.44043731689453,82471054.0,1355860193.745224,1.0
2024-12-11,16.37234115600586,16.51826182974212,16.313973257607763,16.37234115600586,31544747.0,516461359.5638924,1.0
2024-12-12,16.382067496393237,16.644725791111945,16.313971313795456,16.50853157043457,41158000.0,679458142.375946,1.0
2024-12-13,16.411253564416626,16.411253564416626,16.051314187437782,16.109682083129883,54485568.0,877745178.5987549,1.0
2024-12-16,16.138867694470505,16.177779008211846,15.895665953270504,15.954033851623535,30863071.0,492390479.49906063,1.0
2024-12-17,15.895664723814166,16.051313677704876,15.827568538422218,15.934576034545898,31864190.0,507742358.3342171,1.0
2024-12-18,15.973489084263164,16.041585269158478,15.837296714472531,15.856751441955566,24074442.0,381742442.8977757,1.0
2024-12-19,15.759473071181969,15.924850324162248,15.701103319201652,15.915122032165527,22162668.0,352721565.7783699,1.0
2024-12-20,15.90539318032178,15.992945949728544,15.847025285877905,15.876208305358888,23772410.0,377415733.0803967,1.0
2024-12-23,15.808112144470217,16.08049874477919,15.76919897779097,15.808112144470217,25996966.0,410962953.94397926,1.0
2024-12-24,15.778929210962476,16.04158755192016,15.778929210962476,16.022130966186523,31011831.0,496875617.7832432,1.0
2024-12-25,16.02212824565027,16.09022628415504,15.759471804773444,16.031856536865234,42128225.0,675393659.3527794,1.0
2024-12-26,16.002675144089494,16.09022791843509,15.954033683074156,16.012401580810547,24369211.0,390209592.73950577,1.0
2024-12-27,16.031858159026797,16.304244774161482,15.973490261312945,16.148595809936523,42339018.0,683715688.671627,1.0
2024-12-30,16.109682800768578,16.44043731689453,16.080499779363485,16.44043731689453,45249902.0,743928177.4266205,1.0
2024-12-31,16.440435675182666,16.50853185897063,15.759471981821164,15.769198417663574,47476600.0,748667925.5960464,1.0
2025-01-02,15.740015581608494,15.740015581608494,14.864488834836724,15.020137786865234,70142000.0,1053542504.6463012,1.0
2025-01-03,15.02986697614352,15.166060281174731,14.738024709785774,14.806121826171877,50691601.0,750546019.969696,1.0
2025-01-06,14.78666502156783,15.097963867318343,14.78666502156783,15.06877899169922,38499346.0,580138136.1989594,1.0
2025-01-07,15.05905108980021,15.185516104201808,14.961770951773518,15.166060447692873,28188157.0,427503292.97105694,1.0
2025-01-08,15.127147983061205,15.2049724634272,14.81584913385623,15.010411262512209,31219658.0,468619906.0549793,1.0
2025-01-09,14.9131294117509,15.020137834675884,14.845033226956902,14.88394546508789,20832859.0,310075137.23786545,1.0
2025-01-10,14.89367434424934,14.981226187693093,14.689384854065295,14.718568801879885,19096700.0,281076092.8388596,1.0
2025-01-13,14.601832194648775,14.8353056344345,14.504551130867569,14.796393394470217,21678765.0,320767535.2462721,1.0
2025-01-14,14.854761724745524,15.204971872788564,14.796392902867876,15.175787925720217,37809613.0,573790668.4415541,1.0
2025-01-15,15.11741898844662,15.2049717567243,15.02986622016894,15.097963333129885,20577862.0,310683805.9502068,1.0
2025-01-16,15.136875992880796,15.156331648739137,14.903401628393937,14.990954399108888,25400921.0,380784048.4063673,1.0
2025-01-17,14.913130696806768,15.195244679501274,14.913130696806768,15.117420196533203,21433772.0,324023337.72068787,1.0
2025-01-20,15.23415607477179,15.341165428714586,15.175788179658417,15.19524383544922,24696036.0,375262288.789032,1.0
2025-01-21,15.321709128347782,15.331437420293458,15.097963980043138,15.14660358428955,18658479.0,282612584.8987913,1.0
2025-01-22,15.11741938295286,15.146603330560026,14.942313841827922,15.05905055999756,22689929.0,341688788.01375484,1.0
2025-01-23,15.29252529326186,15.525998735237524,15.204972520585738,15.224428176879885,46659185.0,710359410.8242512,1.0
2025-01-24,15.195243531862136,15.448173546276024,15.175787876460038,15.31198024749756,30666714.0,469568119.0236569,1.0
2025-01-27,15.438446019354345,15.448174311407696,15.08823585510254,15.08823585510254,29636884.0,447168295.8023148,1.0
2025-02-05,15.088235435345691,15.21470044529804,15.010410956565936,15.05905055999756,25532661.0,384497632.9302778,1.0
2025-02-06,15.049323308428107,15.253612798686987,14.981226193181168,15.20497226715088,24836979.0,377645576.8948088,1.0
2025-02-07,15.175788240358967,15.662191697707128,15.14660336494458,15.477357864379885,48391628.0,748974544.1959457,1.0
2025-02-10,15.45790195465088,15.594095254458452,15.380077476972538,15.45790195465088,28284691.0,437221980.2955961,1.0
2025-02-11,15.545454758756154,15.545454758756154,15.292525654511495,15.389805793762209,23634430.0,363729287.7462673,1.0
2025-02-12,15.350892828206185,15.564910608845276,15.321708880582069,15.545454025268556,25702283.0,399553658.7209416,1.0
2025-02-13,15.496814727783203,15.642735396525849,15.38007800724089,15.496814727783203,40219520.0,623274449.8803711,1.0
2025-02-14,15.477357838231969,15.594095484210358,15.399533359407018,15.545454025268556,27407830.0,426067161.19737625,1.0
2025-02-17,15.691375114016047,15.720559990167668,15.47735825535012,15.574639320373535,30263611.0,471344825.857089,1.0
2025-02-18,15.545453610565236,15.564910193622918,15.039594511697782,15.097963333129885,41979803.0,633809526.4260159,1.0
2025-02-19,15.078507396151789,15.273068596360387,15.049323448055745,15.14660358428955,33598669.0,508905720.3027582,1.0
2025-02-20,15.1466029352922,15.19524346519546,15.039594511697782,15.097963333129885,26518475.0,400374963.2005215,1.0
2025-02-21,15.166059974402629,15.43844565121437,15.000682724403111,15.409261703491213,49127793.0,757023019.2519436,1.0
2025-02-24,15.370349576592403,15.633006963507723,15.33143733676269,15.487086296081545,44971639.0,696479654.0692263,1.0
2025-02-25,15.331437702853346,15.38980560012116,15.127148206933994,15.166060447692873,32264131.0,489319761.03828144,1.0
2025-02-26,15.204972075834158,15.418989855255573,15.07850706652791,15.39953327178955,53826089.0,828896648.4458055,1.0
2025-02-27,15.273068148637698,15.428717104241803,15.107690901373095,15.32170867919922,45917529.0,703535002.6066818,1.0
2025-02-28,15.273068393954548,15.487086175218236,14.90340165458671,14.922858238220217,52619195.0,785228787.5942659,1.0
2025-03-03,14.932586923246037,15.097964177521694,14.86448980647659,14.95204257965088,33771695.0,504955821.6269827,1.0
2025-03-04,14.932586643059814,15.04932336252149,14.874217819458488,15.000682830810549,19692767.0,295404951.8280525,1.0
2025-03-05,14.990954538920164,15.059050726670897,14.864489527568104,15.000682830810549,24036390.0,360562262.7876663,1.0
2025-03-06,15.127148038127864,15.33143753176752,15.039595265462156,15.292525291442873,48941204.0,748434599.963665,1.0
2025-03-07,15.25361228662756,15.25361228662756,15.05905016701452,15.097963333129885,25147188.0,379671322.3553238,1.0
2025-03-10,15.078507310451664,15.10769125838184,14.932586643059814,15.000682830810549,26203130.0,393064842.3044968,1.0
2025-03-11,14.903401767388662,15.000682830810549,14.845033871528312,15.000682830810549,26174406.0,392633962.69086456,1.0
2025-03-12,15.010411262512209,15.185515879465209,14.94231414638622,15.010411262512209,34523587.0,518213239.12712,1.0
2025-03-13,15.010411264082329,15.117419692661525,14.893674543521122,14.94231414794922,23375797.0,349288502.2326889,1.0
2025-03-14,14.981226004679732,15.516269989362788,14.952042057221664,15.39953327178955,73187449.0,1127052555.952901,1.0
2025-03-17,15.38980498005654,15.467629458438696,15.311980501674384,15.39953327178955,35655025.0,549070743.7939882,1.0
2025-03-18,15.457902348144502,15.60382394331166,15.457902348144502,15.487086296081545,32576400.0,504513518.0156708,1.0
2025-03-19,15.477357977445262,15.652463520246894,15.428717445806925,15.555182456970217,31222612.0,485673426.4431877,1.0
2025-03-20,15.516270271066242,15.59409567860231,15.360621311476065,15.418990135192873,25739836.0,396882277.36548233,1.0
2025-03-21,15.360621225873649,15.44817399709045,15.15633173561477,15.20497226715088,27540060.0,418745848.5356712,1.0
2025-03-24,15.185516047628486,15.370349886350304,15.136876442666846,15.302252769470217,33362246.0,510517521.2492466,1.0
2025-03-25,15.30225290607131,15.438446213306271,15.253613300675472,15.380078315734863,27997703.0,430606864.8006849,1.0
2025-03-26,15.37034974433038,15.399533692585909,15.28279697182281,15.360621452331545,17588203.0,270165728.309762,1.0
2025-03-27,15.350893050661918,15.740016378166567,15.302252518756214,15.70110321044922,53207116.0,835410419.846344,1.0
2025-03-28,15.662192504376351,16.138867694470505,15.642735919764664,15.954033851623535,68097422.0,1086428575.7962933,1.0
2025-03-31,15.915121690862987,16.109681960179067,15.642735087242151,15.681648254394531,61174880.0,959322950.1647948,1.0
2025-04-01,15.75947254160307,15.963761100223367,15.730287666593638,15.808112144470217,36145279.0,571388623.9251642,1.0
2025-04-02,15.749744529803648,15.92485007200802,15.671920050544143,15.69137477874756,30827948.0,483732885.7277413,1.0
2025-04-03,15.58436730449895,15.808112450794528,15.574639012640628,15.759472846984863,33022249.0,520413236.46187305,1.0
2025-04-07,15.059049946233726,15.166059296000222,14.183524131774902,14.183524131774902,79509067.0,1127718770.4894075,1.0
2025-04-08,14.222437322133642,14.689385134795758,14.00841953600763,14.669928550720217,79746088.0,1169869413.1594467,1.0
2025-04-09,14.41699852418411,14.786665271950495,14.319718387029372,14.669928550720217,57861885.0,848829718.7599897,1.0
2025-04-10,14.825577261319022,15.22442795070399,14.6991122501924,15.06877899169922,60918326.0,917964791.0382844,1.0
2025-04-11,14.971498769563004,15.049323248615078,14.796393227825352,14.922858238220217,34049528.0,508116279.4223099,1.0
2025-04-14,15.029865845890637,15.049322428463803,14.88394518755556,14.93258571624756,25478065.0,380453389.49662685,1.0
2025-04-15,14.932586530036968,14.942313894112749,14.815848883717884,14.922858238220217,19930500.0,297420026.116848,1.0
2025-04-16,14.864489722798831,14.922858547166776,14.660200229122507,14.806121826171877,26284140.0,389166178.9361572,1.0
2025-04-17,14.747752583581027,14.854761937264144,14.699112052610609,14.776936531066896,14836533.0,219238506.4820795,1.0
2025-04-18,14.767209558283488,14.903401935319565,14.718569026024468,14.874217987060549,16126600.0,239870563.79013065,1.0
2025-04-21,14.845033342377622,15.04932282608891,14.786664520856853,14.961770057678224,22713601.0,339835675.34385014,1.0
2025-04-22,14.990954680118302,15.000682972100316,14.90340190776215,14.94231414794922,17887706.0,267283722.43815613,1.0
2025-04-23,15.010411573430892,15.029867230054894,14.835306025109851,14.893674850463867,19219741.0,286252573.16412926,1.0
2025-04-24,14.893673478842144,14.981225317198636,14.83530465886356,14.93258571624756,17347553.0,259043822.13964748,1.0
2025-04-25,14.932586616440531,15.19524400282584,14.92285832456749,15.06877899169922,29465374.0,444007208.7137604,1.0
2025-04-28,15.06877901856128,15.10769125838184,14.92285835116943,15.000682830810549,19157773.0,287379676.51766586,1.0
2025-04-29,15.04932310745268,15.059050471437216,14.874217567357515,14.913129806518556,19411800.0,289490693.1781769,1.0
2025-04-30,15.000682500603835,15.311980412315773,15.000682500603835,15.18551540374756,37594320.0,570889125.4534149,1.0
2025-05-06,15.29252571338315,15.3606219038949,15.224428595130384,15.253613471984863,31134357.0,474911447.37678623,1.0
2025-05-07,15.594094995778256,15.701102491134703,15.331436692165209,15.370348930358888,40397227.0,620919474.8089151,1.0
2025-05-08,15.321709712567351,15.681649106354046,15.321709712567351,15.46763038635254,44705539.0,691488753.4746685,1.0
2025-05-09,15.477357917372109,15.525998448821657,15.331437250764436,15.34116554260254,18609674.0,285494089.5278664,1.0
2025-05-12,15.428717722838412,15.623278925144252,15.331437585555989,15.574639320373535,32208965.0,501643012.757535,1.0
2025-05-13,15.6816487893237,15.6816487893237,15.496814950008764,15.652463912963867,47618494.0,745346758.9246864,1.0
2025-05-14,15.642734770705342,17.218682754329933,15.603823459822284,16.83928680419922,194327986.0,3272344690.3364105,1.0
2025-05-15,16.537717846699195,16.683638515426615,16.323700989597775,16.469621658325195,103990556.0,1712685113.358879,1.0
2025-05-16,16.459892574086457,16.50853217616045,16.119409793122852,16.27505874633789,52254321.0,850442144.0249977,1.0
2025-05-19,16.25560246845198,16.352883529907928,16.12913838739659,16.22641944885254,49307479.0,800083836.2194881,1.0
2025-05-20,16.236147484482252,16.333428544403958,16.09022682234064,16.138866424560547,45074764.0,727455595.3145905,1.0
2025-05-21,16.138866424560547,16.24587577602261,16.129138133020188,16.138866424560547,27605700.0,445524704.8564911,1.0
2025-05-22,16.138865632595262,16.17777694136536,16.02212799532138,16.08049774169922,27772903.0,446602103.97193146,1.0
2025-05-23,16.05131429554225,16.061042587470112,15.798384271863751,15.837297439575195,36046221.0,570874723.5496616,1.0
2025-05-26,15.837296714472531,15.973489084263164,15.76919867409534,15.856751441955566,25485430.0,404116128.90135765,1.0
2025-05-27,15.85675202791744,15.89566519528524,15.74974452861988,15.827569007873535,21006896.0,332488096.08122253,1.0
2025-05-28,15.866480064528682,15.87620835621414,15.720559400210623,15.740015983581545,18634426.0,293306163.0848675,1.0
2025-05-29,15.788655561130591,15.885936622346792,15.74974424993326,15.808112144470217,35726852.0,564774082.98489,1.0
2025-05-30,15.720559930581173,15.905393767876877,15.613550573912818,15.847025871276855,34493151.0,546613856.2788591,1.0
2025-06-03,15.759472932758722,16.03185768434647,15.671920161039244,15.905393600463867,38594255.0,613856816.4916706,1.0
2025-06-04,15.88593723974636,16.16805214268941,15.88593723974636,16.06104278564453,35618638.0,572072468.8843842,1.0
2025-06-05,16.070770771162465,16.187506562546666,15.973489708020995,16.109682083129883,30441470.0,490402403.84313583,1.0
2025-06-06,16.1194098906599,16.17777778459825,15.973489228073085,16.002674102783203,22845192.0,365584162.39151,1.0
2025-06-09,16.05131363200169,16.29451535369869,16.041585340475986,16.20696258544922,41578528.0,673861647.6540527,1.0
2025-06-10,16.187505792322877,16.245875540719616,15.885936180867182,15.983217239379885,35111087.0,561188131.0317669,1.0
2025-06-11,16.012400668041845,16.479349389761143,15.983217648578202,16.430707931518555,64512815.0,1059991221.1050892,1.0
2025-06-12,16.352884541715188,16.70309564243256,16.323701520310095,16.44043731689453,49940307.0,821040486.8199692,1.0
2025-06-13,16.362611538896743,16.430707724094802,16.148594691776868,16.20696258544922,43520400.0,705333494.5037842,1.0
2025-06-16,16.138866379539323,16.45989257754809,16.109681504999656,16.411252975463867,29658101.0,486726598.2828579,1.0
2025-06-17,16.40152359008789,16.44043489806379,16.294514246061087,16.40152359008789,22471619.0,368568789.13596725,1.0
2025-06-18,16.40152552875832,16.45989342536217,16.061042730185566,16.197235107421875,29708381.0,481193631.717865,1.0
2025-06-19,16.109681454053796,16.187505930431566,15.81784013150762,15.856751441955566,32783741.0,519843632.3744478,1.0
2025-06-20,15.856751861840367,15.973489507239162,15.837297133842172,15.885936737060549,18820707.0,298984560.7487526,1.0
2025-06-23,15.817842382429752,16.080500723387434,15.817842382429752,16.022130966186523,27300912.0,437418787.56033325,1.0
2025-06-24,16.07077044265308,16.52798901794525,16.07077044265308,16.362611770629883,56586890.0,925909312.3773384,1.0
2025-06-25,16.40152456965305,16.975480776560183,16.372339695316764,16.887928009033203,91633635.0,1547502231.0860252,1.0
2025-06-26,16.926839880501237,17.04357752623465,16.644726841158548,16.790647506713867,70327566.0,1180845370.711155,1.0
2025-06-27,16.81010378721523,17.60780514298733,16.771190620844934,16.975481033325195,111625612.0,1894898459.339317,1.0
2025-06-30,16.826135187644002,16.905785457564917,16.58718437788126,16.736528396606445,64121148.0,1073165414.3250046,1.0
2025-07-01,16.756443071349835,16.78631263760983,16.57722947181469,16.636966705322266,31874738.0,530298954.8468704,1.0
2025-07-02,16.676791862437202,16.686748383967895,16.547360880562806,16.577228546142578,31140867.0,516229269.3840294,1.0
2025-07-03,16.597141387868472,16.776354975222343,16.597141387868472,16.706661224365234,31644893.0,528680506.8322868,1.0
2025-07-04,16.726572601062585,17.224387284415783,16.656878849235106,16.92569923400879,60036431.0,1016158574.1893216,1.0
2025-07-07,16.846048150097623,17.035218252393506,16.81617858688915,16.975479125976562,31295595.0,531257719.6575165,1.0
2025-07-08,16.975479411253502,17.114868809556622,16.895829140371255,17.075042724609375,42770774.0,730312793.4146118,1.0
2025-07-09,17.075044145352095,17.433471343651554,17.045176478168745,17.10491371154785,49030059.0,838654928.4671001,1.0
2025-07-10,17.01530616778191,17.423514059541617,16.98543660289255,17.38368797302246,58368981.0,1014668153.0072764,1.0
2025-07-11,17.453383701125954,17.911372304034803,17.333907340055806,17.61268424987793,89873048.0,1582905616.9981232,1.0
2025-07-14,17.67242208475669,17.82176611693807,17.552945719604146,17.69233512878418,51273717.0,907151784.4624386,1.0
2025-07-15,17.692334634830434,17.95119850292337,17.592771316485095,17.72220230102539,62426860.0,1106341441.93779,1.0
2025-07-16,17.722201126275134,17.771983731654043,17.3737323836839,17.44342613220215,44308839.0,772897960.1001377,1.0
2025-07-17,17.453383099341995,17.542989892301925,17.333906742391328,17.53303337097168,37301084.0,654001150.5454178,1.0
2025-07-18,17.53303336164956,18.17023553434825,17.52307684032461,18.000978469848633,84836460.0,1527139289.9181747,1.0
2025-07-21,17.921329521900134,18.767614906903457,17.82176620030932,18.61827087402344,103120297.0,1919921622.1557465,1.0
2025-07-22,18.5386191417262,18.777569955384934,18.319579471613167,18.707876205444336,63932032.0,1196032540.218506,1.0
2025-07-23,18.69792080888521,19.66368064289164,18.66805124325156,19.454599380493164,158533465.0,3084205049.9764347,1.0
2025-07-24,19.2654282835436,20.051974481791348,19.2654282835436,19.98228073120117,127287229.0,2543489143.374691,1.0
2025-07-25,19.98228110424641,20.01215066891938,19.713460719226664,19.842893600463867,74897759.0,1486188262.750185,1.0
2025-07-28,19.83293752045256,20.310839171785783,19.663680448228824,19.9325008392334,89995908.0,1793843511.7375717,1.0
2025-07-29,19.813024197322928,19.912587514698888,19.56411685338919,19.832937240600582,65129272.0,1291704764.102005,1.0
2025-07-30,19.813024899999096,20.06193225276042,19.4745107483227,19.67363739013672,63289627.0,1245137172.1550064,1.0
2025-07-31,19.59398687010465,19.7234178563692,18.96673928548163,19.10612869262696,93946274.0,1794949601.2367935,1.0
2025-08-01,19.12603930157641,19.803067577563592,18.966738754169107,19.25547218322754,92204078.0,1775433059.1091423,1.0
2025-08-04,19.19573430084268,19.574072613334096,19.185777779591287,19.29529571533203,55348500.0,1067965674.9000548,1.0
2025-08-05,19.364991121323907,19.663679159072007,19.265427809070463,19.54420280456543,66455567.0,1298821078.9403858,1.0
2025-08-06,19.54420341099992,19.75328656312098,19.49442270283467,19.62385368347168,47894676.0,939878114.0412828,1.0
2025-08-07,19.57407351093836,19.80306781318444,19.41477296163567,19.474510192871094,46650347.0,908492658.1524734,1.0
2025-08-08,19.48446618139916,19.76324308455649,19.21564579967734,19.62385368347168,65266166.0,1280773692.065174,1.0
2025-08-11,19.514335745705683,19.832936835592747,19.514335745705683,19.62385368347168,53148736.0,1042983018.725464,1.0
2025-08-12,19.71346003284576,20.08184372160341,19.653722804592064,20.00219345092773,67780122.0,1355751112.3714828,1.0
2025-08-13,20.131624750616314,20.75887230385469,20.002193770827912,20.45022773742676,104648897.0,2140093776.120516,1.0
2025-08-14,20.45022829158022,21.256687554299027,20.37057611846001,20.64935302734375,113619693.0,2346173151.615417,1.0
2025-08-15,20.599573048121247,21.674852736187315,20.5000097272052,21.186994552612305,130240918.0,2759413620.193226,1.0
2025-08-18,21.26664319791264,21.2765997191416,20.61948261111629,20.8186092376709,138993819.0,2893658004.212557,1.0
2025-08-19,20.609529324891906,20.90821738507372,20.52987904890925,20.619483947753903,57337935.0,1182278630.3298569,1.0
2025-08-20,20.509964955409217,20.9779100654801,20.4203581621385,20.91817283630371,61136555.0,1278865024.1061878,1.0
2025-08-21,21.137210484862024,21.18699309139285,20.679221898852,20.808652877807617,58916776.0,1225978740.4635468,1.0
2025-08-22,20.75887226901425,22.401660312099064,20.719046183600188,22.322010040283203,140288189.0,3131514363.391148,1.0
2025-08-25,22.401660351318235,22.451441059160697,21.764458175675777,22.202533721923828,112693618.0,2502083853.890602,1.0
2025-08-26,22.013366908008944,22.093017185012084,21.764459554997583,21.883934020996094,62591581.0,1369750028.8738327,1.0
2025-08-27,21.88393354475532,21.963583820025104,21.07747427027224,21.097387313842773,92849116.0,1958873761.999916,1.0
2025-08-28,20.99782439329609,21.71467688432162,20.97791134934784,21.65493965148925,74894506.0,1621836007.6581,1.0
2025-08-29,21.71467666825028,22.033277772202503,21.57528916002428,21.78437042236328,83943399.0,1828654098.32824,1.0
2025-09-01,21.893889870813908,21.9436724792952,21.54541920749424,21.575288772583008,68123783.0,1469790290.5057812,1.0
2025-09-02,21.62506962197976,21.75450250585629,21.0276935084376,21.21686172485352,61722433.0,1309556326.2825356,1.0
2025-09-03,21.226817865915024,21.366205370039992,20.390489043140573,20.539833068847656,70993419.0,1458192975.2467575,1.0
2025-09-04,20.53983399029474,20.68917992171401,19.97232552774117,20.25110244750977,66387953.0,1344429237.4834633,1.0
2025-09-05,20.3207959405618,20.55974676913283,20.091801633891105,20.500009536743164,52240077.0,1070922076.7001972,1.0
2025-09-08,20.53983366166272,20.639396981345115,20.061932006002056,20.271015167236328,60081433.0,1217911639.6122932,1.0
2025-09-09,20.20132147578247,20.79869759770386,20.13162582248009,20.500009536743164,55425740.0,1136228198.581047,1.0
2025-09-10,20.47013904289788,20.77878551077684,20.3705757274212,20.44027137756348,38183048.0,780471863.1425323,1.0
2025-09-11,20.39048823943111,21.127253716356456,20.340707532495006,21.057559967041016,70736472.0,1489537500.9969175,1.0
2025-09-12,21.03764838978925,21.336338349244304,20.86839131580177,20.96795463562012,50398899.0,1056761827.9172,1.0
2025-09-15,20.957997257399324,21.51555106599565,20.818609754756388,21.137210845947266,58046685.0,1226945019.7532845,1.0
2025-09-16,21.12725453595964,21.246730895858352,20.679222459117177,21.00778007507324,44017896.0,924718278.5354462,1.0
2025-09-17,21.10734367370605,21.25668770131468,20.84847980631201,21.10734367370605,47172749.0,995691425.1764736,1.0
2025-09-18,20.987867306963345,21.107343668427774,19.93250069324566,20.29092597961425,100624871.0,2041771809.169233,1.0
2025-09-19,20.141582165116784,20.36062184695002,20.03206422321253,20.161495208740234,40998197.0,826584952.3824883,1.0
2025-09-22,20.15153870707543,20.519922418428127,20.12166914161039,20.509965896606445,35430241.0,726673034.6185474,1.0
2025-09-23,20.390489416346004,20.689179372239384,20.121669025745664,20.40044593811035,41161415.0,839711221.4436245,1.0
2025-09-24,20.32079449304102,20.669265138680643,20.261057264906647,20.589614868164062,37229303.0,766537010.5801849,1.0
2025-09-25,20.490051474421275,20.97790961678699,20.420357725370778,20.82856559753418,43827076.0,912855127.414116,1.0
2025-09-26,20.71904673760441,21.017736689159733,20.609528797811883,20.768829345703125,34302017.0,712412737.2864075,1.0
2025-09-29,20.719047024834207,22.84969520568848,20.689179358573245,22.84969520568848,200756543.0,4587225818.0976925,1.0
2025-09-30,22.84969465926555,22.95921259795734,22.10297263640082,22.1826229095459,167098999.0,3706694083.379587,1.0
2025-10-09,22.122884217696942,23.43711659908561,21.70471980066699,23.0886459350586,171416495.0,3957774760.4837418,1.0
2025-10-10,22.94925589783509,24.5422632473514,22.85964910386771,23.94488525390625,163437970.0,3913503437.781372,1.0
2025-10-13,23.218076261058386,23.895104526484065,22.481310766039933,23.12846946716309,157898785.0,3651957227.7746487,1.0
2025-10-14,23.18820904007009,24.24357564515457,22.909432131608465,23.218076705932617,152172681.0,3533156980.005415,1.0
2025-10-15,23.57650329335621,24.492482370598506,22.90943155341876,24.42278861999512,185431895.0,4528763974.990129,1.0
2025-10-16,23.89510462647508,24.31326903339889,23.64619728661597,24.17388153076172,138985865.0,3359827834.9604416,1.0
2025-10-17,24.153968009932168,24.392918823587884,23.11851258507848,23.267858505249023,120823278.0,2811298936.644367,1.0
2025-10-20,23.447071241884675,23.67606744353502,22.551005175770342,22.620698928833008,121442968.0,2747124816.151901,1.0
2025-10-21,22.660524320288182,23.01895149533883,22.441486546097394,22.779998779296875,116685426.0,2658093861.841736,1.0
2025-10-22,22.51000022888184,22.68000030517578,22.18000030517578,22.32999992370605,75613265.0,1688444201.6811657,1.0
2025-10-23,22.34000015258789,22.799999237060547,22.190000534057617,22.68000030517578,70873801.0,1607417828.3089676,1.0
2025-10-24,22.600000381469727,22.959999084472656,22.520000457763672,22.959999084472656,83015009.0,1906024530.6374893,1.0
2025-10-27,23.209999084472656,23.75,22.8799991607666,23.40999984741211,124338778.0,2910770774.007408,1.0
2025-10-28,23.14999961853028,23.34000015258789,22.8799991607666,22.979999542236328,79634536.0,1830001600.8262024,1.0
2025-10-29,22.89999961853028,24.100000381469727,22.8799991607666,23.920000076293945,122578942.0,2932088301.992031,1.0
2025-10-30,23.920000076293945,24.0,23.5,23.549999237060547,81128123.0,1910567234.7541544,1.0
2025-10-31,23.65999984741211,23.700000762939453,22.559999465942383,22.56999969482422,122376988.0,2762048581.813507,1.0
2025-11-03,22.530000686645508,22.56999969482422,21.93000030517578,22.420000076293945,74425771.0,1668625791.4982357,1.0
2025-11-04,22.420000076293945,22.46999931335449,22.1299991607666,22.229999542236328,45196112.0,1004709549.0708618,1.0
2025-11-05,22.040000915527344,22.34000015258789,21.96999931335449,22.21999931335449,38378559.0,852771554.6275349,1.0
2025-11-06,22.34000015258789,23.3799991607666,22.299999237060547,23.14999961853028,121556237.0,2814026840.1799755,1.0
2025-11-07,23.0,23.040000915527344,22.709999084472656,22.75,50992243.0,1160073528.25,1.0
2025-11-10,22.709999084472656,23.82999992370605,22.559999465942383,23.600000381469727,98046210.0,2313890593.401661,1.0
2025-11-11,23.440000534057617,23.64999961853028,23.049999237060547,23.13999938964844,55796775.0,1291137339.4443512,1.0
2025-11-12,23.01000022888184,23.36000061035156,22.850000381469727,23.049999237060547,52684187.0,1214370470.1551552,1.0
2025-11-13,23.0,23.57999992370605,22.96999931335449,23.46999931335449,62510807.0,1467128597.3672352,1.0
2025-11-14,23.200000762939453,23.350000381469727,22.809999465942383,22.850000381469727,55448980.0,1267009214.1521072,1.0
2025-11-17,22.780000686645508,22.799999237060547,22.32999992370605,22.43000030517578,46044749.0,1032783734.1217422,1.0
2025-11-18,22.3799991607666,23.06999969482422,22.34000015258789,22.65999984741211,54228493.0,1228817643.1053886,1.0
2025-11-19,22.559999465942383,22.96999931335449,22.530000686645508,22.76000022888184,35107903.0,799055880.3155613,1.0
2025-11-20,23.290000915527344,23.350000381469727,22.100000381469727,22.100000381469727,65950288.0,1457501389.9580383,1.0
2025-11-21,21.8700008392334,22.07999992370605,21.07999992370605,21.100000381469727,72494517.0,1529634336.3544636,1.0
2025-11-24,21.200000762939453,21.38999938964844,20.8799991607666,21.15999984741211,42600952.0,901436137.8196106,1.0
2025-11-25,21.200000762939453,21.290000915527344,20.90999984741211,20.979999542236328,53144356.0,1114968564.5524445,1.0
2025-11-26,20.96999931335449,21.36000061035156,20.920000076293945,21.09000015258789,43617321.0,919889306.545475,1.0
2025-11-27,21.020000457763672,21.3799991607666,21.0,21.07999992370605,29680240.0,625659456.9355774,1.0
2025-11-28,21.01000022888184,21.200000762939453,20.88999938964844,21.13999938964844,31989331.0,676254437.8152618,1.0
2025-12-01,21.059999465942383,21.229999542236328,20.989999771118164,21.15999984741211,39004308.0,825331151.3284149,1.0
2025-12-02,21.14999961853028,21.14999961853028,20.770000457763672,20.89999961853028,41822943.0,874099492.7458134,1.0
2025-12-03,21.25,21.25,20.75,20.86000061035156,37080284.0,773494746.8720093,1.0
2025-12-04,20.770000457763672,21.049999237060547,20.76000022888184,20.950000762939453,25374669.0,531599334.9093361,1.0
2025-12-05,20.88999938964844,21.600000381469727,20.82999992370605,21.290000915527344,63041208.0,1342147376.0359497,1.0
2025-12-08,21.690000534057617,22.18000030517578,21.600000381469727,21.709999084472656,88781828.0,1927453404.5978088,1.0
2025-12-09,21.559999465942383,21.65999984741211,21.049999237060547,21.15999984741211,58537874.0,1238661404.9078293,1.0
2025-12-10,21.049999237060547,21.13999938964844,20.809999465942383,21.01000022888184,42724671.0,897645347.4889011,1.0
2025-12-11,21.020000457763672,21.049999237060547,20.61000061035156,20.61000061035156,35776507.0,737353831.106247,1.0
2025-12-12,20.6200008392334,21.030000686645508,20.57999992370605,20.950000762939453,45538147.0,954024214.392849,1.0
2025-12-15,20.780000686645508,21.68000030517578,20.71999931335449,21.34000015258789,64351384.0,1373258544.379242,1.0
2025-12-16,21.200000762939453,21.46999931335449,21.18000030517578,21.18000030517578,35793022.0,758096216.8831635,1.0
2025-12-17,21.209999084472656,22.350000381469727,21.170000076293945,21.82999992370605,99093601.0,2163213302.269758,1.0
2025-12-18,21.729999542236328,21.88999938964844,21.46999931335449,21.6200008392334,49657480.0,1073594759.2742156,1.0
2025-12-19,21.61000061035156,21.86000061035156,21.46999931335449,21.64999961853028,44690760.0,967554936.951828,1.0
2025-12-22,21.600000381469727,21.76000022888184,21.559999465942383,21.600000381469727,29984556.0,647666421.0382004,1.0
2025-12-23,21.61000061035156,22.26000022888184,21.479999542236328,21.90999984741211,71468473.0,1565874232.5247765,1.0
2025-12-24,21.8799991607666,22.1299991607666,21.81999969482422,22.100000381469727,42556460.0,940497782.2340012,1.0
2025-12-25,22.030000686645508,22.200000762939453,21.979999542236328,22.0,34967076.0,769275672.0,1.0
2025-12-26,22.0,22.559999465942383,21.950000762939453,22.200000762939453,63353220.0,1406441532.334671,1.0
2025-12-29,22.14999961853028,22.229999542236328,21.90999984741211,21.940000534057617,38383694.0,842138266.8591042,1.0
2025-12-30,21.88999938964844,22.200000762939453,21.850000381469727,21.959999084472656,39581240.0,869203994.1622925,1.0
2025-12-31,21.920000076293945,22.479999542236328,21.920000076293945,22.020000457763672,46415169.0,1022062042.6271782,1.0
2026-01-05,22.07999992370605,23.059999465942383,22.07999992370605,22.8700008392334,97515420.0,2230177737.2381973,1.0
2026-01-06,22.729999542236328,24.100000381469727,22.729999542236328,23.780000686645508,112145882.0,2666829150.964466,1.0
2026-01-07,23.790000915527344,23.799999237060547,22.950000762939453,23.15999984741211,84871678.0,1965628049.5296097,1.0
2026-01-08,22.8799991607666,22.8799991607666,22.11000061035156,22.26000022888184,129505709.0,2882797111.9815044,1.0
2026-01-09,22.229999542236328,22.440000534057617,22.100000381469727,22.309999465942383,74785307.0,1668460159.2303371,1.0
2026-01-12,22.309999465942383,22.739999771118164,22.14999961853028,22.709999084472656,97991297.0,2225382265.156288,1.0
2026-01-13,22.75,23.479999542236328,22.6299991607666,22.86000061035156,97076011.0,2219157670.710495,1.0
2026-01-14,22.82999992370605,23.31999969482422,22.420000076293945,22.489999771118164,106095160.0,2386080124.116745,1.0
2026-01-15,22.39999961853028,22.88999938964844,22.3799991607666,22.549999237060547,66907803.0,1508770906.6033974,1.0
2026-01-16,22.64999961853028,22.8799991607666,22.350000381469727,22.559999465942383,55701983.0,1256636706.7319317,1.0
2026-01-19,22.39999961853028,22.489999771118164,22.15999984741211,22.43000030517578,49856801.0,1118288061.6450882,1.0
2026-01-20,22.3799991607666,22.920000076293945,22.350000381469727,22.770000457763672,58882302.0,1340750043.4941788,1.0
2026-01-21,22.65999984741211,22.86000061035156,22.46999931335449,22.56999969482422,50419081.0,1137958642.7833176,1.0
2026-01-22,22.559999465942383,22.89999961853028,22.489999771118164,22.59000015258789,44548199.0,1006343822.2075156,1.0
2026-01-23,22.700000762939453,22.739999771118164,22.25,22.309999465942383,58061156.0,1295344359.3519974,1.0
2026-01-26,22.21999931335449,22.950000762939453,22.190000534057617,22.709999084472656,90179558.0,2047977679.6181488,1.0
2026-01-27,22.65999984741211,22.82999992370605,22.31999969482422,22.51000022888184,52167666.0,1174294173.6002312,1.0
2026-01-28,22.5,22.920000076293945,22.46999931335449,22.56999969482422,67027037.0,1512800204.6349716,1.0
2026-01-29,22.51000022888184,23.030000686645508,22.21999931335449,22.90999984741211,97841303.0,2241544236.800602,1.0
2026-01-30,22.81999969482422,23.100000381469727,22.38999938964844,22.489999771118164,66536601.0,1496408141.2609806,1.0
2026-02-02,22.350000381469727,22.65999984741211,21.65999984741211,21.71999931335449,85514121.0,1857366649.402113,1.0
2026-02-03,21.799999237060547,21.86000061035156,21.100000381469727,21.43000030517578,74152689.0,1589092147.8996048,1.0
2026-02-04,21.299999237060547,21.68000030517578,21.21999931335449,21.6200008392334,38630184.0,835184610.4997406,1.0
2026-02-05,21.6200008392334,21.729999542236328,21.280000686645508,21.46999931335449,33696621.0,723466429.7323666,1.0
2026-02-06,21.36000061035156,21.5,21.25,21.290000915527344,28152093.0,599358085.7440109,1.0
2026-02-09,21.40999984741211,21.89999961853028,21.39999961853028,21.709999084472656,43286348.0,939746575.4501648,1.0
2026-02-10,21.75,21.76000022888184,21.549999237060547,21.6200008392334,18822971.0,406952648.8168659,1.0
2026-02-11,21.63999938964844,21.64999961853028,21.39999961853028,21.5,25279482.0,543508863.0,1.0
2026-02-12,21.479999542236328,21.489999771118164,21.100000381469727,21.1299991607666,48892687.0,1033102435.277624,1.0
2026-02-13,21.190000534057617,21.31999969482422,21.100000381469727,21.1299991607666,31844842.0,672881484.734745,1.0
2026-02-24,21.11000061035156,21.229999542236328,20.93000030517578,20.989999771118164,35321183.0,741391623.0856228,1.0
2026-02-25,21.0,21.229999542236328,20.8799991607666,20.90999984741211,54349022.0,1136438041.7269974,1.0
2026-02-26,20.89999961853028,20.989999771118164,20.75,20.809999465942383,29412773.0,612079790.4218845,1.0
2026-02-27,20.799999237060547,21.01000022888184,20.76000022888184,20.84000015258789,35600253.0,741909277.9521675,1.0
2026-03-02,20.63999938964844,20.75,20.21999931335449,20.670000076293945,51286708.0,1060096258.2728652,1.0
2026-03-03,20.670000076293945,21.01000022888184,20.39999961853028,20.530000686645508,53600608.0,1100420519.0446167,1.0
2026-03-04,20.420000076293945,20.450000762939453,19.89999961853028,19.96999931335449,52292997.0,1044291114.1832484,1.0
2026-03-05,20.200000762939453,20.229999542236328,19.8700008392334,19.920000076293945,34862399.0,694458990.73979,1.0
2026-03-06,19.799999237060547,20.190000534057617,19.770000457763672,20.06999969482422,27006166.0,542013743.3783722,1.0
2026-03-09,19.799999237060547,19.799999237060547,19.25,19.38999938964844,54927801.0,1065050027.8647308,1.0
2026-03-10,19.56999969482422,19.68000030517578,19.3700008392334,19.520000457763672,36702114.0,716425282.0808945,1.0
2026-03-11,19.46999931335449,19.670000076293945,19.38999938964844,19.530000686645508,29948314.0,584890592.9838753,1.0
2026-03-12,19.5,19.59000015258789,19.36000061035156,19.489999771118164,27262918.0,531354265.5800133,1.0
2026-03-13,19.450000762939453,19.549999237060547,19.290000915527344,19.31999969482422,28973703.0,559771933.1179276,1.0
2026-03-16,19.31999969482422,19.350000381469727,18.959999084472656,19.06999969482422,39059603.0,744866617.2899551,1.0
2026-03-17,19.11000061035156,20.07999992370605,19.11000061035156,19.530000686645508,90968281.0,1776610590.3929615,1.0
2026-03-18,19.520000457763672,19.540000915527344,19.26000022888184,19.46999931335449,39046780.0,760240779.7887039,1.0
2026-03-19,19.290000915527344,19.32999992370605,19.030000686645508,19.11000061035156,36540096.0,698281256.8623047,1.0
2026-03-20,19.200000762939453,19.32999992370605,19.059999465942383,19.059999465942383,33091093.0,630716214.9074497,1.0
2026-03-23,18.700000762939453,18.76000022888184,18.11000061035156,18.26000022888184,56161221.0,1025503908.3142834,1.0
2026-03-24,18.5,18.670000076293945,18.21999931335449,18.36000061035156,40323220.0,740334343.8113403,1.0
2026-03-25,18.39999961853028,18.770000457763672,18.350000381469727,18.64999961853028,34890385.0,650705666.9403744,1.0
2026-03-26,18.600000381469727,18.61000061035156,18.030000686645508,18.1200008392334,40874697.0,740649543.9434109,1.0
2026-03-27,18.0,18.350000381469727,17.959999084472656,18.290000915527344,27184621.0,497206742.9782639,1.0
2026-03-30,18.010000228881836,18.239999771118164,18.0,18.18000030517578,25350959.0,460880442.3564987,1.0
2026-03-31,18.21999931335449,18.459999084472656,17.959999084472656,17.959999084472656,39544255.0,710214783.5961533,1.0
2026-04-01,18.309999465942383,18.57999992370605,18.170000076293945,18.43000030517578,41220758.0,759698582.519577,1.0
2026-04-02,18.34000015258789,18.34000015258789,17.81999969482422,17.989999771118164,45484400.0,818264345.589447,1.0
2026-04-03,17.989999771118164,18.09000015258789,17.829999923706055,17.84000015258789,23266243.0,415069778.6701469,1.0
2026-04-07,17.81999969482422,17.8799991607666,17.65999984741211,17.75,23479537.0,416761781.75,1.0
2026-04-08,18.209999084472656,18.6299991607666,18.15999984741211,18.61000061035156,65562784.0,1220123450.2563477,1.0
2026-04-09,18.39999961853028,18.43000030517578,18.100000381469727,18.13999938964844,38900511.0,705655245.7970123,1.0
2026-04-10,18.780000686645508,19.36000061035156,18.690000534057617,18.8700008392334,89504982.0,1688959085.4555702,1.0
2026-04-13,18.670000076293945,19.530000686645508,18.600000381469727,19.3700008392334,82702434.0,1601946215.9866447,1.0
2026-04-14,19.5,19.88999938964844,19.38999938964844,19.6299991607666,91483550.0,1795822009.7239494,1.0
2026-04-15,19.6200008392334,20.18000030517578,19.61000061035156,19.86000061035156,85376490.0,1695577143.509674,1.0
2026-04-16,19.850000381469727,20.1299991607666,19.770000457763672,19.8799991607666,54374467.0,1080964358.3271313,1.0
2026-04-17,19.84000015258789,20.239999771118164,19.76000022888184,20.11000061035156,63331971.0,1273605975.4647677,1.0
2026-04-20,20.07999992370605,20.229999542236328,19.89999961853028,20.1299991607666,48072112.0,967691574.216278,1.0
2026-04-21,20.030000686645508,20.049999237060547,19.8799991607666,19.8799991607666,34706172.0,689958670.2334213,1.0
2026-04-22,19.8799991607666,20.63999938964844,19.84000015258789,20.38999938964844,66394666.0,1353787199.215912,1.0
2026-04-23,20.309999465942383,20.59000015258789,20.1200008392334,20.31999969482422,54675761.0,1111011446.834282,1.0
2026-04-24,20.14999961853028,20.280000686645508,19.61000061035156,19.86000061035156,57637088.0,1144672602.8588867,1.0
2026-04-27,19.950000762939453,20.3799991607666,19.82999992370605,19.89999961853028,77704940.0,1546328276.3579178,1.0
2026-04-28,21.01000022888184,21.459999084472656,20.51000022888184,21.100000381469727,167739968.0,3539313388.78772,1.0
2026-04-29,21.09000015258789,21.350000381469727,20.8799991607666,21.280000686645508,90745478.0,1931063834.1499748,1.0
2026-04-30,21.25,21.729999542236328,21.1299991607666,21.229999542236328,69175153.0,1468588466.524128,1.0
2026-05-06,21.1200008392334,21.489999771118164,21.07999992370605,21.18000030517578,82430562.0,1745879328.3158112,1.0
2026-05-07,21.299999237060547,21.3799991607666,20.81999969482422,21.170000076293945,63077139.0,1335343037.4424038,1.0
2026-05-08,21.040000915527344,21.170000076293945,20.850000381469727,20.959999084472656,45334577.0,950212692.4149553,1.0
2026-05-11,20.40999984741211,21.15999984741211,20.100000381469727,21.030000686645508,109399394.0,2300669330.9386024,1.0
2026-05-12,20.959999084472656,21.190000534057617,20.850000381469727,21.030000686645508,54384563.0,1143707397.232916,1.0
2026-05-13,20.979999542236328,21.049999237060547,20.61000061035156,20.850000381469727,43963599.0,916641055.920782,1.0
2026-05-14,20.850000381469727,20.940000534057617,20.309999465942383,20.350000381469727,41171112.0,837832144.9055328,1.0
2026-05-15,20.39999961853028,20.450000762939453,19.76000022888184,19.940000534057617,42270757.0,842878917.1550198,1.0
2026-05-18,19.700000762939453,19.920000076293945,19.530000686645508,19.670000076293945,37599046.0,739573237.6885796,1.0
2026-05-19,19.63999938964844,19.729999542236328,19.0,19.51000022888184,69864484.0,1363056098.8307114,1.0
2026-05-20,19.559999465942383,19.6299991607666,19.209999084472656,19.43000030517578,31517328.0,612381692.6583252,1.0
2026-05-21,19.600000381469727,20.299999237060547,19.31999969482422,19.31999969482422,84765520.0,1637669820.5316162,1.0
2026-05-22,19.649999618530277,19.65999984741211,18.90999984741211,19.049999237060547,53007240.0,1009787881.5586852,1.0
2026-05-25,19.149999618530273,19.229999542236328,18.81999969482422,19.0,41738526.0,793031994.0,1.0
2026-05-26,18.860000610351562,19.6299991607666,18.809999465942383,19.149999618530273,78955955.0,1512006508.1306934,1.0
2026-05-27,19.0,19.389999389648438,18.600000381469727,18.8700008392334,57868541.0,1091979417.2352123,1.0
2026-05-28,18.8799991607666,18.93000030517578,18.3799991607666,18.549999237060547,46868806.0,869416315.5419388,1.0
2026-05-29,18.59000015258789,19.260000228881836,18.540000915527344,18.889999389648438,87592666.0,1654625407.2776794,1.0
2026-06-01,18.89999961853028,19.3799991607666,18.68000030517578,19.0,76942839.0,1461913941.0,1.0
2026-06-02,18.93000030517578,19.190000534057617,18.65999984741211,18.989999771118164,68781589.0,1306162359.3671436,1.0
2026-06-03,18.989999771118164,19.43000030517578,18.76000022888184,19.280000686645508,82145753.0,1583770174.2450123,1.0
2026-06-04,19.209999084472656,19.540000915527344,18.93000030517578,19.14999961853028,56476086.0,1081517025.356083,1.0
2026-06-05,19.170000076293945,19.59000015258789,18.75,18.809999465942383,78989266.0,1485788051.2751808,1.0
2026-06-08,18.5,19.049999237060547,18.5,18.64999961853028,68267262.0,1273184410.2581062,1.0
2026-06-09,18.780000686645508,18.84000015258789,18.469999313354492,18.670000076293945,37569793.0,701428038.1763477,1.0
2026-06-10,18.56999969482422,19.170000076293945,18.51000022888184,19.059999465942383,72020935.0,1372718982.636671,1.0
2026-06-11,19.0,19.559999465942383,18.809999465942383,19.149999618530277,69281714.0,1326744796.6711235,1.0
2026-06-12,19.149999618530273,20.270000457763672,19.09000015258789,20.079999923706055,125357366.0,2517175899.715992,1.0
2026-06-15,20.100000381469727,21.5,20.100000381469727,20.82999992370605,136512646.0,2843558405.764912,1.0
2026-06-16,20.809999465942383,21.549999237060547,20.68000030517578,21.5,115918756.0,2492253254.0,1.0
2026-06-17,21.489999771118164,21.700000762939453,21.25,21.420000076293945,71195368.0,1525004787.9917755,1.0
2026-06-18,21.309999465942383,21.59000015258789,20.600000381469727,20.63999938964844,104099471.0,2148613017.902725,1.0
2026-06-22,21.309999465942383,22.700000762939453,20.559999465942383,22.700000762939453,191668789.0,4350881656.531681,1.0
