date,open,high,low,close,volume,amount,factor
2021-04-06,7.258330821990967,7.277764085990351,7.200031029992811,7.258330821990967,10179801.0,73888363.36003447,1.0
2021-04-07,7.28748179741273,7.355498460985803,7.238898400099733,7.248615264892578,19544447.0,141670176.86808395,1.0
2021-04-08,7.238897809868707,7.277764339219837,7.190314879842584,7.200031280517578,22064481.0,158864953.38838577,1.0
2021-04-09,7.229181316446381,7.229181316446381,7.093148465462672,7.112581729888916,21235513.0,151039321.78861856,1.0
2021-04-12,7.093148828984319,7.141731760877004,7.015415303969952,7.063998699188232,18708233.0,132154933.57611036,1.0
2021-04-13,7.063997987432638,7.083431250896771,7.034847860573666,7.044564723968506,12817686.0,90295018.63850498,1.0
2021-04-14,7.025131109339365,7.073714497233934,7.005697846846642,7.054281234741211,11668833.0,82315229.66322899,1.0
2021-04-15,7.044564840380398,7.132014759076885,7.034847976824986,7.093148231506348,11658855.0,82697986.72463894,1.0
2021-04-16,7.112582304101736,7.180598503421888,7.073715772111477,7.161165237426758,13758392.0,98526118.5132904,1.0
2021-04-19,7.161164509999658,7.258330830105208,7.122297981957439,7.219464302062988,16175124.0,116775730.29944228,1.0
2021-04-20,7.219465060935878,7.481814384460449,7.200031794872044,7.481814384460449,48048100.0,359486965.7259941,1.0
2021-04-21,7.462380875145124,7.559547665622557,7.394364677801635,7.501247406005859,30895664.0,231756019.4368286,1.0
2021-04-22,7.501247123589485,7.821896686106727,7.4915307229029136,7.7927470207214355,59364289.0,462610886.2419963,1.0
2021-04-23,7.821896584347082,7.821896584347082,7.598413811556434,7.6275634765625,38048578.0,290217943.88793945,1.0
2021-04-26,7.695580248836776,7.802462973224368,7.646996855332903,7.676146984100342,31503328.0,241824176.21632385,1.0
2021-04-27,7.6178476512980255,7.763596913986402,7.510964457111024,7.7150139808654785,33940700.0,261852975.0203609,1.0
2021-04-28,7.734446878958477,7.802463074758303,7.608130424865108,7.724730014801025,31498909.0,243320567.7857861,1.0
2021-04-29,7.705296993255615,7.792747383458868,7.676147326513463,7.705296993255615,20277403.0,156243412.3669324,1.0
2021-04-30,7.70529673983652,7.812179928802199,7.666430209908197,7.763596534729004,27807849.0,215888920.1346674,1.0
2021-05-06,7.744163188693536,7.773313317497406,7.588697070607773,7.637280464172363,26691146.0,203847767.91217232,1.0
2021-05-07,7.637280395998029,7.685863325803363,7.365214228450968,7.394364356994629,28248324.0,208878400.130436,1.0
2021-05-10,7.404081145678304,7.5012474737071,7.23889815636655,7.268048286437988,24082993.0,175036356.00594807,1.0
2021-05-11,7.2583306965887155,7.394364005559723,7.209747769092401,7.326347351074219,18178507.0,133182056.60593414,1.0
2021-05-12,7.326347930314042,7.423514256314442,7.248614869513722,7.413797855377197,17130404.0,127001352.43694496,1.0
2021-05-13,7.38464723523471,7.569263474031273,7.35549757103426,7.491530418395996,22157497.0,165993562.77101803,1.0
2021-05-14,7.57898046655306,7.57898046655306,7.394364224616512,7.423513889312744,29194810.0,216728077.5308466,1.0
2021-05-17,7.413797488855856,7.540113938074373,7.384647360834057,7.423513889312744,23748293.0,176295782.93296862,1.0
2021-05-18,7.433230525419369,7.44294692557865,7.32634734371397,7.365213871002197,16357664.0,120477693.78999329,1.0
2021-05-19,7.374930869312838,7.38464726964975,7.248614421654055,7.258330821990967,20372307.0,147868943.81316233,1.0
2021-05-20,7.277764085990351,7.326347477651595,7.219464293992196,7.258330821990967,20570696.0,149308916.8066063,1.0
2021-05-21,7.287481328162413,7.306914593171155,7.209748268127441,7.209748268127441,19040600.0,137277932.87410736,1.0
2021-05-24,7.190315368082257,7.248615166067648,7.102865439441367,7.161165237426758,28136379.0,201489259.20186424,1.0
2021-05-25,7.180597755574619,7.384647258934875,7.170881355251806,7.3749308586120605,35761944.0,263741864.36955643,1.0
2021-05-26,7.384647142065129,7.423513669392401,7.306914087410583,7.326347351074219,27614431.0,202312913.4082718,1.0
2021-05-27,7.345780849456787,7.374930977546449,7.306914320887616,7.345780849456787,28019823.0,205827479.1985688,1.0
2021-05-28,7.384647378025957,7.384647378025957,7.316631184692692,7.345780849456787,22057470.0,162029340.7134676,1.0
2021-05-31,7.355498290520938,7.452664619569473,7.306914894333869,7.433231353759766,19850002.0,147549657.23859406,1.0
2021-06-01,7.433230895513364,7.47209742473672,7.336064572454972,7.35549783706665,17976885.0,132228938.73469593,1.0
2021-06-02,7.345780749862984,7.345780749862984,7.219464302062988,7.219464302062988,22874346.0,165140524.3800373,1.0
2021-06-03,7.238898167665255,7.306914829054375,7.209748500873918,7.22918176651001,16305141.0,117872828.0175748,1.0
2021-06-04,7.229181409193713,7.258331074544272,7.190314879842584,7.200031280517578,19326185.0,139149136.5330696,1.0
2021-06-07,7.238897566084098,7.248614429757434,7.180597774020768,7.219464302062988,17714807.0,127891416.75443554,1.0
2021-06-08,7.238897699027096,7.248614562878884,7.170881505366869,7.190314769744873,17611132.0,126629582.53152657,1.0
2021-06-09,7.190315003118698,7.238897933977763,7.190315003118698,7.209748268127441,15110829.0,108945273.21271992,1.0
2021-06-10,7.209748732372426,7.277764932619885,7.19031546611235,7.248615264892578,18121155.0,131353280.75048448,1.0
2021-06-11,7.258331059903994,7.374931111047773,7.219464530631259,7.316631317138672,26994019.0,197505284.7908364,1.0
2021-06-15,7.316631228896618,7.374931022102596,7.151448249816895,7.151448249816895,23499120.0,168052740.59623718,1.0
2021-06-16,7.1320152456423305,7.151448510753388,7.015415191650391,7.015415191650391,24697835.0,173265566.85987473,1.0
2021-06-17,7.025132168343847,7.112582094406512,7.025132168343847,7.063998699188232,13093935.0,92495539.80725528,1.0
2021-06-18,7.044565554573488,7.073715684869471,7.015415424277505,7.034848690032959,12592313.0,88585016.612535,1.0
2021-06-21,7.05428169637655,7.1417311516537705,7.025131569067106,7.132014751434326,12377090.0,88273588.45983028,1.0
2021-06-22,7.132015104687904,7.141731505388608,7.09314857523393,7.122298240661621,10922106.0,77790496.34811974,1.0
2021-06-23,7.122297895521473,7.170881286647422,7.034847976824986,7.093148231506348,15923805.0,112949909.27460194,1.0
2021-06-24,7.073715686798096,7.141731885297929,7.054282421037343,7.073715686798096,12245483.0,86621065.1895194,1.0
2021-06-25,7.054282421037343,7.112582218319601,7.025132290733412,7.073715686798096,14596276.0,103249906.51003456,1.0
2021-06-28,7.073715310506943,7.161164770115595,7.044565181753673,7.122298240661621,19665896.0,140066376.4818344,1.0
2021-06-29,7.122298130439253,7.170881523167648,7.102864866013008,7.112581729888916,13718064.0,97570851.37584686,1.0
2021-06-30,7.102864938746368,7.442947301350871,7.093148538096536,7.277764320373535,38601782.0,280934671.74243736,1.0
2021-07-01,7.287480823746947,7.501246724046947,7.219464169261442,7.326347351074219,47466153.0,347753524.2972336,1.0
2021-07-02,7.370218221378374,7.428711961444838,7.22398363877875,7.282477378845215,23238805.0,169236071.72389507,1.0
2021-07-05,7.292226824148332,7.301975548735109,7.116745597783899,7.16549015045166,26036390.0,186563496.0983181,1.0
2021-07-06,7.165490023760266,7.204485851151775,7.097247558258592,7.116745471954346,19425771.0,138248267.80347204,1.0
2021-07-07,7.087497935033828,7.136242948722188,7.009506285025974,7.097247123718262,25916447.0,183935428.9277468,1.0
2021-07-08,7.087498088957802,7.087498088957802,6.999757248359988,7.0192551612854,26369731.0,185095870.4234576,1.0
2021-07-09,7.029004489993393,7.106996143246353,6.999757387590073,7.068000316619873,22425938.0,158506536.88449764,1.0
2021-07-12,7.087498243638415,7.282477377147852,7.048502416936527,7.175239086151123,30973317.0,222240954.76614904,1.0
2021-07-13,7.194736999502067,7.223983637095021,7.155741172800179,7.175239086151123,17123361.0,122864209.13347578,1.0
2021-07-14,7.184987603163666,7.360469283127839,7.068000126432158,7.272728443145752,48016700.0,349212419.8359966,1.0
2021-07-15,7.23373280024659,7.409214019775391,7.194736973684635,7.409214019775391,35363991.0,262019377.9124108,1.0
2021-07-16,7.487205930910654,7.506703844863535,7.272728877428954,7.292226791381836,27295160.0,199042497.02705383,1.0
2021-07-19,7.30197522044941,7.428711888448194,7.20448565462993,7.321473598480225,24216754.0,177302325.05189037,1.0
2021-07-20,7.340971775719313,7.652938397563958,7.31172467248791,7.526201725006103,63265757.0,476150849.46721697,1.0
2021-07-21,7.526201769350739,7.526201769350739,7.350720543529185,7.399465560913086,48597858.0,359598176.6051445,1.0
2021-07-22,7.45795851464987,7.545698885854226,7.389715590498135,7.428711414337158,30487667.0,226484079.8394103,1.0
2021-07-23,7.438460622065219,7.487205169557256,7.301974773406982,7.301974773406982,28044061.0,204777025.9658866,1.0
2021-07-26,7.272729180176577,7.282477905125367,7.097247947295745,7.155741691589356,29477163.0,210930964.2288752,1.0
2021-07-27,7.155740635216573,7.214234370874992,7.087497711181641,7.087497711181641,28316870.0,200695751.3128281,1.0
2021-07-28,7.08749810487823,7.184987669724282,6.999757264083326,7.12649393081665,30552951.0,217735419.8700385,1.0
2021-07-29,7.155741299345855,7.194737126737364,7.087498368977249,7.116745471954346,24845415.0,176818494.70007658,1.0
2021-07-30,7.116745862060283,7.155741691589356,7.019255823370641,7.155741691589356,30392676.0,217482138.7721672,1.0
2021-08-02,7.165489510018924,7.321473273268383,7.087497860827644,7.243481159210205,38493377.0,278826051.05387545,1.0
2021-08-03,7.194736930481441,7.389716062120402,7.184987741466033,7.321473598480225,45809228.0,335391053.36876106,1.0
2021-08-04,7.321473712717584,7.350720350486306,7.214234956209443,7.262979507446289,31480176.0,228639873.1788025,1.0
2021-08-05,7.2239834956627025,7.321473525375668,7.12649393081665,7.12649393081665,28124179.0,200426790.9527011,1.0
2021-08-06,7.097247293796292,7.155741032703923,7.058251002990957,7.12649393081665,22512547.0,160435529.5627246,1.0
2021-08-09,7.097247726094104,7.184988107366416,7.0874985365822125,7.145992279052734,21378826.0,152772925.53121185,1.0
2021-08-10,7.145992279052734,7.165490193209575,7.0874985365822125,7.145992279052734,24152240.0,172591720.5618286,1.0
2021-08-11,7.155741299345855,7.165490023760266,7.106996282673003,7.116745471954346,19535720.0,139030746.85136795,1.0
2021-08-12,7.106996367616218,7.145992195473808,7.077749729156494,7.077749729156494,23890100.0,169088148.80452156,1.0
2021-08-13,7.077749380827082,7.136243119734712,7.038753090021747,7.12649393081665,24171326.0,172256808.0387907,1.0
2021-08-16,7.145992279052734,7.194737296878307,7.097247726094104,7.145992279052734,22439057.0,160349328.0712242,1.0
2021-08-17,7.126493872764496,7.145991785574878,7.019255119873945,7.038753032684326,35078791.0,246910946.53414965,1.0
2021-08-18,7.029004489993393,7.068000316619873,7.019255300903312,7.068000316619873,17238733.0,121843370.30212544,1.0
2021-08-19,7.0485024033066335,7.097247419023194,7.038753214216553,7.068000316619873,15427503.0,109041596.08865404,1.0
2021-08-20,7.0874982299331135,7.106996143246353,7.019255300903312,7.068000316619873,22907969.0,161913532.14511824,1.0
2021-08-23,7.067999799295501,7.097246899558154,7.048501887409361,7.087497711181641,18844639.0,133561335.78054428,1.0
2021-08-24,7.077749422226296,7.136243161476069,7.058251044276122,7.106996059417725,20879871.0,148393160.91815042,1.0
2021-08-25,7.126493760037755,7.126493760037755,7.068000022531865,7.097247123718262,15850958.0,112498166.07367896,1.0
2021-08-26,7.097247643085289,7.116745557014084,7.038753436431969,7.077749729156494,18399845.0,130229497.96527147,1.0
2021-08-27,7.058250987136226,7.068000176032389,7.0192551612854,7.0192551612854,24502381.0,171988464.29803133,1.0
2021-08-30,7.019255199463434,7.048502301444086,6.892518997192383,6.892518997192383,38816502.0,267543477.4395561,1.0
2021-08-31,6.892519023891097,6.892519023891097,6.697539427954285,6.765782356262207,40078429.0,271161927.7949076,1.0
2021-09-01,6.765782412253507,6.853523254394531,6.707288672448464,6.853523254394531,22989276.0,157557537.6676941,1.0
2021-09-02,6.834025117975521,6.87302094323889,6.785280103962857,6.84377384185791,16226545.0,111050804.21473026,1.0
2021-09-03,6.843773982180268,6.931514823255308,6.834025258097995,6.892518997192383,17811341.0,122765006.20797156,1.0
2021-09-06,6.980259294253183,7.087498047143733,6.9607613814428015,7.038753032684326,36653587.0,257995546.6550088,1.0
2021-09-07,7.02900413792256,7.038752861657422,6.960761212310931,7.0095062255859375,25164132.0,176388139.9154663,1.0
2021-09-08,6.999757096341541,7.097247123718262,6.9802591838395776,7.097247123718262,29074150.0,206346427.4620533,1.0
2021-09-09,7.038752462828916,7.038752462828916,6.951012094719092,6.970510005950928,29219827.0,203677096.47565508,1.0
2021-09-10,6.970510005950928,6.990007917182764,6.9412629066697376,6.970510005950928,21219725.0,147912305.43602705,1.0
2021-09-13,6.999757555481154,7.048502572366878,6.921765900357544,6.99000883102417,25120933.0,175595543.5135665,1.0
2021-09-14,7.009506733294129,7.058251285232871,6.873021337051945,6.88277006149292,26704711.0,183802385.37162063,1.0
2021-09-15,6.873021294881434,6.931515035769187,6.834025467622933,6.902267932891846,17279216.0,119265778.5023117,1.0
2021-09-16,6.892519123159016,6.91201703654682,6.824276193868242,6.8340253829956055,20853774.0,142515220.8472538,1.0
2021-09-17,6.834025413100141,6.853523326573836,6.785280396982444,6.8145270347595215,15131490.0,103113947.68119337,1.0
2021-09-22,6.804777582234725,6.941262961944436,6.775530482720635,6.824275493621826,22051541.0,150485790.84289694,1.0
2021-09-23,6.853523047983564,7.009506349432518,6.834025135302445,6.95101261138916,29947025.0,208162148.4485865,1.0
2021-09-24,6.960761460369045,6.970510649318235,6.863271895211732,6.892518997192383,19351018.0,133377259.18001176,1.0
2021-09-27,6.892518795825264,6.912016708287089,6.736535031263761,6.756032943725586,24883517.0,168113860.60775566,1.0
2021-09-28,6.775530643366768,6.79502855521616,6.707288184327338,6.746284008026123,17000451.0,114689870.71053173,1.0
2021-09-29,6.717037195565774,6.726786384341553,6.590300995548991,6.609798908233643,23623388.0,156145844.21117973,1.0
2021-09-30,6.639045462376791,6.678041287261804,6.609798826146481,6.648794651031494,10261104.0,68223973.38887787,1.0
2021-10-08,6.648795210903112,6.756033505933608,6.648795210903112,6.717037677764893,19936388.0,133913469.35453989,1.0
2021-10-11,6.726786910112375,6.756033548991838,6.687791081695127,6.697539806365967,14615959.0,97890967.21071292,1.0
2021-10-12,6.697539849300656,6.726786953234552,6.629297381566476,6.678041934967041,17342328.0,115812793.6339531,1.0
2021-10-13,6.67804172369249,6.697539637409246,6.600050068825467,6.668292999267578,14821685.0,98835338.32284927,1.0
2021-10-14,6.648794733602946,6.6585434575118185,6.600049719457863,6.609798908233643,15829245.0,104628126.31916285,1.0
2021-10-15,6.600050001911476,6.619547915430553,6.453815418084926,6.473313331604004,28032762.0,181464851.9762821,1.0
2021-10-18,6.453814706380715,6.453814706380715,6.307580138680405,6.356325149536133,21487059.0,136578733.5112667,1.0
2021-10-19,6.366074955187189,6.444066608228338,6.327078663799695,6.405070781707764,16297452.0,104386333.62148476,1.0
2021-10-20,6.39532159264416,6.424568694968051,6.366074955187189,6.405070781707764,11757070.0,75304865.5354929,1.0
2021-10-21,6.414819590268229,6.444066692976759,6.336827936201381,6.366075038909912,13418186.0,85421178.96205044,1.0
2021-10-22,6.346577421458138,6.385573250310699,6.327079042164908,6.336828231811523,11357144.0,71968270.73194885,1.0
2021-10-25,6.356325567605434,6.356325567605434,6.249086815589631,6.268584728240967,16162637.0,101316859.4663024,1.0
2021-10-26,6.278333834877821,6.317329659670418,6.268584646246222,6.307580471038818,14578925.0,91957742.6187396,1.0
2021-10-27,6.268584895329469,6.28808280850052,6.180844518493197,6.190593242645264,17188160.0,106404907.14950562,1.0
2021-10-28,6.239338369375066,6.502560434316085,6.239338369375066,6.473313331604004,40072665.0,259402916.5774012,1.0
2021-10-29,6.473312936627778,6.49281084895717,6.39532128731021,6.434317111968994,21494201.0,138300505.30240107,1.0
2021-11-01,6.385572953201616,6.541556261354241,6.366075039682538,6.473313331604004,18763588.0,121462584.34912492,1.0
2021-11-02,6.502560225902561,6.629296892147997,6.453815211233729,6.570802688598633,29469594.0,193638887.4871101,1.0
2021-11-03,6.551304646431984,6.687790498864767,6.483062185082495,6.522058010101318,19527722.0,127360935.68913174,1.0
2021-11-04,6.54155592261073,6.59030093631771,6.483062185082495,6.522058010101318,13938974.0,90910797.029294,1.0
2021-11-05,6.531806692873356,6.629296719674639,6.492810868099602,6.541555881500244,14752106.0,96501725.76881504,1.0
2021-11-08,6.551305298382867,6.570803212832606,6.434317811684429,6.444067001342773,18074002.0,116470079.87040327,1.0
2021-11-09,6.444065983129695,6.453814706380715,6.3173293267983,6.356325149536133,21197231.0,134736492.50582695,1.0
2021-11-10,6.366074790763313,6.5220580928168514,6.34657687800662,6.483062267303467,23156769.0,150126775.33656263,1.0
2021-11-11,6.473313331604004,6.492811245123082,6.424568780239772,6.473313331604004,17675444.0,114418687.28722,1.0
2021-11-12,6.4733132896103385,6.512309116395521,6.4440666519549135,6.49281120300293,17219386.0,111802222.3296318,1.0
2021-11-15,6.483062313008411,6.619547703267465,6.47331312412788,6.570802688598633,26406316.0,173510692.1687851,1.0
2021-11-16,6.570802558941395,6.639045485157786,6.492810908903749,6.522058010101318,28600312.0,186532893.9709969,1.0
2021-11-17,6.551304858942665,6.551304858942665,6.46356448223765,6.531806945800781,20346729.0,132900905.80652618,1.0
2021-11-18,6.51230888670652,6.522058075492423,6.375823497772217,6.375823497772217,33400352.0,212954749.1154633,1.0
2021-11-19,6.356325544013207,6.405070557894079,6.297831806276305,6.395321369171143,22740557.0,145433170.1289544,1.0
2021-11-22,6.405070865943336,6.414819590268229,6.356325849718093,6.366075038909912,21898235.0,139405807.2296834,1.0
2021-11-23,6.366075335884418,6.395321975090365,6.317330317385243,6.336828231811523,27724647.0,175686325.82660866,1.0
2021-11-24,6.327078607685662,6.356325709750164,6.297831970488077,6.31732988357544,20279360.0,128111406.94778442,1.0
2021-11-25,6.336827502149795,6.366074602854997,6.297831677787456,6.346576690673828,25567756.0,162267724.2624359,1.0
2021-11-26,6.3075811198883285,6.327079034290343,6.229589462280273,6.229589462280273,36535398.0,227600530.3810157,1.0
2021-11-29,6.288083076477051,6.414819749923426,6.258836437907542,6.288083076477051,33232384.0,208967991.42138672,1.0
2021-11-30,6.258836240852674,6.385572910308838,6.249087051725158,6.385572910308838,36349094.0,232109789.96066952,1.0
2021-12-01,6.336827572066716,6.336827572066716,6.28808255864252,6.307580471038818,28892673.0,182242859.9709105,1.0
2021-12-02,6.297832181099255,6.366075111620653,6.2880829917960845,6.327078819274902,21078851.0,133367551.6967516,1.0
2021-12-03,6.327078649567698,6.336827838609372,6.258836185743656,6.297832012176514,23716599.0,149363156.4021535,1.0
2021-12-06,6.288082469005014,6.288082469005014,6.229588732649955,6.239337921142578,25829812.0,161160925.50758362,1.0
2021-12-07,6.219840302997597,6.258836129077395,6.1808444769178,6.2100911140441895,26275771.0,163174932.00176,1.0
2021-12-08,6.210091379685386,6.210091379685386,6.171095551937513,6.200342655181885,23391687.0,145036474.68276358,1.0
2021-12-09,6.210090990286958,6.288082640892304,6.180844353743407,6.268584728240967,33634817.0,210842700.18337965,1.0
2021-12-10,6.268584646246222,6.317329659670418,6.229588821453625,6.307580471038818,38263892.0,241352577.92513847,1.0
2021-12-13,6.317329925392943,6.346577027651047,6.28808282313484,6.297832012176514,32260836.0,203173325.7003765,1.0
2021-12-14,6.278334098960085,6.327078649567698,6.258836185743656,6.297832012176514,24905204.0,156848791.02098656,1.0
2021-12-15,6.297832265911513,6.317330179913498,6.268585162475065,6.288083076477051,28495642.0,179182964.21354866,1.0
2021-12-16,6.297832265911513,6.317330179913498,6.268585162475065,6.288083076477051,26211169.0,164818008.2035799,1.0
2021-12-17,6.288082469005014,6.297831657497637,6.229588732649955,6.239337921142578,30628780.0,191103308.53233337,1.0
2021-12-20,6.239337988675075,6.648794612459203,6.219840076345683,6.434317111968994,104672353.0,673495112.0579591,1.0
2021-12-21,6.434317419164734,6.453815332425021,6.356325766123585,6.405070781707764,62341918.0,399304397.4574213,1.0
2021-12-22,6.414819590268229,6.43431750378494,6.336827936201381,6.366075038909912,44670687.0,284376945.4816575,1.0
2021-12-23,6.385572515036167,6.385572515036167,6.336827502149795,6.346576690673828,35934527.0,228061231.44858927,1.0
2021-12-24,6.34657673892018,6.483062125225923,6.317329637992643,6.434317111968994,56642106.0,364453271.8937616,1.0
2021-12-27,6.434317252978281,6.551304729518435,6.4050706162766975,6.483062267303467,46481741.0,301344021.1956725,1.0
2021-12-28,6.502560744691992,6.541556573591472,6.424569086893033,6.444067001342773,35393940.0,228080920.80150604,1.0
2021-12-29,6.444066319565861,6.6097988072877625,6.405070494792108,6.541555881500244,61670487.0,403420936.9498344,1.0
2021-12-30,6.531806692873356,6.570802517647109,6.483062144339614,6.541555881500244,38077123.0,249083627.91125825,1.0
2021-12-31,6.551304623952058,6.726786300801522,6.551304623952058,6.648794651031494,63862169.0,424606447.6504693,1.0
2022-01-04,6.648795043835873,6.873021282605223,6.648795043835873,6.795029163360596,75994608.0,516385577.6181564,1.0
2022-01-05,6.795028768649236,6.824275869775425,6.687790482542649,6.756032943725586,48556793.0,328051293.1496639,1.0
2022-01-06,6.726787177470812,6.7560338175126935,6.619548412627669,6.687791347503662,48012959.0,321100651.7682481,1.0
2022-01-07,6.678041892157343,6.795029377409086,6.639046063740096,6.697539806365967,43520028.0,291477119.90416145,1.0
2022-01-10,6.717037677764893,6.795029334102323,6.678041849596178,6.717037677764893,43618745.0,292988753.621819,1.0
2022-01-11,6.707288435889099,6.7852800862118015,6.707288435889099,6.73653507232666,40891463.0,275466774.65824795,1.0
2022-01-12,6.756033378245819,6.785280481253061,6.697539637098267,6.77553129196167,37165603.0,251816706.1111245,1.0
2022-01-13,6.8047777435743,6.892518579330008,6.746284008026123,6.746284008026123,59662223.0,402498300.90818834,1.0
2022-01-14,6.736535151689964,7.11674514879276,6.668292689287084,7.038753032684326,144475904.0,1016930207.4298096,1.0
2022-01-17,7.038753242462821,7.5944444714205135,6.931514951243118,7.389716148376465,167806165.0,1240039927.2976255,1.0
2022-01-18,7.409213917453284,7.604193512437293,7.204485598396879,7.2337327003479,131628605.0,952166144.2896771,1.0
2022-01-19,7.233732625655048,7.2824771752475455,7.019255119873945,7.038753032684326,75590008.0,532059398.0506325,1.0
2022-01-20,7.029004531791761,7.155741201514929,6.960761602356151,7.048502445220947,62071102.0,437508314.2245588,1.0
2022-01-21,7.068000374784468,7.077749563954778,6.795029121285827,6.8145270347595215,71227610.0,485382473.9663077,1.0
2022-01-24,6.81452730058088,6.873021508150632,6.72678691896014,6.804778575897217,32324355.0,219960078.38369608,1.0
2022-01-25,6.785280061411824,6.785280061411824,6.522058010101318,6.522058010101318,52142404.0,340075783.674139,1.0
2022-01-26,6.512309129655405,6.658543712831054,6.492811216223113,6.60004997253418,32195503.0,212491928.6908741,1.0
2022-01-27,6.580551961088948,6.619547787372714,6.512309032658898,6.531806945800781,33797274.0,220757269.0623321,1.0
2022-01-28,6.531807126779685,6.678041711829037,6.531807126779685,6.561054229736328,42188451.0,276800714.8795738,1.0
2022-02-07,6.629297160057207,6.6390458844648,6.531807126779685,6.561054229736328,26454058.0,173566509.13459015,1.0
2022-02-08,6.561053853227834,6.639045503480728,6.502560115538165,6.629296779632568,30660611.0,203258289.7638669,1.0
2022-02-09,6.619547857612631,6.7365353377052815,6.6097991333717045,6.726786613464356,28544431.0,192012296.33975697,1.0
2022-02-10,6.73653559184925,6.746284781324899,6.678041849596178,6.717037677764893,18568734.0,124726885.906394,1.0
2022-02-11,6.697539511007731,6.7365353377052815,6.648794960069255,6.726786613464356,24589397.0,165407626.57276058,1.0
2022-02-14,6.717037850512395,6.736535765098196,6.600050362997587,6.6390461921691895,18157610.0,120549211.5293932,1.0
2022-02-15,6.648794960069255,6.74628452681313,6.600049944263855,6.726786613464356,30715267.0,206615046.88458347,1.0
2022-02-16,6.736535409589932,6.785280425915483,6.541556274021584,6.580552101135254,53684938.0,353276531.55521584,1.0
2022-02-17,6.57080325686333,6.580552446587004,6.414819940220174,6.424569129943848,39851491.0,256028658.86083508,1.0
2022-02-18,6.414819549432564,6.512309116395521,6.405070825169731,6.49281120300293,19069969.0,123817708.36411858,1.0
2022-02-21,6.492810926823101,6.658543416043951,6.473313014259878,6.629296779632568,32190907.0,213403076.1085515,1.0
2022-02-22,6.60979920390397,6.60979920390397,6.531807084809703,6.580552101135254,23487527.0,154560895.150321,1.0
2022-02-23,6.619547194658179,6.629296382789637,6.561053460470061,6.590300559997559,17211050.0,113425992.45314598,1.0
2022-02-24,6.580552617540722,6.590301807517665,6.405071381758409,6.453815937042236,36670884.0,236667135.58462715,1.0
2022-02-25,6.492811245123082,6.56105417487332,6.434317504565848,6.473313331604004,22352534.0,144694956.33733177,1.0
2022-02-28,6.444066138560916,6.531806509403904,6.424568226721709,6.512308597564697,18505327.0,120512400.12284613,1.0
2022-03-01,6.512308597564697,6.551304421243112,6.48306196223933,6.512308597564697,17848033.0,116231898.75551844,1.0
2022-03-02,6.502560701381445,6.561054444341065,6.444066958421826,6.463564872741699,44420867.0,287117155.55793095,1.0
2022-03-03,6.483062267303467,6.5220580928168514,6.453815165734974,6.483062267303467,53744536.0,348429173.4153328,1.0
2022-03-04,6.463564607277928,6.502560434316085,6.444066693758851,6.473313331604004,23725984.0,153585728.5326233,1.0
2022-03-07,6.453815577927397,6.473313491929383,6.278334351909527,6.288083076477051,36141707.0,227262056.14169216,1.0
2022-03-08,6.307579869608658,6.317329057310668,6.122349951939015,6.13209867477417,31974011.0,196067790.4803148,1.0
2022-03-09,6.132099469696072,6.1515973827608095,5.683647004340218,5.868877410888672,57785953.0,339138674.2283745,1.0
2022-03-10,5.956618126499245,5.995613951806367,5.917622301192122,5.927371025085449,32338605.0,191682910.26868343,1.0
2022-03-11,5.849379311865048,6.073605537414551,5.800634298319412,6.073605537414551,36792581.0,223463623.6973734,1.0
2022-03-14,6.141848505045879,6.239338067931215,6.034609753438558,6.054107666015625,38525866.0,233239740.69049072,1.0
2022-03-15,5.9761162362839695,5.995614149580699,5.703144985262841,5.72264289855957,42076010.0,240785979.82622147,1.0
2022-03-16,5.7616384771236255,5.868877228072638,5.556910163887739,5.839630126953125,42545417.0,248449498.87698364,1.0
2022-03-17,5.849379497823936,5.976116165178181,5.810383671694463,5.868877410888672,46064993.0,270349796.8504448,1.0
2022-03-18,5.868877344454138,6.073605661749846,5.820132329910623,6.015111923217773,49674357.0,298796817.06887627,1.0
2022-03-21,6.015112048774035,6.063856599468108,5.907873293460003,5.956618309020996,37323268.0,222320461.52129745,1.0
2022-03-22,5.946868539493962,5.95661772760132,5.8396297946474,5.88837480545044,25778781.0,151795124.55562449,1.0
2022-03-23,5.927370628146122,5.937119816253479,5.868876894102598,5.88837480545044,21195358.0,124806212.03970242,1.0
2022-03-24,5.84937916510765,5.956617913297353,5.8201320647406805,5.917622089385986,26393468.0,156186569.25230217,1.0
2022-03-25,5.898124554932261,5.96636701871148,5.849379539489746,5.849379539489746,24609502.0,143950317.475832,1.0
2022-03-28,5.839630434484717,5.849379623660276,5.722642953579574,5.810383796691895,21444750.0,124602227.9241085,1.0
2022-03-29,5.800634860992432,5.868877793602641,5.75189030758538,5.800634860992432,17731609.0,102854589.30688716,1.0
2022-03-30,5.810383461854321,5.868877198936048,5.751889724772593,5.859128475189209,22683189.0,132903718.57799864,1.0
2022-03-31,5.829881403157888,5.956618066564276,5.82013221449575,5.839630126953125,27789829.0,162282322.65127563,1.0
2022-04-01,5.771387969723514,5.820132521000527,5.761638780547956,5.810383796691895,17647388.0,102538097.28913498,1.0
2022-04-06,5.810383671694463,5.907873237018145,5.800634482728636,5.868877410888672,19438369.0,114081404.72861862,1.0
2022-04-07,5.898124454860093,5.937120280605704,5.781136512756348,5.781136512756348,25724254.0,148715424.06281853,1.0
2022-04-08,5.781136863804669,5.810383967323306,5.664149379463996,5.732392311096191,22720289.0,130241609.96948338,1.0
2022-04-11,5.732392027639339,5.742140751752201,5.508165794640513,5.527663707733154,38055033.0,210355424.8106876,1.0
2022-04-12,5.537412365189794,5.693396132920192,5.459420713758051,5.673898220062256,24806360.0,140748761.85022354,1.0
2022-04-13,5.644650764046055,5.673897863930671,5.586157029143704,5.61540412902832,15316464.0,86008135.18771362,1.0
2022-04-14,5.605654861001151,5.673897783182805,5.595905672889397,5.654399871826172,14630085.0,82724350.748806,1.0
2022-04-15,5.625152852411937,5.654399952296554,5.595905752527321,5.61540412902832,12187868.0,68439804.29125214,1.0
2022-04-18,5.576407840893204,5.634902040662437,5.517914105990853,5.61540412902832,12162242.0,68295903.94504166,1.0
2022-04-19,5.595906480646986,5.644651498508249,5.556910652304752,5.605655670166016,12528143.0,70228455.84460068,1.0
2022-04-20,5.595906427984184,5.654400634813992,5.4691702194981024,5.517914772033691,23703956.0,130796408.96803664,1.0
2022-04-21,5.498416080971327,5.517913992203369,5.293687780601455,5.313185691833496,33078528.0,175752361.67651367,1.0
2022-04-22,5.293688126498985,5.322935227691533,5.196198563968663,5.26444149017334,21253403.0,111887296.56057452,1.0
2022-04-25,5.205947750682056,5.215696474497942,4.923227787017822,4.923227787017822,33103695.0,162977031.07696295,1.0
2022-04-26,4.942725787235751,5.108457813982303,4.88423204870163,4.991470336914063,36387648.0,181627865.6220703,1.0
2022-04-27,4.952474349267285,5.079211011046754,4.854984788231885,5.069461822509766,30010502.0,152137094.16335297,1.0
2022-04-28,5.049964159971467,5.098709175332555,4.923227956793093,4.952474594116211,27645735.0,136914800.22316933,1.0
2022-04-29,4.981721526401953,5.283939402679405,4.981721526401953,5.26444149017334,39834331.0,209705504.84969807,1.0
2022-05-05,5.361931158044345,5.50816573714621,5.2059478549313765,5.43992280960083,38630493.0,210146900.0168252,1.0
2022-05-06,5.342433596422463,5.7811368977060695,5.3034377680802285,5.605655670166016,51137166.0,286657344.5441208,1.0
2022-05-09,5.605655670166016,5.664149412679367,5.527664013481547,5.605655670166016,27868648.0,156222044.6810608,1.0
2022-05-10,5.547161748352599,5.595906299771357,5.488668007729932,5.576408386230469,26807379.0,149488893.06845856,1.0
2022-05-11,5.566659789436218,5.644651445386711,5.517914772033691,5.517914772033691,34188411.0,188648738.08925915,1.0
2022-05-12,5.498416342278138,5.566659267266897,5.439922605802156,5.537412166595459,19835210.0,109835733.18097591,1.0
2022-05-13,5.5569102616972685,5.644651101733269,5.488667799328743,5.566659450531006,24208311.0,134759423.2095437,1.0
2022-05-16,5.595906213481798,5.605655402535373,5.459420820800196,5.5081658363342285,21035628.0,115867727.49543571,1.0
2022-05-17,5.469169512534658,5.508165335469172,5.361930767031306,5.40092658996582,20154515.0,108853055.97136496,1.0
2022-05-18,5.400926983822588,5.488667824257089,5.3716803469223615,5.43992280960083,17608815.0,95790594.36854124,1.0
2022-05-19,5.40092677327439,5.43992259753243,5.36193094901635,5.430173873901367,15886722.0,86267662.74633408,1.0
2022-05-20,5.449672138157571,5.537412515974005,5.430174224768706,5.488667964935303,22273101.0,122249655.93846846,1.0
2022-05-23,5.55691027804773,5.703144856915704,5.537412365189794,5.673898220062256,40982623.0,232531231.69318247,1.0
2022-05-24,5.634902504829176,5.703144968736517,5.488667923094,5.5081658363342285,31797926.0,175148249.6594839,1.0
2022-05-25,5.459420738441219,5.56665949207817,5.459420738441219,5.54716157913208,18543833.0,102865637.94744158,1.0
2022-05-26,5.547161355108236,5.566659267266897,5.459420517960816,5.537412166595459,16854648.0,93331132.89888382,1.0
2022-05-27,5.547161478910496,5.576408115367769,5.459420639804865,5.478918552398682,16791317.0,91998258.23050736,1.0
2022-05-30,5.508165653722861,5.537412290180135,5.439922727211047,5.478918552398682,16048919.0,87930720.0550437,1.0
2022-05-31,5.439922949029676,5.488667964935303,5.420425035640811,5.488667964935303,19938207.0,109434198.0391488,1.0
2022-06-01,5.459420904333632,5.517914644949319,5.449672179997815,5.469170093536377,21612337.0,118201547.1718297,1.0
2022-06-02,5.459420722489951,5.488667824257089,5.391178259811483,5.43992280960083,20699598.0,112604215.30976772,1.0
2022-06-06,5.430174044321797,5.478918593740698,5.410676131580855,5.459420680999756,25522282.0,139336874.1771078,1.0
2022-06-07,5.459420820800196,5.5081658363342285,5.430174183373313,5.5081658363342285,21891289.0,120580850.1831193,1.0
2022-06-08,5.498416464992499,5.508165653722861,5.420424814617229,5.478918552398682,20480278.0,112209775.09248257,1.0
2022-06-09,5.488667824257089,5.498416548268193,5.420424896711709,5.43992280960083,17346742.0,94364937.47806072,1.0
2022-06-10,5.439922727211047,5.478918552398682,5.400926902023412,5.478918552398682,28196967.0,154488885.6176734,1.0
2022-06-13,5.430174224768706,5.498416689196273,5.420425035640811,5.488667964935303,22440477.0,123168327.22776748,1.0
2022-06-14,5.478918569888162,5.595906045824507,5.4496719333375285,5.586157321929932,39248489.0,219248234.2020364,1.0
2022-06-15,5.595905923121953,5.712893861359987,5.566659287212617,5.644650936126709,39763550.0,224451359.7312212,1.0
2022-06-16,5.634902699022062,5.790886010319469,5.625153509632506,5.751890182495117,40304072.0,231824596.0513764,1.0
2022-06-17,5.732392311096191,5.76163894974789,5.634902740812299,5.732392311096191,29629896.0,169850188.0089798,1.0
2022-06-20,5.761638957111921,5.966367287403232,5.751890232504541,5.946869373321533,41716223.0,248080928.92935133,1.0
2022-06-21,5.907873237018145,5.9566182521134445,5.810383671694463,5.868877410888672,29521956.0,173260740.6936493,1.0
2022-06-22,5.8786267690429455,5.92737132067421,5.771388011667077,5.790885925292969,26264443.0,152094393.30435944,1.0
2022-06-23,5.790885925292969,5.8103838389188605,5.712894270789402,5.790885925292969,20822984.0,120583524.96820068,1.0
2022-06-24,5.800634860992432,5.820132775328642,5.742141117983801,5.800634860992432,19235203.0,111576389.0800662,1.0
2022-06-27,5.820132002945886,5.898124114807434,5.810383279504996,5.829881191253662,22805212.0,132951676.50135233,1.0
2022-06-28,5.810383671694463,5.878626599854498,5.771387845564989,5.868877410888672,17979538.0,105519704.42641447,1.0
2022-06-29,5.859128504277401,5.937120154106901,5.82013221449575,5.839630126953125,23306384.0,136100662.15673828,1.0
2022-06-30,5.839630251374764,5.868877353117429,5.761638599883542,5.781136512756348,22419117.0,129607975.87245657,1.0
2022-07-01,5.7908861362578,5.859129068868009,5.761639032320011,5.800634860992432,18362169.0,106512237.62483454,1.0
2022-07-04,5.820132492424397,5.93712043762207,5.790885854775172,5.93712043762207,32832161.0,194928494.08439827,1.0
2022-07-05,5.937120734502305,5.946869459250549,5.849379887433382,5.907873630523682,22855271.0,135026052.85937262,1.0
2022-07-06,5.898124854027769,5.937120682412502,5.781136904006624,5.820132732391357,20031019.0,116583189.3450532,1.0
2022-07-07,5.8377631990935495,5.857352989678799,5.798583617923052,5.818173408508301,15776407.0,91789871.68920422,1.0
2022-07-08,5.81817400938937,5.935712765039863,5.808378879556414,5.925918102264404,28248689.0,167399417.51033735,1.0
2022-07-11,5.916122694797878,5.955302278176077,5.86714798204639,5.876943111419678,21923393.0,128842533.47029638,1.0
2022-07-12,5.857353000571494,5.876942791193173,5.641865303733022,5.651659965515137,31715583.0,179245690.72407246,1.0
2022-07-13,5.661455094354701,5.690839546758495,5.622275046053893,5.651659965515137,19743938.0,111586023.956213,1.0
2022-07-14,5.67125029396709,5.710429878926026,5.632070709008155,5.661455631256104,17702683.0,100222954.35869168,1.0
2022-07-15,5.671250217109464,5.700635138959184,5.563506126403809,5.563506126403809,19157184.0,106581110.54864502,1.0
2022-07-18,5.583095660200312,5.6320703719971865,5.524326286278541,5.602685451507568,17684060.0,99078225.68558691,1.0
2022-07-19,5.6124803842717785,5.661455094354701,5.583095464810534,5.651659965515137,16921975.0,95637248.644948,1.0
2022-07-20,5.651660392808284,5.730019561219337,5.622275471125397,5.6418657302856445,19850580.0,111994307.0282936,1.0
2022-07-21,5.661455168112961,5.818173495128144,5.661455168112961,5.749608993530273,39972394.0,229825636.0353356,1.0
2022-07-22,5.769198771740555,5.984686937970771,5.749608980906668,5.9161224365234375,66107032.0,391097295.22717285,1.0
2022-07-25,5.916122754625554,5.974892130287167,5.867148041378802,5.886738300323486,36844044.0,216891244.9536037,1.0
2022-07-26,5.876942411352693,5.896532200708238,5.788788125724028,5.837762832641602,21557027.0,125844811.00285149,1.0
2022-07-27,5.8083780577939805,5.847557637467731,5.76919847812023,5.778993606567383,20595783.0,119022898.2792492,1.0
2022-07-28,5.818173555676373,5.827968217688025,5.74960905336497,5.759404182434082,21263500.0,122465090.8331871,1.0
2022-07-29,5.749608918623533,5.788788499866891,5.641865303733022,5.651659965515137,25260546.0,142764016.53525352,1.0
2022-08-01,5.612480840467512,5.641865762317233,5.5439163341898245,5.563506126403809,26307598.0,146362482.64396858,1.0
2022-08-02,5.573301774138669,5.573301774138669,5.171710762890993,5.308839321136475,62038737.0,329353686.4192443,1.0
2022-08-03,5.289248355215997,5.377402175313688,5.240273647450391,5.26965856552124,37865410.0,199537782.14347363,1.0
2022-08-04,5.318633678759452,5.43617290326791,5.308839015833958,5.426377773284912,22161204.0,120255064.81483269,1.0
2022-08-05,5.426377209836705,5.514531502300167,5.40678741896232,5.494941711425781,19185314.0,105422182.145401,1.0
2022-08-08,5.494941285446735,5.730018757715672,5.494941285446735,5.6712493896484375,38882254.0,220510959.26565552,1.0
2022-08-09,5.64186493914353,5.700634307210764,5.592890232225458,5.6712493896484375,22878242.0,129748215.97872923,1.0
2022-08-10,5.710429987978172,5.739814910787285,5.641865946519414,5.6810455322265625,22078790.0,125430611.2864685,1.0
2022-08-11,5.681044849837263,5.759404011839303,5.681044849837263,5.730019092559815,21239596.0,121703290.59825706,1.0
2022-08-12,5.720224287133454,5.798583447166936,5.710429158600551,5.788788318634033,20262117.0,117293106.20039606,1.0
2022-08-15,5.788788464061344,5.798583592840322,5.710429302059304,5.730019092559815,14971275.0,85785691.58996344,1.0
2022-08-16,5.720224320178844,5.759403900421924,5.700634530057305,5.710429191589356,13337742.0,76164231.2666874,1.0
2022-08-17,5.710429337380175,5.730019128001854,5.641865303733022,5.651659965515137,20485249.0,115775661.656909,1.0
2022-08-18,5.641865193192327,5.661454983430184,5.583095355421313,5.632070064544678,17145412.0,96564161.66948508,1.0
2022-08-19,5.632070210709227,5.6712497922017375,5.563505709568605,5.573300838470459,16803556.0,93651272.74408533,1.0
2022-08-22,5.534121474348543,5.671250014958503,5.514531682832835,5.612480640411377,18412994.0,103342572.35701084,1.0
2022-08-23,5.612480419962971,5.622275081807372,5.553711047724203,5.573300838470459,12207045.0,68033534.13374662,1.0
2022-08-24,5.573300616461357,5.641865114870753,5.514531246563633,5.534121036529541,19681049.0,108917307.29186869,1.0
2022-08-25,5.514531356785084,5.563505599150008,5.4949415664276255,5.5537109375,17530641.0,97360112.66308594,1.0
2022-08-26,5.583095464810534,5.749608918623533,5.55371101240674,5.651659965515137,20899241.0,118115403.66935252,1.0
2022-08-29,5.602685112392168,5.739814110300384,5.5635055321490885,5.710429191589356,29777983.0,170045063.38985157,1.0
2022-08-30,5.710429191589356,5.8083781421970535,5.671249611346276,5.710429191589356,23914005.0,136559232.2398138,1.0
2022-08-31,5.710429727821032,5.7691991037043255,5.671250143898837,5.720224857330322,27369391.0,156559070.7281928,1.0
2022-09-01,5.690839179004183,5.759403675277999,5.661454728499275,5.6712493896484375,23085096.0,130921336.5999756,1.0
2022-09-02,5.67124997607466,5.739814479438276,5.67124997607466,5.690839767456055,18936046.0,107762003.61517715,1.0
2022-09-05,5.681045164773368,5.749609201797366,5.671250035451384,5.700634956359863,20438026.0,116509725.45459177,1.0
2022-09-06,5.710429878926026,5.730019671405493,5.632070709008155,5.661455631256104,15433786.0,87377694.66130161,1.0
2022-09-07,5.651660392808284,5.681045314491171,5.612480808602757,5.6418657302856445,18373592.0,103661339.04705048,1.0
2022-09-08,5.651660112837907,5.671249903970236,5.583095610346022,5.592890739440918,14258830.0,79748078.26226234,1.0
2022-09-09,5.612480690162086,5.622275352478027,5.543916185720595,5.622275352478027,16240107.0,91306353.30770588,1.0
2022-09-13,5.602685255432213,5.710429337380175,5.592890593650099,5.651659965515137,18860402.0,106592578.91692162,1.0
2022-09-14,5.612480949796394,5.622275612565439,5.524326649587512,5.583096027374268,18894179.0,105488015.71539833,1.0
2022-09-15,5.59289104041158,5.612480832598096,5.436172702919447,5.4753522872924805,20625289.0,112930723.30221844,1.0
2022-09-16,5.455762194192969,5.494941776405049,5.338222980499268,5.338222980499268,21822392.0,116492794.46386336,1.0
2022-09-19,5.32842787328879,5.348017662758118,5.2402735871481045,5.259863376617432,19963510.0,105005335.11773586,1.0
2022-09-20,5.259863547802648,5.3284280467054765,5.259863547802648,5.289248466491699,15090710.0,79818514.72577095,1.0
2022-09-21,5.29904317855835,5.318632968852084,5.220684017383412,5.29904317855835,15468634.0,81968959.47931576,1.0
2022-09-22,5.259863437145148,5.318632806229418,5.250068775826484,5.26965856552124,11584847.0,61048188.22380304,1.0
2022-09-23,5.269658821711754,5.318633064800871,5.20109432091805,5.2304792404174805,14155467.0,74039876.28191471,1.0
2022-09-26,5.201093894960576,5.210889023010672,5.0639653716611255,5.073760032653809,18432930.0,93524263.51870535,1.0
2022-09-27,5.103145560855182,5.181504726409912,5.0737606402434245,5.181504726409912,16246860.0,84183181.87932014,1.0
2022-09-28,5.1227354601746935,5.269659132214079,5.1227354601746935,5.201094627380371,23109244.0,120193364.81122208,1.0
2022-09-29,5.220684001034496,5.328428080841349,5.171709758982246,5.2108893394470215,18511558.0,96461680.23875524,1.0
2022-09-30,5.19129959940969,5.269658761096902,5.171709808987887,5.220684051513672,16797917.0,87696617.38055038,1.0
2022-10-10,5.240273566854516,5.308838063260351,5.161914409280661,5.171709537506104,24079863.0,124534057.13894032,1.0
2022-10-11,5.171709732356082,5.20109418402466,5.063965653103941,5.122735023498535,16313401.0,83569230.65507603,1.0
2022-10-12,5.103145308982854,5.240273841935474,5.073760389821427,5.220684051513672,15583852.0,81358367.59754944,1.0
2022-10-13,5.201094008209449,5.308838083819462,5.201094008209449,5.259863376617432,17992213.0,94636582.22300003,1.0
2022-10-14,5.2892492229254655,5.465557359101896,5.279454092942467,5.426377773284912,37303557.0,202423192.5692668,1.0
2022-10-17,5.436173011135526,5.494942391027138,5.396993424541118,5.445967674255371,29376695.0,159984531.3464594,1.0
2022-10-18,5.475351970441836,5.5439160055982,5.416582597283184,5.504736423492432,25831214.0,142194024.56882763,1.0
2022-10-19,5.504736724079521,5.504736724079521,5.377402841753957,5.387197971343994,20182583.0,108727570.19408178,1.0
2022-10-20,5.387198187467927,5.475352489084895,5.367608394559435,5.426377773284912,19946486.0,108237168.28553867,1.0
2022-10-21,5.416582783215606,5.4557623666662725,5.348018278648202,5.367608070373535,19428471.0,104284417.7346182,1.0
2022-10-24,5.377402374888096,5.4263770844713255,5.19129959940969,5.220684051513672,23943370.0,125000769.8984909,1.0
2022-10-25,5.240274363157628,5.269659285241817,5.103145816565561,5.142325401306152,23600524.0,121361574.04933548,1.0
2022-10-26,5.142325069438867,5.387197691793098,5.142325069438867,5.338222980499268,33888643.0,180905132.84053564,1.0
2022-10-27,5.367608196737896,5.485146949856995,5.328428612364863,5.4753522872924805,30010002.0,164315333.0923519,1.0
2022-10-28,5.465556743317909,5.485146534019292,5.279453498126042,5.318633079528809,22635653.0,120390732.82253551,1.0
2022-10-31,5.3088389525946384,5.426377708645461,5.240274444702909,5.328428745269775,28254541.0,150552308.44880342,1.0
2022-11-01,5.328428594976231,5.416582893056619,5.289249010731055,5.387197971343994,26876382.0,144788390.58746624,1.0
2022-11-02,5.367608245179272,5.534121713796151,5.348018452815962,5.485146999359131,41006550.0,224926954.68657017,1.0
2022-11-03,5.455762055231879,5.455762055231879,5.367607763971303,5.3969926834106445,27240501.0,147016784.58944035,1.0
2022-11-04,5.387198294363759,5.475352597729934,5.348018707769351,5.445967674255371,31436252.0,171200812.19174576,1.0
2022-11-07,5.416582329317364,5.465556570998019,5.40678720074677,5.455761909484863,23220672.0,126686457.8102417,1.0
2022-11-08,5.44596666982777,5.455761798198562,5.387197300775294,5.436172008514404,19991228.0,108675754.0694294,1.0
2022-11-09,5.416582547928241,5.514531502300167,5.40678741896232,5.494941711425781,27864128.0,153111759.19970703,1.0
2022-11-10,5.485146249196086,5.514531167251038,5.4165822188302455,5.436172008514404,23563017.0,128092613.45154904,1.0
2022-11-11,5.49494174840599,5.553711121424656,5.406787455349263,5.416582584381104,51715963.0,280123784.5202975,1.0
2022-11-14,5.387198249365041,5.53412193139559,5.357813326135927,5.524326801300049,60980729.0,336877475.5775151,1.0
2022-11-15,5.52432658408575,5.52432658408575,5.436172751979602,5.485146999359131,48650739.0,266856455.04245424,1.0
2022-11-16,5.485146361081769,5.553710859903612,5.44596678091427,5.455761909484863,47410998.0,258663116.97906303,1.0
2022-11-17,5.455762544342912,5.52432658408575,5.445967414632511,5.485146999359131,48893752.0,268189417.0702095,1.0
2022-11-18,5.485146157240153,5.808377915138651,5.4753514960909895,5.6712493896484375,121011293.0,686285221.5668182,1.0
2022-11-21,5.632069986359082,5.671249566290898,5.494941456597725,5.534121036529541,78404416.0,433899527.9424133,1.0
2022-11-22,5.514531792843227,5.553711376656245,5.348018328109163,5.3774027824401855,81742933.0,439564675.35902166,1.0
2022-11-23,5.377402451632959,5.377402451632959,5.269658836304076,5.318633079528809,44705345.0,237771326.74874783,1.0
2022-11-24,5.3088389525946384,5.348018537944912,5.279454030053183,5.328428745269775,32291000.0,172060292.61350632,1.0
2022-11-25,5.318633615403457,5.348018537944912,5.269659367244364,5.328428745269775,34736674.0,185091892.25666523,1.0
2022-11-28,5.299044190590175,5.367608703241681,5.2794543965551055,5.308839321136475,33910151.0,180023543.01447535,1.0
2022-11-29,5.289248601542991,5.3969926834106445,5.289248601542991,5.3969926834106445,45552550.0,245846779.0606976,1.0
2022-11-30,5.396993317450925,5.455762696176403,5.377403057484929,5.426377773284912,38809620.0,210595659.3576336,1.0
2022-12-01,5.465556570998019,5.485146361081769,5.40678720074677,5.455761909484863,36125792.0,197093719.943573,1.0
2022-12-02,5.455761798198562,5.475351587882721,5.426376880143611,5.436172008514404,25243124.0,137225964.09625816,1.0
2022-12-05,5.465556841386664,5.524326214545315,5.436172388336068,5.504736423492432,35624083.0,196101187.2436176,1.0
2022-12-06,5.485146999359131,5.54391637644906,5.465557206995821,5.485146999359131,32562208.0,178608497.5037079,1.0
2022-12-07,5.4753526584980925,5.553711832556577,5.455762864983472,5.543916702270508,38819448.0,215211786.14012143,1.0
2022-12-08,5.534121474348543,5.632070431927086,5.504736553546246,5.612480640411377,50164462.0,281547071.8116522,1.0
2022-12-09,5.592890232225458,5.700634307210764,5.583095104018876,5.6712493896484375,66083678.0,374777018.5232239,1.0
2022-12-12,5.651660351937739,5.788788895665424,5.651660351937739,5.720224857330322,59883210.0,342545426.3787317,1.0
2022-12-13,5.710429218053654,5.965096957871334,5.612480266992023,5.798583507537842,101946879.0,591147491.214356,1.0
2022-12-14,5.739814256841418,5.759404047463097,5.632070174893458,5.651659965515137,55998500.0,316484480.5788994,1.0
2022-12-15,5.720225117933711,5.8181740822015815,5.671250402271023,5.6810455322265625,38138548.0,216666827.7210083,1.0
2022-12-16,5.661455317651177,5.9650973177920354,5.651660188425277,5.945507526397705,79628164.0,473429848.3752308,1.0
2022-12-19,6.072840697409966,6.08263582624953,5.632070174893458,5.651659965515137,98434498.0,556318311.5721798,1.0
2022-12-20,5.632070098929833,5.67124967964475,5.5439158087925495,5.5537109375,39845338.0,221289489.4589844,1.0
2022-12-21,5.592890898472728,5.700634986292935,5.583095769099311,5.622275352478027,34786529.0,195579444.5949621,1.0
2022-12-22,5.641865489150657,5.700634862947126,5.494941821130751,5.51453161239624,38739350.0,213629370.2186823,1.0
2022-12-23,5.504736494971285,5.651660163304443,5.475352041539132,5.602685451507568,28208700.0,158044473.09594154,1.0
2022-12-26,5.641865872218521,5.690840120178735,5.524326649587512,5.583096027374268,29872263.0,166779712.88397932,1.0
2022-12-27,5.612480768015544,5.788788895665424,5.504736678700765,5.720224857330322,46668512.0,266954382.39701843,1.0
2022-12-28,5.661455631256104,5.749609463884961,5.651660501487623,5.661455631256104,28390287.0,160730350.20912695,1.0
2022-12-29,5.71042937604895,5.96509712291274,5.690839585294617,5.827968120574951,89390121.0,520962775.4823375,1.0
2022-12-30,5.955302240021829,6.396073250788872,5.867147944456926,6.209969997406006,166809701.0,1035883238.4862666,1.0
2023-01-03,6.415663073793387,6.748689532006508,6.307918986136875,6.640945911407471,236002788.0,1567281750.049364,1.0
2023-01-04,6.494022350933218,6.533201934919084,6.347098677457481,6.405868053436279,127791605.0,818616159.9668479,1.0
2023-01-05,6.415663291772893,6.64094613704122,6.376483707122532,6.425457954406738,123196655.0,791594926.8260527,1.0
2023-01-06,6.396073189312709,6.435252772063318,6.190380146343279,6.200174808502197,108589847.0,673276033.8285079,1.0
2023-01-09,6.239354193603668,6.366688067038221,6.170790159490795,6.249149322509766,76001202.0,474942859.98822784,1.0
2023-01-10,6.258943948773933,6.405867612127912,6.180584786200464,6.327508449554443,71063907.0,449657472.0008512,1.0
2023-01-11,6.278533811715566,6.376483233117755,6.170790195465088,6.170790195465088,63192075.0,389945036.8410945,1.0
2023-01-12,6.200174624275991,6.219764415069223,6.043456297930138,6.082635879516602,68876722.0,418952020.50069046,1.0
2023-01-13,6.141405650125618,6.239354610443115,6.08263627393512,6.239354610443115,47918426.0,298980052.18827724,1.0
2023-01-16,6.298123565867895,6.3177133566226376,6.200174612094183,6.249149322509766,57446586.0,358992293.982399,1.0
2023-01-17,6.229559568071927,6.2491493589408735,6.131610613727195,6.170790195465088,37050055.0,228628116.13544223,1.0
2023-01-18,6.209969571054899,6.29812339351005,6.180584652198223,6.219764232635498,33940851.0,211104091.0750108,1.0
2023-01-19,6.298123676600244,6.366688178976056,6.229559641281892,6.268739223480225,50360607.0,315697512.4191728,1.0
2023-01-20,6.2491493726491845,6.307918745384943,6.219764452752577,6.258944034576416,37879485.0,237085576.67357683,1.0
2023-01-30,6.298123714602343,6.327508634957129,6.160995176080762,6.190380096435547,43313274.0,268125629.28105927,1.0
2023-01-31,6.17079022245928,6.200174675362514,6.07284080062861,6.092430591583252,48056850.0,292783023.0751276,1.0
2023-02-01,6.072841077432785,6.1414055824279785,6.072841077432785,6.1414055824279785,42518033.0,261120485.220057,1.0
2023-02-02,6.121815375188447,6.19037987553124,6.092430455882266,6.151200294494629,33487346.0,205987372.5770436,1.0
2023-02-03,6.151200711880497,6.160995374275537,6.072841077432785,6.1414055824279785,29678064.0,182265027.9252548,1.0
2023-02-06,6.121815289020037,6.121815289020037,6.033660999399768,6.053250789642334,30643734.0,185494207.03308964,1.0
2023-02-07,6.063046125205239,6.092430578043168,5.9553020416654325,6.004276752471924,41762814.0,250755493.218009,1.0
2023-02-08,6.023867130279541,6.092431171619774,5.994482207521226,6.023867130279541,28918028.0,174198358.3417034,1.0
2023-02-09,6.004276547564638,6.063045918292337,5.984686757322072,6.053250789642334,22436866.0,135815976.83159924,1.0
2023-02-10,6.063046306962423,6.20017484745098,6.063046306962423,6.12181568145752,42231378.0,258532712.0899601,1.0
2023-02-13,6.112020661127902,6.151200711880497,6.072841077432785,6.1414055824279785,27191750.0,166995565.24598598,1.0
2023-02-14,6.151200294494629,6.170790085012934,6.112020246400571,6.151200294494629,24036908.0,147855835.5683403,1.0
2023-02-15,6.160995042689528,6.160995042689528,6.072840750591259,6.082635879516602,22956615.0,139636730.071249,1.0
2023-02-16,6.131610626922835,6.15120041783394,5.974891832576538,6.004276752471924,39963446.0,239951589.7664671,1.0
2023-02-17,6.023866703322152,6.131610789722662,5.994481782646569,6.033661365509033,32180045.0,194163494.2568421,1.0
2023-02-20,6.033661493737669,6.1414055824279785,5.984687247647513,6.1414055824279785,35439305.0,217647145.56436777,1.0
2023-02-21,6.141405532677022,6.190380245427917,6.11202061161499,6.131610870361328,27825876.0,170617443.7589264,1.0
2023-02-22,6.112020492553711,6.170790333532947,6.092430701246454,6.112020492553711,20755884.0,126860388.34906767,1.0
2023-02-23,6.112020332177722,6.1414052518962965,6.033661169004795,6.082635879516602,19610099.0,119281091.77827264,1.0
2023-02-24,6.072841378800065,6.092431171619774,6.014072000340935,6.023867130279541,18989200.0,114388417.71030426,1.0
2023-02-27,6.023867224774808,6.043457017901819,5.955302715301514,5.955302715301514,25549081.0,152152511.4527583,1.0
2023-02-28,5.984687336357983,6.072841167449951,5.984687336357983,6.072841167449951,34864137.0,211724366.44121504,1.0
2023-03-01,6.07284080062861,6.102225720589303,6.043456347725376,6.092430591583252,23319391.0,142071771.10549116,1.0
2023-03-02,6.082636247361216,6.112020701799348,6.043456663405386,6.063046455383301,18176236.0,110203363.25201036,1.0
2023-03-03,6.06304608872337,6.102225670309833,6.043456297930138,6.082635879516602,16132901.0,98130562.46328926,1.0
2023-03-06,6.082636206885304,6.180585166123095,6.063046415037746,6.1414055824279785,41689267.0,256030697.0811305,1.0
2023-03-07,6.141405079262603,6.19037978839774,6.043456128049771,6.053250789642334,41877118.0,253492697.6014452,1.0
2023-03-08,6.043456128049771,6.092430370127467,6.023866337807204,6.053250789642334,19033759.0,115216116.69661188,1.0
2023-03-09,6.0630462478143015,6.131610750918433,6.043456456507045,6.112020492553711,19565379.0,119583997.39258005,1.0
2023-03-10,6.112020492553711,6.131610750918433,6.033661327324683,6.112020492553711,23818152.0,145577033.11875916,1.0
2023-03-13,6.0924307606812365,6.131610810735437,6.063046306962423,6.12181568145752,25418972.0,155610261.3961296,1.0
2023-03-14,6.121815761401654,6.190380266070044,5.955302297962333,5.965097427368164,60970333.0,363693976.5240803,1.0
2023-03-15,5.965097544220047,6.14140567346147,5.965097544220047,6.072841167449951,37014319.0,224782080.2083249,1.0
2023-03-16,6.053251009673968,6.17079022245928,6.033661218719326,6.092430591583252,39624948.0,241412245.3850956,1.0
2023-03-17,6.102226089185598,6.151200803059181,6.053251375312016,6.072841167449951,32088784.0,194870088.4886093,1.0
2023-03-20,6.082636066158019,6.082636066158019,5.925917735003375,5.945507526397705,49293131.0,293072681.36020803,1.0
2023-03-21,5.965097427368164,6.004277010876537,5.925917843859792,5.965097427368164,25538592.0,152340189.43780518,1.0
2023-03-22,6.063046365921569,6.2491496204945065,6.033661444859537,6.131610870361328,77441496.0,474841118.6906433,1.0
2023-03-23,6.131610870361328,6.170790453739055,6.072841028237264,6.131610870361328,26539357.0,162729009.8736,1.0
2023-03-24,6.141405362780921,6.170790283030048,6.0826359893401305,6.1022257804870605,24914472.0,152033733.34562302,1.0
2023-03-27,6.082636077615847,6.092430739802729,6.00427691189092,6.033661365509033,31204380.0,188276662.0406628,1.0
2023-03-28,6.033661425071797,6.092430799945649,6.004276971163607,6.043456554412842,20694235.0,125064710.14930964,1.0
2023-03-29,6.033661464979078,6.043456594384909,5.945507635613978,5.965097427368164,25458243.0,151860899.82461357,1.0
2023-03-30,5.974891979960467,5.994481771354797,5.906327943609044,5.945507526397705,26251510.0,156078550.28430462,1.0
2023-03-31,5.945506687498511,6.337302460103518,5.945506687498511,6.298122882843018,102472659.0,645385398.5136695,1.0
2023-04-03,6.298122994834885,6.4548417737210295,6.268738544895702,6.317712783813477,73304833.0,463118880.559412,1.0
2023-04-04,6.3177131764140935,6.405867465824619,6.3177131764140935,6.386277675628662,49571733.0,316578851.80012465,1.0
2023-04-06,6.3568925857543945,6.45484200115599,6.327508134779857,6.3568925857543945,41666128.0,264867100.1602936,1.0
2023-04-07,6.376482842480655,6.405867293455192,6.317713006416727,6.3568925857543945,32987635.0,209698852.35307217,1.0
2023-04-10,6.366687714117525,6.45484200115599,6.327508134779857,6.3568925857543945,40749899.0,259042730.8233404,1.0
2023-04-11,6.40586772347655,6.425457514460433,6.288328977573255,6.347098350524902,34637489.0,219847549.29822445,1.0
2023-04-12,6.386277932492668,6.40586772347655,6.3177134305203495,6.347098350524902,25488843.0,161780193.3620882,1.0
2023-04-13,6.3568931434490805,6.552791524381147,6.3568931434490805,6.454842567443848,65124140.0,420366071.0401726,1.0
2023-04-14,6.494022002575984,6.601765619228709,6.425457500749967,6.513611793518066,48583124.0,316451609.4523506,1.0
2023-04-17,6.523406603771223,6.523406603771223,6.405867855446464,6.454842567443848,39699927.0,256256778.72401333,1.0
2023-04-18,6.454841867190295,6.474431656452556,6.376482710141248,6.415662288665772,27999662.0,179636375.58878803,1.0
2023-04-19,6.435252643481103,6.48422688741208,6.32750855954102,6.347098350524902,35167749.0,223213161.6695737,1.0
2023-04-20,6.366687489788661,6.396072406785254,6.288328333874294,6.317712783813477,25690238.0,162303545.03181076,1.0
2023-04-21,6.327508312366726,6.396072811660678,6.200174442416861,6.219764232635498,38584036.0,239983607.06352043,1.0
2023-04-24,6.317713617477029,6.347098538351154,6.160995284968288,6.209969997406006,38979521.0,242061655.9232573,1.0
2023-04-25,6.258944262283632,6.307918974873912,5.98468717953899,6.043456554412842,59713888.0,360878287.8230744,1.0
2023-04-26,6.043456494753383,6.092430739802729,5.974891991215338,6.033661365509033,32730283.0,197483444.0192771,1.0
2023-04-27,6.043456623190187,6.160995374275537,6.043456623190187,6.1414055824279785,31087682.0,190922063.7795457,1.0
2023-04-28,6.445046850908676,6.55279092725013,6.24914895488551,6.435252189636231,94058817.0,605292208.0538435,1.0
2023-05-04,6.425457429998967,6.709509629060179,6.38627784854621,6.670330047607422,96317645.0,642470481.5582848,1.0
2023-05-05,6.660535198109904,6.709509440017255,6.523406199831464,6.552791118621826,45538962.0,298407305.74485683,1.0
2023-05-08,6.611561130135322,6.6409460517745496,6.523406832275122,6.582176208496094,38254507.0,251797905.84314728,1.0
2023-05-09,6.582176250243031,6.611561172068631,6.474432626683304,6.503817081451416,40490272.0,263341322.666214,1.0
2023-05-10,6.523405896079501,6.53320102423934,6.376482710141248,6.415662288665772,35950742.0,230647819.69895267,1.0
2023-05-11,6.415662594451318,6.484226626608447,6.376483014059404,6.386277675628662,29415791.0,187857409.3742585,1.0
2023-05-12,6.386277932492668,6.48422688741208,6.337303221504232,6.347098350524902,31992757.0,203061175.183444,1.0
2023-05-15,6.347098350524902,6.386277932492668,6.24914939560549,6.347098350524902,29813885.0,189231660.3062392,1.0
2023-05-16,6.347098095236748,6.503816416804403,6.307918514844834,6.386277675628662,43380578.0,277040416.8372679,1.0
2023-05-17,6.366688081347979,6.376483210276093,6.2491493365553445,6.337303161621094,28576626.0,181098742.29826355,1.0
2023-05-18,6.337303221504232,6.48422688741208,6.32750855954102,6.347098350524902,30867959.0,195921971.6529703,1.0
2023-05-19,6.317713066491706,6.405867354368429,6.288328615237753,6.366687774658203,27908168.0,177682592.01870728,1.0
2023-05-22,6.405868053436279,6.4646374294150775,6.366688469450414,6.405868053436279,28133800.0,180221410.6417656,1.0
2023-05-23,6.396072950334953,6.494021903551789,6.327508449554443,6.327508449554443,32843296.0,207816232.95121765,1.0
2023-05-24,6.327508373580069,6.327508373580069,6.209969631131154,6.229559421539307,30275289.0,188601711.82977533,1.0
2023-05-25,6.219764402848925,6.2883289040192505,6.170790159490795,6.249149322509766,28017774.0,175087253.41033173,1.0
2023-05-26,6.2491496111580895,6.680125494726662,6.2393544817995545,6.640945911407471,87983430.0,584293199.7301054,1.0
2023-05-29,6.680125455363825,6.954382536982092,6.640945872275501,6.719305038452148,109093637.0,733033424.7571697,1.0
2023-05-30,6.72909950754013,6.748689298521977,6.484226886738313,6.6017656326293945,55295655.0,365048954.8127317,1.0
2023-05-31,6.591971338061665,6.660535843848207,6.542996624348779,6.582176208496094,35461168.0,233411656.335083,1.0
2023-06-01,6.572381054988296,6.601765507374829,6.484226763713797,6.494021892547607,38389123.0,249299805.19770288,1.0
2023-06-02,6.55279179547492,6.55279179547492,6.464637497055608,6.503817081451416,27923488.0,181609258.22810364,1.0
2023-06-05,6.856432943380532,7.130690466621021,6.778073784471085,6.944587230682373,184181512.0,1279064576.3629725,1.0
2023-06-06,7.032741248621096,7.071920829177179,6.876022926396764,6.895612716674805,83935526.0,578786880.4663887,1.0
2023-06-07,6.924997696027537,7.052331100416819,6.827048276725472,6.905407905578613,60511554.0,417856963.3704472,1.0
2023-06-08,6.92499755756032,6.92499755756032,6.778073898602447,6.797663688659668,45812370.0,311417084.0404415,1.0
2023-06-09,6.797663514883586,7.032740989560692,6.787868386576661,6.9347920417785645,62954232.0,436574507.06988144,1.0
2023-06-12,6.934792297230888,7.013151458343054,6.876022926396764,6.895612716674805,34329572.0,236723433.2412033,1.0
2023-06-13,6.9054501482124975,6.925123776649603,6.826755634464072,6.885776519775391,27566574.0,189817267.9798508,1.0
2023-06-14,6.915286519429985,6.9743073989586994,6.8365915443354455,6.86610221862793,34715650.0,238361201.4861107,1.0
2023-06-15,7.102186192384104,7.23006500742852,6.934960590852504,7.05300235748291,139639519.0,984877856.7047796,1.0
2023-06-16,7.062838947430348,7.515332855914973,7.062838947430348,7.387454509735107,173631717.0,1282696410.7847,1.0
2023-06-19,7.426802105395095,7.702232907223737,7.367780750232649,7.613701343536377,142095513.0,1081872798.2385907,1.0
2023-06-20,7.584190732368484,7.682558870656371,7.495659173381244,7.525169849395752,87104109.0,655473214.8052812,1.0
2023-06-21,7.525169536348314,7.564516790026621,7.436637981043991,7.446475028991699,54042605.0,402426908.634162,1.0
2023-06-26,7.387454209883247,7.466148717894018,7.308759232816209,7.357943534851074,46688338.0,343530154.74004173,1.0
2023-06-27,7.357943453066486,7.495658840554609,7.348106405146347,7.3972907066345215,46597122.0,344692457.526515,1.0
2023-06-28,7.407127920102499,7.416964499186223,7.230064806032754,7.318596363067627,39975794.0,292566700.57914066,1.0
2023-06-29,7.328433615171688,7.387454971319454,7.249739099049754,7.338270664215088,49003968.0,359604380.8045349,1.0
2023-06-30,7.3776174613063485,7.5054962765425,7.357943833505116,7.387454509735107,47498514.0,350893111.45501614,1.0
2023-07-03,7.387454127770644,7.436637960202557,7.308759151578312,7.3972907066345215,37253103.0,275572032.6151986,1.0
2023-07-04,7.397291155483298,7.407128204000325,7.269412339099693,7.298923015594482,38284667.0,279436837.11067057,1.0
2023-07-05,7.298922997588523,7.318596625517753,7.220228485871605,7.249738693237305,24274920.0,175986826.7992401,1.0
2023-07-06,7.269412396132317,7.308759652396544,7.13169699920752,7.161207675933838,36570561.0,261889382.14640665,1.0
2023-07-07,7.230064971136101,7.4071280892492,7.2103913434631215,7.239902019500732,49848844.0,360900746.34537697,1.0
2023-07-10,7.308759860533659,7.328433489226033,7.2103917170717855,7.23006534576416,25439815.0,183931524.83415127,1.0
2023-07-11,7.210391437378845,7.259575741730064,7.190717809449615,7.249738693237305,22676423.0,164398141.24731636,1.0
2023-07-12,7.289085938744956,7.289085938744956,7.171044171337202,7.200554847717285,22135955.0,159391158.08410168,1.0
2023-07-13,7.200554486232983,7.279248993887508,7.190717438248035,7.259575366973877,23292156.0,169091161.9413128,1.0
2023-07-14,7.2694126273676,7.407128497729343,7.220228790000957,7.328433513641357,46875624.0,343524893.89445114,1.0
2023-07-17,7.348107266656418,7.525170397528153,7.269412750294011,7.436638832092285,34955200.0,259949197.70355225,1.0
2023-07-18,7.426802166245789,7.475986003875732,7.38745490851931,7.475986003875732,33699754.0,251938889.23805523,1.0
2023-07-19,7.495658861561452,7.515332488400605,7.357943473687377,7.446475028991699,38421733.0,286106475.3550863,1.0
2023-07-20,7.436637960202557,7.475985213770592,7.387454127770644,7.3972907066345215,21064808.0,155822508.45544052,1.0
2023-07-21,7.377617750636426,7.446475685169302,7.367780701821885,7.416965007781982,22685724.0,168259221.0841999,1.0
2023-07-24,7.387454426360164,7.456311888359207,7.357943750463231,7.426801681518555,22487722.0,167011851.5631218,1.0
2023-07-25,7.426802056596523,7.446475685169302,7.348107073249106,7.416965007781982,27491891.0,203906393.5447564,1.0
2023-07-26,7.407128053939359,7.505496191835335,7.387454426360164,7.426801681518555,23528555.0,174741911.8377018,1.0
2023-07-27,7.426802142527715,7.446475771328126,7.357944207198124,7.377617835998535,28982000.0,213818120.12290955,1.0
2023-07-28,7.377617509305441,7.3874545577982,7.220228485871605,7.249738693237305,59026612.0,427927512.9471054,1.0
2023-07-31,7.249738721779684,7.298923026324543,6.974307929686092,7.013655185699463,108554381.0,761362997.2310452,1.0
2023-08-01,7.0628387514373365,7.141533729514774,7.003817869671463,7.082512378692627,43282025.0,306545477.83738375,1.0
2023-08-02,7.06283911597748,7.102186372518924,7.0038182311653125,7.023491859436035,31547100.0,221570800.0388145,1.0
2023-08-03,7.0234916278287285,7.200554745482677,7.013655048545887,7.190717697143555,42136028.0,302988282.22693634,1.0
2023-08-04,7.190717809449615,7.269412321166534,7.180881230013145,7.249738693237305,29792365.0,215986861.3035488,1.0
2023-08-07,7.220228524552796,7.259575780622052,7.053002451730314,7.062839031219482,46158160.0,326007654.05727386,1.0
2023-08-08,7.053002522321116,7.328433317562588,7.033328894089583,7.308759689331055,55729770.0,407315496.47169113,1.0
2023-08-09,7.308759577024993,7.338270253446982,7.190717809449615,7.249738693237305,31544600.0,228690107.18269348,1.0
2023-08-10,7.259575647173712,7.3087594818280195,7.2103913434631215,7.239902019500732,21638000.0,156656999.89795685,1.0
2023-08-11,7.239902085220295,7.269412292469498,7.141533945962468,7.151370525360107,20388033.0,145802378.2662692,1.0
2023-08-14,7.102186239154535,7.210391427139787,7.092349659732033,7.200554847717285,24053958.0,173201843.88368797,1.0
2023-08-15,7.180881023406982,7.220228278133354,7.13169672047088,7.180881023406982,24574700.0,176467996.88591957,1.0
2023-08-16,7.171044134835096,7.200554811064963,7.10218620300293,7.10218620300293,18342844.0,130274293.58063509,1.0
2023-08-17,7.092349623630498,7.12185983080408,6.984144436196034,7.10218620300293,20977167.0,148983746.04548836,1.0
2023-08-18,7.092349583433229,7.10218616274991,6.954634189605713,6.954634189605713,26942119.0,187372581.93782568,1.0
2023-08-21,7.0038181089677405,7.062838992750154,6.905449969330386,6.915287017822266,20545676.0,142079246.5151825,1.0
2023-08-22,6.954633609747603,6.98414381429345,6.777570506247544,6.944796562194824,33273438.0,231077257.83480263,1.0
2023-08-23,6.944797319754209,7.023491832535695,6.885776435168095,6.925123691558838,17232134.0,119334659.41951656,1.0
2023-08-24,6.974307978986734,6.99398160713249,6.856265741055904,6.87593936920166,18487709.0,127120366.15944386,1.0
2023-08-25,6.846428592118358,6.964470351175786,6.816917917825874,6.86610221862793,19026260.0,130636245.99819183,1.0
2023-08-28,7.082512786808167,7.220228654587077,6.787408360974002,6.836592197418213,55994158.0,382809223.6838026,1.0
2023-08-29,6.826755675645864,7.062839218315292,6.816918626839819,7.033329010009766,35826396.0,251978830.31089783,1.0
2023-08-30,7.003817837981704,7.043165092314254,6.944796956482879,6.98414421081543,26088061.0,182202780.2045498,1.0
2023-08-31,7.003817940588269,7.033328616298151,6.964470685679278,6.99398136138916,18779964.0,131346718.18355942,1.0
2023-09-01,7.02349146514798,7.0628387194805295,6.964470583649154,6.98414421081543,17443320.0,121826662.395401,1.0
2023-09-04,7.013654606007011,7.043164811049817,6.954633726865148,7.003817558288574,21276188.0,149014539.08784866,1.0
2023-09-05,7.003817837981704,7.082512346646805,6.974307631760428,6.98414421081543,24202000.0,169030258.19015503,1.0
2023-09-06,6.974307996575414,6.984144576144952,6.8956134837939285,6.925123691558838,19625900.0,135911785.0581646,1.0
2023-09-07,6.915286981281772,6.925123560665387,6.78740816590078,6.81691837310791,25223700.0,171947903.967762,1.0
2023-09-08,6.797244516730407,6.816918143892406,6.689039801867546,6.69887638092041,24144663.0,161742112.69598293,1.0
2023-09-11,6.7185504435318375,6.915287196959201,6.669366606967222,6.885776519775391,39108021.0,269289092.7366829,1.0
2023-09-12,6.866102582023796,6.8857762095746144,6.787408071820519,6.807081699371338,20715480.0,141011964.80169296,1.0
2023-09-13,6.826755224207964,6.856265430562047,6.767734342443524,6.797244548797607,16899300.0,114868674.8034954,1.0
2023-09-14,6.777571388502016,6.826755694555871,6.689040294283903,6.748061180114746,19284594.0,130133620.14567377,1.0
2023-09-15,6.757897294287981,6.87593905781686,6.728387087933898,6.797244548797607,24136961.0,164064826.58179045,1.0
2023-09-18,6.748060797794476,6.846428935272707,6.689039915307539,6.75789737701416,36765183.0,248455333.7611456,1.0
2023-09-19,6.767734342443524,6.816918176052421,6.728387087933898,6.797244548797607,19212700.0,130593420.3426838,1.0
2023-09-20,6.816918362542305,6.816918362542305,6.728387272001845,6.767734527587891,16647268.0,112664290.433609,1.0
2023-09-21,6.767735097964238,6.797245307612713,6.728387839062054,6.777571678161621,17347181.0,117571762.6415434,1.0
2023-09-22,6.748060816718881,6.826755326922157,6.689039934066424,6.807081699371338,20897870.0,142253508.4328413,1.0
2023-09-25,6.807081905219661,6.934960722695222,6.777571228472881,6.87593936920166,37605203.0,258571095.7945204,1.0
2023-09-26,6.925123098156644,6.925123098156644,6.846428592118358,6.86610221862793,14978089.0,102841090.1137066,1.0
2023-09-27,6.895613389894795,6.964470853112799,6.875939292911035,6.915287017822266,24297712.0,168025652.35638428,1.0
2023-09-28,6.934959945581053,6.934959945581053,6.836591346818917,6.846428394317627,21813900.0,149347304.35080528,1.0
2023-10-09,6.84642915179949,6.856265731330267,6.757897590741023,6.826755523681641,21877055.0,149349306.06313705,1.0
2023-10-10,6.856265618128351,6.954634226149752,6.757897479163236,6.767734527587891,25923251.0,175441680.8600273,1.0
2023-10-11,6.787407854534503,6.856265314229888,6.728386973771487,6.738223552703857,22833793.0,153859201.79016447,1.0
2023-10-12,6.767734527587891,6.836591990335328,6.738223851370213,6.767734527587891,21293089.0,144105973.6243019,1.0
2023-10-13,6.836591842354152,7.003817909503305,6.777570960252618,6.895613193511963,56366888.0,388684256.5700112,1.0
2023-10-16,6.8956139239245,6.934961182826684,6.767735097964238,6.777571678161621,32843535.0,222599412.62671,1.0
2023-10-17,6.787408071820519,6.816918278618608,6.738223768415331,6.807081699371338,19239500.0,130964848.35505486,1.0
2023-10-18,6.767734498249376,6.80708175366485,6.659529311328683,6.669366359710693,29118808.0,194203998.51007465,1.0
2023-10-19,6.649692683165568,6.649692683165568,6.511976821166555,6.521813869476318,33037583.0,215464967.02337503,1.0
2023-10-20,6.502140788965668,6.55132462748369,6.403772642873302,6.433282852172852,26034842.0,167489502.59762955,1.0
2023-10-23,6.413608653335393,6.492303163220102,6.354587770921862,6.423445701599121,21941040.0,140937079.07661438,1.0
2023-10-24,6.443119452425777,6.551324171060725,6.393935148278047,6.531650543212891,29163595.0,190486411.1237908,1.0
2023-10-25,6.570997401220902,6.580834449077609,6.462792689134683,6.492302894592285,23496317.0,152545206.87135792,1.0
2023-10-26,6.482466736122127,6.659529387517454,6.433282431761947,6.630018711090088,29640530.0,196517268.50662708,1.0
2023-10-27,6.6005087310094845,6.7874084373353085,6.570998053565909,6.748061180114746,30479837.0,205679804.8359251,1.0
2023-10-30,6.767734639328094,6.866102779917338,6.728387383092397,6.826755523681641,27359875.0,186779177.78348923,1.0
2023-10-31,6.8365915443354455,6.9054494716470725,6.816917917825874,6.86610221862793,32011731.0,219795817.24122047,1.0
2023-11-01,6.875939172474232,6.875939172474232,6.787408082879439,6.856265544891357,20996140.0,143955111.25771523,1.0
2023-11-02,6.846429246140835,6.895613551641346,6.826755617751891,6.836592197418213,16882520.0,115418904.50475691,1.0
2023-11-03,6.846428890565879,6.954634075613497,6.846428890565879,6.895613193511963,27089766.0,186800547.8387518,1.0
2023-11-06,6.915287129183154,7.0038182217542975,6.905450080532863,6.974308013916016,31395300.0,218960492.3892975,1.0
2023-11-07,6.974307817295358,7.023491651991329,6.954634189605713,6.954634189605713,18065560.0,125639361.23037338,1.0
2023-11-08,6.954634283892246,7.02349174721139,6.934960655935878,6.964470863342285,19432364.0,135336132.88386154,1.0
2023-11-09,6.964470768922394,7.023491651991329,6.934960561916068,6.954634189605713,18081424.0,125749689.54715727,1.0
2023-11-10,6.9447974714211,7.190718063762029,6.905450214171055,7.131697177886963,56640395.0,403942145.1759029,1.0
2023-11-13,7.12185996021188,7.308759662247003,7.112023380660712,7.210391521453857,44729641.0,322518224.22407484,1.0
2023-11-14,7.210390832231528,7.239901506176771,7.141533374786377,7.141533374786377,19667532.0,140456336.17767906,1.0
2023-11-15,7.180881304065951,7.210391511735976,7.102186322481202,7.161207675933838,20271830.0,145170784.60122585,1.0
2023-11-16,7.1513703478340656,7.259575532859726,7.13169672047088,7.180881023406982,25364603.0,182140196.34895185,1.0
2023-11-17,7.161207313778879,7.24973840136807,7.141533686641695,7.22022819519043,20978856.0,151472127.59403992,1.0
2023-11-20,7.239902131661193,7.397291155483298,7.22022850368343,7.298923015594482,40663784.0,296801828.93876266,1.0
2023-11-21,7.318596374976453,7.436638138510846,7.30875932682045,7.3677802085876465,56452815.0,415931933.0760598,1.0
2023-11-22,7.367780762904657,7.377617811800753,7.259576039385455,7.279249668121338,31473403.0,229102758.34239912,1.0
2023-11-23,7.308759689331055,7.348106945794122,7.269412432867987,7.308759689331055,26301011.0,192227768.98545265,1.0
2023-11-24,7.357943534851074,7.426801463888633,7.328432859818902,7.357943534851074,53761829.0,395576502.112319,1.0
2023-11-27,7.456311565810263,7.55467969945098,7.318596178713259,7.348106384277344,56767130.0,417130910.3701019,1.0
2023-11-28,7.3382700409371235,7.485822480661501,7.2497384832912415,7.466148853302002,61023319.0,455609183.17653227,1.0
2023-11-29,7.475985629145607,7.515332884899824,7.436638373391389,7.485822677612305,33422140.0,250192213.5463333,1.0
2023-11-30,7.475985630583575,7.9383161203127,7.475985630583575,7.820274353027344,127253614.0,995158173.8942412,1.0
2023-12-01,7.800600879714013,8.066195095896912,7.771090671836078,8.026847839355469,101975912.0,818545128.9035034,1.0
2023-12-04,8.017009918565387,8.056357170826459,7.859620909521095,7.987499713897705,77464007.0,618743733.7498698,1.0
2023-12-05,7.987499713897705,8.154725770535387,7.938315414043241,7.987499713897705,77429978.0,618471927.1221056,1.0
2023-12-06,7.977663736226755,8.105542557753802,7.889133110350447,8.04652214050293,71068066.0,571850766.5517235,1.0
2023-12-07,8.04652197065469,8.194073948779918,7.9678274572395535,8.125216484069824,74309800.0,603783211.8879318,1.0
2023-12-08,8.105541954020387,8.420320928991964,8.08586879577297,8.272768020629883,84289116.0,697304303.3319626,1.0
2023-12-11,8.282605734024866,8.312115942822366,8.115379653984657,8.243258476257324,62558679.0,515687360.9302111,1.0
2023-12-12,8.282605664075742,8.380974276720156,8.194074100318293,8.33178997039795,51234380.0,426874093.4235573,1.0
2023-12-13,8.371136225600937,8.538362284207771,8.203910166994103,8.233420372009277,74838278.0,616175002.6912937,1.0
2023-12-14,8.24325667085817,8.282603920008063,8.036683378293127,8.066193580627441,92134096.0,743171453.7121124,1.0
2023-12-15,8.066194752848434,8.08586884933873,7.820274175395051,7.849784851074219,87457619.0,686523492.7372208,1.0
2023-12-18,7.771089539972855,8.076030968282321,7.761252492742115,7.95798921585083,61998290.0,493381723.2211924,1.0
2023-12-19,7.987499713897705,8.026846966158779,7.889132052301269,7.987499713897705,41964832.0,335194083.59376526,1.0
2023-12-20,7.997337302963367,8.0563577162948,7.869458489928522,7.898968696594238,35765015.0,282506733.9182234,1.0
2023-12-21,7.830111253891253,7.967827115517722,7.771090371361172,7.948153018951416,41120675.0,326833417.14257,1.0
2023-12-22,7.967826801274214,8.085868561678922,7.849784571813245,7.869458198547363,39476439.0,310658186.5380049,1.0
2023-12-25,7.869458777339556,7.918643082320447,7.771090636434071,7.879295825958252,32290440.0,254425929.1103553,1.0
2023-12-26,7.90880603370175,7.977663497807443,7.839948100539763,7.879295825958252,27549200.0,217068296.56848907,1.0
2023-12-27,7.879295928956333,7.94815339396213,7.869458880209048,7.938316345214844,20656597.0,163978601.6016159,1.0
2023-12-28,7.9383161203127,7.957990217249881,7.741579841503772,7.820274353027344,55504827.0,434062975.0573197,1.0
2023-12-29,7.820273897183938,7.957989753379024,7.80060027044982,7.869458198547363,49575692.0,390133835.8580589,1.0
2024-01-02,8.459668757464486,8.459668757464486,7.466149338591688,7.51533317565918,207976805.0,1563014982.3841,1.0
2024-01-03,7.564517051460966,7.948153022611286,7.495659120616025,7.6628851890563965,110261848.0,844923881.9571877,1.0
2024-01-04,7.60386422430769,7.761253242759135,7.416964530368462,7.702232360839844,69365305.0,534267696.8905258,1.0
2024-01-05,7.712069689929393,7.849785086090621,7.623538129297602,7.682559013366699,52363378.0,402284741.6242275,1.0
2024-01-08,7.643211671151126,7.643211671151126,7.357943833505116,7.387454509735107,68357057.0,504984649.0068698,1.0
2024-01-09,7.377617489760063,7.544843561243631,7.348106813416257,7.485822677612305,47653377.0,356724730.2114086,1.0
2024-01-10,7.377617708609647,7.397291337070354,7.230065260626194,7.269412517547607,49327795.0,358584090.4360223,1.0
2024-01-11,7.289086231841284,7.348107117918408,7.141534251176627,7.23006534576416,60661308.0,438585220.7995262,1.0
2024-01-12,7.239901970339926,7.239901970339926,7.062838853429131,7.092349529266357,42623805.0,302302923.327291,1.0
2024-01-15,7.072675403831784,7.121859234689726,7.013654525368505,7.0431647300720215,30735900.0,216478006.82702065,1.0
2024-01-16,7.062838356226448,7.062838356226448,6.85626504707685,7.0431647300720215,56430745.0,397451032.8756881,1.0
2024-01-17,7.013654651977841,7.1021857367427845,6.86610221862793,6.86610221862793,35521944.0,243897298.50837708,1.0
2024-01-18,6.846428394317627,6.866102020258806,6.6201814614659495,6.846428394317627,55035811.0,376798739.1346984,1.0
2024-01-19,6.826756088224897,6.905450607203989,6.738224519845253,6.787408828735352,35282103.0,239474057.39855003,1.0
2024-01-22,6.777571027798536,6.81691828292503,6.462792986786576,6.521813869476318,49850369.0,325114827.9427123,1.0
2024-01-23,6.492302915619153,6.600508097112079,6.462792710065975,6.541487216949463,34890236.0,228234032.79035,1.0
2024-01-24,6.600508110377819,6.659528990659056,6.433282048386185,6.590671062469482,47911354.0,315767974.3715315,1.0
2024-01-25,6.590671116268186,6.757897179624862,6.551323862426175,6.738223552703857,50852881.0,342658080.4770465,1.0
2024-01-26,6.708713727766384,6.836592075485625,6.649692843652206,6.728387355804443,43247597.0,290986584.8237262,1.0
2024-01-29,6.767734679721225,6.807081936191766,6.620182233428547,6.639855861663818,34253450.0,227437970.7647085,1.0
2024-01-30,6.521813755036659,6.639855518344839,6.462792873382568,6.462792873382568,39505231.0,255314125.3681321,1.0
2024-01-31,6.433282241849131,6.472629496553214,6.275893223032799,6.325077056884766,42281658.0,267434744.9428482,1.0
2024-02-01,6.275893796843199,6.482467137454951,6.207035860287176,6.334914684295654,47060560.0,298124632.5951767,1.0
2024-02-02,6.344751025441328,6.443119636547823,5.980788665327456,6.167688369750977,46064232.0,284109827.9679108,1.0
2024-02-05,6.108667271473587,6.2463826655408665,5.833236014282744,6.098830223083496,69211842.0,422111273.7848797,1.0
2024-02-06,6.059483022575413,6.639855749276886,5.990625559445603,6.580834865570068,76909326.0,506127574.02829456,1.0
2024-02-07,6.620182066534214,6.856265599405812,6.590671390397122,6.718550205230713,87792563.0,589838742.1613803,1.0
2024-02-08,6.777571678161621,6.885776874670791,6.6201826425528845,6.777571678161621,70366049.0,476910940.80653286,1.0
2024-02-19,6.885775646199985,6.905449272141164,6.708713012729375,6.846428394317627,55051910.0,376908959.7854185,1.0
2024-02-20,6.807081635831523,6.954634075613497,6.767734381097166,6.895613193511963,31330454.0,216042691.96111965,1.0
2024-02-21,6.875939292911035,7.01365515745962,6.816918409128621,6.915287017822266,41803849.0,289085614.2847023,1.0
2024-02-22,6.8956132241166825,6.99398136138916,6.866102548406801,6.99398136138916,28223455.0,197394318.2240057,1.0
2024-02-23,6.964470768922394,7.0136550726746485,6.8759392097908485,6.954634189605713,39430068.0,274221699.0112781,1.0
2024-02-26,6.934960842132568,7.003818307300464,6.8661029079083695,6.934960842132568,34540713.0,239538492.1143393,1.0
2024-02-27,6.954634395016655,7.023491859436035,6.9054500898117,7.023491859436035,34645847.0,243334824.3677664,1.0
2024-02-28,7.043164692441389,7.220227795941447,6.944796562194824,6.944796562194824,60251862.0,418436924.08343697,1.0
2024-02-29,6.9152867815507895,7.082512378692627,6.895613154295498,7.082512378692627,37053165.0,262429499.7822404,1.0
2024-03-01,7.072675448284976,7.200554253620614,7.033328195728818,7.141533374786377,35946999.0,256716693.0819125,1.0
2024-03-04,7.12185996021188,7.259575826378578,7.092349752502082,7.210391521453857,37927114.0,273469341.2188139,1.0
2024-03-05,7.180881304065951,7.259575816594407,7.13169699920752,7.161207675933838,33325406.0,238650153.2508116,1.0
2024-03-06,7.151369953397292,7.200554253620614,7.062838400617812,7.141533374786377,23090380.0,164900719.40649986,1.0
2024-03-07,7.121859600979355,7.151370276256903,6.964470583649154,6.98414421081543,29916439.0,208940724.2500629,1.0
2024-03-08,6.984143931907954,7.053001858768253,6.944796679146712,7.003817558288574,19261065.0,134900985.23833752,1.0
2024-03-11,6.984144343271569,7.131696784345138,6.984144343271569,7.092349529266357,29547334.0,209560020.38597584,1.0
2024-03-12,7.121860044165895,7.210391606451503,7.121860044165895,7.17104434967041,31218799.0,223871392.17244625,1.0
2024-03-13,7.190717681511931,7.505496191835335,7.190717681511931,7.426801681518555,66505182.0,493920797.5072975,1.0
2024-03-14,7.475985955480167,7.52517026184803,7.239902410649572,7.279249668121338,41763820.0,304009272.8744793,1.0
2024-03-15,7.230065361753476,7.328433505432891,7.180881524441922,7.279249668121338,29766768.0,216679736.0850449,1.0
2024-03-18,7.249738609616139,7.328433120425365,7.180881147186207,7.289085865020752,34987281.0,255025295.39260912,1.0
2024-03-19,7.289085655642437,7.298922703739164,7.210391147093703,7.22022819519043,23238087.0,167784290.9596882,1.0
2024-03-20,7.220228765946126,7.249738974456535,7.161207879869002,7.23006534576416,23414080.0,169285328.4109497,1.0
2024-03-21,7.230065122078908,7.239902170648908,7.092349725492952,7.11202335357666,30496885.0,216894558.3313417,1.0
2024-03-22,7.112023524232908,7.151370781344479,6.993981752898194,7.033329010009766,24277199.0,170749528.00848007,1.0
2024-03-25,7.003818307300464,7.053002613040078,6.925123793362125,6.934960842132568,25030802.0,173587631.71717358,1.0
2024-03-26,6.925122936145511,6.98414381429345,6.895612731599664,6.944796562194824,21330611.0,148136753.9423151,1.0
2024-03-27,6.934960064356698,7.003817521802031,6.905449390411377,6.905449390411377,19365600.0,133728170.71495056,1.0
2024-03-28,6.905449969330386,7.0234917368952114,6.875939292911035,6.915287017822266,25312100.0,175040436.52381897,1.0
2024-03-29,6.915286750261602,6.964470583649154,6.905449702150329,6.98414421081543,10644480.0,74342583.36914062,1.0
2024-04-01,6.974308124342408,7.043165589759506,6.934960867230837,7.033329010009766,21690320.0,152555156.89239502,1.0
2024-04-02,7.023491148080161,7.023491148080161,6.8956128118004365,6.905449390411377,29311626.0,202409949.89366627,1.0
2024-04-03,6.90545016487754,6.98414467881588,6.885776536392955,6.934960842132568,22576852.0,156569584.55862236,1.0
2024-04-08,6.934960493531253,6.954634121026899,6.738223749518514,6.75789737701416,33110189.0,223755259.3955431,1.0
2024-04-09,6.738223217113022,6.856264972760096,6.689039386788196,6.846428394317627,25147956.0,172173680.01745033,1.0
2024-04-10,6.846429020064304,6.856265599405812,6.698876577491413,6.718550205230713,21240797.0,142707361.0436139,1.0
2024-04-11,6.689039801867546,6.787407937677543,6.689039801867546,6.69887638092041,14788340.0,99065261.53902054,1.0
2024-04-12,6.698876463948645,6.797244600977851,6.64969262996218,6.659529209136963,23206880.0,154546895.2129364,1.0
2024-04-15,6.630018635238936,6.748060870541639,6.590671379823463,6.669366359710693,35363498.0,235852123.9228964,1.0
2024-04-16,6.6398561279465484,6.767734951132368,6.55132456280924,6.570998191833496,38489570.0,252914894.8744488,1.0
2024-04-17,6.570997762657822,6.757897460709312,6.570997762657822,6.718550205230713,34360020.0,230849519.4227314,1.0
2024-04-18,6.689040136345126,7.033328863424002,6.689040136345126,6.87593936920166,51075665.0,351193175.7816553,1.0
2024-04-19,6.836591842354152,6.934960448246319,6.807081635831523,6.895613193511963,26643734.0,183724883.6948233,1.0
2024-04-22,6.846428431948261,6.974307235796916,6.846428431948261,6.944796562194824,27407088.0,190336650.52217105,1.0
2024-04-23,6.9152871119893,6.984144576144952,6.875939386542262,6.925123691558838,26719946.0,185038931.0817728,1.0
2024-04-24,6.934960561916068,6.993981444985003,6.895613306536776,6.954634189605713,23964500.0,166664331.0368061,1.0
2024-04-25,6.964470269227418,7.200554253620614,6.934960064338424,7.141533374786377,44895577.0,320623261.52579165,1.0
2024-04-26,7.102186389742714,7.161207743754313,7.033328925156345,7.072676181793213,32985570.0,233296255.28187275,1.0
2024-04-29,7.023491496926754,7.102186005947918,6.984144242416171,7.082512378692627,41824567.0,296223013.51095915,1.0
2024-04-30,7.072676079764942,7.1316969638688255,7.023491775150227,7.062839031219482,34184662.0,241440765.04264545,1.0
2024-05-06,7.10218633205325,7.259575826378578,7.092349752502082,7.210391521453857,49663991.0,358096819.6279607,1.0
2024-05-07,7.279249652023251,7.289086231841284,7.180881508561376,7.23006534576416,33520514.0,242355506.6436024,1.0
2024-05-08,7.259576047516795,7.348107142399277,7.200555161243038,7.328433513641357,50289340.0,368542084.63490486,1.0
2024-05-09,7.308759151578312,7.416964333418539,7.289085524794294,7.3972907066345215,46203700.0,341782200.62212944,1.0
2024-05-10,7.397290871962504,7.505496056221095,7.308759314927631,7.318596363067627,41344660.0,302584878.3082676,1.0
2024-05-13,7.239901740060246,7.348106453557085,7.220228113146614,7.259575366973877,33782520.0,245246750.0263024,1.0
2024-05-14,7.210391390467732,7.475985600312509,7.210391390467732,7.387454509735107,46755598.0,345404853.30046177,1.0
2024-05-15,7.387454671313486,7.397291250901103,7.279249481511901,7.308759689331055,28009508.0,204714762.9883957,1.0
2024-05-16,7.318596615125038,7.367780450350125,7.180881219815992,7.200554847717285,26075507.0,187758118.335536,1.0
2024-05-17,7.200554857942374,7.269412321166534,7.190717809449615,7.249738693237305,29447440.0,213486245.184784,1.0
2024-05-20,7.23006495238748,7.28908583525337,7.141533862616788,7.190717697143555,29703952.0,213592733.3215027,1.0
2024-05-21,7.171044171337202,7.259575731421162,7.151370543435911,7.200554847717285,27390280.0,197225213.4343338,1.0
2024-05-22,7.200554982928833,7.230065190806768,6.9939816515581,7.023491859436035,45612844.0,320361438.5197258,1.0
2024-05-23,7.01365515745962,7.053002413314563,6.905449969330386,6.915287017822266,31735134.0,219457560.15905,1.0
2024-05-24,6.925123597257857,7.01365515745962,6.905449969330386,6.915287017822266,25606976.0,177079588.69848633,1.0
2024-05-27,6.925123430770287,7.013654988843656,6.885776175861296,6.99398136138916,26795827.0,187409514.6010084,1.0
2024-05-28,6.993981539804982,7.02349174721139,6.944797235385917,6.964470863342285,21709160.0,151192812.2876358,1.0
2024-05-29,6.954633646905227,7.062838356226448,6.9349600207508,7.0431647300720215,27969840.0,196996190.59375763,1.0
2024-05-30,7.033328151522931,7.180880582209251,7.003817477763169,7.0431647300720215,25635804.0,180557190.55983925,1.0
2024-05-31,7.0628387194805295,7.121859600979355,6.98414421081543,6.98414421081543,29419771.0,205471923.3131657,1.0
2024-06-03,6.984144576144952,6.993981624770785,6.875939386542262,6.925123691558838,34828496.0,241191642.79096225,1.0
2024-06-04,6.905449979473182,6.984144491298653,6.875939303010485,6.964470863342285,22498612.0,156690927.7396431,1.0
2024-06-05,6.974349332763049,7.181801689392096,6.964470895855706,7.083014965057373,37766177.0,267498396.8640056,1.0
2024-06-06,7.102772469777577,7.310224831075496,7.073136216284045,7.231195449829102,72170603.0,521879736.0250225,1.0
2024-06-07,7.260831531632936,7.389254516979314,7.241074185506746,7.339860916137695,62213076.0,456635325.00510406,1.0
2024-06-11,7.329981855337049,7.428768577568226,7.280588258695337,7.379374980926514,39085928.0,288429719.1894951,1.0
2024-06-12,7.349739571446358,7.379375354088215,7.270710189665044,7.280588626861572,35815321.0,260756618.73999643,1.0
2024-06-13,7.290467664123256,7.329982355713169,7.211438280943429,7.310225009918213,35146610.0,256929627.4358416,1.0
2024-06-14,7.300345859997868,7.468283529225733,7.27071007781193,7.438647747039795,54706713.0,406943967.40540266,1.0
2024-06-17,7.409011093122492,7.705371725268288,7.409011093122492,7.6757354736328125,62652286.0,480902374.1543884,1.0
2024-06-18,7.685614528662954,7.804158595374938,7.616463587554838,7.636220932006836,52318420.0,399515013.9335251,1.0
2024-06-19,7.744887246290713,7.774523030060948,7.567070659460141,7.646100044250488,48102928.0,367799799.90937805,1.0
2024-06-20,7.636220932006836,7.7350076542668225,7.596706243102841,7.636220932006836,34705260.0,265017032.8627396,1.0
2024-06-21,7.636220932006836,7.725129217566948,7.557191554198846,7.636220932006836,37896242.0,289384076.4047966,1.0
2024-06-24,7.507798571154126,7.557192171847176,7.359618240127262,7.409011840820312,53879001.0,399190156.3805695,1.0
2024-06-25,7.359617676549877,7.5374342485863695,7.359617676549877,7.49791955947876,36911907.0,276762509.47296095,1.0
2024-06-26,7.488040725513958,7.61646370190617,7.399132438619003,7.4781622886657715,39715500.0,296998954.37550545,1.0
2024-06-27,7.478162663858019,7.596706738297349,7.438647972378242,7.567070484161377,36345460.0,275028657.599268,1.0
2024-06-28,7.537434587122208,7.764644295221969,7.537434587122208,7.7251296043396,49485479.0,382281738.8078256,1.0
2024-07-01,7.744887374556069,7.902946146754422,7.715251119242729,7.863431453704834,48946039.0,384883822.6068635,1.0
2024-07-02,7.833795023297568,7.942460662281288,7.7646445475325265,7.784401893615723,37348637.0,290736800.58676624,1.0
2024-07-03,7.784401604995545,7.823916295696861,7.5571918979368435,7.6065850257873535,49438665.0,376059408.8839173,1.0
2024-07-04,7.596706738297349,7.646099867120929,7.478162663858019,7.567070484161377,31887762.0,241296942.6361628,1.0
2024-07-05,7.507798176443559,7.616463809623974,7.438647704371509,7.576949119567871,35671222.0,270279034.1268101,1.0
2024-07-08,7.567070863751355,7.64610025067529,7.418890998795128,7.4682841300964355,30749596.0,229646719.81367683,1.0
2024-07-09,7.458405049399561,7.606584901583817,7.389254106275249,7.576949119567871,32391034.0,245425216.5481929,1.0
2024-07-10,7.557191952194444,7.754765407119521,7.527555698429546,7.655978679656982,41140600.0,314971556.46829605,1.0
2024-07-11,7.6954936452706,7.735008337665774,7.567070659460141,7.646100044250488,40273658.0,307936418.21592903,1.0
2024-07-12,7.636221429777125,7.675736121256901,7.537434701077684,7.567070484161377,27005977.0,204356131.452641,1.0
2024-07-15,7.5275557926816,7.636221429777125,7.507798446941712,7.567070484161377,20640577.0,156188700.99276018,1.0
2024-07-16,7.547313269565086,7.814037677214372,7.537434832049632,7.784401893615723,49216237.0,383118968.4994402,1.0
2024-07-17,7.774522835457951,7.863431126647786,7.695493452645777,7.823916435241699,42696430.0,334053300.40314674,1.0
2024-07-18,7.804158960399248,7.814037397561167,7.685614888142596,7.794280052185059,37777528.0,294448632.9112625,1.0
2024-07-19,7.774522558811028,7.922703352889439,7.764644121837157,7.833794593811035,46328946.0,362931446.7117634,1.0
2024-07-22,7.823916212260781,7.962218099292773,7.764644176840899,7.883188247680664,45311394.0,357198248.66682816,1.0
2024-07-23,7.883188598100904,7.902945944119111,7.646099974830142,7.665857791900635,33709913.0,258415399.2353425,1.0
2024-07-24,7.636221279339476,7.715250660742107,7.586827680436696,7.6065850257873535,24532708.0,186610129.3148136,1.0
2024-07-25,7.60658528279373,7.725129829955254,7.567070590757317,7.665857791900635,27925053.0,214069485.1292882,1.0
2024-07-26,7.68561456826603,7.705371912819834,7.320102987442267,7.49791955947876,64144248.0,480948411.7072563,1.0
2024-07-29,7.478162174209939,7.547312644245639,7.349739199783285,7.379374980926514,36685339.0,270714872.7834077,1.0
2024-07-30,7.379375437083765,7.458405290806198,7.2213166717434545,7.448526382446289,28791946.0,214457569.3829689,1.0
2024-07-31,7.418890480482238,7.636221279339476,7.3991326640793105,7.6065850257873535,38667208.0,294125405.36180496,1.0
2024-08-01,7.586827680436696,7.685614878242255,7.5571918979368435,7.6065850257873535,23924494.0,181983697.80993927,1.0
2024-08-02,7.58682798349775,7.774523007352742,7.547313291217993,7.7152509689331055,32745569.0,252640282.95551583,1.0
2024-08-05,7.715250812736678,7.853552232915895,7.567070484161377,7.567070484161377,37397438.0,282989049.2730551,1.0
2024-08-06,7.606584951442787,7.675735895020362,7.55719182407503,7.626342296600342,23764470.0,181235982.71728992,1.0
2024-08-07,7.616464008817652,7.67573604545195,7.557191972183353,7.586827754974365,16902137.0,128233602.10997915,1.0
2024-08-08,7.567070261127675,7.675735895020362,7.54731291597012,7.626342296600342,18253000.0,139203625.93984604,1.0
2024-08-09,7.616463626801588,7.665857223712225,7.49791955947876,7.49791955947876,19996217.0,149930026.5598817,1.0
2024-08-12,7.478162590004288,7.646099791608664,7.458405244459522,7.586827754974365,22166582.0,168174039.55051517,1.0
2024-08-13,7.557191774539819,7.606584901583817,7.507798176443559,7.576949119567871,20288161.0,153722363.62660122,1.0
2024-08-14,7.567070254932635,7.586827600074015,7.428768838942973,7.438647747039795,17547211.0,130527521.5719819,1.0
2024-08-15,7.448526632728165,7.576949619408515,7.448526632728165,7.507798671722412,19372525.0,145445017.46290922,1.0
2024-08-16,7.517677158310727,7.5670702858397885,7.468283559729399,7.557191848754883,15775421.0,119217882.9918766,1.0
2024-08-19,7.527556170289388,7.616464466104966,7.458405692257095,7.4682841300964355,18917950.0,141284625.75895786,1.0
2024-08-20,7.468283879020601,7.497920133646888,7.3398608940605,7.409011840820312,23186574.0,171789601.3140564,1.0
2024-08-21,7.359618390433054,7.45840559383669,7.349739952724068,7.369497299194336,14289174.0,105304029.20071793,1.0
2024-08-22,7.3694969719169,7.428769008695447,7.310224935138351,7.329982280731201,19675172.0,144218662.13033867,1.0
2024-08-23,7.290467664123256,7.369497047303083,7.26083140990468,7.310225009918213,14984900.0,109542990.75112344,1.0
2024-08-26,7.329982529853965,7.329982529853965,7.171923759739257,7.201559543609619,20193814.0,145426953.93357754,1.0
2024-08-27,7.2015590487554455,7.329982026175224,7.171923266921502,7.270709991455078,18907907.0,137473908.3424034,1.0
2024-08-28,7.2608308591548765,7.2608308591548765,6.994106475628444,7.073135852813721,35614338.0,251905050.9820261,1.0
2024-08-29,7.083015615261157,7.26083173538675,7.033622013033453,7.162045001983643,29455267.0,210959947.7994437,1.0
2024-08-30,7.162044344525151,7.270709976819476,7.073136057097772,7.083014965057373,41847199.0,296404336.76273394,1.0
2024-09-02,7.092893420043975,7.181801707697975,6.964470913607625,7.013864040374756,32198836.0,225838257.9623241,1.0
2024-09-03,7.023743152618408,7.122529880077768,6.984228461634665,7.023743152618408,23538812.0,165330569.60577202,1.0
2024-09-04,7.01386446997189,7.053379162226762,6.954592431589582,6.964471340179443,18496524.0,128818511.29094124,1.0
2024-09-05,6.964471265078049,7.023743302821197,6.944713919163666,6.984228610992432,17789323.0,124244698.66678572,1.0
2024-09-06,6.964470473039235,6.994106253014319,6.865683283649673,6.8755621910095215,15740100.0,108222036.44270895,1.0
2024-09-09,6.865683445365098,6.944713292948675,6.717503599894963,6.766896724700928,30333600.0,205264338.4883881,1.0
2024-09-10,6.7866549030330106,6.79653381183984,6.638474568296665,6.737261772155762,22763900.0,153366353.25517654,1.0
2024-09-11,6.71750374631933,6.796533124573305,6.677989057192343,6.727382183074951,16309494.0,109720199.35056782,1.0
2024-09-12,6.727382528657536,6.786654565392794,6.510051727294922,6.510051727294922,32633160.0,212443559.62509155,1.0
2024-09-13,6.529808942725991,6.529808942725991,6.401385963499759,6.480415344238281,19179483.0,124291015.92775726,1.0
2024-09-18,6.480415294260327,6.500172639292586,6.342113879034515,6.4310221672058105,18224807.0,117204137.81004764,1.0
2024-09-19,6.470536888411512,6.569323614048245,6.361871254684975,6.549566268920898,25481959.0,166895779.1324253,1.0
2024-09-20,6.539687784704285,6.559445131112215,6.4112647975266,6.500173091888428,27617838.0,179520727.4237337,1.0
2024-09-23,6.510051547334847,6.549566237399364,6.401385914131291,6.4310221672058105,19807671.0,127383571.28171968,1.0
2024-09-24,6.480415140505156,6.727382183074951,6.450779359186042,6.727382183074951,35854605.0,241207630.8581901,1.0
2024-09-25,6.776775887312359,6.994106680951973,6.766896979348065,6.826169013977051,51540882.0,351826771.6614475,1.0
2024-09-26,6.796533759048782,7.063258171081543,6.776776412640885,7.063258171081543,42709299.0,301666805.1429148,1.0
2024-09-27,7.152165500100547,7.478162399879455,7.083015027978084,7.320103168487549,73462664.0,537754279.5119362,1.0
2024-09-30,7.525618374495246,7.873107258385185,7.356837937727405,7.84332275390625,128844955.0,1010572567.2775269,1.0
2024-10-08,8.617726722333467,8.617726722333467,7.753968069353782,8.071672439575195,169662066.0,1369456622.1735878,1.0
2024-10-09,7.942604701165707,7.982317686798245,7.346909443261505,7.386622428894043,126788816.0,936541111.99852,1.0
2024-10-10,7.54547520776477,7.684470672884913,7.237699298290649,7.336981773376465,92553830.0,679065763.7661839,1.0
2024-10-11,7.327053565129582,7.336981575662535,7.039134158431357,7.088775157928467,59404480.0,421105002.0936585,1.0
2024-10-14,7.0887751165043165,7.178129577859602,6.979564634199155,7.108631610870361,65313480.0,464289468.5439491,1.0
2024-10-15,7.138416547645668,7.257555513149611,7.019277582141725,7.128488063812256,73037637.0,520647923.5635524,1.0
2024-10-16,7.098703777398048,7.217842746564987,7.049062303537067,7.138416767120361,46362219.0,330952841.4705062,1.0
2024-10-17,7.18805757922009,7.217842557439474,6.999421119689941,6.999421119689941,49892937.0,349221676.9611597,1.0
2024-10-18,6.999421221341007,7.2972686407795795,6.949779748059823,7.17812967300415,70557215.0,506468838.6360336,1.0
2024-10-21,7.18805758833454,7.207914556116753,7.068918622138272,7.108631610870361,60066258.0,426988900.3654947,1.0
2024-10-22,7.118560147889091,7.217842620460284,7.108631663923885,7.197986125946045,42748394.0,307702346.91847515,1.0
2024-10-23,7.207914792472997,7.346910257593139,7.197986308256323,7.336981773376465,54114296.0,397035603.4310989,1.0
2024-10-24,7.346910041338209,7.466049007934354,7.297268568548396,7.327053546905518,46340507.0,339539376.17975,1.0
2024-10-25,7.307197011206305,7.376694504620159,7.257555538696836,7.346909999847412,43034061.0,316167373.0949435,1.0
2024-10-28,7.346909675824041,7.505761623382568,7.317124698948745,7.505761623382568,51754653.0,388458088.3188815,1.0
2024-10-29,7.565331310575095,7.5951162882648,7.366766370697596,7.406479358673096,53423310.0,395678642.786994,1.0
2024-10-30,7.376694504620159,7.43626398758182,7.257555538696836,7.346909999847412,41694927.0,306328876.11920786,1.0
2024-10-31,7.346910083054499,7.386623072145373,7.287340599418186,7.307197093963623,42883860.0,313360817.16994286,1.0
2024-11-01,7.307197351823842,7.396551343723396,7.277412372246532,7.297268867492676,51131822.0,373122652.8187771,1.0
2024-11-04,7.27741224670396,7.376694721221959,7.267484235960251,7.356838226318359,35452107.0,260815415.9811287,1.0
2024-11-05,7.366766209127171,7.485905170440674,7.29726824498622,7.485905170440674,61516189.0,460504357.3009057,1.0
2024-11-06,7.485905252094562,7.52561823963224,7.406479277019207,7.446192264556885,51833738.0,385963978.93866825,1.0
2024-11-07,7.366766316144291,7.664613723754883,7.35683783251586,7.664613723754883,70606229.0,541169471.77598,1.0
2024-11-08,7.744039953750766,7.81353744352173,7.595116017444763,7.654685497283935,69333296.0,530724575.3700943,1.0
2024-11-11,7.614972725861195,7.714255195064726,7.52561826686994,7.664613723754883,51582921.0,395363164.207964,1.0
2024-11-12,7.664613723754883,7.833394158108962,7.614972725861195,7.664613723754883,70496587.0,540329108.1980801,1.0
2024-11-13,7.634828963875115,7.7738244161026175,7.555402991173685,7.67454195022583,46144000.0,354134063.7512207,1.0
2024-11-14,7.674542095895128,7.694398589447378,7.475977160372623,7.485905170440674,39929455.0,298908113.6373782,1.0
2024-11-15,7.466048840636345,7.555403300289299,7.406479358673096,7.406479358673096,34894723.0,258447045.6261153,1.0
2024-11-18,7.406478921710312,7.555402854540396,7.356837452961574,7.386622428894043,44776864.0,330749787.91793823,1.0
2024-11-19,7.406479372841058,7.515690326690674,7.396550889120111,7.515690326690674,35698492.0,268298811.0018444,1.0
2024-11-20,7.475977176881656,7.63482912565045,7.475977176881656,7.595116138458252,38833608.0,294945762.8353615,1.0
2024-11-21,7.585187534096829,7.714254977123108,7.585187534096829,7.654685497283935,32139731.0,246019532.7723069,1.0
2024-11-22,7.654685542957783,7.654685542957783,7.39655065536499,7.39655065536499,42247199.0,312483547.4507852,1.0
2024-11-25,7.406478921710312,7.456120390459051,7.297267974512767,7.386622428894043,34839393.0,257345441.7428541,1.0
2024-11-26,7.376694380983391,7.525618322599595,7.356837886995641,7.406479358673096,32973774.0,244219576.5085516,1.0
2024-11-27,7.386622622958827,7.535546559701509,7.317124659567937,7.525618076324463,35116734.0,264275128.17187783,1.0
2024-11-28,7.525617980114096,7.545474473198191,7.436263524527599,7.456120491027832,29288557.0,218379010.00033665,1.0
2024-11-29,7.436263740300318,7.5355466820177535,7.416407246640062,7.466048717498779,38682374.0,288804488.7925081,1.0
2024-12-02,7.446192183336173,7.505761663992924,7.356837725642971,7.485905170440674,51168443.0,383042112.0170989,1.0
2024-12-03,7.4859049537503966,7.4859049537503966,7.416406991621163,7.475976943969727,35906916.0,268439276.1450577,1.0
2024-12-04,7.45612083035055,7.49583381832605,7.386622864685346,7.406479358673096,32545567.0,241048070.20181227,1.0
2024-12-05,7.386622428894043,7.406478921710312,7.356837452961574,7.386622428894043,24106907.0,178068619.9374628,1.0
2024-12-06,7.366766035441335,7.46604850086181,7.366766035441335,7.456120491027832,32525536.0,242514315.45126343,1.0
2024-12-09,7.446192305492992,7.555403258530079,7.396550834089909,7.42633581161499,40735459.0,302515197.97427416,1.0
2024-12-10,7.565331003640817,7.605043990005115,7.426335551365775,7.436263561248779,46203816.0,343583753.3114433,1.0
2024-12-11,7.50576168056773,7.644757135740424,7.495833670477756,7.595116138458252,63061581.0,478960031.5697923,1.0
2024-12-12,7.595116232020489,7.674542207383314,7.515690256657665,7.664613723754883,59832976.0,458596648.9826965,1.0
2024-12-13,7.63482919206893,7.7142551671442865,7.426335770788046,7.446192264556885,98620589.0,734347866.9378438,1.0
2024-12-16,7.446192429625391,7.475977407647005,7.3369814747676925,7.366766452789307,53011583.0,390523951.2536559,1.0
2024-12-17,7.366766439431399,7.376694449809825,7.257555484771728,7.257555484771728,42423348.0,307889801.95977974,1.0
2024-12-18,7.277412325460767,7.307197304846593,7.197986344986813,7.20791482925415,35659529.0,257030847.8833184,1.0
2024-12-19,7.158273136917567,7.197986125946045,7.108631663923885,7.197986125946045,39909335.0,287266839.6257329,1.0
2024-12-20,7.188057463717845,7.217842441458625,7.138416465371425,7.168200969696045,24676372.0,176885193.69898033,1.0
2024-12-23,7.168200969696045,7.168200969696045,7.168200969696045,7.168200969696045,0.0,0.0,1.0
2024-12-24,7.168200969696045,7.168200969696045,7.168200969696045,7.168200969696045,0.0,0.0,1.0
2024-12-25,7.168200969696045,7.168200969696045,7.168200969696045,7.168200969696045,0.0,0.0,1.0
2024-12-26,7.168200969696045,7.168200969696045,7.168200969696045,7.168200969696045,0.0,0.0,1.0
2024-12-27,7.168200969696045,7.168200969696045,7.168200969696045,7.168200969696045,0.0,0.0,1.0
2024-12-30,7.168200969696045,7.168200969696045,7.168200969696045,7.168200969696045,0.0,0.0,1.0
2024-12-31,7.168200969696045,7.168200969696045,7.168200969696045,7.168200969696045,0.0,0.0,1.0
2025-01-02,7.168200969696045,7.168200969696045,7.168200969696045,7.168200969696045,0.0,0.0,1.0
2025-01-03,7.168200969696045,7.168200969696045,7.168200969696045,7.168200969696045,0.0,0.0,1.0
2025-01-06,7.168200969696045,7.168200969696045,7.168200969696045,7.168200969696045,0.0,0.0,1.0
2025-01-07,6.8802815716208485,6.890210055342641,6.453366713323136,6.820712089538574,123987416.0,845682467.2618484,1.0
2025-01-08,6.810783886339069,6.969635834059489,6.622146961712996,6.681716442108154,73689763.0,492374101.0521531,1.0
2025-01-09,6.78099892665991,6.969635851765197,6.761142433144414,6.790927410125732,69407922.0,471344159.9896689,1.0
2025-01-10,6.771070798749413,6.790927291919276,6.612218379974365,6.612218379974365,45984575.0,304060052.0103097,1.0
2025-01-13,6.572505474090576,6.701572917982711,6.522864477266318,6.572505474090576,37712587.0,247866184.4996171,1.0
2025-01-14,6.612218455679424,6.810783863067627,6.602290445688893,6.810783863067627,45898043.0,312601650.61078405,1.0
2025-01-15,6.790927574340781,6.810784068336438,6.691644630946338,6.711501598358154,29109033.0,195365321.50616023,1.0
2025-01-16,6.7412858817400165,6.751214365120581,6.661859908360081,6.701572895050049,33400784.0,223837788.7278213,1.0
2025-01-17,6.66186021804653,6.830640656032975,6.6519317342044255,6.780999183654785,31523367.0,213759925.8930502,1.0
2025-01-20,6.830640397156725,6.860424900721895,6.7710709166102365,6.790927410125732,22970878.0,155993565.04485416,1.0
2025-01-21,6.850497287512436,6.870353782178192,6.7809993194742,6.83064079284668,26466187.0,180781016.5533085,1.0
2025-01-22,6.830640614525835,6.830640614525835,6.751214637936306,6.80085563659668,21368760.0,145325851.8930817,1.0
2025-01-23,6.850497067287791,6.890210055342641,6.810784079232942,6.820712089538574,32311827.0,220389669.0539789,1.0
2025-01-24,6.820712007843178,6.870353479025237,6.800855514053585,6.860424995422363,25798560.0,176989085.86990356,1.0
2025-01-27,6.870353830777751,6.969636304808839,6.870353830777751,6.919994831085205,29701560.0,205534641.67516708,1.0
2025-02-05,6.919994668910307,7.039134108371675,6.860425185887706,6.999421119689941,35664408.0,249630210.5764389,1.0
2025-02-06,6.999420899948657,7.019277393666144,6.93985094538004,6.989492416381836,37921313.0,265050729.632742,1.0
2025-02-07,6.969636356255312,7.039134325298162,6.959708345487009,7.009349346160889,38529423.0,270066185.9130063,1.0
2025-02-10,7.009349304268669,7.049062293936897,6.989492809434555,7.029205799102783,30096380.0,211553648.82800105,1.0
2025-02-11,7.039133887383632,7.039133887383632,6.9597079125136805,6.989492416381836,22041660.0,154060015.41446686,1.0
2025-02-12,6.999420982082354,6.999420982082354,6.90013803891374,6.949779510498047,44330288.0,308085727.23687744,1.0
2025-02-13,6.959708076787771,6.969636087172774,6.910066604614258,6.910066604614258,25058446.0,173155530.86812973,1.0
2025-02-14,6.93985094538004,6.989492416381836,6.870353454076909,6.989492416381836,40973657.0,286385064.8729305,1.0
2025-02-17,6.989492635811424,7.029205624493157,6.959708131008208,6.999421119689941,34000917.0,237986736.5386248,1.0
2025-02-18,6.97956461275309,6.999421107058121,6.880281667811763,6.890210151672363,37828790.0,260648312.883482,1.0
2025-02-19,6.900137901306152,6.910066384791476,6.840568420642658,6.900137901306152,29703738.0,204959888.3842678,1.0
2025-02-20,6.900137901306152,6.989492359009469,6.890209891236978,6.900137901306152,31845748.0,219740052.7702446,1.0
2025-02-21,6.900138276537806,6.939851265806407,6.711501814220039,6.721429824829102,94100473.0,632489725.7527256,1.0
2025-02-24,6.731358010487779,6.800855501919276,6.711501516733615,6.751214504241943,37627980.0,254034564.34132576,1.0
2025-02-25,6.731358267223335,6.7710712562463256,6.68171679423651,6.741286277770996,29986563.0,202148005.66941547,1.0
2025-02-26,6.731358010487779,6.771070997996107,6.72142952690262,6.751214504241943,37838477.0,255455674.7408252,1.0
2025-02-27,6.790927585205517,6.890210055342641,6.7611426074563,6.820712089538574,52681392.0,359324607.3081207,1.0
2025-02-28,6.810784068336438,6.85049705632775,6.711501598358154,6.711501598358154,37166635.0,249443930.2080941,1.0
2025-03-03,6.711501557425495,6.80085554315291,6.711501557425495,6.731358051300049,27877116.0,187650849.2336254,1.0
2025-03-04,6.76114239286654,6.820711873058157,6.751214382876009,6.810783863067627,31870260.0,217061452.51976967,1.0
2025-03-05,6.790927491750272,6.810783985504435,6.72142952690262,6.751214504241943,32239682.0,217657008.7305479,1.0
2025-03-06,6.771070876273216,6.820711873058157,6.731357889478804,6.810783863067627,36658449.0,249672772.8942876,1.0
2025-03-07,6.790927709005093,6.820712213881125,6.75121472022627,6.761142730712891,34267731.0,231689020.3486748,1.0
2025-03-10,6.790927369670421,6.820711873058157,6.741285899469334,6.810783863067627,41336537.0,281534219.1546979,1.0
2025-03-11,6.771071267609303,6.850497245788574,6.741286289083989,6.850497245788574,36840205.0,252373722.8867865,1.0
2025-03-12,6.890210284019102,6.989492757451273,6.840568810594929,6.9398512840271,44841564.0,311193785.50318336,1.0
2025-03-13,6.94977960614061,7.019277572631836,6.93985112232065,7.019277572631836,35808962.0,251353043.86582565,1.0
2025-03-14,7.029205799102783,7.049062293936897,6.979564798725589,7.029205799102783,41470569.0,291505164.1068921,1.0
2025-03-17,7.029205583035631,7.088775065706896,7.009349088811876,7.019277572631836,35743501.0,250893554.9366436,1.0
2025-03-18,7.039134066855591,7.058990561079346,6.98949259458812,7.019277572631836,25789841.0,181026052.533041,1.0
2025-03-19,7.019277736189012,7.019277736189012,6.910066778705536,6.9398512840271,35707691.0,247806065.2359929,1.0
2025-03-20,6.939850888415148,6.949779371900473,6.880281407751654,6.900137901306152,25860768.0,178442865.4336853,1.0
2025-03-21,6.900137983001549,6.929922960394015,6.84056850163277,6.860424995422363,30140536.0,206776886.5498276,1.0
2025-03-24,6.850496931721758,6.890209918990719,6.761142473658522,6.771070957183838,38456776.0,260393559.08052444,1.0
2025-03-25,6.780999278173625,6.8604252563528965,6.761142783628808,6.850497245788574,29858548.0,204545900.837246,1.0
2025-03-26,6.84056880347147,6.890210276843949,6.810784298180924,6.83064079284668,24393370.0,166622348.1970024,1.0
2025-03-27,6.949779412923306,6.989492400266718,6.820711967349139,6.880281448364258,75173989.0,517218201.9162388,1.0
2025-03-28,6.890210325583969,7.068918778839926,6.870353830777751,6.919994831085205,67573481.0,467608139.2384343,1.0
2025-03-31,6.949779316848067,6.989492303642479,6.780998886263745,6.810783863067627,52388493.0,356806702.73483133,1.0
2025-04-01,6.8107842271414825,6.999421161206691,6.8107842271414825,6.979564666748047,65610190.0,457930563.9026261,1.0
2025-04-02,6.969636356255312,7.039134325298162,6.939851377118037,7.009349346160889,42131282.0,295312873.93962,1.0
2025-04-03,6.979564798725589,7.049062293936897,6.949779819766328,7.029205799102783,32971347.0,231762383.5366301,1.0
2025-04-07,7.029205374432079,7.247627277827512,6.572505547422885,6.771070957183838,137193674.0,928948101.5307474,1.0
2025-04-08,6.751214651124879,6.969636087172774,6.6817166847651945,6.910066604614258,108128425.0,747174618.6020374,1.0
2025-04-09,6.820712048572305,6.880281530296796,6.68171659121516,6.840568542480469,76406367.0,522662990.5454178,1.0
2025-04-10,6.840568542480469,6.949779495683447,6.800855554664142,6.840568542480469,68943114.0,471610096.8490448,1.0
2025-04-11,6.790927585205517,6.8802815716208485,6.780999101483725,6.820712089538574,40512115.0,276321472.553277,1.0
2025-04-14,6.8306407999598,6.95970825212971,6.8008558212220604,6.9398512840271,56232556.0,390245575.9607258,1.0
2025-04-15,6.939851325891423,7.009349294421273,6.900138336278988,6.919994831085205,45617778.0,315674787.9655924,1.0
2025-04-16,6.880281530296796,6.919994518113123,6.771071050509975,6.840568542480469,52942877.0,362159378.95461273,1.0
2025-04-17,6.810784120378453,6.830640614525835,6.771071132083688,6.80085563659668,39789529.0,270602842.57717705,1.0
2025-04-18,6.830640397156725,6.870353384187717,6.7710709166102365,6.790927410125732,33492660.0,227446222.8320217,1.0
2025-04-21,6.790927410125732,6.810783903641228,6.761142433144414,6.790927410125732,26829400.0,182196507.85722733,1.0
2025-04-22,6.810783985504435,6.82071199567344,6.751214504241943,6.751214504241943,48922797.0,330288296.69448423,1.0
2025-04-23,6.76114267637958,6.780999170609423,6.651931721407364,6.671788215637207,59888209.0,399561447.0618181,1.0
2025-04-24,6.681716699460211,6.701573193690053,6.642003711000526,6.671788215637207,27364384.0,182569374.6993713,1.0
2025-04-25,6.671788215637207,6.69164470986705,6.642003711000526,6.671788215637207,31735338.0,211731454.08766365,1.0
2025-04-28,6.65193154636996,6.681716523639051,6.622147042517022,6.642003536224365,39021438.0,259180529.18455985,1.0
2025-04-29,6.632075052662617,6.681716523639051,6.59236206524793,6.642003536224365,37089817.0,246350695.6719145,1.0
2025-04-30,6.642003495580423,6.711501459838927,6.632075012079429,6.66185998916626,34122432.0,227318864.47384644,1.0
2025-05-06,6.671788174471775,6.691644668579102,6.651931680364449,6.691644668579102,31255039.0,209147615.0905819,1.0
2025-05-07,6.7115014762803975,6.820711954561962,6.701572992755081,6.771070957183838,60598896.0,410319424.7430039,1.0
2025-05-08,6.75121472022627,6.780999225102302,6.721429741934068,6.761142730712891,29365765.0,198546128.56157303,1.0
2025-05-09,6.771070858465565,6.771070858465565,6.701572895050049,6.701572895050049,19252552.0,129022380.6437416,1.0
2025-05-12,6.711501557425495,6.731358051300049,6.6817165799055855,6.731358051300049,22005227.0,148125061.93713522,1.0
2025-05-13,6.75121472022627,6.780999225102302,6.741286236323479,6.761142730712891,26780644.0,181067756.5044098,1.0
2025-05-14,6.751214504241943,6.761142514410948,6.711501516733615,6.751214504241943,26347483.0,177877509.37986803,1.0
2025-05-15,6.761142596639216,6.771071080345124,6.711501598358154,6.711501598358154,20157858.0,135289496.1864767,1.0
2025-05-16,6.711501598358154,6.731358092353811,6.691644630946338,6.711501598358154,16330100.0,109599492.2513485,1.0
2025-05-19,6.721429608647903,6.731358092353811,6.68171662065659,6.711501598358154,14661800.0,98402694.1348076,1.0
2025-05-20,6.71150177271184,6.7710712562463256,6.71150177271184,6.741286277770996,23448560.0,158073455.76148987,1.0
2025-05-21,6.751214504241943,6.780999008165113,6.731358010487779,6.751214504241943,26674260.0,180083651.0019207,1.0
2025-05-22,6.790927626231071,6.8802816131862095,6.771071132083688,6.80085563659668,56708724.0,385667845.2596054,1.0
2025-05-23,6.800855501919276,6.810783985504435,6.741286020656784,6.751214504241943,31904500.0,215394123.15058708,1.0
2025-05-26,6.741286061529248,6.761142555403802,6.711501557425495,6.731358051300049,22657880.0,152518302.96339035,1.0
2025-05-27,6.741286277770996,6.7710712562463256,6.71150177271184,6.741286277770996,21050449.0,141907102.9846182,1.0
2025-05-28,6.741286102643559,6.751214586349468,6.711501598358154,6.711501598358154,17343388.0,116400176.28294563,1.0
2025-05-29,6.7115014762803975,6.790927450818318,6.691644509229766,6.771070957183838,30824815.0,208717009.60706472,1.0
2025-05-30,6.761142730712891,6.800855719491714,6.75121472022627,6.761142730712891,31243743.0,211243405.86471176,1.0
2025-06-03,6.790927773192762,6.959708213806152,6.7412863000419385,6.959708213806152,89075442.0,619939085.3358135,1.0
2025-06-04,6.949779729809518,6.989492718963708,6.919994751235789,6.959708213806152,34678777.0,241354169.13165188,1.0
2025-06-05,6.979564788920037,6.989492799615056,6.870353830777751,6.919994831085205,29085304.0,201270153.34054184,1.0
2025-06-06,6.919994532864231,6.969636004448538,6.90013803891374,6.949779510498047,25057355.0,174143092.3662758,1.0
2025-06-09,6.959708035366224,6.96963604569214,6.929923057556152,6.929923057556152,25687506.0,178012440.120512,1.0
2025-06-10,6.949779371900473,6.989492359009469,6.840568420642658,6.900137901306152,30198732.0,208375415.2445869,1.0
2025-06-11,6.900138162116796,6.919994656421827,6.880281667811763,6.890210151672363,23150931.0,159514779.79686642,1.0
2025-06-12,6.890209891236978,6.919994394860651,6.850496904127981,6.900137901306152,33263920.0,229525635.1380157,1.0
2025-06-13,6.900138024204959,6.919994518113123,6.830640532234466,6.840568542480469,75684408.0,517724380.5210571,1.0
2025-06-16,6.830640438087278,6.850496931721758,6.761142473658522,6.771070957183838,34477284.0,233448136.37497905,1.0
2025-06-17,6.780999183654785,6.820712172190871,6.761142689386743,6.780999183654785,24907000.0,168894346.66728973,1.0
2025-06-18,6.771070957183838,6.780998967293002,6.721429486389562,6.771070957183838,25284412.0,171202547.76267052,1.0
2025-06-19,6.75121472022627,6.780999225102302,6.741286236323479,6.761142730712891,22745120.0,153783002.74719238,1.0
2025-06-20,6.771071039049158,6.780999049278356,6.721429567654694,6.731358051300049,18232646.0,122730468.44860364,1.0
2025-06-23,6.731358184692763,6.800855677922828,6.711501690424719,6.780999183654785,22124494.0,150026175.7527752,1.0
2025-06-24,6.790927585205517,6.830640573260367,6.771071091178093,6.820712089538574,21757636.0,148402570.9049797,1.0
2025-06-25,6.830640532234466,6.840568542480469,6.780999060755978,6.840568542480469,23096360.0,157992233.6618042,1.0
2025-06-26,6.840568461020845,6.910066425579893,6.820711967349139,6.880281448364258,32422592.0,223076558.2454834,1.0
2025-06-27,6.870353520050792,6.890210013958956,6.830640532234466,6.840568542480469,24628333.0,168471799.97353363,1.0
2025-06-30,6.850497067287791,6.860425077593424,6.810784079232942,6.820712089538574,22112802.0,150825055.93497276,1.0
2025-07-01,6.830640573260367,6.830640573260367,6.780999101483725,6.820712089538574,26739342.0,182381353.24570656,1.0
2025-07-02,6.820712130744062,6.830640614525835,6.780999142449297,6.80085563659668,24106820.0,163947002.67742157,1.0
2025-07-03,6.800855595511149,6.850497067287791,6.790927585205517,6.820712089538574,36107420.0,246278316.1160469,1.0
2025-07-04,6.820712130744062,6.830640614525835,6.790927626231071,6.80085563659668,25489500.0,173350409.74903107,1.0
2025-07-07,6.790927410125732,6.820711913690903,6.78099892665991,6.790927410125732,22243180.0,151051820.7503605,1.0
2025-07-08,6.790927369670421,6.820711873058157,6.780998886263745,6.810783863067627,28211003.0,192139043.9933524,1.0
2025-07-09,6.880281709234673,6.979564654773735,6.860425214810095,6.870353698730469,73373907.0,504104693.3477554,1.0
2025-07-10,6.880281667811763,6.910066645977395,6.8405686792017,6.890210151672363,37931992.0,261359396.35155487,1.0
2025-07-11,6.900138203659251,6.910066687579626,6.860425214810095,6.870353698730469,45412600.0,312000624.3789673,1.0
2025-07-14,6.883322238922119,6.903273878282518,6.86337059956172,6.883322238922119,26501518.0,182418488.21459484,1.0
2025-07-15,6.893297936407712,6.893297936407712,6.823467435317083,6.843419075012207,36250200.0,248075310.1530075,1.0
2025-07-16,6.843418992397637,6.9232255502147,6.833442934828201,6.913249492645264,42748225.0,295529144.7927356,1.0
2025-07-17,6.923225502902837,7.04293533881036,6.903273863584917,7.013008117675781,66945951.0,469492497.8085251,1.0
2025-07-18,7.013008083790055,7.032959723011572,6.933201051219385,6.983080387115479,35126660.0,245292290.5108738,1.0
2025-07-21,6.983080353083902,6.983080353083902,6.933201017430891,6.953152656555176,38002044.0,264234013.19312668,1.0
2025-07-22,6.963128713959617,6.983080353083902,6.923225435711048,6.953152656555176,47944430.0,333364940.82152367,1.0
2025-07-23,6.953152623534031,6.983080319920628,6.913249345474966,6.923225402832031,53004676.0,366963319.3520813,1.0
2025-07-24,6.923225681133468,7.062887159954338,6.903274041301915,7.032959938049316,70334257.0,494658011.7534647,1.0
2025-07-25,7.022983517661986,7.0529112137063175,6.953152544014941,6.993056297302246,47967220.0,335437469.88508224,1.0
2025-07-28,7.003032026336996,7.013008083790055,6.953152690440902,6.983080387115479,38513753.0,268944633.2085099,1.0
2025-07-29,6.9830805677513945,7.003032207489014,6.923225648538536,7.003032207489014,41777996.0,292572651.5523472,1.0
2025-07-30,6.993056592256202,7.032959871541961,6.923225615663817,6.973104476928711,63453695.0,442469244.68216896,1.0
2025-07-31,6.963128796363716,6.963128796363716,6.86337059956172,6.883322238922119,68203307.0,469465339.84113264,1.0
2025-08-01,6.873346033341107,6.963128646371201,6.873346033341107,6.8932976722717285,50366699.0,347192648.9767108,1.0
2025-08-04,6.883322304553661,7.0130081994750935,6.833442967834769,6.943177223205566,68017854.0,472260014.6641216,1.0
2025-08-05,6.953152805138579,7.003032141857472,6.923225583654931,6.943177223205566,37675785.0,261589652.27839,1.0
2025-08-06,6.93320113209953,6.963128829123232,6.893297853190998,6.913249492645264,34437835.0,238077345.3415513,1.0
2025-08-07,6.913249311202351,6.933200950132972,6.8932976722717285,6.8932976722717285,28500146.0,196459990.0812044,1.0
2025-08-08,6.893298001511568,6.913249641395125,6.883322419412097,6.903274059295654,24526312.0,169311853.39979172,1.0
2025-08-11,6.903273910760435,6.93320113209953,6.883322271306168,6.913249492645264,36701728.0,253728202.47520447,1.0
2025-08-12,6.913249492645264,6.943177189668965,6.893297853190998,6.913249492645264,30338018.0,209734287.54636288,1.0
2025-08-13,6.913249345474966,6.933200984504499,6.893297706445435,6.923225402832031,45788948.0,317007207.96255493,1.0
2025-08-14,6.933201099480815,6.933201099480815,6.873346181399618,6.883322238922119,44757229.0,308078429.72823,1.0
2025-08-15,6.873346361628009,6.913249641395125,6.843419139644981,6.903274059295654,40657237.0,280668049.50473547,1.0
2025-08-18,6.903273763802499,6.943177041861564,6.893297706445435,6.923225402832031,54804363.0,379422958.1076279,1.0
2025-08-19,6.923225402832031,6.953152623534031,6.913249345474966,6.923225402832031,46126225.0,319342252.6567459,1.0
2025-08-20,6.913249197578936,6.933200836181641,6.8833219775171735,6.933200836181641,43797597.0,303657536.1431465,1.0
2025-08-21,6.933201165587945,7.003032141857472,6.933201165587945,6.943177223205566,54702712.0,379810624.0059738,1.0
2025-08-22,6.953152837285831,6.983080534592457,6.913249558000072,6.973104476928711,54652603.0,381098310.6551075,1.0
2025-08-25,7.003032240459679,7.032959938049316,6.983080600628126,7.032959938049316,67008791.0,471270142.6001196,1.0
2025-08-26,7.092814838584356,7.242452374763317,7.082838780852938,7.16264533996582,102515071.0,734279095.5744152,1.0
2025-08-27,7.142693535399962,7.202548453353724,7.00303206017452,7.013008117675781,98999144.0,694281800.5149536,1.0
2025-08-28,7.013007936103603,7.042935156463344,6.8932976276108695,6.993056297302246,77017388.0,538586930.1551704,1.0
2025-08-29,6.983080251553775,7.032959586481567,6.843418779714385,6.863370418548584,137326872.0,942525190.9566078,1.0
2025-09-01,6.893297786886531,6.893297786886531,6.8234672873105815,6.853394508361816,87764100.0,601482000.9713173,1.0
2025-09-02,6.863370498655402,6.863370498655402,6.753636245944235,6.793539524078369,70134917.0,476464330.6574559,1.0
2025-09-03,6.803515548294876,6.8234671872647015,6.753636213028015,6.763612270355225,49411069.0,334197312.57976866,1.0
2025-09-04,6.763612566662736,6.773588148742372,6.703757171446455,6.743660926818848,53097524.0,358071697.909626,1.0
2025-09-05,6.763612190263095,6.833442687988281,6.743660551529529,6.833442687988281,50497377.0,345070931.6232376,1.0
2025-09-08,6.823467320840923,6.893297820760017,6.803515681480524,6.883322238922119,65911959.0,453693253.1956229,1.0
2025-09-09,6.873346296712588,6.873346296712588,6.813491377627214,6.843419075012207,32166571.0,220129325.55913448,1.0
2025-09-10,6.833442984049883,6.863370681289156,6.80351576249522,6.813491344451904,29467217.0,200774627.974586,1.0
2025-09-11,6.803515648048225,6.863370565835296,6.783564008785867,6.853394508361816,41473327.0,284233071.50529385,1.0
2025-09-12,6.853394623647861,6.87334626324584,6.80351576249522,6.813491344451904,40483580.0,275834521.9224262,1.0
2025-09-15,6.823467254638672,6.833442836379785,6.783563976305021,6.823467254638672,33678262.0,229802517.9501419,1.0
2025-09-16,6.83344290267882,6.913249460120416,6.81349126331842,6.883322238922119,46333717.0,318929904.63802385,1.0
2025-09-17,6.873346147624174,6.883322205097653,6.833442869099459,6.853394508361816,25961286.0,177922934.9024105,1.0
2025-09-18,6.85339444127957,6.863370498655402,6.763612303320067,6.793539524078369,48803347.0,331547466.7518115,1.0
2025-09-19,6.793539638977475,6.813491278381984,6.733684720763948,6.753636360168457,36175704.0,244317549.8890915,1.0
2025-09-22,6.753636178663227,6.753636178663227,6.703756843650168,6.733684539794922,31343040.0,211054143.87817383,1.0
2025-09-23,6.713733196258545,6.723708778289219,6.603998939813446,6.713733196258545,44560000.0,299163951.2252808,1.0
2025-09-24,6.693781262058312,6.763612235939675,6.683805204781863,6.733684539794922,29912701.0,201422692.2672081,1.0
2025-09-25,6.733684471509408,6.733684471509408,6.663853498336192,6.673829555511475,25697304.0,171499426.93216324,1.0
2025-09-26,6.663853645324707,6.6937813418261,6.633926424507912,6.663853645324707,20973868.0,139766786.72835922,1.0
2025-09-29,6.663853826051083,6.693781523364128,6.603998907109606,6.683805465698242,29022900.0,193983417.6504135,1.0
2025-09-30,6.68380513700217,6.693781194177452,6.643901859670215,6.673829555511475,29576771.0,197390328.45639467,1.0
2025-10-09,6.683805238791328,6.763612270355225,6.673829657148712,6.763612270355225,44038017.0,297856072.143312,1.0
2025-10-10,6.7436608117220285,6.793539672638138,6.7436608117220285,6.78356409072876,32737856.0,222079344.36904907,1.0
2025-10-13,6.703756809234619,6.733684505225731,6.663853531702864,6.703756809234619,38737868.0,259689246.38023183,1.0
2025-10-14,6.723708811290344,6.773588148742372,6.703757171446455,6.743660926818848,36091485.0,243388737.1853685,1.0
2025-10-15,6.733684687102842,6.763612383902302,6.703756990303382,6.723708629608154,36706859.0,246806224.6241097,1.0
2025-10-16,6.723708596854078,6.743660711746259,6.673829736677431,6.69378137588501,32228760.0,215732273.45586777,1.0
2025-10-17,6.683805102074605,6.723708379198038,6.633926243512606,6.643901824951172,32981976.0,219129010.5368957,1.0
2025-10-20,6.663853793908255,6.663853793908255,6.633926572424175,6.653878211975098,21266271.0,141503177.25685787,1.0
2025-10-21,6.653877916845497,6.693781194177452,6.643901859670215,6.673829555511475,24399906.0,162840813.81450176,1.0
2025-10-22,6.673829736677431,6.723708596854078,6.66385367923134,6.69378137588501,22819890.0,152751354.68174458,1.0
2025-10-23,6.69378137588501,6.703756957646499,6.653878097469851,6.69378137588501,23160173.0,155029134.68967485,1.0
2025-10-24,6.693781408493297,6.733684687102842,6.683805350998609,6.723708629608154,27892085.0,187538252.61226416,1.0
2025-10-27,6.713733015092589,6.723708596854078,6.68380531843892,6.69378137588501,27174063.0,181897236.816526,1.0
2025-10-28,6.673829702720038,6.703756923536832,6.653878063613975,6.663853645324707,29205133.0,194618732.0042429,1.0
2025-10-29,6.663853826051083,6.693781523364128,6.653878244069809,6.683805465698242,26083900.0,174339713.38672638,1.0
2025-10-30,6.68380531843892,6.733684654300169,6.66385367923134,6.69378137588501,37498522.0,251006908.1868143,1.0
2025-10-31,6.693781408493297,6.723708629608154,6.683805350998609,6.723708629608154,30728901.0,206612176.83207464,1.0
2025-11-03,6.723708516730978,6.783563909325051,6.713732935088363,6.763612270355225,35916828.0,242927498.5730381,1.0
2025-11-04,6.753636178663227,6.763612235939675,6.713732900926617,6.733684539794922,24263324.0,163381569.70283508,1.0
2025-11-05,6.723708663219391,6.763612417713015,6.703757023814882,6.753636360168457,23653300.0,159745786.91797256,1.0
2025-11-06,6.753636245944235,6.833442802212502,6.743660664253,6.793539524078369,39117955.0,265749373.39361903,1.0
2025-11-07,6.793539444786593,6.903273696216981,6.773587805952395,6.863370418548584,49967849.0,342947856.70510244,1.0
2025-11-10,6.943177007440579,6.953152589063593,6.863370451718094,6.8932976722717285,40500414.0,279181409.5522413,1.0
2025-11-11,6.883322271306168,6.9232255502147,6.843418992397637,6.913249492645264,43650906.0,301769603.7580061,1.0
2025-11-12,6.913249492645264,6.93320113209953,6.863370631851903,6.913249492645264,41689748.0,288211629.2095089,1.0
2025-11-13,6.923225517642917,6.933201099480815,6.873346181399618,6.883322238922119,33614462.0,231379173.8340025,1.0
2025-11-14,6.883322205097653,6.923225483622368,6.843418926572939,6.853394508361816,37917645.0,259864580.0130129,1.0
2025-11-17,6.833442654375985,6.843418711535993,6.773587738469701,6.803515434265137,35938427.0,244507642.7777109,1.0
2025-11-18,6.783563839982721,6.803515478748599,6.683805170468742,6.703756809234619,37673788.0,252555912.83466148,1.0
2025-11-19,6.693781523364128,6.713733163011287,6.653878244069809,6.683805465698242,28377094.0,189666975.9778328,1.0
2025-11-20,6.693781194177452,6.733684471509408,6.663853498336192,6.673829555511475,29101004.0,194215140.59025764,1.0
2025-11-21,6.65387814574868,6.673829785101024,6.5640955308208335,6.59402322769165,47898533.0,315844039.17435503,1.0
2025-11-24,6.584047350375262,6.6139750480651855,6.574071768268366,6.6139750480651855,31558064.0,208724247.8612442,1.0
2025-11-25,6.594023079431682,6.643901938848762,6.594023079431682,6.60399866104126,25088664.0,165685503.46331406,1.0
2025-11-26,6.60399866104126,6.643901938848762,6.594023079431682,6.60399866104126,22393461.0,147886386.46007967,1.0
2025-11-27,6.603998957303686,6.623950597102488,6.574071735447789,6.584047317504883,17747466.0,116850155.90980913,1.0
2025-11-28,6.584047350375262,6.6139750480651855,6.5640957104768525,6.6139750480651855,14944519.0,98842675.77133608,1.0
2025-12-01,6.60399869524862,6.6339263916015625,6.584047056241524,6.6339263916015625,20958341.0,139036091.48408508,1.0
2025-12-02,6.633926506396337,6.633926506396337,6.584047170173177,6.59402322769165,17873508.0,117858326.91233252,1.0
2025-12-03,6.603998990273672,6.633926687963595,6.584047350375262,6.6139750480651855,21131576.0,139763716.39029312,1.0
2025-12-04,6.613974867043994,6.613974867043994,6.5640955308208335,6.59402322769165,18493980.0,121949733.69246484,1.0
2025-12-05,6.584047350375262,6.6139750480651855,6.544144070578443,6.6139750480651855,27393480.0,181179793.1996727,1.0
2025-12-08,6.613974718335432,6.623950299945011,6.594023079431682,6.60399866104126,19383426.0,128008119.35039234,1.0
2025-12-09,6.603998891622922,6.603998891622922,6.514216751263555,6.524192333221436,29539520.0,192721509.9110413,1.0
2025-12-10,6.514216685275955,6.524192267132785,6.434409651998287,6.464337348937988,29495900.0,190671448.01054,1.0
2025-12-11,6.4643371326734025,6.4743127141965,6.404482216481053,6.41445779800415,21290660.0,136568040.06165504,1.0
2025-12-12,6.414458127308241,6.424434185028076,6.384530905517964,6.424434185028076,34442535.0,221273799.273026,1.0
2025-12-15,6.404482596493199,6.4144581786082,6.324676036834717,6.324676036834717,34477400.0,218058385.5923653,1.0
2025-12-16,6.3246757742210695,6.374554634094238,6.214941521404741,6.374554634094238,40424840.0,257690351.15451813,1.0
2025-12-17,6.334651323037488,6.364579019353708,6.264820824440636,6.344627380371094,26496018.0,168107361.27360535,1.0
2025-12-18,6.314699716835677,6.404482330565817,6.304724135134882,6.374554634094238,25876143.0,164948887.2731352,1.0
2025-12-19,6.374554814815948,6.404482512135992,6.354603175164122,6.394506454467773,24305216.0,155419860.5892334,1.0
2025-12-22,6.404482512135992,6.414458094119599,6.384530872484167,6.394506454467773,21456257.0,137202173.87521937,1.0
2025-12-23,6.394506538693579,6.404482596493199,6.3146999790350975,6.324676036834717,21703779.0,137269370.95005655,1.0
2025-12-24,6.324675695536625,6.474312748979114,6.304724056698653,6.444385528564453,40642086.0,261913270.869072,1.0
2025-12-25,6.4344096183776855,6.444385675866995,6.404482397278963,6.4344096183776855,18869929.0,121416852.65570402,1.0
2025-12-26,6.434409767063298,6.464337464538189,6.414458127308241,6.424434185028076,17893681.0,114956775.91238736,1.0
2025-12-29,6.4244339696520045,6.4344095513528,6.364579052393443,6.374554634094238,21686200.0,138239866.70589447,1.0
2025-12-30,6.354602962020103,6.364579019353708,6.334651323037488,6.344627380371094,16106085.0,102187107.88158415,1.0
2025-12-31,6.3446276767493375,6.354603258864339,6.3146999790350975,6.324676036834717,17129620.0,108339297.1340847,1.0
2026-01-05,6.324675953528689,6.404482512135992,6.314699895860471,6.394506454467773,30317012.0,193862328.9141769,1.0
2026-01-06,6.394506487553185,6.424434185028076,6.384530905517964,6.424434185028076,30975609.0,199000761.3616633,1.0
2026-01-07,6.424433821533389,6.434409403004192,6.384530544281006,6.384530544281006,23180360.0,147995716.44742966,1.0
2026-01-08,6.394506487553185,6.444385824783132,6.384530905517964,6.424434185028076,26049679.0,167354448.276608,1.0
2026-01-09,6.434409798897455,6.454361438751221,6.414458159043687,6.454361438751221,31339790.0,202278332.07456112,1.0
2026-01-12,6.454361177390969,6.514216570213126,6.444385595710341,6.5042405128479,40657432.0,264445716.36275864,1.0
2026-01-13,6.524192300908319,6.554119998002955,6.474312964312128,6.494265079498291,46983937.0,305126141.3564477,1.0
2026-01-14,6.494265011944337,6.544143872337075,6.41445797908367,6.4344096183776855,53295313.0,342923874.5816493,1.0
2026-01-15,6.414457912266612,6.464337247824378,6.364579052393443,6.374554634094238,37346572.0,238067763.61013407,1.0
2026-01-16,6.3845305899319005,6.39450617147403,6.264820757318796,6.284772396087647,48545350.0,305096475.6384134,1.0
2026-01-19,6.274796519603557,6.32467585580473,6.264820937774084,6.304724216461182,30010578.0,189208417.8665972,1.0
2026-01-20,6.304724248857526,6.344627527749664,6.2947481912921885,6.334651470184326,34342869.0,217550105.6011977,1.0
2026-01-21,6.314699616398627,6.334651255167478,6.274796338860926,6.284772396087647,36783800.0,231177810.8632088,1.0
2026-01-22,6.294748306274414,6.334651585895439,6.284772724211465,6.294748306274414,32264522.0,203097045.2122536,1.0
2026-01-23,6.294748339120477,6.404482596493199,6.294748339120477,6.324676036834717,55055397.0,348207550.104322,1.0
2026-01-26,6.354602838589464,6.544143643084991,6.3346511999943855,6.514216423034668,117792940.0,767328704.2655373,1.0
2026-01-27,6.5142165833821455,6.52419216508294,6.354602995008051,6.374554634094238,70798775.0,451310659.2644453,1.0
2026-01-28,6.364579167195732,6.404482446087869,6.314699830738258,6.334651470184326,56333729.0,356854539.2308154,1.0
2026-01-29,6.314699684054874,6.354602962020103,6.28477246342325,6.344627380371094,45298989.0,287405205.912529,1.0
2026-01-30,6.324675673625348,6.354602893936329,6.254844700092075,6.284772396087647,40904679.0,257076597.45002604,1.0
2026-02-02,6.284772510441491,6.30472414957337,6.234893174769496,6.244869232177734,34641857.0,216333866.92480087,1.0
2026-02-03,6.264820722698936,6.27479630418594,6.234893026868747,6.254844665527344,22885477.0,143145103.73149872,1.0
2026-02-04,6.254844733187537,6.314699649810791,6.234893094313118,6.314699649810791,25809467.0,162979032.22670317,1.0
2026-02-05,6.2947481589471055,6.32467585580473,6.274796519603557,6.304724216461182,24963120.0,157385587.18242645,1.0
2026-02-06,6.294748306274414,6.334651585895439,6.284772724211465,6.294748306274414,23280785.0,146546681.94748878,1.0
2026-02-09,6.324675707090297,6.324675707090297,6.304724068215879,6.314699649810791,17196040.0,108587827.76613235,1.0
2026-02-10,6.320000171661377,6.349999904632568,6.309999942779541,6.340000152587891,19863652.0,125935556.71095276,1.0
2026-02-11,6.340000152587891,6.340000152587891,6.320000171661377,6.320000171661377,13741213.0,86844468.51883554,1.0
2026-02-12,6.320000171661377,6.329999923706055,6.260000228881836,6.28000020980835,22055626.0,138509335.9074545,1.0
2026-02-13,6.28000020980835,6.289999961853027,6.239999771118164,6.239999771118164,22857489.0,142630726.12833595,1.0
2026-02-24,6.260000228881836,6.28000020980835,6.25,6.260000228881836,18713263.0,117145030.663126,1.0
2026-02-25,6.260000228881836,6.309999942779541,6.260000228881836,6.300000190734863,25142718.0,158399128.19559288,1.0
2026-02-26,6.289999961853027,6.329999923706055,6.260000228881836,6.300000190734863,26429055.0,166503051.5409422,1.0
2026-02-27,6.289999961853027,6.300000190734863,6.28000020980835,6.289999961853027,22773832.0,143247402.41124725,1.0
2026-03-02,6.269999980926514,6.400000095367432,6.25,6.349999904632568,57485725.0,365034348.26773405,1.0
2026-03-03,6.349999904632568,6.380000114440918,6.289999961853027,6.300000190734863,47802472.0,301155582.717598,1.0
2026-03-04,6.269999980926514,6.28000020980835,6.139999866485596,6.170000076293945,51530884.0,317945558.21149445,1.0
2026-03-05,6.21999979019165,6.230000019073486,6.159999847412109,6.170000076293945,25126601.0,155031130.08700752,1.0
2026-03-06,6.159999847412109,6.25,6.150000095367432,6.239999771118164,24251717.0,151330708.5292225,1.0
2026-03-09,6.199999809265137,6.289999961853027,6.179999828338623,6.239999771118164,33314703.0,207883739.0948696,1.0
2026-03-10,6.25,6.269999980926514,6.21999979019165,6.239999771118164,22248847.0,138832800.18764305,1.0
2026-03-11,6.239999771118164,6.269999980926514,6.210000038146973,6.269999980926514,24558253.0,153980245.8415885,1.0
2026-03-12,6.25,6.28000020980835,6.239999771118164,6.260000228881836,24333972.0,152330670.2896042,1.0
2026-03-13,6.260000228881836,6.28000020980835,6.230000019073486,6.230000019073486,26277946.0,163711604.08121204,1.0
2026-03-16,6.230000019073486,6.239999771118164,6.190000057220459,6.210000038146973,24500840.0,152150217.33463287,1.0
2026-03-17,6.21999979019165,6.269999980926514,6.210000038146973,6.210000038146973,30935801.0,192111325.39010715,1.0
2026-03-18,6.210000038146973,6.21999979019165,6.150000095367432,6.190000057220459,32509029.0,201230891.3701816,1.0
2026-03-19,6.150000095367432,6.179999828338623,6.110000133514404,6.119999885559082,27493270.0,168258809.25364494,1.0
2026-03-20,6.130000114440918,6.159999847412109,6.0,6.019999980926514,35616141.0,214409168.140676,1.0
2026-03-23,5.980000019073486,5.980000019073486,5.730000019073486,5.75,50272127.0,289064730.25,1.0
2026-03-24,5.820000171661377,5.849999904632568,5.75,5.829999923706055,25960581.0,151350185.24936485,1.0
2026-03-25,5.869999885559082,5.869999885559082,5.829999923706055,5.860000133514404,18307226.0,107280346.80427836,1.0
2026-03-26,5.860000133514404,5.920000076293945,5.809999942779541,5.829999923706055,19524866.0,113829967.29037094,1.0
2026-03-27,5.769999980926514,5.869999885559082,5.75,5.849999904632568,28381757.0,166033275.74330473,1.0
2026-03-30,5.800000190734863,5.840000152587891,5.75,5.829999923706055,25143769.0,146588171.35168266,1.0
2026-03-31,5.840000152587891,5.880000114440918,5.809999942779541,5.820000171661377,25301473.0,147254577.2032857,1.0
2026-04-01,5.869999885559082,5.920000076293945,5.840000152587891,5.909999847412109,32852299.0,194157082.077137,1.0
2026-04-02,5.889999866485596,5.949999809265137,5.880000114440918,5.900000095367432,29981839.0,176892852.95929098,1.0
2026-04-03,5.880000114440918,5.889999866485596,5.760000228881836,5.769999980926514,26539101.0,153130612.26380682,1.0
2026-04-07,5.769999980926514,5.78000020980835,5.690000057220459,5.71999979019165,24062590.0,137638009.7514677,1.0
2026-04-08,5.769999980926514,5.840000152587891,5.769999980926514,5.829999923706055,31574663.0,184080282.8810444,1.0
2026-04-09,5.800000190734863,5.829999923706055,5.710000038146973,5.71999979019165,30256864.0,173069255.7318573,1.0
2026-04-10,5.71999979019165,5.78000020980835,5.71999979019165,5.739999771118164,21524840.0,123552576.6733551,1.0
2026-04-13,5.710000038146973,5.71999979019165,5.650000095367432,5.679999828338623,27037872.0,153575108.31864166,1.0
2026-04-14,5.679999828338623,5.690000057220459,5.610000133514404,5.659999847412109,30325643.0,171643134.7526741,1.0
2026-04-15,5.670000076293945,5.710000038146973,5.659999847412109,5.690000057220459,29785086.0,169477141.0443163,1.0
2026-04-16,5.690000057220459,5.789999961853027,5.659999847412109,5.739999771118164,30089335.0,172712776.01309776,1.0
2026-04-17,5.730000019073486,5.730000019073486,5.670000076293945,5.699999809265137,22412670.0,127752214.72512244,1.0
2026-04-20,5.710000038146973,5.710000038146973,5.670000076293945,5.690000057220459,17679489.0,100596293.42162848,1.0
2026-04-21,5.690000057220459,5.730000019073486,5.639999866485596,5.659999847412109,22001300.0,124527354.64286804,1.0
2026-04-22,5.639999866485596,5.650000095367432,5.610000133514404,5.630000114440918,23047395.0,129756836.48756504,1.0
2026-04-23,5.630000114440918,5.630000114440918,5.570000171661377,5.579999923706055,28210620.0,157415257.4477005,1.0
2026-04-24,5.570000171661377,5.570000171661377,5.5,5.539999961853027,27484267.0,152262838.13155842,1.0
2026-04-27,5.510000228881836,5.510000228881836,5.429999828338623,5.46999979019165,30698109.0,167918649.7892804,1.0
2026-04-28,5.460000038146973,5.550000190734863,5.460000038146973,5.519999980926514,28041802.0,154790746.50514507,1.0
2026-04-29,5.53000020980835,5.590000152587891,5.5,5.550000190734863,28265881.0,156875644.94128895,1.0
2026-04-30,5.559999942779541,5.610000133514404,5.539999961853027,5.559999942779541,24411353.0,135727121.28317118,1.0
2026-05-06,5.570000171661377,5.610000133514404,5.539999961853027,5.570000171661377,27068166.0,150769689.26655865,1.0
2026-05-07,5.570000171661377,5.599999904632568,5.519999980926514,5.559999942779541,26579392.0,147781417.999115,1.0
2026-05-08,5.559999942779541,5.690000057220459,5.550000190734863,5.679999828338623,45364865.0,257672425.4126048,1.0
2026-05-11,5.670000076293945,5.699999809265137,5.610000133514404,5.670000076293945,45735398.0,259319710.14933395,1.0
2026-05-12,5.710000038146973,5.739999771118164,5.630000114440918,5.659999847412109,38428460.0,217505077.73628235,1.0
2026-05-13,5.639999866485596,5.650000095367432,5.579999923706055,5.610000133514404,29821474.0,167298473.12159634,1.0
2026-05-14,5.619999885559082,5.619999885559082,5.510000228881836,5.510000228881836,29551964.0,162831328.40390778,1.0
2026-05-15,5.510000228881836,5.53000020980835,5.420000076293945,5.440000057220459,31406005.0,170848668.99706602,1.0
2026-05-18,5.429999828338623,5.429999828338623,5.349999904632568,5.400000095367432,25827280.0,139467314.46308136,1.0
2026-05-19,5.400000095367432,5.440000057220459,5.389999866485596,5.429999828338623,19551812.0,106166335.80370905,1.0
2026-05-20,5.391214194787995,5.391214194787995,5.311785697937012,5.311785697937012,23126296.0,122841928.33905792,1.0
2026-05-21,5.321714692287052,5.371357267927269,5.272071643215631,5.291928768157959,37193299.0,196824288.96080065,1.0
2026-05-22,5.282000464925486,5.301857589952486,5.192643165588379,5.192643165588379,32784071.0,170235982.21831417,1.0
2026-05-25,5.230000019073486,5.260000228881836,5.190000057220459,5.210000038146973,30618918.0,159524563.94801903,1.0
2026-05-26,5.172785752160209,5.311785619599479,5.162856953484671,5.222428798675537,31790314.0,166022651.3525381,1.0
2026-05-27,5.222429099572168,5.252214550452548,5.093357549940642,5.14300012588501,33567589.0,172638114.45265627,1.0
2026-05-28,5.123143000821021,5.192643175260583,5.103285875757033,5.14300012588501,22799820.0,117259477.13015556,1.0
2026-05-29,5.190000057220459,5.329999923706055,5.179999828338623,5.309999942779541,45816039.0,243283164.4683852,1.0
2026-06-01,5.28000020980835,5.309999942779541,5.21999979019165,5.309999942779541,40915303.0,217260256.5888076,1.0
2026-06-02,5.28000020980835,5.329999923706055,5.239999771118164,5.25,26603127.0,139666416.75,1.0
2026-06-03,5.25,5.28000020980835,5.199999809265137,5.239999771118164,26261213.0,137608750.10928535,1.0
2026-06-04,5.239999771118164,5.25,5.110000133514404,5.139999866485596,29120114.0,149677382.07204533,1.0
2026-06-05,5.123142905436097,5.222429002338692,5.093357455110277,5.152928829193115,33549494.0,172878154.83744144,1.0
2026-06-08,5.21999979019165,5.239999771118164,5.090000152587891,5.099999904632568,34911685.0,178049590.17056227,1.0
2026-06-09,5.063571364781333,5.093357287558509,5.003999992658162,5.023857116699219,28832723.0,144851480.63736725,1.0
2026-06-10,5.004000003242001,5.0437142514081135,4.9444286309928325,4.974214553833008,42772683.0,212760502.28508568,1.0
2026-06-11,4.980000019073486,5.019999980926514,4.820000171661377,4.889999866485596,70189686.0,343227555.1686659,1.0
2026-06-12,4.889999866485596,5.010000228881836,4.71999979019165,5.010000228881836,204227782.0,1023181234.5640296,1.0
2026-06-15,4.914642527558707,5.013928617756793,4.8451428325374435,4.894785404205322,111082765.0,543726296.7807698,1.0
2026-06-16,4.874928692252531,4.894785817281679,4.735928817048488,4.755785942077637,64434097.0,306434772.7030668,1.0
2026-06-17,4.745857639288062,4.7557859651351695,4.656500339508057,4.656500339508057,54961250.0,255927079.28478718,1.0
2026-06-18,4.636643127867702,4.716071626887339,4.606857204019739,4.616786003112793,50155785.0,231558526.16313457,1.0
2026-06-22,4.606856927482025,4.616785725979079,4.447999938978525,4.547285556793213,66514719.0,302461421.0228591,1.0
2026-06-23,4.557214443979989,4.696214311625682,4.5472856452897075,4.586999893188477,60718002.0,278513468.6886177,1.0
2026-06-24,4.670000076293945,4.670000076293945,4.5,4.519999980926514,55640260.0,251493974.13874626,1.0
