date,open,high,low,close,volume,amount,factor
2021-04-06,16.69688887180861,17.23252788325348,16.571347081712318,17.17394256591797,30226921.0,519115405.1985397,1.0
2021-04-07,17.090249023146775,17.215789220232057,16.906123507177043,17.140464782714844,19078033.0,327006352.7599716,1.0
2021-04-08,17.14883517490349,17.684474226524667,16.922861851376943,17.40828514099121,36177768.0,629792901.1086273,1.0
2021-04-09,17.224158148644687,17.508716769657674,17.190681508935597,17.39991569519043,20470926.0,356192386.60248184,1.0
2021-04-12,17.466871800805844,17.466871800805844,16.638302960125465,16.696889877319336,23560825.0,393392500.44379234,1.0
2021-04-13,16.629935144953492,17.031664431307433,16.629935144953492,16.897754669189453,16919850.0,285907474.3394852,1.0
2021-04-14,17.02329265942451,18.01924778253973,17.02329265942451,17.751426696777344,41960961.0,744866923.317833,1.0
2021-04-15,17.617519186442706,18.01925006787167,17.332960543748566,17.84349250793457,30307843.0,540797769.5021572,1.0
2021-04-16,17.86860065388675,18.39587012530993,17.86860065388675,17.977401733398438,24156427.0,434269792.6225128,1.0
2021-04-19,17.977401550221938,18.337284619011715,17.66773583730763,18.2033748626709,29098621.0,529693106.0497875,1.0
2021-04-20,18.111312500131987,19.08215909574861,18.019250534287004,18.77249336242676,42864060.0,804665281.8366623,1.0
2021-04-21,18.72227949294409,18.96499036822828,18.270332792556967,18.56326103210449,26295780.0,488135428.1827927,1.0
2021-04-22,18.563258018878976,18.7055373352024,18.35402382406984,18.62184333801269,17351758.0,323121719.1151085,1.0
2021-04-23,18.621843604222203,18.831077802022453,18.186636089678423,18.29543876647949,22507681.0,411787899.5109539,1.0
2021-04-26,18.261961581131764,18.32891646443361,17.793277398018787,17.81838607788086,27198292.0,484629667.5149384,1.0
2021-04-27,17.83512256752058,18.496303398585447,17.53382640829415,17.659366607666016,25256253.0,446009430.86296463,1.0
2021-04-28,17.65936657467741,18.16152896755705,17.65936657467741,18.0862045288086,25533947.0,461812187.8697586,1.0
2021-04-29,18.14478954381307,18.34565417832429,17.860230912506278,18.2033748626709,19699015.0,358588554.47037697,1.0
2021-04-30,18.102942587242485,18.303808827404293,17.659367097405067,17.83512306213379,18819744.0,335652450.237854,1.0
2021-05-06,17.793277139583022,17.843492902247476,17.324592963277375,17.508718490600586,18793326.0,329047054.43608475,1.0
2021-05-07,17.57567354418574,17.650997987081535,17.048404040245515,17.073511123657227,18620496.0,317917245.5840149,1.0
2021-05-10,16.956341812265105,17.173945598167474,16.721998905217063,16.998188018798828,17329799.0,294575181.7299919,1.0
2021-05-11,16.83917027814637,17.2241604664232,16.67178226808578,17.15720558166504,15411313.0,264415065.4243869,1.0
2021-05-12,17.098619334967673,17.726321944349273,16.897754691525193,17.62588882446289,20085546.0,354025600.7746353,1.0
2021-05-13,17.40828624716246,17.7430622720286,17.307854716766936,17.466873168945312,16330549.0,285243628.1622467,1.0
2021-05-14,17.533828309757663,17.743062530178015,17.324594089337314,17.54219627380371,17672670.0,310017445.8221626,1.0
2021-05-17,17.45013104155625,18.169895539800912,17.383176167386278,17.952293395996094,23521631.0,422267220.864357,1.0
2021-05-18,17.952297198665036,18.178268949147867,17.701215170095672,17.74306297302246,17126639.0,303879034.2932224,1.0
2021-05-19,17.634258726131456,17.793277170564476,17.307853873748694,17.717952728271484,15084118.0,267259689.671669,1.0
2021-05-20,18.002510792324646,19.19933067391573,17.83512279348789,18.914772033691406,53921390.0,1019910799.5897676,1.0
2021-05-21,18.91477191798121,19.30813163761188,18.24522152306039,18.28706932067871,41922172.0,766633665.4374161,1.0
2021-05-24,18.094574612621194,18.688798984045352,17.97740237321128,18.471195220947266,23328926.0,430913146.4410324,1.0
2021-05-25,18.487936274202983,19.20770252002135,18.412611825392663,18.88966560363769,33193490.0,627013926.3176918,1.0
2021-05-26,18.982383606739976,19.016099259568733,18.45977732221072,18.527210235595703,23819444.0,441307846.68299866,1.0
2021-05-27,18.434490208651987,18.90652058248013,18.3164814093994,18.721078872680664,25529554.0,477940794.01836014,1.0
2021-05-28,18.729510165889565,18.864376001229388,18.029893042166385,18.12261390686035,31010117.0,561984377.5975666,1.0
2021-05-31,18.080469119273445,18.24905061129127,17.827594469655317,17.954030990600586,23121272.0,415120034.0301056,1.0
2021-06-01,17.84445475416393,17.99617923644401,17.541005789603773,17.793880462646484,26583224.0,473018710.1677551,1.0
2021-06-02,17.701159214257558,17.76016282106865,17.2375580684038,17.363994598388672,26062144.0,452542927.6384277,1.0
2021-06-03,17.4314262913819,17.928744667589363,17.414567659846284,17.541004180908203,24536862.0,430401198.9283676,1.0
2021-06-04,17.549434984499047,17.734876731657174,17.431427769200404,17.650585174560547,17117524.0,302134315.33958435,1.0
2021-06-07,17.574720566045915,18.324911946901903,17.389278843872965,18.23219108581543,38626693.0,704249247.7891293,1.0
2021-06-08,18.206906081159648,18.712653784916675,18.072040241188123,18.61150360107422,36229831.0,674291630.1228104,1.0
2021-06-09,18.61993120173337,18.86437491126525,18.434491090787542,18.56935691833496,29340902.0,544841681.5438881,1.0
2021-06-10,18.54407097250252,18.90652352601968,18.392346498218348,18.48506736755371,28270713.0,522586034.3337765,1.0
2021-06-11,18.49349711878457,18.58621638257388,17.718017704651807,17.861312866210938,32500600.0,580503384.9395752,1.0
2021-06-15,17.861311082899892,18.17318771603696,17.64215370429484,17.8781681060791,20852448.0,372803570.76727295,1.0
2021-06-16,17.886596799076305,17.93717269003648,17.111117489355824,17.203838348388672,24470454.0,420985734.92768097,1.0
2021-06-17,17.288131648299675,17.406138857071692,16.78238394141902,16.959396362304688,28446780.0,482440217.25128174,1.0
2021-06-18,16.875106242786334,17.667442722860486,16.706523123602,17.583152770996094,27704887.0,487139260.62418365,1.0
2021-06-21,17.541003842409424,19.344837188720703,17.45671229408557,19.344837188720703,71279335.0,1378887130.4952812,1.0
2021-06-22,20.019167593551607,20.339473567648263,19.117251668678552,19.45441627502441,91246581.0,1775148970.4467337,1.0
2021-06-23,19.45441465129232,20.99694400334156,19.01609989576212,20.567058563232425,83482278.0,1716984900.6180496,1.0
2021-06-24,20.5670598472172,20.75250158260254,19.926446304771044,20.078170776367188,40673238.0,816644218.5918274,1.0
2021-06-25,20.398479896542195,20.47434213808648,19.319551489478496,19.547138214111328,44042494.0,860904717.5121689,1.0
2021-06-28,20.095026957485345,21.47740244969638,20.095026957485345,21.055946350097656,80306042.0,1690919711.940689,1.0
2021-06-29,21.367826739764705,21.45211828978446,20.14560328379722,20.1877498626709,52105155.0,1051885835.695696,1.0
2021-06-30,20.179321609544544,20.499627587213904,19.80843973456344,20.154033660888672,29054290.0,585561138.6532211,1.0
2021-07-01,20.128745320892666,20.29732842653224,19.63985624381107,19.72414779663086,23943386.0,472262884.21578217,1.0
2021-07-02,19.90115992573625,20.34790241597608,19.56399371941416,19.850584030151367,40894594.0,811781574.5759239,1.0
2021-07-05,19.724145938356173,20.46590960401321,19.31954845221279,19.538705825805664,39912880.0,779846020.9806824,1.0
2021-07-06,19.55556602144488,19.55556602144488,17.701158316613384,18.79694366455078,47997980.0,902215326.0722352,1.0
2021-07-07,18.544071101813145,19.007672236267407,18.417634574937225,18.62836265563965,24709392.0,460295515.1763611,1.0
2021-07-08,18.53564024189425,18.54406955734762,17.8781681060791,17.8781681060791,38219091.0,683287333.7595348,1.0
2021-07-09,17.886596382683738,17.99617586948568,17.212267262854237,17.313417434692383,47448957.0,821503599.3817692,1.0
2021-07-12,15.62759354038209,16.1923431919481,15.585446964179594,15.846749305725098,137619212.0,2180817152.215435,1.0
2021-07-13,15.804605655432658,16.596943669122084,15.509586028319056,16.175487518310547,66676850.0,1078530554.9352646,1.0
2021-07-14,16.192344991820733,16.5295112080087,15.905756280425232,16.293495178222656,37843078.0,616596008.9221039,1.0
2021-07-15,16.327211180784705,16.858245197093012,15.97318796733665,16.78238296508789,41330791.0,693629162.8120079,1.0
2021-07-16,16.85824556295325,17.397708906494927,16.639088177707546,16.984682083129883,49568624.0,841907319.9382019,1.0
2021-07-19,17.068974921259358,17.111119895257804,16.352499109191818,16.39464569091797,33426739.0,548019542.5077896,1.0
2021-07-20,16.175487713517306,16.647518157958984,16.14177044933622,16.647518157958984,16992609.0,282884766.87859726,1.0
2021-07-21,16.64751756718081,16.757095456425407,16.301923660227164,16.386215209960938,21685981.0,355351151.7051239,1.0
2021-07-22,16.327211730346747,16.478934591736326,16.082766395051824,16.403072357177734,18585854.0,304865107.9819412,1.0
2021-07-23,16.327210104183866,16.327210104183866,15.6275930389457,15.91418170928955,34410655.0,547617416.405673,1.0
2021-07-26,15.754029822995255,15.754029822995255,14.33793703786389,14.363224983215332,73196246.0,1051334149.2247752,1.0
2021-07-27,14.321080162952756,14.548666875828443,13.292727708528494,13.402305603027344,65165605.0,873369353.0161667,1.0
2021-07-28,13.469737333816871,13.621461795655334,12.7026873169469,12.93027400970459,52361669.0,677050727.7754545,1.0
2021-07-29,13.301155648473944,13.579317442418589,13.20000627061398,13.461309432983398,40860065.0,550029978.4168148,1.0
2021-07-30,13.444450635506342,13.790045343759726,13.233722566599146,13.410734176635742,33256472.0,445993705.6447296,1.0
2021-08-02,13.360159433833086,13.840619157290938,13.065139825896374,13.705753326416016,31305599.0,429066817.6296959,1.0
2021-08-03,13.318013694278614,13.402304436855964,12.550963676346797,12.98084831237793,86597045.0,1124103105.4451656,1.0
2021-08-04,12.93027400970459,13.166289214003712,12.753262405514306,12.93027400970459,47374360.0,612563455.8343887,1.0
2021-08-05,12.727975280142864,12.854411795934418,12.053645320239124,12.567821502685549,60041925.0,754596196.0776329,1.0
2021-08-06,12.56782119356742,12.635254107512838,12.121077937713093,12.230656623840332,39320389.0,480914176.1748285,1.0
2021-08-09,12.247514777407044,12.500388613386036,11.96935379898928,12.475101470947266,41430205.0,516846011.3371468,1.0
2021-08-10,12.458243412278824,12.744833719293691,12.36552334983558,12.685830116271973,36581924.0,464072073.19037247,1.0
2021-08-11,12.584681572017589,13.014566257165344,12.542535793981653,12.593110084533691,39322999.0,495198855.26100826,1.0
2021-08-12,12.559393399403714,12.837554404082072,12.525676938347663,12.534106254577637,26524442.0,332460174.37138176,1.0
2021-08-13,12.47510207900843,12.584680773402535,12.26437400606526,12.32337760925293,23582198.0,290612330.8101692,1.0
2021-08-16,12.188512202239192,12.517248297047392,12.1716535699529,12.3908109664917,23597441.0,292391430.72394085,1.0
2021-08-17,12.306520474518544,12.66897223376636,12.1295088511226,12.357094764709473,40083048.0,495310022.5943985,1.0
2021-08-18,12.357093466460066,12.517247244254392,12.06207466103771,12.475101470947266,33815456.0,421851244.8863525,1.0
2021-08-19,12.500388709077823,12.93870346864526,12.466672250946772,12.660542488098145,36540344.0,462620577.7417221,1.0
2021-08-20,12.643684360796206,12.643684360796206,12.137936664818836,12.27280330657959,30067385.0,369011102.0482016,1.0
2021-08-23,12.314947667238672,12.685829506924424,12.247514751634675,12.567821502685549,24372396.0,306307922.5207672,1.0
2021-08-24,12.626826046837088,12.685830455299495,12.39924014062553,12.517248153686523,20406785.0,255436791.86392784,1.0
2021-08-25,12.702688300362045,13.10728662863316,12.702688300362045,12.888129234313965,35625480.0,459145790.27446747,1.0
2021-08-26,12.736403818496672,12.845982507549696,12.45824284007891,12.475101470947266,25540325.0,318618145.9759712,1.0
2021-08-27,12.373951981350778,12.47510135402158,12.19694037821094,12.239086151123049,23521954.0,287887221.44875336,1.0
2021-08-30,12.222228548884994,12.32337793006728,11.328741142645733,11.463607788085938,57603700.0,660346223.9425659,1.0
2021-08-31,10.98314689090611,11.792342719787326,10.966289063150146,11.311882972717283,46937495.0,530951450.4725027,1.0
2021-09-01,11.564756542560293,12.44138526916504,11.505752137170276,12.44138526916504,51443893.0,640033292.5587025,1.0
2021-09-02,12.81226703087129,13.149432439285482,12.475102426320923,12.795409202575684,84336493.0,1079119938.6451595,1.0
2021-09-03,12.626826365086718,12.938704635761152,12.39081113687997,12.812267303466797,44911282.0,575415349.9253769,1.0
2021-09-06,12.854412570718663,13.292727352427308,12.7279760473063,13.200006484985352,46370268.0,612087838.3105087,1.0
2021-09-07,13.149431085899987,14.034488282717469,12.98084799711214,13.781615257263184,57772109.0,796192978.8386717,1.0
2021-09-08,13.823760710977377,15.104987729114594,13.823760710977377,14.90268898010254,100582533.0,1498950206.1299,1.0
2021-09-09,14.295791224343713,14.54023655258922,13.916481670217046,13.99234390258789,68662431.0,960748347.7397118,1.0
2021-09-10,13.89119463624041,13.992344821956808,13.360160582480392,13.444451332092283,51817270.0,696654764.6768856,1.0
2021-09-13,13.377018289835988,14.582382348905403,13.166290211916962,14.262076377868652,63753450.0,909256573.2526302,1.0
2021-09-14,13.97548674369686,14.481234476871087,13.739470706154828,13.924912452697754,47029380.0,654879999.2046547,1.0
2021-09-15,13.98391395110608,14.245216290874348,13.663606405055642,13.967055320739746,29175773.0,407499635.516345,1.0
2021-09-16,13.806902367399344,14.118780616782129,13.334871943210944,13.410734176635742,36903545.0,494903632.1705151,1.0
2021-09-17,13.360160058036463,13.385447201541018,12.812266589679124,13.191576957702637,29284463.0,386308247.3294954,1.0
2021-09-22,12.947132093629824,13.191576618185952,12.727975515791202,12.896557807922363,20376092.0,262781448.3775444,1.0
2021-09-23,12.96399117500999,13.621462539087172,12.96399117500999,13.284297943115234,34233133.0,454763138.2982903,1.0
2021-09-24,13.28429756727908,13.840619536825352,13.19157670311218,13.495025634765623,29660287.0,400266333.3995056,1.0
2021-09-27,13.511885092276977,13.570888697544891,12.92184582414246,13.031424522399902,23010822.0,299863790.0913792,1.0
2021-09-28,12.96399125849898,13.115715729595372,12.770121011668726,12.87969970703125,17567504.0,226264176.1220703,1.0
2021-09-29,12.79540807620542,12.79540807620542,12.272802583225014,12.331806182861328,26617471.0,328241493.4499321,1.0
2021-09-30,12.432955809843412,12.79540833814644,12.432955809843412,12.711116790771484,16595831.0,210951546.0809059,1.0
2021-10-08,12.879699771530245,13.022994927424694,12.643684551648017,12.694259643554688,25711231.0,326385042.06941223,1.0
2021-10-11,12.68583018236719,13.790045640936947,12.48353142478403,13.284297943115234,47683186.0,633437649.7009811,1.0
2021-10-12,13.065140898965778,13.166290280429594,12.357094424855228,12.525676727294922,38083282.0,477018879.0464096,1.0
2021-10-13,12.52567543209546,12.761691434969968,12.475101148525027,12.643683433532717,15490582.0,195858015.00918007,1.0
2021-10-14,12.491959994595293,12.677400925169938,12.382381299431357,12.508818626403809,14811597.0,185275580.4403868,1.0
2021-10-15,12.896557262976115,13.098856004985343,12.58467983474596,12.643683433532717,28098777.0,355272041.2574301,1.0
2021-10-18,12.416097488622372,12.542534812839598,12.171652959772285,12.222228050231934,25444488.0,310988334.95738983,1.0
2021-10-19,12.264374472392884,12.702688462771489,12.13793714150118,12.61839771270752,27195496.0,343163584.5223465,1.0
2021-10-20,12.584680794014918,13.107286319306295,12.416097692293215,12.963991165161133,33772016.0,437820117.0536804,1.0
2021-10-21,12.812267092304214,13.039853804364826,12.702688394333975,12.803837776184082,18287186.0,234146162.92690468,1.0
2021-10-22,12.820695801793,13.115715421127698,12.736404252307716,12.955561637878418,25309589.0,327899940.3188696,1.0
2021-10-25,12.972420917131984,13.09042812766782,12.711117743769798,13.031424522399902,21235072.0,276723237.99572754,1.0
2021-10-26,12.947133718611845,14.07663722731294,12.888130109926395,13.621463775634766,49318143.0,671785298.3560753,1.0
2021-10-27,13.629891565019436,13.950197522447372,13.587746594317297,13.874335289001465,43304322.0,600818682.8908825,1.0
2021-10-28,13.874336343781184,14.118781694074451,13.587747627309453,13.91648292541504,33997886.0,473131000.019207,1.0
2021-10-29,14.085063318171006,14.978551485625529,13.916481828111198,14.64981460571289,65352532.0,957402477.8139192,1.0
2021-11-01,14.717248371708337,15.256713351090712,14.6413877418311,14.68353271484375,68081086.0,999670853.5430908,1.0
2021-11-02,14.616099285761448,14.911118909786794,14.118780904391537,14.28736400604248,55238338.0,789210242.0948086,1.0
2021-11-03,14.245216948823888,14.868971831640566,14.17778403197148,14.455945014953612,40329664.0,583003405.2555542,1.0
2021-11-04,14.413800982353663,15.088130194739003,14.354797377235904,15.045985221862791,47493458.0,714585867.2031612,1.0
2021-11-05,15.045982985193223,16.327209905991477,14.885829218161588,15.669737815856934,116089678.0,1819094817.3872547,1.0
2021-11-08,15.91418352318765,16.25134972950932,15.425294453294375,15.998475074768066,85290082.0,1364511251.0019245,1.0
2021-11-09,15.754031123362198,16.00690416683935,15.425294237568778,15.475870132446287,54411269.0,842061732.7856007,1.0
2021-11-10,15.762459911676736,16.38621479141004,15.619164763107763,15.956329345703123,64154726.0,1023673937.1393431,1.0
2021-11-11,15.846750184332135,16.310352901898618,15.315716156557984,15.981616020202637,59892274.0,957175325.644766,1.0
2021-11-12,15.846751191093622,16.689663522699192,15.686599005652496,16.436790466308594,61343791.0,1008295039.0760268,1.0
2021-11-15,16.43678857431088,17.608436065904346,15.931040912017355,17.262842178344727,81013698.0,1398526682.8580818,1.0
2021-11-16,16.97625094864195,18.282765804431712,16.891961016039794,17.937171936035156,76709173.0,1375945625.1720655,1.0
2021-11-17,17.61686609504249,18.274338243438702,17.380851688741974,17.56629180908203,72004855.0,1264858294.600639,1.0
2021-11-18,17.701159177602296,17.701159177602296,16.057479468019572,16.39464569091797,90675507.0,1486592810.109352,1.0
2021-11-19,16.19234423697674,17.06897378583505,16.15019926578177,16.714950561523438,62446670.0,1043793001.7817688,1.0
2021-11-22,16.563225445633314,17.13640603476191,16.419930298351165,16.639087677001953,45823034.0,762453480.3522415,1.0
2021-11-23,16.521081446863967,16.94253759802005,16.141770267732444,16.81610107421875,47166053.0,793149114.5199585,1.0
2021-11-24,16.74866711707798,17.060543749291117,16.655946255093113,16.824527740478516,35947771.0,604804270.3978691,1.0
2021-11-25,17.03525629033104,17.65901278805609,16.64751741589785,16.655946731567383,48785839.0,812574335.6388226,1.0
2021-11-26,16.596944194324475,17.296561362501574,16.529511272369852,16.748668670654297,34390768.0,575999578.5613403,1.0
2021-11-29,16.478934091586524,16.959395431784376,16.403071859330417,16.596942901611328,28162210.0,467406591.3531876,1.0
2021-11-30,16.504222306419937,16.858245526791666,15.509585563102815,15.880467414855955,62531489.0,993029273.4669236,1.0
2021-12-01,15.65288020966883,15.981615472368508,15.644450894249925,15.94789981842041,25906163.0,413148892.2036696,1.0
2021-12-02,15.80460534872708,15.973188448871207,15.551732306238485,15.661310195922852,19914873.0,311893003.5654087,1.0
2021-12-03,15.762461214137184,16.411502486366043,15.6781696595914,16.209203720092773,31357714.0,508283574.4224053,1.0
2021-12-06,16.108056515257573,16.33564164190415,15.821466169984882,16.27663803100586,28067683.0,456847516.56001663,1.0
2021-12-07,16.183914027215405,16.19234173396957,15.804602914184049,16.040618896484375,27437348.0,440112042.7982178,1.0
2021-12-08,16.09962524914283,17.642154693603516,15.779317674863162,17.642154693603516,71795281.0,1266623453.6727333,1.0
2021-12-09,18.01303665153636,18.24062175184009,17.431426711365418,17.557863235473633,77742049.0,1364984263.9874897,1.0
2021-12-10,17.44828527968268,18.06361087376582,17.304990124155186,17.743303298950195,54769530.0,971792382.3309516,1.0
2021-12-13,17.89502666634383,18.729509600202984,17.76859015049745,18.501924514770508,74685236.0,1381820598.8398209,1.0
2021-12-14,18.45135111054476,19.43755863950761,18.10575717035268,18.864377975463867,76380641.0,1440873281.8322124,1.0
2021-12-15,18.965525024440097,19.95173239002008,18.308052911477613,18.34177017211914,75613857.0,1386891986.921482,1.0
2021-12-16,18.71265266684898,18.94866706883364,17.852881782605493,18.417633056640625,66134509.0,1218041119.143097,1.0
2021-12-17,18.40920582025975,18.75479975453408,17.819166533205795,18.14790344238281,48725366.0,884263237.3627625,1.0
2021-12-20,17.869742073129135,18.12261512951973,16.39464549281939,16.436790466308594,75016318.0,1233027500.5199738,1.0
2021-12-21,16.39464339814156,16.91724807663841,16.301922539038664,16.478933334350586,50377316.0,830164431.9275131,1.0
2021-12-22,16.85824642813507,17.448285696210867,16.546368161814403,17.119548797607422,59875091.0,1025034542.135685,1.0
2021-12-23,17.642154051205832,17.642154051205832,17.052114819687734,17.15326499938965,41447469.0,710959419.3109875,1.0
2021-12-24,17.153266440840394,17.86974225139825,17.02682991138376,17.549434661865234,47114708.0,826836489.6588593,1.0
2021-12-27,16.959394612287493,17.262841918921453,16.301922500413546,16.377784729003906,67864423.0,1111468910.6520617,1.0
2021-12-28,16.546366762184924,17.043685118365794,16.226060814544674,16.411500930786133,54692627.0,897588098.9176388,1.0
2021-12-29,16.419931574758415,16.487364495913837,15.98161678338433,16.15019989013672,36373181.0,587434143.790123,1.0
2021-12-30,16.099625846690106,17.36399434342921,16.082767214212275,17.077404022216797,60728474.0,1037084686.1506882,1.0
2021-12-31,17.27970258883845,17.321847561817723,16.790813506731638,17.119548797607422,45417310.0,777523854.8010635,1.0
2022-01-04,17.11111713153353,17.616864776466937,17.018397882167072,17.414566040039062,62307268.0,1085054033.3604126,1.0
2022-01-05,17.321848859560045,17.869743195704476,16.85824769114468,17.27127456665039,65255687.0,1127048887.2123983,1.0
2022-01-06,16.858245055652745,16.917248656111123,16.301923097434404,16.639087677001953,51908825.0,863715490.3851509,1.0
2022-01-07,16.630660088790744,17.203840737449315,16.006905149876324,16.16705894470215,62550629.0,1011259706.0711956,1.0
2022-01-10,15.931043574970086,16.099626693156598,15.08813119949307,15.55173397064209,64422035.0,1001874350.1673936,1.0
2022-01-11,15.568589973633497,15.593877922018724,14.919548709022497,15.096559524536133,58569371.0,884195995.6161404,1.0
2022-01-12,15.130276591635967,15.2229958523834,14.801539697827833,15.138704299926758,43428779.0,657455443.3878689,1.0
2022-01-13,15.11341730375766,15.1977088525565,14.498091730663,14.59924030303955,44010354.0,642517733.8678379,1.0
2022-01-14,14.329507781085546,14.767822522596877,14.253645552449838,14.514947891235352,45522831.0,660761519.8265133,1.0
2022-01-17,14.5233785053422,14.776253159320564,14.41380061402758,14.66667366027832,37450125.0,549268761.9116306,1.0
2022-01-18,14.69196184975078,14.69196184975078,14.135639852662766,14.262076377868652,43042167.0,613870673.2229776,1.0
2022-01-19,15.062844087955584,15.17242198377153,14.278935361557624,14.464375495910645,78846317.0,1140462735.557603,1.0
2022-01-20,14.253646091143647,14.388511923209178,13.806902017596876,14.211501121520996,45676678.0,649134160.6243534,1.0
2022-01-21,14.152497396018896,14.32950819614441,13.6551790417698,13.705753326416016,39892182.0,546752406.1444931,1.0
2022-01-24,12.331806182861328,12.491959154958648,12.331806182861328,12.331806182861328,39225682.0,483723507.8145523,1.0
2022-01-25,12.323377809741956,12.331807125724133,11.63218997647984,11.69119358062744,108255817.0,1265639712.775979,1.0
2022-01-26,11.800772406389816,12.011500485075349,11.463607802038492,11.514182090759276,60757846.0,699576902.2863102,1.0
2022-01-27,11.53946873328885,11.547898048997013,11.12644190995432,11.168587684631348,44558236.0,497652565.8384972,1.0
2022-01-28,11.31188337493107,11.649047980676803,11.151729584303974,11.472036361694336,50782170.0,582574900.7657433,1.0
2022-02-07,11.69962292936703,11.69962292936703,11.354029011768354,11.59847354888916,42191315.0,489354851.02035046,1.0
2022-02-08,11.573185088224877,11.716480238520395,11.421461426160748,11.665905952453612,33820103.0,394542140.9002943,1.0
2022-02-09,11.598472212142887,11.9440660899112,11.556326440835202,11.901920318603516,42006153.0,499953885.897068,1.0
2022-02-10,11.893492393072613,12.028359037786272,11.741768724048455,11.969354629516602,31804004.0,380673402.5145645,1.0
2022-02-11,11.834488770004189,11.918780322334324,11.56475708872987,11.59847354888916,36416424.0,422374930.5091324,1.0
2022-02-14,11.539468464228907,11.758625844348437,11.446748405192386,11.615330696105955,26783884.0,311103669.9861412,1.0
2022-02-15,11.615330440447584,11.842917131069454,11.56475615621856,11.649046897888184,24168900.0,281544649.5703697,1.0
2022-02-16,11.741768898303162,11.868205425010322,11.640619516164668,11.750197410583496,27550029.0,323718279.4173002,1.0
2022-02-17,11.699622803250726,11.910350877940695,11.556327648152443,11.775485038757324,28735137.0,338370175.830142,1.0
2022-02-18,11.665905355977683,11.994640610194931,11.62375958383442,11.81762981414795,24713761.0,292058078.81332684,1.0
2022-02-21,11.775484061047155,12.003069944806844,11.741767604050766,11.868204116821287,32738016.0,388541456.2677612,1.0
2022-02-22,11.716479736480885,11.73333836702329,11.109583506501703,11.370885848999023,58512915.0,665343677.1571827,1.0
2022-02-23,11.379315532708738,11.74176806246846,11.37088621716461,11.573184967041016,41303920.0,478017906.0238648,1.0
2022-02-24,11.4804648957304,11.590043586098988,10.907284301145095,11.109583854675291,57182299.0,635271545.7436152,1.0
2022-02-25,11.20230437081381,11.421461760488436,11.160158595281947,11.227591514587402,31699081.0,355904332.85581875,1.0
2022-02-28,11.252878315604244,11.269736141780962,10.915712949568892,11.12644100189209,29376347.0,326854191.7466097,1.0
2022-03-01,11.134870316912313,11.2360196855638,11.033720948260823,11.12644100189209,22258674.0,247659823.0413494,1.0
2022-03-02,11.067438398810188,11.126442001525351,10.983146848762413,11.084296226501465,18224010.0,202000325.27472496,1.0
2022-03-03,11.12644198565741,11.15172912909016,11.000005464629858,11.033721923828123,21735033.0,239818310.1272277,1.0
2022-03-04,10.94100107373852,11.210733551573131,10.721844490569136,11.084296226501465,43169533.0,478503891.73173046,1.0
2022-03-07,11.000005262437922,11.02529240540587,10.536403354085408,10.612265586853027,41868322.0,444317752.7398815,1.0
2022-03-08,10.544832151288846,10.71341443589358,10.148663179569914,10.266671180725098,31621385.0,324646362.0741129,1.0
2022-03-09,10.266671879269786,10.350962625375429,9.499621829230328,10.03065586090088,38729870.0,388485997.5074291,1.0
2022-03-10,10.249812230570194,10.334103772174796,10.0643713213583,10.072800636291504,30881100.0,311059163.7293816,1.0
2022-03-11,9.83678594798444,10.48582795760425,9.777782348163663,10.418395042419434,37777859.0,393584658.9188204,1.0
2022-03-14,10.342534417993535,10.519545231186402,10.224526405334473,10.224526405334473,23553773.0,240826173.98375416,1.0
2022-03-15,10.14023428334175,10.224525831058694,9.600770950317385,9.600770950317385,32353823.0,310621643.9901104,1.0
2022-03-16,9.75249473780253,10.013797896036916,9.314180774012195,9.88736057281494,40591095.0,401338792.3103857,1.0
2022-03-17,10.13180551691829,10.873567581176758,10.114946886253264,10.873567581176758,40312580.0,438341563.00159454,1.0
2022-03-18,10.7639914063214,11.00000664605789,10.578550458882216,10.721845626831056,57337167.0,614760253.2538319,1.0
2022-03-21,10.949430676982116,11.387745462555989,10.814564836455949,10.957859992980955,57156960.0,626317965.3044128,1.0
2022-03-22,10.873568065755949,11.261307745829775,10.797706635973846,11.168587684631348,42374423.0,473262458.8611593,1.0
2022-03-23,11.21073329559689,11.573185023253307,11.075867461690894,11.387744903564451,66807809.0,760790286.4580574,1.0
2022-03-24,11.219162945409552,11.269737232699056,10.907284690381118,10.949430465698242,40061843.0,438654364.2562199,1.0
2022-03-25,10.98314651045003,11.126441658799072,10.772418445685412,10.789277076721191,35072959.0,378411872.5514822,1.0
2022-03-28,10.747131501112817,11.042151118767311,10.713415042283485,10.941000938415527,33790788.0,369705043.21780014,1.0
2022-03-29,10.95785990703093,11.01686351083237,10.68812822809428,10.772418975830078,31143671.0,335492672.4574089,1.0
2022-03-30,10.772419475104025,11.1854471324483,10.73870301367427,10.974719047546388,34915307.0,383185684.7838297,1.0
2022-03-31,10.856710010457208,11.059008760026677,10.780847778402714,10.839851379394531,25353194.0,274824854.95295715,1.0
2022-04-01,10.7049861894505,11.345599738769131,10.544833204052754,11.236021041870115,61466423.0,690638022.1964893,1.0
2022-04-06,11.210733671521158,11.792342800709536,11.07586783309277,11.177017211914062,41428796.0,463050365.96087646,1.0
2022-04-07,11.075867066493446,11.514181011048471,10.856709692284056,10.86513900756836,37460876.0,407017625.0852814,1.0
2022-04-08,10.865139256790744,10.89885571483759,10.367820897701954,10.561690330505373,33017522.0,348720842.8446484,1.0
2022-04-11,10.44368415598914,10.814565230965655,10.157093832484453,10.426825523376465,34554772.0,360296578.6440544,1.0
2022-04-12,10.957859834818072,11.109584305151971,10.258242694288793,10.443683624267578,70127822.0,732392786.2269516,1.0
2022-04-13,10.123377335300267,10.266672496545544,9.80307055156752,9.828357696533203,50655330.0,497858702.47592926,1.0
2022-04-14,9.803069694699452,10.232955140859795,9.794640379159734,10.013797760009766,32708357.0,327534872.06019974,1.0
2022-04-15,10.367822365294378,10.915715087077205,10.241385026823346,10.721845626831056,74074639.0,794216844.2212391,1.0
2022-04-18,10.67969937258924,10.67969937258924,10.24138457155656,10.376251220703123,41765226.0,433366477.2654419,1.0
2022-04-19,10.30038784277788,10.56169018815311,10.283529212049798,10.418395042419434,29171468.0,303919877.59129715,1.0
2022-04-20,10.40996674251442,11.396174151967944,10.367820968701304,11.109583854675291,84934433.0,943586205.5628004,1.0
2022-04-21,10.966288522546344,11.41303178821761,10.890426291724784,11.008434295654297,73555664.0,809732694.2172241,1.0
2022-04-22,10.873568823800309,11.109584856899865,10.494258432991248,11.067439079284668,51893086.0,574323567.9410801,1.0
2022-04-25,10.789276328339469,11.06743729022545,10.0643713213583,10.072800636291504,54192999.0,545875274.8097448,1.0
2022-04-26,10.452112012734526,11.084296226501465,10.334104807304197,11.084296226501465,93909867.0,1040924784.4193544,1.0
2022-04-27,11.379316124061273,11.75019718477504,10.890427051188484,11.69119358062744,144336781.0,1687469247.4756289,1.0
2022-04-28,11.547898677064952,12.348665224025456,11.396175005385002,12.298090934753418,145281132.0,1786680572.4399147,1.0
2022-04-29,12.070503626290575,13.31801422220617,11.885063502951285,12.449814796447754,140864528.0,1753737284.989029,1.0
2022-05-05,12.2053683399078,12.660541702218609,12.12950691671972,12.491958618164062,100874160.0,1260115832.3620603,1.0
2022-05-06,12.053644927264624,12.13793566708968,11.67433458839252,11.68276309967041,86695584.0,1012843969.6595764,1.0
2022-05-09,11.716480076524904,12.019929004185151,11.640618648473612,11.88506317138672,63098465.0,749929242.5425339,1.0
2022-05-10,11.590044409388703,12.053646346537016,11.47203639510213,12.019929885864258,70665724.0,849397047.8138351,1.0
2022-05-11,12.019928879355776,12.348664142422034,11.758625728124663,11.79234218597412,91648881.0,1080754965.713622,1.0
2022-05-12,11.573184928210624,11.9272081412384,11.556327101042704,11.88506317138672,55679021.0,661748681.9059677,1.0
2022-05-13,11.935637030814066,12.045215717018266,11.741767604050766,11.868204116821287,48190598.0,571935853.5756798,1.0
2022-05-16,11.868204600334394,12.576251029968262,11.775484540782829,12.576251029968262,96250765.0,1210473782.466483,1.0
2022-05-17,12.390809250049568,12.54253370415317,12.180081198845109,12.491958618164062,66971169.0,836601071.7580719,1.0
2022-05-18,12.542535256992233,12.85441271492344,11.969354629516602,11.969354629516602,81221758.0,972172025.1347772,1.0
2022-05-19,11.7417683966191,12.196940998726332,11.733339080835089,12.13793659210205,52924046.0,642388714.5454922,1.0
2022-05-20,12.15479603208239,12.382381946340786,12.062075963882872,12.264374732971191,52826444.0,647883305.0263176,1.0
2022-05-23,12.348665011895775,12.542535261078443,12.1295084223753,12.289661407470703,50094338.0,615642452.4513931,1.0
2022-05-24,12.213798765744365,12.239086712970748,11.851347031334557,11.85977554321289,47544214.0,563863706.4184799,1.0
2022-05-25,11.783913948742716,12.298090982822464,11.682764565939443,12.255945205688477,52949627.0,648947727.1736431,1.0
2022-05-26,12.47644150747234,12.47644150747234,12.01707326087564,12.23756980895996,58666410.0,717934287.8160667,1.0
2022-05-27,12.237569889927586,12.347818164699184,11.870075640688928,11.906825065612791,44132143.0,525473706.47160816,1.0
2022-05-30,11.934386502166769,12.072197497992647,11.631203537995352,12.03544807434082,38642839.0,465083882.2296124,1.0
2022-05-31,11.943574410595597,12.66018862990222,11.870075561239808,12.485629081726074,76329679.0,953024059.921216,1.0
2022-06-01,12.347817913248972,12.54075260921421,12.182445942546902,12.301881790161133,47323929.0,582173380.4039783,1.0
2022-06-02,12.210008527062197,12.632627368623153,12.007886243835102,12.540753364562988,56361013.0,706809563.4099283,1.0
2022-06-06,12.522378960207394,12.779624942275088,12.412130682178384,12.696938514709473,58355606.0,740937541.3706112,1.0
2022-06-07,12.724501238052332,12.981747220053393,12.504003805875993,12.779624938964844,62708802.0,801394969.9318085,1.0
2022-06-08,13.284930474069528,13.36761690329716,12.43969278268222,12.549941062927246,105619323.0,1325516278.756276,1.0
2022-06-09,12.448879818216326,13.18386919746506,12.43969224288406,12.917435646057127,94366881.0,1218978112.4366312,1.0
2022-06-10,12.724500462258243,13.04605770111084,12.59587704101198,13.04605770111084,78601967.0,1025445796.90281,1.0
2022-06-13,12.908248371396647,12.990934798962266,12.430504957095504,12.696938514709473,66564702.0,845167928.5439587,1.0
2022-06-14,12.430504507577592,12.48562908268637,11.9435744115142,12.23756980895996,75419276.0,922948654.9912186,1.0
2022-06-15,12.154883795447317,12.577502631655731,12.09976009464972,12.274319648742676,61087647.0,749809305.8675566,1.0
2022-06-16,12.338631504698691,13.505426406860352,12.283506929050512,13.505426406860352,172771501.0,2333352791.9583,1.0
2022-06-17,13.652424193725702,13.725923044273117,12.779624686343595,13.091995239257812,166871815.0,2184685007.5463104,1.0
2022-06-20,13.101182445925222,13.358428415601727,12.99093417320672,13.22980499267578,89530034.0,1184464890.8076324,1.0
2022-06-21,13.22061878992681,13.321679491334471,12.93581008425006,13.10118293762207,79237657.0,1038107039.90555,1.0
2022-06-22,13.13793220275854,13.165494052592065,12.586689949035645,12.586689949035645,71263850.0,896975984.5245838,1.0
2022-06-23,12.58669075344887,12.917436477290671,12.347819036491003,12.908248901367188,62272373.0,803827290.3627777,1.0
2022-06-24,12.816374901183526,12.935810759724898,12.706126618570444,12.825562477111816,47533688.0,609646285.2115402,1.0
2022-06-27,12.889872137739117,13.165493247751128,12.816373291892628,12.935809135437012,57896296.0,748935434.7047653,1.0
2022-06-28,12.678564634203102,12.9817476272583,12.62344005538604,12.9817476272583,52812009.0,685592172.526494,1.0
2022-06-29,12.889872137739117,13.202242670674371,12.862310289590525,12.935809135437012,64316931.0,831991543.5930719,1.0
2022-06-30,12.944997822367904,13.367616660381758,12.935810246803914,13.20224380493164,73133617.0,965527841.9704932,1.0
2022-07-01,13.229804943948766,13.229804943948766,12.862310702907282,12.972558975219728,45204582.0,586419105.9451561,1.0
2022-07-04,12.862310584029752,13.13793170035118,12.696937739001822,13.128744125366213,44332854.0,582034696.5132179,1.0
2022-07-05,13.119556318915986,13.165493316854995,12.494816125941655,12.687750816345217,66338597.0,841687588.2419462,1.0
2022-07-06,12.678563656684702,12.972559051240742,12.522378384282955,12.72450065612793,43071622.0,548064882.3994942,1.0
2022-07-07,12.60506522734499,12.678564078428892,12.347818372375915,12.43050479888916,37927311.0,471455621.3944616,1.0
2022-07-08,12.43050492173328,12.715313629629575,12.384567920308015,12.439692497253418,37418532.0,465475031.7786369,1.0
2022-07-11,12.338631384288426,12.375380808970114,12.108947260984028,12.15488338470459,32444700.0,394361544.951725,1.0
2022-07-12,12.338631755628109,12.42131818269426,12.173258901495805,12.265132904052734,28514503.0,349734168.9880104,1.0
2022-07-13,12.320256232899505,12.678563780649576,12.25594495875541,12.402942657470703,40887915.0,507130465.1285362,1.0
2022-07-14,12.200820790782386,12.439692497253418,12.06301066268202,12.439692497253418,31872484.0,396483900.0836296,1.0
2022-07-15,12.577502375128288,12.85312350202105,12.45806740044432,12.504003524780272,60109868.0,751614001.346077,1.0
2022-07-18,12.59587783984631,13.312492086693954,12.559128413756056,13.11955738067627,70749486.0,928201941.2303524,1.0
2022-07-19,13.101183882899756,13.24818159598088,13.018497450247752,13.183870315551758,60444811.0,796896549.4720364,1.0
2022-07-20,13.303303965014084,13.44111496432683,13.101182567902686,13.23899269104004,60717804.0,803842563.3720016,1.0
2022-07-21,13.303304008660138,13.872921405807686,13.183869035509463,13.744297981262209,121497757.0,1669901376.2629862,1.0
2022-07-22,13.689174735224254,13.689174735224254,13.101183882899756,13.183870315551758,83123368.0,1095887703.903885,1.0
2022-07-25,13.137931946746788,13.551363190894946,13.027683673385638,13.064433097839355,43468758.0,567894680.7371693,1.0
2022-07-26,13.101183132653402,13.578925672808872,13.101183132653402,13.542176246643066,63080491.0,854247126.8467817,1.0
2022-07-27,13.505425873650069,13.771859413717111,13.413552752764234,13.707548141479492,55049456.0,754593068.2822571,1.0
2022-07-28,13.707548511194927,13.900483209286929,13.560550812872524,13.569738388061523,57455158.0,779651463.1047401,1.0
2022-07-29,13.707548803715126,14.130167633498449,13.468677100755984,13.679986953735352,65599068.0,897394394.4171982,1.0
2022-08-01,13.514614142242792,13.946420548712767,13.330867014864744,13.854546546936035,55570785.0,769908027.4322748,1.0
2022-08-02,13.643238518683685,13.652425218560165,12.981747937926018,13.266555786132812,69029166.0,915779281.6092224,1.0
2022-08-03,13.431928462549422,13.6616126035838,12.825562470406735,12.908248901367188,65789273.0,849224310.923996,1.0
2022-08-04,13.027685026359192,13.193057015487716,12.834750308896345,13.183870315551758,41791961.0,550979794.0565968,1.0
2022-08-05,13.193055895040818,14.038293549649255,13.156306469891556,13.845358848571776,78770566.0,1090606752.9751072,1.0
2022-08-08,13.781047698094827,13.882108399124371,13.661611846236957,13.771860122680664,40496596.0,557713455.5567093,1.0
2022-08-09,13.771859999648491,13.79023515031266,13.542175873398817,13.762672424316406,37127129.0,510968514.482338,1.0
2022-08-10,13.707548805589566,13.854546507069012,13.487052253370395,13.59730052947998,39617731.0,538694194.7030954,1.0
2022-08-11,13.698361385555891,14.038293793126126,13.5973006836865,14.029107093811035,66263876.0,929623012.8550148,1.0
2022-08-12,14.075042532362502,14.957030460571133,13.84535841335567,14.644659042358398,105872373.0,1550464804.5903912,1.0
2022-08-15,14.73653343069451,14.837593248126725,14.14854091382656,14.185290336608888,96015804.0,1362012056.642933,1.0
2022-08-16,14.222041096267358,14.231228671870412,13.817797407662722,13.964795112609863,61528379.0,859231206.3460073,1.0
2022-08-17,14.001544560458225,14.488475554066504,13.900483857194937,14.470100402832031,74859315.0,1083221804.13723,1.0
2022-08-18,14.222040375643555,14.222040375643555,13.744297858772327,13.900483131408691,76523776.0,1063717457.4396971,1.0
2022-08-19,13.79023569188286,14.212854535826372,13.71673683869055,13.725923538208008,58974392.0,809477995.304306,1.0
2022-08-22,13.670799296807695,13.983169848633306,13.340054470496971,13.928045272827148,44595109.0,621122697.0986614,1.0
2022-08-23,13.799423636819013,13.918858619320764,13.624863198684826,13.75348663330078,37115020.0,510460931.4646912,1.0
2022-08-24,13.753485018964966,14.37822521448652,13.744297444104632,13.781046867370604,85523901.0,1178608887.9613638,1.0
2022-08-25,13.882107860164885,14.13935470472159,13.24818007618134,14.056668281555176,75459124.0,1060703874.8847388,1.0
2022-08-26,13.946419935530436,14.405788171866217,13.826984088942089,14.222040176391602,67830503.0,964688138.850851,1.0
2022-08-29,13.964795108811105,14.148542239945044,13.790235553277716,14.047481536865234,40017827.0,562149685.9279671,1.0
2022-08-30,13.973982148521197,14.369039122440643,13.928045148455498,14.084230422973633,42591899.0,599874119.6680202,1.0
2022-08-31,13.964794783178595,14.387413613019712,13.56055110411012,13.59730052947998,61505443.0,836307992.6698008,1.0
2022-09-01,13.560551109810966,13.70754881135221,13.321679406718737,13.349241256713867,41677119.0,556357916.4157734,1.0
2022-09-02,13.275742928297628,13.66161234811372,13.220619226138442,13.560551643371582,36104691.0,489599526.8734732,1.0
2022-09-05,13.55136379799766,13.55136379799766,12.862311401489306,13.036870956420898,54618822.0,712058534.2057228,1.0
2022-09-06,13.036870952929345,13.128744956242691,12.770437394731154,13.11955738067627,35122526.0,460791995.2112942,1.0
2022-09-07,13.027684636184429,13.027684636184429,12.816374772827356,12.89906120300293,31075545.0,400845356.8716717,1.0
2022-09-08,12.98174734889814,13.046058625992844,12.669376786708838,12.70612621307373,31873155.0,404984330.2388621,1.0
2022-09-09,12.696938915482136,12.917436354675482,12.55912878263982,12.89906120300293,24926000.0,321521999.546051,1.0
2022-09-13,12.899061197120435,13.091995908716967,12.88068692163172,12.9817476272583,22824899.0,296307078.4356604,1.0
2022-09-14,12.696937448348246,13.0093079812835,12.6785631749743,12.935809135437012,18467868.0,238896815.58644485,1.0
2022-09-15,13.000120402833057,13.036869825745908,12.60506432556372,12.85312271118164,23254870.0,298897697.7425766,1.0
2022-09-16,12.797999629256395,12.99093432785437,12.54994035555526,12.568315505981444,22889370.0,287680823.8931465,1.0
2022-09-19,12.44887965833349,12.549940357164282,12.01707326119211,12.15488338470459,29567750.0,359392553.19809914,1.0
2022-09-20,12.246757632283574,12.320256483134044,12.099759930582636,12.173258781433104,16548768.0,201452435.3778992,1.0
2022-09-21,12.108947093386622,12.2467572149917,11.851700247999908,12.219195365905762,23621501.0,288635735.5549383,1.0
2022-09-22,12.118134333229818,12.246757761664693,12.007886055789395,12.01707363128662,14808084.0,177949835.7662773,1.0
2022-09-23,11.943574319809604,12.072197743292232,11.447456652341453,11.55770492553711,30999163.0,358279178.8926277,1.0
2022-09-26,11.43826890973495,11.741451875628076,11.373957637022883,11.53933048248291,20985762.0,242161643.14473152,1.0
2022-09-27,11.631203654919332,11.879262924194336,11.566892381925982,11.879262924194336,20633589.0,245111828.80076408,1.0
2022-09-28,11.805764745345703,11.82413902031016,11.603642463684082,11.603642463684082,14875564.0,172610726.10165024,1.0
2022-09-29,11.713890025216925,11.833325871791551,11.410707059364162,11.45664405822754,16468892.0,188678233.67739105,1.0
2022-09-30,11.456645431800103,11.56689371658499,11.383146575276848,11.4107084274292,14004549.0,159801825.29664516,1.0
2022-10-10,11.447456729828868,11.502581304887528,11.22696018194502,11.309646606445312,15734913.0,177956305.41316223,1.0
2022-10-11,11.300459201131549,11.337208626331348,10.850278523390129,11.24533462524414,22116768.0,248710456.9888916,1.0
2022-10-12,11.245334380365817,11.64039134979248,11.135086107167178,11.64039134979248,21272181.0,247616511.70362,1.0
2022-10-13,11.006462757885776,11.4750185792705,10.795153785207605,11.309646606445312,41002199.0,463720380.7771454,1.0
2022-10-14,11.410707470863846,11.658765871791108,11.38314562102202,11.576080322265623,31232205.0,361546513.72146606,1.0
2022-10-17,11.484206197971728,11.796576746744623,11.456644348425709,11.73226547241211,24652347.0,289227879.52202225,1.0
2022-10-18,11.759826531414408,11.796575953730455,11.55770427058848,11.66795253753662,22562417.0,263257210.6881094,1.0
2022-10-19,11.594454767986392,11.704703045157173,11.465831339866106,11.511768341064451,17988690.0,207081632.03922272,1.0
2022-10-20,11.566892500993388,11.7965766225344,11.383145378995655,11.64039134979248,24171325.0,281363682.4430227,1.0
2022-10-21,11.64957857446968,11.677140422896318,11.217772193633952,11.272896766662598,28077095.0,316510193.4427786,1.0
2022-10-24,11.28208400950777,11.465831134840064,10.804341483643803,10.905402183532717,31428959.0,342745438.10476017,1.0
2022-10-25,10.841090439676645,10.914589286629676,10.427659206521998,10.528719902038574,30660729.0,322818227.6333113,1.0
2022-10-26,10.620594193645749,10.887027740290538,10.574657193981048,10.721654891967772,28284990.0,303261901.40275955,1.0
2022-10-27,10.767591891726145,10.978900863540051,10.749216741389946,10.804341316223145,29715307.0,321054319.1443548,1.0
2022-10-28,10.703279950925154,10.730842676968177,10.197975573258836,10.23472499847412,34599127.0,354112550.0322809,1.0
2022-10-31,10.152037404368327,10.5379067628095,10.10610040909194,10.464407920837402,24752215.0,259017274.7042704,1.0
2022-11-01,10.547094588729472,10.82271571368477,10.381722614696615,10.813529014587402,28787843.0,311298175.54788685,1.0
2022-11-02,11.1167114901491,11.217772185086687,10.932963497643868,11.024837493896484,48756413.0,537531530.110302,1.0
2022-11-03,10.850278439503082,10.92377728933444,10.71246743893773,10.813529014587402,30577364.0,330649212.8036003,1.0
2022-11-04,10.80434164560702,11.144274051611395,10.767592219989666,11.089149475097656,31052638.0,344347344.37809753,1.0
2022-11-07,11.034025649389134,11.337208626331348,10.978901073501728,11.24533462524414,32799742.0,368844074.4116745,1.0
2022-11-08,11.236147175125568,11.245334750571764,11.089149472688094,11.171835899353027,19791780.0,221110518.3160973,1.0
2022-11-09,11.12589873154361,11.254522157336314,11.070775032043455,11.070775032043455,16044787.0,177628227.31405544,1.0
2022-11-10,10.978900908683654,11.30045903148616,10.95133905924142,11.22696018218994,28935097.0,324853181.8868036,1.0
2022-11-11,11.47501917345944,11.557705602241326,11.226960763289227,11.282084465026855,41617607.0,469533357.4062929,1.0
2022-11-14,11.364770182124277,11.603641877829892,11.28208375852038,11.383145332336426,33166240.0,377536130.04714966,1.0
2022-11-15,11.364770470343862,11.576080322265623,11.254522194801144,11.576080322265623,30408391.0,352009976.68685913,1.0
2022-11-16,11.576079953500578,11.897637194546194,11.576079953500578,11.631203651428224,38550775.0,448391914.94538784,1.0
2022-11-17,12.458067919623549,12.79800033569336,11.80576493846919,12.79800033569336,169972304.0,2175305603.6505737,1.0
2022-11-18,12.798000083549674,13.71673660926206,12.66018907898756,12.944997787475586,182887693.0,2367480781.241514,1.0
2022-11-21,12.7704369039359,13.01849617764323,12.357005657265749,12.485629081726074,87714731.0,1095173596.2693796,1.0
2022-11-22,12.366193233108888,12.678563780974592,12.228383109603618,12.320256233215332,59307051.0,730678064.7563696,1.0
2022-11-23,12.412130682178384,12.807186792738484,12.063010696998798,12.696938514709473,77693086.0,986464335.9600352,1.0
2022-11-24,12.586690076486306,12.614251926598914,12.35700594780526,12.43050479888916,38235469.0,475286180.8922777,1.0
2022-11-25,12.347818244592888,12.853123497697055,12.347818244592888,12.752062797546388,55817818.0,711792320.3580151,1.0
2022-11-28,12.485629082361974,12.577502205973689,12.17325853449627,12.320256233215332,45622270.0,562078056.3409328,1.0
2022-11-29,12.265133185131258,12.568316173871542,12.19163433187152,12.458067893981934,46487748.0,579147520.8223228,1.0
2022-11-30,12.412130232370286,12.779624479149224,12.38456750673032,12.485629081726074,44084016.0,550416672.2088776,1.0
2022-12-01,12.733687944060732,12.834749522745415,12.559128389512844,12.614252090454102,46658298.0,588559533.0835304,1.0
2022-12-02,12.586690362441503,12.853123922717566,12.586690362441503,12.62343978881836,27828755.0,351294613.14027786,1.0
2022-12-05,12.733688186710069,12.770437613429667,12.549941053112065,12.715313911437988,35557183.0,452120743.6514464,1.0
2022-12-06,12.614251506004424,12.770436778393917,12.44887953466732,12.559127807617188,36589630.0,459533839.6034241,1.0
2022-12-07,12.50400323305456,12.71531308000668,12.430504384421315,12.559127807617188,28902282.0,362987453.5697937,1.0
2022-12-08,12.559127808113049,12.660188505943902,12.329443687081245,12.64181423187256,34821881.0,440211750.80637264,1.0
2022-12-09,12.586689656307271,12.623439080622424,12.329443686101207,12.476441383361816,31518384.0,393237270.47428894,1.0
2022-12-12,12.375380387603238,12.540752354952415,12.191633270451169,12.200819969177246,29684532.0,362175630.801281,1.0
2022-12-13,12.200820426149749,13.422739896196296,12.127321576536076,12.742875099182127,69136216.0,880994165.3180771,1.0
2022-12-14,12.40294248759992,12.448879486863143,12.154883217283736,12.301881790161133,47349011.0,582481936.2030392,1.0
2022-12-15,12.182446189748356,12.301882039786133,11.906825064751596,11.989511489868164,41895240.0,502303461.3507843,1.0
2022-12-16,11.851700367536868,12.026260791251008,11.750639669085531,11.814950942993164,33357641.0,394118891.98897743,1.0
2022-12-19,11.851701042256234,11.93438747123077,11.548518053466571,11.62201690673828,25304229.0,294086177.2499771,1.0
2022-12-20,11.59445447402155,11.695515173155291,11.419894925304106,11.484206199645996,19050972.0,218785290.75168228,1.0
2022-12-21,11.502581886956616,11.622016865972627,11.43826973343787,11.530143737792969,14737542.0,169925977.60176086,1.0
2022-12-22,11.566893078892504,11.952762492454042,11.530143652656903,11.695515632629396,33838290.0,395756249.6764469,1.0
2022-12-23,11.511768497719173,11.934387337379295,11.493394222695049,11.778202056884766,23551449.0,277393725.05441666,1.0
2022-12-26,11.713890906692772,11.805764911333087,11.640392053450697,11.704703330993652,18502938.0,216571400.04176903,1.0
2022-12-27,11.741452592531523,11.759827743671412,11.456644759266698,11.603642463684082,22887838.0,265582288.9187221,1.0
2022-12-28,11.566892666871494,11.851700491008492,11.300459117110076,11.824138641357422,33898714.0,400823094.0997238,1.0
2022-12-29,11.971135993800166,12.01707299266966,11.53933048248291,11.53933048248291,49114473.0,566748135.4199839,1.0
2022-12-30,11.392332603017888,11.769015315693162,11.364770752491795,11.686328887939451,30799455.0,359932560.6992912,1.0
2023-01-03,11.6955157460607,11.89763803040455,11.585267466284629,11.870076179504396,29058123.0,344922133.6434088,1.0
2023-01-04,11.851700008500629,12.320255814369933,11.79657631144269,12.200819969177246,50503492.0,616184013.7067833,1.0
2023-01-05,12.173259185097704,12.76125088757464,12.13650975845386,12.375381469726562,62428039.0,772570797.0319672,1.0
2023-01-06,12.311068782118326,12.412130358138104,12.118134081560596,12.24675750732422,37677789.0,461430745.2951279,1.0
2023-01-09,12.210008080008318,12.6142517554862,12.210008080008318,12.41213035583496,33639937.0,417543283.20607567,1.0
2023-01-10,12.439692246961464,12.715313373792007,12.31106882079377,12.669376373291016,43042180.0,545317578.3469391,1.0
2023-01-11,12.660188205249844,12.742874627045456,12.366192817687988,12.366192817687988,30914360.0,382292936.5954208,1.0
2023-01-12,12.430505211908876,12.540753492197872,12.31106935588527,12.467254638671877,22018258.0,274507229.1859741,1.0
2023-01-13,12.467254386376844,12.632627241551472,12.412130685435589,12.614252090454102,23116975.0,291603350.2187252,1.0
2023-01-16,12.595876817269303,12.733686934875989,12.522377971055688,12.605064392089844,27529829.0,347015267.24822235,1.0
2023-01-17,12.605064976410713,12.660188675538558,12.476441551486731,12.577502250671388,18211813.0,229059118.9963064,1.0
2023-01-18,12.862310582312874,13.147119273581254,12.669375888531166,13.04605770111084,73488716.0,958738029.3165474,1.0
2023-01-19,12.93581012639808,13.229805532305855,12.880686425878082,13.193056106567385,42812175.0,564823426.8191814,1.0
2023-01-20,13.193056187272129,13.21143133834148,13.000121481921072,13.110370635986328,28974390.0,379864991.8516159,1.0
2023-01-30,13.2114313482201,13.321679626192369,12.843936212137123,12.862311363220217,47866164.0,615669505.1309624,1.0
2023-01-31,12.843936502069411,13.027684512346449,12.770437648428778,12.889873504638672,29927890.0,385766716.3607407,1.0
2023-02-01,12.889872841846158,13.000121116638184,12.72450086774582,13.000121116638184,36647771.0,476425461.6548205,1.0
2023-02-02,13.02768359744622,13.450302414288174,12.963371447895552,13.22980499267578,59842930.0,791710294.0903473,1.0
2023-02-03,13.165493552579823,13.459488942772834,13.06443285624482,13.294116973876951,39379396.0,523514296.7846222,1.0
2023-02-06,13.21143112868865,13.661611808638702,13.09199527715948,13.431927680969238,55791068.0,749381590.6200371,1.0
2023-02-07,13.422739449426372,13.68917298945166,13.27574175509178,13.62486171722412,50803816.0,692194967.7072983,1.0
2023-02-08,13.679986487477247,13.725922610486082,13.21143067291392,13.22061824798584,44769188.0,591876343.8203087,1.0
2023-02-09,13.10118256752732,13.624862086844727,13.036870417379724,13.569738388061523,42961745.0,582979640.3446102,1.0
2023-02-10,13.523802098605874,13.86373451287463,13.367616816891116,13.468677520751951,51560072.0,694445982.7147522,1.0
2023-02-13,13.496239244891951,13.643237825730608,13.376804266984658,13.542176246643066,35237126.0,477187370.7171688,1.0
2023-02-14,13.542175787911246,13.597300363380365,13.248180388543693,13.330866813659668,30989395.0,413115497.3808909,1.0
2023-02-15,13.340054799541472,13.532988629183391,13.248180796323522,13.450303077697754,34474687.0,463694988.6587668,1.0
2023-02-16,13.450302829862302,14.038293635861477,13.404365829099763,13.51461410522461,99347867.0,1342648084.6821785,1.0
2023-02-17,13.707548769723967,13.955607171277638,13.091995239257812,13.091995239257812,62656784.0,820302317.8352051,1.0
2023-02-20,13.19305522435652,14.047480410860429,13.147119102386716,13.946419715881348,94325790.0,1315507057.3720837,1.0
2023-02-21,13.87292128142726,13.937232555035706,13.615674434642704,13.73511028289795,53868730.0,739892947.3496532,1.0
2023-02-22,13.624861590798798,13.652423439186943,13.28492920676045,13.532987594604492,39757404.0,538036455.125679,1.0
2023-02-23,13.496238788592931,13.505426363867617,13.16549396428295,13.248180389404297,37870843.0,501719759.562809,1.0
2023-02-24,13.229805489199927,13.26655491481866,12.963371934420255,13.10118293762207,33198264.0,434936529.875473,1.0
2023-02-27,13.000121241313296,13.110370393338048,12.81637411489773,12.92662239074707,29540417.0,381857815.8242054,1.0
2023-02-28,12.981746841384863,13.101182691445354,12.843935840772575,13.082807540893556,29333793.0,383768368.26341057,1.0
2023-03-01,13.00930897261606,13.477864807723734,12.954185272118346,13.358428955078123,48202034.0,643903446.6792603,1.0
2023-03-02,13.294117190425087,13.836171857054522,13.266554465013996,13.73511028289795,62839804.0,863111638.0956917,1.0
2023-03-03,13.689174111611852,13.863734545075172,13.523802130016874,13.725923538208008,39119237.0,536947655.9350376,1.0
2023-03-06,13.771860082849248,13.845358933599144,13.47786467984966,13.51461410522461,28541444.0,385726601.6658783,1.0
2023-03-07,13.50542661942814,13.588113046114144,13.091995362173533,13.10118293762207,31155481.0,408173656.0906086,1.0
2023-03-08,13.046058403613497,13.33086711021822,13.02768412883197,13.193056106567385,28204744.0,372106770.06336975,1.0
2023-03-09,13.193056187272129,13.220618913876155,12.963372055957796,13.110370635986328,23307938.0,305575705.9405899,1.0
2023-03-10,12.963371522881548,13.027683672804224,12.7979995509349,12.816373825073242,29708208.0,380751499.4010315,1.0
2023-03-13,12.77043780224049,13.082808372063214,12.687752248030469,13.073620796203612,32594794.0,426131976.6863728,1.0
2023-03-14,13.0460579475248,13.450302492691073,12.954184824478206,13.064433097839355,39484119.0,515837631.10262775,1.0
2023-03-15,13.137932911701943,13.2849306203135,12.926623048441238,12.9817476272583,23407353.0,303868349.26814747,1.0
2023-03-16,12.935810215201723,13.082807919164743,12.623439656192597,12.862311363220217,34203973.0,439942150.5851774,1.0
2023-03-17,12.97255914340752,13.643237237222724,12.97255914340752,13.569738388061523,75599300.0,1025862723.3205796,1.0
2023-03-20,14.139354705810549,14.727346366902816,14.065855857695936,14.139354705810549,113954020.0,1611236308.9330292,1.0
2023-03-21,14.359851059384448,14.773282293580564,14.084229944528577,14.6262845993042,85449548.0,1249809407.929905,1.0
2023-03-22,14.63547299567851,15.02134240289916,14.451724991344548,14.947843551635742,74189022.0,1108965894.1048622,1.0
2023-03-23,14.83759415425302,15.11321615621564,14.672222179721016,14.929468154907228,59313648.0,885521218.9673767,1.0
2023-03-24,14.975403558842627,15.78389262289578,14.957030161476071,15.535833358764648,97652980.0,1517120424.266777,1.0
2023-03-27,15.526646743711597,16.04113870114459,14.993779635425424,15.287775039672852,106885146.0,1634036067.1305883,1.0
2023-03-28,15.076466110827596,15.379649091485248,14.644659702306685,14.699784278869627,75771327.0,1113822161.4236898,1.0
2023-03-29,14.883532520290908,15.223464055836132,14.699784512938823,14.966218948364258,65795181.0,984705084.593256,1.0
2023-03-30,14.837595108434831,15.09484197633958,14.69059739887524,14.846782684326172,45358672.0,673430346.0336304,1.0
2023-03-31,14.828406102775109,15.692018877430574,14.699783557400098,15.636895179748535,79309024.0,1240146895.096161,1.0
2023-04-03,15.526646334839986,17.19874646672803,15.425586512510469,17.088499069213867,146764063.0,2507977553.9695454,1.0
2023-04-04,17.2446860607996,18.42066776398872,17.20793575639946,17.584617614746094,171945917.0,3023603200.86187,1.0
2023-04-06,17.207934042025837,17.630553738768345,16.675066947768443,16.923126220703125,92525541.0,1565821408.981842,1.0
2023-04-07,17.40087003103108,18.25529526771908,16.877190499474132,17.97048568725586,96503055.0,1734206768.653965,1.0
2023-04-10,18.154233661739603,18.374730214025814,16.56481991879057,16.619943618774414,107050727.0,1779177047.088812,1.0
2023-04-11,16.61075567371706,17.676489862224837,16.39025912633794,17.088499069213867,100443001.0,1716420129.0975475,1.0
2023-04-12,16.96906259058552,18.797348022460938,16.950689192300203,18.797348022460938,108004104.0,2030190730.7420647,1.0
2023-04-13,19.1648433246619,19.28427829472576,17.95211146465639,18.22773170471192,170920697.0,3115496607.6983585,1.0
2023-04-14,18.04398509401799,18.935160659775462,17.455994268871446,18.521728515625,130956515.0,2425541018.182373,1.0
2023-04-17,18.83409762344351,19.08215689075548,17.5938030392344,17.731613159179688,121087365.0,2147074314.644394,1.0
2023-04-18,17.55705656519943,17.878612965597917,16.96906396371872,17.40087127685547,99954007.0,1739286809.4129105,1.0
2023-04-19,17.161999181727357,18.190983145245607,17.152811605866365,17.538681030273438,91029216.0,1596532383.8598633,1.0
2023-04-20,17.28143313524422,19.293466567993164,17.28143313524422,19.293466567993164,151934338.0,2931340070.7331734,1.0
2023-04-21,19.587462481132608,20.07439347143481,18.613602252879065,18.99947166442871,144864043.0,2752340280.1730824,1.0
2023-04-24,18.925970938576587,20.62563369623104,18.751410525018382,20.00089263916016,161066735.0,3221478474.4750595,1.0
2023-04-25,19.486399877927603,21.00231647011667,19.137280786951507,20.58888435363769,162051877.0,3336467354.8429203,1.0
2023-04-26,20.21220303111784,20.671571281825063,19.11890610377642,19.798770904541016,125516231.0,2485067102.370449,1.0
2023-04-27,19.25671557348312,19.284278298434263,17.95211146810871,18.393104553222656,113540807.0,2088367934.2082748,1.0
2023-04-28,18.3931052874096,20.230578301080463,18.3931052874096,20.13870429992676,135754598.0,2733921706.4774284,1.0
2023-05-04,20.21220390098172,21.590308712412284,19.4129023393176,21.048254013061523,153238157.0,3225395653.029402,1.0
2023-05-05,20.21220379134265,20.855320067462085,19.52315138936505,19.68852424621582,92091709.0,1813149845.521952,1.0
2023-05-08,19.458840576547104,20.19382912192103,18.78816330984953,19.56908798217773,83484282.0,1633711259.586937,1.0
2023-05-09,19.22915592848548,19.77121062349364,18.67791365785928,18.843286514282227,79528241.0,1498573431.1398869,1.0
2023-05-10,18.28285479524118,19.146467539013376,17.49274264888429,17.841861724853516,96047897.0,1713673297.2369728,1.0
2023-05-11,17.90617465034197,18.788162624991767,17.81430064743145,18.15423393249512,74437354.0,1351353137.8319511,1.0
2023-05-12,18.31323471149844,18.575120222933585,17.190870272718204,17.284400939941406,84582809.0,1461963183.3824844,1.0
2023-05-15,17.47146228690481,17.555639709071087,16.554865672148765,17.19087028503418,75387238.0,1295972229.6049995,1.0
2023-05-16,17.265694695964342,17.67722856724661,16.741925449572722,16.863515853881836,65707946.0,1108066989.0970116,1.0
2023-05-17,16.648394555489876,17.602404150741645,16.573570378447528,17.19087028503418,55430802.0,952903726.9774132,1.0
2023-05-18,17.181519092143446,17.882996431849726,17.069281932852824,17.621110916137695,65172613.0,1148413842.3675177,1.0
2023-05-19,17.452755057114334,18.08876142699873,17.162811606354925,17.218929290771484,60893775.0,1048525605.9731483,1.0
2023-05-22,17.218930088593538,17.499520307626216,16.573570444079447,17.144105911254883,54220607.0,929563828.980528,1.0
2023-05-23,17.144104891327654,17.144104891327654,16.4613340907378,16.648393630981445,41089352.0,684071706.1379547,1.0
2023-05-24,16.48004096884412,16.863515086934193,16.26491990576143,16.657747268676758,45671855.0,760790217.8816509,1.0
2023-05-25,16.554865307163176,16.957044134930765,15.984329854825694,16.283626556396484,63260080.0,1030103518.647766,1.0
2023-05-26,16.283628123905373,16.601631345923508,15.993684639341508,16.321041107177734,39618454.0,646614416.3368301,1.0
2023-05-29,16.311685737958936,17.041220977309184,15.685032621316362,16.741924285888672,141028128.0,2361082241.156616,1.0
2023-05-30,16.19009622503872,17.443402526673744,15.610209299774212,17.377931594848633,128795950.0,2238207208.793545,1.0
2023-05-31,17.36857810238828,17.658521560891383,16.97575073308285,17.1815185546875,91591902.0,1573687963.6721191,1.0
2023-06-01,16.99445813291099,18.04199843512652,16.957045150998322,17.630464553833008,96611432.0,1703304427.371048,1.0
2023-06-02,17.770759700555463,17.948467797066787,17.3966388004915,17.443403244018555,65459649.0,1141839053.718916,1.0
2023-06-05,17.284401523692253,17.901701450684893,17.15345965552689,17.77075958251953,71216829.0,1265577146.3884048,1.0
2023-06-06,17.686581572907926,18.313234724618503,17.050575176073412,17.19087028503418,74134147.0,1274430504.7686558,1.0
2023-06-07,17.20957651666601,17.452755534386558,16.8167491471096,17.087987899780273,49207497.0,840857113.3144741,1.0
2023-06-08,16.97575135610798,16.97575135610798,16.05915472207176,16.442628860473633,75741450.0,1245388551.7041206,1.0
2023-06-09,16.50809951190176,17.27504777561025,16.180743067064235,17.144105911254883,85957998.0,1473673021.6314354,1.0
2023-06-12,17.144104790198156,17.63046280307091,17.003809689855743,17.162811279296875,71130687.0,1220802557.1477356,1.0
2023-06-13,17.116045593474624,17.91105356561941,17.087987642895367,17.789464950561523,95681296.0,1702119061.6163025,1.0
2023-06-14,17.677227398395672,18.38805793490029,17.60240322528724,17.873641967773438,86739682.0,1550354020.4665222,1.0
2023-06-15,17.826876243171892,18.098114993243748,17.387284436859527,17.462108612060547,71411727.0,1246999333.0488167,1.0
2023-06-16,17.30310801455849,17.95782092328361,17.08798872144421,17.77075958251953,80166209.0,1424614426.7810135,1.0
2023-06-19,17.892347445593398,18.780886100574204,17.68658140664848,18.69670867919922,115440940.0,2158365624.8329163,1.0
2023-06-20,18.706062997267985,19.547835475355207,18.39741302917103,18.958595275878903,134902134.0,2557554960.358383,1.0
2023-06-21,18.7060612187365,19.07082884163818,17.443401729681984,17.452754974365234,112234107.0,1958794369.23769,1.0
2023-06-26,17.27504802117019,17.443402868562554,15.70374027472274,15.778564453125,107973663.0,1703669400.885498,1.0
2023-06-27,15.78791506193596,16.180742423322762,15.46056041407115,15.806621551513672,70918779.0,1120986300.5484352,1.0
2023-06-28,15.52603086887284,15.918858218247356,14.93678984481106,15.582148551940918,75950467.0,1183471459.3832865,1.0
2023-06-29,15.535385579656571,16.34909830476605,15.488619352728405,16.115272521972656,78990128.0,1272947439.265503,1.0
2023-06-30,16.040447888788158,16.23686246842836,15.572796336438946,15.797268867492676,58256529.0,920294051.8998842,1.0
2023-07-03,15.72244388805846,15.759856866632544,14.52525622489745,14.974202156066896,93801995.0,1404610035.772376,1.0
2023-07-04,15.058380149258284,15.09579134531276,14.777789043053405,14.871318817138672,49166907.0,731176749.2496071,1.0
2023-07-05,14.871319135534316,15.002262784401184,14.600081268523107,14.665553092956545,38378934.0,562848294.228075,1.0
2023-07-06,14.665552857046436,15.189322092241214,14.581375435539355,14.731023788452148,51894001.0,764451763.2089596,1.0
2023-07-07,14.61878720949423,14.815200891463425,14.10437033843448,14.581375122070312,58047135.0,846407050.1964569,1.0
2023-07-10,14.637493270617917,14.936790871459042,14.46913931786774,14.85261344909668,35280412.0,524006321.7608719,1.0
2023-07-11,14.83390624758053,14.946142508024227,14.5907281292731,14.693611145019531,31667783.0,465314089.2268601,1.0
2023-07-12,14.712317479119294,14.824554637157476,14.300784503552654,14.310137748718262,39258934.0,561800753.4078388,1.0
2023-07-13,14.001487959243704,14.52525720705357,13.664778265105657,14.291431427001951,60651834.0,866801526.5329056,1.0
2023-07-14,14.310137350828915,14.731023559858542,14.291430861017831,14.347549438476562,50592935.0,725884636.1501312,1.0
2023-07-17,14.21660693130052,14.300784352955432,14.029546489831016,14.18854808807373,28296006.0,401479241.8314228,1.0
2023-07-18,14.225959297166888,14.300783469130366,13.936014961827553,13.954721450805664,32448822.0,452814272.4167748,1.0
2023-07-19,13.982780764746984,14.291430707518575,13.982780764746984,14.225959777832031,37027297.0,526748837.80384064,1.0
2023-07-20,14.179194374820687,14.225959706637546,13.851838836051716,13.87054443359375,35121599.0,487155699.5083618,1.0
2023-07-21,13.870544976119662,14.104370752375186,13.79572079907586,14.001487731933594,27857641.0,390048418.7021103,1.0
2023-07-24,13.833132509202274,14.179194541557225,13.795720421703754,13.898603439331056,27975334.0,388818073.348835,1.0
2023-07-25,14.123077324415126,14.28207892454768,13.964075724282573,14.169841766357422,37993760.0,538365567.30896,1.0
2023-07-26,14.16984121202855,14.16984121202855,13.646071990178616,13.683484077453612,46601505.0,637670951.652875,1.0
2023-07-27,13.702189932985728,13.795720598920768,13.393539984164446,13.430952072143556,47482879.0,637740272.0963917,1.0
2023-07-28,13.430952055772838,13.6367189853944,13.328069036949325,13.571248054504396,32321755.0,438646554.6619177,1.0
2023-07-31,13.674130899983396,14.272725191305788,13.55254139274723,14.038899421691896,65509814.0,919685689.8797436,1.0
2023-08-01,14.00148749124646,14.24466561647129,13.851839139731329,14.113723754882812,36906950.0,520894496.9352722,1.0
2023-08-02,14.113723601516714,14.151135688988962,13.889251076683232,13.99213409423828,26430885.0,369824487.1493912,1.0
2023-08-03,13.93601615147272,14.095017753461867,13.805074285346054,13.889251708984377,26838012.0,372759904.0367432,1.0
2023-08-04,13.889251931296078,14.2540195836012,13.80507450631041,14.179195404052734,44091560.0,625182844.9095154,1.0
2023-08-07,14.216607093811035,14.525257048757542,14.104370827646354,14.216607093811035,55254155.0,785526611.9355345,1.0
2023-08-08,14.1604894882262,14.27272575503693,13.992134642022824,14.076312065124512,30498274.0,429303222.2716732,1.0
2023-08-09,13.98278037390256,14.07631103539,13.655424842645507,13.6741304397583,36121010.0,493923402.355814,1.0
2023-08-10,13.664777583217193,14.001487260553032,13.65542523038249,13.730249404907228,26748726.0,367266679.24352646,1.0
2023-08-11,13.73024989692059,14.010840115455842,13.449658786410788,13.459012031555176,34927981.0,470096116.5169306,1.0
2023-08-14,13.309362312729142,13.70218967510385,13.262597872616288,13.683484077453612,31664225.0,433276918.61240864,1.0
2023-08-15,13.60866023323185,13.683484409598076,13.169067528099363,13.337422370910645,34474742.0,459804195.1821728,1.0
2023-08-16,13.262597560038062,13.374833819217818,12.982006466101424,12.99135971069336,37862636.0,491887123.871048,1.0
2023-08-17,12.953947940542266,13.2345381493544,12.86041727628854,13.141008377075195,26455516.0,347652157.37584686,1.0
2023-08-18,13.103596465676397,13.169067396348195,12.673357009887695,12.673357009887695,30059106.0,380949781.7360573,1.0
2023-08-21,12.654650131398745,12.93524122733581,12.598532447396035,12.61723804473877,25327960.0,319568900.50762177,1.0
2023-08-22,12.701415613856684,12.841710717507391,12.495648688791062,12.785593032836914,28030542.0,358387102.5018425,1.0
2023-08-23,12.720122598807324,12.73882819710117,12.439531488603205,12.46759033203125,21452540.0,267461480.30151367,1.0
2023-08-24,12.542415040935492,12.907183588863948,12.53306179540473,12.645298957824709,34222465.0,432753300.9986925,1.0
2023-08-25,12.49564911055796,12.49564911055796,12.08411613851072,12.158940315246582,35508105.0,431740929.4025088,1.0
2023-08-28,12.89782996401764,12.89782996401764,12.439531650183532,12.495649337768556,43909045.0,548672029.0762997,1.0
2023-08-29,12.439531537576237,12.897829847261656,12.402119448866705,12.869771003723145,37182974.0,478536360.6173916,1.0
2023-08-30,13.066184767126176,13.27195081021746,12.907183166208194,13.084890365600586,41467040.0,542591672.1859741,1.0
2023-08-31,12.94459494421858,13.084890051317885,12.776240102119786,12.93524169921875,29331953.0,379415901.5651245,1.0
2023-09-01,12.935241688156736,13.187773951088964,12.776240091193747,13.028772354125977,28935839.0,376998459.2066402,1.0
2023-09-04,13.103596134869038,13.103596134869038,12.860417124263623,13.019418716430664,31421515.0,409089860.48960686,1.0
2023-09-05,12.95394779567046,13.131654985395704,12.87912362189409,12.925888061523438,23956500.0,309659037.34588623,1.0
2023-09-06,12.841710313670657,12.944594218955306,12.664003128503197,12.91653537750244,28707647.0,370803338.0803518,1.0
2023-09-07,13.103597285137024,13.281304490348576,12.62659246676318,12.645298957824709,62950779.0,796031420.0829535,1.0
2023-09-08,12.439531326293944,12.645298256688754,12.299235327035172,12.439531326293944,38814997.0,482840371.1115055,1.0
2023-09-11,12.4956493886154,12.98200744019565,12.486297035296214,12.851064682006836,48428702.0,622360381.8676338,1.0
2023-09-12,12.823004803908384,12.823004803908384,12.533060467008452,12.542413711547852,31384364.0,393635677.3618088,1.0
2023-09-13,12.551767842875323,12.570473441301187,12.177646954612468,12.280529975891112,28509133.0,350107262.39316654,1.0
2023-09-14,12.243117180347866,12.271176022354284,12.02799701303332,12.074762344360352,30386814.0,366913557.452282,1.0
2023-09-15,12.074762503233323,12.233764096652584,12.065409258449954,12.14958667755127,20695381.0,251440325.28444767,1.0
2023-09-18,12.074763054383965,12.299235587583809,11.99993887665068,12.186999320983888,18860354.0,229851121.39151573,1.0
2023-09-19,12.186998274957704,12.186998274957704,11.91576043096162,11.971879005432127,22849709.0,273553951.4573336,1.0
2023-09-20,11.906408540862737,12.0560577924813,11.868996450951744,11.887702941894531,15747553.0,187202232.12574005,1.0
2023-09-21,11.850290867916542,11.95317389231646,11.775466687993948,11.794172286987305,15008303.0,177010511.31730843,1.0
2023-09-22,11.756759684796036,12.271176568332182,11.709995243362831,12.252470970153809,36728551.0,450015504.9033136,1.0
2023-09-25,12.252471145481426,12.327295323214708,12.158940477327546,12.186999320983888,22992307.0,280207229.79685307,1.0
2023-09-26,12.252471523565331,12.486297309190816,12.177647343523144,12.289883613586426,30947234.0,380337904.0224247,1.0
2023-09-27,12.252471675323909,12.420825636516764,12.19635309360989,12.364707946777344,19036816.0,235384670.0765381,1.0
2023-09-28,12.392766004515648,12.476943425752811,12.32729507331987,12.34600067138672,19395882.0,239461572.1941376,1.0
2023-10-09,12.35535342859432,12.36470667324573,12.121527664156105,12.215058326721191,16356877.0,199800206.5980044,1.0
2023-10-10,12.224411955704973,12.364707964200406,12.168294265886477,12.271177291870115,19230180.0,235976948.1345749,1.0
2023-10-11,12.299235327035172,12.598532923602498,12.215058797849355,12.439531326293944,27584429.0,343137368.6634312,1.0
2023-10-12,12.43953078002956,12.505001708290536,12.14958644120689,12.261822700500488,27518000.0,337420837.07237244,1.0
2023-10-13,12.168292999267578,12.271176014541943,12.102821178661612,12.168292999267578,16370200.0,199197390.0566101,1.0
2023-10-16,12.168294062214285,12.177647307685678,11.822232007543937,11.887702941894531,21939060.0,260805028.10440063,1.0
2023-10-17,11.96252712171652,11.990585966156122,11.766113426690152,11.887702941894531,14059300.0,167132781.97097778,1.0
2023-10-18,11.887702472932451,11.897055718034869,11.541640431914026,11.663229942321776,18974307.0,221301705.5372057,1.0
2023-10-19,11.59775733947754,11.831583099482929,11.55099290105605,11.59775733947754,18566023.0,215324229.5131588,1.0
2023-10-20,11.550993543299024,11.644523317316803,11.354579858294784,11.401344299316406,17961819.0,204788882.6610031,1.0
2023-10-23,11.354579449759957,11.36393180244306,10.94304560457008,11.083341598510742,21974950.0,243555877.46019363,1.0
2023-10-24,11.130105968720558,11.298460803613898,10.999164112225293,11.176871299743652,21460866.0,239865337.2630444,1.0
2023-10-25,11.261049764142356,11.345227189415096,10.943046553989609,11.036577224731444,30582861.0,337530107.17972755,1.0
2023-10-26,10.91498677023907,10.9991641882677,10.8027505101924,10.989810943603516,22066653.0,242508344.6281013,1.0
2023-10-27,11.008518446766097,11.30781516778774,10.83081034967855,11.251696586608888,27362947.0,307879577.3594599,1.0
2023-10-30,11.176871296189043,11.279755202802033,11.10204712336569,11.223636627197266,31896886.0,357999058.0031357,1.0
2023-10-31,11.261048713608943,11.438755901070788,11.064635036954012,11.223636627197266,32310343.0,362639549.1321068,1.0
2023-11-01,11.17687200351516,11.681935648022913,11.139459914735866,11.3358736038208,48180899.0,546172581.182456,1.0
2023-11-02,11.335873281193994,11.925114331678586,11.298461193479474,11.635169982910156,79917803.0,929857222.5657272,1.0
2023-11-03,11.522934504761317,11.728701447196222,11.326520807885856,11.607111930847168,43018889.0,499325059.76369,1.0
2023-11-06,11.691289061877232,12.317942226951816,11.691289061877232,12.308588981628418,69322544.0,853262701.2568512,1.0
2023-11-07,12.317941913803924,12.317941913803924,12.065409648339482,12.158940315246582,44701856.0,543527199.0847473,1.0
2023-11-08,12.149587111222568,13.1784208827796,12.084116179351057,12.963300704956056,121247574.0,1571768761.5084114,1.0
2023-11-09,12.90718213896704,13.03812399379033,12.74818055070348,12.823004722595217,62229685.0,797971544.6406126,1.0
2023-11-10,12.748181750158636,12.841711527836122,12.486297123897277,12.6640043258667,42759256.0,541503402.9548416,1.0
2023-11-13,12.738827935250658,12.907182776307454,12.57047309419386,12.720122337341309,45958578.0,584598734.6102428,1.0
2023-11-14,12.626591682434082,12.720122347982665,12.542414261835262,12.626591682434082,33830527.0,427164250.8305616,1.0
2023-11-15,12.720122605200585,12.766887046945984,12.402119406274387,12.420825004577637,38781890.0,481703069.0367794,1.0
2023-11-16,12.35535391074923,12.551767596221152,12.289882979583435,12.392765998840332,28336601.0,351168865.3955049,1.0
2023-11-17,12.355354301947436,12.523709149675158,12.308588967359228,12.402119636535645,26195345.0,324877802.6103258,1.0
2023-11-20,12.402119393854116,12.645298415374675,12.2711766379643,12.514355659484863,32580364.0,407722262.6114769,1.0
2023-11-21,12.533060936222912,12.682710178532412,12.383412585887935,12.41147232055664,38364001.0,476153736.5173073,1.0
2023-11-22,12.34600067138672,12.533061111927896,12.29923533825779,12.34600067138672,32493705.0,401167303.745842,1.0
2023-11-23,12.252470507108114,12.42082445224921,12.112174512186938,12.336647033691406,32884686.0,405686763.9957733,1.0
2023-11-24,12.299234697197573,12.439530689271855,11.999938007931618,12.046703338623049,31155500.0,375321065.8664704,1.0
2023-11-27,11.94382039986244,12.112174342647004,11.840936493298791,11.85964298248291,23918263.0,283662059.94113064,1.0
2023-11-28,11.859643699499143,11.953173475150903,11.728700943217216,11.925114631652832,21096172.0,251574269.3890648,1.0
2023-11-29,11.9531733121464,12.046703978497243,11.74740727333381,11.897055625915527,20980264.0,249603367.854393,1.0
2023-11-30,11.859644113400512,11.96252713780043,11.728701352548685,11.794172286987305,17390076.0,205101552.42780304,1.0
2023-12-01,11.812878342141945,12.561121005737489,11.803525097003044,12.420825004577637,61674025.0,766042271.8529463,1.0
2023-12-04,12.495649568608943,12.67335766385174,12.346001209651584,12.476943969726562,41074611.0,512485620.02531433,1.0
2023-12-05,12.598532941587775,12.607885294638749,11.94382095336914,11.94382095336914,39543642.0,472302179.892128,1.0
2023-12-06,11.76611362363067,12.43017889964685,11.607112015853936,12.271177291870115,50069019.0,614405808.9790134,1.0
2023-12-07,12.261823558223655,12.551767917328135,12.224411469175454,12.495649337768556,50335780.0,628978256.0230637,1.0
2023-12-08,12.383412753823922,12.570473194279437,12.168293470293715,12.392765998840332,39932322.0,494871922.33634377,1.0
2023-12-11,12.3085886312549,12.851064356926043,12.17764676835296,12.794946670532228,63918806.0,817837714.0140953,1.0
2023-12-12,12.860417290156995,13.356127670497456,12.860417290156995,13.000712394714355,82729195.0,1075538470.841241,1.0
2023-12-13,12.888475818350216,13.169066912596415,12.76688631444438,12.804298400878906,46472081.0,595042392.433815,1.0
2023-12-14,12.785593824847284,13.178421209772589,12.748181735424616,12.757534980773926,36496113.0,465600438.259778,1.0
2023-12-15,12.766887334148665,12.907183338464598,12.523709198888604,12.757534980773926,36307377.0,463192632.1376467,1.0
2023-12-18,12.701415942812632,12.851064295109026,12.383412748195529,12.439531326293944,32098891.0,399295160.1337948,1.0
2023-12-19,12.467590086186208,12.673357015208374,12.402119155486918,12.626591682434082,31995570.0,403994998.03673744,1.0
2023-12-20,12.589179938465444,12.73882829385099,12.205705804796349,12.2337646484375,30102878.0,368271524.69262695,1.0
2023-12-21,12.149587680476635,12.486297384676648,12.140234434921172,12.458237648010254,35252258.0,439181007.79297066,1.0
2023-12-22,12.439531395361309,12.467590238579035,11.21428394317627,11.21428394317627,60391281.0,677244972.8261461,1.0
2023-12-25,10.755986230615523,10.868222501637169,10.14803953958796,10.662455558776855,110997820.0,1183509322.8711128,1.0
2023-12-26,10.662455656045935,10.812104910747909,10.363158930591188,10.47539520263672,50465129.0,528642170.2270432,1.0
2023-12-27,10.606336995743266,10.709220012712953,10.353804737761513,10.522159576416016,42718742.0,449493420.22774506,1.0
2023-12-28,10.475394789097743,10.662455235122344,10.232215763278484,10.606337547302246,44668155.0,473765529.54521656,1.0
2023-12-29,10.61569060675881,11.298461445789648,10.606337361627675,11.073988914489746,68201291.0,755260340.4878893,1.0
2024-01-02,11.270401634030314,11.560345072387427,11.027222633361816,11.027222633361816,49225962.0,542825642.3154087,1.0
2024-01-03,11.008517903613535,11.485521806213097,10.914987236921714,11.21428394317627,54789329.0,614423092.4621019,1.0
2024-01-04,11.223637439802332,11.223637439802332,10.943046325412364,11.055282592773438,32995876.0,364778733.5761109,1.0
2024-01-05,11.017870436802555,11.073989016129875,10.727926970872636,10.793397903442385,28424929.0,306801569.0740986,1.0
2024-01-08,10.784044354137055,10.802750844043532,10.540866229174616,10.55021858215332,25169031.0,265538778.55099297,1.0
2024-01-09,10.61569048410148,10.70922025840849,10.2883340440906,10.409923553466797,34247782.0,356516792.4957962,1.0
2024-01-10,10.381864392741152,10.48474740892354,10.148038626165672,10.26027488708496,31968316.0,328003709.83719635,1.0
2024-01-11,10.19480352424109,10.606337391421482,10.19480352424109,10.531513214111328,31854006.0,335470885.11138153,1.0
2024-01-12,10.45668872780554,10.550218500692145,10.316392730513842,10.33509922027588,26418951.0,273042479.88060665,1.0
2024-01-15,10.288333725072494,10.428628828170044,10.204156306424162,10.307040214538574,23828045.0,245596618.0488348,1.0
2024-01-16,10.28833357929962,10.297686823900136,9.88615298122243,10.045154571533203,49617060.0,498411037.0850372,1.0
2024-01-17,9.970331529412864,10.026450111405866,9.71780014038086,9.71780014038086,29691802.0,288538997.6437607,1.0
2024-01-18,9.68973953962565,9.895506465957864,9.54944443511136,9.886153221130373,33301433.0,329223069.12120724,1.0
2024-01-19,9.904859470423464,10.391216593981795,9.88615298122243,10.045154571533203,51707081.0,519405621.0877876,1.0
2024-01-22,10.007743333981027,10.082567513182884,9.250148296568613,9.38109016418457,41320060.0,387627208.4495163,1.0
2024-01-23,9.315618743624082,9.78327028518759,9.21273572559094,9.699092864990234,42588216.0,413067061.9382629,1.0
2024-01-24,9.680387819737614,9.792624089082668,9.39979670038769,9.736505508422852,33020782.0,321507025.83543015,1.0
2024-01-25,9.68038756470688,9.98903752026801,9.54009156274074,9.942272186279297,33777512.0,335825218.0793152,1.0
2024-01-26,9.98903769004982,10.260275561425072,9.876801421753983,9.923565864562988,40484050.0,401746136.6392613,1.0
2024-01-29,9.820682763128154,10.0170964540697,9.699093250452476,9.75521183013916,40955016.0,399524856.5867386,1.0
2024-01-30,9.680387362006138,9.830035714056844,9.409149500920606,9.418501853942873,29249560.0,275487035.08701324,1.0
2024-01-31,9.418501693791422,9.512032358219992,8.904085715357851,8.941497802734375,35909045.0,321080646.9657898,1.0
2024-02-01,8.913438771643309,9.334325010837928,8.707672720821241,9.05373477935791,35547780.0,321840172.11496353,1.0
2024-02-02,9.137911869950768,9.960977826956514,8.98826262215698,9.353031158447266,96412070.0,901745094.7603987,1.0
2024-02-05,9.072439428589558,9.072439428589558,8.41772747039795,8.41772747039795,89357276.0,752185196.8651314,1.0
2024-02-06,8.13713672916586,9.119205155024998,7.959429533998271,9.016322135925291,67905366.0,612256654.6139088,1.0
2024-02-07,8.988262538649948,9.64297542723818,8.932144851726388,9.540091514587402,71848845.0,685444556.5174055,1.0
2024-02-08,9.60556339986224,10.194803576188518,9.58685690945211,9.84874153137207,57758706.0,568850566.5805092,1.0
2024-02-19,10.241568637774488,10.269627480668657,9.86744775927044,10.148038864135742,50397975.0,511440608.97374153,1.0
2024-02-20,9.979684598736494,10.101274114260718,9.773917657697456,9.998390197753906,37562377.0,375563302.0011368,1.0
2024-02-21,9.867447060165714,10.260274400750568,9.783269645472608,9.989036560058594,52033296.0,519762496.0843506,1.0
2024-02-22,10.045155120364637,10.232215562722772,10.017096277004551,10.129332542419434,36301446.0,367709418.3046818,1.0
2024-02-23,10.166744939974247,10.335099789202069,10.007743336142328,10.27898120880127,49027199.0,503949657.2411604,1.0
2024-02-26,10.204156477782744,10.428629003298196,10.073214617219326,10.241568565368652,44142025.0,452083575.6517172,1.0
2024-02-27,10.176097240277253,10.914986610412598,10.129331909615624,10.914986610412598,70660340.0,771256664.9872017,1.0
2024-02-28,11.15816671002925,11.420051338640766,10.587631225585938,10.587631225585938,104274225.0,1104017040.6337738,1.0
2024-02-29,10.475394837647888,10.989811735580618,10.447335993607796,10.961752891540527,47613491.0,521927322.6455889,1.0
2024-03-01,10.961752661273586,11.083342172192587,10.765338973169744,10.98045825958252,51602507.0,566619174.2033148,1.0
2024-03-04,10.96175171144847,11.00851704113046,10.727925955012982,10.93369197845459,38067869.0,416222353.92216015,1.0
2024-03-05,10.774691753750924,10.961752188647742,10.671807845576788,10.709219932556152,34327477.0,367620500.9227629,1.0
2024-03-06,10.615691114832114,10.784045075377286,10.475395107074112,10.662455558776855,30682932.0,327155398.86297226,1.0
2024-03-07,10.634396498297114,10.914987616146751,10.316393290865827,10.325746536254885,38284852.0,395319677.9300308,1.0
2024-03-08,10.32574652135566,10.46604163409076,10.21351025277267,10.41927719116211,29884473.0,311374607.8987999,1.0
2024-03-11,10.353805276188114,10.606337547302246,10.222863409958178,10.606337547302246,35794871.0,379652484.2881403,1.0
2024-03-12,10.653102248074363,10.821456193494244,10.59698367161806,10.709219932556152,40657645.0,435411662.244792,1.0
2024-03-13,10.70922078460586,11.158166756051893,10.662455449167272,10.94304656982422,72704865.0,795612723.5477829,1.0
2024-03-14,10.83080910578524,10.84951559468799,10.531512419137124,10.653101921081545,41311093.0,440091284.2002783,1.0
2024-03-15,10.615690231323242,10.662454671375931,10.39121681598754,10.615690231323242,37346828.0,396462357.1705093,1.0
2024-03-18,10.68116165005248,10.718573738992392,10.353805202847324,10.699867248535156,64583505.0,691034929.9451065,1.0
2024-03-19,10.7372794445826,11.766113238654956,10.70922060059141,11.363932609558104,194436019.0,2209557816.7867594,1.0
2024-03-20,11.22363654619486,11.58840505505701,11.130105884853435,11.504227638244627,149062300.0,1714846631.4803123,1.0
2024-03-21,11.709994962800607,11.897055399975237,11.43875621392924,11.466815948486328,125350394.0,1437369897.068245,1.0
2024-03-22,11.410697381045829,11.616464308100085,11.055282104124666,11.373285293579102,92146590.0,1048009456.9004632,1.0
2024-03-25,11.354579880920712,11.55099356631634,10.830809755874196,10.858868598937988,70284217.0,763207076.9822435,1.0
2024-03-26,10.662454763340786,10.793397515751469,10.101273450097576,10.33509922027588,93894393.0,970407867.882577,1.0
2024-03-27,10.288333740996816,10.30704023049185,9.652327369757897,9.67103385925293,67895697.0,656621584.5845776,1.0
2024-03-28,9.680387340827364,10.101273553042786,9.661680850874683,9.960977554321287,60003218.0,597690707.6850471,1.0
2024-03-29,9.923565709063489,9.923565709063489,9.540091575401332,9.84874153137207,33580691.0,330727546.1038723,1.0
2024-04-01,10.101273523003988,10.830809681472886,10.101273523003988,10.596983909606934,108215769.0,1146760762.8587408,1.0
2024-04-02,10.671808018593865,10.746632193765684,10.194803232892635,10.241568565368652,71060128.0,727767173.1758728,1.0
2024-04-03,10.129332059067035,10.148038548397484,9.876800696927504,9.951624870300291,52539738.0,522855763.3598614,1.0
2024-04-08,9.848741621165964,9.867448111746649,9.661681175231934,9.661681175231934,40122325.0,387649112.1590376,1.0
2024-04-09,9.83938948419486,10.194803893296946,9.72715232219205,9.998390197753906,52329470.0,523210459.9016571,1.0
2024-04-10,9.85809445532344,9.87680094512397,9.661680772290522,9.745858192443848,35394904.0,344953715.1191635,1.0
2024-04-11,9.68038686840689,9.904859385037176,9.633621537781956,9.783269882202148,37021163.0,362188028.9819965,1.0
2024-04-12,9.708445863494504,9.81132887891647,9.390442680586332,9.409149169921877,50185092.0,472199016.7342529,1.0
2024-04-15,9.44656199759899,9.568150619919304,9.19402972360778,9.334324836730955,38597781.0,360284225.83100224,1.0
2024-04-16,9.390442696514851,9.63362170644236,9.175323420638254,9.222087860107422,49239489.0,454090893.74479294,1.0
2024-04-17,9.33432458745395,9.549444766069136,9.33432458745395,9.493326187133787,44906431.0,426311397.3830166,1.0
2024-04-18,9.390442852974816,9.446561430037152,9.222088013762322,9.343677520751951,39425728.0,368381288.45288086,1.0
2024-04-19,9.315618594102572,9.315618594102572,9.081792827073867,9.128558158874512,33377015.0,304684022.59712696,1.0
2024-04-22,9.05373375451096,9.278206271075408,8.932144251711595,9.194028854370115,27448753.0,252364627.09847832,1.0
2024-04-23,9.240794579757788,9.324972000059226,9.147263914539629,9.20338249206543,21499036.0,197863851.5186844,1.0
2024-04-24,9.16597087937806,9.334324836730955,9.100499053542611,9.334324836730955,26901890.0,251110979.98200417,1.0
2024-04-25,9.240794574607534,9.371737327445071,9.16597039926452,9.250147819519045,23009870.0,212844698.80791664,1.0
2024-04-26,9.212735646998818,9.483973503112791,9.194029157348083,9.483973503112791,37054962.0,351428277.7668514,1.0
2024-04-29,9.231442104087458,9.605563904160748,9.175324413859956,9.530738830566406,55437314.0,528358561.20210266,1.0
2024-04-30,9.521386004731175,9.5400916032213,9.25950049007297,9.353031158447266,40115601.0,375202466.0928383,1.0
2024-05-06,9.493326417875195,9.586857087715911,9.427855484171438,9.474620819091797,38066470.0,360665369.1713333,1.0
2024-05-07,9.446561583388394,9.586856690359944,9.38108976042374,9.465267181396484,31192408.0,295244475.75112915,1.0
2024-05-08,9.409148847506756,9.418501199879552,9.203381931739154,9.212735176086426,31516571.0,290353822.28132534,1.0
2024-05-09,9.212736041260849,9.418502084377602,9.212736041260849,9.39979648590088,27339873.0,256989242.15037632,1.0
2024-05-10,9.409149181831667,9.483973355319534,9.240794345496711,9.268853187561035,24403237.0,226190021.0542574,1.0
2024-05-13,9.21273501239526,9.240793852964051,9.00696810028371,9.137910842895508,23956465.0,218912041.2809468,1.0
2024-05-14,9.27820642437217,9.446561260564351,9.231441092988288,9.362383842468262,41689437.0,390312511.3703985,1.0
2024-05-15,9.371737327445071,9.558797765802607,9.240794574607534,9.250147819519045,37188365.0,343997873.4162283,1.0
2024-05-16,9.194029816093831,9.27820724160434,9.119205636078846,9.14726448059082,31690762.0,289883781.6054573,1.0
2024-05-17,9.147263914539629,9.212735736982152,9.006968808686917,9.20338249206543,24883130.0,229008962.9897881,1.0
2024-05-20,9.203381931739154,9.334323784703058,9.100498027868117,9.212735176086426,27081396.0,249493729.54672623,1.0
2024-05-21,9.25949994686746,9.353030609754812,9.175323420638254,9.222087860107422,28525399.0,263063735.8226204,1.0
2024-05-22,9.18467617034912,9.203382660524971,9.091146395393514,9.18467617034912,22962464.0,210902795.9132996,1.0
2024-05-23,9.156617414320776,9.156617414320776,8.960203725475301,8.997615814208984,27512522.0,247547103.0359726,1.0
2024-05-24,8.941497971045713,9.03502774526033,8.922791481018066,8.922791481018066,16259524.0,145080342.2326088,1.0
2024-05-27,8.950850329773514,8.978910064832817,8.726377801146329,8.876026153564453,22507713.0,199779049.24492264,1.0
2024-05-28,8.922791896722956,8.922791896722956,8.773143537427954,8.791849136352539,14821052.0,130304453.22603609,1.0
2024-05-29,8.791849136352539,8.885379806899206,8.763790291978372,8.791849136352539,14770649.0,129861317.6540165,1.0
2024-05-30,8.726377326127723,8.79184825375312,8.6515531539917,8.6515531539917,18752583.0,162238968.59914112,1.0
2024-05-31,8.604788381476332,8.838614157559789,8.604788381476332,8.642200469970703,35079490.0,303163984.9643326,1.0
2024-06-03,8.642200386151433,8.651553631177949,8.399021367309299,8.473846435546875,32442737.0,274914771.2868347,1.0
2024-06-04,8.47384705951573,8.698319604833795,8.389669632027804,8.67961311340332,25849411.0,224362886.68935204,1.0
2024-06-05,8.738657624898341,8.758338797944772,8.423751348197593,8.472954750061035,36061713.0,305549262.4586878,1.0
2024-06-06,8.49263644635282,8.551680901099852,8.1974113571336,8.217093467712402,30683075.0,252125695.1518297,1.0
2024-06-07,8.30566015777492,8.394227778474843,8.19741136497206,8.31550121307373,20954589.0,174247910.24896145,1.0
2024-06-11,8.266297268253359,8.443432518078486,8.158048470301743,8.374547004699707,21299195.0,178371109.68976498,1.0
2024-06-12,8.394228285704829,8.482795911756545,8.345023944732239,8.463114738464355,21095540.0,178533975.48986435,1.0
2024-06-13,8.443432426945302,8.482795711093274,8.354864802988683,8.384387969970703,16884174.0,141563465.36849213,1.0
2024-06-14,8.354865000625706,8.482795911756545,8.325342771440049,8.463114738464355,15619352.0,132188368.11646272,1.0
2024-06-17,8.453273956352056,8.453273956352056,8.315501984865648,8.335184097290039,16397948.0,136679915.397789,1.0
2024-06-18,8.325342754430013,8.42375143617413,8.315501698556652,8.364706039428711,15212856.0,127251068.4601593,1.0
2024-06-19,8.364705818972434,8.384387930200422,8.187570571899414,8.187570571899414,18678677.0,152932986.12721443,1.0
2024-06-20,8.187570840955148,8.197411896892534,7.941550073488998,7.9612321853637695,20919519.0,166545147.9651289,1.0
2024-06-21,7.931710046488335,8.030117791500048,7.843141949784082,7.951391220092773,14651478.0,116499633.53058244,1.0
2024-06-24,7.931709722937125,7.931709722937125,7.626643567307161,7.636484622955322,24168796.0,184564639.0093441,1.0
2024-06-25,7.636484963551234,7.695529892331593,7.124761308960023,7.203488349914551,60884477.0,438580620.7601404,1.0
2024-06-26,7.154283958466218,7.66600714026892,7.124761259656645,7.656166553497314,51890738.0,397284132.7118921,1.0
2024-06-27,7.646325189532003,7.646325189532003,7.52823533754439,7.538075923919678,23603047.0,177921560.32184458,1.0
2024-06-28,7.528235426165763,7.695529619741259,7.459349443738392,7.479031085968018,22573214.0,168825769.21620846,1.0
2024-07-01,7.508553595163933,7.547916878633552,7.272373425098862,7.498712539672852,21541300.0,161532016.4308548,1.0
2024-07-02,7.498712925783206,7.616802782272538,7.469190696284562,7.508553981781006,17705550.0,132943077.95212267,1.0
2024-07-03,7.469190786816123,7.538076302646148,7.410145857855793,7.449509143829346,14246294.0,106127897.41868114,1.0
2024-07-04,7.449509019495184,7.488872304811754,7.203488251642934,7.213328838348389,18480434.0,133305447.51739408,1.0
2024-07-05,7.21332884713557,7.351100345911397,7.144443332371345,7.311737060546875,16865877.0,123318857.91952516,1.0
2024-07-08,7.2822148980093715,7.301896540872341,6.977149199009656,7.00667142868042,25034000.0,175405012.54558563,1.0
2024-07-09,6.947626500091512,7.055875770461533,6.809855000050726,7.00667142868042,32435905.0,227267728.8268924,1.0
2024-07-10,6.839376846681493,7.10507924507458,6.681923712595917,6.8984222412109375,29404419.0,202844098.01948547,1.0
2024-07-11,7.036194045615319,7.1346022587835485,6.947626419140225,7.114920616149902,25103727.0,178611024.77449894,1.0
2024-07-12,7.114920607782013,7.134602250392511,7.006671338800586,7.06571626663208,18672300.0,131933173.8454342,1.0
2024-07-15,7.065716357269328,7.095239056187472,6.977149199009656,7.00667142868042,18882280.0,132301931.78434372,1.0
2024-07-16,6.967307813558365,7.469190386707456,6.918103943350862,7.341259479522705,45515634.0,334142079.56898594,1.0
2024-07-17,7.459349343686829,7.705370102880972,7.351100078252146,7.439667701721191,50625727.0,376638586.03805447,1.0
2024-07-18,7.380623061354978,7.508553973704501,7.2625332049926685,7.459349632263184,28124729.0,209792186.9236517,1.0
2024-07-19,7.459349452973187,7.557757664243144,7.3904639397079,7.52823543548584,22457705.0,169066890.58068752,1.0
2024-07-22,7.538075955112655,7.764415073649197,7.479031028874517,7.734892845153809,33222676.0,256973838.88926315,1.0
2024-07-23,7.754574629982481,7.764415216579639,7.360941311901377,7.370781898498535,31749863.0,234021315.4802084,1.0
2024-07-24,7.341259453759765,7.429827076768758,7.144443035125732,7.144443035125732,23409500.0,167247839.23077583,1.0
2024-07-25,7.134602197650141,7.528235516197554,7.055875627790133,7.419986248016357,29570042.0,219409304.9932661,1.0
2024-07-26,7.42982749338575,7.538076295080687,7.360941508377476,7.400304794311523,20134700.0,149002916.94202423,1.0
2024-07-29,7.429827203893607,7.48887213049408,7.272373597044983,7.380622863769531,20149850.0,148718443.6115265,1.0
2024-07-30,7.341259865410453,7.42982749338575,7.311737166336227,7.400304794311523,14505450.0,107344751.17864607,1.0
2024-07-31,7.380622998682859,7.725051978105251,7.360941356122932,7.715211391448975,31633015.0,244055397.6738763,1.0
2024-08-01,7.784096717834473,8.02027642285092,7.734892847246394,7.784096717834473,35714065.0,278001736.147027,1.0
2024-08-02,7.754574767780235,7.951391195694503,7.685688783386552,7.705370426177978,25794478.0,198756007.9398985,1.0
2024-08-05,7.705370137690537,8.02027641056334,7.675847909232391,7.685688495635986,44017331.0,338303494.47530127,1.0
2024-08-06,7.823460102081299,7.951391011892042,7.705370248062475,7.823460102081299,32449700.0,253868933.27450752,1.0
2024-08-07,7.843141553122876,7.912027534244071,7.6955294738233,7.793937683105469,24274874.0,189196855.2212372,1.0
2024-08-08,7.734892747296135,7.793937672787268,7.577439143405758,7.7447333335876465,26384545.0,204341265.15304327,1.0
2024-08-09,7.764415245907225,7.823460173455308,7.606962105779002,7.61680269241333,16793052.0,127909363.68743706,1.0
2024-08-12,7.61680240073518,7.636484511744872,7.479030908398813,7.547916889190674,15273630.0,115284089.83624937,1.0
2024-08-13,7.557757664243144,7.597120948751127,7.429827224215884,7.52823543548584,13327600.0,100333310.58998108,1.0
2024-08-14,7.53807621966044,7.695529831068649,7.498712934120232,7.606962203979492,19153157.0,145697341.38588524,1.0
2024-08-15,7.587280577174216,7.862823576535455,7.4987129498986995,7.754574775695801,29285900.0,227099701.42354965,1.0
2024-08-16,7.744733409626417,7.784096693673646,7.577439217802013,7.5872802734375,20468371.0,155299267.5177002,1.0
2024-08-19,7.626643846749596,7.705370417830012,7.587280561209389,7.606962203979492,16732998.0,127287283.34526443,1.0
2024-08-20,7.616802390081711,7.695529426268303,7.479030897938042,7.498712539672852,21691715.0,162659935.2775097,1.0
2024-08-21,7.646325223241546,8.158048386691208,7.646325223241546,7.784096717834473,74936853.0,583315711.4821444,1.0
2024-08-22,7.764415407938153,7.892346790833114,7.233010579668463,7.252692222595215,59946319.0,434772201.58451176,1.0
2024-08-23,7.193647195028751,7.331418693624079,7.134602267059324,7.164124965667725,27197262.0,194844583.6920061,1.0
2024-08-26,7.1739656508882055,7.360941493316043,7.065716380167378,7.252692222595215,24156511.0,175199739.45473576,1.0
2024-08-27,7.193647278484232,7.370782064447501,7.065716365109291,7.105079650878906,27811800.0,197605054.234314,1.0
2024-08-28,6.996830663853049,7.154283802750742,6.849218111512778,7.12476110458374,27447383.0,195556046.82101297,1.0
2024-08-29,7.065716291812451,7.341259758588764,7.036194062415181,7.262533187866211,22805419.0,165625112.35069466,1.0
2024-08-30,7.262533021442142,7.587280352854639,7.223169736982891,7.479031085968018,34923467.0,261193695.32277825,1.0
2024-09-02,7.439667767176963,7.518394335732164,7.183806419372559,7.183806419372559,27060179.0,194395087.6095705,1.0
2024-09-03,7.1739656508882055,7.321578207462538,7.134602365034701,7.252692222595215,13845200.0,100414974.36027528,1.0
2024-09-04,7.193647195690104,7.292055408981529,7.164124966326364,7.213328838348389,13380550.0,96518307.18796252,1.0
2024-09-05,7.22316983285211,7.646325381029047,7.22316983285211,7.518394470214844,37240200.0,279986513.7496948,1.0
2024-09-06,7.508553772694237,7.597120927971264,7.380622863769531,7.380622863769531,19910200.0,146949677.34222412,1.0
2024-09-09,7.341259759193954,7.419986329922998,7.252692132500092,7.311737060546875,16640250.0,121669132.62176514,1.0
2024-09-10,7.341259579369217,7.419986148169847,7.154283743844038,7.380622863769531,18986729.0,140133886.165596,1.0
2024-09-11,7.331418801846695,7.419986429731912,7.292055515952684,7.351100444793701,13103450.0,96324777.12333202,1.0
2024-09-12,7.331418703229136,7.5085539566168595,7.311737060546875,7.311737060546875,17812550.0,130240681.97784424,1.0
2024-09-13,7.3511000427715345,7.370781684642177,7.1936469078063965,7.1936469078063965,14327000.0,103063379.24814224,1.0
2024-09-18,7.193646905160563,7.213328547023965,7.006671072834553,7.144443035125732,15724389.0,112342001.47265768,1.0
2024-09-19,7.183806461417309,7.52823543548584,7.114920478904657,7.52823543548584,37969472.0,285843124.5770874,1.0
2024-09-20,7.518394194791949,7.616802403641185,7.429827041451314,7.597120761871338,19127920.0,145317118.163414,1.0
2024-09-23,7.675848212625125,8.089163181354577,7.646325513752716,7.902186870574951,63170077.0,499181753.0826087,1.0
2024-09-24,8.030117436054383,8.24661596708866,7.941549812517872,8.187570571899414,57596952.0,471579109.2263031,1.0
2024-09-25,8.207252480122142,8.335183384455556,8.04979934817169,8.108843803405762,59042267.0,478764520.9019785,1.0
2024-09-26,8.09900314487486,8.276138396245841,8.010436457684111,8.266297340393066,47162883.0,389862414.30816936,1.0
2024-09-27,8.364706074872753,8.797702211693183,8.354865018957693,8.659931182861328,73488500.0,636405352.7317047,1.0
2024-09-30,8.856747692555281,9.47672014365352,8.856747692555281,9.447197914123535,112997376.0,1067508574.8486328,1.0
2024-10-08,10.391917947356546,10.391917947356546,9.368471561052058,9.919557571411133,144936445.0,1437705410.3731632,1.0
2024-10-09,9.466879131441097,9.575127932548329,8.935474304969174,8.94531536102295,87570903.0,783349343.7845507,1.0
2024-10-10,8.94531554298888,9.28974406542451,8.80754357091776,8.925633430480957,65424031.0,583950918.2504225,1.0
2024-10-11,8.935474159413843,9.033882841359024,8.384388168306106,8.463114738464355,54843966.0,464150776.970438,1.0
2024-10-14,8.551680962838352,8.650089639453446,8.276137982208665,8.610726356506348,50168957.0,431991160.3183336,1.0
2024-10-15,8.5123183385921,8.856747794902898,8.413910592856706,8.541841506958008,56549431.0,483036276.9106579,1.0
2024-10-16,8.413910157215541,8.984678243810773,8.384387928872952,8.787861824035645,74136171.0,651498426.9110785,1.0
2024-10-17,8.787861803909546,8.964996112054127,8.689453125,8.689453125,52555461.0,456678214.8222656,1.0
2024-10-18,8.640249105228863,9.161813808854411,8.512318193310978,8.955156326293945,62715215.0,561624554.3621349,1.0
2024-10-21,9.151972750079825,9.850671768188477,9.151972750079825,9.850671768188477,108482196.0,1068622505.4882888,1.0
2024-10-22,9.850671642084162,10.116373579895894,9.555446536797438,9.663695335388184,140776301.0,1360419283.306903,1.0
2024-10-23,9.614491824478169,9.781785079136728,9.437356575611226,9.575127601623535,61424419.0,588146649.7805891,1.0
2024-10-24,9.47672014365352,9.54560565872174,9.348789231030574,9.447197914123535,41156961.0,388817956.1108637,1.0
2024-10-25,9.466878564017732,9.919556791916463,9.407834108223598,9.801466941833496,65513200.0,642125464.0537262,1.0
2024-10-28,9.791626579575874,10.165578267226849,9.693218833453894,10.126214981079102,78225237.0,792125566.8078632,1.0
2024-10-29,10.23446336153936,10.460802951431194,9.84083051628582,9.870352745056152,80583306.0,795385655.5827999,1.0
2024-10-30,9.72274112701416,10.008125188075024,9.614492324023756,9.72274112701416,46716439.0,454211842.77294827,1.0
2024-10-31,9.644014197002695,10.057329158195294,9.466878945493088,9.860512733459473,65694136.0,647777864.5416183,1.0
2024-11-01,9.821148363496633,9.939239155071082,9.525924200044695,9.575127601623535,47453006.0,454368587.5306072,1.0
2024-11-04,9.762103816777476,10.332871904014915,9.663695137531828,10.28366756439209,83962298.0,863440360.5744228,1.0
2024-11-05,10.224623461973422,11.002049051772524,10.165578064680878,10.94300365447998,92142796.0,1008318953.3620032,1.0
2024-11-06,10.972525631834348,12.035335250728831,10.903640118654344,11.966449737548828,182179813.0,2180045575.4605446,1.0
2024-11-07,11.66138451761332,12.00581302200808,11.484249268299331,11.966449737548828,101225083.0,1211304867.8987083,1.0
2024-11-08,12.03533531771642,12.163266227544716,11.582658013162847,11.661384582519531,74454101.0,868237905.506752,1.0
2024-11-11,11.69090690655032,12.566741170889788,11.69090690655032,12.547059059143066,101818326.0,1277520549.625082,1.0
2024-11-12,12.576580743518448,12.793079270881108,11.927086099925177,12.10422134399414,103568551.0,1253616665.5807457,1.0
2024-11-13,11.966449935819568,12.18294847317995,11.740111281052384,12.04517650604248,65493754.0,788883826.9733257,1.0
2024-11-14,12.00581291172528,12.36008340709901,11.858200830982708,11.87788200378418,77010490.0,914721513.2736017,1.0
2024-11-15,11.877882642922808,12.32072078596871,11.494090836942725,11.513772010803224,78737929.0,906570563.1088114,1.0
2024-11-18,11.661384409562936,11.661384409562936,10.962685413014103,11.17918300628662,66046820.0,738349487.7632713,1.0
2024-11-19,11.257909744236624,11.85820100884846,11.15950200176376,11.75979232788086,78511439.0,923278218.003086,1.0
2024-11-20,11.808996973028249,12.084539972953708,11.710588289521777,11.92708683013916,62254879.0,742519347.432807,1.0
2024-11-21,11.966449355151868,12.05501697697862,11.720428600519652,11.907404899597168,46402362.0,552531712.6316814,1.0
2024-11-22,11.86804253980273,12.25183434625375,11.553135311195373,11.612180709838867,62318651.0,723655437.0053806,1.0
2024-11-25,11.700747568041178,12.458491013349494,11.316954848368836,12.291196823120115,103873419.0,1276728637.6194248,1.0
2024-11-26,12.20262908298102,12.852124665068995,12.05501700525335,12.10422134399414,90305042.0,1093072216.8466873,1.0
2024-11-27,12.015654489679964,13.31464385986328,11.818838060636244,13.31464385986328,113262552.0,1508050542.5392456,1.0
2024-11-28,13.7771626936535,13.7771626936535,12.596263221896432,12.665148735046388,139544147.0,1767347376.860177,1.0
2024-11-29,12.576581591338527,13.039100905090068,12.399447273823178,12.714353561401367,102965208.0,1309136059.0352323,1.0
2024-12-02,12.655307999773653,13.235917163867706,12.606104596846158,12.930851936340332,83339182.0,1077646622.937719,1.0
2024-12-03,12.812761936755338,13.048941646747528,12.47817354501903,12.547059059143066,64822642.0,813333517.5436878,1.0
2024-12-04,12.42896956576835,12.547059424200274,12.182948792744815,12.310879707336426,52222720.0,642907623.9099121,1.0
2024-12-05,12.320720248836754,12.881647287581124,12.320720248836754,12.763557434082031,67732203.0,864503863.1274033,1.0
2024-12-06,12.704512041403444,12.989896088724471,12.64546758388584,12.86196517944336,60444987.0,777441318.0659065,1.0
2024-12-09,12.960373592468205,13.167031066503938,12.8422837413756,12.989895820617676,55718645.0,723779393.81598,1.0
2024-12-10,13.334325924207445,13.413052495542672,12.763557812779649,12.822602272033691,62866543.0,806112677.1067038,1.0
2024-12-11,12.822602164904913,12.921010847499154,12.49785482623656,12.734034538269045,49493756.0,630255198.3326607,1.0
2024-12-12,12.734033954950982,12.88164697208052,12.517536364752528,12.59626293182373,50307078.0,633681181.8197651,1.0
2024-12-13,12.537217912809355,12.842284073219169,12.468332399182351,12.556900024414062,56961041.0,715254097.1235504,1.0
2024-12-16,12.67498974789896,12.72419408790877,11.425203828725444,11.572816848754885,122117355.0,1413241783.469381,1.0
2024-12-17,11.454727445325029,11.484249675091512,11.159502332175895,11.326796531677246,66251355.0,750415618.032918,1.0
2024-12-18,11.435045258109712,11.54329405887296,11.238228830133464,11.533453941345217,45052858.0,519615062.6689663,1.0
2024-12-19,11.405522851473844,11.749951360461566,11.149661029829428,11.651543617248535,59570205.0,694084841.8459368,1.0
2024-12-20,11.2185460472291,11.700747440054126,11.208705930289788,11.405522346496582,64409418.0,734623056.3238392,1.0
2024-12-23,11.277592221861015,11.366159849907516,10.588734248213994,10.628097534179688,88418595.0,939721451.4951324,1.0
2024-12-24,10.67730189063034,10.84459609083338,10.53952992031761,10.82491397857666,38418459.0,415876513.8644743,1.0
2024-12-25,10.805231929808944,10.864277328431273,10.40175801112317,10.519847869873049,39016400.0,410446592.4301148,1.0
2024-12-26,10.519847779210757,10.598575289526956,10.401757921478602,10.431281089782717,28880405.0,301259622.54176617,1.0
2024-12-27,10.450961976090644,10.706823796721528,10.41159869126241,10.460803031921388,39087899.0,408890812.37063694,1.0
2024-12-30,10.411599067309352,10.578893268495372,10.254145922309515,10.519847869873049,26830690.0,282254777.04372406,1.0
2024-12-31,10.529688506413477,10.61825613156984,10.16557788848877,10.16557788848877,31615758.0,321392450.4526119,1.0
2025-01-02,10.165578332242193,10.224623731088828,9.70305901317699,9.821148872375488,40167977.0,394495682.01915455,1.0
2025-01-03,9.870352308739664,9.929397702164971,9.476719480886564,9.516082763671877,34873344.0,331857627.75,1.0
2025-01-06,9.4668792698775,9.584969128765362,9.289744012298314,9.427515983581545,32417148.0,305613180.91212845,1.0
2025-01-07,9.437356198101256,9.525923818991874,9.319266349745323,9.516082763671877,24501983.0,233162898.1020813,1.0
2025-01-08,9.457037835187393,9.565287572039944,9.181494842143572,9.466878890991213,33602483.0,318110636.997591,1.0
2025-01-09,9.38815260665277,9.604651148437842,9.378311550550093,9.535764694213867,23123850.0,220503592.42429733,1.0
2025-01-10,9.496400805826177,9.742421561816435,9.29958438873291,9.29958438873291,25468496.0,236846427.80610657,1.0
2025-01-13,9.05356354501458,9.38815192007836,9.043722489631598,9.309425354003906,20193107.0,187986222.28191376,1.0
2025-01-14,9.368470906035563,9.712899403804842,9.270062227533076,9.693218231201172,37701500.0,365448867.143631,1.0
2025-01-15,9.683376980510925,9.850671167496984,9.545605021082787,9.712899208068848,40295699.0,391388062.9056807,1.0
2025-01-16,9.752263251181184,9.821148767017633,9.555446821295064,9.634173393249512,36672247.0,353306786.3180742,1.0
2025-01-17,9.555446715493895,9.663695516109003,9.506242373943484,9.545605659484863,20245397.0,193254576.18171787,1.0
2025-01-20,9.112609221181708,10.283667631696742,9.112609221181708,10.07701015472412,92467459.0,931795523.3245364,1.0
2025-01-21,10.077010177393625,10.332871994886696,9.919557040011652,10.273826599121094,49220676.0,505684690.3155213,1.0
2025-01-22,10.155736450666664,10.234463017067592,9.949078979240554,10.10653305053711,31244633.0,315774916.06640244,1.0
2025-01-23,10.214781822477692,10.323030616419642,9.968761068386693,10.008124351501465,30821411.0,308464513.9767351,1.0
2025-01-24,9.929398536062976,10.145897078811664,9.929398536062976,10.027806282043455,21048929.0,211074582.4564867,1.0
2025-01-27,10.126214428394828,10.519847268387984,10.11637337277132,10.28366756439209,39200036.0,403120138.73620224,1.0
2025-02-05,10.441120462159674,10.815072120868267,10.293508385153908,10.60841464996338,56068131.0,594793982.2964659,1.0
2025-02-06,10.667460673770185,11.189024440282596,10.529688705533331,11.139820098876951,56661820.0,631202481.2749481,1.0
2025-02-07,11.070934094531069,11.28743262404708,10.80523122578486,10.992207527160645,51786900.0,569252351.9883156,1.0
2025-02-10,10.972525722816092,11.179183202564396,10.913481264884998,11.159502029418944,38335298.0,427802835.82938,1.0
2025-02-11,11.120139122009276,11.336637664924828,10.962685977523336,11.120139122009276,32904257.0,365899915.5463476,1.0
2025-02-12,11.090616624182188,11.366159620377688,11.06109345643304,11.346477508544922,32169383.0,365009180.67326736,1.0
2025-02-13,11.307113647460938,11.464566780124407,11.07093394846573,11.307113647460938,41695387.0,471454479.38386536,1.0
2025-02-14,11.248069886756072,11.690907084349949,10.992208061125922,11.631861686706545,60894340.0,708314540.3832817,1.0
2025-02-17,11.808996849085837,12.08453984611931,11.51377174015974,11.64170265197754,63175632.0,735471922.5947571,1.0
2025-02-18,11.868042115446336,12.005813143197036,11.346477417978086,11.356318473815918,57963350.0,658250262.4092579,1.0
2025-02-19,11.356318866866037,11.553135297960944,11.316955580647056,11.415364265441896,28394139.0,324129439.68859005,1.0
2025-02-20,11.425204261643804,11.474408603518045,11.120139031314082,11.228387832641602,33125703.0,371948240.5128994,1.0
2025-02-21,11.267750867882068,11.60233925899298,11.02173010247637,11.55313491821289,41363450.0,477877518.532753,1.0
2025-02-24,11.51377170514445,11.59249827548602,11.257909882286969,11.346477508544922,25956489.0,294514718.6392937,1.0
2025-02-25,11.189024638098182,11.346477782584122,11.061093723579663,11.120139122009276,22584039.0,251137655.61688328,1.0
2025-02-26,11.228387250102765,11.297272762056,11.002048603116576,11.090616226196287,26165248.0,290188724.03125,1.0
2025-02-27,11.100456567699108,11.66138454571349,10.962685541007112,11.464567184448242,47988444.0,550166740.3151321,1.0
2025-02-28,11.39568158302826,11.582657887086212,10.756027979344104,10.77570915222168,43552993.0,469314385.2767468,1.0
2025-03-03,10.854436250044154,11.533454109585602,10.785550733871313,11.31695556640625,58696828.0,664269394.3649902,1.0
2025-03-04,11.257909971406416,11.543294025777447,11.159502226947811,11.238228797912598,28116318.0,315977614.63886833,1.0
2025-03-05,11.21854632894386,11.464567090003989,10.992207679246013,11.37600040435791,32595919.0,370811187.7244177,1.0
2025-03-06,11.38584065409661,11.887723237740843,11.376000536795638,11.75979232788086,47006017.0,552780998.0808372,1.0
2025-03-07,11.690906503978008,11.818837410442208,11.415363518475347,11.59249782562256,33811065.0,391954697.494483,1.0
2025-03-10,11.592498002450249,11.661384453747717,11.425203809790968,11.474408149719238,21054576.0,241588798.44328308,1.0
2025-03-11,11.326795934022996,11.464566957993656,11.021729780883485,11.189023971557615,31355717.0,350839869.1583767,1.0
2025-03-12,11.307114510240195,11.503930941087436,11.129980191725064,11.31695556640625,27769873.0,314270418.8257446,1.0
2025-03-13,11.316954873182477,11.316954873182477,10.933162152668626,11.090616226196287,23712932.0,262991028.4098892,1.0
2025-03-14,11.070934187874808,11.868041862339467,11.011888792601798,11.681065559387209,46732141.0,545881202.7515268,1.0
2025-03-17,11.907405826066803,11.995972516289887,11.572817423574794,11.612180709838867,27553939.0,319961318.93587685,1.0
2025-03-18,11.681066134796684,11.887723620690087,11.562976276928278,11.622021675109863,26495650.0,307933018.59612465,1.0
2025-03-19,11.808996624818668,11.927086478447489,11.316955098784558,11.366159439086914,36517800.0,415067137.1646881,1.0
2025-03-20,11.356318637964932,11.37600074992509,11.120138925411547,11.139820098876951,20704926.0,230649150.80056,1.0
2025-03-21,11.08077590003493,11.218546933010304,10.76586867074527,10.815073013305664,27271942.0,294948043.9446373,1.0
2025-03-24,10.815072758468984,11.110297868380156,10.775709473047144,11.041412353515623,25463021.0,281147714.6272278,1.0
2025-03-25,11.021729734483989,11.297272719760045,10.834754371956056,10.893798828125,17916950.0,195183648.91357425,1.0
2025-03-26,10.854435544514134,10.992207506399517,10.824913316429663,10.893798828125,13725857.0,149526724.90161133,1.0
2025-03-27,10.874117655566922,10.962685278315046,10.677301237512598,10.893798828125,13408844.0,146073249.05371094,1.0
2025-03-28,10.933162822383052,11.562976339588994,10.883959418542318,11.31695556640625,37709150.0,426752774.9969482,1.0
2025-03-31,11.21854621998904,11.36615923828833,10.952844288641868,11.287432670593262,26003474.0,293512461.97652245,1.0
2025-04-01,11.297272723644522,11.562975591980251,11.169342755736256,11.49409008026123,29966900.0,344442248.02618027,1.0
2025-04-02,11.454727265036414,11.7893147202782,11.444886209104222,11.543293952941896,27427629.0,316605183.97923374,1.0
2025-04-03,11.385840651276398,11.730270096082949,11.385840651276398,11.661384582519531,23796479.0,277499893.3288498,1.0
2025-04-07,11.120138356962457,11.169342695852828,10.500165939331056,10.500165939331056,29950800.0,314488370.0157165,1.0
2025-04-08,10.421439927871244,10.60841529942508,10.16557810280199,10.441121101379396,33218604.0,346839467.182766,1.0
2025-04-09,10.155736517418024,11.356318070665372,10.037646667040455,11.198864936828612,45100873.0,505078585.2600603,1.0
2025-04-10,11.297273272915254,11.503930756614666,11.100456845224087,11.336637496948242,28002644.0,317455823.9840927,1.0
2025-04-11,11.25790959399352,11.484249181800475,11.14966079716959,11.277591705322266,19234060.0,216913875.5156708,1.0
2025-04-14,11.346477348844386,11.661384564273131,11.346477348844386,11.562975883483888,23505487.0,271793379.310544,1.0
2025-04-15,11.523612689142734,11.789314627763623,11.3956817785124,11.55313491821289,16888809.0,195118688.98492813,1.0
2025-04-16,11.503930508160888,12.06485848808463,11.415363821483732,11.75979232788086,41945537.0,493270804.2014427,1.0
2025-04-17,11.62202112209052,11.88772305502765,11.62202112209052,11.779474258422852,21391387.0,251979292.51846123,1.0
2025-04-18,11.740111172672297,11.936927596412644,11.562975922058612,11.858201026916504,18963522.0,224873256.0543537,1.0
2025-04-21,11.81883748187801,12.192789147996372,11.740110914115697,12.084539413452148,27503175.0,332363202.2825718,1.0
2025-04-22,12.153425752257675,12.301037830829747,11.917245112649766,11.9959716796875,25420220.0,304940239.2114258,1.0
2025-04-23,12.09438023786864,12.17310680412614,11.740110689709883,11.808996200561523,25043342.0,295736730.5273628,1.0
2025-04-24,11.740111425970325,11.8680423387854,11.533453941960548,11.631861686706545,19639888.0,228448460.7584076,1.0
2025-04-25,11.681065519046598,12.153425864115214,11.592497895690316,12.084539413452148,33196213.0,401160944.3758526,1.0
2025-04-28,11.986131963012925,12.989896195516884,11.808996712014393,12.85212516784668,85114031.0,1093896179.9519825,1.0
2025-04-29,12.7143528546924,13.137508858976153,12.694670743565384,13.08830451965332,48193500.0,630771203.8679123,1.0
2025-04-30,13.127667937188455,13.481937494632495,13.0981457086918,13.37368869781494,43589738.0,582955586.4313145,1.0
2025-05-06,13.393369695357734,13.668913619369327,13.088304481730574,13.491778373718262,44606282.0,601818070.8195782,1.0
2025-05-07,13.580346082558878,13.708276989839966,13.18671230511828,13.383529663085938,35592806.0,476357374.89346313,1.0
2025-05-08,13.285121630043111,13.511460288818212,13.157190716541844,13.216236114501951,29904449.0,395224258.8580818,1.0
2025-05-09,13.18671246107968,13.4524153343817,13.05878249078026,13.167031288146973,30133500.0,396768737.3213768,1.0
2025-05-12,13.30480354438136,13.37368905889834,13.167031576852647,13.235917091369627,23162741.0,306580119.48486805,1.0
2025-05-13,13.33432541781903,13.698436031040584,13.235916738139812,13.47209644317627,33009602.0,444708541.6948643,1.0
2025-05-14,13.4327334255476,13.53114210717953,13.107986090054872,13.245758056640623,31717400.0,420121006.58569336,1.0
2025-05-15,13.235916825013822,13.265439053713468,12.527376766759224,12.56674098968506,50918824.0,639883672.7073593,1.0
2025-05-16,12.576581360829945,12.704512272437508,12.301038364249289,12.340401649475098,40264439.0,496879349.4507895,1.0
2025-05-19,12.40928654233086,12.763557030110055,12.379764314514162,12.606103897094728,29072121.0,366486177.83490944,1.0
2025-05-20,12.61594423940452,12.940691566673502,12.537217671490508,12.881647109985352,31560974.0,406557329.5154228,1.0
2025-05-21,12.842283826028346,12.999736961856373,12.81276159768427,12.881647109985352,17185524.0,221377855.5681839,1.0
2025-05-22,13.196553450076124,13.245757789901226,12.606104187659074,12.674989700317385,29027512.0,367923415.6258392,1.0
2025-05-23,12.635626285465628,12.684830624781808,12.478173150449624,12.48801326751709,18650048.0,232902046.86383057,1.0
2025-05-26,12.517537026812152,12.960374224633256,12.517537026812152,12.62578582763672,23735650.0,299681233.3797455,1.0
2025-05-27,12.625785447084349,12.714353071678016,12.458491253628477,12.56674098968506,16963465.0,213175470.94258785,1.0
2025-05-28,12.783238607084517,13.039100425579912,12.64546758058294,12.763557434082031,30751542.0,392499072.5035858,1.0
2025-05-29,12.75371680238118,13.2752805739673,12.566741429414565,13.216236114501951,34789042.0,459780193.26932526,1.0
2025-05-30,13.19655389660253,13.462256777551724,13.12766838161337,13.226076126098633,27473815.0,363370768.6643505,1.0
2025-06-03,13.196554060229309,14.210159378114463,13.196554060229309,14.003501892089844,63707657.0,892130295.3401108,1.0
2025-06-04,14.023183679492622,14.85965466033394,13.98382039442331,14.436498641967772,71841001.0,1037132513.3741056,1.0
2025-06-05,14.426657873508509,14.52506655738982,14.259363674007131,14.406976699829102,44299262.0,638218435.4536247,1.0
2025-06-06,14.406976577111704,14.81045048829776,14.121592522480489,14.220000267028809,36605443.0,520529409.23470783,1.0
2025-06-09,14.289999961853027,14.5,14.109999656677246,14.260000228881836,27308950.0,389425633.2505226,1.0
2025-06-10,14.279999732971191,14.369999885559082,13.890000343322754,14.149999618530272,38869385.0,550001782.9225063,1.0
2025-06-11,14.220000267028809,14.65999984741211,14.149999618530272,14.550000190734863,54887027.0,798606253.3188696,1.0
2025-06-12,14.489999771118164,15.43000030517578,14.380000114440918,15.270000457763672,85751801.0,1309430040.5240593,1.0
2025-06-13,15.100000381469728,15.390000343322754,15.039999961853027,15.220000267028809,50887207.0,774503304.1283503,1.0
2025-06-16,15.289999961853027,15.880000114440918,15.229999542236328,15.380000114440918,69549346.0,1069668949.439291,1.0
2025-06-17,15.5,16.229999542236328,15.289999961853027,15.460000038146973,73958799.0,1143403035.3613043,1.0
2025-06-18,15.449999809265137,15.59000015258789,15.229999542236328,15.40999984741211,38185700.0,588441631.1733246,1.0
2025-06-19,15.380000114440918,15.920000076293944,14.90999984741211,15.020000457763672,65046459.0,976997843.955906,1.0
2025-06-20,15.329999923706056,15.470000267028809,14.699999809265137,15.100000381469728,57745409.0,871955697.9281254,1.0
2025-06-23,14.949999809265137,15.850000381469728,14.649999618530272,14.8100004196167,70244708.0,1040324154.9558524,1.0
2025-06-24,14.829999923706056,15.4399995803833,14.8100004196167,15.010000228881836,65672563.0,985745185.6612568,1.0
2025-06-25,15.06999969482422,15.289999961853027,14.800000190734863,15.079999923706056,50998877.0,769063061.2690945,1.0
2025-06-26,14.970000267028809,15.380000114440918,14.850000381469728,14.93000030517578,32537499.0,485784869.9996567,1.0
2025-06-27,14.8100004196167,14.93000030517578,14.050000190734863,14.420000076293944,65275077.0,941266615.3200932,1.0
2025-06-30,14.390000343322754,15.489999771118164,14.350000381469728,15.170000076293944,83673632.0,1269329003.8237915,1.0
2025-07-01,15.18000030517578,15.359999656677246,15.010000228881836,15.149999618530272,46530838.0,704942177.949894,1.0
2025-07-02,15.09000015258789,15.15999984741211,14.68000030517578,14.75,39000104.0,575251534.0,1.0
2025-07-03,14.779999732971191,15.15999984741211,14.359999656677246,14.760000228881836,39098997.0,577101204.6690502,1.0
2025-07-04,14.720000267028809,15.43000030517578,14.630000114440918,14.81999969482422,68193430.0,1010626611.7890168,1.0
2025-07-07,14.770000457763672,15.329999923706056,14.770000457763672,14.829999923706056,43654950.0,647402905.1693916,1.0
2025-07-08,14.75,15.449999809265137,14.600000381469728,15.220000267028809,78874200.0,1200465345.0616837,1.0
2025-07-09,15.220000267028809,15.6899995803833,15.18000030517578,15.390000343322754,54450819.0,837998123.1042051,1.0
2025-07-10,15.420000076293944,15.479999542236328,14.890000343322754,15.079999923706056,47884465.0,722097728.5467052,1.0
2025-07-11,15.0,15.050000190734863,14.5,14.600000381469728,63242030.0,923333662.12492,1.0
2025-07-14,14.489999771118164,14.489999771118164,13.859999656677246,14.380000114440918,61728522.0,887656153.4242687,1.0
2025-07-15,14.56999969482422,14.649999618530272,14.369999885559082,14.510000228881836,46224854.0,670722642.1200294,1.0
2025-07-16,14.4399995803833,14.729999542236328,14.3100004196167,14.529999732971191,37485774.0,544668286.2102184,1.0
2025-07-17,14.5,14.779999732971191,14.40999984741211,14.5600004196167,37101660.0,540200185.1684761,1.0
2025-07-18,14.56999969482422,14.640000343322754,14.15999984741211,14.289999961853027,43540095.0,622187955.8890772,1.0
2025-07-21,14.289999961853027,14.6899995803833,14.279999732971191,14.4399995803833,41779953.0,603302503.788434,1.0
2025-07-22,14.329999923706056,14.829999923706056,14.289999961853027,14.329999923706056,45364203.0,650069025.528986,1.0
2025-07-23,14.300000190734863,14.6899995803833,14.270000457763672,14.420000076293944,57013900.0,822140442.3498154,1.0
2025-07-24,14.520000457763672,14.529999732971191,14.239999771118164,14.43000030517578,38017830.0,548597298.502121,1.0
2025-07-25,14.4399995803833,14.56999969482422,14.260000228881836,14.43000030517578,41692075.0,601616654.9734116,1.0
2025-07-28,14.420000076293944,14.779999732971191,14.220000267028809,14.640000343322754,52829654.0,773426152.6976223,1.0
2025-07-29,14.640000343322754,15.1899995803833,14.399999618530272,15.079999923706056,72067391.0,1086776250.7816944,1.0
2025-07-30,15.119999885559082,15.18000030517578,14.800000190734863,14.989999771118164,51036827.0,765042025.0485973,1.0
2025-07-31,15.0600004196167,15.109999656677246,14.449999809265137,14.550000190734863,54751858.0,796639544.3430882,1.0
2025-08-01,14.550000190734863,14.68000030517578,14.0600004196167,14.649999618530272,60197166.0,881888458.9366035,1.0
2025-08-04,14.510000228881836,14.949999809265137,14.369999885559082,14.699999809265137,63937992.0,939888470.2047958,1.0
2025-08-05,14.6899995803833,15.789999961853027,14.630000114440918,15.390000343322754,112426413.0,1730242534.6685455,1.0
2025-08-06,15.380000114440918,15.949999809265137,15.300000190734863,15.90999984741211,84713881.0,1347797833.7836876,1.0
2025-08-07,15.90999984741211,16.09000015258789,15.510000228881836,15.600000381469728,59739069.0,931929499.1886464,1.0
2025-08-08,15.5,15.630000114440918,15.079999923706056,15.279999732971191,52940417.0,808929557.6233835,1.0
2025-08-11,15.239999771118164,15.4399995803833,15.130000114440918,15.210000038146973,45480050.0,691751562.2349262,1.0
2025-08-12,15.3100004196167,15.390000343322754,14.920000076293944,14.979999542236328,51854169.0,776775427.8830452,1.0
2025-08-13,14.979999542236328,15.539999961853027,14.960000038146973,15.359999656677246,60077304.0,922787368.8140944,1.0
2025-08-14,15.4399995803833,15.75,15.34000015258789,15.479999542236328,56850065.0,880038980.1761055,1.0
2025-08-15,15.40999984741211,15.59000015258789,15.020000457763672,15.550000190734863,49787325.0,774192913.2461786,1.0
2025-08-18,15.550000190734863,15.850000381469728,15.390000343322754,15.579999923706056,50289577.0,783511605.8232098,1.0
2025-08-19,15.640000343322754,15.81999969482422,15.359999656677246,15.380000114440918,48012336.0,738429733.1745758,1.0
2025-08-20,15.489999771118164,15.9399995803833,15.380000114440918,15.75,71009688.0,1118402586.0,1.0
2025-08-21,15.789999961853027,16.030000686645508,15.420000076293944,15.670000076293944,73274512.0,1148211608.6304016,1.0
2025-08-22,15.600000381469728,15.779999732971191,15.5,15.779999732971191,45430154.0,716887817.9888401,1.0
2025-08-25,15.789999961853027,16.229999542236328,15.550000190734863,16.110000610351562,68301546.0,1100337947.747955,1.0
2025-08-26,16.1299991607666,16.719999313354492,16.110000610351562,16.3700008392334,97589351.0,1597537757.7702427,1.0
2025-08-27,16.68000030517578,16.84000015258789,15.899999618530272,15.9399995803833,99205030.0,1581328136.5719128,1.0
2025-08-28,16.100000381469727,16.530000686645508,15.760000228881836,16.280000686645508,65320357.0,1063415456.8119296,1.0
2025-08-29,16.280000686645508,16.770000457763672,16.200000762939453,16.65999984741211,78924246.0,1314877926.3171158,1.0
2025-09-01,16.700000762939453,16.700000762939453,16.059999465942383,16.280000686645508,62411295.0,1016055925.4544352,1.0
2025-09-02,16.25,16.5,15.470000267028809,15.670000076293944,60927810.0,954738787.348423,1.0
2025-09-03,15.649999618530272,16.5,15.579999923706056,15.739999771118164,65208858.0,1026387409.9948767,1.0
2025-09-04,15.65999984741211,15.9399995803833,14.739999771118164,15.029999732971191,60482604.0,909053521.9694024,1.0
2025-09-05,15.020000457763672,15.9399995803833,14.949999809265137,15.850000381469728,70741763.0,1121256970.535841,1.0
2025-09-08,15.789999961853027,16.75,15.710000038146973,16.540000915527344,70675150.0,1168967045.7050323,1.0
2025-09-09,16.600000381469727,17.100000381469727,16.350000381469727,16.610000610351562,62310855.0,1034983339.5815276,1.0
2025-09-10,16.450000762939453,17.34000015258789,16.450000762939453,17.079999923706055,82124756.0,1402690826.2143784,1.0
2025-09-11,16.969999313354492,17.3799991607666,16.530000686645508,17.3700008392334,62208234.0,1080557076.7872276,1.0
2025-09-12,17.350000381469727,17.450000762939453,16.959999084472656,16.979999542236328,37959497.0,644552241.6835213,1.0
2025-09-15,16.979999542236328,18.68000030517578,16.899999618530273,18.68000030517578,90208197.0,1685089147.489357,1.0
2025-09-16,19.0,19.3700008392334,18.450000762939453,18.809999465942383,117320218.0,2206793237.924244,1.0
2025-09-17,18.71999931335449,19.549999237060547,18.520000457763672,19.280000686645508,88784207.0,1711759571.923277,1.0
2025-09-18,19.290000915527344,20.07999992370605,18.84000015258789,19.13999938964844,96056847.0,1838527992.951553,1.0
2025-09-19,19.0,19.709999084472656,19.0,19.450000762939453,59291197.0,1153213826.8855934,1.0
2025-09-22,19.450000762939453,19.5,18.600000381469727,18.8700008392334,53865100.0,1016434482.2053908,1.0
2025-09-23,18.809999465942383,19.07999992370605,18.1200008392334,18.56999969482422,53066471.0,985444350.2753984,1.0
2025-09-24,18.46999931335449,19.14999961853028,18.299999237060547,19.049999237060547,46457284.0,885011224.7559052,1.0
2025-09-25,19.100000381469727,20.350000381469727,19.09000015258789,19.75,74280136.0,1467032686.0,1.0
2025-09-26,19.5,19.739999771118164,19.100000381469727,19.190000534057617,55907422.0,1072863458.0377846,1.0
2025-09-29,19.049999237060547,19.46999931335449,18.809999465942383,19.15999984741211,35517615.0,680517497.980442,1.0
2025-09-30,19.25,19.350000381469727,18.65999984741211,19.15999984741211,35143910.0,673357310.2374649,1.0
2025-10-09,19.06999969482422,19.170000076293945,18.14999961853028,18.489999771118164,56940366.0,1052827354.3073844,1.0
2025-10-10,18.39999961853028,18.76000022888184,17.709999084472656,17.81999969482422,39572184.0,705176306.8035278,1.0
2025-10-13,17.110000610351562,18.049999237060547,17.0,17.65999984741211,38193345.0,674494466.872158,1.0
2025-10-14,17.75,18.100000381469727,17.100000381469727,17.149999618530273,34283801.0,587967174.0717678,1.0
2025-10-15,17.200000762939453,17.43000030517578,16.5,17.399999618530273,36447303.0,634183058.2964573,1.0
2025-10-16,17.329999923706055,17.450000762939453,16.899999618530273,16.940000534057617,28954364.0,490486941.62329865,1.0
2025-10-17,16.8700008392334,17.09000015258789,16.549999237060547,16.579999923706055,28710542.0,476020784.1695595,1.0
2025-10-20,16.799999237060547,17.170000076293945,16.719999313354492,17.020000457763672,29141543.0,495989075.1999397,1.0
2025-10-21,17.0,17.229999542236328,16.8799991607666,17.15999984741211,29250811.0,501943912.29668045,1.0
2025-10-22,17.079999923706055,17.43000030517578,17.020000457763672,17.209999084472656,23722864.0,408270467.7210693,1.0
2025-10-23,17.15999984741211,17.299999237060547,16.90999984741211,17.270000457763672,19687714.0,340006829.79232025,1.0
2025-10-24,17.350000381469727,17.450000762939453,17.040000915527344,17.299999237060547,21147815.0,365857183.3654976,1.0
2025-10-27,17.399999618530273,17.459999084472656,16.780000686645508,16.969999313354492,34060751.0,578010921.0823383,1.0
2025-10-28,16.920000076293945,17.280000686645508,16.780000686645508,16.940000534057617,27625813.0,467981286.9737759,1.0
2025-10-29,16.889999389648438,17.780000686645508,16.81999969482422,17.56999969482422,38988337.0,685025069.1917038,1.0
2025-10-30,17.690000534057617,17.739999771118164,16.860000610351562,16.959999084472656,38797458.0,658004852.1598663,1.0
2025-10-31,17.15999984741211,17.399999618530273,16.969999313354492,17.1299991607666,30225102.0,517755971.8940849,1.0
2025-11-03,17.399999618530273,17.959999084472656,17.299999237060547,17.8799991607666,66388866.0,1187032868.3642464,1.0
2025-11-04,17.940000534057617,17.950000762939453,17.209999084472656,17.469999313354492,49833973.0,870599474.0917263,1.0
2025-11-05,17.18000030517578,17.399999618530273,16.290000915527344,16.420000076293945,66597042.0,1093523434.720951,1.0
2025-11-06,16.399999618530273,16.489999771118164,16.170000076293945,16.479999542236328,36092457.0,594803674.8381844,1.0
2025-11-07,16.309999465942383,16.479999542236328,16.0,16.010000228881836,42523610.0,680803005.8328819,1.0
2025-11-10,16.030000686645508,16.209999084472656,15.699999809265137,15.789999961853027,45631088.0,720514877.7793121,1.0
2025-11-11,15.800000190734863,15.850000381469728,15.510000228881836,15.59000015258789,36280225.0,565608713.285923,1.0
2025-11-12,15.630000114440918,15.789999961853027,15.3100004196167,15.4399995803833,31164850.0,481185270.9227085,1.0
2025-11-13,15.359999656677246,15.510000228881836,15.279999732971191,15.479999542236328,25684486.0,397595831.5225754,1.0
2025-11-14,15.399999618530272,15.649999618530272,15.3100004196167,15.3100004196167,25797899.0,394965844.5152292,1.0
2025-11-17,15.15999984741211,15.260000228881836,15.0,15.170000076293944,22778207.0,345545401.9278393,1.0
2025-11-18,15.130000114440918,15.380000114440918,15.050000190734863,15.289999961853027,24206355.0,370115167.0266008,1.0
2025-11-19,15.279999732971191,15.279999732971191,15.010000228881836,15.100000381469728,19434210.0,293456578.4135628,1.0
2025-11-20,15.15999984741211,15.210000038146973,14.90999984741211,14.90999984741211,17781694.0,265125054.8267288,1.0
2025-11-21,14.779999732971191,15.079999923706056,14.6899995803833,14.729999542236328,28508102.0,419924329.41002655,1.0
2025-11-24,14.770000457763672,15.270000457763672,14.670000076293944,15.220000267028809,34871268.0,530740708.2716332,1.0
2025-11-25,15.270000457763672,15.850000381469728,15.199999809265137,15.619999885559082,47386394.0,740175468.8570576,1.0
2025-11-26,15.5,15.670000076293944,15.229999542236328,15.239999771118164,29761927.0,453571760.6680355,1.0
2025-11-27,15.210000038146973,15.550000190734863,15.149999618530272,15.170000076293944,23436600.0,355533223.7880707,1.0
2025-11-28,14.460000038146973,14.760000228881836,14.039999961853027,14.170000076293944,78503737.0,1112397959.2793598,1.0
2025-12-01,14.229999542236328,14.56999969482422,14.149999618530272,14.5600004196167,53221386.0,774903402.4925823,1.0
2025-12-02,14.529999732971191,14.649999618530272,14.25,14.34000015258789,25302841.0,362842743.8009072,1.0
2025-12-03,14.300000190734863,14.520000457763672,13.979999542236328,14.050000190734863,26959482.0,378780727.2421131,1.0
2025-12-04,14.079999923706056,14.25,13.890000343322754,14.079999923706056,21919144.0,308621545.847702,1.0
2025-12-05,14.029999732971191,14.149999618530272,13.890000343322754,14.109999656677246,18741091.0,264436787.57575703,1.0
2025-12-08,14.109999656677246,14.329999923706056,14.050000190734863,14.15999984741211,24928900.0,352993220.19615173,1.0
2025-12-09,14.130000114440918,14.550000190734863,14.109999656677246,14.289999961853027,31576079.0,451222167.7054682,1.0
2025-12-10,14.229999542236328,14.539999961853027,14.039999961853027,14.479999542236328,28765312.0,416521704.5922852,1.0
2025-12-11,14.5,14.649999618530272,14.260000228881836,14.279999732971191,22856849.0,326395797.61656284,1.0
2025-12-12,14.260000228881836,14.40999984741211,14.18000030517578,14.31999969482422,18557851.0,265748420.6565933,1.0
2025-12-15,14.5,15.170000076293944,14.5,14.739999771118164,46215948.0,681223062.942009,1.0
2025-12-16,14.6899995803833,14.960000038146973,14.350000381469728,14.850000381469728,44469935.0,660378551.713934,1.0
2025-12-17,14.770000457763672,15.619999885559082,14.729999542236328,15.59000015258789,63914679.0,996429855.362606,1.0
2025-12-18,15.489999771118164,16.09000015258789,15.289999961853027,15.699999809265137,53843137.0,845337240.6302366,1.0
2025-12-19,15.6899995803833,15.93000030517578,15.579999923706056,15.850000381469728,29153058.0,462075980.42100906,1.0
2025-12-22,16.010000228881836,16.489999771118164,15.649999618530272,15.68000030517578,44114113.0,691709305.3025589,1.0
2025-12-23,15.90999984741211,16.6299991607666,15.8100004196167,16.56999969482422,71838205.0,1190359034.9267197,1.0
2025-12-24,16.600000381469727,16.989999771118164,16.229999542236328,16.450000762939453,49759972.0,818551577.3638458,1.0
2025-12-25,16.3799991607666,16.579999923706055,16.110000610351562,16.209999084472656,32705832.0,530161506.7769165,1.0
2025-12-26,16.219999313354492,16.350000381469727,15.960000038146973,16.34000015258789,32773081.0,535512148.5407753,1.0
2025-12-29,16.469999313354492,16.670000076293945,16.020000457763672,16.290000915527344,34932697.0,569053666.1118393,1.0
2025-12-30,16.280000686645508,16.719999313354492,16.149999618530273,16.399999618530273,33458830.0,548724799.2364693,1.0
2025-12-31,16.399999618530273,16.639999389648438,16.209999084472656,16.389999389648438,27575529.0,451962903.4792328,1.0
2026-01-05,16.549999237060547,16.979999542236328,16.5,16.90999984741211,51278753.0,867123705.4054832,1.0
2026-01-06,16.75,16.899999618530273,16.540000915527344,16.719999313354492,38854686.0,649650323.2406044,1.0
2026-01-07,16.579999923706055,16.8799991607666,16.489999771118164,16.649999618530273,32437305.0,540081115.8761501,1.0
2026-01-08,16.639999389648438,17.219999313354492,16.56999969482422,17.010000228881836,44016046.0,748712952.5344734,1.0
2026-01-09,16.950000762939453,17.649999618530273,16.950000762939453,17.549999237060547,51967370.0,912027303.8520432,1.0
2026-01-12,17.729999542236328,18.59000015258789,17.700000762939453,18.520000457763672,77701930.0,1439039779.1691208,1.0
2026-01-13,18.71999931335449,18.850000381469727,18.020000457763672,18.31999969482422,70788488.0,1296845078.557068,1.0
2026-01-14,18.18000030517578,19.100000381469727,18.0,18.40999984741211,75507122.0,1390086104.4985275,1.0
2026-01-15,18.21999931335449,18.96999931335449,18.1299991607666,18.3799991607666,44595804.0,819670840.0937119,1.0
2026-01-16,18.530000686645508,18.75,17.6200008392334,18.3799991607666,63625907.0,1169444117.2630138,1.0
2026-01-19,18.13999938964844,18.790000915527344,18.06999969482422,18.3799991607666,35367133.0,650047874.8587208,1.0
2026-01-20,18.540000915527344,18.63999938964844,17.829999923706055,18.15999984741211,35928748.0,652466058.1977081,1.0
2026-01-21,18.040000915527344,18.3700008392334,17.899999618530273,17.93000030517578,29500749.0,528948438.5729141,1.0
2026-01-22,17.979999542236328,18.229999542236328,17.649999618530273,17.75,27262349.0,483906694.75,1.0
2026-01-23,17.739999771118164,18.020000457763672,17.540000915527344,17.860000610351562,29424682.0,525524838.47940063,1.0
2026-01-26,17.790000915527344,17.989999771118164,17.110000610351562,17.34000015258789,46545464.0,807098352.8622742,1.0
2026-01-27,17.329999923706055,17.5,16.81999969482422,17.3799991607666,39856935.0,692713496.850729,1.0
2026-01-28,17.280000686645508,18.15999984741211,17.170000076293945,18.14999961853028,45483873.0,825532277.5992794,1.0
2026-01-29,18.100000381469727,19.299999237060547,17.959999084472656,18.770000457763672,66960239.0,1256843716.6819649,1.0
2026-01-30,18.790000915527344,19.0,18.21999931335449,18.84000015258789,49074342.0,924560610.7681504,1.0
2026-02-02,18.979999542236328,19.14999961853028,17.520000457763672,17.600000381469727,57013799.0,1003442884.1490384,1.0
2026-02-03,17.969999313354492,18.75,17.260000228881836,18.57999992370605,94646324.0,1758528692.6990583,1.0
2026-02-04,18.21999931335449,18.57999992370605,17.360000610351562,17.510000228881836,59889793.0,1048670289.1376858,1.0
2026-02-05,17.270000457763672,18.3799991607666,17.219999313354492,17.790000915527344,65304164.0,1161761137.3477478,1.0
2026-02-06,17.5,19.56999969482422,17.06999969482422,19.56999969482422,107198339.0,2097871461.5156631,1.0
2026-02-09,21.38999938964844,21.530000686645508,21.31999969482422,21.530000686645508,60546924.0,1303575315.2942734,1.0
2026-02-10,21.549999237060547,23.68000030517578,21.3799991607666,22.46999931335449,282900095.0,6356764940.397921,1.0
2026-02-11,22.520000457763672,22.75,21.5,22.239999771118164,181582107.0,4038386018.119154,1.0
2026-02-12,21.700000762939453,22.18000030517578,21.1299991607666,21.46999931335449,135125297.0,2901140033.806822,1.0
2026-02-13,21.07999992370605,21.84000015258789,20.56999969482422,21.420000076293945,105803134.0,2266303138.3521385,1.0
2026-02-24,21.200000762939453,21.420000076293945,20.0,20.64999961853028,91526673.0,1890025762.535345,1.0
2026-02-25,21.25,21.40999984741211,20.770000457763672,21.190000534057617,68333857.0,1447994466.3242168,1.0
2026-02-26,22.600000381469727,23.299999237060547,21.299999237060547,21.34000015258789,116896878.0,2494579394.357048,1.0
2026-02-27,21.770000457763672,22.46999931335449,21.200000762939453,21.59000015258789,101917629.0,2200401625.661396,1.0
2026-03-02,21.229999542236328,21.940000534057617,20.739999771118164,21.600000381469727,89513334.0,1933488048.546627,1.0
2026-03-03,21.799999237060547,21.950000762939453,20.350000381469727,20.440000534057617,78817290.0,1611025449.692974,1.0
2026-03-04,19.847343476519864,20.481287724517244,19.65228284933482,19.92536735534668,53446501.0,1064941166.2829036,1.0
2026-03-05,20.8799991607666,20.979999542236328,19.76000022888184,20.049999237060547,56932525.0,1141497082.8139305,1.0
2026-03-06,19.850000381469727,20.68000030517578,19.770000457763672,20.200000762939453,39188555.0,791608840.8984947,1.0
2026-03-09,19.739999771118164,20.350000381469727,19.209999084472656,20.21999931335449,54592583.0,1103861990.774248,1.0
2026-03-10,19.837590290569945,20.052155492624667,19.310927712477422,20.00339126586914,48997027.0,980106701.9453543,1.0
2026-03-11,19.80833089956265,20.82264319952892,19.730307019583403,20.6470890045166,83289572.0,1719687206.2320938,1.0
2026-03-12,20.686100708671603,21.07622198189744,19.827838000094168,19.935121536254883,58689546.0,1169983232.4176216,1.0
2026-03-13,19.08660875157719,19.476728135262547,18.647725142519647,18.774513244628903,76673889.0,1439514944.5477066,1.0
2026-03-16,18.69648940139757,19.04759777746159,18.50142877908735,18.852537155151367,43450160.0,819145755.7972717,1.0
2026-03-17,19.40999984741211,19.979999542236328,18.96999931335449,19.14999961853028,53167342.0,1018154579.0182686,1.0
2026-03-18,18.59895900312723,18.80377284161724,18.41365159882407,18.676982879638672,38436583.0,717879402.6428108,1.0
2026-03-19,18.799999237060547,18.809999465942383,18.010000228881836,18.559999465942383,46336064.0,859997323.0938721,1.0
2026-03-20,18.121063905209844,18.355135552547104,17.194528673459956,17.389589309692383,42705322.0,742628010.9181709,1.0
2026-03-23,17.450000762939453,17.600000381469727,16.670000076293945,16.860000610351562,53860418.0,908086680.3537904,1.0
2026-03-24,17.079999923706055,17.440000534057617,16.829999923706055,17.43000030517578,44519505.0,775974985.7362747,1.0
2026-03-25,17.850000381469727,18.530000686645508,17.799999237060547,18.11000061035156,42893580.0,776802759.9801636,1.0
2026-03-26,18.100000381469727,18.350000381469727,17.8799991607666,18.100000381469727,27686403.0,501123904.8615246,1.0
2026-03-27,17.75,18.40999984741211,17.700000762939453,18.21999931335449,36886551.0,672072933.8920155,1.0
2026-03-30,17.770000457763672,18.770000457763672,17.700000762939453,17.93000030517578,40837496.0,732216315.7426147,1.0
2026-03-31,17.477366304893586,17.77970861502358,17.106753330563535,17.136011123657227,38369186.0,657494798.1016731,1.0
2026-04-01,17.506624813965903,18.852537155151367,17.360328417115255,18.852537155151367,70777767.0,1334340482.1261463,1.0
2026-04-02,19.93000030517578,20.21999931335449,19.3799991607666,19.59000015258789,105653876.0,2069759446.961502,1.0
2026-04-03,19.379199642679428,19.40845743374519,18.54044157438978,18.73550033569336,57409207.0,1075590217.0203896,1.0
2026-04-07,19.01833918639988,19.252410830081093,18.823278553214177,19.09636306762696,54017063.0,1031529446.8948784,1.0
2026-04-08,19.896108551712885,20.05215631602153,19.33043494103504,19.72055435180664,87000734.0,1715702703.494072,1.0
2026-04-09,19.505989084374697,19.749813947929383,19.223151349737947,19.56450653076172,56575491.0,1106871563.1505508,1.0
2026-04-10,19.55475234985352,20.13017914831974,19.49623490634868,19.55475234985352,64039595.0,1252278420.8099174,1.0
2026-04-13,19.84734307175593,19.876600863071804,18.355134326859464,19.028091430664062,101974862.0,1940386997.7653503,1.0
2026-04-14,19.02809232594948,19.35969428486191,18.598960050844664,18.92080879211425,64038400.0,1211658321.7529297,1.0
2026-04-15,18.9890784542701,19.58401167746613,18.71599581561169,18.8330307006836,63726399.0,1200161228.8110125,1.0
2026-04-16,18.77451300884237,20.71535854600867,18.598958823329728,20.266721725463867,121598507.0,2464403103.60087,1.0
2026-04-17,20.09116750535389,20.383756573880497,19.79857657659137,20.188697814941406,73276203.0,1479351119.393303,1.0
2026-04-20,20.364250836795566,20.8226427494726,19.574258836550893,19.65228271484375,96514844.0,1896737000.467041,1.0
2026-04-21,19.486482639175662,19.94487457298237,19.22315134021046,19.50598907470703,71812889.0,1400781428.2571487,1.0
2026-04-22,19.613271718148034,20.071661770877306,19.17438623982725,19.71080017089844,91022513.0,1794126564.7960052,1.0
2026-04-23,19.51574191106937,19.65228323664829,17.750450455174228,18.550195693969727,179461016.0,3329036966.238632,1.0
2026-04-24,17.71143678763177,17.838226750164488,16.697126388549805,16.697126388549805,127864348.0,2134967179.145516,1.0
2026-04-27,15.770591795907496,16.316758953708007,15.624297254026148,15.877875328063965,151070854.0,2398684185.5161533,1.0
2026-04-28,16.004663722041876,16.96045673039592,15.790098514116297,16.648361206054688,137857528.0,2295101921.117798,1.0
2026-04-29,16.336264544680102,16.521571946948505,15.868121290751864,16.228981018066406,88450414.0,1435460089.846115,1.0
2026-04-30,15.712073870694082,15.92663906820914,14.72702125713847,14.834303855895996,127564971.0,1892337541.182561,1.0
2026-05-06,15.44874305967412,16.23873507402222,15.429236624693669,15.877875328063965,114971239.0,1825498999.1550453,1.0
2026-05-07,15.848615516000292,15.91688617750838,15.321953868365618,15.556025505065918,71686290.0,1115153755.603552,1.0
2026-05-08,17.05798722283065,17.116504669189453,17.05798722283065,17.116504669189453,38328953.0,656057702.9896431,1.0
2026-05-11,17.555388860993062,17.555388860993062,16.31675820045526,16.4045352935791,157149703.0,2577967849.2389736,1.0
2026-05-12,16.375278483446426,16.940952083992865,15.965652644413762,16.433795928955078,102201672.0,1679561421.2460022,1.0
2026-05-13,16.199723363936144,16.67761983888024,16.189970146867577,16.54107666015625,60096070.0,994053700.8441162,1.0
2026-05-14,17.350577707790475,17.40909515257321,15.916886358843154,15.94614601135254,91432339.0,1457993427.8534832,1.0
2026-05-15,15.71207421881354,15.985156865294812,15.321953893553712,15.604790687561035,69229177.0,1080306816.5571146,1.0
2026-05-18,15.234176563997144,15.40973075418356,14.902574618141912,15.048870086669922,65586518.0,987002988.8190384,1.0
2026-05-19,15.058622297570732,15.33170679872656,14.678256127583236,14.883069038391112,59255251.0,881899991.520194,1.0
2026-05-20,14.736774332908237,14.80504592678774,14.307642984793503,14.405173301696776,61484684.0,885697528.420063,1.0
2026-05-21,14.570973135301124,14.668503450752302,13.878510499928218,13.927275657653809,64494694.0,898235381.7940311,1.0
2026-05-22,14.054064809010583,14.258877729015042,13.780981225710653,14.161348342895508,52421091.0,742353330.1656246,1.0
2026-05-25,14.268630758949516,14.366160143785986,13.693203946977668,13.761474609375,50605772.0,696410046.4658203,1.0
2026-05-26,13.71271045185005,14.063817913261854,13.498144315928272,13.927275657653809,49255988.0,686001722.6660881,1.0
2026-05-27,13.859004846164076,14.08332326712901,13.527402893330684,13.566414833068848,45131367.0,612270846.7054739,1.0
2026-05-28,13.839498559771352,14.093076635849998,13.38110849545767,13.927275657653809,65193899.0,907973402.570241,1.0
2026-05-29,14.24912429629794,14.51245558809394,13.605426823176188,13.663945198059082,67024839.0,915823727.0047332,1.0
2026-06-01,13.537156126239902,13.94678195901698,13.429873524367054,13.605426788330078,58458280.0,795349848.7117004,1.0
2026-06-02,13.507897132074667,13.605426514509485,12.805681300001211,12.990987777709961,81934307.0,1064407580.8121357,1.0
2026-06-03,12.82518682044904,13.34209617545894,12.591115186171724,13.029999732971191,56226998.0,732637768.9257717,1.0
2026-06-04,13.300000190734863,14.140000343322754,13.029999732971191,13.920000076293944,105136154.0,1463495271.701252,1.0
2026-06-05,13.93000030517578,14.5600004196167,13.859999656677246,13.960000038146973,103147470.0,1439938685.1347637,1.0
2026-06-08,13.789999961853027,14.65999984741211,13.65999984741211,14.300000190734863,108596642.0,1552932001.3131657,1.0
2026-06-09,14.5600004196167,14.800000190734863,14.020000457763672,14.34000015258789,97246310.0,1394512100.2386093,1.0
2026-06-10,14.100000381469727,14.34000015258789,13.710000038146973,13.9399995803833,70294048.0,979898999.6234436,1.0
2026-06-11,13.75,13.880000114440918,13.119999885559082,13.210000038146973,71312202.0,942034191.1403446,1.0
2026-06-12,13.470000267028809,13.649999618530272,13.020000457763672,13.25,90219711.0,1195411170.75,1.0
2026-06-15,13.149999618530272,13.399999618530272,12.960000038146973,13.210000038146973,76142935.0,1005848174.2546225,1.0
2026-06-16,13.149999618530272,13.739999771118164,13.039999961853027,13.31999969482422,76627219.0,1020674533.6952286,1.0
2026-06-17,13.119999885559082,13.140000343322754,12.65999984741211,12.710000038146973,77979559.0,991120197.8646841,1.0
2026-06-18,12.520000457763672,12.800000190734863,11.960000038146973,12.0,114480877.0,1373770524.0,1.0
2026-06-22,11.789999961853027,12.09000015258789,11.579999923706056,12.06999969482422,93881750.0,1133152693.8495636,1.0
2026-06-23,11.960000038146973,12.010000228881836,11.369999885559082,11.449999809265137,80417515.0,920780531.4115764,1.0
2026-06-24,11.399999618530272,11.869999885559082,11.260000228881836,11.43000030517578,78375602.0,895833154.7783356,1.0
2026-06-25,12.520000457763672,12.539999961853027,11.359999656677246,11.920000076293945,140143735.0,1670513331.8921185,1.0
