date,open,high,low,close,volume,amount,factor
2021-04-06,16.47839793837748,16.719110581457368,16.143491966723037,16.630151748657227,14192544.0,236024160.41949463,1.0
2021-04-07,16.58828808797293,16.598753629159738,16.185354404019996,16.48362922668457,19974473.0,329251806.9304218,1.0
2021-04-08,16.32664233505072,16.797602027359893,16.206285164373654,16.640615463256836,16273521.0,270801405.19423485,1.0
2021-04-09,16.745279160045317,17.3051995618516,16.57782528187718,16.64585304260254,25960046.0,432127110.6952019,1.0
2021-04-12,16.897030186045644,16.975523477712976,15.9446416943561,15.996971130371094,40625561.0,649885926.4721298,1.0
2021-04-13,15.803353714920132,16.0545336326412,15.515544398612452,15.934176445007324,23731621.0,378143836.3400412,1.0
2021-04-14,15.766723521279474,16.37897152160818,15.58357136345098,16.232450485229492,21446360.0,348126976.7884064,1.0
2021-04-15,16.159189954838947,16.159189954838947,15.646364657925597,16.05453109741211,22436256.0,360203569.661499,1.0
2021-04-16,16.0336002014029,16.13825733533108,15.578337098333538,15.803351402282717,26863094.0,424526914.2345524,1.0
2021-04-19,15.965575053471198,16.38420538187856,15.651600151277696,16.326644897460938,21803741.0,355981936.74320984,1.0
2021-04-20,16.32664233505072,16.74527432246562,16.227216246331366,16.640615463256836,16204408.0,269651322.3377228,1.0
2021-04-21,16.55689419387264,16.849936324778618,16.389442040415116,16.64585304260254,20772828.0,345781442.1672592,1.0
2021-04-22,16.729576343415115,16.79236959053595,16.31094434768197,16.48362922668457,13930349.0,229622707.9143161,1.0
2021-04-23,16.39990533935167,17.56684093122675,16.279548150380652,17.158676147460938,40584846.0,696382229.0085754,1.0
2021-04-26,17.169140788805997,17.331360139540315,16.588289409000296,16.70864486694336,28762482.0,480582097.2298508,1.0
2021-04-27,16.624918079397382,16.692945824265752,16.012668375582052,16.159191131591797,29823192.0,481918659.6821594,1.0
2021-04-28,16.24291657022353,16.886564667269365,16.15919223201962,16.839468002319336,27889109.0,469637758.6186962,1.0
2021-04-29,16.750508508622875,17.017386724979332,16.588289160320436,16.77667236328125,23068815.0,387017951.064148,1.0
2021-04-30,17.0016863620259,17.0016863620259,16.48362997673496,16.73480987548828,22260108.0,372518675.1878357,1.0
2021-05-06,16.483632510911796,16.719112408662802,16.017905487045773,16.153959274291992,30780476.0,497226555.7473221,1.0
2021-05-07,16.17489035028212,16.45746688715233,15.541709527861457,15.594038963317873,27953297.0,435904802.57119656,1.0
2021-05-10,15.651599314074303,15.902779222393502,15.222501741287584,15.499845504760742,26095481.0,404475923.87241936,1.0
2021-05-11,15.43181784877449,15.43181784877449,14.945158067033516,15.410886764526367,22462826.0,346172067.8972588,1.0
2021-05-12,15.295762919912187,15.447516735768678,15.133543561542886,15.384721755981444,17003433.0,261593085.60147285,1.0
2021-05-13,15.20156989307124,15.34809092398926,14.91899337277074,15.044583320617676,19096297.0,287295831.33176136,1.0
2021-05-14,15.044583072939012,15.573104984754355,15.01841749482071,15.489378929138184,28794845.0,446014265.4108,1.0
2021-05-17,15.54170949049774,15.756258278171906,15.259132954306873,15.410886764526367,22682852.0,349562863.66851044,1.0
2021-05-18,15.41611779112006,15.609735472636574,15.175405175374475,15.332391738891602,12525649.0,192048157.25185585,1.0
2021-05-19,15.180640739400156,15.41088785657624,15.086447404188249,15.32716178894043,13167838.0,201825583.43655777,1.0
2021-05-20,15.724857594337577,15.8818458770405,15.520774379062814,15.73532485961914,28406583.0,446986811.65673447,1.0
2021-05-21,15.735324932139164,15.782419864928048,15.196335792541504,15.196335792541504,24597063.0,373785228.8582983,1.0
2021-05-24,15.0445840898251,15.17540681512858,14.390471325662851,14.563157081604004,55867280.0,813603974.3619537,1.0
2021-05-25,14.536992792170633,15.070749282836914,14.380006197754824,15.070749282836914,36921384.0,556432921.4393463,1.0
2021-05-26,15.065515354736371,15.745792844592945,15.018418690143127,15.526009559631348,30719005.0,476943565.2923632,1.0
2021-05-27,15.625432722517226,15.986502483961033,15.342856237499468,15.965571403503418,28326856.0,452254442.1047592,1.0
2021-05-28,15.981274129015938,16.070232970247577,15.6620664402994,15.839985847473145,18424141.0,291838132.6918497,1.0
2021-05-31,16.01790114531118,16.279544830322266,15.803350667548653,16.279544830322266,22302340.0,363071943.8510895,1.0
2021-06-01,16.300478998008774,16.316177309973423,15.656830960356508,15.85568141937256,22193483.0,351892796.03426075,1.0
2021-06-02,15.829518438269044,16.05453276295729,15.6986957152686,15.845216751098633,15335137.0,242988569.67279243,1.0
2021-06-03,15.70393009636774,15.913246129687998,15.442284623539807,15.447517395019531,15849069.0,244828769.0723648,1.0
2021-06-04,15.447519425371858,16.373742520257217,15.337629485143788,16.221988677978516,31099484.0,504495477.338974,1.0
2021-06-07,16.22198681495886,16.22198681495886,15.594040429290796,15.662066459655762,21436743.0,335743693.54456043,1.0
2021-06-08,15.630670242225506,16.515029356804273,15.630670242225506,16.3632755279541,39644553.0,648714743.9215794,1.0
2021-06-09,16.22198454215541,16.447000586832154,15.970806368021943,16.18012237548828,19766220.0,319819858.500824,1.0
2021-06-10,16.206285425533647,16.21675096668115,15.80335174309386,15.92370891571045,27860595.0,443644004.998498,1.0
2021-06-11,15.881848328993105,15.913244955554896,15.09691196842457,15.321928024291992,50892169.0,779766150.4181042,1.0
2021-06-15,15.316696361877996,15.316696361877996,14.835269313444186,15.060283660888672,27710643.0,417330144.0056191,1.0
2021-06-16,15.007953573031672,15.07074855269783,14.725377026889149,14.819568634033203,19271983.0,285602474.7824211,1.0
2021-06-17,14.918994339763428,15.013185944398668,14.505595074053248,14.58932113647461,27620706.0,402967349.8501511,1.0
2021-06-18,14.636418182512134,15.170174647010066,14.599787059098778,14.997488021850586,24489998.0,367288451.6601448,1.0
2021-06-21,14.924228771404762,14.929461543093923,14.557926129610944,14.835269927978516,26063517.0,386659309.9674568,1.0
2021-06-22,14.887598045643175,14.898063588090809,14.636418128058557,14.709678649902344,18756899.0,275907956.7586746,1.0
2021-06-23,14.789362040478238,15.216467655177782,14.782987120751908,14.904107093811035,20058406.0,298952631.15514183,1.0
2021-06-24,14.853110924386025,15.229218968546022,14.457878119196106,15.108098983764648,29082250.0,439377511.6705895,1.0
2021-06-25,15.127222246520107,15.369462192090214,14.974229426046094,15.210094451904297,21899743.0,333097159.50243,1.0
2021-06-28,15.222843231313425,15.426835418740415,14.891357896474036,15.01247787475586,23126152.0,347180845.22824097,1.0
2021-06-29,15.095350001020943,15.120847930015174,14.725615148204268,14.897732734680176,20838358.0,310444288.1135845,1.0
2021-06-30,14.814860343933104,14.865859703036104,14.610869911003553,14.814860343933104,18641534.0,276171722.8066807,1.0
2021-07-01,14.92960822885672,15.299343147182736,14.840362835258546,14.878610610961914,24574651.0,365636663.1292858,1.0
2021-07-02,15.012478680356509,15.197346117700215,14.789363471823686,15.108098983764648,34604317.0,522805446.50156975,1.0
2021-07-05,15.069850546459278,15.394960964373048,14.96148040715469,15.388586044311523,25486584.0,392202490.85957336,1.0
2021-07-06,15.38858673302292,15.38858673302292,15.069851220905768,15.203721046447754,17358736.0,263917379.8629303,1.0
2021-07-07,15.197346131894331,15.962312061615409,15.108098997875407,15.853941917419434,37697734.0,597657685.2543278,1.0
2021-07-08,15.873066296015775,16.20455164096603,15.726448384127636,15.943188667297363,27161532.0,433041429.1688347,1.0
2021-07-09,16.000560674510655,16.1854281015223,15.79019356755093,16.128055572509766,25676464.0,414111438.2975464,1.0
2021-07-12,16.191802639826122,16.82927543285608,15.936814573136608,16.63803482055664,34460683.0,573358043.6941643,1.0
2021-07-13,16.86114921651011,16.969519358448267,16.465916419185447,16.771902084350586,25025368.0,419723021.72084045,1.0
2021-07-14,16.771901455172827,16.93764412197065,16.446791041554484,16.759153366088867,22287623.0,373521692.02256966,1.0
2021-07-15,16.73365391521047,17.199009072957328,16.606159015660797,17.007766723632812,20418037.0,347265210.25050354,1.0
2021-07-16,16.95677044102002,17.05239074773017,16.46591731547157,16.510540008544922,24036791.0,396860399.4825325,1.0
2021-07-19,16.529661808878355,16.995015168803036,16.357544237113178,16.542409896850586,19671629.0,325416150.256773,1.0
2021-07-20,16.42129224212241,16.829274886450204,16.2619244867569,16.727279663085938,18017769.0,301388260.96788025,1.0
2021-07-21,16.803777802578143,17.307380775321395,16.548787980450978,17.179885864257812,27823504.0,478004623.0637207,1.0
2021-07-22,17.211757900013172,17.33925104118802,16.62528279730075,16.829273223876953,27213209.0,457978529.5594673,1.0
2021-07-23,16.797401632175706,17.849231943885638,16.708154500723047,17.530494689941406,40828281.0,715739963.2699356,1.0
2021-07-26,17.543244388907656,19.283545054068743,17.543244388907656,19.00305557250977,87565312.0,1664008490.1601562,1.0
2021-07-27,18.977558128484347,18.98393304876204,17.861980346431718,17.98947525024414,61555720.0,1107355101.4509585,1.0
2021-07-28,17.390251876089565,18.32733538523085,17.358377274935034,17.613367080688477,50721360.0,893373932.5117493,1.0
2021-07-29,18.008600841795488,18.869188855921312,17.849233080113844,18.35921096801757,50333175.0,924077378.5151482,1.0
2021-07-30,18.480327898923484,20.19512872282965,18.448453301339445,19.99113655090332,82561106.0,1650490343.8396034,1.0
2021-08-02,20.71785666182198,20.97284469179036,19.04767849976464,20.43099403381348,78836296.0,1610703893.2239532,1.0
2021-08-03,20.22700508662372,21.1322158014808,19.78077464982046,20.016639709472656,46249466.0,925758897.6775056,1.0
2021-08-04,20.01663761429173,20.49474085330658,19.481160095654825,20.41824531555176,43133973.0,880720042.148386,1.0
2021-08-05,20.526615871332098,20.59036332134041,19.36641543274804,19.697900772094727,43628045.0,859380901.2904835,1.0
2021-08-06,19.347290221469446,20.06126024422226,19.30266753276505,19.43016242980957,35170535.0,683369207.7933025,1.0
2021-08-09,19.442912625544253,19.442912625544253,18.773565279245027,19.258045196533203,31678315.0,610062422.0200157,1.0
2021-08-10,19.15604878326288,20.13775664588453,19.047678650808155,19.39828872680664,39794866.0,771952300.5125809,1.0
2021-08-11,19.76164608115035,20.34812115699228,19.334540488498632,20.227001190185547,52919141.0,1070395527.9905968,1.0
2021-08-12,20.16325493091956,20.50749009335894,19.570406651743223,19.85726928710937,30589731.0,607428525.8872375,1.0
2021-08-13,19.863645116207508,20.3991226908939,19.61503196617556,20.016639709472656,29430378.0,589097272.9395905,1.0
2021-08-16,19.729774193715578,19.889141933779086,18.58869858357244,18.6588191986084,51124203.0,953917260.4499532,1.0
2021-08-17,18.58232254807196,19.366413112764565,18.53769986367288,18.67156791687012,43204616.0,806697921.9662933,1.0
2021-08-18,18.964807239844085,19.844519926487862,18.67794459755488,19.49390983581543,38660299.0,753640382.9316654,1.0
2021-08-19,19.940141573768848,19.940141573768848,19.156050882044653,19.64690399169922,33885237.0,665739998.0749741,1.0
2021-08-20,19.640529200617912,19.933766784617656,19.111428316209324,19.79352378845215,36000358.0,712573942.4657936,1.0
2021-08-23,19.83814839202289,20.72423439893561,19.602283318014816,20.65411376953125,49711548.0,1026747968.0515136,1.0
2021-08-24,20.81347880667823,21.533822025181458,20.40549617154633,20.78797912597656,48240377.0,1002819950.10524,1.0
2021-08-25,20.717860488169176,21.661318999603743,20.48199542259282,21.584821701049805,34315362.0,740690970.3769798,1.0
2021-08-26,21.667691511766304,21.74418880181665,20.309875556314235,20.328998565673828,31816578.0,646799168.5266495,1.0
2021-08-27,20.328999150772063,20.520241505966844,19.76164875631868,20.176006317138672,28986242.0,584826601.7021103,1.0
2021-08-30,20.379994582783755,21.1704618492097,20.32899697702572,20.85172462463379,35370390.0,737533632.1459007,1.0
2021-08-31,20.5648626424854,22.93626101434549,20.418244740194616,22.31791305541992,65930114.0,1471422551.9859238,1.0
2021-09-01,22.630274719582257,23.71397786805205,21.10671609198449,21.317081451416016,104288137.0,2223118710.8454323,1.0
2021-09-02,21.674067765400046,23.44624137878418,21.54657285776188,23.44624137878418,99835797.0,2340774194.705297,1.0
2021-09-03,23.713978776975235,24.86142941943761,22.521905443055044,22.821517944335938,97400246.0,2222821461.8717346,1.0
2021-09-06,23.07650519592774,23.26774754660419,20.67323385117088,21.6740665435791,78385906.0,1698941342.7227364,1.0
2021-09-07,21.73781357843742,21.795186107457013,20.90909849221193,21.34258079528809,64569893.0,1378088158.2956066,1.0
2021-09-08,21.253335370052923,21.84618546773668,19.831771870582457,20.33537483215332,101760485.0,2069337605.576716,1.0
2021-09-09,20.271627914760888,20.271627914760888,19.11142912154129,19.74252700805664,86704155.0,1711759121.7982292,1.0
2021-09-10,20.131382629822017,21.2278355937712,20.00388773266896,20.481992721557617,107565783.0,2203161584.494646,1.0
2021-09-13,20.90909807842677,21.329830533201143,20.379995487745628,20.526615142822266,59117518.0,1213482540.184868,1.0
2021-09-14,20.73060514304829,20.807102428923827,19.83176947521067,20.19512939453125,37650538.0,760357486.6837158,1.0
2021-09-15,20.195129461453188,20.89634787263209,19.857269219928384,20.84535026550293,41889198.0,873195004.6510048,1.0
2021-09-16,21.387203571032884,21.78243635578444,20.838976207695104,21.215085983276367,58947420.0,1250574583.792305,1.0
2021-09-17,21.030217406991486,23.26774592563041,20.9154723547536,22.700395584106445,69820954.0,1584963275.8596992,1.0
2021-09-22,22.368913360709783,24.670189643437247,22.368913360709783,23.90522193908692,70469627.0,1684592073.3996716,1.0
2021-09-23,23.66935597497952,24.61919108617685,22.292415210455097,22.52828025817871,92004308.0,2072698835.5837936,1.0
2021-09-24,22.30516501513257,22.4900324510061,21.4382021183984,22.024677276611328,54772267.0,1206341504.3833883,1.0
2021-09-27,22.381661574505912,23.216749842417897,21.64856677532202,21.80156135559082,50760979.0,1106668598.1383572,1.0
2021-09-28,21.73781411148329,22.770519659159525,21.56569652020392,22.53465461730957,45061178.0,1015438082.8791084,1.0
2021-09-29,22.184044304521493,22.776894363604093,21.55294647580702,21.80156135559082,41975530.0,915132092.7284431,1.0
2021-09-30,21.674066726541973,23.07013222143664,21.674066726541973,22.891639709472656,53347200.0,1221204881.9091797,1.0
2021-10-08,23.15937858801045,23.61198393191848,22.031052688457816,22.64940071105957,54323595.0,1230396871.220312,1.0
2021-10-11,22.49003165252193,22.80876715061176,20.94097334992476,20.96009635925293,63554189.0,1332101925.4741726,1.0
2021-10-12,21.285208381711115,21.53382150823064,20.17600556435958,20.583988189697266,39626406.0,815669473.1041489,1.0
2021-10-13,20.39912012403705,20.92822271152027,20.14413208546542,20.717857360839844,24294600.0,503332057.43865967,1.0
2021-10-14,20.71785850643637,21.552946786381863,20.53299107395555,21.355329513549805,21600535.0,461286542.59396553,1.0
2021-10-15,21.164089931743995,22.15217284178248,20.724232674522813,21.89080810546875,37703604.0,825362360.048584,1.0
2021-10-18,21.890806861591088,23.286872347109384,21.725064191067148,23.22949981689453,50552949.0,1174319719.5389786,1.0
2021-10-19,22.751396180251856,23.42711674314261,22.668525715451704,23.172128677368164,30984971.0,717987735.0765209,1.0
2021-10-20,23.36974200058913,23.57373418479824,23.01275874224677,23.36336708068848,31322250.0,731793224.5430946,1.0
2021-10-21,23.36974312123327,23.956218271510465,22.968135404328127,23.688480377197266,32974178.0,781108168.5072098,1.0
2021-10-22,23.860594037092085,23.860594037092085,22.69401884903664,23.26774406433105,26997609.0,628173456.5608807,1.0
2021-10-25,23.325119278765808,25.59452247619629,23.325119278765808,25.59452247619629,77592598.0,1985945493.4974632,1.0
2021-10-26,25.37140614400879,25.94513143936601,24.57456565055384,25.03992080688477,60691714.0,1519715712.1940994,1.0
2021-10-27,25.243913695855746,25.69014410442738,24.580941252349547,25.18016624450684,39555476.0,996013461.5606004,1.0
2021-10-28,25.22478915664,25.613647037498502,24.733936053076107,25.42877960205078,36795371.0,935661379.5346909,1.0
2021-10-29,25.46702940927431,25.62002224504788,24.2239567094254,24.81680679321289,45239041.0,1122688540.0072365,1.0
2021-11-01,24.97617442002545,25.052671712951547,22.69402298158268,23.45261573791504,78867185.0,1849641784.136057,1.0
2021-11-02,23.45261728563482,23.650232825001705,22.7768966979518,23.204002380371094,39681698.0,920774214.8491668,1.0
2021-11-03,23.20399957619188,23.48448730037364,22.694021736691347,23.23587417602539,35133851.0,816365741.1552238,1.0
2021-11-04,23.764974388691776,24.65743689709165,23.52273619079164,24.083711624145508,44338756.0,1067841813.2773514,1.0
2021-11-05,24.058212440088884,24.058212440088884,22.9490113901456,23.573734283447266,29559090.0,696818133.3205032,1.0
2021-11-08,23.90522184241072,24.593692248280508,23.274123970363416,24.03271675109864,30417219.0,731008408.5831356,1.0
2021-11-09,24.19845818883255,24.52994353369421,23.828723322807136,24.319578170776367,23837378.0,579714977.6573448,1.0
2021-11-10,24.22395460707852,24.22395460707852,22.80239126430369,22.9681339263916,37076787.0,851584609.3762951,1.0
2021-11-11,22.88526607495066,23.36336935623046,22.48365833818799,23.191251754760746,36447913.0,845272726.3186169,1.0
2021-11-12,23.905220937265547,25.498901982909107,23.458990524624667,24.86142921447754,81999920.0,2038635206.672821,1.0
2021-11-15,25.69014524903021,27.18183112479159,24.65743964273388,24.74668502807617,105165568.0,2602499187.0947266,1.0
2021-11-16,24.98892158879668,25.11641647975128,24.1602082993329,24.300451278686523,41211128.0,1001449008.103714,1.0
2021-11-17,24.325951652614147,25.30765953963504,23.605606723738088,25.07179450988769,49679720.0,1245559731.148758,1.0
2021-11-18,24.61281456289112,26.11087521386312,24.389699370304303,25.741140365600582,41385290.0,1065304558.9610864,1.0
2021-11-19,25.49890020430053,26.110874999795744,25.11641727026896,25.57539749145508,37862900.0,968358717.6792144,1.0
2021-11-22,25.753889994235298,26.002503113464048,25.20566264622377,25.57539749145508,42426568.0,1085076340.7982483,1.0
2021-11-23,25.588147952470027,26.614478555225222,25.314033396372785,26.0726261138916,40186847.0,1047776636.5271664,1.0
2021-11-24,25.75389006573655,26.372238031913337,25.49890027509384,26.07900047302246,27050245.0,705443352.1503735,1.0
2021-11-25,26.13637486100896,28.68626594543457,26.13637486100896,28.68626594543457,95162781.0,2729864843.873148,1.0
2021-11-26,28.36752873022635,28.750013444029893,27.09895810627313,28.62251853942871,83890863.0,2401167781.506174,1.0
2021-11-29,28.01054124861929,29.73171880850444,27.366695363331694,27.4304428100586,78037112.0,2140592537.7781367,1.0
2021-11-30,27.417693155834097,27.564311058687444,26.200120241775767,26.39773750305176,81461869.0,2150409034.3699894,1.0
2021-12-01,26.23199451647294,26.61447922021961,25.67101905202264,26.27661895751953,60907921.0,1600454231.611702,1.0
2021-12-02,26.091750546209617,26.93321371129328,25.74751537628395,26.81209373474121,42063340.0,1127806214.8762894,1.0
2021-12-03,26.51885745993989,27.04158516010169,25.87501152821991,26.88221740722656,31513577.0,847154828.1933746,1.0
2021-12-06,26.74834547344384,27.895796004983826,26.51248219829001,26.716472625732425,38460144.0,1027519384.357727,1.0
2021-12-07,26.646353132958144,27.086210384724648,26.05987796451664,26.47423553466797,40747158.0,1078749858.2603302,1.0
2021-12-08,26.601727793062256,27.57068583318589,26.168247255719017,27.36669540405273,40296726.0,1102788226.2225723,1.0
2021-12-09,27.35394670284568,27.60256158070954,26.0726262950605,26.155498504638672,56351340.0,1473897389.1043854,1.0
2021-12-10,26.13637606967796,26.41686382179653,25.613648338179903,25.91963577270508,50735738.0,1315051849.6193924,1.0
2021-12-13,26.11724873045489,28.51414685443096,26.11724873045489,27.965919494628903,113940908.0,3186462260.2729187,1.0
2021-12-14,27.6918080978776,29.374736280929422,27.271075614396963,28.75001335144043,72410624.0,2081806406.7861328,1.0
2021-12-15,28.654390939094665,30.51580986366253,28.19541069045181,28.9221305847168,89512260.0,2588885272.653122,1.0
2021-12-16,29.18986747785845,29.31098745607988,28.182659882969386,28.743637084960938,37812324.0,1086863718.3949585,1.0
2021-12-17,28.41215029170608,29.11974540831996,27.65355931632456,27.73005485534668,58551439.0,1623634615.329485,1.0
2021-12-20,27.526063325271963,27.59618569232048,26.837592996149624,26.965087890625,44356602.0,1196079671.459473,1.0
2021-12-21,26.773847673977905,27.736430877014048,26.531607705421983,27.634435653686523,39378486.0,1088202237.5065956,1.0
2021-12-22,27.634434116544032,27.98504420924189,27.02246105974864,27.315698623657227,26474581.0,723171675.7836018,1.0
2021-12-23,27.47506575997723,28.89025418839618,26.9969607803934,28.877504348754883,53652506.0,1549350475.3365974,1.0
2021-12-24,28.679891164602324,29.304614098133165,28.048793310733643,28.495023727416992,37193588.0,1059832172.567772,1.0
2021-12-27,28.367527647256374,29.259990194522903,25.64552081755243,26.38498878479004,97416793.0,2570340990.755213,1.0
2021-12-28,26.45510931187146,26.805717635410325,25.473401453699235,26.404109954833984,66486864.0,1755526467.6080933,1.0
2021-12-29,26.423236534028984,26.824844242272217,24.58094066199106,25.250288009643555,86992220.0,2196578609.598274,1.0
2021-12-30,25.55627465888606,26.32761725581427,25.180166616331466,25.65826988220215,52853254.0,1356123055.2845802,1.0
2021-12-31,26.13637435002547,26.20012180097688,25.18016608749573,25.51802635192871,33491272.0,854631161.4556122,1.0
2022-01-04,25.549897343082844,25.67739223570976,24.478944096932057,24.67656135559082,57693499.0,1423677167.8922176,1.0
2022-01-05,24.619187558373994,24.7976782977949,23.573732294183284,23.994462966918945,63287115.0,1518540337.1506405,1.0
2022-01-06,23.637479668099548,24.160207298666645,23.267744849818992,23.975339889526367,67886930.0,1627612220.8064842,1.0
2022-01-07,23.937093695523576,24.21758318328365,23.35062029159348,23.433490753173828,47462885.0,1112221076.7664528,1.0
2022-01-10,23.42073944181349,23.90521934384149,22.8533890834095,23.61835670471192,48931109.0,1155672386.3191397,1.0
2022-01-11,23.56736052573602,24.27495566211719,23.34424532075905,24.06458854675293,51914782.0,1249307868.3243752,1.0
2022-01-12,25.26303491490117,25.881384623893123,24.708434403610006,24.988922119140625,93117680.0,2326910453.4350586,1.0
2022-01-13,25.22478679836577,25.26940948526875,24.733933740691903,25.161039352416992,51516876.0,1296218144.3495865,1.0
2022-01-14,24.86142745955505,24.98892235441588,24.153834119731584,24.37694931030273,44814221.0,1092433993.6977043,1.0
2022-01-17,24.37694835341455,24.96342344605649,23.82872102738125,23.98809051513672,45494736.0,1091331845.130249,1.0
2022-01-18,24.00084119550424,25.11004405565337,23.8733480427494,24.9251766204834,52586657.0,1310731713.6057796,1.0
2022-01-19,25.14829003740981,26.27661757809776,24.86142740009433,25.7028923034668,62465064.0,1605532812.721161,1.0
2022-01-20,25.75389013570396,26.263867967504268,24.861427616900464,25.237537384033203,34307989.0,865849154.9584999,1.0
2022-01-21,25.30766052314847,25.371406222054784,24.07733771893305,24.345075607299805,35093386.0,854351135.4861565,1.0
2022-01-24,24.15383259769146,24.73393275697,24.007212952579486,24.28770065307617,23992551.0,582723896.5916634,1.0
2022-01-25,24.00083852312357,24.35782351317821,22.76414264791988,22.936260223388672,47090540.0,1080080879.4998932,1.0
2022-01-26,23.26774787601238,24.41519849457454,23.21037534508427,24.402448654174805,49585605.0,1210010179.9986937,1.0
2022-01-27,24.63193557202761,24.63193557202761,23.382489894625,23.427112579345703,41411727.0,970157190.53413,1.0
2022-01-28,23.713979338245814,23.809601394628046,21.929055879850303,22.31154060363769,63123560.0,1408383871.9861605,1.0
2022-02-07,22.94901447734596,23.108382244356232,22.375289115412315,22.78327178955078,32457376.0,739485218.9836426,1.0
2022-02-08,22.872515995400025,22.878890915855106,21.67406771813061,22.01830291748047,41485043.0,913430243.3187028,1.0
2022-02-09,21.897178353828508,22.03742307278613,20.95371833760191,22.00554847717285,55573548.0,1222926404.5624924,1.0
2022-02-10,21.85893415465677,21.960929375511554,21.03659396591489,21.419076919555664,39519342.0,846467826.1082268,1.0
2022-02-11,21.291583327333445,21.419076475322363,20.596738054506528,20.666858673095703,57282667.0,1183852783.307003,1.0
2022-02-14,20.41824670869136,20.698734451628223,20.10588436378965,20.36087417602539,44749959.0,911148284.581295,1.0
2022-02-15,20.5712373014379,21.348954743220776,20.36087195490125,21.246957778930664,37887527.0,804994686.5170956,1.0
2022-02-16,21.572069790762576,21.572069790762576,20.90272248639082,20.95372009277344,33306814.0,697901657.7380676,1.0
2022-02-17,21.06209399447031,21.96730465853258,20.877226559323173,21.81431007385254,59375338.0,1295232033.8717997,1.0
2022-02-18,21.667689496569807,21.737811860021697,21.170461534663715,21.50832176208496,30754094.0,661468949.2534065,1.0
2022-02-21,21.603946463406004,22.12029928918565,21.17684077775109,21.584821701049805,43165162.0,931712325.4669304,1.0
2022-02-22,21.317082749530503,21.45095257779572,20.90910009512911,21.387205123901367,29243653.0,625440005.2831936,1.0
2022-02-23,21.38720174400288,22.286037375212462,21.24695701742454,22.26691436767578,39185801.0,872546875.295784,1.0
2022-02-24,21.992801623259208,22.738644500502467,21.705938978165648,22.056549072265625,44065707.0,971937428.8495789,1.0
2022-02-25,22.381661107507515,22.904387034762014,22.0947984640773,22.247791290283203,27892340.0,620542958.9176178,1.0
2022-02-28,22.24779196517728,22.65577459830661,21.973679153333247,22.53465461730957,28881295.0,650830007.7256298,1.0
2022-03-01,22.853391030996622,22.980885937224027,22.43903521206369,22.50278091430664,29356498.0,660602842.9052811,1.0
2022-03-02,22.394410240178143,22.68764781722476,21.674067013492618,21.79518699645996,44357160.0,966772596.831894,1.0
2022-03-03,21.99917649939171,22.228666615009068,21.32983091246461,21.406328201293945,30278013.0,648141083.5610447,1.0
2022-03-04,21.164089179006663,21.59756974945674,21.0365942756258,21.31070709228516,29159706.0,621413953.46315,1.0
2022-03-07,21.31070707650717,21.323456917009967,20.46286894613238,20.66048622131348,42525725.0,878602155.413866,1.0
2022-03-08,20.864475024752828,21.399952525914884,20.545739542477925,20.84535026550293,51589028.0,1075391358.516838,1.0
2022-03-09,21.170462584734683,21.81430847409316,20.666857927495062,21.7059383392334,66794207.0,1449830938.5599918,1.0
2022-03-10,22.470907412501266,22.87251512987881,22.03105192471132,22.63665008544922,57718825.0,1306560844.8682785,1.0
2022-03-11,22.4071603201998,22.630275527776035,21.87805769181037,22.46453285217285,42289865.0,950022061.6064548,1.0
2022-03-14,22.09479978876164,22.46453291197743,21.795187287466803,21.83343505859375,33255126.0,726073633.8863525,1.0
2022-03-15,21.62306889849968,22.20954403892632,20.52661590796704,20.68598365783692,51710395.0,1069680385.9102916,1.0
2022-03-16,20.953723645425693,21.093968399908952,18.620574441206177,19.06680488586425,153726946.0,2931081685.081791,1.0
2022-03-17,19.411037266758058,20.37999531260072,19.111426541059185,19.812644958496094,103518848.0,2050982181.936524,1.0
2022-03-18,19.76164826639122,19.76164826639122,18.716192885305,19.634153366088867,57826176.0,1135368008.1584473,1.0
2022-03-21,19.602281402394723,20.214254500285858,19.38554111260732,19.940141677856445,34598396.0,689896918.0665817,1.0
2022-03-22,19.89551923430722,20.17600698062765,19.207048834010493,19.39191627502441,33255106.0,644880231.269062,1.0
2022-03-23,19.723401940166777,20.564865192180186,19.48116196203736,20.35449981689453,54847319.0,1116389744.542656,1.0
2022-03-24,20.207877217570548,20.36724670695621,19.921014587895108,20.2397518157959,27927123.0,565238038.4492054,1.0
2022-03-25,20.23975430639085,20.30987668024496,19.608656443445387,19.66602897644043,28052867.0,551688495.2942295,1.0
2022-03-28,19.27717103308847,19.659654001708702,19.11142835499068,19.309043884277344,23951381.0,462478266.81804657,1.0
2022-03-29,19.31541787962675,19.442912780017704,18.818189869146835,18.920185089111328,36543866.0,691416708.5916824,1.0
2022-03-30,19.17517443890992,20.074011971814848,19.00305683697546,20.061262130737305,49388700.0,990799656.9963456,1.0
2022-03-31,20.04851116827023,20.176006070172804,19.538533311530628,20.074010848999023,41300092.0,829058494.8726578,1.0
2022-04-01,19.933767223017224,20.080386893677048,19.57040900837883,19.64052963256836,29867182.0,586607273.1123123,1.0
2022-04-06,19.761648745804862,19.857270798786733,19.02218075733081,19.187923431396484,30100998.0,577575644.8326187,1.0
2022-04-07,19.12417597969881,19.53853354029835,19.00943091681713,19.187923431396484,24037348.0,461226792.9178314,1.0
2022-04-08,19.21979634818529,19.59590435428028,19.003054331061,19.207046508789062,19954203.0,383261305.06681824,1.0
2022-04-11,18.990307397948047,18.990307397948047,17.72811174007839,17.849231719970703,46575692.0,831340319.0259857,1.0
2022-04-12,18.167966479236043,18.639696539424225,17.944851288794734,18.48670196533203,31818032.0,588210474.7073975,1.0
2022-04-13,18.48033110618149,18.486704275933853,17.849233224066143,18.16796875,23105764.0,419784798.296875,1.0
2022-04-14,18.2189648610175,18.72894271096008,18.104219801008657,18.499452590942383,21618655.0,399933283.2524395,1.0
2022-04-15,18.327336737557207,18.44845672914015,18.027724218950496,18.18709373474121,16451771.0,299209901.27949715,1.0
2022-04-18,17.976724017555117,18.850061764906226,17.91935149036958,18.67794418334961,18755485.0,350313901.96165085,1.0
2022-04-19,18.830939332490743,18.983933924471422,18.301838433742525,18.35921096801757,17941183.0,329385963.7128105,1.0
2022-04-20,18.34645887874313,18.44845409365147,17.86835390141324,17.90022850036621,23421450.0,419249306.8099022,1.0
2022-04-21,17.549618851294223,17.881104183382746,16.969518644704,17.11613655090332,32319698.0,553188364.2519569,1.0
2022-04-22,16.95676717598377,17.269129469093258,16.765524848516506,17.07151222229004,24127061.0,411885416.7494373,1.0
2022-04-25,16.733655175555807,16.937645629502914,16.478665357251135,16.57428741455078,35060950.0,581110262.3271942,1.0
2022-04-26,16.606159231579824,16.77827682294862,16.30654673900362,16.45954132080078,34741095.0,571822488.6823654,1.0
2022-04-27,16.727276981968814,18.104217529296875,16.63803161354738,18.104217529296875,59245349.0,1072590685.8951112,1.0
2022-04-28,18.2317159322846,18.850063963891923,18.104221023472363,18.6333236694336,43270607.0,806275225.603859,1.0
2022-04-29,19.27717125042615,20.488369374061584,18.58232592814142,20.39912223815918,58064348.0,1184461732.5310135,1.0
2022-05-05,21.412702475446405,21.412702475446405,19.768023812268385,19.984764099121094,50445328.0,1008137979.982788,1.0
2022-05-06,19.544908231712824,20.55848902500984,19.462036020214946,20.074010848999023,26996819.0,541934437.494463,1.0
2022-05-09,19.761648950607025,20.50111694674464,19.710651338894507,20.34174919128418,17093956.0,347720965.6388473,1.0
2022-05-10,20.53936585734277,20.99197117983179,20.080385614720583,20.4118709564209,47536824.0,970315517.166092,1.0
2022-05-11,20.411869769370263,21.12583802144474,20.207877589584285,20.78160285949707,39878497.0,828739087.2876453,1.0
2022-05-12,20.558485514859257,21.39357540395446,20.494738074792192,21.291580200195312,34416331.0,732778071.6829681,1.0
2022-05-13,21.348954495459243,21.355327664212265,20.756104479173622,20.99834442138672,22899892.0,480859819.4285584,1.0
2022-05-16,21.22146090329001,21.54657131876211,20.87722572777698,21.215085983276367,14309239.0,303571735.74025154,1.0
2022-05-17,21.272458746475102,21.83980912522269,20.93459848726006,21.80156135559082,23132960.0,504334646.7764282,1.0
2022-05-18,21.846183399981808,21.897181008274742,21.144963221930364,21.4509506225586,26194544.0,561897869.9244385,1.0
2022-05-19,21.14496313946502,21.795185706687658,20.9855953953123,21.578445434570312,15836529.0,341727676.8994904,1.0
2022-05-20,21.76331146487776,22.18404392715398,21.19596109578124,22.120296478271484,43820582.0,969324265.6904068,1.0
2022-05-23,21.94818168059244,21.94818168059244,20.92822587060393,21.584821701049805,33510382.0,723315620.6040688,1.0
2022-05-24,21.41907694011768,21.70593959334132,20.685983882072986,20.705108642578125,32885981.0,680907809.42276,1.0
2022-05-25,20.65411204864777,21.6294451176117,20.34174969937689,21.470075607299805,34630588.0,743521342.6852493,1.0
2022-05-26,21.246957963759336,21.54657043779737,20.756104900613657,21.32983016967773,23995408.0,511817977.49212646,1.0
2022-05-27,21.43182705338994,21.96730459651696,21.10034170563685,21.22783660888672,17423726.0,369868008.64601135,1.0
2022-05-30,21.304330580275582,21.769685717237216,20.95372049760941,21.68681526184082,23635766.0,512584490.8140984,1.0
2022-05-31,22.292415315600064,22.502780683104376,21.68681714354817,21.83343505859375,54239336.0,1184231020.177246,1.0
2022-06-01,21.8015626945382,22.534655787874488,21.67406778677429,22.458158493041992,42311478.0,950237878.9988594,1.0
2022-06-02,22.808768840566096,22.808768840566096,22.062925898869192,22.477283477783203,30890404.0,694332367.4512482,1.0
2022-06-06,22.31791565073456,22.53465594492122,21.76968824387741,22.03742790222168,46430997.0,1023219748.8157712,1.0
2022-06-07,21.897181655105825,21.992801954620823,21.22783605675948,21.80156135559082,35917964.0,783067695.9139023,1.0
2022-06-08,21.674066242696888,21.79518622135684,20.74973085356512,21.297956466674805,51669554.0,1100455911.744503,1.0
2022-06-09,21.387202963995183,21.76331097803065,21.03659287841995,21.28520774841309,30874531.0,657170806.46982,1.0
2022-06-10,20.96647341283452,21.49557607434011,20.90910087727056,21.48282623291016,30543137.0,656152904.7789688,1.0
2022-06-13,21.164086696946143,21.45732423998382,20.896347081071887,21.234209060668945,30135244.0,639898071.1902695,1.0
2022-06-14,20.85172810885332,21.03022063426693,19.78077470724245,20.45649528503418,47595990.0,973647145.021534,1.0
2022-06-15,20.271626595391982,20.775231288390533,20.07401107104076,20.32262420654297,31343660.0,636985423.4376526,1.0
2022-06-16,20.31625208902154,20.909100443640256,20.284377486107694,20.711484909057617,27809447.0,575974941.8697376,1.0
2022-06-17,20.74973089005565,21.27245857487078,20.46286824295409,21.00472068786621,31098271.0,653210496.2305698,1.0
2022-06-20,21.234210366417283,21.40632795111877,20.743355541044185,20.81985282897949,36511084.0,760155395.5065079,1.0
2022-06-21,20.97284644507885,21.10034134615663,20.475618431920346,20.832603454589844,29085710.0,605931062.6251984,1.0
2022-06-22,21.12514529872665,21.31154435587936,20.5115845501848,20.550416946411133,25291662.0,519754199.3677025,1.0
2022-06-23,20.50381992096907,21.8940411629073,20.27858844726772,21.723175048828125,37903138.0,823376501.6738892,1.0
2022-06-24,22.041602598566364,22.204702207089788,21.637738594254103,22.02606964111328,27396676.0,603441093.5110168,1.0
2022-06-27,22.259067766344863,22.259067766344863,21.63773879661265,21.855205535888672,32950023.0,720129525.0772591,1.0
2022-06-28,21.909570522434468,21.909570522434468,21.28047508438482,21.730937957763672,24469977.0,531755552.014904,1.0
2022-06-29,21.74647248640009,21.79307313941889,20.7368159653126,20.78341484069824,42514268.0,883591668.4926224,1.0
2022-06-30,20.736818250020345,21.187281205577893,20.736818250020345,20.969816207885746,19885419.0,416993581.6467991,1.0
2022-07-01,20.969814347071427,21.31931125285595,20.87661481666892,21.031946182250977,16895427.0,355343711.39015007,1.0
2022-07-04,20.822248686527725,21.723174561105807,20.75235036858284,21.7076416015625,41431942.0,899389747.7927246,1.0
2022-07-05,21.816371466139064,22.11150299478504,21.513473458657643,21.979469299316406,45664686.0,1003685563.9999236,1.0
2022-07-06,21.96393750566656,22.52313289961932,21.35814323623154,21.661041259765625,37673011.0,816036645.6506042,1.0
2022-07-07,21.676575030304463,22.72506576663187,21.36591051588527,22.50760078430176,45690643.0,1028386752.2220516,1.0
2022-07-08,22.72506488556392,22.911462164882096,22.057137005393667,22.18916893005371,46125160.0,1023478967.1657562,1.0
2022-07-11,22.42993346115901,23.13669551891208,22.15810313115386,22.600799560546875,65947707.0,1490470907.384674,1.0
2022-07-12,22.4299337455296,23.299793656787354,22.32120303425556,22.37556838989257,53928852.0,1206688716.1143951,1.0
2022-07-13,22.212470716174213,23.25319682027772,22.16587183582629,23.08233070373535,65401833.0,1509626737.936472,1.0
2022-07-14,23.074560422427336,23.556089217229875,22.678462894188893,22.96582794189453,46231550.0,1061745822.787094,1.0
2022-07-15,22.97359739581184,23.99102224625892,22.911463779903897,23.40852737426757,60531625.0,1416956200.8213997,1.0
2022-07-18,23.40852693089244,23.6881237530992,22.91146334594352,23.45512580871582,44707562.0,1048621491.3109628,1.0
2022-07-19,23.46289145745314,23.46289145745314,22.53089971292458,22.608566284179688,40158313.0,907921881.3213348,1.0
2022-07-20,22.740596538754343,22.8104966255072,22.406632617838355,22.616331100463867,22770554.0,514986388.6049919,1.0
2022-07-21,22.52313277596432,23.284260181427776,22.29790132377035,22.771663665771484,32818011.0,747320708.6715889,1.0
2022-07-22,22.77166312911821,23.377457380950755,22.77166312911821,23.105627059936523,28699040.0,663109315.2182007,1.0
2022-07-25,22.989127023321025,23.012426459296982,21.95616936302285,22.080434799194336,30035606.0,663199239.9372902,1.0
2022-07-26,21.94063939096868,22.48430185921077,21.917339951822576,22.406635284423828,18203876.0,407887610.2948761,1.0
2022-07-27,22.39886615134765,22.53089806850173,21.82413783232618,22.499832153320312,30930078.0,695921563.4891052,1.0
2022-07-28,22.49206966044676,22.59303568031206,22.057139660298787,22.095972061157227,20158381.0,445419023.3741627,1.0
2022-07-29,22.367801673802425,23.82015463347676,22.367801673802425,22.662931442260746,59851635.0,1356413500.7122135,1.0
2022-08-01,22.74059877146159,22.74059877146159,21.901806536238663,22.569732666015625,29366734.0,662799335.6539917,1.0
2022-08-02,22.259069079044018,22.26683555830121,21.43580983434961,21.839672088623047,33409398.0,729650296.9982986,1.0
2022-08-03,22.10373729489983,22.794964657001927,21.96393888205932,22.17363739013672,36376792.0,806605795.2244263,1.0
2022-08-04,22.63963003651424,23.20659186389948,22.398865644045127,22.7172966003418,36808074.0,836179934.3453293,1.0
2022-08-05,22.678465111770723,22.70953280755589,22.1736368312686,22.50760078430176,22204935.0,499779812.4213696,1.0
2022-08-08,22.274601019142047,22.639630860440004,22.04160309681288,22.45323181152344,17032741.0,382440082.0586395,1.0
2022-08-09,22.43769990717045,22.86486156589848,22.21246669337976,22.313432693481445,23000886.0,513228721.65143967,1.0
2022-08-10,22.220235044337,22.32896753225205,21.940638234060085,22.134803771972656,15883707.0,351582737.6165085,1.0
2022-08-11,22.39110038574822,22.39110038574822,21.995004621669647,22.228002548217773,20233569.0,449751823.29154015,1.0
2022-08-12,22.18916849117006,22.38333402351783,21.8086056831909,21.824138641357425,23175692.0,505789515.3173981,1.0
2022-08-15,21.816371440561177,22.251301365368253,21.762006088776825,22.21246719360352,21152643.0,469852388.6955071,1.0
2022-08-16,22.22023484700121,22.810497934802704,22.17363597157996,22.18916893005371,28318836.0,628371435.9064865,1.0
2022-08-17,22.45323243027233,22.833797017494863,22.26683515385224,22.46876716613769,34490299.0,774954497.7214718,1.0
2022-08-18,22.445465024119784,22.86486198960112,22.34450079978017,22.499832153320312,30632449.0,689224960.9451447,1.0
2022-08-19,22.41440056202505,22.49983361194548,21.96393765215957,22.25130271911621,20810628.0,463063583.402916,1.0
2022-08-22,22.375567948998714,22.585266443304484,22.212468330035048,22.42216682434082,19106158.0,428401462.048214,1.0
2022-08-23,22.367800223882902,22.77942893270979,22.1581017412574,22.616331100463867,32247650.0,729323529.6118736,1.0
2022-08-24,22.662932249589165,22.973596765336595,22.01830555701396,22.04160499572754,31808142.0,701102501.612011,1.0
2022-08-25,22.158101450328463,22.19693384377405,20.77564691206916,21.1484432220459,38369626.0,811457856.9121361,1.0
2022-08-26,21.20281102812889,21.956170150848287,21.20281102812889,21.637739181518555,27452700.0,594014362.4284744,1.0
2022-08-29,21.389209230511977,22.398865673429707,21.20281018813452,22.367799758911133,28892308.0,646257359.9167862,1.0
2022-08-30,22.507600159481544,22.72506513577474,22.14257029842981,22.196935653686523,21496419.0,477154629.3276844,1.0
2022-08-31,21.987237254839773,22.13480391789004,21.319311141967773,21.319311141967773,38495823.0,820704428.2031193,1.0
2022-09-01,21.49017573407192,21.86297208076951,21.08631346955784,21.21057891845703,22416806.0,475473432.7627411,1.0
2022-09-02,21.05524648430463,21.218346113609023,20.270821367180066,20.47275161743164,29183178.0,597459954.6012955,1.0
2022-09-05,20.47274775124665,20.651380306249287,20.03781963638007,20.29411697387696,18277513.0,370925986.8135567,1.0
2022-09-06,20.39508600111957,20.77564882482274,20.12325388907457,20.620317459106445,18932248.0,390388963.9745331,1.0
2022-09-07,20.30965161702344,20.690216193381563,20.30965161702344,20.58148193359375,21357645.0,439571984.7116089,1.0
2022-09-08,20.62031876457371,20.651384684157108,20.294121276048145,20.309654235839844,17142009.0,348148275.6976547,1.0
2022-09-09,20.418383613213457,20.775646966752305,20.193152175370155,20.565948486328125,24030038.0,494200523.6325073,1.0
2022-09-13,20.57371940900732,20.705749564180834,20.27858784689615,20.47275161743164,15296026.0,313151741.0317764,1.0
2022-09-14,20.25528724866839,20.34072029828985,19.579592886234703,19.789291381835938,32784322.0,648778500.8139343,1.0
2022-09-15,19.890254257703816,19.95238786527856,18.89613075757228,19.1058292388916,35244636.0,673377997.0028915,1.0
2022-09-16,19.14466356728108,19.517459917503576,18.872833228550075,18.98933219909668,25464418.0,483552292.6586571,1.0
2022-09-19,18.989331475821817,19.47086029872265,18.91943138510296,19.26116180419922,15774040.0,303826336.74591064,1.0
2022-09-20,19.276693963278035,19.40095940346596,19.183494438728825,19.29222869873047,12326570.0,237807007.51091003,1.0
2022-09-21,19.23786158291013,19.50192542129998,18.95049653014101,19.17572975158692,15732583.0,301683759.9024105,1.0
2022-09-22,18.85729878315617,19.323294628612643,18.484500684684537,19.17572975158692,18574129.0,356172478.0751133,1.0
2022-09-23,19.2378618619949,19.45532683004711,19.15242881505301,19.36212730407715,19172955.0,371229195.5053425,1.0
2022-09-26,19.18349598870716,19.439795146334088,18.857300292878744,18.872833251953125,17113359.0,322977570.7878113,1.0
2022-09-27,18.94273379981617,19.36212903778448,18.93496554245942,19.29999542236328,16455661.0,317594181.971962,1.0
2022-09-28,19.2844620738691,19.2844620738691,18.45343631678796,18.52333641052246,19204522.0,355731821.60927963,1.0
2022-09-29,18.600999946837128,19.253394852079,18.600999946837128,19.12912940979004,22882658.0,437725326.1219673,1.0
2022-09-30,19.020399205149488,19.463095674074903,19.020399205149488,19.31553077697754,19190022.0,370665460.55187607,1.0
2022-10-10,19.952388648467245,19.952388648467245,18.997097504551345,19.012630462646484,20011339.0,380468193.4697456,1.0
2022-10-11,18.95826231477259,19.49415822847534,18.95826231477259,19.447559356689453,17983836.0,349741718.0709686,1.0
2022-10-12,19.62619154909999,19.960155487060547,19.307760569514368,19.960155487060547,19568330.0,390586909.4221115,1.0
2022-10-13,19.89802489505839,20.03005682711636,19.64949221265328,19.88249015808105,14651694.0,291312161.75421524,1.0
2022-10-14,20.115486830106047,20.25528701061932,19.8902553786085,20.0766544342041,19555342.0,392605843.6766777,1.0
2022-10-17,19.99898834665765,20.07665491796611,19.57182664854409,19.79705810546875,19438880.0,384832636.8652344,1.0
2022-10-18,19.87472416784073,20.08442088302741,19.711624550032816,19.89802360534668,11571729.0,230254536.7966748,1.0
2022-10-19,19.944623237074463,20.17762117624036,19.76599065415177,19.80482482910156,13592745.0,269201933.6716461,1.0
2022-10-20,19.727157137258686,20.0378216310598,19.416492643457577,19.890254974365234,15673918.0,311758225.4672928,1.0
2022-10-21,19.835888888524103,20.193152243264155,19.79705649484574,19.8669548034668,13211176.0,262465836.4926453,1.0
2022-10-24,19.765990007447275,20.169854036858904,19.455327283812487,19.610658645629883,19027821.0,373148102.40114784,1.0
2022-10-25,19.610659552704703,19.952389986615945,19.261162639225017,19.69609260559082,21390139.0,421302158.5904598,1.0
2022-10-26,19.703858256086743,20.395085574393136,19.54075863674564,20.25528717041016,23014921.0,466173834.0593033,1.0
2022-10-27,20.38731970106056,20.55818402708824,19.944623260596604,19.983455657958984,17104468.0,341806377.8309784,1.0
2022-10-28,19.88249128436428,20.25528944027321,18.872834648738763,19.15243148803711,25134709.0,481390792.0942497,1.0
2022-10-31,18.717498749092105,19.24562820750247,18.49226730357442,18.950496673583984,24565824.0,465534565.9958496,1.0
2022-11-01,19.32329302887012,20.27081759916992,19.066993912981165,20.239749908447266,38803918.0,785381595.7878952,1.0
2022-11-02,20.278587075298088,20.72128351280366,19.851423596633666,20.387319564819336,30336866.0,618487381.7371025,1.0
2022-11-03,20.340721244655512,20.53488501311386,20.115488002398664,20.34848594665528,20297192.0,413017126.16856384,1.0
2022-11-04,20.294119970140496,21.109612750161563,20.20092043975431,20.73681640625,35367463.0,733408586.9858398,1.0
2022-11-07,20.73681505281631,20.93097880267906,20.52711656754212,20.697980880737305,21091765.0,436556948.71100426,1.0
2022-11-08,20.70574778341435,20.83001500345088,20.41061802431863,20.767881393432617,24387464.0,506475959.8386078,1.0
2022-11-09,20.76788284068604,20.78341579986478,20.19315446290663,20.340721130371094,18875871.0,383948828.10385895,1.0
2022-11-10,20.239752244033536,20.27081993834128,19.626191501544533,19.89802360534668,26866436.0,534588977.7195358,1.0
2022-11-11,20.33295343141746,20.49605306253878,20.068889562862243,20.30188751220703,22588218.0,458583460.9372101,1.0
2022-11-14,20.57371648339005,20.72128135464504,19.95238752865739,20.030054092407227,20682145.0,414264483.09700966,1.0
2022-11-15,19.82812538692932,20.18538879531153,19.75045881027813,20.014524459838867,24336574.0,487084955.5916786,1.0
2022-11-16,20.02228910504629,20.03005558423642,19.42425954160771,19.548526763916016,29774905.0,582055527.2855568,1.0
2022-11-17,19.4941603398874,19.69609236143017,19.416493767532508,19.688325881958008,15281293.0,300863076.48168373,1.0
2022-11-18,19.727156292198163,20.69798034949352,19.657256206356497,20.50381660461425,43994877.0,902062889.550562,1.0
2022-11-21,20.503817358259514,21.358142488975965,20.480517921333565,20.822246551513672,52172911.0,1086357216.1521797,1.0
2022-11-22,21.00864556678019,21.063012697148867,20.23198522712586,20.64361572265625,21779558.0,449608825.9613037,1.0
2022-11-23,20.449451273344508,21.1717445207771,20.4339183145997,21.086313247680664,25016132.0,527497995.5973282,1.0
2022-11-24,21.16397732231033,21.280476286571247,20.85331460270332,20.946514129638672,14993508.0,314061727.17485046,1.0
2022-11-25,20.81447981420746,21.086311907869067,20.50381710378429,20.93097877502441,17066392.0,357216288.71824646,1.0
2022-11-28,20.930979704737386,21.195045331249347,20.620316980515188,20.8999137878418,27780255.0,580604934.504261,1.0
2022-11-29,20.721284395511702,21.078547796976853,20.64361782036423,20.884382247924805,21944232.0,458291729.2251434,1.0
2022-11-30,20.96204644446865,20.96204644446865,20.270819159227504,20.63584899902344,37375867.0,771282747.6195831,1.0
2022-12-01,20.597017838361594,20.690217368018704,20.18538732305652,20.26305389404297,42666291.0,864549353.9919205,1.0
2022-12-02,20.1931535398969,20.51158452140552,20.10772226831883,20.37178611755371,21459132.0,437160847.3723526,1.0
2022-12-05,20.46498384938262,20.55818337774176,20.23975239652852,20.488285064697266,24662270.0,505287618.1025314,1.0
2022-12-06,20.44168557777072,20.78341601615902,20.37178726073896,20.76011657714844,28408651.0,589766906.5595245,1.0
2022-12-07,20.760114180081057,20.93874496950317,20.581481613025897,20.74458122253418,21542755.0,446895430.8546543,1.0
2022-12-08,20.573718826266507,20.91544747936165,20.43391864007016,20.62808418273925,25309482.0,522086125.317524,1.0
2022-12-09,20.464982433531983,20.62031556259502,19.944621250779992,20.50381660461425,80350270.0,1647487200.2112389,1.0
2022-12-12,20.193155017337244,20.348486391022675,19.843658093320062,20.30188751220703,32579398.0,661423273.4114227,1.0
2022-12-13,20.177619469600888,20.488283954756906,19.85142202683204,19.929088592529297,20061984.0,399817056.4779053,1.0
2022-12-14,19.80482423858717,19.99898799701397,19.26116180419922,19.26116180419922,35822094.0,689975148.699234,1.0
2022-12-15,19.26116054559662,19.57182502746582,19.26116054559662,19.57182502746582,20171234.0,394787862.4360695,1.0
2022-12-16,19.43979618660213,19.78929311737772,19.41649496911044,19.72715950012207,18159404.0,358233459.1351547,1.0
2022-12-19,19.67279245449004,19.711624850926054,19.455327479182024,19.556293487548828,11472831.0,224366050.1690483,1.0
2022-12-20,19.416493166467284,19.62619166099072,19.152429317321623,19.26116180419922,12574999.0,242209090.42664337,1.0
2022-12-21,19.16796157454673,19.33882766666049,18.88836477716632,19.004863739013672,16736804.0,318080679.446579,1.0
2022-12-22,19.136896595346386,19.245629083567657,18.756333775388505,18.97379875183105,18214112.0,345590895.53131104,1.0
2022-12-23,18.927197171904407,19.23009518376076,18.85729886137585,19.004863739013672,8834170.0,167892197.0972824,1.0
2022-12-26,19.028164184582515,19.998988325565005,19.028164184582515,19.913557052612305,22480448.0,447665683.8162842,1.0
2022-12-27,19.96792348428449,20.06888949903054,19.71162609634707,19.773757934570312,9269930.0,183301351.8904113,1.0
2022-12-28,19.76598926748927,19.85918879214396,19.478625992239827,19.587358474731445,14571648.0,285420092.9436035,1.0
2022-12-29,19.362127708086696,19.69609164616156,19.362127708086696,19.548526763916016,11055207.0,216113009.92013168,1.0
2022-12-30,19.564059178343527,19.711624056486222,18.934963715635604,18.950496673583984,32637220.0,618491529.0450287,1.0
2023-01-03,18.88059942527639,19.61065915573113,18.82623406939778,19.50969314575196,29175852.0,569211919.7858734,1.0
2023-01-04,19.548525929235137,19.58735832352771,18.62430072400743,18.76409912109375,35047443.0,657633694.3928833,1.0
2023-01-05,18.7873994506953,19.066996258158085,18.71749936001303,18.96603202819824,36158686.0,685786796.7735634,1.0
2023-01-06,18.865065631900528,19.315528528357024,18.76409962638789,19.07476234436035,38788756.0,739886302.3333817,1.0
2023-01-09,19.362129052830184,20.15432242867469,19.362129052830184,20.06112289428711,58312837.0,1169820989.3715324,1.0
2023-01-10,19.998989030270355,20.581483890911887,19.750458126747738,20.34848594665528,34607083.0,704201742.0802326,1.0
2023-01-11,20.34071806486132,20.56594771664231,20.07665246571991,20.13101959228516,17924157.0,360831555.7421951,1.0
2023-01-12,20.138787303713453,20.77564746122001,20.138787303713453,20.58148193359375,28316916.0,582804095.0690918,1.0
2023-01-13,20.53488306022732,20.64361554238206,20.30965161702344,20.58148193359375,22654106.0,466255073.3607178,1.0
2023-01-16,20.659148358349857,21.039712932095487,20.503817003895005,20.80671501159668,28036459.0,583346612.3473148,1.0
2023-01-17,21.09407904201536,21.44357593532301,20.96981359845929,21.125144958496094,26021593.0,549709924.1759872,1.0
2023-01-18,21.24164344561436,21.34260944954108,20.868847123323192,20.99311256408692,18069380.0,379332528.3032608,1.0
2023-01-19,21.12514548755218,21.12514548755218,20.713516750974264,20.90768051147461,25514926.0,533457921.0819168,1.0
2023-01-20,20.892146278848664,21.01641171793916,20.67468131603204,20.80671501159668,29026538.0,603946903.9392815,1.0
2023-01-30,21.12514657938269,21.12514657938269,20.441685698567284,20.47275161743164,31170484.0,638145576.7271271,1.0
2023-01-31,20.42615169681892,20.65914963167857,20.332952167348417,20.49605178833008,22212645.0,455271522.2757912,1.0
2023-02-01,20.54264953912173,20.64361554238206,20.231985050446312,20.58148193359375,20221837.0,416195372.8795776,1.0
2023-02-02,20.581482834514848,20.67468236296044,20.34848490221745,20.37178611755371,21157747.0,431021096.6133137,1.0
2023-02-03,20.35624879987236,20.457216572380734,20.0766520276272,20.29411697387696,23239794.0,471631097.8848038,1.0
2023-02-06,20.44945124407959,20.6203173452943,20.053355463754325,20.20868682861328,23993774.0,484882664.6025238,1.0
2023-02-07,20.301887755943994,20.410620252119184,20.115488683177013,20.309654235839844,13870203.0,281699027.1109085,1.0
2023-02-08,20.38731934104139,20.47275061373,20.20092028172717,20.26305389404297,12158886.0,246376162.3095245,1.0
2023-02-09,20.16208788505053,20.364019903035405,20.09995427273473,20.26305389404297,16597993.0,336326026.69194794,1.0
2023-02-10,20.138786332492504,20.200918160651348,19.82035538027946,19.90578842163086,23866444.0,475080384.6407013,1.0
2023-02-13,19.944621744386787,20.022288310840462,19.812589825758685,19.87472343444824,18863911.0,374915014.017046,1.0
2023-02-14,19.99898730299287,20.64361572265625,19.93685547129505,20.64361572265625,40227060.0,830431968.2922363,1.0
2023-02-15,20.760116135015405,20.760116135015405,20.27082081568079,20.511585235595703,23828618.0,488762729.15345,1.0
2023-02-16,20.426152051324863,20.45721974677633,19.75045767297821,19.92132377624512,29562417.0,588922480.6653728,1.0
2023-02-17,19.921325054208506,19.991225151416945,19.649492922960835,19.72715950012207,19501759.0,384714310.3259411,1.0
2023-02-20,19.75822520267785,19.94462248035858,19.439794223863807,19.89802360534668,20140104.0,400748264.8061371,1.0
2023-02-21,19.890254154403674,20.23198455020737,19.851421760891785,20.1543197631836,19864045.0,400346314.72026825,1.0
2023-02-22,20.09995438200012,20.154321515276127,19.96015597557108,19.97568893432617,12768583.0,255061242.14012527,1.0
2023-02-23,19.9756891101881,20.11548751784789,19.828124223082384,20.037822723388672,11688670.0,234215497.33219147,1.0
2023-02-24,20.037821355860725,20.379551761058696,19.983454225816487,20.11548614501953,24523077.0,493293615.62674713,1.0
2023-02-27,20.03782265799386,20.550417410284613,19.99898848325779,20.387319564819336,23721339.0,483614518.698412,1.0
2023-02-28,20.387319564819336,20.496052054340584,20.12325393162019,20.387319564819336,14284350.0,291219608.2257271,1.0
2023-03-01,20.42615220650644,20.54265117684323,20.23198666340071,20.39508628845215,19229972.0,392196938.26451874,1.0
2023-03-02,20.348486164340954,20.58148411109015,20.340721462258124,20.47275161743164,15966338.0,326874872.11396027,1.0
2023-03-03,20.54264952532049,20.899912887122312,20.395084648792864,20.697980880737305,30864160.0,638825793.5800171,1.0
2023-03-06,20.71351578133667,20.930978969601227,20.36401889563684,20.87661361694336,34045318.0,710750949.3519669,1.0
2023-03-07,20.88438156137722,20.99311405195593,20.550417610144976,20.62808418273925,21898780.0,451729877.3392868,1.0
2023-03-08,20.50381807093953,20.72904952431858,20.34848493076789,20.550416946411133,15960076.0,327986216.2964096,1.0
2023-03-09,20.65138443622421,20.65138443622421,20.27858807279921,20.30188751220703,13106635.0,266089429.4335556,1.0
2023-03-10,20.2941170339872,20.441681898796286,20.16208512572297,20.239749908447266,15980781.0,323447010.7816658,1.0
2023-03-13,20.193153960358224,20.81448120021083,20.09995442997204,20.73681640625,23981085.0,497291356.8676758,1.0
2023-03-14,20.659149899805865,20.73681647164481,20.21645346230029,20.387319564819336,20840404.0,424879976.2079392,1.0
2023-03-15,20.52711559518975,20.899911897110893,20.433916075301216,20.66691398620605,17768446.0,367218945.150547,1.0
2023-03-16,20.58148419157521,20.744583821517416,20.045589978536373,20.123254776000977,23705066.0,477023082.5999184,1.0
2023-03-17,20.31741890381958,21.32707719893792,20.28635298700665,21.24941062927246,57612664.0,1224235154.7823029,1.0
2023-03-20,21.233876435601847,21.45910787465917,21.06301212543752,21.32707595825196,31741572.0,676954917.0783234,1.0
2023-03-21,21.451343336801298,21.4824092546178,21.09407994901196,21.21057891845703,21491487.0,455846881.08849335,1.0
2023-03-22,21.28047434223628,21.319308511863834,20.915444524588217,21.0630111694336,16800778.0,353874974.6691742,1.0
2023-03-23,20.96981356696423,21.09407901033366,20.736815638442405,20.946514129638672,19294713.0,404156978.48182297,1.0
2023-03-24,21.0474804051934,21.56784344424195,20.798949494281644,21.420278549194336,35083068.0,751489088.9203262,1.0
2023-03-27,21.2105791157927,21.692107956961205,21.04747949047226,21.45134353637696,30448767.0,653166961.1760979,1.0
2023-03-28,21.58337644697352,21.971707551476005,21.38144441484289,21.482410430908203,35067937.0,753343815.5992317,1.0
2023-03-29,21.62220923863245,21.762007645137576,21.24941111777454,21.26494407653809,16288906.0,346382675.1579857,1.0
2023-03-30,21.18727974542663,21.420277687234645,21.086313733625392,21.396976470947266,15084457.0,322761771.5060158,1.0
2023-03-31,21.288244298447243,21.396976791428447,20.90768146182965,21.05524635314941,18673544.0,393176069.2063751,1.0
2023-04-03,21.202813022102426,21.202813022102426,20.930980900832783,21.05524635314941,15533673.0,327065311.7842655,1.0
2023-04-04,21.094079076934296,21.10184555606733,20.503817774657573,20.892147064208984,21303402.0,445073807.5519638,1.0
2023-04-06,20.814480087737035,20.87661369721803,20.55041624711728,20.70574760437012,14793410.0,306308613.66796494,1.0
2023-04-07,20.705747255704832,21.101844787597656,20.58924829531865,21.101844787597656,13085815.0,276134837.0492172,1.0
2023-04-10,20.969814347071427,21.187279325466225,20.705748714658785,21.031946182250977,17735929.0,373021104.2202244,1.0
2023-04-11,20.845547212139863,21.00087856515163,20.519349770945407,20.86108016967773,17668446.0,368582868.4796219,1.0
2023-04-12,20.96981434339888,21.07854683257723,20.659149834655977,20.73681640625,16127908.0,334441467.2128906,1.0
2023-04-13,20.736816431149823,21.00088028620011,20.565950328964448,20.915447235107425,23743130.0,496598182.7112961,1.0
2023-04-14,20.969812403844056,21.031944233265985,20.64361496647988,20.85331344604492,19909437.0,415177730.2952843,1.0
2023-04-17,20.79894608257816,21.039712251765824,20.64361473314603,20.729047775268555,19977823.0,414121247.41285896,1.0
2023-04-18,20.783412426478293,21.435807271893445,20.783412426478293,21.11737632751465,30018285.0,633907421.051588,1.0
2023-04-19,21.125144944127623,21.16397733970213,20.74458213459808,20.83001518249512,18078124.0,376567597.39102936,1.0
2023-04-20,20.83778105600881,20.899912887122312,20.581481919766425,20.697980880737305,16394468.0,339332385.2138596,1.0
2023-04-21,20.697981820084067,20.81448078634208,20.18538707960209,20.25528717041016,19594041.0,396882927.2837906,1.0
2023-04-24,20.19315460129874,20.41838606620049,20.06888914938397,20.23198699951172,14007768.0,283404980.06817627,1.0
2023-04-25,20.231985600643352,20.30965216933257,19.49415941981169,19.719390869140625,25058114.0,494130744.40948486,1.0
2023-04-26,19.88249015808105,20.16985523884637,19.79705888168859,19.88249015808105,14393414.0,286176912.19618607,1.0
2023-04-27,19.866955242462275,19.96792124589008,19.5873584465338,19.820356369018555,17017306.0,337289069.36063766,1.0
2023-04-28,20.16985509306951,20.41838599604512,19.89802475124617,20.286354064941406,18093646.0,367054109.0817108,1.0
2023-05-04,20.286351697517908,20.64361505105676,20.17761921795104,20.565948486328125,19166860.0,394184655.4046631,1.0
2023-05-05,20.503817813924776,20.542650209664348,20.177620356812984,20.247520446777344,12194550.0,246909400.46424863,1.0
2023-05-08,20.255286228374658,20.72128207173409,20.255286228374658,20.402851104736328,20198276.0,412102417.80036926,1.0
2023-05-09,20.309653236169645,20.54265117684323,19.96792280467284,20.39508628845215,20350201.0,415044105.3823452,1.0
2023-05-10,20.348487135155786,21.3892132430968,20.33295417498254,20.969816207885746,35336108.0,740991690.262001,1.0
2023-05-11,21.000878541210813,21.19504406547896,20.822245974462827,21.094078063964844,19534710.0,412066697.6969147,1.0
2023-05-12,21.000879108047982,21.202811116526583,20.86108070896014,20.938745498657227,10799157.0,226120800.02304268,1.0
2023-05-15,21.156212197882592,21.45910843232563,20.962046668785096,21.28824234008789,20057690.0,426992965.5023575,1.0
2023-05-16,21.43580767621069,21.88627053830821,21.35814111382502,21.65327262878418,32454882.0,702754408.0810204,1.0
2023-05-17,21.66880558573472,21.862969325249427,21.40473998467664,21.65327262878418,19505382.0,422355354.1745796,1.0
2023-05-18,21.6688078061379,21.86297156554857,21.48240874836517,21.606674194335938,18756434.0,405264158.4855652,1.0
2023-05-19,21.74647302183072,21.963938000917672,21.482409166210783,21.67657470703125,18551768.0,402138784.9995117,1.0
2023-05-22,21.6610413268668,21.940638135892733,21.45910931055187,21.606674194335938,19587528.0,423221335.7684326,1.0
2023-05-23,21.730939235922925,21.730939235922925,20.993113053099385,21.00864601135254,21598806.0,453761669.5218773,1.0
2023-05-24,21.10961221488762,21.195045263711407,20.884380762846,20.954280853271484,17329177.0,363120441.8140526,1.0
2023-05-25,20.82224697437849,21.16397738913166,20.659149134951512,20.892147064208984,14245290.0,297614693.6523056,1.0
2023-05-26,20.837784057101647,20.892149417155743,20.61255258161086,20.84555053710937,7818849.0,162988211.9715271,1.0
2023-05-29,20.80671481829518,21.008645043920566,20.72128177420384,20.86108016967773,12364064.0,257927730.3270264,1.0
2023-05-30,20.85331507740024,21.52124118410293,20.85331507740024,21.373676300048828,21579176.0,461226322.6457825,1.0
2023-05-31,21.544542351642097,21.567841789446177,21.078546485027825,21.31154441833496,16812457.0,358299424.13684654,1.0
2023-06-01,21.272711833336047,21.52124094534198,20.915446679642592,20.954280853271484,20183523.0,422931209.55046463,1.0
2023-06-02,21.00087950065608,21.22611095025447,20.783414530172585,20.83001518249512,15842960.0,330009097.33566284,1.0
2023-06-05,20.95427876879361,21.024177074632657,20.666913734111983,20.7756462097168,10558777.0,219365415.3592949,1.0
2023-06-06,20.77564884972348,21.00864678739377,20.74458293206962,20.798948287963867,14388144.0,299258263.0157776,1.0
2023-06-07,20.752348468103147,20.86884743164237,20.42615101466669,20.534883499145508,14912565.0,306227784.9484348,1.0
2023-06-08,20.534885923956946,20.58148480382191,20.24752260952305,20.43391990661621,16407132.0,335262021.18527985,1.0
2023-06-09,20.43391789520393,20.791181271901376,20.23198588039964,20.72128295898437,19727005.0,408768852.5382996,1.0
2023-06-12,20.721282798560644,20.853314721792604,20.51158430616683,20.54265022277832,11727186.0,240907480.0954628,1.0
2023-06-13,20.55041503075364,20.736814070530706,20.19315168587508,20.66691398620605,13120189.0,271153817.54576683,1.0
2023-06-14,20.6669136932174,20.775646168607057,20.472748177671665,20.48051643371582,15144987.0,310177155.14191246,1.0
2023-06-15,20.666917350002045,21.342611757130285,20.534885416017207,21.29601287841797,27159908.0,578397750.5446472,1.0
2023-06-16,21.35814391328049,21.69210786438933,21.288243820208145,21.622209548950195,20133219.0,435324680.1129055,1.0
2023-06-19,21.59114139209259,22.13480383317101,21.5134748211862,21.785306930541992,27686343.0,603155480.0392628,1.0
2023-06-20,21.8940411629073,22.04160605951509,21.637741991788538,21.723175048828125,12732585.0,276592172.77908325,1.0
2023-06-21,21.781624350893203,21.96171661989894,21.56361896666065,21.601533889770508,15646594.0,337990430.5504799,1.0
2023-06-26,21.99962987137304,21.99962987137304,21.17500017534005,21.487791061401367,20132154.0,432595518.7679558,1.0
2023-06-27,21.59205529271616,21.77214575495418,21.231870752474,21.487791061401367,15011645.0,322567091.2479305,1.0
2023-06-28,21.487790743618994,21.78162416366248,21.32665593755327,21.762666702270508,13223428.0,287777056.2254715,1.0
2023-06-29,21.73423146645813,22.170242214091257,21.62996724077066,22.075458526611328,15421343.0,340433217.8211479,1.0
2023-06-30,22.075458932412896,22.227115004628143,21.89536666870117,21.89536666870117,12649062.0,276955850.5051346,1.0
2023-07-03,21.9427596313524,22.293465446146385,21.85745286039935,21.885889053344727,12215316.0,267343050.7275467,1.0
2023-07-04,21.88588887383664,22.35981457174062,21.876410142932592,22.208158493041992,16170517.0,359117404.4504299,1.0
2023-07-05,22.435642754842565,22.98539649561832,22.416685292913,22.51147079467773,23807526.0,535942426.2425308,1.0
2023-07-06,22.672603184229747,22.833737977658163,22.179720073991888,22.227113723754883,12186338.0,270867120.60211563,1.0
2023-07-07,22.39772740702664,22.66312644536764,22.1228514457833,22.274507522583008,16863473.0,375625556.1953754,1.0
2023-07-10,22.331377029418945,22.57781859438115,22.00910742969014,22.331377029418945,13486868.0,301180334.25400543,1.0
2023-07-11,22.13233017656866,22.39772740702664,22.103893984212576,22.274507522583008,10351699.0,230578997.247015,1.0
2023-07-12,22.558864408445373,22.84322093601058,22.426165780311543,22.625215530395508,20419566.0,461997081.7871361,1.0
2023-07-13,22.61573425302256,22.985395708576064,22.55886186918124,22.91904640197754,23809536.0,545691860.3935547,1.0
2023-07-14,22.84321733964369,23.137050744772605,22.36929167619832,22.39772605895996,18202612.0,407697117.1335373,1.0
2023-07-17,22.407204942601304,23.09913778996038,22.227114490934657,23.070701599121094,21763404.0,502096999.4651184,1.0
2023-07-18,23.01383269373469,23.193923158457167,22.93800465388232,23.184444427490234,23109738.0,535786436.3948593,1.0
2023-07-19,23.184443970880423,23.544628508997807,23.05174535572299,23.3171443939209,22336667.0,520827289.71792793,1.0
2023-07-20,23.31714409631801,23.55410693915075,22.881131525406605,22.96643829345703,18775151.0,431198346.8918381,1.0
2023-07-21,22.890610341979,23.05174514802536,22.65364749825689,22.8053035736084,13032289.0,297205306.9039974,1.0
2023-07-24,22.644168013968613,22.729474779500222,22.483033213284795,22.587297439575195,11873469.0,268189575.94257545,1.0
2023-07-25,22.80530276662808,22.81478149698751,22.27450652168037,22.539905548095703,19499179.0,439509652.9254112,1.0
2023-07-26,22.38825081825388,22.70104170730685,22.30294404779551,22.672605514526367,19328637.0,438230561.8344784,1.0
2023-07-27,22.70104175319872,23.00435391193804,22.407206517522315,22.46407890319824,14001930.0,314540460.31705856,1.0
2023-07-28,22.45459985128463,22.738954544067383,22.19867954305032,22.738954544067383,17749871.0,403613509.8320599,1.0
2023-07-31,22.890611553831206,23.13705314129503,22.663127428760703,23.051746368408203,20570476.0,474185395.4294281,1.0
2023-08-01,23.013832313922688,23.14653092950357,22.321899427820703,22.738954544067383,23713934.0,539230067.287014,1.0
2023-08-02,22.67260484714195,22.86217584433217,22.018586895507017,22.29346466064453,21513734.0,479615668.6475067,1.0
2023-08-03,22.246071157477417,22.60625569299203,22.17972185037815,22.59677696228028,16039494.0,362440868.5058327,1.0
2023-08-04,22.63469040142076,22.75791209455536,22.41668501557716,22.57781982421875,12791474.0,288803595.2581787,1.0
2023-08-07,22.55886164303609,23.032787322998047,22.51146979819309,23.032787322998047,17312214.0,398748543.1522293,1.0
2023-08-08,22.93800382447086,23.38349331650981,22.82426086486357,23.127573013305664,16535656.0,382429591.4629059,1.0
2023-08-09,23.184445886636563,23.184445886636563,22.7484350820152,22.90009117126465,14822753.0,339442395.1091366,1.0
2023-08-10,22.93800493105065,23.193923438717853,22.90009000672478,23.11809539794922,10204579.0,235910430.81790924,1.0
2023-08-11,22.95695925053304,23.07070220901413,22.359813690185547,22.359813690185547,14122155.0,315768754.7039223,1.0
2023-08-14,22.283986062136577,22.47355525256789,22.02806575677713,22.17972183227539,9942285.0,220517115.67720413,1.0
2023-08-15,22.189200477211955,22.61573431782904,22.132329901090685,22.340856552124023,11803875.0,263708678.13420296,1.0
2023-08-16,22.35033584083657,22.435642611089936,21.99015310589809,22.208158493041992,9433896.0,209509457.57487488,1.0
2023-08-17,22.037544528114715,22.217636796057093,21.81006041444788,21.971195220947266,11268920.0,247591641.24923703,1.0
2023-08-18,22.075459538705875,22.17024323053136,21.81006050109864,21.81006050109864,7816945.0,170488043.38376045,1.0
2023-08-21,21.810061242065583,22.028066633283487,21.61101150512696,21.61101150512696,12624820.0,272835130.27015686,1.0
2023-08-22,21.65840272728306,22.113370920767057,21.65840272728306,21.904844284057617,17007849.0,372554283.95176506,1.0
2023-08-23,21.952237546062104,22.10389362036544,21.393005094112432,21.45935440063477,13757886.0,295235351.47753143,1.0
2023-08-24,21.421440320680343,21.686837534810003,21.336133556743544,21.516225814819336,9613970.0,206856349.49689865,1.0
2023-08-25,21.34561431506513,21.601534631191395,21.30769939065394,21.402484893798828,12416143.0,265736312.9967461,1.0
2023-08-28,22.160765067946105,22.28398676309133,21.535183284867013,21.6773624420166,19182091.0,415817139.0027447,1.0
2023-08-29,21.56361879957833,22.2934647928406,21.56361879957833,22.17972183227539,18611223.0,412791749.0984459,1.0
2023-08-30,22.27450664887549,22.558861329750503,22.1891998830364,22.42616271972656,13475615.0,302206334.73838806,1.0
2023-08-31,22.435642477272182,22.729475902012823,22.2745076686306,22.57781982421875,16783645.0,378938112.8036499,1.0
2023-09-01,22.46407922548732,22.54938599734202,21.9143254779143,22.02806663513184,10732515.0,236416555.582552,1.0
2023-09-04,22.1702430158772,22.36929274412617,22.103893709088545,22.340856552124023,14633344.0,326921439.1818848,1.0
2023-09-05,22.34085571192192,22.42616247683709,22.17972091240248,22.283985137939453,10607300.0,236372915.5536652,1.0
2023-09-06,22.14180834831138,22.302943151828075,22.056501581280013,22.151287078857425,7244428.0,160473404.35011292,1.0
2023-09-07,22.103893923100305,22.198679422808823,21.762666847302857,21.81006050109864,12141870.0,264814919.2964745,1.0
2023-09-08,21.89536647465881,21.99015197092408,21.677361098766795,21.800580978393555,6901630.0,150459543.6979103,1.0
2023-09-11,21.69631588817176,22.11337097040979,21.69631588817176,21.95223617553711,13608050.0,298727127.48851776,1.0
2023-09-12,21.866932565985245,22.04702484689981,21.81954071684712,21.990154266357425,9148525.0,201177476.0596276,1.0
2023-09-13,21.99962925742991,21.99962925742991,21.487790461742104,21.573097229003903,12790121.0,275922523.9037247,1.0
2023-09-14,21.59205617919841,21.895368346876328,21.554141254297107,21.75319099426269,12429879.0,270389531.922575,1.0
2023-09-15,21.75319108035953,21.84797477722168,21.20343732229665,21.84797477722168,36628060.0,800248931.0185623,1.0
2023-09-18,21.554140504280515,21.611011081770425,21.288741462855832,21.374048233032227,21068882.0,450327300.0840645,1.0
2023-09-19,21.37404684357811,21.46883233848832,21.165520201082007,21.449874877929688,11893884.0,255122323.61260983,1.0
2023-09-20,21.506747701559146,21.506747701559146,21.032822025152093,21.061256408691406,13419739.0,282636564.016716,1.0
2023-09-21,20.928558303763083,21.203436070508108,20.881166458129883,20.881166458129883,16338935.0,341176021.4835644,1.0
2023-09-22,21.06125817075389,21.592056274414062,20.900123354979044,21.592056274414062,23928696.0,516669750.6053467,1.0
2023-09-25,21.753189346586623,21.753189346586623,21.40248354934598,21.52570343017578,12719771.0,273802018.2457504,1.0
2023-09-26,21.57309857669402,21.734233390712205,21.250828948657645,21.288742065429688,10195962.0,217059205.1269226,1.0
2023-09-27,20.966474021452672,21.393006071971136,20.767424284904248,20.89064598083496,19988761.0,417578129.6465206,1.0
2023-09-28,21.0612579482399,21.099172872907825,20.90960186533444,21.03282356262207,11915161.0,250609479.03323555,1.0
2023-10-09,21.03282184951457,21.4024832955026,20.91907889265819,21.12760734558105,14883827.0,314459652.65555763,1.0
2023-10-10,21.3835270542571,21.3835270542571,21.04230177999316,21.2129135131836,10701579.0,227011669.78150177,1.0
2023-10-11,21.40248447094301,21.60153420440289,21.156042890788576,21.1655216217041,18658202.0,394910577.8531227,1.0
2023-10-12,21.468831967205755,21.48778942743653,21.18447729527571,21.42144012451172,10610238.0,227286578.02381897,1.0
2023-10-13,21.18447870170575,21.26978547052483,20.88116654940814,20.975950241088867,11501593.0,241256842.46125603,1.0
2023-10-16,20.95699599747068,21.023345309264386,20.539940856060444,20.64420509338379,13418675.0,277017878.7814617,1.0
2023-10-17,20.757943754313025,21.042300237890583,20.56837457314425,20.985427856445312,9929855.0,208382255.7274628,1.0
2023-10-18,20.852730733024064,21.18447908353515,20.814815809361967,21.1655216217041,15770341.0,333787493.4171467,1.0
2023-10-19,21.09917250078121,21.421442123242223,21.04230192266547,21.26030731201172,20296054.0,431500345.2611847,1.0
2023-10-20,21.231872106709385,21.30770015035222,20.833774425613694,20.94751739501953,13088621.0,274174116.07431793,1.0
2023-10-23,20.90012181034824,20.90012181034824,20.378804284366485,20.530460357666016,13688456.0,281030303.2656555,1.0
2023-10-24,20.179757739166465,20.520983023366192,19.904879957681253,20.454633712768555,19390842.0,396632570.4921684,1.0
2023-10-25,20.720031825975152,21.02334397949451,20.37880474932436,20.558897018432617,18048247.0,371052051.4362354,1.0
2023-10-26,20.52098274409809,20.994908450926605,20.43567597223831,20.938037872314453,17477011.0,365934318.2128563,1.0
2023-10-27,20.80533816814557,21.449875577204708,20.80533816814557,21.36457061767578,13728195.0,293296991.5307236,1.0
2023-10-30,21.25083020299838,21.5257061914405,21.165523425372115,21.326658248901367,10655325.0,227242474.80597496,1.0
2023-10-31,21.32665638643781,21.47831246499961,21.13708538429403,21.374048233032227,11819885.0,252638792.0988941,1.0
2023-11-01,21.26030616115108,21.592054496653738,21.04230078360588,21.47831153869629,17181699.0,369033883.8861065,1.0
2023-11-02,21.658404600686275,21.74371137032873,21.43092048426741,21.487791061401367,8730197.0,187592649.06087303,1.0
2023-11-03,21.46883420363532,21.62996901661669,21.34561431506513,21.402484893798828,10773249.0,230574298.97963333,1.0
2023-11-06,21.440398424632463,21.80058114371224,21.40248350268565,21.47831153869629,17094062.0,367151589.09778976,1.0
2023-11-07,21.440399169921875,21.535182862317704,21.28874128474584,21.440399169921875,8721977.0,187002668.4308777,1.0
2023-11-08,21.43092136864791,21.54466252760952,21.279265284777008,21.33613586425781,9192152.0,196125003.9569092,1.0
2023-11-09,21.46883359972903,21.525704176862984,21.25082821414634,21.487791061401367,9282095.0,199451717.97207832,1.0
2023-11-10,21.34561347961425,21.535182670601333,21.31717728741884,21.34561347961425,8225276.0,175573562.25914764,1.0
2023-11-13,21.411964330912305,21.52570549213004,21.08969469432345,21.156044006347656,13466301.0,284893656.55872345,1.0
2023-11-14,21.26030503261455,21.38352490663497,20.786379380734186,20.862207412719727,16438644.0,342946400.71186066,1.0
2023-11-15,20.99490826766645,21.468833970358165,20.909601496551293,21.26030731201172,22606132.0,480613313.4559021,1.0
2023-11-16,21.203436681070915,21.307699106042843,20.8716883284366,21.05177879333496,21627281.0,455292735.5132961,1.0
2023-11-17,20.900120131435244,21.12760603099353,20.86220702009744,21.042299270629883,14890837.0,313337448.5441685,1.0
2023-11-20,21.13708598257529,21.402485031512043,21.032823555539835,21.288742065429688,11938021.0,254145449.8406829,1.0
2023-11-21,21.44987531871455,21.44987531871455,21.05177767821731,21.061256408691406,17427774.0,367050816.8467255,1.0
2023-11-22,20.94751613503028,21.175000252275662,20.90960121154785,20.90960121154785,8870296.0,185474351.9883881,1.0
2023-11-23,20.8811675228333,21.118130378847773,20.8811675228333,21.08021545410156,10169017.0,214365069.3164215,1.0
2023-11-24,21.042301635853285,21.08021475145265,20.89064555768969,20.90960121154785,7490477.0,156622886.95427132,1.0
2023-11-27,20.862210619935944,20.985430512899367,20.710554532650267,20.94751739501953,11560351.0,242160653.66503143,1.0
2023-11-28,20.98542728674015,20.98542728674015,20.738985730816413,20.862207412719727,11186030.0,233365277.98490524,1.0
2023-11-29,20.919078908122923,20.919078908122923,20.65368168840012,20.757944107055664,10620972.0,220469543.1386032,1.0
2023-11-30,20.82429249278551,21.127606428610573,20.738985730816413,20.862207412719727,14546772.0,303477774.64954376,1.0
2023-12-01,20.862210761165144,20.87168949267006,20.42619815135481,20.83377456665039,22145409.0,461372458.79227066,1.0
2023-12-04,20.8337734510095,21.01386572419271,20.75794541091389,20.84325218200684,13287020.0,276944708.60736847,1.0
2023-12-05,20.95699333527793,20.95699333527793,20.473588943481445,20.473588943481445,14837532.0,303777531.10375214,1.0
2023-12-06,20.42619761473628,20.568376775691668,20.29349899291992,20.29349899291992,13638382.0,276770491.3820572,1.0
2023-12-07,20.27453942957049,20.340888733603585,20.09444897801864,20.198711395263672,15126825.0,305542372.5016594,1.0
2023-12-08,20.19871134715697,20.33141176279005,20.037576548653384,20.15131950378418,18910088.0,381063225.1326752,1.0
2023-12-11,19.1465983960447,20.25558457119581,19.03285543618276,20.20819091796875,21046813.0,425318015.3187866,1.0
2023-12-12,20.11340634338554,20.17027872987068,19.904879683256013,20.103927612304688,11457429.0,230339323.23912048,1.0
2023-12-13,20.094449744645864,20.113405398033542,19.791135787963867,19.791135787963867,12971929.0,256729208.2708264,1.0
2023-12-14,19.791137735260094,20.18923542169928,19.762703348439345,19.99966621398925,16399693.0,327988386.01189613,1.0
2023-12-15,20.09444897151898,20.236626309812905,19.573129653930664,19.573129653930664,22381994.0,438085670.4754982,1.0
2023-12-18,19.601567339063408,19.952271346398728,19.38356194986761,19.753223419189453,17324346.0,342211677.1293411,1.0
2023-12-19,19.73426641546813,20.17027901186781,19.639480911217493,20.037578582763672,15324768.0,307071243.0626221,1.0
2023-12-20,19.88592273643718,20.217671101331977,19.88592273643718,19.923837661743164,10987861.0,218920358.8137989,1.0
2023-12-21,19.86696384626594,20.26506149395821,19.81957200092189,20.20819091796875,15467705.0,312574335.7028198,1.0
2023-12-22,20.19871229232285,20.53046063510478,19.980706909994133,20.464111328125,17868949.0,365672161.6525879,1.0
2023-12-25,20.520982554066528,20.62524678712587,20.28401970284663,20.42619705200196,9438690.0,192796541.85276031,1.0
2023-12-26,20.426195046570022,20.45463123676248,20.170276566369605,20.331411361694336,7397009.0,150391632.82515526,1.0
2023-12-27,20.388284122931744,20.56837639771815,20.16080000061985,20.52098274230957,14231151.0,292037204.0742016,1.0
2023-12-28,20.52098159000551,20.81481500550684,20.42619609239389,20.73898696899414,17767488.0,368479702.10375977,1.0
2023-12-29,20.85273183258948,21.175001469178333,20.738988863488583,21.156044006347656,25305967.0,535374151.4751816,1.0
2024-01-02,21.061258556542207,21.156044063066545,20.84325315705444,20.94751739501953,16461818.0,344834218.90864563,1.0
2024-01-03,20.94751595904804,21.288741228107924,20.86220918981231,21.23187065124512,16604748.0,352549861.73252106,1.0
2024-01-04,21.411963247063703,21.421441977999244,20.956995009456403,21.2129135131836,22272368.0,472461816.11779785,1.0
2024-01-05,21.127609066408763,21.34561445959998,20.871688748549623,21.03282356262207,18225288.0,383329266.88197327,1.0
2024-01-08,21.25082886141086,21.25082886141086,20.767424421340948,20.77690315246582,18938484.0,393483047.9225235,1.0
2024-01-09,20.94751537812457,20.94751537812457,20.492547160073368,20.69159507751465,18348858.0,379667139.8708153,1.0
2024-01-10,20.634724113912693,20.81481456690871,20.42619566198452,20.50202369689941,14152249.0,290149744.36242104,1.0
2024-01-11,20.426198287249186,20.558898721317707,19.96175128771734,19.99966621398925,19867388.0,397341128.5438156,1.0
2024-01-12,19.84800757240205,20.05653421643348,19.53521670241344,19.876441955566406,23684409.0,470761780.7403946,1.0
2024-01-15,19.724786904749667,20.24610625358456,19.724786904749667,20.0280990600586,16008800.0,320625832.232666,1.0
2024-01-16,20.11340485750204,20.23662654456702,19.73426468169239,20.084970474243164,21713424.0,436113479.9347229,1.0
2024-01-17,20.07549299619897,20.132363574147348,19.70583152770996,19.70583152770996,22696420.0,447251828.8021469,1.0
2024-01-18,19.71530722093117,20.274539658206503,19.34564577550213,20.084970474243164,37757692.0,758362128.9955673,1.0
2024-01-19,19.980708241819,20.151321789929646,19.77218157628551,19.923837661743164,31233287.0,622286939.8306332,1.0
2024-01-22,19.84800747684877,20.11340469381417,19.535216608366014,19.781658172607425,30191319.0,597234352.2381477,1.0
2024-01-23,19.58261202278759,19.895402948306145,19.288778561332776,19.478347778320312,28078895.0,546930482.0409393,1.0
2024-01-24,19.658437213986502,19.658437213986502,19.18451152857348,19.582609176635746,25308362.0,495603761.9468193,1.0
2024-01-25,19.620523579143786,20.17975601773744,19.478344430982403,20.132362365722656,26942518.0,542416535.4210052,1.0
2024-01-26,20.084970003952563,20.18923241993205,19.819570983158663,20.05653381347656,22494135.0,451154379.2324066,1.0
2024-01-29,20.084970760841408,20.426196019997647,20.018621455113333,20.27453994750977,23723315.0,480979297.6548576,1.0
2024-01-30,20.18923519392268,20.42619805679916,19.82905243781903,19.85748863220215,25162136.0,499656829.5819245,1.0
2024-01-31,20.09445041131853,20.227149028849865,19.772180790556927,19.91435813903809,25671749.0,511236403.6414928,1.0
2024-02-01,19.81009324923456,20.227148357774663,19.74374394267016,19.791135787963867,25127533.0,497302417.6195431,1.0
2024-02-02,19.791134977845164,19.91435666317775,19.146597591971943,19.52573776245117,23799870.0,464710020.4004288,1.0
2024-02-05,19.582609241815423,20.30297650298689,19.307733283460124,20.04705619812012,30030593.0,602024985.5338726,1.0
2024-02-06,19.857486076024745,21.06125589048941,19.829049885302105,20.985427856445312,35899489.0,753366136.4927521,1.0
2024-02-07,21.051778525307164,21.27926445007324,20.805338754596185,21.27926445007324,37109660.0,789666268.792305,1.0
2024-02-08,21.174999797878552,21.753189713396697,21.09917176042396,21.298219680786133,34146655.0,727262959.5540142,1.0
2024-02-19,21.6110106213258,21.639446813406423,21.203436048801663,21.50674819946289,25490556.0,548218969.356308,1.0
2024-02-20,21.516227210851863,21.74371132681549,21.35509240272558,21.69631767272949,13293062.0,288410495.99528885,1.0
2024-02-21,21.364570195469625,21.75318910249609,21.364570195469625,21.383525848388672,26169995.0,559606764.5347023,1.0
2024-02-22,21.2508276211,21.658403996265708,21.18447831498148,21.573097229003903,16230743.0,350147396.83797455,1.0
2024-02-23,21.34561564996763,21.60153598209852,20.97595234537305,21.53518486022949,28060077.0,604278945.3872738,1.0
2024-02-26,21.53518151562849,21.933279145598554,21.44987475150041,21.563617706298828,17878872.0,385533160.8278504,1.0
2024-02-27,21.49727131709328,21.75319164417372,21.42144327290832,21.71527671813965,12302672.0,267155926.8525085,1.0
2024-02-28,21.8005829386414,21.84797478709389,21.44040018990633,21.592056274414062,20668842.0,446282799.5909729,1.0
2024-02-29,21.573097570059552,22.009108335950224,21.55414010861656,21.971195220947266,19352131.0,425189448.1423454,1.0
2024-03-01,21.829017646706387,22.17972164030456,21.734232148369607,22.084936141967773,17136416.0,378456653.0621948,1.0
2024-03-04,22.084934172788447,22.84321628398825,22.07545725089448,22.615732192993164,26195727.0,592435546.4327602,1.0
2024-03-05,22.464078779041724,23.392972712017755,22.42616385546733,23.250795364379883,36405649.0,846460295.0064411,1.0
2024-03-06,23.25079651244816,24.14177556584419,23.25079651244816,23.70576477050781,39481960.0,935950056.4385986,1.0
2024-03-07,23.705762994726125,23.81950414677919,23.47827888273697,23.59202003479004,24403436.0,575726351.0297165,1.0
2024-03-08,23.383494124649744,23.734199938333283,23.212880583283862,23.554107666015625,31532701.0,742724634.3542786,1.0
2024-03-11,23.55410757606551,24.00907581271501,23.478279536623926,23.71524238586425,26216725.0,621735987.9385471,1.0
2024-03-12,23.89533141462568,23.923767605664743,23.34557770971777,23.37401390075684,25055950.0,585658123.5966682,1.0
2024-03-13,23.03278706496604,23.61097696656483,22.97591649021495,23.260272979736328,25722781.0,598318907.857975,1.0
2024-03-14,23.32662414946201,23.32662414946201,22.93800520981452,23.051746368408203,26987483.0,622108613.2377281,1.0
2024-03-15,22.938005261376635,23.09914007631584,22.52095012720166,22.84321975708008,28718455.0,656021978.6488152,1.0
2024-03-18,22.90956645235461,23.364534651578925,22.748431655810634,23.298185348510746,24930558.0,580836761.1257973,1.0
2024-03-19,23.31714429004217,23.364536135849256,23.013832137957564,23.06122398376465,16921073.0,390220654.4986324,1.0
2024-03-20,23.19392191360049,23.39297163745657,22.93800342276122,23.30766487121582,20055686.0,467451208.0503349,1.0
2024-03-21,23.506713585876803,23.60149908579628,23.23183762478168,23.3171443939209,18583650.0,433317650.4160881,1.0
2024-03-22,23.37401557593741,23.38349430696309,22.994875374325577,23.23183822631836,24159291.0,561264740.1745491,1.0
2024-03-25,23.38349435139538,23.468801122905525,23.17496769208341,23.27923011779785,16139254.0,375709407.7955895,1.0
2024-03-26,23.15600995316079,23.506713958169225,23.03278825894901,23.08966064453125,16870983.0,389545272.20965576,1.0
2024-03-27,23.10861539695508,23.203400894677795,22.82426071166992,22.82426071166992,20520987.0,468376357.3487892,1.0
2024-03-28,22.82426118017112,23.17496698657902,22.65364764234473,22.852697372436523,19474482.0,445044443.6309624,1.0
2024-03-29,22.8526962263354,23.17496582431553,22.795823844656827,23.070701599121094,5068740.0,116939388.02352904,1.0
2024-04-01,23.08966036624241,23.62045663676434,23.004353596780284,23.156009674072266,18680115.0,432556923.6527824,1.0
2024-04-02,23.118092921970856,23.18444222455193,22.814780791381448,22.994873046875,26185530.0,602132938.0151367,1.0
2024-04-03,22.862176040102945,22.985395923813616,22.36929288949419,22.38825035095215,23848524.0,533926725.81269073,1.0
2024-04-08,22.397729585190056,23.108618192278247,22.369295197951782,22.625215530395508,26117141.0,590905944.1627293,1.0
2024-04-09,22.71999693334834,22.77686931783811,22.31242235846988,22.43564224243164,14554320.0,326535516.6018677,1.0
2024-04-10,22.46407884906456,22.549385619489804,22.19867980686568,22.255550384521484,12868477.0,286395038.2455559,1.0
2024-04-11,22.227116240076224,23.33610245971777,22.17024385392213,23.23183822631836,32581167.0,756920400.9686623,1.0
2024-04-12,23.127573582157687,23.74367662481989,23.10861612044302,23.41193008422852,29183912.0,683251707.3282776,1.0
2024-04-15,23.184442942904155,24.13229428430596,23.184442942904155,23.79106903076172,33648955.0,800544611.2179947,1.0
2024-04-16,23.6109770434651,24.03751087519489,23.468799702182828,23.724720001220703,26575417.0,630494327.2406807,1.0
2024-04-17,23.47827886469712,24.359780927904666,23.39297209678136,24.217601776123047,30488382.0,738355494.0743179,1.0
2024-04-18,24.17021077191464,24.928491171017548,24.09438273200434,24.6915283203125,36956470.0,912511725.6237792,1.0
2024-04-19,24.45456344394971,24.6820493527202,24.009073972363595,24.1796875,24712642.0,597543960.859375,1.0
2024-04-22,24.34082393728254,24.577786784323244,24.122818551897023,24.24603843688965,18513153.0,448870619.2260189,1.0
2024-04-23,24.264994911741475,24.454564096934853,23.8100266978178,24.14177322387696,22786434.0,550104922.2088394,1.0
2024-04-24,24.24603692122093,24.54934905721109,24.141772696518213,24.43560791015625,19361846.0,473118477.2728272,1.0
2024-04-25,24.21760350988808,24.38821705793402,23.80055017897928,23.866899490356445,18976847.0,452918499.9928722,1.0
2024-04-26,23.98064038498938,24.046991503515155,22.767391715219457,22.84321975708008,54504276.0,1245053154.3685455,1.0
2024-04-29,22.74843345381486,22.9853963022921,22.32189960340261,22.41668510437012,53012375.0,1188361717.0097828,1.0
2024-04-30,22.41668613481691,22.55886348886223,21.70579755670718,22.312423706054688,56449843.0,1259532815.1562653,1.0
2024-05-06,22.75791246308066,22.7958255792016,21.7342330174524,21.93328094482422,87235636.0,1913363712.7884216,1.0
2024-05-07,21.93327844368007,22.26502675935219,21.77214365080406,22.018585205078125,40712512.0,896431914.3847656,1.0
2024-05-08,21.75319099426269,22.02806696826464,21.677362952343216,21.75319099426269,34769573.0,756349162.2579594,1.0
2024-05-09,21.74371051479563,22.274506765554808,21.74371051479563,22.056501388549805,39709678.0,875856567.9458656,1.0
2024-05-10,22.056502736153824,22.37877236006118,21.7816249595751,22.18920135498047,47501804.0,1054027093.6808168,1.0
2024-05-13,22.19868026735,23.0801823747745,22.03754545408011,22.956960678100582,76983667.0,1767311016.1749897,1.0
2024-05-14,22.95696095932765,23.19392381657544,22.60625694301548,22.89061164855957,48193811.0,1103185811.4650784,1.0
2024-05-15,22.88113187635588,23.127573453627782,22.29346502953158,22.3218994140625,30570449.0,682390487.6207275,1.0
2024-05-16,22.160764499772203,22.27450746099904,21.78162430882117,21.81006050109864,49555137.0,1080800536.1102314,1.0
2024-05-17,21.800579592675284,21.94275692409442,21.6773597208808,21.876407623291016,26335274.0,576121188.8950577,1.0
2024-05-20,21.87641055175077,21.961717323598307,21.516227810081325,21.61101150512696,55638283.0,1202399574.0385094,1.0
2024-05-21,21.5351837963822,21.611011838317648,21.26978655354969,21.33613586425781,34750783.0,741447427.4773407,1.0
2024-05-22,21.317178258921054,21.42144249383962,21.18447963839424,21.288742065429688,28459946.0,605876449.5900574,1.0
2024-05-23,21.27926519325294,21.27926519325294,20.994908681305706,21.08021545410156,24408130.0,514528639.23172,1.0
2024-05-24,21.042302337238468,21.497270586894302,20.994908681305706,21.08021545410156,40391248.0,851456210.3000488,1.0
2024-05-27,21.09917119864337,21.91432393548846,21.08969246822855,21.800580978393555,64724092.0,1411022808.8989944,1.0
2024-05-28,21.76266605673426,22.018586354285578,21.70579548212829,21.800580978393555,35064920.0,764435627.9608917,1.0
2024-05-29,21.70579798663113,22.009110163370977,21.525705703735653,21.71527671813965,27907355.0,606015936.2963581,1.0
2024-05-30,21.80058232657634,22.274508029328,21.80058232657634,21.93328094482422,41924443.0,919540586.7742692,1.0
2024-05-31,21.952238930968736,21.99963077922222,21.33613586425781,21.33613586425781,47232503.0,1007759101.2169648,1.0
2024-06-03,21.23187070998505,21.847973750038573,21.11812955594476,21.69631767272949,35147189.0,762564577.8474636,1.0
2024-06-04,21.639446509843445,22.900088748271497,21.58257593436301,22.82426071166992,66963742.0,1528397905.637001,1.0
2024-06-05,22.82426253074539,23.22236020660247,22.492514166217298,22.568342208862305,47818313.0,1079180051.634489,1.0
2024-06-06,22.4640793208865,23.174967884105907,22.4640793208865,22.70104217529297,33721139.0,765504998.6379166,1.0
2024-06-07,22.748433318146223,22.89061066480804,22.3692931244204,22.53042793273925,27531870.0,620304812.888546,1.0
2024-06-11,22.36929214512816,22.70104047807098,22.32189849306034,22.42616271972656,23224933.0,520846126.6127472,1.0
2024-06-12,22.47355563665068,22.63469044560682,22.20815840393448,22.369293212890625,25033303.0,559977294.8941345,1.0
2024-06-13,22.45459821049896,23.06122247497966,22.369291447321,22.88113021850586,39248372.0,898047110.5963593,1.0
2024-06-14,22.97808646871771,23.491941210783462,22.70661474796141,23.171993255615234,41701110.0,966297839.671669,1.0
2024-06-17,23.16229779647646,24.20940037044683,23.08473471133976,23.9476261138916,64599176.0,1546996914.1134796,1.0
2024-06-18,23.89914799895929,24.16092410442543,23.61798250917144,24.044578552246094,30518163.0,733796367.5237503,1.0
2024-06-19,24.044577388550167,24.286962248713976,23.64706636582149,23.773107528686523,25170511.0,598381264.554987,1.0
2024-06-20,23.79250010600023,24.005798129269444,23.55980899975221,23.782804489135746,24592587.0,584880688.5030613,1.0
2024-06-21,23.928236551868697,24.02519087737504,23.462858008538173,23.82158660888672,29183560.0,695198702.0956421,1.0
2024-06-24,23.753718060182656,24.33544213762893,23.666459356103218,24.03488540649414,36108937.0,867874162.9453163,1.0
2024-06-25,24.02518930940907,24.122141779338016,23.38529339177891,23.58889579772949,31585377.0,745064166.7850018,1.0
2024-06-26,23.540419778177068,23.7246309521276,23.268948051842298,23.617982864379883,19420021.0,458661723.2038975,1.0
2024-06-27,23.579201286849155,23.617983756039656,23.317425167563023,23.472551345825195,20846033.0,489309579.9492664,1.0
2024-06-28,23.472550496150728,24.43239623212144,23.41437864372063,24.199705123901367,41381508.0,1001420291.1823654,1.0
2024-07-01,24.17062072068988,24.25787942612016,23.80219466459539,24.09305763244629,21441416.0,516589271.409256,1.0
2024-07-02,23.91853996969692,24.03488552546201,23.37559835770953,23.67615509033203,24844385.0,588219512.3839188,1.0
2024-07-03,23.569504000996343,23.69554516769273,23.414377833716017,23.59859085083008,13134352.0,309952198.93878174,1.0
2024-07-04,23.705241241683183,24.335441539575108,23.61798253974817,23.9476261138916,23921012.0,572851451.6419144,1.0
2024-07-05,23.9476261138916,23.9476261138916,23.9476261138916,23.9476261138916,0.0,0.0,1.0
2024-07-08,23.87975738315858,24.35483337170212,23.85067238129868,24.03488540649414,27935394.0,671423993.575264,1.0
2024-07-09,23.97671119035543,24.509959020438945,23.753717551043145,24.4323959350586,29455803.0,719675841.4810867,1.0
2024-07-10,24.40330958257009,24.67478131156616,23.734326801731505,23.937931060791016,29001772.0,694242418.7767792,1.0
2024-07-11,23.88945201008424,24.034884410355687,23.55980844150193,23.792499542236328,24418671.0,580981218.5895195,1.0
2024-07-12,23.85067269260814,23.85067269260814,23.385294164276736,23.608287811279297,25651286.0,605582942.6174393,1.0
2024-07-15,23.588896529962145,23.695546469294342,23.17199423902705,23.414379119873047,23673495.0,554300187.022419,1.0
2024-07-16,23.4240739834528,23.627678238423325,23.084734791335144,23.491941452026367,22602444.0,530975291.1207047,1.0
2024-07-17,23.49194258042045,23.54042066690857,22.99747719374105,23.472551345825195,22828834.0,535850978.23032,1.0
2024-07-18,23.47255084398499,24.27727041923384,23.3465115203104,23.967016220092773,33599084.0,805269791.2082596,1.0
2024-07-19,23.89914799895929,24.11244786974644,23.38529325406258,24.044578552246094,37259782.0,895895755.1385651,1.0
2024-07-22,24.034885331829265,24.335442062030378,23.67615489958934,23.74402236938477,27925843.0,663071840.875927,1.0
2024-07-23,23.850670892402487,23.976710207510315,23.09442945400628,23.34650993347168,27745190.0,647753353.9410591,1.0
2024-07-24,23.230165912456428,23.540420110902733,23.14290905733857,23.288339614868164,16556364.0,385570227.61937714,1.0
2024-07-25,23.26894794912251,23.32711980120536,22.87143690293165,23.230165481567383,21025125.0,488417133.0206394,1.0
2024-07-26,23.15260265237128,23.74402234439444,22.99747647893076,23.64706802368164,23183368.0,548218680.1140442,1.0
2024-07-29,23.89914737895512,24.23848656065424,23.530723196903075,23.66645812988281,23217847.0,549484203.8915253,1.0
2024-07-30,23.521029035485167,23.550115886887312,23.045954891416105,23.31742477416992,19558811.0,456061104.1647072,1.0
2024-07-31,23.230165912456428,23.511333259696865,22.81326547400489,23.288339614868164,29776630.0,693448272.0262718,1.0
2024-08-01,23.26894754582726,23.65676296840775,23.03625829227896,23.07503890991211,24819536.0,572711758.9259644,1.0
2024-08-02,23.06534495536262,23.34651044098432,22.803568853775324,22.948999404907227,15673810.0,359698256.36262894,1.0
2024-08-05,22.9780871929328,23.26894830707124,22.84235040365164,22.99747657775879,21814846.0,501686409.932415,1.0
2024-08-06,23.055651646717543,23.17199535956979,22.532099391132505,22.81326675415039,26144132.0,596433057.3717194,1.0
2024-08-07,22.832654810908853,23.29803518297536,22.832654810908853,23.09443092346192,23185707.0,535460708.72312737,1.0
2024-08-08,22.98778115216824,23.162298561804672,22.64844379926393,22.92960929870605,21925699.0,502747711.6710301,1.0
2024-08-09,22.8811342281892,23.29803653928469,22.716312427273536,22.81326675415039,12349694.0,281736863.5541305,1.0
2024-08-12,22.97808855506605,23.12351912075635,22.793875518925024,22.81326675415039,10114232.0,230738672.629364,1.0
2024-08-13,22.8132646554514,23.317423780181144,22.793873422009927,23.07503890991211,19312099.0,445627435.85707474,1.0
2024-08-14,23.239863593947128,23.239863593947128,22.638750076293945,22.638750076293945,19256158.0,435935348.39162827,1.0
2024-08-15,22.59996460279084,23.026562488794227,22.32849473381123,22.948999404907227,15839369.0,363497669.755106,1.0
2024-08-16,22.910215377807617,23.036256536319808,22.73569983788635,22.910215377807617,16088000.0,368579544.99816895,1.0
2024-08-19,22.96839141845703,23.21077629499425,22.83265463010629,22.96839141845703,11026899.0,253270132.3637924,1.0
2024-08-20,23.10412570621916,23.10412570621916,22.512706032381367,22.68722343444824,15935713.0,361537081.4182415,1.0
2024-08-21,22.67752896848894,22.78417890833045,22.503011557566424,22.764787673950195,13108932.0,298422053.6122513,1.0
2024-08-22,22.75509098237334,23.29803442388594,22.638747280084782,23.171993255615234,18783318.0,435246918.0140762,1.0
2024-08-23,22.98778251638806,23.443467301759306,22.910219424085504,23.0362606048584,13407652.0,308862165.5712509,1.0
2024-08-26,23.0362594307518,23.162298755850763,22.73570269455436,22.86174201965332,12518111.0,286185824.25538445,1.0
2024-08-27,22.745396042084906,22.88113283112474,22.41575430963065,22.60966110229492,15359145.0,347265063.27100754,1.0
2024-08-28,22.696919023042778,22.92960827576056,22.28971236847421,22.59026908874512,17793106.0,401951052.4645653,1.0
2024-08-29,22.590271437181222,23.10412807946689,22.1539797364481,23.0362606048584,26868228.0,618943502.1987534,1.0
2024-08-30,22.919913647278847,23.99610310559266,22.919913647278847,23.87006378173828,38075699.0,908869363.6642684,1.0
2024-09-02,23.831281279327847,24.21909671669184,23.782805043126054,23.967016220092773,27099569.0,649495809.7805233,1.0
2024-09-03,23.89914773629738,24.69416981149412,23.811889035434344,24.568130493164062,27762439.0,682071224.1605072,1.0
2024-09-04,24.519655755974654,24.694171319105333,24.15122969667121,24.60691261291504,22284332.0,548348610.1611862,1.0
2024-09-05,24.65538894711736,24.70386518077812,24.03488427986069,24.442089080810547,22136314.0,541057758.7087936,1.0
2024-09-06,24.539043426579592,24.67478020964083,24.33544102586241,24.34513664245605,12574325.0,306123660.31165123,1.0
2024-09-09,24.60691105377164,24.626302287085235,24.063969465739383,24.37422180175781,27797852.0,677551010.260437,1.0
2024-09-10,24.42270144613396,24.50026453509638,24.20940156454988,24.413005828857425,20112718.0,491011901.7681656,1.0
2024-09-11,24.40330947465433,24.897774845326687,24.34513762200165,24.781429290771484,18380213.0,455487948.8088188,1.0
2024-09-12,24.820213317871094,25.256505014048045,24.723258991192893,24.820213317871094,20698319.0,513736692.9013443,1.0
2024-09-13,24.820211061011392,25.198330866499617,24.626302425286774,25.05290031433105,16936608.0,424311151.88690186,1.0
2024-09-18,25.052900526541745,25.576450888633268,24.96564182465152,25.275894165039062,16959919.0,428677117.69163513,1.0
2024-09-19,25.566758610208165,25.566758610208165,24.723258392556843,24.92686080932617,29890562.0,745077878.4865341,1.0
2024-09-20,24.868685366894606,25.11107021812993,24.63599613161865,24.955944061279297,23666506.0,590619999.8619308,1.0
2024-09-23,24.839604144656565,25.23711521317654,24.800821674922936,24.85899353027344,11659810.0,289851141.3542175,1.0
2024-09-24,25.266197353923843,25.295284202928933,24.471175306948645,24.907468795776367,37482682.0,933598732.2970084,1.0
2024-09-25,25.31467668151212,26.16787061923944,24.985033106895926,25.66370964050293,46398021.0,1190745338.8379574,1.0
2024-09-26,26.16787173634477,26.1775673535709,24.82021237916165,25.25650405883789,55381220.0,1398736007.7133942,1.0
2024-09-27,25.382545099037884,26.17756721486873,24.432396806910774,25.32437324523925,42836964.0,1084819265.0288773,1.0
2024-09-30,25.828531625922643,27.05984723177177,25.557061750097525,26.827157974243164,106252330.0,2850448042.041416,1.0
2024-10-08,29.51278305577372,29.51278305577372,26.66233639272514,27.05015182495117,119692401.0,3237697619.342937,1.0
2024-10-09,26.78837658058828,27.767611734391167,26.10970001456889,26.322998046875,90232262.0,2375183656.3911133,1.0
2024-10-10,26.35208474162819,27.137411243744623,26.07091739007113,26.29391288757324,69974789.0,1839911006.2923183,1.0
2024-10-11,26.371474132543952,26.41995036599265,25.557060835707315,25.83822631835937,32840639.0,848543862.9215393,1.0
2024-10-14,26.196956952508994,26.41995058703836,25.566756666154365,26.061220169067383,34782926.0,906485492.6103784,1.0
2024-10-15,25.9351830889209,26.02244179678624,25.12076971501105,25.14985656738281,40917227.0,1029062390.1850432,1.0
2024-10-16,24.96564257064217,25.479499180544565,24.7329533083986,25.198331832885746,26969657.0,679590366.5051098,1.0
2024-10-17,25.34376218205212,25.46980335384457,24.878383661395045,24.97533798217773,24798292.0,619345724.0807343,1.0
2024-10-18,25.062594905165994,25.906093182767,24.897773126321585,25.55706024169922,35149655.0,898321850.3099442,1.0
2024-10-21,25.73157769699105,25.73157769699105,25.01411688205069,25.101375579833984,41250110.0,1035434503.8194656,1.0
2024-10-22,25.11107323586856,26.15817584507138,25.11107323586856,25.877010345458984,38218219.0,988973248.4480172,1.0
2024-10-23,25.973963857797408,26.264824965467664,25.702492134521968,25.76066398620605,28542883.0,735283618.160593,1.0
2024-10-24,25.85761771049128,25.85761771049128,25.547365376311745,25.67340469360352,13681304.0,351245654.3282165,1.0
2024-10-25,25.775730489296667,25.795219231482147,25.43465240824968,25.629552841186523,20472950.0,524712553.8399696,1.0
2024-10-28,25.60031646201692,26.32145190139018,25.35668954903707,26.282470703125,33670341.0,884939750.8967285,1.0
2024-10-29,26.26298166296068,26.867175359368154,26.194764566775223,26.65278434753418,28938572.0,771293518.8415909,1.0
2024-10-30,26.604058322653053,26.954881674361506,25.98037401626101,26.224000930786133,26585685.0,697183028.1855869,1.0
2024-10-31,26.21425548747428,26.28247072577128,25.152041997268803,25.2982177734375,41988074.0,1062223439.939209,1.0
2024-11-01,25.29821948404359,26.05833617373428,25.17153429845812,25.86343574523925,29174209.0,754545279.8896809,1.0
2024-11-04,25.921904753434863,26.34094335474554,25.74649307300473,25.96088409423828,21931331.0,569356742.1233749,1.0
2024-11-05,25.82445271809896,26.34094244160224,25.70751098229084,26.31170654296875,26440596.0,695697202.7731934,1.0
2024-11-06,26.262983613537525,26.662531627240902,26.029100126696854,26.146041870117188,24034521.0,628407592.3942108,1.0
2024-11-07,26.155787326375577,26.672277086581342,26.155787326375577,26.565080642700195,23055186.0,612462875.3224525,1.0
2024-11-08,26.691765060243647,27.169273605760523,26.516353378477056,26.60405921936035,33213572.0,883615836.3744888,1.0
2024-11-11,26.165533255437456,26.574826581598444,26.155787954966243,26.331199645996094,28307607.0,745373251.4173965,1.0
2024-11-12,25.990119759023017,26.81845165427673,25.522356521253577,25.571081161499023,47752565.0,1221084715.2847576,1.0
2024-11-13,25.571083225442088,26.301964040471315,25.54184732369955,26.214258193969727,34427261.0,902485108.7651844,1.0
2024-11-14,25.990121225639687,26.4578844898049,25.688024349873736,25.74649429321289,23013253.0,592510587.0327644,1.0
2024-11-15,25.54184532165528,25.990119819607006,25.24949376204936,25.54184532165528,26045987.0,665262571.2038441,1.0
2024-11-18,25.54184568871517,25.980374893152,25.463885147784843,25.6490421295166,20266142.0,519807129.9607658,1.0
2024-11-19,25.65878850989087,26.058336531323377,25.45414277835392,25.71725845336914,15973900.0,410804914.8082733,1.0
2024-11-20,25.73674757392256,25.87317805376741,25.45414131442594,25.79521751403809,15357993.0,396162770.0140743,1.0
2024-11-21,25.873178619154288,26.107062102179043,25.727002836308262,26.06808090209961,22760920.0,593333503.966217,1.0
2024-11-22,26.15578595602866,26.16553125575509,25.14229708918958,25.152042388916016,27937454.0,702684027.2463913,1.0
2024-11-25,25.14229642858189,25.24949286403028,24.39192695662065,24.430906295776367,33095788.0,808560095.41288,1.0
2024-11-26,24.36269270494625,24.596574331866623,24.1775357199454,24.294477462768555,19687723.0,478302942.7167301,1.0
2024-11-27,24.29447854141472,24.39192968830641,23.963145757218587,24.362693786621094,20678426.0,503782160.6273041,1.0
2024-11-28,24.38218351311696,24.38218351311696,23.88518435465092,23.982635498046875,23129428.0,554704641.0023193,1.0
2024-11-29,24.148301054598857,24.34320147596911,23.885183534086824,24.05084991455078,19322189.0,464715067.6595841,1.0
2024-12-02,24.177535815942445,24.177535815942445,23.80722370319635,24.011869430541992,27331276.0,656275030.682106,1.0
2024-12-03,24.041105008557707,24.489377657907003,23.914419825527755,24.38218307495117,34934169.0,851771304.1292839,1.0
2024-12-04,24.36269150884232,24.44065204732157,23.992379415747287,24.255495071411133,19617089.0,475822205.5549336,1.0
2024-12-05,24.16779068723759,24.18728128771144,23.904675015744463,23.953399658203125,19715712.0,472258329.0820313,1.0
2024-12-06,23.97288892305024,24.362691617179948,23.904673683918272,24.226261138916016,20740560.0,502466222.727356,1.0
2024-12-09,24.22626097221921,24.4406519878339,24.08982863616819,24.284730911254883,17784077.0,431881524.450037,1.0
2024-12-10,24.65504560638333,24.79147795683808,24.187282327262583,24.27498817443848,28005637.0,679836506.9926167,1.0
2024-12-11,24.391927289198843,24.391927289198843,24.08008327807216,24.31396675109864,22852466.0,555634098.504612,1.0
2024-12-12,24.2262618837458,24.42116230743988,24.119065442542205,24.41141700744629,19644128.0,479541000.3556519,1.0
2024-12-13,24.177536283744843,24.33345737199437,23.80722416383372,23.83645820617676,31522781.0,751391451.8489628,1.0
2024-12-16,23.846203895584328,24.197027279232447,23.38818592371952,23.46614646911621,31457388.0,738183674.3438187,1.0
2024-12-17,23.39792949691069,24.119064953274627,23.339459556861154,23.885183334350582,25485741.0,608731596.1967754,1.0
2024-12-18,24.0216149622506,24.148302006926976,23.826714533194124,23.92416381835937,15264326.0,365186235.8008423,1.0
2024-12-19,23.904674360042705,24.499122788381804,23.709772078102265,24.44065284729004,27177087.0,664225748.7675991,1.0
2024-12-20,24.45039811755986,24.53810395845393,23.982634871942096,24.216516494750977,21964854.0,531912249.19579697,1.0
2024-12-23,24.13855690025896,24.469889676910853,24.0703416566058,24.08983039855957,19518015.0,470185671.0665417,1.0
2024-12-24,24.21651736494456,24.61606538394112,24.099575619974992,24.596574783325195,26496950.0,651734212.2050285,1.0
2024-12-25,24.596575423925533,24.79147771770891,24.265242639729404,24.362693786621094,14730853.0,358883260.8547287,1.0
2024-12-26,24.37243891522091,24.54785060664312,24.148302580059656,24.42116355895996,12464739.0,304403429.838747,1.0
2024-12-27,24.274985221701893,24.53810273122475,24.17753408572389,24.430906295776367,14578278.0,356160543.7717781,1.0
2024-12-30,24.39192880024596,24.830456157203628,24.362692899625056,24.46014404296875,17339245.0,424120430.2963257,1.0
2024-12-31,24.39192846245613,24.77198587163478,24.26524142024596,24.577083587646484,30603214.0,752137748.5286331,1.0
2025-01-02,24.557594239604583,24.60631888003509,23.45639952210661,23.602575302124023,34958507.0,825110793.9173298,1.0
2025-01-03,23.53436103260056,23.81696916318489,23.173794217602712,23.251754760742188,20012527.0,465326369.9467316,1.0
2025-01-06,23.43690879623493,23.53435993529705,23.02761549915473,23.18353843688965,19349689.0,448594258.6733608,1.0
2025-01-07,23.17379385312057,23.53436066244735,23.027616210647945,23.14455795288086,17162707.0,397223266.789814,1.0
2025-01-08,23.15430365489258,23.251754798657323,22.696285695542034,22.99838256835937,18787600.0,432084412.3413086,1.0
2025-01-09,22.949656380211664,23.44665554733896,22.75475594874916,23.10557746887207,19512873.0,450856198.74176216,1.0
2025-01-10,23.24200990702399,23.24200990702399,22.85220718383789,22.85220718383789,12794465.0,292381764.98636246,1.0
2025-01-13,22.745010120349285,23.01787294853357,22.49163789247658,22.60857963562012,16463640.0,372219516.0321808,1.0
2025-01-14,22.60857898333116,23.261499205123865,22.30648026339546,23.09583282470703,22053864.0,509352356.0828247,1.0
2025-01-15,22.998381571130984,23.154302650903325,22.62806761262726,22.64755821228028,18797470.0,425716796.0685921,1.0
2025-01-16,22.67679370407477,22.93016591883116,22.179794574213314,22.316225051879883,28536410.0,636824947.7327156,1.0
2025-01-17,22.316226133592608,22.67679480326499,22.08234450680212,22.384441375732425,23202785.0,519381380.5862236,1.0
2025-01-20,22.63781261489833,22.92042072997473,22.228519321194284,22.28699111938477,32823196.0,731530277.7618256,1.0
2025-01-21,22.462402662372945,22.998383034581423,22.345462774465425,22.82297134399414,29885895.0,682084925.1746178,1.0
2025-01-22,23.09583262348027,23.21277250350512,22.49163704759896,22.93016624450684,27015013.0,619458739.1875134,1.0
2025-01-23,22.98863603033489,23.10557590957543,22.160304141023325,22.257755279541016,41525865.0,924272540.9412576,1.0
2025-01-24,22.19928599083384,22.969146104372616,22.16030479079344,22.72551918029785,36466265.0,828714804.6913242,1.0
2025-01-27,22.735263186455192,22.93991075756908,22.49163627624512,22.49163627624512,19953829.0,448794264.18639183,1.0
2025-02-05,22.63781250546955,22.66704840442347,22.228519213743983,22.316225051879883,26950823.0,601440631.4013805,1.0
2025-02-06,22.23826536352044,22.481892287938887,22.228520063496585,22.47214698791504,29075300.0,653384415.3177261,1.0
2025-02-07,22.491638668034447,22.81322614936073,22.28699293388409,22.54036331176757,38198775.0,861014266.5644646,1.0
2025-02-10,22.55985367993738,22.75475597031056,22.41367789152049,22.628068923950195,32769287.0,741505684.8247051,1.0
2025-02-11,22.628068070844776,22.657303970916324,22.335716505033,22.47214698791504,22186212.0,498571817.1690445,1.0
2025-02-12,22.49163801340944,22.66704969970493,22.38444156984532,22.550107955932617,34893822.0,786859453.0950966,1.0
2025-02-13,22.58908747092713,22.745008545169743,22.43316639668452,22.462400436401367,32445596.0,728805969.7497025,1.0
2025-02-14,22.43316794020452,23.14455812272456,22.423422640053094,23.086088180541992,53151494.0,1227060077.4115486,1.0
2025-02-17,23.34920275264003,23.358948052333552,22.85220547935124,23.017871856689453,31337943.0,721332756.2262383,1.0
2025-02-18,22.99838154408768,23.27124250400548,22.79373396542344,22.90093040466309,24948245.0,571338022.4634838,1.0
2025-02-19,22.80348097691133,22.91067742419736,22.62806928452551,22.735265731811523,30111228.0,684586770.0911636,1.0
2025-02-20,22.735265369528047,22.745010669919303,22.423423191911745,22.628068923950195,26539547.0,600538698.7264156,1.0
2025-02-21,22.803478980883604,23.173792934334145,22.65730320293244,23.017871856689453,42365813.0,975170854.7384682,1.0
2025-02-24,23.056851544335977,23.12506678449319,22.7547546841858,22.871694564819336,32913485.0,752787175.9837627,1.0
2025-02-25,22.69628560032949,22.881440728107204,22.51112861382582,22.550107955932617,33646455.0,758731192.5844288,1.0
2025-02-26,22.51112855322863,22.608579696322234,22.3649527679512,22.579343795776367,32005738.0,722668561.7395439,1.0
2025-02-27,22.530618559049177,22.6475584406949,22.384440918903167,22.559852600097656,32461605.0,732329023.9625931,1.0
2025-02-28,22.559853747403817,23.42716689755964,22.4818932027666,22.85220718383789,60306511.0,1378136883.9063988,1.0
2025-03-03,22.9594001176898,23.31022347265728,22.90093017810383,22.988636016845703,32766651.0,753260613.3300133,1.0
2025-03-04,22.85220547935124,23.271242213817683,22.82296958027066,23.017871856689453,24132910.0,555488229.9090195,1.0
2025-03-05,22.91067701745361,23.18353985173465,22.85220707393839,22.881441116333008,26246566.0,600559254.434948,1.0
2025-03-06,22.98863803240875,22.98863803240875,22.637814646682305,22.706029891967773,37690604.0,855803981.0703201,1.0
2025-03-07,22.66704840442347,22.70602774430284,22.28699101165182,22.316225051879883,44568169.0,994593289.5542164,1.0
2025-03-10,22.31622442722932,22.345460325364897,21.760755373733943,21.819225311279297,54079805.0,1179979450.085049,1.0
2025-03-11,21.53662159470685,21.87769967812792,21.53662159470685,21.80948257446289,32741284.0,714070462.8635406,1.0
2025-03-12,21.897187103629754,21.90693240356728,21.556110899445823,21.82897186279297,38175842.0,833339380.85643,1.0
2025-03-13,21.721777280931978,22.033619444029235,21.6925413811194,21.82897186279297,30937890.0,675342330.304184,1.0
2025-03-14,21.87769921280081,22.199286688334727,21.828972711219315,21.984893798828125,50507379.0,1110399363.372162,1.0
2025-03-17,22.03361795536447,22.14081252998304,21.84846098651308,21.90693092346192,33275963.0,728974222.8526745,1.0
2025-03-18,21.98489156610776,22.092087999974503,21.809479895680635,21.8776969909668,27969897.0,611916931.4345512,1.0
2025-03-19,21.89718853139112,21.92642443310997,21.6827974949643,21.780248641967773,29363819.0,639551278.8977375,1.0
2025-03-20,21.74126579538095,21.98489271510108,21.62432591480179,21.916677474975582,28395085.0,622325919.8195171,1.0
2025-03-21,21.867954360711146,22.092090696402177,21.585346221923828,21.585346221923828,37008193.0,798834658.9527779,1.0
2025-03-24,21.59509063595344,21.858208162907584,21.53662069398338,21.682796478271484,27776427.0,602270613.534565,1.0
2025-03-25,21.673051792469373,22.12132631688178,21.58534594766533,21.92642402648925,34788453.0,762786371.7035923,1.0
2025-03-26,21.87769819399525,22.10183451465454,21.71203181378493,21.88744163513184,26988341.0,590705738.4665356,1.0
2025-03-27,21.828970387954875,21.945912120578328,21.721775813336308,21.90693092346192,19226722.0,421198470.7386055,1.0
2025-03-28,21.89718601382397,21.96540310999155,21.682795002046152,21.76075553894043,23453414.0,510364008.607563,1.0
2025-03-31,21.70228734756452,21.79973849120675,21.34171867370605,21.34171867370605,31796410.0,678590037.0538139,1.0
2025-04-01,21.322227555363927,21.575599779189503,21.166306472813712,21.54636573791504,25037610.0,539469502.263279,1.0
2025-04-02,21.507385060280058,21.65356084638042,21.34171867370605,21.34171867370605,19401856.0,414068952.4997559,1.0
2025-04-03,21.049365407439403,21.848461375287226,21.049365407439403,21.76075553894043,41989439.0,913721917.2962512,1.0
2025-04-07,21.14681711171717,21.85820726234211,20.766757857755536,21.302738189697266,88717354.0,1889922565.144692,1.0
2025-04-08,21.439169696650893,22.65730433850606,21.34171855355729,22.579343795776367,116117868.0,2621865262.404579,1.0
2025-04-09,22.60858075581336,23.349205017089844,22.41367846049257,23.349205017089844,99436440.0,2321761823.729553,1.0
2025-04-10,23.97289095525669,24.021615599131152,22.70602976853471,22.76450157165528,65248955.0,1485359938.6463642,1.0
2025-04-11,23.329715990738617,23.349204733052787,22.423423488356043,22.76450157165528,44675032.0,1017004836.1777496,1.0
2025-04-14,22.78398889274387,22.881440033139963,22.49163733028149,22.81322479248047,28312475.0,645898856.6064835,1.0
2025-04-15,22.85220701281792,22.93991285721917,22.63781412262552,22.91067695617676,23075594.0,528677479.70589066,1.0
2025-04-16,22.92042191607649,23.03736180105721,22.579343843885137,23.02761650085449,30400956.0,700061556.0273514,1.0
2025-04-17,22.96914666761216,22.99838256835937,22.73526503781236,22.99838256835937,21706526.0,499214989.1780396,1.0
2025-04-18,22.803481038972457,22.832716940691668,22.66705054840152,22.706029891967773,15092029.0,342680061.6044445,1.0
2025-04-21,22.61832313777824,22.79373482360153,22.51112855322863,22.579343795776367,15551620.0,351145374.56127167,1.0
2025-04-22,22.57934342945145,22.78398915377452,22.46240168789119,22.47214698791504,17164915.0,385732492.9150677,1.0
2025-04-23,22.61832190616694,22.61832190616694,22.238264513395293,22.316225051879883,23407649.0,522370363.0194111,1.0
2025-04-24,22.31622697663356,22.608580415210376,22.28699293388409,22.54036331176757,17820779.0,401686833.1587181,1.0
2025-04-25,22.608579794549392,22.6865403376178,22.26750172160288,22.296735763549805,23290781.0,519308389.6837063,1.0
2025-04-28,22.29673648485421,22.589089924862908,22.29673648485421,22.51112937927246,15480760.0,348489391.24946594,1.0
2025-04-29,22.37469679862282,22.41367800037717,21.585346050357167,21.64381599426269,52989695.0,1146899208.172102,1.0
2025-04-30,21.64381616629409,21.721778570422472,21.53662157806961,21.585346221923828,23574754.0,508869227.18668365,1.0
2025-05-06,21.56585580816332,21.751012802124023,21.468406519608656,21.751012802124023,32377764.0,704249159.2681503,1.0
2025-05-07,22.1310688653732,22.1310688653732,21.731520859047045,22.02387428283692,38832149.0,855234367.7083912,1.0
2025-05-08,21.92642481730188,22.37469749915599,21.80948306710347,22.335718154907227,30193684.0,674397615.8823318,1.0
2025-05-09,22.33571630752787,22.394186248428017,22.160304626101524,22.306480407714844,18044363.0,402506229.7291946,1.0
2025-05-12,22.37469482421875,22.589087697497085,22.20903030755944,22.37469482421875,21573682.0,482704550.9847412,1.0
2025-05-13,22.4039306640625,22.462400602654785,22.140813152308464,22.4039306640625,21062554.0,471883999.42407227,1.0
2025-05-14,22.34546315890246,22.511129551893287,22.19928736714021,22.4526596069336,19260808.0,432456365.7785034,1.0
2025-05-15,22.38444111808528,22.511128159509,22.218774735341444,22.248010635375977,14947909.0,332561238.4086323,1.0
2025-05-16,22.218774536665148,22.2967350773342,21.97514761473362,22.08234405517578,19286997.0,425902103.5451431,1.0
2025-05-19,22.14081337560809,22.355206250485104,22.043364096546743,22.316225051879883,13419309.0,299468319.6847172,1.0
2025-05-20,22.364954057138345,22.3941881006434,22.14081585748523,22.335718154907227,19988710.0,446462192.8401756,1.0
2025-05-21,22.28699200516852,22.39418658865973,22.18954086303711,22.18954086303711,15112440.0,335338104.92019653,1.0
2025-05-22,22.160303529661352,22.50138157570062,22.160303529661352,22.49163627624512,22477686.0,505559937.843647,1.0
2025-05-23,22.403930143522363,22.403930143522363,21.8776969909668,21.8776969909668,26972000.0,590085243.2403564,1.0
2025-05-26,21.867952200372294,22.14081315296156,21.614579988163804,21.67304992675781,21448887.0,464862798.8243866,1.0
2025-05-27,21.673050920464867,21.760756761740105,21.54636573791504,21.54636573791504,15902360.0,342638064.6559906,1.0
2025-05-28,21.575598691700144,21.73151976639136,21.4781494140625,21.4781494140625,16808414.0,361013627.3054199,1.0
2025-05-29,21.54636681707601,21.69254260694738,21.439170370431523,21.61458206176757,16175091.0,349617831.7760582,1.0
2025-05-30,21.546366163119007,21.731521290597605,21.31248453467818,21.624326705932617,27584205.0,596489860.84342,1.0
2025-06-03,21.409933428254607,21.55611106974647,21.24426704545963,21.292993545532227,41870023.0,891538129.4902859,1.0
2025-06-04,21.292992889982777,21.429423368533897,21.16630585242028,21.302738189697266,40219355.0,856782389.7234917,1.0
2025-06-05,21.41967869663929,21.575599779189503,21.322227555363927,21.54636573791504,33974828.0,732034069.9707565,1.0
2025-06-06,21.575599748070022,21.89718721270674,21.468405165675065,21.79973793029785,34727227.0,757044447.6459637,1.0
2025-06-09,21.79973679544794,21.867952033073383,21.58534392436704,21.73151969909668,26791527.0,582220596.7693806,1.0
2025-06-10,21.741267250662503,21.819227795842306,21.53662151658778,21.61458206176757,26964021.0,582816044.6197243,1.0
2025-06-11,21.614579929585325,21.770501004564007,21.56585343195084,21.70228576660156,27467131.0,596099526.1506805,1.0
2025-06-12,21.712030735567115,22.00438228201969,21.663304238674485,21.819225311279297,22413723.0,489050072.2016029,1.0
2025-06-13,21.819227874986467,21.926424322019777,21.74126732952388,21.80948257446289,22935623.0,500214070.1529503,1.0
2025-06-16,21.78024585642664,21.916676329547386,21.59508888667293,21.8776969909668,22218633.0,486092520.3274956,1.0
2025-06-17,21.87769866855916,21.98489325191985,21.80948156804208,21.965404510498047,17883639.0,392821364.7547188,1.0
2025-06-18,21.926422548003227,22.20903066414369,21.91667724826812,22.004383087158203,21167333.0,465774104.2654457,1.0
2025-06-19,21.96540271913653,22.179793727099447,21.780245750285143,21.90693092346192,38874991.0,851631742.4872036,1.0
2025-06-20,22.03362026111161,22.345462435773047,21.916678516250585,22.238265991210938,29590175.0,658034182.3764801,1.0
2025-06-23,22.12132627535448,22.2480114627636,21.819227539940577,22.17979621887207,22339518.0,495485956.86782455,1.0
2025-06-24,22.189541264997725,22.248011207845373,21.975148376679737,22.043365478515625,29100260.0,641467666.6998291,1.0
2025-06-25,22.043364911312025,22.32597117674214,21.897187269865285,22.248010635375977,26175190.0,582345905.5029869,1.0
2025-06-26,22.18954158063189,22.34546266959415,22.15056037902832,22.15056037902832,21677656.0,480172228.1038056,1.0
2025-06-27,22.225073554246947,22.235007100208406,22.02636852516894,22.115785598754883,20841676.0,460930037.9347153,1.0
2025-06-30,22.155526416657395,22.31448968873271,22.03630491009675,22.26481437683105,23565288.0,524676763.05656433,1.0
2025-07-01,22.27474917657192,22.284684617664382,22.03630427532749,22.06610870361328,20887891.0,460914473.3952255,1.0
2025-07-02,22.05617535624093,22.12572154952322,21.91708107468472,22.03630447387696,16682085.0,367611504.3190956,1.0
2025-07-03,21.966758977903577,22.03630517339353,21.85747101642411,21.927017211914062,20402049.0,447356079.5813141,1.0
2025-07-04,21.91708203300694,22.00649911256296,21.82766495345092,21.88727760314941,17367584.0,380129132.3040161,1.0
2025-07-07,21.936952080907272,22.085979909495265,21.897212210946577,22.016433715820312,17331616.0,381580374.8520508,1.0
2025-07-08,22.056175930828022,22.12572212592206,21.90714620420743,21.946887969970703,34006220.0,746330700.6221771,1.0
2025-07-09,21.946887969970703,22.0462404893872,21.88727721631748,21.946887969970703,23883318.0,524164504.4971848,1.0
2025-07-10,21.94688746776629,22.0263691024824,21.72831344604492,21.72831344604492,41183591.0,894849974.0817146,1.0
2025-07-11,21.75811793699261,21.86740589566205,21.69850718453277,21.7183780670166,41137300.0,893435434.056282,1.0
2025-07-14,21.72831357052906,21.88727684087199,21.6885718054475,21.70844268798828,36077460.0,783185472.7381897,1.0
2025-07-15,21.748182745403422,21.80779539353923,21.57928403233532,21.67863655090332,25483058.0,552437952.5875893,1.0
2025-07-16,21.658766369045907,21.678637252400843,21.56934928894043,21.56934928894043,23898100.0,515466466.2420273,1.0
2025-07-17,21.60908984892492,21.75811767578125,21.55941453830336,21.75811767578125,21553702.0,468967984.4647217,1.0
2025-07-18,21.758118387105583,21.77798927000049,21.52960891878925,21.648832321166992,34169380.0,739727178.138237,1.0
2025-07-21,22.652287611152875,22.930474290865767,22.31449017685569,22.78144645690918,200404686.0,4565508623.822697,1.0
2025-07-22,23.11924316394959,23.83457788143412,22.473454640457657,23.48684501647949,215002278.0,5049725181.576038,1.0
2025-07-23,23.834578505806537,23.834578505806537,22.384038150272083,22.50325965881348,185229139.0,4168259411.295454,1.0
2025-07-24,22.354231266696207,22.40390657818109,22.10585091928847,22.294620513916016,86775115.0,1934618258.976421,1.0
2025-07-25,22.24494279075552,22.42377693993396,22.0760440826416,22.0760440826416,62614335.0,1382276819.665289,1.0
2025-07-28,22.12572179959771,22.1555262284889,21.976693970166767,21.996562957763672,47837512.0,1052260844.4507751,1.0
2025-07-29,21.946887907586447,22.0164341024828,21.827664505627205,21.956823348999023,50204260.0,1102326068.1872177,1.0
2025-07-30,21.956823988090367,22.01643474330922,21.81772969925739,21.857471466064453,44950501.0,982504292.9928015,1.0
2025-07-31,21.827663993347564,21.887276640423963,21.728313371536853,21.73824691772461,44601547.0,969559441.5984992,1.0
2025-08-01,21.777989194812804,21.777989194812804,21.579284156533163,21.65876579284668,40408923.0,875207399.1981754,1.0
2025-08-04,21.58921902832009,21.74818229675293,21.55941459985872,21.74818229675293,25913858.0,563579307.7961693,1.0
2025-08-05,21.75811755170593,21.79785931596985,21.65876503603772,21.77798843383789,28032015.0,610480898.4471703,1.0
2025-08-06,21.768052732857377,21.82766348354989,21.67863565932281,21.81772804260254,24324920.0,530714489.21806335,1.0
2025-08-07,21.827664505627205,21.996563219657645,21.777989193556003,21.956823348999023,38382093.0,842748835.765852,1.0
2025-08-08,21.956823473880554,21.98662790329612,21.85747095418139,21.936952590942383,33405136.0,732806884.7259827,1.0
2025-08-11,21.94688848348736,21.956823925160645,21.837600520072904,21.867406845092773,34668720.0,758115005.0386047,1.0
2025-08-12,21.847534564100755,21.87734088721384,21.768052930790823,21.78792381286621,29589014.0,644683182.7298317,1.0
2025-08-13,21.78792419833409,21.82766406819632,21.708442563617982,21.72831344604492,46772567.0,1016288996.452137,1.0
2025-08-14,21.738247566916392,21.827664645209705,21.61902605918645,21.638896942138672,41798821.0,904480379.9219016,1.0
2025-08-15,21.569348789587373,21.73824750421068,21.569348789587373,21.648832321166992,40069400.0,867455721.8097687,1.0
2025-08-18,21.648832321166992,21.88727723093077,21.61902599682464,21.648832321166992,79614558.0,1723562216.465824,1.0
2025-08-19,21.69850749602864,21.83759988542893,21.65876573049045,21.668701171875,46235172.0,1001856125.6982422,1.0
2025-08-20,21.668701171875,21.678636613259545,21.56934865302122,21.668701171875,50832478.0,1101473775.6079102,1.0
2025-08-21,21.698506541217515,21.847534365444595,21.688571100270163,21.81772804260254,64884824.0,1415639444.1241302,1.0
2025-08-22,21.8077951432022,21.8077951432022,21.60909010834717,21.7183780670166,76683929.0,1665450561.6862583,1.0
2025-08-25,21.77798806446892,22.19526710720476,21.76805262357145,22.135656356811523,110999531.0,2457047473.983248,1.0
2025-08-26,22.195268568458182,22.35423184330009,22.02636985206469,22.20520401000977,65062330.0,1444722311.016579,1.0
2025-08-27,22.23500877577284,22.3045568676852,21.857471466064453,21.857471466064453,82032024.0,1793012623.8835144,1.0
2025-08-28,21.867406333435845,22.13565756736288,21.708443060366125,21.946887969970703,79471423.0,1744150417.395153,1.0
2025-08-29,21.946888238203314,22.056176200396337,21.58921992192921,21.60909080505371,122725052.0,2651976792.7229385,1.0
2025-09-01,21.68857148787562,21.72831325237527,21.44019114472772,21.46006202697754,86842230.0,1863639642.3610497,1.0
2025-09-02,21.469998799296693,21.638897518909083,21.370646276879096,21.549480438232425,58573211.0,1262222264.64896,1.0
2025-09-03,21.549478578111323,21.58921844665302,21.11232865420312,21.241485595703125,86208398.0,1831194444.345642,1.0
2025-09-04,21.0725873957238,21.33090317990653,20.943430451128247,21.162004470825195,86808753.0,1837047219.09276,1.0
2025-09-05,20.98317328765953,21.34083971134692,20.98317328765953,21.29116439819336,50548643.0,1076239468.218586,1.0
2025-09-08,21.3507737601032,22.13565654266924,21.301098450190345,22.10585021972656,127980184.0,2829110778.597046,1.0
2025-09-09,22.0760440826416,22.155525716166288,21.90714537452769,22.0760440826416,74595619.0,1646776173.4159374,1.0
2025-09-10,22.085979585798224,22.135656791260576,21.85747012564628,22.06610870361328,59004545.0,1302000703.9772415,1.0
2025-09-11,22.06610933924108,22.29462070096705,22.00649858596075,22.26481437683105,83342872.0,1855613574.7119904,1.0
2025-09-12,22.24494266584626,22.30455531189876,22.076043958680746,22.09591484069824,45229452.0,999386119.6834488,1.0
2025-09-15,22.10585091928847,22.503259096142514,22.10585091928847,22.294620513916016,59217698.0,1320236104.6176834,1.0
2025-09-16,22.28468488133436,22.294620322544382,21.86740582547152,22.02636909484864,43563501.0,959545752.0898076,1.0
2025-09-17,21.99656308301042,22.29462063856109,21.99656308301042,22.27474975585937,48720578.0,1085238682.9108276,1.0
2025-09-18,22.30455692081188,22.44364931498441,22.06611010938504,22.14559364318848,57267157.0,1268215188.0226765,1.0
2025-09-19,22.14559356816813,22.40390747218728,21.96675940769969,22.155527114868164,80855417.0,1791394383.7274723,1.0
2025-09-22,22.165462431289185,22.384038357289405,22.06610990992469,22.175397872924805,41307480.0,916009804.127884,1.0
2025-09-23,22.235008627746804,22.384038357289405,21.9071466337382,22.175397872924805,59085574.0,1310246112.0001411,1.0
2025-09-24,22.14559210788971,22.14559210788971,21.92701619506705,22.08597946166992,39012087.0,861620152.2388802,1.0
2025-09-25,22.07604546686193,22.50325998446634,22.016434711728586,22.453584671020508,72307689.0,1623566817.3273182,1.0
2025-09-26,22.543000220444725,22.99008369607344,22.43371226429496,22.692028045654297,83239905.0,1888882258.7776,1.0
2025-09-29,22.69202900644624,22.751639760055696,22.2449436168961,22.54300117492676,64610218.0,1456508220.286274,1.0
2025-09-30,22.600000381469727,23.100000381469727,22.520000457763672,22.959999084472656,83077657.0,1907462928.660133,1.0
2025-10-09,23.299999237060547,23.479999542236328,23.0,23.3799991607666,96825109.0,2263770967.1611347,1.0
2025-10-10,23.3799991607666,23.84000015258789,23.229999542236328,23.530000686645508,85036577.0,2000910715.199984,1.0
2025-10-13,23.020000457763672,23.56999969482422,22.979999542236328,23.489999771118164,71406980.0,1677349943.8562393,1.0
2025-10-14,23.600000381469727,23.979999542236328,23.34000015258789,23.530000686645508,78108645.0,1837896470.4829504,1.0
2025-10-15,23.440000534057617,23.739999771118164,23.18000030517578,23.690000534057617,62613371.0,1483310792.4291475,1.0
2025-10-16,24.040000915527344,24.13999938964844,23.56999969482422,23.89999961853028,85709375.0,2048454029.804468,1.0
2025-10-17,23.729999542236328,23.82999992370605,23.0,23.01000022888184,73649697.0,1694679544.827078,1.0
2025-10-20,23.200000762939453,23.43000030517578,22.96999931335449,23.1299991607666,41156506.0,951949949.2400856,1.0
2025-10-21,23.14999961853028,23.600000381469727,23.0,23.459999084472656,45150230.0,1059224354.46373,1.0
2025-10-22,23.450000762939453,23.450000762939453,22.979999542236328,23.01000022888184,37396520.0,860493933.7593842,1.0
2025-10-23,22.89999961853028,23.049999237060547,22.6200008392334,23.01000022888184,38768389.0,892060639.76338,1.0
2025-10-24,23.07999992370605,23.299999237060547,23.030000686645508,23.1200008392334,28661948.0,662664261.814064,1.0
2025-10-27,23.25,23.729999542236328,23.25,23.549999237060547,45677726.0,1075710412.4506607,1.0
2025-10-28,23.459999084472656,23.6299991607666,23.350000381469727,23.520000457763672,38867374.0,914160654.2720718,1.0
2025-10-29,23.520000457763672,24.989999771118164,23.459999084472656,24.93000030517578,110219764.0,2747778750.1564026,1.0
2025-10-30,24.979999542236328,25.0,24.200000762939453,24.34000015258789,67206090.0,1635796240.8548355,1.0
2025-10-31,24.420000076293945,25.059999465942383,24.190000534057617,24.229999542236328,68446731.0,1658464260.797573,1.0
2025-11-03,24.270000457763672,24.51000022888184,23.920000076293945,24.479999542236328,55738586.0,1364480559.7649002,1.0
2025-11-04,24.530000686645508,24.989999771118164,24.13999938964844,24.170000076293945,54852475.0,1325784324.9349115,1.0
2025-11-05,23.96999931335449,25.14999961853028,23.76000022888184,24.729999542236328,110071106.0,2722058400.9934464,1.0
2025-11-06,24.940000534057617,25.850000381469727,24.940000534057617,25.350000381469727,136198264.0,3452626044.3555145,1.0
2025-11-07,25.290000915527344,25.86000061035156,25.0,25.14999961853028,87010434.0,2188312381.908153,1.0
2025-11-10,25.40999984741211,25.46999931335449,24.8799991607666,25.049999237060547,62149040.0,1556833404.5840454,1.0
2025-11-11,25.32999992370605,25.559999465942383,24.89999961853028,25.01000022888184,60145556.0,1504240369.3262253,1.0
2025-11-12,24.940000534057617,24.96999931335449,23.86000061035156,24.100000381469727,76979163.0,1855197857.6652205,1.0
2025-11-13,24.030000686645508,24.450000762939453,23.8799991607666,24.39999961853028,50120207.0,1222933031.6806583,1.0
2025-11-14,24.280000686645508,24.280000686645508,23.780000686645508,23.799999237060547,46433880.0,1105126308.573761,1.0
2025-11-17,23.770000457763672,23.850000381469727,23.40999984741211,23.690000534057617,39658144.0,939501452.539734,1.0
2025-11-18,23.690000534057617,23.690000534057617,23.14999961853028,23.270000457763672,34607606.0,805319007.4621048,1.0
2025-11-19,23.239999771118164,23.3700008392334,23.01000022888184,23.07999992370605,31241742.0,721059402.9764442,1.0
2025-11-20,23.1200008392334,23.26000022888184,22.75,22.790000915527344,40070817.0,913213956.1159286,1.0
2025-11-21,22.61000061035156,22.739999771118164,22.229999542236328,22.239999771118164,49603721.0,1103186743.6866093,1.0
2025-11-24,22.46999931335449,22.530000686645508,22.100000381469727,22.14999961853028,41140954.0,911272115.4059716,1.0
2025-11-25,22.239999771118164,22.420000076293945,22.15999984741211,22.190000534057617,46199742.0,1025172299.653324,1.0
2025-11-26,22.15999984741211,22.25,22.030000686645508,22.1200008392334,33435409.0,739591275.1401119,1.0
2025-11-27,22.13999938964844,22.270000457763672,22.059999465942383,22.09000015258789,34180917.0,755056461.745594,1.0
2025-11-28,22.07999992370605,22.239999771118164,21.979999542236328,22.15999984741211,37394988.0,828672928.3739777,1.0
2025-12-01,22.270000457763672,22.440000534057617,22.239999771118164,22.3700008392334,40263384.0,900691933.8703766,1.0
2025-12-02,22.3700008392334,22.420000076293945,22.21999931335449,22.31999969482422,27910721.0,622967284.2023239,1.0
2025-12-03,22.32999992370605,22.36000061035156,22.1299991607666,22.280000686645508,30418987.0,677735051.2470608,1.0
2025-12-04,22.290000915527344,22.56999969482422,22.25,22.40999984741211,33601269.0,753004433.1628532,1.0
2025-12-05,22.420000076293945,22.739999771118164,22.299999237060547,22.700000762939453,44919555.0,1019673932.7709008,1.0
2025-12-08,22.75,22.940000534057617,22.670000076293945,22.729999542236328,36703838.0,834278220.9383163,1.0
2025-12-09,22.729999542236328,22.729999542236328,22.43000030517578,22.46999931335449,28398128.0,638105916.660553,1.0
2025-12-10,22.450000762939453,22.63999938964844,22.32999992370605,22.6200008392334,23588225.0,533565669.29602623,1.0
2025-12-11,22.61000061035156,23.1299991607666,22.600000381469727,22.71999931335449,39102062.0,888398821.7907448,1.0
2025-12-12,22.71999931335449,23.299999237060547,22.670000076293945,23.21999931335449,55757020.0,1294677966.1146927,1.0
2025-12-15,23.299999237060547,23.46999931335449,23.0,23.020000457763672,44761190.0,1030402614.2900468,1.0
2025-12-16,22.950000762939453,23.020000457763672,22.68000030517578,22.84000015258789,33891256.0,774076292.2113953,1.0
2025-12-17,22.729999542236328,23.100000381469727,22.68000030517578,23.059999465942383,33492337.0,772333273.3331623,1.0
2025-12-18,22.920000076293945,22.989999771118164,22.799999237060547,22.89999961853028,23192737.0,531113668.45267296,1.0
2025-12-19,22.89999961853028,23.100000381469727,22.81999969482422,22.84000015258789,31517822.0,719867059.289238,1.0
2025-12-22,22.75,23.030000686645508,22.75,22.959999084472656,28974109.0,665245516.113411,1.0
2025-12-23,22.959999084472656,23.049999237060547,22.729999542236328,23.0,29177603.0,671084869.0,1.0
2025-12-24,22.950000762939453,23.13999938964844,22.75,23.049999237060547,27087869.0,624375359.783596,1.0
2025-12-25,23.020000457763672,23.09000015258789,22.88999938964844,22.950000762939453,22576030.0,518119905.724144,1.0
2025-12-26,22.93000030517578,23.01000022888184,22.709999084472656,22.770000457763672,33808563.0,769820994.9863319,1.0
2025-12-29,22.799999237060547,22.96999931335449,22.68000030517578,22.739999771118164,41589403.0,945743014.7009412,1.0
2025-12-30,22.64999961853028,22.81999969482422,22.540000915527344,22.57999992370605,30706000.0,693341477.6573181,1.0
2025-12-31,22.600000381469727,22.6200008392334,22.40999984741211,22.479999542236328,24595431.0,552905277.6211052,1.0
2026-01-05,22.57999992370605,23.26000022888184,22.57999992370605,23.14999961853028,62243843.0,1440944941.7058582,1.0
2026-01-06,23.229999542236328,23.5,23.049999237060547,23.459999084472656,44219782.0,1037396045.2355804,1.0
2026-01-07,23.5,23.850000381469727,23.3799991607666,23.479999542236328,46092147.0,1082243590.4606895,1.0
2026-01-08,23.479999542236328,23.850000381469727,23.32999992370605,23.61000061035156,37476695.0,884824791.8239594,1.0
2026-01-09,23.59000015258789,23.93000030517578,23.520000457763672,23.68000030517578,41159576.0,974658772.2409058,1.0
2026-01-12,23.729999542236328,23.940000534057617,23.559999465942383,23.75,66025738.0,1568111277.5,1.0
2026-01-13,23.799999237060547,24.84000015258789,23.36000061035156,24.39999961853028,155628610.0,3797338024.6323967,1.0
2026-01-14,24.40999984741211,24.46999931335449,23.549999237060547,23.71999931335449,136116235.0,3228677000.7363987,1.0
2026-01-15,23.68000030517578,24.18000030517578,23.57999992370605,23.799999237060547,92155349.0,2193297235.8910484,1.0
2026-01-16,25.64999961853028,25.790000915527344,24.239999771118164,24.39999961853028,301809553.0,7364152978.068792,1.0
2026-01-19,24.8799991607666,26.84000015258789,24.8700008392334,26.200000762939453,334501661.0,8763943773.404514,1.0
2026-01-20,26.39999961853028,26.89999961853028,25.920000076293945,26.25,311547600.0,8178124500.0,1.0
2026-01-21,26.14999961853028,26.3700008392334,25.51000022888184,25.63999938964844,187548749.0,4808749809.889328,1.0
2026-01-22,25.850000381469727,26.170000076293945,25.1299991607666,25.299999237060547,123221692.0,3117508713.5893097,1.0
2026-01-23,25.309999465942383,25.76000022888184,25.209999084472656,25.420000076293945,131939069.0,3353891144.046152,1.0
2026-01-26,25.549999237060547,26.350000381469727,25.549999237060547,25.82999992370605,160321067.0,4141093148.378473,1.0
2026-01-27,25.729999542236328,25.799999237060547,25.21999931335449,25.3799991607666,111649488.0,2833663911.7400208,1.0
2026-01-28,25.46999931335449,26.030000686645508,25.40999984741211,25.51000022888184,114191218.0,2913017997.316296,1.0
2026-01-29,25.450000762939453,25.530000686645508,24.82999992370605,25.1200008392334,115005629.0,2888941496.996565,1.0
2026-01-30,25.01000022888184,25.32999992370605,24.549999237060547,25.200000762939453,96133729.0,2422570044.1442146,1.0
2026-02-02,25.5,26.09000015258789,25.309999465942383,25.479999542236328,144938018.0,3693020632.2926407,1.0
2026-02-03,25.6299991607666,25.959999084472656,25.280000686645508,25.940000534057617,100586837.0,2609222605.4991665,1.0
2026-02-04,25.799999237060547,26.170000076293945,25.559999465942383,25.8700008392334,66344241.0,1716325570.3483028,1.0
2026-02-05,25.670000076293945,25.81999969482422,25.07999992370605,25.239999771118164,75494612.0,1905483989.6006544,1.0
2026-02-06,25.09000015258789,25.39999961853028,24.90999984741211,25.209999084472656,52461221.0,1322547333.3803177,1.0
2026-02-09,25.420000076293945,25.63999938964844,25.170000076293945,25.56999969482422,63339375.0,1619587799.4203568,1.0
2026-02-10,25.56999969482422,25.799999237060547,25.299999237060547,25.75,61421624.0,1581606818.0,1.0
2026-02-11,25.739999771118164,26.049999237060547,25.600000381469727,25.780000686645508,57442976.0,1480879960.7229614,1.0
2026-02-12,26.18000030517578,26.76000022888184,25.6299991607666,26.5,131948131.0,3496625471.5,1.0
2026-02-13,26.3700008392334,26.3700008392334,25.82999992370605,26.1299991607666,69567113.0,1817788604.306956,1.0
2026-02-24,26.3799991607666,27.059999465942383,26.31999969482422,26.86000061035156,87747669.0,2356902442.896927,1.0
2026-02-25,26.8799991607666,27.39999961853028,26.670000076293945,26.979999542236328,103040765.0,2780039792.531681,1.0
2026-02-26,26.96999931335449,27.64999961853028,26.71999931335449,27.440000534057617,88491568.0,2428208673.179596,1.0
2026-02-27,27.239999771118164,27.540000915527344,27.030000686645508,27.299999237060547,68883906.0,1880530581.2457504,1.0
2026-03-02,27.040000915527344,28.68000030517578,27.01000022888184,28.32999992370605,143387713.0,4062173898.3503857,1.0
2026-03-03,28.350000381469727,28.530000686645508,27.5,27.700000762939453,114398746.0,3168845351.4793167,1.0
2026-03-04,27.190000534057617,28.89999961853028,27.1299991607666,28.600000381469727,131448907.0,3759438790.3437786,1.0
2026-03-05,28.950000762939453,29.959999084472656,28.729999542236328,29.51000022888184,178972221.0,5281470282.673491,1.0
2026-03-06,29.21999931335449,30.729999542236328,29.09000015258789,30.01000022888184,160674149.0,4821831248.265394,1.0
2026-03-09,30.280000686645508,32.060001373291016,30.270000457763672,31.520000457763672,212526473.0,6698834526.246899,1.0
2026-03-10,31.0,31.40999984741211,30.540000915527344,30.799999237060547,169277775.0,5213755340.851307,1.0
2026-03-11,30.799999237060547,31.350000381469727,30.020000457763672,30.700000762939453,165703449.0,5087096010.721699,1.0
2026-03-12,30.51000022888184,30.780000686645508,29.850000381469727,30.21999931335449,136855488.0,4135772753.388794,1.0
2026-03-13,30.0,30.18000030517578,29.100000381469727,29.209999084472656,139643162.0,4078976634.172867,1.0
2026-03-16,29.21999931335449,29.479999542236328,28.600000381469727,28.700000762939453,102719932.0,2948062126.7690887,1.0
2026-03-17,28.90999984741211,29.09000015258789,28.049999237060547,28.07999992370605,105815954.0,2971311980.2468834,1.0
2026-03-18,28.100000381469727,28.450000762939453,27.75,28.229999542236328,91655953.0,2587447511.2332344,1.0
2026-03-19,27.93000030517578,28.13999938964844,27.68000030517578,27.809999465942383,72079841.0,2004540339.715212,1.0
2026-03-20,27.979999542236328,28.09000015258789,27.34000015258789,27.39999961853028,85150752.0,2333130572.317566,1.0
2026-03-23,27.0,27.82999992370605,26.8700008392334,27.09000015258789,111305463.0,3015265009.653866,1.0
2026-03-24,27.420000076293945,27.5,26.5,26.979999542236328,83730823.0,2259057566.211071,1.0
2026-03-25,27.09000015258789,27.770000457763672,27.09000015258789,27.520000457763672,89294391.0,2457381681.1957283,1.0
2026-03-26,27.690000534057617,27.700000762939453,26.90999984741211,26.989999771118164,61904219.0,1670794856.6412487,1.0
2026-03-27,26.709999084472656,27.350000381469727,26.670000076293945,27.1299991607666,53731661.0,1457739917.8365955,1.0
2026-03-30,26.799999237060547,26.8700008392334,26.21999931335449,26.6299991607666,63091923.0,1680137856.541151,1.0
2026-03-31,26.65999984741211,26.850000381469727,25.989999771118164,25.989999771118164,64987179.0,1689016767.3356152,1.0
2026-04-01,26.350000381469727,26.450000762939453,26.14999961853028,26.420000076293945,54015212.0,1427081905.1610336,1.0
2026-04-02,26.450000762939453,26.65999984741211,25.920000076293945,26.09000015258789,53972823.0,1408150960.3055992,1.0
2026-04-03,26.09000015258789,26.700000762939453,25.90999984741211,26.0,59716193.0,1552621018.0,1.0
2026-04-07,25.96999931335449,25.989999771118164,25.450000762939453,25.540000915527344,53210252.0,1358989884.795441,1.0
2026-04-08,26.0,26.61000061035156,26.0,26.57999992370605,83300042.0,2214115110.004711,1.0
2026-04-09,26.450000762939453,26.450000762939453,25.850000381469727,25.959999084472656,65467579.0,1699538290.9026413,1.0
2026-04-10,26.11000061035156,26.57999992370605,26.049999237060547,26.36000061035156,60710220.0,1600321436.2545776,1.0
2026-04-13,26.0,26.0,25.559999465942383,25.88999938964844,68331800.0,1769110260.293579,1.0
2026-04-14,26.14999961853028,26.25,25.82999992370605,26.170000076293945,58652801.0,1534943806.6448536,1.0
2026-04-15,26.3700008392334,27.309999465942383,26.32999992370605,26.86000061035156,130686319.0,3510234608.104599,1.0
2026-04-16,27.0,27.059999465942383,26.40999984741211,26.8700008392334,84556432.0,2272031398.802582,1.0
2026-04-17,26.940000534057617,27.07999992370605,26.6299991607666,26.809999465942383,71154137.0,1907642374.9695911,1.0
2026-04-20,26.86000061035156,27.299999237060547,26.670000076293945,27.239999771118164,100772964.0,2745055516.294899,1.0
2026-04-21,27.290000915527344,27.350000381469727,26.89999961853028,27.030000686645508,67187380.0,1816074927.533913,1.0
2026-04-22,27.059999465942383,27.31999969482422,26.84000015258789,27.01000022888184,99119692.0,2677222903.606697,1.0
2026-04-23,27.200000762939453,27.46999931335449,26.600000381469727,26.950000762939453,99598162.0,2684170541.8873672,1.0
2026-04-24,26.82999992370605,27.13999938964844,26.530000686645508,26.540000915527344,66678788.0,1769655094.5662537,1.0
2026-04-27,26.520000457763672,26.520000457763672,26.170000076293945,26.229999542236328,56543790.0,1483143585.816307,1.0
2026-04-28,26.14999961853028,26.350000381469727,25.86000061035156,26.06999969482422,64408364.0,1679126029.8241272,1.0
2026-04-29,26.26000022888184,26.63999938964844,26.239999771118164,26.6200008392334,86431328.0,2300802023.896057,1.0
2026-04-30,26.59000015258789,26.59000015258789,25.90999984741211,25.96999931335449,97852463.0,2541228396.920046,1.0
2026-05-06,25.989999771118164,26.559999465942383,25.989999771118164,26.21999931335449,133987112.0,3513141984.6383514,1.0
2026-05-07,26.290000915527344,26.46999931335449,26.059999465942383,26.440000534057617,111444741.0,2946599011.557913,1.0
2026-05-08,26.5,26.51000022888184,25.8799991607666,26.07999992370605,109511942.0,2856071439.004902,1.0
2026-05-11,26.209999084472656,27.81999969482422,26.200000762939453,26.850000381469727,245722533.0,6597650104.785707,1.0
2026-05-12,26.86000061035156,27.36000061035156,26.700000762939453,26.89999961853028,178898014.0,4812356508.355824,1.0
2026-05-13,26.88999938964844,28.39999961853028,26.86000061035156,28.020000457763672,247854979.0,6944896625.039005,1.0
2026-05-14,28.40999984741211,28.479999542236328,27.26000022888184,27.270000457763672,185762343.0,5065739178.645252,1.0
2026-05-15,27.280000686645508,27.549999237060547,26.34000015258789,26.479999542236328,147833738.0,3914637314.567085,1.0
2026-05-18,26.459999084472656,26.700000762939453,26.200000762939453,26.489999771118164,81067115.0,2147467857.79521,1.0
2026-05-19,26.51000022888184,27.13999938964844,26.299999237060547,26.96999931335449,108439302.0,2924607900.4806404,1.0
2026-05-20,26.979999542236328,27.239999771118164,26.459999084472656,26.530000686645508,89405638.0,2371931637.52998,1.0
2026-05-21,26.520000457763672,26.65999984741211,25.6299991607666,25.65999984741211,119694959.0,3071372629.6759987,1.0
2026-05-22,25.65999984741211,25.920000076293945,25.51000022888184,25.82999992370605,60740230.0,1568920136.2658882,1.0
2026-05-25,26.14999961853028,26.690000534057617,26.14999961853028,26.26000022888184,84292308.0,2213516027.372978,1.0
2026-05-26,26.270000457763672,26.299999237060547,25.270000457763672,25.479999542236328,105487341.0,2687817400.3917274,1.0
2026-05-27,25.489999771118164,25.700000762939453,25.0,25.56999969482422,104368842.0,2668711258.089157,1.0
2026-05-28,25.579999923706055,25.59000015258789,24.93000030517578,25.100000381469727,80011644.0,2008292294.92202,1.0
2026-05-29,25.11000061035156,25.26000022888184,24.700000762939453,24.89999961853028,78816141.0,1962521880.834028,1.0
2026-06-01,24.959999084472656,25.459999084472656,24.920000076293945,25.21999931335449,94146752.0,2374381020.794556,1.0
2026-06-02,25.229999542236328,25.25,24.5,24.639999389648438,90389306.0,2227192444.670746,1.0
2026-06-03,24.450000762939453,24.479999542236328,24.059999465942383,24.25,84399284.0,2046682637.0,1.0
2026-06-04,24.200000762939453,24.200000762939453,23.71999931335449,23.799999237060547,81987591.0,1951304603.248432,1.0
2026-06-05,23.559999465942383,23.81999969482422,23.420000076293945,23.450000762939453,67817130.0,1590311750.240364,1.0
2026-06-08,23.030000686645508,23.329999923706055,22.65999984741211,22.860000610351562,74712327.0,1707923840.8207855,1.0
2026-06-09,23.0,23.09000015258789,22.6299991607666,23.040000915527344,53748133.0,1238357033.5278854,1.0
2026-06-10,22.799999237060547,22.860000610351562,22.549999237060547,22.68000030517578,49329988.0,1118804142.8943176,1.0
2026-06-11,22.649999618530273,23.06999969482422,22.600000381469727,22.850000381469727,52953793.0,1209994190.250269,1.0
2026-06-12,23.049999237060547,23.36000061035156,22.850000381469727,23.239999771118164,70418480.0,1636525459.082489,1.0
2026-06-15,23.489999771118164,23.799999237060547,23.309999465942383,23.459999084472656,65476572.0,1536080319.174408,1.0
2026-06-16,23.5,23.670000076293945,23.280000686645508,23.540000915527344,60651577.0,1427738178.1081772,1.0
2026-06-17,23.540000915527344,23.559999465942383,23.1200008392334,23.31999969482422,62670398.0,1461473662.2345123,1.0
2026-06-18,23.299999237060547,23.3700008392334,22.96999931335449,23.059999465942383,60888211.0,1404082113.142187,1.0
2026-06-22,23.18000030517578,23.93000030517578,22.89999961853028,23.88999938964844,92457285.0,2208804482.218552,1.0
2026-06-23,23.950000762939453,23.950000762939453,23.059999465942383,23.170000076293945,80770614.0,1871455132.5423088,1.0
2026-06-24,23.56999969482422,23.57999992370605,22.89999961853028,22.950000762939453,60155705.0,1380573475.645161,1.0
2026-06-25,22.8799991607666,23.030000686645508,22.68000030517578,22.829999923706055,61778533.0,1410403903.676672,1.0
