date,open,high,low,close,volume,amount,factor
2021-04-05,22.910564422607425,22.910564422607425,22.910564422607425,22.910564422607425,0.0,0.0,1.0
2021-04-06,22.910564422607425,22.910564422607425,22.910564422607425,22.910564422607425,1900.0,43530.0724029541,1.0
2021-04-07,22.910564422607425,22.910564422607425,22.910564422607425,22.910564422607425,0.0,0.0,1.0
2021-04-08,22.910564422607425,22.910564422607425,22.910564422607425,22.910564422607425,0.0,0.0,1.0
2021-04-09,22.910564422607425,22.910564422607425,22.910564422607425,22.910564422607425,0.0,0.0,1.0
2021-04-12,22.910564422607425,22.910564422607425,22.910564422607425,22.910564422607425,0.0,0.0,1.0
2021-04-13,22.910564422607425,22.910564422607425,22.910564422607425,22.910564422607425,0.0,0.0,1.0
2021-04-14,22.910564422607425,22.910564422607425,22.910564422607425,22.910564422607425,0.0,0.0,1.0
2021-04-15,22.910564422607425,22.910564422607425,22.910564422607425,22.910564422607425,0.0,0.0,1.0
2021-04-16,24.11703491210937,24.11703491210937,24.11703491210937,24.11703491210937,100.0,2411.703491210937,1.0
2021-04-19,24.11703491210937,24.11703491210937,24.11703491210937,24.11703491210937,0.0,0.0,1.0
2021-04-20,24.11703491210937,24.11703491210937,24.11703491210937,24.11703491210937,0.0,0.0,1.0
2021-04-21,24.11703491210937,24.11703491210937,24.11703491210937,24.11703491210937,0.0,0.0,1.0
2021-04-22,23.81807333138487,24.11703491210937,23.81807333138487,24.11703491210937,1400.0,33763.848876953125,1.0
2021-04-23,24.11703491210937,24.11703491210937,24.11703491210937,24.11703491210937,200.0,4823.406982421875,1.0
2021-04-26,24.11703491210937,24.11703491210937,24.11703491210937,24.11703491210937,0.0,0.0,1.0
2021-04-27,24.7791805267334,24.7791805267334,24.7791805267334,24.7791805267334,200.0,4955.83610534668,1.0
2021-04-28,24.7791805267334,24.7791805267334,24.7791805267334,24.7791805267334,0.0,0.0,1.0
2021-04-29,24.7791805267334,24.7791805267334,24.7791805267334,24.7791805267334,600.0,14867.50831604004,1.0
2021-04-30,25.903484344482425,25.903484344482425,25.903484344482425,25.903484344482425,400.0,10361.393737792969,1.0
2021-05-03,25.724836349487305,25.724836349487305,25.724836349487305,25.724836349487305,100.0,2572.4836349487305,1.0
2021-05-04,25.724836349487305,25.724836349487305,25.724836349487305,25.724836349487305,0.0,0.0,1.0
2021-05-05,25.778249740600582,25.778249740600582,25.778249740600582,25.778249740600582,500.0,12889.124870300291,1.0
2021-05-06,26.17510986328125,26.17510986328125,26.17510986328125,26.17510986328125,100.0,2617.510986328125,1.0
2021-05-07,26.17510986328125,26.17510986328125,26.17510986328125,26.17510986328125,0.0,0.0,1.0
2021-05-10,26.17510986328125,26.17510986328125,26.17510986328125,26.17510986328125,0.0,0.0,1.0
2021-05-11,26.9753532409668,26.9753532409668,26.9753532409668,26.9753532409668,100.0,2697.53532409668,1.0
2021-05-12,26.9753532409668,26.9753532409668,26.9753532409668,26.9753532409668,0.0,0.0,1.0
2021-05-13,27.009565353393555,27.009565353393555,27.009565353393555,27.009565353393555,400.0,10803.826141357422,1.0
2021-05-14,27.009565353393555,27.009565353393555,27.009565353393555,27.009565353393555,0.0,0.0,1.0
2021-05-17,27.099597930908203,27.099597930908203,27.099597930908203,27.099597930908203,100.0,2709.9597930908203,1.0
2021-05-18,27.099597930908203,27.099597930908203,27.099597930908203,27.099597930908203,0.0,0.0,1.0
2021-05-19,26.005077362060547,26.005077362060547,26.005077362060547,26.005077362060547,400.0,10402.03094482422,1.0
2021-05-20,26.1092472076416,26.1092472076416,26.1092472076416,26.1092472076416,200.0,5221.84944152832,1.0
2021-05-21,26.1092472076416,26.1092472076416,26.1092472076416,26.1092472076416,0.0,0.0,1.0
2021-05-24,26.1092472076416,26.1092472076416,26.1092472076416,26.1092472076416,0.0,0.0,1.0
2021-05-25,26.807348251342773,26.807348251342773,26.807348251342773,26.807348251342773,300.0,8042.204475402832,1.0
2021-05-26,26.807348251342773,26.807348251342773,26.807348251342773,26.807348251342773,0.0,0.0,1.0
2021-05-27,26.807348251342773,26.807348251342773,26.807348251342773,26.807348251342773,0.0,0.0,1.0
2021-05-28,26.559404373168945,26.559404373168945,26.559404373168945,26.559404373168945,100.0,2655.9404373168945,1.0
2021-06-01,26.559404373168945,26.559404373168945,26.559404373168945,26.559404373168945,0.0,0.0,1.0
2021-06-02,26.559404373168945,26.559404373168945,26.559404373168945,26.559404373168945,0.0,0.0,1.0
2021-06-03,26.654300273044395,26.7163314819336,26.654300273044395,26.7163314819336,1700.0,45417.76351928711,1.0
2021-06-04,26.7163314819336,26.7163314819336,26.7163314819336,26.7163314819336,0.0,0.0,1.0
2021-06-07,26.80249214172364,26.80249214172364,26.80249214172364,26.80249214172364,400.0,10720.996856689451,1.0
2021-06-08,27.099596053885737,27.639787673950195,27.099596053885737,27.639787673950195,1000.0,27639.787673950195,1.0
2021-06-09,27.639787673950195,27.639787673950195,27.639787673950195,27.639787673950195,0.0,0.0,1.0
2021-06-10,27.23464282614286,27.4597225189209,27.23464282614286,27.4597225189209,9100.0,249883.4749221801,1.0
2021-06-11,27.4597225189209,27.4597225189209,27.4597225189209,27.4597225189209,0.0,0.0,1.0
2021-06-14,27.4597225189209,27.4597225189209,27.4597225189209,27.4597225189209,0.0,0.0,1.0
2021-06-15,27.4597225189209,27.4597225189209,27.4597225189209,27.4597225189209,0.0,0.0,1.0
2021-06-16,27.4597225189209,27.4597225189209,27.4597225189209,27.4597225189209,0.0,0.0,1.0
2021-06-17,27.4597225189209,27.4597225189209,27.4597225189209,27.4597225189209,0.0,0.0,1.0
2021-06-18,27.4597225189209,27.4597225189209,27.4597225189209,27.4597225189209,0.0,0.0,1.0
2021-06-21,26.89360237121582,26.89360237121582,26.89360237121582,26.89360237121582,200.0,5378.720474243164,1.0
2021-06-22,26.89360237121582,26.89360237121582,26.89360237121582,26.89360237121582,0.0,0.0,1.0
2021-06-23,26.89360237121582,26.89360237121582,26.89360237121582,26.89360237121582,0.0,0.0,1.0
2021-06-24,26.89360237121582,26.89360237121582,26.89360237121582,26.89360237121582,0.0,0.0,1.0
2021-06-25,27.68480110168457,27.68480110168457,27.68480110168457,27.68480110168457,300.0,8305.440330505371,1.0
2021-06-28,27.0412556442634,27.279659271240234,27.0412556442634,27.279659271240234,400.0,10911.863708496094,1.0
2021-06-29,27.279659271240234,27.279659271240234,27.279659271240234,27.279659271240234,0.0,0.0,1.0
2021-06-30,26.6494369506836,26.6494369506836,26.6494369506836,26.6494369506836,400.0,10659.774780273438,1.0
2021-07-01,27.059619903564453,27.059619903564453,27.059619903564453,27.059619903564453,400.0,10823.84796142578,1.0
2021-07-02,27.059619903564453,27.059619903564453,27.059619903564453,27.059619903564453,0.0,0.0,1.0
2021-07-06,27.059619903564453,27.059619903564453,27.059619903564453,27.059619903564453,0.0,0.0,1.0
2021-07-07,27.36897437740513,27.38923072814941,27.36897437740513,27.38923072814941,900.0,24650.30765533448,1.0
2021-07-08,27.38923072814941,27.38923072814941,27.38923072814941,27.38923072814941,0.0,0.0,1.0
2021-07-09,27.38923072814941,27.38923072814941,27.38923072814941,27.38923072814941,0.0,0.0,1.0
2021-07-12,27.38923072814941,27.38923072814941,27.38923072814941,27.38923072814941,0.0,0.0,1.0
2021-07-13,27.38923072814941,27.38923072814941,27.38923072814941,27.38923072814941,0.0,0.0,1.0
2021-07-14,27.38923072814941,27.38923072814941,27.38923072814941,27.38923072814941,100.0,2738.9230728149414,1.0
2021-07-15,27.38923072814941,27.38923072814941,27.38923072814941,27.38923072814941,0.0,0.0,1.0
2021-07-16,27.38923072814941,27.38923072814941,27.38923072814941,27.38923072814941,400.0,10955.692291259766,1.0
2021-07-19,27.38923072814941,27.38923072814941,27.38923072814941,27.38923072814941,100.0,2738.9230728149414,1.0
2021-07-20,27.38923072814941,27.38923072814941,27.38923072814941,27.38923072814941,100.0,2738.9230728149414,1.0
2021-07-21,27.38923072814941,27.38923072814941,27.38923072814941,27.38923072814941,100.0,2738.9230728149414,1.0
2021-07-22,27.38923072814941,27.38923072814941,27.38923072814941,27.38923072814941,0.0,0.0,1.0
2021-07-23,27.38923072814941,27.38923072814941,27.38923072814941,27.38923072814941,0.0,0.0,1.0
2021-07-26,27.38923072814941,27.38923072814941,27.38923072814941,27.38923072814941,0.0,0.0,1.0
2021-07-27,27.38923072814941,27.38923072814941,27.38923072814941,27.38923072814941,0.0,0.0,1.0
2021-07-28,27.38923072814941,27.38923072814941,27.38923072814941,27.38923072814941,0.0,0.0,1.0
2021-07-29,27.38923072814941,27.38923072814941,27.38923072814941,27.38923072814941,0.0,0.0,1.0
2021-07-30,27.38923072814941,27.38923072814941,27.38923072814941,27.38923072814941,0.0,0.0,1.0
2021-08-02,27.38923072814941,27.38923072814941,27.38923072814941,27.38923072814941,0.0,0.0,1.0
2021-08-03,27.38923072814941,27.38923072814941,27.38923072814941,27.38923072814941,0.0,0.0,1.0
2021-08-04,26.60252952575684,26.60252952575684,26.60252952575684,26.60252952575684,200.0,5320.505905151367,1.0
2021-08-05,26.60252952575684,26.60252952575684,26.60252952575684,26.60252952575684,0.0,0.0,1.0
2021-08-06,26.55940530084962,26.55940530084962,26.52339172363281,26.52339172363281,20600.0,546381.8695068359,1.0
2021-08-09,26.52339172363281,26.52339172363281,26.52339172363281,26.52339172363281,0.0,0.0,1.0
2021-08-10,26.52339172363281,26.52339172363281,26.52339172363281,26.52339172363281,0.0,0.0,1.0
2021-08-11,26.52339172363281,26.52339172363281,26.52339172363281,26.52339172363281,0.0,0.0,1.0
2021-08-12,26.784486770629883,26.784486770629883,26.784486770629883,26.784486770629883,300.0,8035.346031188965,1.0
2021-08-13,26.70741844177246,26.70741844177246,26.70741844177246,26.70741844177246,200.0,5341.483688354492,1.0
2021-08-16,26.289219090054686,26.37934061059727,26.199277877807617,26.199277877807617,23700.0,620922.8857040405,1.0
2021-08-17,26.23025131225586,26.23025131225586,26.23025131225586,26.23025131225586,300.0,7869.075393676758,1.0
2021-08-18,26.23025131225586,26.23025131225586,26.23025131225586,26.23025131225586,0.0,0.0,1.0
2021-08-19,26.23025131225586,26.23025131225586,26.23025131225586,26.23025131225586,0.0,0.0,1.0
2021-08-20,25.907752990722656,25.907752990722656,25.907752990722656,25.907752990722656,100.0,2590.7752990722656,1.0
2021-08-23,25.907752990722656,25.907752990722656,25.907752990722656,25.907752990722656,1000.0,25907.752990722656,1.0
2021-08-24,25.907752990722656,25.907752990722656,25.907752990722656,25.907752990722656,0.0,0.0,1.0
2021-08-25,25.907752990722656,25.907752990722656,25.907752990722656,25.907752990722656,0.0,0.0,1.0
2021-08-26,25.907752990722656,25.907752990722656,25.907752990722656,25.907752990722656,0.0,0.0,1.0
2021-08-27,25.907752990722656,25.907752990722656,25.907752990722656,25.907752990722656,0.0,0.0,1.0
2021-08-30,25.907752990722656,25.907752990722656,25.907752990722656,25.907752990722656,0.0,0.0,1.0
2021-08-31,25.907752990722656,25.907752990722656,25.907752990722656,25.907752990722656,0.0,0.0,1.0
2021-09-01,25.907752990722656,25.907752990722656,25.907752990722656,25.907752990722656,0.0,0.0,1.0
2021-09-02,25.907752990722656,25.907752990722656,25.907752990722656,25.907752990722656,16500.0,427477.9243469238,1.0
2021-09-03,25.907752990722656,25.907752990722656,25.907752990722656,25.907752990722656,0.0,0.0,1.0
2021-09-07,25.907752990722656,25.907752990722656,25.907752990722656,25.907752990722656,0.0,0.0,1.0
2021-09-08,25.907752990722656,25.907752990722656,25.907752990722656,25.907752990722656,0.0,0.0,1.0
2021-09-09,26.51439110341371,26.604421615600582,26.51439110341371,26.604421615600582,400.0,10641.768646240234,1.0
2021-09-10,26.604421615600582,26.604421615600582,26.604421615600582,26.604421615600582,0.0,0.0,1.0
2021-09-13,26.604421615600582,26.604421615600582,26.604421615600582,26.604421615600582,0.0,0.0,1.0
2021-09-14,26.604421615600582,26.604421615600582,26.604421615600582,26.604421615600582,0.0,0.0,1.0
2021-09-15,26.604421615600582,26.604421615600582,26.604421615600582,26.604421615600582,0.0,0.0,1.0
2021-09-16,26.604421615600582,26.604421615600582,26.604421615600582,26.604421615600582,0.0,0.0,1.0
2021-09-17,25.94790840148925,25.94790840148925,25.94790840148925,25.94790840148925,200.0,5189.581680297852,1.0
2021-09-20,25.94790840148925,25.94790840148925,25.94790840148925,25.94790840148925,500.0,12973.954200744629,1.0
2021-09-21,26.46937370300293,26.46937370300293,26.46937370300293,26.46937370300293,300.0,7940.812110900879,1.0
2021-09-22,26.46937370300293,26.46937370300293,26.46937370300293,26.46937370300293,0.0,0.0,1.0
2021-09-23,26.46937370300293,26.46937370300293,26.46937370300293,26.46937370300293,0.0,0.0,1.0
2021-09-24,26.46937370300293,26.46937370300293,26.46937370300293,26.46937370300293,0.0,0.0,1.0
2021-09-27,26.46937370300293,26.46937370300293,26.46937370300293,26.46937370300293,0.0,0.0,1.0
2021-09-28,26.46937370300293,26.46937370300293,26.46937370300293,26.46937370300293,0.0,0.0,1.0
2021-09-29,26.46937370300293,26.46937370300293,26.46937370300293,26.46937370300293,0.0,0.0,1.0
2021-09-30,26.46937370300293,26.46937370300293,26.46937370300293,26.46937370300293,0.0,0.0,1.0
2021-10-01,26.46937370300293,26.46937370300293,26.46937370300293,26.46937370300293,0.0,0.0,1.0
2021-10-04,26.46937370300293,26.46937370300293,26.46937370300293,26.46937370300293,0.0,0.0,1.0
2021-10-05,26.46937370300293,26.46937370300293,26.46937370300293,26.46937370300293,0.0,0.0,1.0
2021-10-06,26.46937370300293,26.46937370300293,26.46937370300293,26.46937370300293,0.0,0.0,1.0
2021-10-07,26.46937370300293,26.46937370300293,26.46937370300293,26.46937370300293,0.0,0.0,1.0
2021-10-08,26.46937370300293,26.46937370300293,26.46937370300293,26.46937370300293,0.0,0.0,1.0
2021-10-11,26.46937370300293,26.46937370300293,26.46937370300293,26.46937370300293,0.0,0.0,1.0
2021-10-12,26.46937370300293,26.46937370300293,26.46937370300293,26.46937370300293,0.0,0.0,1.0
2021-10-13,26.46937370300293,26.46937370300293,26.46937370300293,26.46937370300293,0.0,0.0,1.0
2021-10-14,26.46937370300293,26.46937370300293,26.46937370300293,26.46937370300293,0.0,0.0,1.0
2021-10-15,26.46937370300293,26.46937370300293,26.46937370300293,26.46937370300293,0.0,0.0,1.0
2021-10-18,26.46937370300293,26.46937370300293,26.46937370300293,26.46937370300293,0.0,0.0,1.0
2021-10-19,26.46937370300293,26.46937370300293,26.46937370300293,26.46937370300293,0.0,0.0,1.0
2021-10-20,26.46937370300293,26.46937370300293,26.46937370300293,26.46937370300293,0.0,0.0,1.0
2021-10-21,26.46937370300293,26.46937370300293,26.46937370300293,26.46937370300293,0.0,0.0,1.0
2021-10-22,26.46937370300293,26.46937370300293,26.46937370300293,26.46937370300293,0.0,0.0,1.0
2021-10-25,26.46937370300293,26.46937370300293,26.46937370300293,26.46937370300293,0.0,0.0,1.0
2021-10-26,26.46937370300293,26.46937370300293,26.46937370300293,26.46937370300293,0.0,0.0,1.0
2021-10-27,26.46937370300293,26.46937370300293,26.46937370300293,26.46937370300293,0.0,0.0,1.0
2021-10-28,26.46937370300293,26.46937370300293,26.46937370300293,26.46937370300293,0.0,0.0,1.0
2021-10-29,28.99026356231693,28.99026356231693,28.08994483947754,28.08994483947754,1200.0,33707.93380737305,1.0
2021-11-01,28.08994483947754,28.08994483947754,28.08994483947754,28.08994483947754,0.0,0.0,1.0
2021-11-02,28.08994483947754,28.08994483947754,28.08994483947754,28.08994483947754,0.0,0.0,1.0
2021-11-03,28.411396026611328,28.411396026611328,28.411396026611328,28.411396026611328,0.0,0.0,1.0
2021-11-04,28.411396026611328,28.411396026611328,28.411396026611328,28.411396026611328,0.0,0.0,1.0
2021-11-05,28.411396026611328,28.411396026611328,28.411396026611328,28.411396026611328,0.0,0.0,1.0
2021-11-08,28.411396026611328,28.411396026611328,28.411396026611328,28.411396026611328,0.0,0.0,1.0
2021-11-09,28.291378021240234,28.291378021240234,28.291378021240234,28.291378021240234,300.0,8487.41340637207,1.0
2021-11-10,28.291378021240234,28.291378021240234,28.291378021240234,28.291378021240234,0.0,0.0,1.0
2021-11-11,28.291378021240234,28.291378021240234,28.291378021240234,28.291378021240234,0.0,0.0,1.0
2021-11-12,28.291378021240234,28.291378021240234,28.291378021240234,28.291378021240234,0.0,0.0,1.0
2021-11-15,28.291378021240234,28.291378021240234,28.291378021240234,28.291378021240234,0.0,0.0,1.0
2021-11-16,28.291378021240234,28.291378021240234,28.291378021240234,28.291378021240234,0.0,0.0,1.0
2021-11-17,28.291378021240234,28.291378021240234,28.291378021240234,28.291378021240234,0.0,0.0,1.0
2021-11-18,26.64479255676269,26.64479255676269,26.64479255676269,26.64479255676269,500.0,13322.396278381348,1.0
2021-11-19,26.64479255676269,26.64479255676269,26.64479255676269,26.64479255676269,0.0,0.0,1.0
2021-11-22,26.64479255676269,26.64479255676269,26.64479255676269,26.64479255676269,0.0,0.0,1.0
2021-11-23,26.64479255676269,26.64479255676269,26.64479255676269,26.64479255676269,0.0,0.0,1.0
2021-11-24,26.64479255676269,26.64479255676269,26.64479255676269,26.64479255676269,0.0,0.0,1.0
2021-11-26,26.64479255676269,26.64479255676269,26.64479255676269,26.64479255676269,0.0,0.0,1.0
2021-11-29,25.04209518432617,25.04209518432617,25.04209518432617,25.04209518432617,200.0,5008.419036865234,1.0
2021-11-30,25.04209518432617,25.04209518432617,25.04209518432617,25.04209518432617,700.0,17529.46662902832,1.0
2021-12-01,25.04209518432617,25.04209518432617,25.04209518432617,25.04209518432617,0.0,0.0,1.0
2021-12-02,25.04209518432617,25.04209518432617,25.04209518432617,25.04209518432617,500.0,12521.047592163086,1.0
2021-12-03,25.04209518432617,25.04209518432617,25.04209518432617,25.04209518432617,0.0,0.0,1.0
2021-12-06,25.04209518432617,25.04209518432617,25.04209518432617,25.04209518432617,0.0,0.0,1.0
2021-12-07,25.04209518432617,25.04209518432617,25.04209518432617,25.04209518432617,0.0,0.0,1.0
2021-12-08,25.04209518432617,25.04209518432617,25.04209518432617,25.04209518432617,0.0,0.0,1.0
2021-12-09,25.04209518432617,25.04209518432617,25.04209518432617,25.04209518432617,0.0,0.0,1.0
2021-12-10,25.04209518432617,25.04209518432617,25.04209518432617,25.04209518432617,0.0,0.0,1.0
2021-12-13,25.04209518432617,25.04209518432617,25.04209518432617,25.04209518432617,0.0,0.0,1.0
2021-12-14,25.04209518432617,25.04209518432617,25.04209518432617,25.04209518432617,0.0,0.0,1.0
2021-12-15,25.04209518432617,25.04209518432617,25.04209518432617,25.04209518432617,0.0,0.0,1.0
2021-12-16,25.04209518432617,25.04209518432617,25.04209518432617,25.04209518432617,0.0,0.0,1.0
2021-12-17,25.04209518432617,25.04209518432617,25.04209518432617,25.04209518432617,0.0,0.0,1.0
2021-12-20,25.04209518432617,25.04209518432617,25.04209518432617,25.04209518432617,0.0,0.0,1.0
2021-12-21,25.04209518432617,25.04209518432617,25.04209518432617,25.04209518432617,0.0,0.0,1.0
2021-12-22,25.04209518432617,25.04209518432617,25.04209518432617,25.04209518432617,400.0,10016.838073730469,1.0
2021-12-23,25.04209518432617,25.04209518432617,25.04209518432617,25.04209518432617,0.0,0.0,1.0
2021-12-27,25.04209518432617,25.04209518432617,25.04209518432617,25.04209518432617,0.0,0.0,1.0
2021-12-28,25.04209518432617,25.04209518432617,25.04209518432617,25.04209518432617,0.0,0.0,1.0
2021-12-29,25.04209518432617,25.04209518432617,25.04209518432617,25.04209518432617,0.0,0.0,1.0
2021-12-30,25.04209518432617,25.04209518432617,25.04209518432617,25.04209518432617,0.0,0.0,1.0
2021-12-31,25.04209518432617,25.04209518432617,25.04209518432617,25.04209518432617,0.0,0.0,1.0
2022-01-03,25.04209518432617,25.04209518432617,25.04209518432617,25.04209518432617,0.0,0.0,1.0
2022-01-04,25.04209518432617,25.04209518432617,25.04209518432617,25.04209518432617,0.0,0.0,1.0
2022-01-05,25.04209518432617,25.04209518432617,25.04209518432617,25.04209518432617,0.0,0.0,1.0
2022-01-06,25.04209518432617,25.04209518432617,25.04209518432617,25.04209518432617,0.0,0.0,1.0
2022-01-07,25.04209518432617,25.04209518432617,25.04209518432617,25.04209518432617,0.0,0.0,1.0
2022-01-10,25.04209518432617,25.04209518432617,25.04209518432617,25.04209518432617,0.0,0.0,1.0
2022-01-11,25.04209518432617,25.04209518432617,25.04209518432617,25.04209518432617,0.0,0.0,1.0
2022-01-12,25.04209518432617,25.04209518432617,25.04209518432617,25.04209518432617,0.0,0.0,1.0
2022-01-13,25.04209518432617,25.04209518432617,25.04209518432617,25.04209518432617,0.0,0.0,1.0
2022-01-14,25.04209518432617,25.04209518432617,25.04209518432617,25.04209518432617,0.0,0.0,1.0
2022-01-18,25.04209518432617,25.04209518432617,25.04209518432617,25.04209518432617,0.0,0.0,1.0
2022-01-19,25.04209518432617,25.04209518432617,25.04209518432617,25.04209518432617,0.0,0.0,1.0
2022-01-20,25.04209518432617,25.04209518432617,25.04209518432617,25.04209518432617,0.0,0.0,1.0
2022-01-21,25.04209518432617,25.04209518432617,25.04209518432617,25.04209518432617,0.0,0.0,1.0
2022-01-24,25.04209518432617,25.04209518432617,25.04209518432617,25.04209518432617,0.0,0.0,1.0
2022-01-25,25.04209518432617,25.04209518432617,25.04209518432617,25.04209518432617,0.0,0.0,1.0
2022-01-26,25.04209518432617,25.04209518432617,25.04209518432617,25.04209518432617,200.0,5008.419036865234,1.0
2022-01-27,25.04209518432617,25.04209518432617,25.04209518432617,25.04209518432617,0.0,0.0,1.0
2022-01-28,23.539569854736328,23.539569854736328,23.539569854736328,23.539569854736328,500.0,11769.784927368164,1.0
2022-01-31,23.539569854736328,23.539569854736328,23.539569854736328,23.539569854736328,0.0,0.0,1.0
2022-02-01,24.905502319335938,24.905502319335938,24.905502319335938,24.905502319335938,1200.0,29886.602783203125,1.0
2022-02-02,24.905502319335938,24.905502319335938,24.905502319335938,24.905502319335938,300.0,7471.650695800781,1.0
2022-02-03,24.905502319335938,24.905502319335938,24.905502319335938,24.905502319335938,0.0,0.0,1.0
2022-02-04,24.905502319335938,24.905502319335938,24.905502319335938,24.905502319335938,0.0,0.0,1.0
2022-02-07,24.905502319335938,24.905502319335938,24.905502319335938,24.905502319335938,0.0,0.0,1.0
2022-02-08,24.905502319335938,24.905502319335938,24.905502319335938,24.905502319335938,0.0,0.0,1.0
2022-02-09,24.905502319335938,24.905502319335938,24.905502319335938,24.905502319335938,500.0,12452.751159667969,1.0
2022-02-10,24.905502319335938,24.905502319335938,24.905502319335938,24.905502319335938,0.0,0.0,1.0
2022-02-11,24.905502319335938,24.905502319335938,24.905502319335938,24.905502319335938,0.0,0.0,1.0
2022-02-14,24.905502319335938,24.905502319335938,24.905502319335938,24.905502319335938,0.0,0.0,1.0
2022-02-15,25.725061416625977,25.725061416625977,25.725061416625977,25.725061416625977,400.0,10290.02456665039,1.0
2022-02-16,25.725061416625977,25.725061416625977,25.725061416625977,25.725061416625977,1100.0,28297.56755828857,1.0
2022-02-17,25.725061416625977,25.725061416625977,25.725061416625977,25.725061416625977,0.0,0.0,1.0
2022-02-18,25.725061416625977,25.725061416625977,25.725061416625977,25.725061416625977,0.0,0.0,1.0
2022-02-22,25.725061416625977,25.725061416625977,25.725061416625977,25.725061416625977,700.0,18007.542991638184,1.0
2022-02-23,25.725061416625977,25.725061416625977,25.725061416625977,25.725061416625977,0.0,0.0,1.0
2022-02-24,25.725061416625977,25.725061416625977,25.725061416625977,25.725061416625977,0.0,0.0,1.0
2022-02-25,25.725061416625977,25.725061416625977,25.725061416625977,25.725061416625977,0.0,0.0,1.0
2022-02-28,25.679533004760746,25.679533004760746,25.679533004760746,25.679533004760746,1100.0,28247.486305236816,1.0
2022-03-01,25.679533004760746,25.679533004760746,25.679533004760746,25.679533004760746,0.0,0.0,1.0
2022-03-02,25.679533004760746,25.679533004760746,25.679533004760746,25.679533004760746,0.0,0.0,1.0
2022-03-03,23.676164627075195,23.676164627075195,23.676164627075195,23.676164627075195,500.0,11838.082313537598,1.0
2022-03-04,23.676164627075195,23.676164627075195,23.676164627075195,23.676164627075195,1000.0,23676.164627075195,1.0
2022-03-07,23.676164627075195,23.676164627075195,23.676164627075195,23.676164627075195,0.0,0.0,1.0
2022-03-08,23.676164627075195,23.676164627075195,23.676164627075195,23.676164627075195,0.0,0.0,1.0
2022-03-09,23.676164627075195,23.676164627075195,23.676164627075195,23.676164627075195,0.0,0.0,1.0
2022-03-10,23.357446670532227,23.357446670532227,23.357446670532227,23.357446670532227,1800.0,42043.40400695801,1.0
2022-03-11,22.94766616821289,22.94766616821289,22.94766616821289,22.94766616821289,1200.0,27537.19940185547,1.0
2022-03-14,22.94766616821289,22.94766616821289,22.94766616821289,22.94766616821289,0.0,0.0,1.0
2022-03-15,22.94766616821289,22.94766616821289,22.94766616821289,22.94766616821289,0.0,0.0,1.0
2022-03-16,22.94766616821289,22.94766616821289,22.94766616821289,22.94766616821289,0.0,0.0,1.0
2022-03-17,22.94766616821289,22.94766616821289,22.94766616821289,22.94766616821289,0.0,0.0,1.0
2022-03-18,22.94766616821289,22.94766616821289,22.94766616821289,22.94766616821289,0.0,0.0,1.0
2022-03-21,22.94766616821289,22.94766616821289,22.94766616821289,22.94766616821289,0.0,0.0,1.0
2022-03-22,22.94766616821289,22.94766616821289,22.94766616821289,22.94766616821289,0.0,0.0,1.0
2022-03-23,22.94766616821289,22.94766616821289,22.94766616821289,22.94766616821289,0.0,0.0,1.0
2022-03-24,22.94766616821289,22.94766616821289,22.94766616821289,22.94766616821289,0.0,0.0,1.0
2022-03-25,22.94766616821289,22.94766616821289,22.94766616821289,22.94766616821289,0.0,0.0,1.0
2022-03-28,23.4485092163086,23.4485092163086,23.4485092163086,23.4485092163086,300.0,7034.552764892578,1.0
2022-03-29,23.4485092163086,23.4485092163086,23.4485092163086,23.4485092163086,0.0,0.0,1.0
2022-03-30,23.4485092163086,23.4485092163086,23.4485092163086,23.4485092163086,0.0,0.0,1.0
2022-03-31,23.4485092163086,23.4485092163086,23.4485092163086,23.4485092163086,0.0,0.0,1.0
2022-04-01,23.4485092163086,23.4485092163086,23.4485092163086,23.4485092163086,0.0,0.0,1.0
2022-04-04,23.4485092163086,23.4485092163086,23.4485092163086,23.4485092163086,0.0,0.0,1.0
2022-04-05,23.4485092163086,23.4485092163086,23.4485092163086,23.4485092163086,0.0,0.0,1.0
2022-04-06,23.4485092163086,23.4485092163086,23.4485092163086,23.4485092163086,0.0,0.0,1.0
2022-04-07,23.4485092163086,23.4485092163086,23.4485092163086,23.4485092163086,0.0,0.0,1.0
2022-04-08,23.4485092163086,23.4485092163086,23.4485092163086,23.4485092163086,0.0,0.0,1.0
2022-04-11,23.4485092163086,23.4485092163086,23.4485092163086,23.4485092163086,0.0,0.0,1.0
2022-04-12,23.4485092163086,23.4485092163086,23.4485092163086,23.4485092163086,0.0,0.0,1.0
2022-04-13,23.4485092163086,23.4485092163086,23.4485092163086,23.4485092163086,0.0,0.0,1.0
2022-04-14,23.4485092163086,23.4485092163086,23.4485092163086,23.4485092163086,0.0,0.0,1.0
2022-04-18,23.4485092163086,23.4485092163086,23.4485092163086,23.4485092163086,0.0,0.0,1.0
2022-04-19,23.4485092163086,23.4485092163086,23.4485092163086,23.4485092163086,1600.0,37517.61474609375,1.0
2022-04-20,23.4485092163086,23.4485092163086,23.4485092163086,23.4485092163086,0.0,0.0,1.0
2022-04-21,23.4485092163086,23.4485092163086,23.4485092163086,23.4485092163086,0.0,0.0,1.0
2022-04-22,23.4485092163086,23.4485092163086,23.4485092163086,23.4485092163086,0.0,0.0,1.0
2022-04-25,23.4485092163086,23.4485092163086,23.4485092163086,23.4485092163086,0.0,0.0,1.0
2022-04-26,23.4485092163086,23.4485092163086,23.4485092163086,23.4485092163086,0.0,0.0,1.0
2022-04-27,22.583415985107425,22.583415985107425,22.583415985107425,22.583415985107425,300.0,6775.024795532227,1.0
2022-04-28,22.583415985107425,22.583415985107425,22.583415985107425,22.583415985107425,0.0,0.0,1.0
2022-04-29,22.583415985107425,22.583415985107425,22.583415985107425,22.583415985107425,0.0,0.0,1.0
2022-05-02,22.583415985107425,22.583415985107425,22.583415985107425,22.583415985107425,0.0,0.0,1.0
2022-05-03,22.583415985107425,22.583415985107425,22.583415985107425,22.583415985107425,0.0,0.0,1.0
2022-05-04,22.583415985107425,22.583415985107425,22.583415985107425,22.583415985107425,0.0,0.0,1.0
2022-05-05,22.583415985107425,22.583415985107425,22.583415985107425,22.583415985107425,0.0,0.0,1.0
2022-05-06,22.583415985107425,22.583415985107425,22.583415985107425,22.583415985107425,0.0,0.0,1.0
2022-05-09,22.583415985107425,22.583415985107425,22.583415985107425,22.583415985107425,0.0,0.0,1.0
2022-05-10,22.583415985107425,22.583415985107425,22.583415985107425,22.583415985107425,0.0,0.0,1.0
2022-05-11,22.853418350219727,22.853418350219727,22.853418350219727,22.853418350219727,0.0,0.0,1.0
2022-05-12,22.853418350219727,22.853418350219727,22.853418350219727,22.853418350219727,0.0,0.0,1.0
2022-05-13,22.853418350219727,22.853418350219727,22.853418350219727,22.853418350219727,1800.0,41136.15303039551,1.0
2022-05-16,22.853418350219727,22.853418350219727,22.853418350219727,22.853418350219727,0.0,0.0,1.0
2022-05-17,22.853418350219727,22.853418350219727,22.853418350219727,22.853418350219727,0.0,0.0,1.0
2022-05-18,22.853418350219727,22.853418350219727,22.853418350219727,22.853418350219727,0.0,0.0,1.0
2022-05-19,22.853418350219727,22.853418350219727,22.853418350219727,22.853418350219727,0.0,0.0,1.0
2022-05-20,22.853418350219727,22.853418350219727,22.853418350219727,22.853418350219727,0.0,0.0,1.0
2022-05-23,22.853418350219727,22.853418350219727,22.853418350219727,22.853418350219727,35900.0,820437.7187728882,1.0
2022-05-24,22.853418350219727,22.853418350219727,22.853418350219727,22.853418350219727,0.0,0.0,1.0
2022-05-25,22.853418350219727,22.853418350219727,22.853418350219727,22.853418350219727,0.0,0.0,1.0
2022-05-26,22.853418350219727,22.853418350219727,22.853418350219727,22.853418350219727,0.0,0.0,1.0
2022-05-27,22.853418350219727,22.853418350219727,22.853418350219727,22.853418350219727,0.0,0.0,1.0
2022-05-31,22.853418350219727,22.853418350219727,22.853418350219727,22.853418350219727,0.0,0.0,1.0
2022-06-01,24.788589477539062,24.788589477539062,24.788589477539062,24.788589477539062,100.0,2478.8589477539062,1.0
2022-06-02,24.788589477539062,24.788589477539062,24.788589477539062,24.788589477539062,0.0,0.0,1.0
2022-06-03,24.788589477539062,24.788589477539062,24.788589477539062,24.788589477539062,0.0,0.0,1.0
2022-06-06,25.98655128479004,25.98655128479004,25.98655128479004,25.98655128479004,200.0,5197.310256958008,1.0
2022-06-07,25.98655128479004,25.98655128479004,25.98655128479004,25.98655128479004,0.0,0.0,1.0
2022-06-08,25.98655128479004,25.98655128479004,25.98655128479004,25.98655128479004,0.0,0.0,1.0
2022-06-09,25.98655128479004,25.98655128479004,25.98655128479004,25.98655128479004,0.0,0.0,1.0
2022-06-10,25.98655128479004,25.98655128479004,25.98655128479004,25.98655128479004,0.0,0.0,1.0
2022-06-13,25.98655128479004,25.98655128479004,25.98655128479004,25.98655128479004,0.0,0.0,1.0
2022-06-14,22.438739776611328,22.438739776611328,22.438739776611328,22.438739776611328,100.0,2243.873977661133,1.0
2022-06-15,22.438739776611328,22.438739776611328,22.438739776611328,22.438739776611328,0.0,0.0,1.0
2022-06-16,21.79368438933352,22.11621284484864,21.79368438933352,22.11621284484864,600.0,13269.72770690918,1.0
2022-06-17,22.11621284484864,22.11621284484864,22.11621284484864,22.11621284484864,0.0,0.0,1.0
2022-06-21,23.636703491210938,23.636703491210938,23.636703491210938,23.636703491210938,100.0,2363.6703491210938,1.0
2022-06-22,23.636703491210938,23.636703491210938,23.636703491210938,23.636703491210938,0.0,0.0,1.0
2022-06-23,23.636703491210938,23.636703491210938,23.636703491210938,23.636703491210938,0.0,0.0,1.0
2022-06-24,23.636703491210938,23.636703491210938,23.636703491210938,23.636703491210938,0.0,0.0,1.0
2022-06-27,23.636703491210938,23.636703491210938,23.636703491210938,23.636703491210938,0.0,0.0,1.0
2022-06-28,23.636703491210938,23.636703491210938,23.636703491210938,23.636703491210938,0.0,0.0,1.0
2022-06-29,23.636703491210938,23.636703491210938,23.636703491210938,23.636703491210938,0.0,0.0,1.0
2022-06-30,23.636703491210938,23.636703491210938,23.636703491210938,23.636703491210938,0.0,0.0,1.0
2022-07-01,23.636703491210938,23.636703491210938,23.636703491210938,23.636703491210938,0.0,0.0,1.0
2022-07-05,23.86708068847656,23.86708068847656,23.86708068847656,23.86708068847656,200.0,4773.4161376953125,1.0
2022-07-06,23.86708068847656,23.86708068847656,23.86708068847656,23.86708068847656,0.0,0.0,1.0
2022-07-07,23.86708068847656,23.86708068847656,23.86708068847656,23.86708068847656,0.0,0.0,1.0
2022-07-08,23.86708068847656,23.86708068847656,23.86708068847656,23.86708068847656,0.0,0.0,1.0
2022-07-11,23.86708068847656,23.86708068847656,23.86708068847656,23.86708068847656,0.0,0.0,1.0
2022-07-12,23.86708068847656,23.86708068847656,23.86708068847656,23.86708068847656,400.0,9546.832275390623,1.0
2022-07-13,23.86708068847656,23.86708068847656,23.86708068847656,23.86708068847656,0.0,0.0,1.0
2022-07-14,23.86708068847656,23.86708068847656,23.86708068847656,23.86708068847656,0.0,0.0,1.0
2022-07-15,23.86708068847656,23.86708068847656,23.86708068847656,23.86708068847656,0.0,0.0,1.0
2022-07-18,23.86708068847656,23.86708068847656,23.86708068847656,23.86708068847656,0.0,0.0,1.0
2022-07-19,23.86708068847656,23.86708068847656,23.86708068847656,23.86708068847656,0.0,0.0,1.0
2022-07-20,24.788589477539062,24.788589477539062,24.788589477539062,24.788589477539062,100.0,2478.8589477539062,1.0
2022-07-21,24.788589477539062,24.788589477539062,24.788589477539062,24.788589477539062,0.0,0.0,1.0
2022-07-22,24.788589477539062,24.788589477539062,24.788589477539062,24.788589477539062,0.0,0.0,1.0
2022-07-25,24.788589477539062,24.788589477539062,24.788589477539062,24.788589477539062,0.0,0.0,1.0
2022-07-26,24.788589477539062,24.788589477539062,24.788589477539062,24.788589477539062,3800.0,94196.64001464844,1.0
2022-07-27,24.788589477539062,24.788589477539062,24.788589477539062,24.788589477539062,0.0,0.0,1.0
2022-07-28,24.788589477539062,24.788589477539062,24.788589477539062,24.788589477539062,0.0,0.0,1.0
2022-07-29,24.788589477539062,24.788589477539062,24.788589477539062,24.788589477539062,0.0,0.0,1.0
2022-08-01,24.788589477539062,24.788589477539062,24.788589477539062,24.788589477539062,0.0,0.0,1.0
2022-08-02,24.788589477539062,24.788589477539062,24.788589477539062,24.788589477539062,0.0,0.0,1.0
2022-08-03,24.788589477539062,24.788589477539062,24.788589477539062,24.788589477539062,0.0,0.0,1.0
2022-08-04,24.696435928344727,24.696435928344727,24.696435928344727,24.696435928344727,100.0,2469.6435928344727,1.0
2022-08-05,24.696435928344727,24.696435928344727,24.696435928344727,24.696435928344727,0.0,0.0,1.0
2022-08-08,24.696435928344727,24.696435928344727,24.696435928344727,24.696435928344727,0.0,0.0,1.0
2022-08-09,24.696435928344727,24.696435928344727,24.696435928344727,24.696435928344727,0.0,0.0,1.0
2022-08-10,24.696435928344727,24.696435928344727,24.696435928344727,24.696435928344727,100.0,2469.6435928344727,1.0
2022-08-11,24.696435928344727,24.696435928344727,24.696435928344727,24.696435928344727,0.0,0.0,1.0
2022-08-12,24.696435928344727,24.696435928344727,24.696435928344727,24.696435928344727,600.0,14817.861557006836,1.0
2022-08-15,24.696435928344727,24.696435928344727,24.696435928344727,24.696435928344727,0.0,0.0,1.0
2022-08-16,24.696435928344727,24.696435928344727,24.696435928344727,24.696435928344727,0.0,0.0,1.0
2022-08-17,24.696435928344727,24.696435928344727,24.696435928344727,24.696435928344727,0.0,0.0,1.0
2022-08-18,24.696435928344727,24.696435928344727,24.696435928344727,24.696435928344727,0.0,0.0,1.0
2022-08-19,24.696435928344727,24.696435928344727,24.696435928344727,24.696435928344727,0.0,0.0,1.0
2022-08-22,24.696435928344727,24.696435928344727,24.696435928344727,24.696435928344727,0.0,0.0,1.0
2022-08-23,24.82544708251953,24.82544708251953,24.82544708251953,24.82544708251953,300.0,7447.634124755859,1.0
2022-08-24,24.64114761352539,24.64114761352539,24.64114761352539,24.64114761352539,100.0,2464.114761352539,1.0
2022-08-25,24.64114761352539,24.64114761352539,24.64114761352539,24.64114761352539,0.0,0.0,1.0
2022-08-26,24.64114761352539,24.64114761352539,24.64114761352539,24.64114761352539,0.0,0.0,1.0
2022-08-29,24.64114761352539,24.64114761352539,24.64114761352539,24.64114761352539,0.0,0.0,1.0
2022-08-30,24.64114761352539,24.64114761352539,24.64114761352539,24.64114761352539,600.0,14784.688568115234,1.0
2022-08-31,24.64114761352539,24.64114761352539,24.64114761352539,24.64114761352539,0.0,0.0,1.0
2022-09-01,24.64114761352539,24.64114761352539,24.64114761352539,24.64114761352539,3900.0,96100.47569274902,1.0
2022-09-02,24.64114761352539,24.64114761352539,24.64114761352539,24.64114761352539,2800.0,68995.2133178711,1.0
2022-09-06,24.64114761352539,24.64114761352539,24.64114761352539,24.64114761352539,0.0,0.0,1.0
2022-09-07,24.64114761352539,24.64114761352539,24.64114761352539,24.64114761352539,0.0,0.0,1.0
2022-09-08,22.48481750488281,22.48481750488281,22.48481750488281,22.48481750488281,5200.0,116921.05102539062,1.0
2022-09-09,22.48481750488281,22.48481750488281,22.48481750488281,22.48481750488281,0.0,0.0,1.0
2022-09-12,22.48481750488281,22.48481750488281,22.48481750488281,22.48481750488281,0.0,0.0,1.0
2022-09-13,22.48481750488281,22.48481750488281,22.48481750488281,22.48481750488281,0.0,0.0,1.0
2022-09-14,23.37868309020996,23.37868309020996,23.37868309020996,23.37868309020996,100.0,2337.868309020996,1.0
2022-09-15,23.37868309020996,23.37868309020996,23.37868309020996,23.37868309020996,0.0,0.0,1.0
2022-09-16,23.37868309020996,23.37868309020996,23.37868309020996,23.37868309020996,100.0,2337.868309020996,1.0
2022-09-19,23.37868309020996,23.37868309020996,23.37868309020996,23.37868309020996,0.0,0.0,1.0
2022-09-20,23.37868309020996,23.37868309020996,23.37868309020996,23.37868309020996,0.0,0.0,1.0
2022-09-21,23.37868309020996,23.37868309020996,23.37868309020996,23.37868309020996,0.0,0.0,1.0
2022-09-22,23.37868309020996,23.37868309020996,23.37868309020996,23.37868309020996,6300.0,147285.70346832275,1.0
2022-09-23,23.37868309020996,23.37868309020996,23.37868309020996,23.37868309020996,5000.0,116893.4154510498,1.0
2022-09-26,23.37868309020996,23.37868309020996,23.37868309020996,23.37868309020996,0.0,0.0,1.0
2022-09-27,23.37868309020996,23.37868309020996,23.37868309020996,23.37868309020996,0.0,0.0,1.0
2022-09-28,23.37868309020996,23.37868309020996,23.37868309020996,23.37868309020996,0.0,0.0,1.0
2022-09-29,23.37868309020996,23.37868309020996,23.37868309020996,23.37868309020996,0.0,0.0,1.0
2022-09-30,23.37868309020996,23.37868309020996,23.37868309020996,23.37868309020996,0.0,0.0,1.0
2022-10-03,23.37868309020996,23.37868309020996,23.37868309020996,23.37868309020996,0.0,0.0,1.0
2022-10-04,23.37868309020996,23.37868309020996,23.37868309020996,23.37868309020996,0.0,0.0,1.0
2022-10-05,23.37868309020996,23.37868309020996,23.37868309020996,23.37868309020996,0.0,0.0,1.0
2022-10-06,23.37868309020996,23.37868309020996,23.37868309020996,23.37868309020996,0.0,0.0,1.0
2022-10-07,23.37868309020996,23.37868309020996,23.37868309020996,23.37868309020996,0.0,0.0,1.0
2022-10-10,23.37868309020996,23.37868309020996,23.37868309020996,23.37868309020996,0.0,0.0,1.0
2022-10-11,20.54494857788086,20.54494857788086,20.54494857788086,20.54494857788086,1500.0,30817.42286682129,1.0
2022-10-12,20.54494857788086,20.54494857788086,20.54494857788086,20.54494857788086,0.0,0.0,1.0
2022-10-13,20.54494857788086,20.54494857788086,20.54494857788086,20.54494857788086,100.0,2054.494857788086,1.0
2022-10-14,20.54494857788086,20.54494857788086,20.54494857788086,20.54494857788086,0.0,0.0,1.0
2022-10-17,20.54494857788086,20.54494857788086,20.54494857788086,20.54494857788086,0.0,0.0,1.0
2022-10-18,22.75205421447754,22.75205421447754,22.75205421447754,22.75205421447754,200.0,4550.410842895508,1.0
2022-10-19,22.75205421447754,22.75205421447754,22.75205421447754,22.75205421447754,0.0,0.0,1.0
2022-10-20,22.75205421447754,22.75205421447754,22.75205421447754,22.75205421447754,0.0,0.0,1.0
2022-10-21,20.27319526672364,20.27319526672364,20.27319526672364,20.27319526672364,400.0,8109.278106689453,1.0
2022-10-24,20.27319526672364,20.27319526672364,20.27319526672364,20.27319526672364,0.0,0.0,1.0
2022-10-25,20.27319526672364,20.27319526672364,20.27319526672364,20.27319526672364,0.0,0.0,1.0
2022-10-26,20.27319526672364,20.27319526672364,20.27319526672364,20.27319526672364,0.0,0.0,1.0
2022-10-27,20.27319526672364,20.27319526672364,20.27319526672364,20.27319526672364,0.0,0.0,1.0
2022-10-28,20.27319526672364,20.27319526672364,20.27319526672364,20.27319526672364,0.0,0.0,1.0
2022-10-31,20.27319526672364,20.27319526672364,20.27319526672364,20.27319526672364,0.0,0.0,1.0
2022-11-01,20.27319526672364,20.27319526672364,20.27319526672364,20.27319526672364,0.0,0.0,1.0
2022-11-02,20.27319526672364,20.27319526672364,20.27319526672364,20.27319526672364,0.0,0.0,1.0
2022-11-03,20.655317306518555,20.655317306518555,20.655317306518555,20.655317306518555,0.0,0.0,1.0
2022-11-04,20.655317306518555,20.655317306518555,20.655317306518555,20.655317306518555,0.0,0.0,1.0
2022-11-07,20.655317306518555,20.655317306518555,20.655317306518555,20.655317306518555,0.0,0.0,1.0
2022-11-08,20.655317306518555,20.655317306518555,20.655317306518555,20.655317306518555,0.0,0.0,1.0
2022-11-09,20.655317306518555,20.655317306518555,20.655317306518555,20.655317306518555,0.0,0.0,1.0
2022-11-10,20.655317306518555,20.655317306518555,20.655317306518555,20.655317306518555,0.0,0.0,1.0
2022-11-11,20.655317306518555,20.655317306518555,20.655317306518555,20.655317306518555,0.0,0.0,1.0
2022-11-14,20.655317306518555,20.655317306518555,20.655317306518555,20.655317306518555,0.0,0.0,1.0
2022-11-15,20.655317306518555,20.655317306518555,20.655317306518555,20.655317306518555,0.0,0.0,1.0
2022-11-16,20.655317306518555,20.655317306518555,20.655317306518555,20.655317306518555,0.0,0.0,1.0
2022-11-17,20.655317306518555,20.655317306518555,20.655317306518555,20.655317306518555,0.0,0.0,1.0
2022-11-18,20.655317306518555,20.655317306518555,20.655317306518555,20.655317306518555,0.0,0.0,1.0
2022-11-21,23.2747859954834,23.2747859954834,23.2747859954834,23.2747859954834,500.0,11637.3929977417,1.0
2022-11-22,23.2747859954834,23.2747859954834,23.2747859954834,23.2747859954834,0.0,0.0,1.0
2022-11-23,23.2747859954834,23.2747859954834,23.2747859954834,23.2747859954834,0.0,0.0,1.0
2022-11-25,23.2747859954834,23.2747859954834,23.2747859954834,23.2747859954834,0.0,0.0,1.0
2022-11-28,23.2747859954834,23.2747859954834,23.2747859954834,23.2747859954834,0.0,0.0,1.0
2022-11-29,23.2747859954834,23.2747859954834,23.2747859954834,23.2747859954834,0.0,0.0,1.0
2022-11-30,23.2747859954834,23.2747859954834,23.2747859954834,23.2747859954834,0.0,0.0,1.0
2022-12-01,23.2747859954834,23.2747859954834,23.2747859954834,23.2747859954834,0.0,0.0,1.0
2022-12-02,23.2747859954834,23.2747859954834,23.2747859954834,23.2747859954834,0.0,0.0,1.0
2022-12-05,23.2747859954834,23.2747859954834,23.2747859954834,23.2747859954834,0.0,0.0,1.0
2022-12-06,23.2747859954834,23.2747859954834,23.2747859954834,23.2747859954834,0.0,0.0,1.0
2022-12-07,23.2747859954834,23.2747859954834,23.2747859954834,23.2747859954834,0.0,0.0,1.0
2022-12-08,23.2747859954834,23.2747859954834,23.2747859954834,23.2747859954834,0.0,0.0,1.0
2022-12-09,23.2747859954834,23.2747859954834,23.2747859954834,23.2747859954834,0.0,0.0,1.0
2022-12-12,23.2747859954834,23.2747859954834,23.2747859954834,23.2747859954834,0.0,0.0,1.0
2022-12-13,23.2747859954834,23.2747859954834,23.2747859954834,23.2747859954834,0.0,0.0,1.0
2022-12-14,23.2747859954834,23.2747859954834,23.2747859954834,23.2747859954834,0.0,0.0,1.0
2022-12-15,23.2747859954834,23.2747859954834,23.2747859954834,23.2747859954834,0.0,0.0,1.0
2022-12-16,23.2747859954834,23.2747859954834,23.2747859954834,23.2747859954834,0.0,0.0,1.0
2022-12-19,23.2747859954834,23.2747859954834,23.2747859954834,23.2747859954834,0.0,0.0,1.0
2022-12-20,23.64094924926757,23.64094924926757,23.64094924926757,23.64094924926757,100.0,2364.094924926758,1.0
2022-12-21,23.64094924926757,23.64094924926757,23.64094924926757,23.64094924926757,0.0,0.0,1.0
2022-12-22,23.64094924926757,23.64094924926757,23.64094924926757,23.64094924926757,0.0,0.0,1.0
2022-12-23,23.64094924926757,23.64094924926757,23.64094924926757,23.64094924926757,0.0,0.0,1.0
2022-12-27,23.64094924926757,23.64094924926757,23.64094924926757,23.64094924926757,0.0,0.0,1.0
2022-12-28,23.64094924926757,23.64094924926757,23.64094924926757,23.64094924926757,0.0,0.0,1.0
2022-12-29,23.64094924926757,23.64094924926757,23.64094924926757,23.64094924926757,0.0,0.0,1.0
2022-12-30,23.64094924926757,23.64094924926757,23.64094924926757,23.64094924926757,0.0,0.0,1.0
2023-01-03,23.64094924926757,23.64094924926757,23.64094924926757,23.64094924926757,0.0,0.0,1.0
2023-01-04,23.64094924926757,23.64094924926757,23.64094924926757,23.64094924926757,0.0,0.0,1.0
2023-01-05,23.64094924926757,23.64094924926757,23.64094924926757,23.64094924926757,0.0,0.0,1.0
2023-01-06,23.64094924926757,23.64094924926757,23.64094924926757,23.64094924926757,0.0,0.0,1.0
2023-01-09,23.64094924926757,23.64094924926757,23.64094924926757,23.64094924926757,0.0,0.0,1.0
2023-01-10,23.64094924926757,23.64094924926757,23.64094924926757,23.64094924926757,0.0,0.0,1.0
2023-01-11,23.64094924926757,23.64094924926757,23.64094924926757,23.64094924926757,0.0,0.0,1.0
2023-01-12,23.64094924926757,23.64094924926757,23.64094924926757,23.64094924926757,0.0,0.0,1.0
2023-01-13,23.64094924926757,23.64094924926757,23.64094924926757,23.64094924926757,0.0,0.0,1.0
2023-01-17,23.64094924926757,23.64094924926757,23.64094924926757,23.64094924926757,0.0,0.0,1.0
2023-01-18,23.64094924926757,23.64094924926757,23.64094924926757,23.64094924926757,0.0,0.0,1.0
2023-01-19,23.64094924926757,23.64094924926757,23.64094924926757,23.64094924926757,0.0,0.0,1.0
2023-01-20,23.64094924926757,23.64094924926757,23.64094924926757,23.64094924926757,0.0,0.0,1.0
2023-01-23,28.156951904296875,28.156951904296875,28.156951904296875,28.156951904296875,100.0,2815.6951904296875,1.0
2023-01-24,28.156951904296875,28.156951904296875,28.156951904296875,28.156951904296875,0.0,0.0,1.0
2023-01-25,28.156951904296875,28.156951904296875,28.156951904296875,28.156951904296875,0.0,0.0,1.0
2023-01-26,28.156951904296875,28.156951904296875,28.156951904296875,28.156951904296875,0.0,0.0,1.0
2023-01-27,28.156951904296875,28.156951904296875,28.156951904296875,28.156951904296875,0.0,0.0,1.0
2023-01-30,28.156951904296875,28.156951904296875,28.156951904296875,28.156951904296875,0.0,0.0,1.0
2023-01-31,28.156951904296875,28.156951904296875,28.156951904296875,28.156951904296875,0.0,0.0,1.0
2023-02-01,28.156951904296875,28.156951904296875,28.156951904296875,28.156951904296875,0.0,0.0,1.0
2023-02-02,28.156951904296875,28.156951904296875,28.156951904296875,28.156951904296875,0.0,0.0,1.0
2023-02-03,28.156951904296875,28.156951904296875,28.156951904296875,28.156951904296875,0.0,0.0,1.0
2023-02-06,28.156951904296875,28.156951904296875,28.156951904296875,28.156951904296875,0.0,0.0,1.0
2023-02-07,28.156951904296875,28.156951904296875,28.156951904296875,28.156951904296875,0.0,0.0,1.0
2023-02-08,28.156951904296875,28.156951904296875,28.156951904296875,28.156951904296875,0.0,0.0,1.0
2023-02-09,28.156951904296875,28.156951904296875,28.156951904296875,28.156951904296875,0.0,0.0,1.0
2023-02-10,28.156951904296875,28.156951904296875,28.156951904296875,28.156951904296875,0.0,0.0,1.0
2023-02-13,28.156951904296875,28.156951904296875,28.156951904296875,28.156951904296875,0.0,0.0,1.0
2023-02-14,28.156951904296875,28.156951904296875,28.156951904296875,28.156951904296875,0.0,0.0,1.0
2023-02-15,28.156951904296875,28.156951904296875,28.156951904296875,28.156951904296875,0.0,0.0,1.0
2023-02-16,28.156951904296875,28.156951904296875,28.156951904296875,28.156951904296875,0.0,0.0,1.0
2023-02-17,28.156951904296875,28.156951904296875,28.156951904296875,28.156951904296875,0.0,0.0,1.0
2023-02-21,28.156951904296875,28.156951904296875,28.156951904296875,28.156951904296875,0.0,0.0,1.0
2023-02-22,28.156951904296875,28.156951904296875,28.156951904296875,28.156951904296875,0.0,0.0,1.0
2023-02-23,28.156951904296875,28.156951904296875,28.156951904296875,28.156951904296875,0.0,0.0,1.0
2023-02-24,25.819149017333984,25.819149017333984,25.819149017333984,25.819149017333984,100.0,2581.9149017333984,1.0
2023-02-27,25.819149017333984,25.819149017333984,25.819149017333984,25.819149017333984,0.0,0.0,1.0
2023-02-28,25.819149017333984,25.819149017333984,25.819149017333984,25.819149017333984,0.0,0.0,1.0
2023-03-01,25.819149017333984,25.819149017333984,25.819149017333984,25.819149017333984,0.0,0.0,1.0
2023-03-02,26.6171932220459,26.6171932220459,26.6171932220459,26.6171932220459,4300.0,114453.93085479736,1.0
2023-03-03,26.6171932220459,26.6171932220459,26.6171932220459,26.6171932220459,0.0,0.0,1.0
2023-03-06,26.6171932220459,26.6171932220459,26.6171932220459,26.6171932220459,0.0,0.0,1.0
2023-03-07,26.6171932220459,26.6171932220459,26.6171932220459,26.6171932220459,0.0,0.0,1.0
2023-03-08,26.6171932220459,26.6171932220459,26.6171932220459,26.6171932220459,300.0,7985.1579666137695,1.0
2023-03-09,26.42472076416016,26.42472076416016,26.42472076416016,26.42472076416016,200.0,5284.944152832031,1.0
2023-03-10,26.42472076416016,26.42472076416016,26.42472076416016,26.42472076416016,0.0,0.0,1.0
2023-03-13,26.42472076416016,26.42472076416016,26.42472076416016,26.42472076416016,0.0,0.0,1.0
2023-03-14,26.42472076416016,26.42472076416016,26.42472076416016,26.42472076416016,0.0,0.0,1.0
2023-03-15,26.42472076416016,26.42472076416016,26.42472076416016,26.42472076416016,3700.0,97771.46682739258,1.0
2023-03-16,26.42472076416016,26.42472076416016,26.42472076416016,26.42472076416016,0.0,0.0,1.0
2023-03-17,26.42472076416016,26.42472076416016,26.42472076416016,26.42472076416016,0.0,0.0,1.0
2023-03-20,26.42472076416016,26.42472076416016,26.42472076416016,26.42472076416016,0.0,0.0,1.0
2023-03-21,26.42472076416016,26.42472076416016,26.42472076416016,26.42472076416016,0.0,0.0,1.0
2023-03-22,26.64536094665528,26.64536094665528,26.64536094665528,26.64536094665528,600.0,15987.216567993164,1.0
2023-03-23,26.64536094665528,26.64536094665528,26.64536094665528,26.64536094665528,0.0,0.0,1.0
2023-03-24,26.64536094665528,26.64536094665528,26.64536094665528,26.64536094665528,0.0,0.0,1.0
2023-03-27,25.91303443908692,25.91303443908692,25.91303443908692,25.91303443908692,200.0,5182.606887817383,1.0
2023-03-28,25.91303443908692,25.91303443908692,25.91303443908692,25.91303443908692,0.0,0.0,1.0
2023-03-29,25.91303443908692,25.91303443908692,25.91303443908692,25.91303443908692,0.0,0.0,1.0
2023-03-30,25.91303443908692,25.91303443908692,25.91303443908692,25.91303443908692,0.0,0.0,1.0
2023-03-31,25.91303443908692,25.91303443908692,25.91303443908692,25.91303443908692,0.0,0.0,1.0
2023-04-03,25.91303443908692,25.91303443908692,25.91303443908692,25.91303443908692,0.0,0.0,1.0
2023-04-04,25.91303443908692,25.91303443908692,25.91303443908692,25.91303443908692,0.0,0.0,1.0
2023-04-05,25.91303443908692,25.91303443908692,25.91303443908692,25.91303443908692,0.0,0.0,1.0
2023-04-06,25.91303443908692,25.91303443908692,25.91303443908692,25.91303443908692,0.0,0.0,1.0
2023-04-10,25.91303443908692,25.91303443908692,25.91303443908692,25.91303443908692,0.0,0.0,1.0
2023-04-11,25.91303443908692,25.91303443908692,25.91303443908692,25.91303443908692,0.0,0.0,1.0
2023-04-12,25.91303443908692,25.91303443908692,25.91303443908692,25.91303443908692,0.0,0.0,1.0
2023-04-13,25.91303443908692,25.91303443908692,25.91303443908692,25.91303443908692,0.0,0.0,1.0
2023-04-14,25.91303443908692,25.91303443908692,25.91303443908692,25.91303443908692,0.0,0.0,1.0
2023-04-17,25.91303443908692,25.91303443908692,25.91303443908692,25.91303443908692,0.0,0.0,1.0
2023-04-18,25.91303443908692,25.91303443908692,25.91303443908692,25.91303443908692,0.0,0.0,1.0
2023-04-19,27.94100952148437,27.94100952148437,27.94100952148437,27.94100952148437,100.0,2794.100952148437,1.0
2023-04-20,27.94100952148437,27.94100952148437,27.94100952148437,27.94100952148437,0.0,0.0,1.0
2023-04-21,27.94100952148437,27.94100952148437,27.94100952148437,27.94100952148437,0.0,0.0,1.0
2023-04-24,27.94100952148437,27.94100952148437,27.94100952148437,27.94100952148437,0.0,0.0,1.0
2023-04-25,27.94100952148437,27.94100952148437,27.94100952148437,27.94100952148437,0.0,0.0,1.0
2023-04-26,27.94100952148437,27.94100952148437,27.94100952148437,27.94100952148437,0.0,0.0,1.0
2023-04-27,27.94100952148437,27.94100952148437,27.94100952148437,27.94100952148437,0.0,0.0,1.0
2023-04-28,27.94100952148437,27.94100952148437,27.94100952148437,27.94100952148437,0.0,0.0,1.0
2023-05-01,27.94100952148437,27.94100952148437,27.94100952148437,27.94100952148437,0.0,0.0,1.0
2023-05-02,27.94100952148437,27.94100952148437,27.94100952148437,27.94100952148437,0.0,0.0,1.0
2023-05-03,27.94100952148437,27.94100952148437,27.94100952148437,27.94100952148437,0.0,0.0,1.0
2023-05-04,27.94100952148437,27.94100952148437,27.94100952148437,27.94100952148437,0.0,0.0,1.0
2023-05-05,27.94100952148437,27.94100952148437,27.94100952148437,27.94100952148437,0.0,0.0,1.0
2023-05-08,27.94100952148437,27.94100952148437,27.94100952148437,27.94100952148437,0.0,0.0,1.0
2023-05-09,27.94100952148437,27.94100952148437,27.94100952148437,27.94100952148437,0.0,0.0,1.0
2023-05-10,27.94100952148437,27.94100952148437,27.94100952148437,27.94100952148437,0.0,0.0,1.0
2023-05-11,27.94100952148437,27.94100952148437,27.94100952148437,27.94100952148437,0.0,0.0,1.0
2023-05-12,27.94100952148437,27.94100952148437,27.94100952148437,27.94100952148437,0.0,0.0,1.0
2023-05-15,27.94100952148437,27.94100952148437,27.94100952148437,27.94100952148437,0.0,0.0,1.0
2023-05-16,27.94100952148437,27.94100952148437,27.94100952148437,27.94100952148437,0.0,0.0,1.0
2023-05-17,27.94100952148437,27.94100952148437,27.94100952148437,27.94100952148437,0.0,0.0,1.0
2023-05-18,27.94100952148437,27.94100952148437,27.94100952148437,27.94100952148437,0.0,0.0,1.0
2023-05-19,27.94100952148437,27.94100952148437,27.94100952148437,27.94100952148437,0.0,0.0,1.0
2023-05-22,27.94100952148437,27.94100952148437,27.94100952148437,27.94100952148437,0.0,0.0,1.0
2023-05-23,27.94100952148437,27.94100952148437,27.94100952148437,27.94100952148437,0.0,0.0,1.0
2023-05-24,29.3117733001709,29.3117733001709,29.3117733001709,29.3117733001709,600.0,17587.06398010254,1.0
2023-05-25,29.3117733001709,29.3117733001709,29.3117733001709,29.3117733001709,0.0,0.0,1.0
2023-05-26,29.3117733001709,29.3117733001709,29.3117733001709,29.3117733001709,0.0,0.0,1.0
2023-05-30,29.3117733001709,29.3117733001709,29.3117733001709,29.3117733001709,0.0,0.0,1.0
2023-05-31,29.3117733001709,29.3117733001709,29.3117733001709,29.3117733001709,0.0,0.0,1.0
2023-06-01,29.3117733001709,29.3117733001709,29.3117733001709,29.3117733001709,0.0,0.0,1.0
2023-06-02,29.3117733001709,29.3117733001709,29.3117733001709,29.3117733001709,0.0,0.0,1.0
2023-06-05,29.3117733001709,29.3117733001709,29.3117733001709,29.3117733001709,0.0,0.0,1.0
2023-06-06,29.3117733001709,29.3117733001709,29.3117733001709,29.3117733001709,0.0,0.0,1.0
2023-06-07,29.3117733001709,29.3117733001709,29.3117733001709,29.3117733001709,0.0,0.0,1.0
2023-06-08,29.3117733001709,29.3117733001709,29.3117733001709,29.3117733001709,0.0,0.0,1.0
2023-06-09,29.3117733001709,29.3117733001709,29.3117733001709,29.3117733001709,0.0,0.0,1.0
2023-06-12,29.3117733001709,29.3117733001709,29.3117733001709,29.3117733001709,0.0,0.0,1.0
2023-06-13,28.68272399902344,28.68272399902344,28.68272399902344,28.68272399902344,5000.0,143413.6199951172,1.0
2023-06-14,28.68272399902344,28.68272399902344,28.68272399902344,28.68272399902344,25700.0,737146.0067749023,1.0
2023-06-15,28.68272399902344,28.68272399902344,28.68272399902344,28.68272399902344,300.0,8604.817199707031,1.0
2023-06-16,28.68272399902344,28.68272399902344,28.68272399902344,28.68272399902344,0.0,0.0,1.0
2023-06-20,28.68272399902344,28.68272399902344,28.68272399902344,28.68272399902344,0.0,0.0,1.0
2023-06-21,30.513540267944336,30.513540267944336,30.513540267944336,30.513540267944336,600.0,18308.1241607666,1.0
2023-06-22,30.513540267944336,30.513540267944336,30.513540267944336,30.513540267944336,0.0,0.0,1.0
2023-06-23,28.68272399902344,28.68272399902344,28.68272399902344,28.68272399902344,0.0,0.0,1.0
2023-06-26,28.68272399902344,28.68272399902344,28.68272399902344,28.68272399902344,0.0,0.0,1.0
2023-06-27,28.68272399902344,28.68272399902344,28.68272399902344,28.68272399902344,0.0,0.0,1.0
2023-06-28,28.68272399902344,28.68272399902344,28.68272399902344,28.68272399902344,0.0,0.0,1.0
2023-06-29,28.68272399902344,28.68272399902344,28.68272399902344,28.68272399902344,0.0,0.0,1.0
2023-06-30,28.68272399902344,28.68272399902344,28.68272399902344,28.68272399902344,0.0,0.0,1.0
2023-07-03,28.68272399902344,28.68272399902344,28.68272399902344,28.68272399902344,0.0,0.0,1.0
2023-07-05,28.97867774963379,28.97867774963379,28.97867774963379,28.97867774963379,0.0,0.0,1.0
2023-07-06,28.97867774963379,28.97867774963379,28.97867774963379,28.97867774963379,0.0,0.0,1.0
2023-07-07,28.97867774963379,28.97867774963379,28.97867774963379,28.97867774963379,0.0,0.0,1.0
2023-07-10,28.97867774963379,28.97867774963379,28.97867774963379,28.97867774963379,0.0,0.0,1.0
2023-07-11,28.97867774963379,28.97867774963379,28.97867774963379,28.97867774963379,0.0,0.0,1.0
2023-07-12,28.97867774963379,28.97867774963379,28.97867774963379,28.97867774963379,0.0,0.0,1.0
2023-07-13,28.97867774963379,28.97867774963379,28.97867774963379,28.97867774963379,0.0,0.0,1.0
2023-07-14,28.97867774963379,28.97867774963379,28.97867774963379,28.97867774963379,0.0,0.0,1.0
2023-07-17,28.97867774963379,28.97867774963379,28.97867774963379,28.97867774963379,0.0,0.0,1.0
2023-07-18,28.97867774963379,28.97867774963379,28.97867774963379,28.97867774963379,0.0,0.0,1.0
2023-07-19,28.97867774963379,28.97867774963379,28.97867774963379,28.97867774963379,0.0,0.0,1.0
2023-07-20,28.97867774963379,28.97867774963379,28.97867774963379,28.97867774963379,0.0,0.0,1.0
2023-07-21,28.97867774963379,28.97867774963379,28.97867774963379,28.97867774963379,0.0,0.0,1.0
2023-07-24,28.97867774963379,28.97867774963379,28.97867774963379,28.97867774963379,0.0,0.0,1.0
2023-07-25,28.97867774963379,28.97867774963379,28.97867774963379,28.97867774963379,0.0,0.0,1.0
2023-07-26,28.97867774963379,28.97867774963379,28.97867774963379,28.97867774963379,0.0,0.0,1.0
2023-07-27,28.97867774963379,28.97867774963379,28.97867774963379,28.97867774963379,0.0,0.0,1.0
2023-07-28,28.97867774963379,28.97867774963379,28.97867774963379,28.97867774963379,0.0,0.0,1.0
2023-07-31,28.97867774963379,28.97867774963379,28.97867774963379,28.97867774963379,0.0,0.0,1.0
2023-08-01,31.682092666625977,31.682092666625977,31.682092666625977,31.682092666625977,100.0,3168.2092666625977,1.0
2023-08-02,31.682092666625977,31.682092666625977,31.682092666625977,31.682092666625977,0.0,0.0,1.0
2023-08-03,31.682092666625977,31.682092666625977,31.682092666625977,31.682092666625977,0.0,0.0,1.0
2023-08-04,31.397523880004883,31.397523880004883,31.397523880004883,31.397523880004883,600.0,18838.51432800293,1.0
2023-08-07,31.397523880004883,31.397523880004883,31.397523880004883,31.397523880004883,0.0,0.0,1.0
2023-08-08,31.397523880004883,31.397523880004883,31.397523880004883,31.397523880004883,0.0,0.0,1.0
2023-08-09,31.397523880004883,31.397523880004883,31.397523880004883,31.397523880004883,0.0,0.0,1.0
2023-08-10,31.397523880004883,31.397523880004883,31.397523880004883,31.397523880004883,0.0,0.0,1.0
2023-08-11,31.397523880004883,31.397523880004883,31.397523880004883,31.397523880004883,0.0,0.0,1.0
2023-08-14,31.397523880004883,31.397523880004883,31.397523880004883,31.397523880004883,0.0,0.0,1.0
2023-08-15,31.397523880004883,31.397523880004883,31.397523880004883,31.397523880004883,0.0,0.0,1.0
2023-08-16,31.397523880004883,31.397523880004883,31.397523880004883,31.397523880004883,0.0,0.0,1.0
2023-08-17,31.397523880004883,31.397523880004883,31.397523880004883,31.397523880004883,0.0,0.0,1.0
2023-08-18,31.397523880004883,31.397523880004883,31.397523880004883,31.397523880004883,0.0,0.0,1.0
2023-08-21,32.2512321472168,32.2512321472168,32.2512321472168,32.2512321472168,100.0,3225.12321472168,1.0
2023-08-22,28.45697021484375,28.45697021484375,28.45697021484375,28.45697021484375,100.0,2845.697021484375,1.0
2023-08-23,28.45697021484375,28.45697021484375,28.45697021484375,28.45697021484375,300.0,8537.091064453125,1.0
2023-08-24,28.45697021484375,28.45697021484375,28.45697021484375,28.45697021484375,0.0,0.0,1.0
2023-08-25,28.45697021484375,28.45697021484375,28.45697021484375,28.45697021484375,0.0,0.0,1.0
2023-08-28,28.45697021484375,28.45697021484375,28.45697021484375,28.45697021484375,0.0,0.0,1.0
2023-08-29,28.45697021484375,28.45697021484375,28.45697021484375,28.45697021484375,0.0,0.0,1.0
2023-08-30,28.45697021484375,28.45697021484375,28.45697021484375,28.45697021484375,0.0,0.0,1.0
2023-08-31,28.45697021484375,28.45697021484375,28.45697021484375,28.45697021484375,0.0,0.0,1.0
2023-09-01,28.45697021484375,28.45697021484375,28.45697021484375,28.45697021484375,0.0,0.0,1.0
2023-09-05,28.45697021484375,28.45697021484375,28.45697021484375,28.45697021484375,0.0,0.0,1.0
2023-09-06,28.45697021484375,28.45697021484375,28.45697021484375,28.45697021484375,0.0,0.0,1.0
2023-09-07,29.97467103779189,29.97467103779189,29.96518516540528,29.96518516540528,400.0,11986.07406616211,1.0
2023-09-08,29.96518516540528,29.96518516540528,29.96518516540528,29.96518516540528,0.0,0.0,1.0
2023-09-11,29.96518516540528,29.96518516540528,29.96518516540528,29.96518516540528,0.0,0.0,1.0
2023-09-12,29.96518516540528,29.96518516540528,29.96518516540528,29.96518516540528,0.0,0.0,1.0
2023-09-13,29.96518516540528,29.96518516540528,29.96518516540528,29.96518516540528,0.0,0.0,1.0
2023-09-14,29.96518516540528,29.96518516540528,29.96518516540528,29.96518516540528,0.0,0.0,1.0
2023-09-15,29.96518516540528,29.96518516540528,29.96518516540528,29.96518516540528,0.0,0.0,1.0
2023-09-18,29.96518516540528,29.96518516540528,29.96518516540528,29.96518516540528,0.0,0.0,1.0
2023-09-19,29.96518516540528,29.96518516540528,29.96518516540528,29.96518516540528,0.0,0.0,1.0
2023-09-20,29.96518516540528,29.96518516540528,29.96518516540528,29.96518516540528,100.0,2996.518516540528,1.0
2023-09-21,29.96518516540528,29.96518516540528,29.96518516540528,29.96518516540528,1900.0,56933.85181427002,1.0
2023-09-22,30.003126901521178,31.5777473449707,30.003126901521178,31.577747344970703,200.0,6315.549468994141,1.0
2023-09-25,31.5777473449707,31.5777473449707,31.5777473449707,31.577747344970703,0.0,0.0,1.0
2023-09-26,31.5777473449707,31.5777473449707,31.5777473449707,31.577747344970703,0.0,0.0,1.0
2023-09-27,31.5777473449707,31.5777473449707,31.5777473449707,31.577747344970703,0.0,0.0,1.0
2023-09-28,31.5777473449707,31.5777473449707,31.5777473449707,31.577747344970703,0.0,0.0,1.0
2023-09-29,28.788969039916992,28.788969039916992,28.788969039916992,28.788969039916992,200.0,5757.793807983398,1.0
2023-10-02,28.788969039916992,28.788969039916992,28.788969039916992,28.788969039916992,0.0,0.0,1.0
2023-10-03,28.45697021484375,28.45697021484375,28.45697021484375,28.45697021484375,200.0,5691.39404296875,1.0
2023-10-04,27.982685089111328,27.982685089111328,27.982685089111328,27.982685089111328,200.0,5596.537017822266,1.0
2023-10-05,27.982685089111328,27.982685089111328,27.982685089111328,27.982685089111328,0.0,0.0,1.0
2023-10-06,27.982685089111328,27.982685089111328,27.982685089111328,27.982685089111328,0.0,0.0,1.0
2023-10-09,27.982685089111328,27.982685089111328,27.982685089111328,27.982685089111328,0.0,0.0,1.0
2023-10-10,28.400051175580685,28.400051175580685,28.03010940551757,28.03010940551757,300.0,8409.032821655273,1.0
2023-10-11,28.03010940551757,28.03010940551757,28.03010940551757,28.03010940551757,0.0,0.0,1.0
2023-10-12,28.03010940551757,28.03010940551757,28.03010940551757,28.03010940551757,0.0,0.0,1.0
2023-10-13,31.10346412658692,31.10346412658692,31.10346412658692,31.10346412658692,200.0,6220.692825317383,1.0
2023-10-16,31.10346412658692,31.10346412658692,31.10346412658692,31.10346412658692,9400.0,292372.562789917,1.0
2023-10-17,30.828384399414062,30.828384399414062,30.828384399414062,30.828384399414062,100.0,3082.8384399414062,1.0
2023-10-18,30.828384399414062,30.828384399414062,30.828384399414062,30.828384399414062,0.0,0.0,1.0
2023-10-19,30.828384399414062,30.828384399414062,30.828384399414062,30.828384399414062,0.0,0.0,1.0
2023-10-20,30.828384399414062,30.828384399414062,30.828384399414062,30.828384399414062,0.0,0.0,1.0
2023-10-23,30.828384399414062,30.828384399414062,30.828384399414062,30.828384399414062,0.0,0.0,1.0
2023-10-24,30.828384399414062,30.828384399414062,30.828384399414062,30.828384399414062,0.0,0.0,1.0
2023-10-25,31.26415634155273,31.26415634155273,31.26415634155273,31.26415634155273,0.0,0.0,1.0
2023-10-26,31.26415634155273,31.26415634155273,31.26415634155273,31.26415634155273,0.0,0.0,1.0
2023-10-27,31.26415634155273,31.26415634155273,31.26415634155273,31.26415634155273,0.0,0.0,1.0
2023-10-30,31.26415634155273,31.26415634155273,31.26415634155273,31.26415634155273,0.0,0.0,1.0
2023-10-31,31.26415634155273,31.26415634155273,31.26415634155273,31.26415634155273,0.0,0.0,1.0
2023-11-01,31.26415634155273,31.26415634155273,31.26415634155273,31.26415634155273,0.0,0.0,1.0
2023-11-02,31.26415634155273,31.26415634155273,31.26415634155273,31.26415634155273,400.0,12505.662536621094,1.0
2023-11-03,31.26415634155273,31.26415634155273,31.26415634155273,31.26415634155273,0.0,0.0,1.0
2023-11-06,31.26415634155273,31.26415634155273,31.26415634155273,31.26415634155273,0.0,0.0,1.0
2023-11-07,31.26415634155273,31.26415634155273,31.26415634155273,31.26415634155273,0.0,0.0,1.0
2023-11-08,31.26415634155273,31.26415634155273,31.26415634155273,31.26415634155273,0.0,0.0,1.0
2023-11-09,31.26415634155273,31.26415634155273,31.26415634155273,31.26415634155273,0.0,0.0,1.0
2023-11-10,31.26415634155273,31.26415634155273,31.26415634155273,31.26415634155273,0.0,0.0,1.0
2023-11-13,31.26415634155273,31.26415634155273,31.26415634155273,31.26415634155273,0.0,0.0,1.0
2023-11-14,31.26415634155273,31.26415634155273,31.26415634155273,31.26415634155273,0.0,0.0,1.0
2023-11-15,31.26415634155273,31.26415634155273,31.26415634155273,31.26415634155273,0.0,0.0,1.0
2023-11-16,31.26415634155273,31.26415634155273,31.26415634155273,31.26415634155273,0.0,0.0,1.0
2023-11-17,36.62234878540039,36.62234878540039,36.62234878540039,36.62234878540039,200.0,7324.469757080078,1.0
2023-11-20,31.5719880680036,31.6104679107666,31.5719880680036,31.6104679107666,600.0,18966.28074645996,1.0
2023-11-21,31.6104679107666,31.6104679107666,31.6104679107666,31.6104679107666,0.0,0.0,1.0
2023-11-22,31.6104679107666,31.6104679107666,31.6104679107666,31.6104679107666,100.0,3161.04679107666,1.0
2023-11-24,31.6104679107666,31.6104679107666,31.6104679107666,31.6104679107666,0.0,0.0,1.0
2023-11-27,31.6104679107666,31.6104679107666,31.6104679107666,31.6104679107666,0.0,0.0,1.0
2023-11-28,31.6104679107666,31.6104679107666,31.6104679107666,31.6104679107666,0.0,0.0,1.0
2023-11-29,31.6104679107666,31.6104679107666,31.6104679107666,31.6104679107666,0.0,0.0,1.0
2023-11-30,31.6104679107666,31.6104679107666,31.6104679107666,31.6104679107666,0.0,0.0,1.0
2023-12-01,31.6104679107666,31.6104679107666,31.6104679107666,31.6104679107666,0.0,0.0,1.0
2023-12-04,31.6104679107666,31.6104679107666,31.6104679107666,31.6104679107666,0.0,0.0,1.0
2023-12-05,31.6104679107666,31.6104679107666,31.6104679107666,31.6104679107666,0.0,0.0,1.0
2023-12-06,31.6104679107666,31.6104679107666,31.6104679107666,31.6104679107666,0.0,0.0,1.0
2023-12-07,31.6104679107666,31.6104679107666,31.6104679107666,31.6104679107666,0.0,0.0,1.0
2023-12-08,31.6104679107666,31.6104679107666,31.6104679107666,31.6104679107666,0.0,0.0,1.0
2023-12-11,31.6104679107666,31.6104679107666,31.6104679107666,31.6104679107666,0.0,0.0,1.0
2023-12-12,31.6104679107666,31.6104679107666,31.6104679107666,31.6104679107666,9900.0,312943.63231658936,1.0
2023-12-13,31.6104679107666,31.6104679107666,31.6104679107666,31.6104679107666,0.0,0.0,1.0
2023-12-14,34.063499450683594,34.063499450683594,34.063499450683594,34.063499450683594,200.0,6812.699890136719,1.0
2023-12-15,34.063499450683594,34.063499450683594,34.063499450683594,34.063499450683594,0.0,0.0,1.0
2023-12-18,34.063499450683594,34.063499450683594,34.063499450683594,34.063499450683594,0.0,0.0,1.0
2023-12-19,34.063499450683594,34.063499450683594,34.063499450683594,34.063499450683594,0.0,0.0,1.0
2023-12-20,34.063499450683594,34.063499450683594,34.063499450683594,34.063499450683594,0.0,0.0,1.0
2023-12-21,34.063499450683594,34.063499450683594,34.063499450683594,34.063499450683594,0.0,0.0,1.0
2023-12-22,34.063499450683594,34.063499450683594,34.063499450683594,34.063499450683594,0.0,0.0,1.0
2023-12-26,34.063499450683594,34.063499450683594,34.063499450683594,34.063499450683594,0.0,0.0,1.0
2023-12-27,34.063499450683594,34.063499450683594,34.063499450683594,34.063499450683594,0.0,0.0,1.0
2023-12-28,34.063499450683594,34.063499450683594,34.063499450683594,34.063499450683594,0.0,0.0,1.0
2023-12-29,34.063499450683594,34.063499450683594,34.063499450683594,34.063499450683594,0.0,0.0,1.0
2024-01-02,34.063499450683594,34.063499450683594,34.063499450683594,34.063499450683594,0.0,0.0,1.0
2024-01-03,34.063499450683594,34.063499450683594,34.063499450683594,34.063499450683594,0.0,0.0,1.0
2024-01-04,34.063499450683594,34.063499450683594,34.063499450683594,34.063499450683594,0.0,0.0,1.0
2024-01-05,37.30535125732422,37.30535125732422,37.30535125732422,37.30535125732422,200.0,7461.070251464844,1.0
2024-01-08,37.30535125732422,37.30535125732422,37.30535125732422,37.30535125732422,0.0,0.0,1.0
2024-01-09,37.30535125732422,37.30535125732422,37.30535125732422,37.30535125732422,0.0,0.0,1.0
2024-01-10,37.30535125732422,37.30535125732422,37.30535125732422,37.30535125732422,0.0,0.0,1.0
2024-01-11,37.30535125732422,37.30535125732422,37.30535125732422,37.30535125732422,0.0,0.0,1.0
2024-01-12,37.30535125732422,37.30535125732422,37.30535125732422,37.30535125732422,0.0,0.0,1.0
2024-01-16,37.30535125732422,37.30535125732422,37.30535125732422,37.30535125732422,0.0,0.0,1.0
2024-01-17,37.30535125732422,37.30535125732422,37.30535125732422,37.30535125732422,0.0,0.0,1.0
2024-01-18,37.30535125732422,37.30535125732422,37.30535125732422,37.30535125732422,0.0,0.0,1.0
2024-01-19,36.55501174926758,36.55501174926758,36.55501174926758,36.55501174926758,200.0,7311.002349853516,1.0
2024-01-22,36.55501174926758,36.55501174926758,36.55501174926758,36.55501174926758,0.0,0.0,1.0
2024-01-23,36.55501174926758,36.55501174926758,36.55501174926758,36.55501174926758,0.0,0.0,1.0
2024-01-24,36.55501174926758,36.55501174926758,36.55501174926758,36.55501174926758,0.0,0.0,1.0
2024-01-25,36.55501174926758,36.55501174926758,36.55501174926758,36.55501174926758,0.0,0.0,1.0
2024-01-26,36.55501174926758,36.55501174926758,36.55501174926758,36.55501174926758,0.0,0.0,1.0
2024-01-29,36.55501174926758,36.55501174926758,36.55501174926758,36.55501174926758,0.0,0.0,1.0
2024-01-30,36.55501174926758,36.55501174926758,36.55501174926758,36.55501174926758,0.0,0.0,1.0
2024-01-31,36.55501174926758,36.55501174926758,36.55501174926758,36.55501174926758,0.0,0.0,1.0
2024-02-01,36.55501174926758,36.55501174926758,36.55501174926758,36.55501174926758,0.0,0.0,1.0
2024-02-02,36.55501174926758,36.55501174926758,36.55501174926758,36.55501174926758,0.0,0.0,1.0
2024-02-05,36.55501174926758,36.55501174926758,36.55501174926758,36.55501174926758,0.0,0.0,1.0
2024-02-06,36.55501174926758,36.55501174926758,36.55501174926758,36.55501174926758,300.0,10966.503524780272,1.0
2024-02-07,36.55501174926758,36.55501174926758,36.55501174926758,36.55501174926758,0.0,0.0,1.0
2024-02-08,36.9879035949707,36.9879035949707,36.9879035949707,36.9879035949707,200.0,7397.580718994141,1.0
2024-02-09,36.9879035949707,36.9879035949707,36.9879035949707,36.9879035949707,0.0,0.0,1.0
2024-02-12,36.9879035949707,36.9879035949707,36.9879035949707,36.9879035949707,0.0,0.0,1.0
2024-02-13,36.9879035949707,36.9879035949707,36.9879035949707,36.9879035949707,0.0,0.0,1.0
2024-02-14,36.11250305175781,36.11250305175781,36.11250305175781,36.11250305175781,400.0,14445.001220703123,1.0
2024-02-15,36.11250305175781,36.11250305175781,36.11250305175781,36.11250305175781,0.0,0.0,1.0
2024-02-16,36.11250305175781,36.11250305175781,36.11250305175781,36.11250305175781,0.0,0.0,1.0
2024-02-20,36.11250305175781,36.11250305175781,36.11250305175781,36.11250305175781,0.0,0.0,1.0
2024-02-21,36.11250305175781,36.11250305175781,36.11250305175781,36.11250305175781,0.0,0.0,1.0
2024-02-22,36.11250305175781,36.11250305175781,36.11250305175781,36.11250305175781,0.0,0.0,1.0
2024-02-23,36.11250305175781,36.11250305175781,36.11250305175781,36.11250305175781,0.0,0.0,1.0
2024-02-26,36.11250305175781,36.11250305175781,36.11250305175781,36.11250305175781,0.0,0.0,1.0
2024-02-27,36.11250305175781,36.11250305175781,36.11250305175781,36.11250305175781,0.0,0.0,1.0
2024-02-28,38.0267333984375,38.0267333984375,38.0267333984375,38.0267333984375,300.0,11408.02001953125,1.0
2024-02-29,38.0267333984375,38.0267333984375,38.0267333984375,38.0267333984375,0.0,0.0,1.0
2024-03-01,38.0267333984375,38.0267333984375,38.0267333984375,38.0267333984375,0.0,0.0,1.0
2024-03-04,38.0267333984375,38.0267333984375,38.0267333984375,38.0267333984375,0.0,0.0,1.0
2024-03-05,38.0267333984375,38.0267333984375,38.0267333984375,38.0267333984375,500.0,19013.36669921875,1.0
2024-03-06,35.66047668457031,35.66047668457031,35.66047668457031,35.66047668457031,300.0,10698.143005371094,1.0
2024-03-07,35.66047668457031,35.66047668457031,35.66047668457031,35.66047668457031,0.0,0.0,1.0
2024-03-08,35.66047668457031,35.66047668457031,35.66047668457031,35.66047668457031,0.0,0.0,1.0
2024-03-11,38.49820709228516,38.49820709228516,38.49820709228516,38.49820709228516,200.0,7699.641418457031,1.0
2024-03-12,38.49820709228516,38.49820709228516,38.49820709228516,38.49820709228516,2600.0,100095.3384399414,1.0
2024-03-13,38.49820709228516,38.49820709228516,38.49820709228516,38.49820709228516,0.0,0.0,1.0
2024-03-14,38.49820709228516,38.49820709228516,38.49820709228516,38.49820709228516,0.0,0.0,1.0
2024-03-15,38.49820709228516,38.49820709228516,38.49820709228516,38.49820709228516,0.0,0.0,1.0
2024-03-18,38.49820709228516,38.49820709228516,38.49820709228516,38.49820709228516,3000.0,115494.62127685548,1.0
2024-03-19,38.49820709228516,38.49820709228516,38.49820709228516,38.49820709228516,0.0,0.0,1.0
2024-03-20,38.49820709228516,38.49820709228516,38.49820709228516,38.49820709228516,0.0,0.0,1.0
2024-03-21,38.49820709228516,38.49820709228516,38.49820709228516,38.49820709228516,0.0,0.0,1.0
2024-03-22,38.49820709228516,38.49820709228516,38.49820709228516,38.49820709228516,0.0,0.0,1.0
2024-03-25,38.49820709228516,38.49820709228516,38.49820709228516,38.49820709228516,0.0,0.0,1.0
2024-03-26,38.49820709228516,38.49820709228516,38.49820709228516,38.49820709228516,0.0,0.0,1.0
2024-03-27,38.49820709228516,38.49820709228516,38.49820709228516,38.49820709228516,0.0,0.0,1.0
2024-03-28,38.49820709228516,38.49820709228516,38.49820709228516,38.49820709228516,0.0,0.0,1.0
2024-04-01,38.49820709228516,38.49820709228516,38.49820709228516,38.49820709228516,0.0,0.0,1.0
2024-04-02,38.49820709228516,38.49820709228516,38.49820709228516,38.49820709228516,0.0,0.0,1.0
2024-04-03,39.19371032714844,39.19371032714844,39.19371032714844,39.19371032714844,400.0,15677.484130859377,1.0
2024-04-04,39.19371032714844,39.19371032714844,39.19371032714844,39.19371032714844,0.0,0.0,1.0
2024-04-05,39.19371032714844,39.19371032714844,39.19371032714844,39.19371032714844,0.0,0.0,1.0
2024-04-08,37.18221935820197,37.18221935820197,36.18946075439453,36.18946075439453,4200.0,151995.73516845703,1.0
2024-04-09,36.20870208740234,36.20870208740234,36.20870208740234,36.20870208740234,200.0,7241.740417480469,1.0
2024-04-10,36.20870208740234,36.20870208740234,36.20870208740234,36.20870208740234,0.0,0.0,1.0
2024-04-11,36.15098571777344,36.15098571777344,36.15098571777344,36.15098571777344,300.0,10845.295715332031,1.0
2024-04-12,36.15098571777344,36.15098571777344,36.15098571777344,36.15098571777344,0.0,0.0,1.0
2024-04-15,36.15098571777344,36.15098571777344,36.15098571777344,36.15098571777344,0.0,0.0,1.0
2024-04-16,33.95768079760891,34.73832321166992,33.95768079760891,34.73832321166992,800.0,27790.658569335938,1.0
2024-04-17,34.73832321166992,34.73832321166992,34.73832321166992,34.73832321166992,0.0,0.0,1.0
2024-04-18,34.73832321166992,34.73832321166992,34.73832321166992,34.73832321166992,0.0,0.0,1.0
2024-04-19,34.73832321166992,34.73832321166992,34.73832321166992,34.73832321166992,0.0,0.0,1.0
2024-04-22,34.73832321166992,34.73832321166992,34.73832321166992,34.73832321166992,0.0,0.0,1.0
2024-04-23,34.73832321166992,34.73832321166992,34.73832321166992,34.73832321166992,0.0,0.0,1.0
2024-04-24,34.73832321166992,34.73832321166992,34.73832321166992,34.73832321166992,0.0,0.0,1.0
2024-04-25,34.74650192260742,34.74650192260742,34.74650192260742,34.74650192260742,100.0,3474.650192260742,1.0
2024-04-26,34.74650192260742,34.74650192260742,34.74650192260742,34.74650192260742,400.0,13898.600769042969,1.0
2024-04-29,34.74650192260742,34.74650192260742,34.74650192260742,34.74650192260742,0.0,0.0,1.0
2024-04-30,34.74650192260742,34.74650192260742,34.74650192260742,34.74650192260742,0.0,0.0,1.0
2024-05-01,36.170223236083984,36.170223236083984,36.170223236083984,36.170223236083984,100.0,3617.0223236083984,1.0
2024-05-02,36.170223236083984,36.170223236083984,36.170223236083984,36.170223236083984,0.0,0.0,1.0
2024-05-03,37.79595947265625,37.79595947265625,37.79595947265625,37.79595947265625,100.0,3779.595947265625,1.0
2024-05-06,38.47896194458008,38.47896194458008,38.47896194458008,38.47896194458008,100.0,3847.896194458008,1.0
2024-05-07,38.80603790283203,38.80603790283203,38.80603790283203,38.80603790283203,300.0,11641.81137084961,1.0
2024-05-08,39.19082260131836,39.19082260131836,39.19082260131836,39.19082260131836,600.0,23514.493560791016,1.0
2024-05-09,45.42441574986151,46.45372768830784,36.55501384735108,38.47896194458008,94900.0,3651653.4885406494,1.0
2024-05-10,37.516989135742186,37.516989135742186,35.593040974934894,36.07402801513672,29400.0,1060576.4236450195,1.0
2024-05-13,36.55501246167941,37.141817196232914,36.36742782288143,36.45881652832031,8700.0,317191.7037963867,1.0
2024-05-14,38.47895939594838,39.46017330090181,37.47850557094024,38.86375045776367,7000.0,272046.2532043457,1.0
2024-05-15,39.34474299685319,40.84542027628443,38.87337406316001,39.941165924072266,131200.0,5240280.969238281,1.0
2024-05-16,39.47941765884245,39.64295149323112,38.65211935169054,38.95033264160156,27300.0,1063344.081115723,1.0
2024-05-17,38.83008529944762,39.84496457635726,38.83008529944762,39.07538604736328,7500.0,293065.3953552246,1.0
2024-05-20,38.41588248034095,39.36633808915758,38.40618187736036,38.79412460327149,3100.0,120261.7862701416,1.0
2024-05-21,39.29845454215147,39.66699981689453,38.40618761904141,39.66699981689453,80600.0,3197160.185241699,1.0
2024-05-22,39.18206859896519,39.18206859896519,38.4158837252936,38.91050720214844,27000.0,1050583.6944580078,1.0
2024-05-23,38.92990344743157,39.55060884913255,38.32859555199575,38.79412460327149,87000.0,3375088.840484619,1.0
2024-05-24,38.5419704006648,40.442881913207785,38.0764375774697,38.99779891967773,53900.0,2101981.36177063,1.0
2024-05-28,38.532261060869,39.06567949605338,38.41587973130231,38.89110565185547,6100.0,237235.7444763184,1.0
2024-05-29,38.40618515014648,38.40618515014648,38.02309639277674,38.40618515014648,8800.0,337974.42932128906,1.0
2024-05-30,38.50317206600195,39.22086134886439,38.47407395474798,39.03659057617188,8300.0,324003.70178222656,1.0
2024-05-31,38.668042249007264,39.274200439453125,38.25100511800484,39.274200439453125,3500.0,137459.70153808594,1.0
2024-06-03,38.28980479686373,39.66699829725033,38.06673899955602,39.182071685791016,7800.0,305620.1591491699,1.0
2024-06-04,38.23160705814755,38.891107455775206,38.23160705814755,38.70683670043945,10100.0,390939.0506744385,1.0
2024-06-05,38.50317095116609,39.48272100877431,38.50307475906556,39.279052734375,4500.0,176755.7373046875,1.0
2024-06-06,38.745631251432975,38.86686288632501,38.66804122924805,38.66804122924805,4500.0,174006.1855316162,1.0
2024-06-07,38.503169841370855,38.79402884712808,38.10553020770664,38.49346923828125,6900.0,265604.9377441406,1.0
2024-06-10,37.67879323364844,38.212215423583984,37.56726219371366,38.212215423583984,4700.0,179597.41249084473,1.0
2024-06-11,37.339344653617374,42.67353674699128,36.825323690340426,40.14221954345703,19300.0,774744.8371887207,1.0
2024-06-12,38.33829521251822,39.23056206640601,38.33829521251822,38.6971435546875,9000.0,348274.2919921875,1.0
2024-06-13,38.39649198489541,38.85232421611703,37.96975786823256,38.04734420776367,6000.0,228284.06524658203,1.0
2024-06-14,38.09583174369588,39.02689360868538,37.61090515347695,38.16857147216797,12500.0,477107.1434020996,1.0
2024-06-17,37.59150809782904,37.63030311344005,37.11628210553125,37.34904479980469,26100.0,974810.0692749023,1.0
2024-06-18,38.14432954105276,38.40618665899398,37.84367370605469,37.84367370605469,16600.0,628204.9835205078,1.0
2024-06-20,38.27040629441599,38.69714406922193,37.77578279144115,38.40618515014648,20600.0,791167.4140930176,1.0
2024-06-21,37.61090304626676,38.018243283070845,36.77682876586914,36.77682876586914,34600.0,1272478.2752990725,1.0
2024-06-24,38.07643283316617,38.78442888453183,37.79517823297142,38.56135940551758,23100.0,890767.402267456,1.0
2024-06-25,37.80488305680904,39.16267922373454,37.80488305680904,38.60016250610352,20300.0,783583.2988739014,1.0
2024-06-26,38.04734639378167,39.70579473074721,37.96219416960317,38.60016250610352,63200.0,2439530.270385742,1.0
2024-06-27,38.15402557677974,38.52257083391845,37.93095978158159,38.115230560302734,49000.0,1867646.297454834,1.0
2024-06-28,37.82427860140189,38.309205250137815,37.572118371925775,37.71759414672852,13200.0,497872.2427368164,1.0
2024-07-01,38.27040370864621,38.4061825552027,37.72728832242026,37.82427215576172,15200.0,574928.9367675781,1.0
2024-07-02,37.81457792433864,38.828072743247496,37.80487732050138,38.06673812866211,66800.0,2542858.106994629,1.0
2024-07-03,38.59045826708768,39.55061082720977,38.59045826708768,38.96870040893555,26000.0,1013186.2106323242,1.0
2024-07-05,39.434226530119794,39.763976729031306,39.191763257381794,39.39543151855469,11000.0,433349.7467041016,1.0
2024-07-08,39.48272266786984,39.66699714266644,39.30814879685008,39.42453384399414,18400.0,725411.4227294922,1.0
2024-07-09,38.755334095527765,38.755334095527765,38.20251805164939,38.51287078857422,16100.0,620057.2196960449,1.0
2024-07-10,38.83292297526959,39.59910789039453,38.76503354731637,39.09478378295898,14100.0,551236.4513397217,1.0
2024-07-11,40.30709793110457,41.05388529473593,40.21399137828518,40.26830291748047,23900.0,962412.4397277832,1.0
2024-07-12,40.75322658409678,41.31573944276985,39.57970525332885,41.03448486328125,20400.0,837103.4912109375,1.0
2024-07-15,40.89870989587328,41.00539434563573,40.39438946013604,40.68534469604492,15500.0,630622.8427886963,1.0
2024-07-16,40.28770179676219,40.76292778091036,40.24890678181647,40.7435302734375,24300.0,990067.7856445312,1.0
2024-07-17,40.6465450261852,40.9568977355957,40.4525736578796,40.9568977355957,17700.0,724937.089920044,1.0
2024-07-18,40.88901253535722,41.00539388848398,40.52046726747657,40.64654922485352,21100.0,857642.1886444092,1.0
2024-07-19,40.53016708031775,40.70474095644733,40.19071623242291,40.56896209716797,16200.0,657217.1859741211,1.0
2024-07-22,41.13147138577585,41.38363157349029,40.88900810156362,41.27695083618164,17300.0,714091.2494659424,1.0
2024-07-23,40.7920285026476,41.19936508655833,40.67564345036183,40.97629928588867,51400.0,2106181.7832946777,1.0
2024-07-24,40.6077524465498,40.94720328635477,40.43317857458069,40.48167419433594,23400.0,947271.1761474608,1.0
2024-07-25,40.30709703743064,40.8987043334487,40.15192068607088,40.5301628112793,30200.0,1224010.9169006348,1.0
2024-07-26,40.17131754063103,40.85021551672529,40.17131754063103,40.46227645874024,34500.0,1395948.537826538,1.0
2024-07-29,40.19071556230091,40.25860499080863,39.94825226057437,40.17131805419922,39400.0,1582749.9313354492,1.0
2024-07-30,40.77262653485182,41.61639772331428,40.53016325198476,41.25755310058594,22000.0,907666.1682128906,1.0
2024-07-31,39.065688037632526,39.114183660276495,38.32860118962099,38.61955642700195,44300.0,1710846.3497161863,1.0
2024-08-01,38.35769231004597,38.50569125924189,37.59150741429362,37.63030242919922,21800.0,820340.592956543,1.0
2024-08-02,37.950359930935655,38.59046294856787,37.950359930935655,38.357696533203125,15600.0,598380.0659179688,1.0
2024-08-05,37.61090967435149,38.06674190785164,37.232667480466986,37.368446350097656,28300.0,1057527.0317077637,1.0
2024-08-06,36.95625448909329,37.77578159921136,36.95625448909329,37.6012077331543,32000.0,1203238.6474609375,1.0
2024-08-07,37.95035728982008,38.51287022995099,37.95035728982008,38.115230560302734,28000.0,1067226.4556884766,1.0
2024-08-08,37.80487782787953,38.22191500576629,37.77578341536998,38.115230560302734,31200.0,1189195.1934814453,1.0
2024-08-09,38.04685692452463,38.21221855690317,37.92125962955446,38.15402603149414,21500.0,820311.559677124,1.0
2024-08-12,37.82427098115001,38.31889443534497,37.82427098115001,38.057037353515625,27800.0,1057985.6384277344,1.0
2024-08-13,38.40618492153309,38.789277376318815,38.40618492153309,38.72623825073242,37800.0,1463851.8058776855,1.0
2024-08-14,38.78442963974449,39.24025811083736,38.774729036278735,38.96870040893555,13500.0,526077.4555206299,1.0
2024-08-15,39.085082210280376,39.54091438640658,38.89111083535244,39.00749588012695,53800.0,2098603.27835083,1.0
2024-08-16,38.66804465256106,39.03658989117529,38.66804465256106,38.978397369384766,65900.0,2568676.386642456,1.0
2024-08-19,39.34694437882485,39.58940768098656,39.34694437882485,39.482723236083984,11500.0,454051.3172149658,1.0
2024-08-20,39.53121231073859,40.04523699011047,39.27420182090071,39.57000732421875,4700.0,185979.03442382807,1.0
2024-08-21,39.32754754938375,39.80277725768836,39.32754754938375,39.54091644287109,23500.0,929211.5364074708,1.0
2024-08-22,39.70578954351402,39.70578954351402,39.51182185903373,39.53121566772461,12300.0,486233.9527130127,1.0
2024-08-23,39.81247692466553,40.53986689417719,39.79307941484828,40.49137496948242,9300.0,376569.7872161865,1.0
2024-08-26,39.84157163664336,39.97735049407145,39.72518658767952,39.83187103271485,26000.0,1035628.646850586,1.0
2024-08-27,39.81246988373591,40.01613815125275,39.73061410864399,39.84156799316406,19700.0,784878.889465332,1.0
2024-08-28,40.34588734646238,40.45257177906032,39.73488255926764,40.103424072265625,29900.0,1199092.3797607422,1.0
2024-08-29,40.00644330849591,40.33619353466288,40.00644330849591,40.03553771972656,25800.0,1032916.8731689452,1.0
2024-08-30,40.50107139038878,40.830821653946735,40.42348505174397,40.792030334472656,38200.0,1558255.5587768557,1.0
2024-09-03,40.54956501708479,40.5835097322632,39.85126950519005,39.91915893554688,207300.0,8275241.647338867,1.0
2024-09-04,39.96765140310277,40.46227863068204,39.96765140310277,40.31679916381836,18500.0,745860.7845306396,1.0
2024-09-05,40.70172881613365,40.78232299485289,40.44297207450568,40.5301628112793,13400.0,543104.1816711426,1.0
2024-09-06,40.77262826528788,40.93750152878076,40.29739858283288,40.38468551635742,19800.0,799616.773223877,1.0
2024-09-09,40.578658198679314,41.06358480062352,40.5495637864655,40.850215911865234,19100.0,780239.123916626,1.0
2024-09-10,40.66594622332624,40.68534373188669,40.36044378781617,40.59805679321289,22900.0,929695.5005645752,1.0
2024-09-11,40.15191795550913,40.171311760876165,39.725180243518366,39.94824600219727,27000.0,1078602.6420593262,1.0
2024-09-12,40.26830217298309,40.37498660862887,39.90063007803085,40.20041275024414,26800.0,1077371.061706543,1.0
2024-09-13,41.02478806528773,41.09267749073912,40.6368490198078,40.69503784179688,34600.0,1408048.309326172,1.0
2024-09-16,40.67563690436634,41.15086654214589,40.67563690436634,41.07327651977539,26100.0,1072012.5171661377,1.0
2024-09-17,41.47091743623047,41.56790496723633,41.23815476120844,41.529109954833984,29800.0,1237567.4766540527,1.0
2024-09-18,41.40302942370423,41.61639829948404,40.70958427711601,41.31574249267578,35000.0,1446050.9872436523,1.0
2024-09-19,41.441821591869626,41.54850602243416,41.22845273074056,41.40302658081055,38200.0,1581595.615386963,1.0
2024-09-20,41.33513752709216,41.37393253849455,41.04903264231534,41.09267425537109,34500.0,1417697.2618103027,1.0
2024-09-23,41.37393785846527,41.70368809839391,41.37393785846527,41.567909240722656,27400.0,1138960.7131958008,1.0
2024-09-24,41.4127333833556,41.79097554856885,41.34969055602242,41.61640167236328,66800.0,2779975.631713867,1.0
2024-09-25,41.6503451347053,41.8806845284204,41.50001907348633,41.50001907348633,25000.0,1037500.4768371582,1.0
2024-09-26,42.014041162771576,42.08193059214472,41.73278284125633,41.94615173339844,31200.0,1308719.9340820312,1.0
2024-09-27,42.140123801135545,42.43107903169933,41.89766049238298,42.00434494018555,26500.0,1113115.140914917,1.0
2024-09-30,41.897655314895445,41.897655314895445,41.5873026140196,41.88795471191406,50100.0,2098586.5310668945,1.0
2024-10-01,41.99464406669652,41.99464406669652,41.25755724068206,41.63579940795898,29400.0,1224092.502593994,1.0
2024-10-02,41.01509010184135,41.38848193217693,41.01509010184135,41.28664779663086,28800.0,1189055.4565429688,1.0
2024-10-03,40.97629809243408,41.136228567787775,40.45742677345265,40.86961364746094,35500.0,1450871.2844848633,1.0
2024-10-04,38.74563503191448,40.29739863006253,38.50317173847283,39.69609069824219,72000.0,2858118.530273437,1.0
2024-10-07,39.46332447511424,39.657295850624905,39.23056178425844,39.36634063720703,38300.0,1507730.8464050293,1.0
2024-10-08,39.74458980586033,39.80278233870264,39.56031900140504,39.65730285644531,47800.0,1895619.076538086,1.0
2024-10-09,39.38573911189765,40.045239585011096,39.38573911189765,39.45362854003906,24500.0,966613.899230957,1.0
2024-10-10,39.77368181103743,39.89976377470324,39.69046823297553,39.78338241577149,20900.0,831472.692489624,1.0
2024-10-11,39.90946409710336,39.987050435943424,39.72518960542696,39.75428771972656,35100.0,1395375.4989624023,1.0
2024-10-14,40.07433239241729,40.1325249140781,39.86096351269053,39.99674606323242,46400.0,1855849.0173339844,1.0
2024-10-15,40.617452135039485,40.68534156153128,40.25375719324933,40.404083251953125,31600.0,1276769.0307617188,1.0
2024-10-16,40.78232995568083,41.07328520167933,40.73228785838831,40.81142807006836,52200.0,2130356.5452575684,1.0
2024-10-17,40.724136180909305,40.879312539910906,40.44287787406384,40.71443557739258,22000.0,895717.5827026367,1.0
2024-10-18,40.811425955633474,41.11207809105328,40.79202844694567,40.96660232543945,84100.0,3445291.255569458,1.0
2024-10-21,40.74527316636914,40.80656972888663,39.97734577628329,40.093727111816406,58700.0,2353501.781463623,1.0
2024-10-22,39.91915774154501,40.0161415820978,39.12872871192042,39.81247329711914,43400.0,1727861.3410949707,1.0
2024-10-23,39.754280106237886,40.07432970466636,39.754280106237886,39.93370056152344,25400.0,1014315.9942626952,1.0
2024-10-24,39.67669341873726,39.763980352865545,39.43423012390272,39.71548843383789,26700.0,1060403.5411834717,1.0
2024-10-25,39.15296901649015,39.46332171572799,39.11417770385742,39.11417770385742,32200.0,1259476.522064209,1.0
2024-10-28,39.74458335767814,39.88036221258446,39.555462281244864,39.76398086547852,30500.0,1212801.4163970947,1.0
2024-10-29,39.42454012446988,39.715495389287625,39.37604449725283,39.65730285644531,27300.0,1082644.367980957,1.0
2024-10-30,39.12387842803835,39.32754671311099,38.76503377819184,38.77473068237305,29800.0,1155486.9743347168,1.0
2024-10-31,39.0268970334378,39.17237280345174,38.70684367995325,38.99779891967773,32600.0,1271328.244781494,1.0
2024-11-01,39.10447738728951,39.211161822126776,38.735932166859726,39.14327239990234,12000.0,469719.2687988281,1.0
2024-11-04,38.6583516110032,38.75010038664438,37.93096166458351,37.94065856933594,32000.0,1214101.07421875,1.0
2024-11-05,38.32859802246094,38.42558186034179,38.105532235577975,38.32859802246094,16400.0,628589.0075683594,1.0
2024-11-06,37.760806381433504,38.04568330164385,37.72151598512184,37.87868881225586,32000.0,1212118.0419921875,1.0
2024-11-07,38.05551296873578,38.3895057321737,37.81975182801058,38.22250747680664,32000.0,1223120.2392578125,1.0
2024-11-08,38.08497652282149,38.13409232749331,37.79076884323089,38.02603530883789,43300.0,1646527.328872681,1.0
2024-11-11,38.50737953432818,38.73331523568636,38.2126809563521,38.61543655395508,68400.0,2641295.860290528,1.0
2024-11-12,38.37967808885026,38.37967808885026,37.9179812449073,37.957275390625,51700.0,1962391.1376953125,1.0
2024-11-13,37.72151843221381,37.72151843221381,37.259821583114274,37.46611022949219,48400.0,1813359.7351074216,1.0
2024-11-14,37.908159980755805,38.18321150908005,37.859044171740194,37.89833831787109,34500.0,1307492.6719665527,1.0
2024-11-15,38.07515600422706,38.143922636355455,37.80992987547205,37.849220275878906,45500.0,1722139.5225524902,1.0
2024-11-18,37.72151507149518,38.04568238016576,37.64292678618372,38.02603530883789,51400.0,1954538.214874268,1.0
2024-11-19,37.94745311864562,38.477909088134766,37.94745311864562,38.477909088134766,30500.0,1173576.2271881104,1.0
2024-11-20,37.97692160485706,38.1046257019043,37.77063296544716,38.1046257019043,36900.0,1406060.6884002686,1.0
2024-11-21,37.7706343484228,37.98674465830497,37.67239898275268,37.86886596679688,48700.0,1844213.772583008,1.0
2024-11-22,38.104625833201546,38.31091447332226,38.02603754327218,38.07515335083008,45400.0,1728611.9621276855,1.0
2024-11-25,40.09875965485489,40.14787546584965,39.53391846017475,39.73529815673828,41900.0,1664908.992767334,1.0
2024-11-26,39.764764055779104,39.990699768066406,39.57812248840157,39.990699768066406,31900.0,1275703.3226013184,1.0
2024-11-27,40.45239672291117,40.57027541069539,40.28539848019558,40.39345550537109,24800.0,1001757.6965332032,1.0
2024-11-29,40.22646080712501,40.66851056820689,40.22646080712501,40.6390380859375,35900.0,1458941.4672851562,1.0
2024-12-02,40.81585798530324,41.071266179361466,40.521159393717205,40.85515213012695,44100.0,1801712.2089385984,1.0
2024-12-03,41.96518235009823,42.29917504660353,41.76380269240888,42.11252975463867,91700.0,3861718.978500366,1.0
2024-12-04,41.97500696001757,42.3777625563924,41.97500696001757,42.04376983642578,23000.0,967006.706237793,1.0
2024-12-05,42.57423262683034,42.75105253542456,42.47600100974288,42.59387969970703,48300.0,2057284.3894958496,1.0
2024-12-06,42.642993598462766,42.80016642714124,42.40723248179715,42.701934814453125,113600.0,4850939.794921875,1.0
2024-12-09,42.56931940021257,42.65281664844348,41.98483491530031,42.4661750793457,260200.0,11049698.755645752,1.0
2024-12-10,41.82766311542167,41.83748477833446,41.39543500133829,41.454376220703125,44700.0,1853010.6170654297,1.0
2024-12-11,42.08306821433583,42.08306821433583,41.73925379769508,41.76872253417969,46800.0,1954776.214599609,1.0
2024-12-12,41.965187516558736,42.63317299180702,41.84730508165898,42.52511596679688,38800.0,1649974.4995117188,1.0
2024-12-13,42.06893465953402,42.69814924072586,41.93129443870015,42.45236206054688,46000.0,1952808.654785156,1.0
2024-12-16,42.17708170539857,42.65390568557554,42.10826159484046,42.28522491455078,58700.0,2482142.702484131,1.0
2024-12-17,42.25573449077035,42.39337472113007,42.05910398293575,42.15742111206055,64700.0,2727585.1459503174,1.0
2024-12-18,41.93129353589805,42.103343808236055,40.98746793401661,41.14477157592773,64400.0,2649723.289489746,1.0
2024-12-19,40.97763853532136,41.11527875466336,40.348423960949496,40.86949157714844,92300.0,3772254.072570801,1.0
2024-12-20,40.3287628433332,41.048820003655,40.3287628433332,40.79084396362305,65300.0,2663642.110824585,1.0
2024-12-23,41.01696781657638,41.26275500866917,40.71219034823196,41.24309158325195,50300.0,2074527.5066375728,1.0
2024-12-24,41.41514264346871,43.47484055192356,41.41514264346871,42.77680206298828,61200.0,2617940.286254883,1.0
2024-12-26,42.43270133008414,43.20938976886029,41.86247698608171,41.87230682373047,44000.0,1842381.5002441409,1.0
2024-12-27,41.63634624987844,41.84772337194366,41.45937918254874,41.656009674072266,46800.0,1949501.252746582,1.0
2024-12-30,41.557694822356616,41.78381856690423,41.49870455187763,41.57735824584961,37800.0,1571624.1416931152,1.0
2024-12-31,43.09140988006029,43.09140988006029,40.35825390833147,41.321739196777344,78200.0,3231360.0051879883,1.0
2025-01-02,41.23325929739313,41.361069691433535,41.0366325378418,41.0366325378418,54100.0,2220081.820297241,1.0
2025-01-03,41.24308826396924,41.49968788162041,40.99730109165764,41.19393157958984,64500.0,2657008.586883545,1.0
2025-01-06,41.58719387357348,41.90671798660421,41.39056336167649,41.60685729980469,47400.0,1972165.0360107424,1.0
2025-01-07,41.94112328584204,41.94112328584204,41.30207513229343,41.42496871948242,46100.0,1909691.05796814,1.0
2025-01-08,40.88915630067741,41.429887358309365,40.85966303857116,41.28241729736328,46000.0,1898991.195678711,1.0
2025-01-10,40.55488627211862,40.55488627211862,39.95516492960394,40.05348205566406,49300.0,1974636.6653442385,1.0
2025-01-13,39.46358882536693,39.974826607285785,39.46358882536693,39.91583633422852,55100.0,2199362.582015991,1.0
2025-01-14,39.46358980995425,39.94041754875654,39.39476969821112,39.81752395629883,68100.0,2711573.38142395,1.0
2025-01-15,39.92567155694146,40.03381852010206,39.66513773682631,39.82735443115234,54300.0,2162625.3456115723,1.0
2025-01-16,40.15179681093284,40.559804459668094,40.08297669553352,40.29927062988281,56600.0,2280938.717651367,1.0
2025-01-17,40.54505641401518,41.03663079282013,40.4762325506008,40.89898681640625,120800.0,4940597.607421875,1.0
2025-01-21,41.872302782308736,42.23606674684275,41.685505881691725,42.206573486328125,91500.0,3861901.473999024,1.0
2025-01-22,42.324552223885256,42.79646316587972,42.285225374448686,42.62932968139648,46300.0,1973737.9642486568,1.0
2025-01-23,42.91444332090087,43.16023050200473,42.688315813920326,43.13073348999024,88700.0,3825696.060562134,1.0
2025-01-24,42.50151830595514,42.8947792903311,42.442528033174334,42.72764205932617,51400.0,2196200.801849365,1.0
2025-01-27,42.59983859524951,42.72764523682371,42.50152146663669,42.71781539916992,61700.0,2635689.210128784,1.0
2025-01-28,42.59000317513149,42.92427389720617,42.545763281969975,42.74730682373047,62000.0,2650333.023071289,1.0
2025-01-29,42.21640550477823,42.60966650056528,42.05910185654637,42.29505920410156,77700.0,3286326.1001586914,1.0
2025-01-30,42.68831562076457,43.061913184468125,42.60966567338288,42.84562301635742,43500.0,1863784.601211548,1.0
2025-01-31,42.57033745086214,42.64899114612064,42.078763106740375,42.206573486328125,44300.0,1869751.205444336,1.0
2025-02-03,40.731854860673984,41.144775554210455,40.554887777611206,40.97764205932617,58700.0,2405387.5888824463,1.0
2025-02-04,41.19393762335356,41.84281570343967,41.13494734319476,41.73466873168945,46900.0,1957355.963516236,1.0
2025-02-05,41.74449579639781,42.03452663322372,41.65601225724592,41.86247634887695,50000.0,2093123.817443848,1.0
2025-02-06,41.45937720388304,42.226235709184685,41.41022052095186,42.019775390625,78900.0,3315360.2783203125,1.0
2025-02-07,42.24590376839687,42.67327854992168,41.695339108072304,41.86247634887695,66600.0,2788040.924835205,1.0
2025-02-10,42.373708619707024,42.835789721378966,42.334385520955074,42.73747634887695,50600.0,2162516.303253174,1.0
2025-02-11,42.747305595342354,43.297870224825125,42.707978746719,43.17988967895508,58400.0,2521705.557250977,1.0
2025-02-12,43.042251382550695,43.80910996331461,43.00292828258488,43.60264587402344,44200.0,1927236.947631836,1.0
2025-02-13,43.81893630398161,44.241690535801325,43.81893630398161,44.1138801574707,93300.0,4115825.0186920166,1.0
2025-02-14,43.97624315690594,44.46781753212342,43.93691630678898,44.330177307128906,58700.0,2602181.407928467,1.0
2025-02-18,44.78242442872679,45.00854818923961,44.71606083855424,44.831581115722656,49700.0,2228129.581451416,1.0
2025-02-19,44.33017562014726,44.39899573002557,44.07455860494419,44.19253540039063,52100.0,2302431.094360352,1.0
2025-02-20,44.3203460437292,44.831580077140536,44.005735003331466,44.4776496887207,42500.0,1890300.1117706296,1.0
2025-02-21,44.05489985634181,44.13354981151528,43.64197540283203,43.64197540283203,52100.0,2273746.918487549,1.0
2025-02-24,43.63214008361358,43.63214008361358,43.101238888829776,43.11106872558594,43900.0,1892575.917053223,1.0
2025-02-25,44.02539840500637,44.04506182942198,43.6026441561074,43.8582649230957,79900.0,3504275.3673553467,1.0
2025-02-26,44.10405554684991,45.07737075373554,44.10405554684991,44.58579635620117,71900.0,3205718.7580108643,1.0
2025-02-27,44.61529053494819,44.61529053494819,43.85826556080585,43.86809539794922,76800.0,3369069.7265625,1.0
2025-02-28,43.51416307783824,43.995907627178745,43.42567953818039,43.83860397338867,60900.0,2669770.98197937,1.0
2025-03-03,43.69113229289668,44.53664087975472,43.50531797565656,43.700965881347656,192000.0,8390585.44921875,1.0
2025-03-04,43.11107272250167,44.19745543030238,42.90461237774926,43.78944778442383,72200.0,3161598.1300354004,1.0
2025-03-05,44.46782024861916,45.78523980469847,44.408829969840056,45.441139221191406,183400.0,8333904.933166504,1.0
2025-03-06,43.386352704767255,43.64196971377832,42.796461240995015,42.825958251953125,112200.0,4805072.515869141,1.0
2025-03-07,42.66865424464448,43.46500227578531,42.66865424464448,43.32736206054688,78100.0,3383866.976928711,1.0
2025-03-10,42.383542189393545,42.60966594638496,41.97061777414616,42.11809158325195,71700.0,3019867.166519165,1.0
2025-03-11,42.550673817995374,42.550673817995374,41.91162942402548,42.1475830078125,93300.0,3932369.494628906,1.0
2025-03-12,42.34421951089064,42.42287321693792,41.95095848148453,42.2360725402832,71400.0,3015655.5793762207,1.0
2025-03-13,42.44252663787975,42.6784839708312,42.26556332618439,42.48185348510742,74800.0,3177642.640686035,1.0
2025-03-14,42.403207888297416,42.71781519754356,42.31482185895994,42.6588249206543,74200.0,3165284.809112549,1.0
2025-03-17,42.84562503636938,43.53776035770176,42.84562503636938,43.10124206542969,107300.0,4624763.2736206055,1.0
2025-03-18,43.21921811932745,43.60264553148984,42.983264519726674,43.48466873168945,75200.0,3270047.088623047,1.0
2025-03-19,43.65180809024302,44.26135929431258,43.59281781226918,43.96641540527344,98900.0,4348278.483581543,1.0
2025-03-20,43.43059364763323,44.24169208595875,43.43059364763323,44.19253540039063,198500.0,8772218.276977539,1.0
2025-03-21,43.95657864085925,44.13354571157846,43.73537167766761,43.97624206542969,135700.0,5967576.048278809,1.0
2025-03-24,43.465005850136535,43.818940004378106,43.30770219829749,43.66163635253906,107900.0,4711090.562438965,1.0
2025-03-25,44.005736029449935,44.14338000363996,43.789445856552405,43.98607635498047,68000.0,2991053.192138672,1.0
2025-03-26,44.01557159423828,44.47765272373826,43.85335114446723,44.01557159423828,143100.0,6298628.295135498,1.0
2025-03-27,44.575965881347656,44.75293296196399,44.13354817980681,44.575965881347656,152200.0,6784462.007141113,1.0
2025-03-28,44.47764849075707,44.723435663837165,44.42357501264628,44.516971588134766,100800.0,4487310.736083984,1.0
2025-03-31,43.38635549699013,44.261357286629575,43.317535384349824,44.16304016113281,103000.0,4548793.13659668,1.0
2025-04-01,44.005732492379245,44.615287363553215,43.88775570297101,44.49730682373047,138400.0,6158427.264404297,1.0
2025-04-02,44.50714481212076,45.72624717420271,44.45798812420719,45.5197868347168,116200.0,5289399.230194092,1.0
2025-04-03,45.10686606550602,45.71150045142157,44.78242517517874,45.06753921508789,146000.0,6579860.725402832,1.0
2025-04-04,42.8947794145052,43.061912895579255,41.47904286698513,41.94112396240234,186900.0,7838796.068572998,1.0
2025-04-07,40.17145979500757,42.57034147069412,39.88634574839469,39.95516586303711,189700.0,7579494.96421814,1.0
2025-04-08,41.64618199368928,41.724831944122506,39.7781978531106,40.05348205566406,126300.0,5058754.783630371,1.0
2025-04-09,40.55488894112116,43.484671983060224,40.04856789743783,43.081581115722656,160900.0,6931826.401519775,1.0
2025-04-10,42.8357891004448,44.32034575644297,42.540845236799406,43.573150634765625,111000.0,4836619.720458984,1.0
2025-04-11,43.229049247387,43.73045343082065,42.270477021107446,43.50432968139648,195000.0,8483344.287872314,1.0
2025-04-14,42.9881792586714,44.24169546364055,42.9881792586714,43.84843444824219,126600.0,5551211.801147461,1.0
2025-04-15,43.75012283036448,44.48424034200094,43.66163928585949,44.21220397949219,121000.0,5349676.681518555,1.0
2025-04-16,44.18270482869607,44.93972983944259,44.143381727806414,44.3498420715332,104400.0,4630123.512268066,1.0
2025-04-17,44.56613470674021,45.53944987051574,44.38916763143287,45.17568588256836,91700.0,4142610.395431519,1.0
2025-04-21,49.98328144135273,55.47908297647099,43.7206250991437,44.20236587524414,50900.0,2249900.4230499268,1.0
2025-04-22,44.802087660593386,45.74099650495309,44.802087660593386,45.39197540283203,121000.0,5492429.023742676,1.0
2025-04-23,45.33298908996332,45.68682197592055,45.09703174172018,45.33790588378906,117500.0,5327203.941345215,1.0
2025-04-24,45.81964705804947,47.10757327110216,45.716416889316925,47.033836364746094,188000.0,8842361.236572266,1.0
2025-04-25,47.14198116928488,47.7710982298298,47.13706437564227,47.564735412597656,116100.0,5522265.781402588,1.0
2025-04-28,47.33861422393724,48.64620012258164,47.25996052305477,47.88426208496094,159700.0,7647116.654968262,1.0
2025-04-29,47.57456722688238,47.99240469391975,47.45659042745867,47.59423065185547,185200.0,8814451.516723633,1.0
2025-04-30,47.53523908314087,48.882155529026456,47.31894891515345,48.81333541870117,140400.0,6853392.2927856445,1.0
2025-05-01,49.35407018067718,49.64409727454223,48.31193110948336,48.361087799072266,41300.0,1997312.9261016848,1.0
2025-05-02,49.00013267184725,49.32456980133069,48.803502176492096,48.93131256103516,139400.0,6821024.971008301,1.0
2025-05-05,48.67569421352859,49.12794550046901,48.50856072193154,48.68552780151367,132200.0,6436226.775360107,1.0
2025-05-06,48.33158979627118,48.86249099277011,48.28243311150231,48.45940017700195,136900.0,6634091.884231567,1.0
2025-05-07,48.626539162556185,49.21643069783543,48.54788920810133,48.5970458984375,113400.0,5510905.0048828125,1.0
2025-05-08,48.2037814216904,48.925807529028056,47.82035401395519,48.09563446044922,170000.0,8176257.858276367,1.0
2025-05-09,48.36108537256653,49.34915091051211,48.22344514845766,48.60687255859375,166200.0,8078462.219238281,1.0
2025-05-12,47.466420560840014,48.420076050702335,47.04366629731846,48.10546875,283600.0,13642710.9375,1.0
2025-05-13,47.74170416903919,48.37504796933839,47.230466374141336,47.70237731933594,202000.0,9635880.21850586,1.0
2025-05-14,49.37372826258241,50.14058303833008,49.00996054808424,50.14058303833008,197900.0,9922821.383285522,1.0
2025-05-15,48.87232430471833,49.46221581513407,48.724854239925584,49.18693161010742,211100.0,10383361.262893677,1.0
2025-05-16,49.33440434066117,50.52893021625296,49.22625737860857,50.0717658996582,230400.0,11536534.86328125,1.0
2025-05-19,49.95378880709011,50.56825676931385,49.92920858843524,50.17991256713867,88600.0,4445940.253448486,1.0
2025-05-20,51.21221707618245,51.74311828613281,51.172890227205066,51.74311828613281,95700.0,4951816.41998291,1.0
2025-05-21,52.00856939118252,52.46573370129973,51.64480166026619,51.69396209716797,87500.0,4523221.683502197,1.0
2025-05-22,51.991935716056425,52.00183350900943,51.48706141958208,51.714752197265625,109100.0,5642079.46472168,1.0
2025-05-23,51.05148622136705,51.98203357881359,51.05148622136705,51.65535354614258,103200.0,5330832.485961914,1.0
2025-05-27,52.39781261151033,52.56610152421274,51.348469082218585,51.37817001342773,221800.0,11395678.108978271,1.0
2025-05-28,50.86339596927254,51.368266464261794,50.7841985242237,51.03168487548828,152400.0,7777228.775024414,1.0
2025-05-29,50.91289602826188,51.1786976568732,50.76440269662982,51.001991271972656,138000.0,7038274.795532227,1.0
2025-05-30,50.71490669390859,51.27135451273303,50.31893076610032,50.7842025756836,94700.0,4809263.983917236,1.0
2025-06-02,50.45752338790254,51.61575781127905,50.41792466154546,51.56626129150391,107800.0,5558842.967224121,1.0
2025-06-03,50.54661750616332,50.96239279460803,50.2795281435309,50.47732162475586,181200.0,9146490.678405762,1.0
2025-06-04,50.437721268488566,51.12078226728058,50.33377744973818,50.71490478515625,125500.0,6364720.550537109,1.0
2025-06-05,50.93269073187446,51.19007486997142,50.59610915046032,50.77429962158203,116600.0,5920283.335876465,1.0
2025-06-06,50.69510543105826,52.06618198981051,50.5664152419235,50.85349655151367,206800.0,10516503.086853027,1.0
2025-06-09,50.54661338275637,51.45736133629731,50.42781721602685,50.44761657714844,156200.0,7879917.709350586,1.0
2025-06-10,51.25937296414221,51.28907389484312,50.86339705943707,51.15047836303711,178500.0,9130360.387802124,1.0
2025-06-11,50.94259317558172,51.36827003142441,50.67530744449383,50.72480773925781,205700.0,10434092.951965332,1.0
2025-06-12,51.34847151106153,51.48706327545253,51.13068607116527,51.36827087402344,126100.0,6477538.957214356,1.0
2025-06-13,50.49711721819939,51.35837250382764,50.49711721819939,50.7545051574707,94900.0,4816602.53944397,1.0
2025-06-16,51.180179840659,51.42707331415497,50.81390108639855,50.93269348144531,82600.0,4207040.481567383,1.0
2025-06-17,50.60600792668405,50.87319545367119,50.09618664852806,50.20013046264648,107700.0,5406554.050827026,1.0
2025-06-18,50.10113880485424,50.64560803595909,49.814053723898944,50.07144165039063,141200.0,7070087.561035156,1.0
2025-06-20,49.79425265281762,50.28922535071112,49.59626281839182,49.75465393066406,276800.0,13772088.208007812,1.0
2025-06-23,49.91304923458197,50.89309692030496,49.86355271590435,50.7545051574707,143900.0,7303573.292160034,1.0
2025-06-24,51.07128609652241,51.818695971282,50.8831978198428,51.57615661621094,145000.0,7478542.709350586,1.0
2025-06-25,51.62565449179756,52.50175451550746,51.44538325194601,51.724647521972656,250400.0,12951851.739501951,1.0
2025-06-26,52.02163017962878,52.40276127458841,51.89293621984508,52.24931716918945,155700.0,8135218.683242798,1.0
2025-06-27,52.48691013214276,52.97198130563513,52.2997092896954,52.72449493408203,146600.0,7729410.957336426,1.0
2025-06-30,52.59580504274828,53.20957019035888,52.46711107142364,53.03137969970703,95600.0,5069799.899291992,1.0
2025-07-01,52.8927849381536,53.0709754187092,52.477005891409846,52.84328842163086,155000.0,8190709.705352783,1.0
2025-07-02,52.13052509348858,52.68489588208193,51.07227320944767,52.41761016845703,162500.0,8517861.652374268,1.0
2025-07-03,52.24931939053984,53.10067307764799,52.24931939053984,52.486907958984375,184900.0,9704829.281616213,1.0
2025-07-07,51.95233319368153,52.813584618637215,51.88303731904958,51.9919319152832,145200.0,7549228.514099121,1.0
2025-07-08,51.991937638248174,52.343367834377,51.59595793132824,52.06123352050781,162200.0,8444332.077026367,1.0
2025-07-09,52.12062755115902,52.55620217378174,52.03450051771827,52.3087158203125,125000.0,6538589.477539063,1.0
2025-07-10,52.26911867231699,52.288918034352136,51.774145950464856,51.7939453125,148100.0,7670683.30078125,1.0
2025-07-11,52.09092794368436,52.60570002513411,51.91273746255397,52.04143142700195,126800.0,6598853.504943848,1.0
2025-07-14,51.60585623210979,52.34326633388605,51.60585623210979,51.982032775878906,210600.0,10947416.102600098,1.0
2025-07-15,51.79394363710162,51.833542359891,51.26927377733955,51.4771614074707,178500.0,9188673.31123352,1.0
2025-07-16,51.49696088304076,52.50670565835631,51.19007644525576,52.3087158203125,165400.0,8651861.596679688,1.0
2025-07-17,52.26912060221479,52.33841648372528,51.67020403982137,52.001834869384766,197300.0,10259962.019729614,1.0
2025-07-18,52.34831836579665,52.71954792310864,51.813746896945226,52.58590316772461,160500.0,8440037.4584198,1.0
2025-07-21,52.36811690148821,52.74429346132255,52.15032768954244,52.35821533203125,222400.0,11644467.08984375,1.0
2025-07-22,52.496803283691406,52.6353950352922,52.20972198809347,52.496803283691406,165100.0,8667222.222137451,1.0
2025-07-23,52.62549899511503,53.367958068847656,52.55125233247334,53.367958068847656,179200.0,9563538.0859375,1.0
2025-07-24,53.476853492269285,53.64514240559039,53.11057473430874,53.31846237182617,213300.0,11372828.023910522,1.0
2025-07-25,52.25922179494441,52.922483441201,52.18002434541645,52.85318756103516,220500.0,11654127.857208252,1.0
2025-07-28,52.20972378226072,52.20972378226072,51.526659016837804,51.59595489501953,217100.0,11201481.80770874,1.0
2025-07-29,51.79394506724777,52.29881935589791,51.6454517408584,52.04143142700195,155500.0,8092442.586898804,1.0
2025-07-30,51.33857319694047,52.0018348558952,51.17028050164271,51.44746780395508,239800.0,12337102.779388428,1.0
2025-07-31,51.100980403792185,51.328667392244256,50.51691246773097,50.58620834350586,298900.0,15120217.6738739,1.0
2025-08-01,50.55651448301217,51.07128657682846,50.21003508156959,50.665409088134766,351100.0,17788625.130844116,1.0
2025-08-04,51.03168652399913,51.19502842743238,50.81390109576361,51.071285247802734,245100.0,12517572.01423645,1.0
2025-08-05,51.08118469791047,52.07113016706643,50.98219166153178,51.38806915283203,306500.0,15750443.195343018,1.0
2025-08-06,51.20987785579603,51.9721363081432,51.00199021688559,51.57615661621094,242800.0,12522690.826416016,1.0
2025-08-07,51.91273828786231,52.55620434398986,51.59595604444813,52.13052749633789,309200.0,16118759.101867676,1.0
2025-08-08,51.9424402953436,52.34831778914668,51.77414760085133,51.97213745117188,240200.0,12483707.415771484,1.0
2025-08-11,51.8335424748126,53.20461521144169,51.78404595938717,52.3087158203125,310900.0,16262779.748535156,1.0
2025-08-12,52.348316279182136,54.18466462966045,52.199822951639376,53.17987060546875,435500.0,23159833.64868164,1.0
2025-08-13,53.17987093557295,53.77383669674653,52.82348996833191,53.763938903808594,424700.0,22833544.85244751,1.0
2025-08-14,53.20956490813664,54.130214426328976,53.20956490813664,54.10051727294922,504000.0,27266660.705566406,1.0
2025-08-15,54.42719783557337,54.60538831032482,54.21931020714401,54.29850387573242,313700.0,17033440.66581726,1.0
2025-08-18,54.01142239701307,54.763779239611054,53.95202431351507,54.68458557128906,476400.0,26051736.56616211,1.0
2025-08-19,54.447000186125386,55.080564674985546,53.996573190123165,54.07081985473633,425400.0,23001726.76620484,1.0
2025-08-20,54.68458831023314,54.92217310344085,54.531144197596696,54.84297943115234,362400.0,19875095.74584961,1.0
2025-08-21,54.19951116131739,54.6796352890616,54.12031371592608,54.466796875,499000.0,27178931.640625,1.0
2025-08-22,54.76378338132114,55.70918312270142,54.486599856718136,55.4072494506836,369500.0,20472978.672027588,1.0
2025-08-25,54.41730167552557,54.95186933947375,53.83323371883996,54.06092071533203,485300.0,26235764.823150635,1.0
2025-08-26,54.28860906391034,54.33810558153838,53.93222809484095,54.07081985473633,244900.0,13241943.782424929,1.0
2025-08-27,54.06092153545672,54.15991456974907,53.68474120772984,54.01142501831055,213700.0,11542241.526412964,1.0
2025-08-28,54.43709916843998,54.58558871252798,54.24900712571636,54.545989990234375,210200.0,11465567.095947266,1.0
2025-08-29,54.387600236135846,54.387600236135846,54.069432085005566,54.27870941162109,210100.0,11403956.847381592,1.0
2025-09-02,52.73439628903339,53.16007314847934,52.64035025979649,53.11057662963867,352700.0,18732100.37727356,1.0
2025-09-03,53.07097302659846,53.4075546106611,52.95218063702988,53.26896286010742,391400.0,20849472.063446045,1.0
2025-09-04,54.22920913051716,54.44699833227573,53.96192341281584,54.41730117797852,353400.0,19231074.236297607,1.0
2025-09-05,54.82317819316832,55.20925630117749,54.30840612370876,55.18945693969727,370200.0,20431136.959075928,1.0
2025-09-08,55.32805009980927,56.154653636819766,55.12016246349684,55.47654342651367,935300.0,51887211.06681824,1.0
2025-09-09,54.43710491739435,55.11026438576611,54.189618541435976,54.75388717651367,522900.0,28630807.604599,1.0
2025-09-10,55.42704451215864,55.99131308707975,55.41714294342416,55.76362609863281,577600.0,32209070.434570312,1.0
2025-09-11,55.96161576305775,57.05055803715314,55.96161576305775,56.70407485961914,536900.0,30444417.79212952,1.0
2025-09-12,56.812970856787125,57.134703895115805,56.71397781869015,56.99116134643555,398700.0,22722376.028823853,1.0
2025-09-15,56.97135733868903,56.97135733868903,56.61002938038592,56.90206146240234,295800.0,16831629.780578613,1.0
2025-09-16,56.9317610778211,57.01095852634004,56.37739404355734,56.75357437133789,283800.0,16106664.406585691,1.0
2025-09-17,57.10995133761301,57.81281547327596,57.05055702779797,57.41683578491211,407700.0,23408843.949508667,1.0
2025-09-18,57.05055622400281,57.6940184881005,56.80306986634783,57.604923248291016,319600.0,18410533.47015381,1.0
2025-09-19,57.32774243887226,57.41683768288214,56.71397730032764,57.07035827636719,681100.0,38870621.02203369,1.0
2025-09-22,56.65457740949199,58.352334000078265,56.52588344416327,57.97120666503906,640500.0,37130557.86895752,1.0
2025-09-23,57.0802568498675,57.2089508210505,56.65457998670573,56.7436752319336,608400.0,34522852.0111084,1.0
2025-09-24,56.47638591974369,56.61497767546763,56.15960368484836,56.21900177001953,498000.0,27997062.881469727,1.0
2025-09-25,55.68443240321616,55.70423176567616,55.13006158336316,55.209259033203125,485700.0,26815137.11242676,1.0
2025-09-26,55.96161543263607,56.06061224406509,55.674534120347495,55.98141479492188,450700.0,25230823.64807129,1.0
2025-09-29,56.08041060567562,56.70407351301002,55.991315365150406,56.69417572021485,750500.0,42548978.87802124,1.0
2025-09-30,56.39719111161556,58.16919052221178,56.38728954278236,58.01079940795898,930700.0,53990651.00898743,1.0
2025-10-01,57.09015042193595,58.099895201077096,57.001058959637874,57.93160629272461,914300.0,52966867.63343811,1.0
2025-10-02,57.45643364792369,59.39177499935037,57.37723620090097,59.37692642211914,1084200.0,64376463.62686157,1.0
2025-10-03,58.525574879309374,59.36703079102445,58.525574879309374,59.19873809814453,893100.0,52870392.99545288,1.0
2025-10-06,58.90175308956619,59.69865946288534,58.87205593509337,59.654109954833984,841500.0,50198933.5269928,1.0
2025-10-07,59.47592545600625,59.85705279912095,59.089843551839614,59.75310897827149,921100.0,55038588.67988586,1.0
2025-10-08,59.8026033692311,60.51536528838075,59.693708767545225,60.34707260131836,1063400.0,64173077.00424194,1.0
2025-10-09,59.75310948686408,59.77290884952901,59.01065038046933,59.25813674926758,996100.0,59027030.01594544,1.0
2025-10-10,59.50562260636448,60.15898646331975,59.30763275775997,59.61451721191406,1273900.0,75942933.47625732,1.0
2025-10-13,59.31753112274132,60.18868419919493,59.12944284174185,60.089691162109375,1232600.0,74066553.32641602,1.0
2025-10-14,59.52542119000292,61.80229497830744,59.52542119000292,61.52016067504883,1870700.0,115085764.57481384,1.0
2025-10-15,60.83215085432055,61.18358104859907,60.12929046576351,60.98064041137695,1745400.0,106435609.77401732,1.0
2025-10-16,60.88164587082286,62.80213870628919,60.87174807780031,62.46555709838867,1627100.0,101637707.9547882,1.0
2025-10-17,62.9506315273419,63.267413770295256,62.27746831698045,62.82193756103516,1159000.0,72810625.63323975,1.0
2025-10-20,62.90113473872643,63.05952585952016,62.33686613487739,62.65364837646485,830200.0,52015058.88214111,1.0
2025-10-21,62.38636398789242,62.68334687369695,61.93098997790266,62.52495574951172,797100.0,49838642.22793579,1.0
2025-10-22,62.7130429355266,63.01002959249333,62.19827462315995,62.40616226196289,801100.0,49993576.58805847,1.0
2025-10-23,62.5348522189273,63.15851890935504,62.5348522189273,62.93083190917969,743000.0,46757608.10852051,1.0
2025-10-24,63.60392205764128,64.63752311030113,63.60392205764128,64.3129653930664,1225300.0,78802676.49612427,1.0
2025-10-27,64.61255319488806,65.1118774316927,64.23306951778648,64.7623519897461,832300.0,53901705.56106568,1.0
2025-10-28,64.51268906696096,64.68745559529677,63.5440026501264,63.78367614746094,1094900.0,69836747.01385498,1.0
2025-10-29,62.4055449506732,63.189083850198365,61.96613718306155,62.96977996826172,1401400.0,88245849.64752197,1.0
2025-10-30,62.595285248718255,63.334282969531465,62.31566490133396,62.585296630859375,933200.0,58404598.81591797,1.0
2025-10-31,61.676526532755936,61.9162038367092,61.19717573439091,61.64656829833984,1192100.0,73488874.06845093,1.0
2025-11-03,61.74643719433258,62.405545037121485,61.63658525227749,62.335636138916016,1019200.0,63532480.3527832,1.0
2025-11-04,61.90621908781857,62.7750421725925,61.796367148798815,62.69514846801758,1099500.0,68933315.74058533,1.0
2025-11-05,62.94481334460745,64.98704768583049,62.94481334460745,64.49272155761719,1344800.0,86729811.9506836,1.0
2025-11-06,63.32430007258108,64.34292198106596,62.87490749390516,63.86357116699219,1657000.0,105821937.42370604,1.0
2025-11-07,63.00473241260906,63.2693736488418,62.51539298387451,63.25439453125,1093000.0,69137053.22265625,1.0
2025-11-10,63.28435159083714,63.8036492451086,63.25439335621005,63.763702392578125,1301100.0,82962953.1829834,1.0
2025-11-11,63.87355640002131,64.04332481445934,63.26937452171981,63.424163818359375,847200.0,53732951.58691406,1.0
2025-11-12,63.83360494128829,64.74237865728063,63.8236201333235,64.65249633789062,748800.0,48411789.2578125,1.0
2025-11-13,64.5626229290547,64.82227365582966,63.88354168762376,64.38286590576172,839500.0,54049415.92788696,1.0
2025-11-14,63.65385545427899,64.4727430892371,63.52403008589491,63.60391998291016,1112600.0,70765721.37298584,1.0
2025-11-17,63.35425674922881,63.59393405513956,62.56532736334349,62.95479965209961,660300.0,41569054.21028137,1.0
2025-11-18,62.2157974487095,62.98475720958122,61.99060402215026,62.56532669067383,1131400.0,70786410.61782837,1.0
2025-11-19,62.52537908076727,62.92983047760368,62.180844151882056,62.635231018066406,718800.0,45022204.05578613,1.0
2025-11-20,63.324297167715855,64.14319238992783,62.48543232918245,62.5253791809082,1008400.0,63050592.36602783,1.0
2025-11-21,62.4355020843346,62.90486807889619,61.81134679775441,62.49542236328125,913700.0,57102067.41333008,1.0
2025-11-24,64.05331098568601,65.03198981926914,64.05331098568601,64.90216064453125,1072900.0,69633528.15551758,1.0
2025-11-25,64.76235179226445,65.40148620389881,64.3429212632075,65.33158111572266,855900.0,55917300.27694702,1.0
2025-11-26,64.8522341271818,65.91079906804686,64.79231003796157,65.68110656738281,1258900.0,82685945.05767822,1.0
2025-11-28,65.26167669031372,65.90081110843883,65.0919082771737,65.72105407714844,904300.0,59431549.20196533,1.0
2025-12-01,65.28165280050534,65.3615388870805,64.60257154057616,64.72240447998047,988600.0,63984569.06890869,1.0
2025-12-02,65.2317182300286,65.57126267422116,65.15182452326762,65.24170684814453,746800.0,48722506.674194336,1.0
2025-12-03,66.17045178529446,66.72470200790917,66.09055807666378,66.5,856700.0,56970550.0,1.0
2025-12-04,66.33000183105469,66.625,66.06999969482422,66.08000183105469,989700.0,65399377.81219482,1.0
2025-12-05,66.2699966430664,66.30999755859375,65.45999908447266,66.02999877929688,852800.0,56310382.958984375,1.0
2025-12-08,66.5199966430664,66.97000122070312,66.25499725341797,66.68000030517578,2313200.0,154244176.70593262,1.0
2025-12-09,66.91000366210938,67.02999877929688,66.41999816894531,66.44999694824219,817400.0,54316227.50549317,1.0
2025-12-10,65.9800033569336,66.7750015258789,65.29000091552734,66.31999969482422,886100.0,58766151.72958374,1.0
2025-12-11,66.01000213623047,67.01499938964844,65.37000274658203,66.75,1623600.0,108375300.0,1.0
2025-12-12,67.33999633789062,67.54000091552734,65.8499984741211,66.75,1615500.0,107834625.0,1.0
2025-12-15,67.36000061035156,68.08999633789062,67.20999908447266,67.44999694824219,3454900.0,233032994.456482,1.0
2025-12-16,67.33999633789062,67.79000091552734,67.1500015258789,67.47000122070312,2474100.0,166927530.0201416,1.0
2025-12-17,67.0999984741211,67.83999633789062,66.16000366210938,66.16999816894531,2688300.0,177884806.07757568,1.0
2025-12-18,66.5199966430664,66.83000183105469,66.30999755859375,66.4800033569336,3320700.0,220760147.14736933,1.0
2025-12-19,66.18000030517578,67.44000244140625,65.28199768066406,66.38999938964844,62023100.0,4117713571.144104,1.0
2025-12-22,66.47000122070312,66.55999755859375,64.83999633789062,64.88999938964844,2545800.0,165196960.446167,1.0
2025-12-23,65.45999908447266,65.69999694824219,64.88999938964844,65.5999984741211,1528200.0,100249917.66815186,1.0
2025-12-24,65.5999984741211,65.87999725341797,64.91999816894531,64.98999786376953,637900.0,41457119.63729858,1.0
2025-12-26,65.77999877929688,65.77999877929688,64.80999755859375,65.22000122070312,1190600.0,77650933.45336914,1.0
2025-12-29,65.0999984741211,65.5,64.88999938964844,65.0199966430664,1435800.0,93355711.18011476,1.0
2025-12-30,65.1500015258789,65.53399658203125,64.87000274658203,64.91999816894531,1008800.0,65491294.15283203,1.0
2025-12-31,64.91999816894531,65.23500061035156,64.55999755859375,64.61000061035156,936000.0,60474960.57128906,1.0
2026-01-02,64.19108305284644,64.47827023182916,63.68602921702371,63.9237060546875,1070000.0,68398365.47851562,1.0
2026-01-05,65.19999694824219,67.20999908447266,65.0999984741211,67.18000030517578,1595300.0,107172254.48684692,1.0
2026-01-06,66.32022076008859,66.78566176570868,65.63691310882763,66.70643615722656,2014200.0,134360103.70788574,1.0
2026-01-07,66.84507719438533,67.34022591434373,66.63711563864717,66.70643615722656,1263900.0,84310264.65911865,1.0
2026-01-08,67.36000061035156,67.7699966430664,67.03500366210938,67.45999908447266,1256800.0,84783726.84936523,1.0
2026-01-09,65.73999786376953,66.44000244140625,65.37999725341797,66.3499984741211,1483400.0,98423587.73651125,1.0
2026-01-12,65.96371585729004,66.73614668411962,65.96371585729004,66.51828002929688,861200.0,57285542.76123047,1.0
2026-01-13,66.27071021698808,67.27091285775457,66.09245635581554,67.09265899658203,1357800.0,91098412.38555908,1.0
2026-01-14,67.61000061035156,67.93000030517578,67.26000213623047,67.62000274658203,1344500.0,90915093.69277954,1.0
2026-01-15,66.65692253278219,67.29071233049667,66.55789429352124,66.68663024902344,1346200.0,89773541.64123535,1.0
2026-01-16,67.77999877929688,68.54000091552734,67.33000183105469,68.20999908447266,2604400.0,177646121.6156006,1.0
2026-01-20,67.12999725341797,67.66500091552734,66.31999969482422,66.3499984741211,1484000.0,98463397.7355957,1.0
2026-01-21,66.37000274658203,67.16000366210938,65.55000305175781,67.0199966430664,1589500.0,106528284.66415404,1.0
2026-01-22,66.86488433193152,67.2114945035931,66.29051752009342,66.7559585571289,953400.0,63645130.8883667,1.0
2026-01-23,65.95380833241532,66.50838003932142,65.4586596098666,66.38954162597656,2180000.0,144729200.7446289,1.0
2026-01-26,66.46876928649897,67.48877447757363,66.36973349463645,67.29071044921875,1063000.0,71530025.20751953,1.0
2026-01-27,68.5,69.81500244140625,68.36499786376953,69.72000122070312,1467700.0,102328045.79162598,1.0
2026-01-28,67.14217484898094,67.82547499983218,66.99857747763585,67.6274185180664,1435000.0,97045345.5734253,1.0
2026-01-29,68.30999755859375,68.55999755859375,67.0999984741211,68.11000061035156,1331800.0,90708898.8128662,1.0
2026-01-30,67.45410944826422,67.7957632812077,66.79556072997913,67.330322265625,921200.0,62024692.87109375,1.0
2026-02-02,68.16000366210938,68.41999816894531,67.83999633789062,68.27999877929688,1125200.0,76828654.62646484,1.0
2026-02-03,68.1500015258789,68.86000061035156,67.86000061035156,68.19999694824219,1206600.0,82290116.31774902,1.0
2026-02-04,68.43946256094894,68.5384908023803,66.91440346572048,67.3105239868164,1333400.0,89751852.684021,1.0
2026-02-05,68.33999633789062,68.9800033569336,68.02999877929688,68.73999786376953,1097600.0,75449021.65527344,1.0
2026-02-06,70.20999908447266,71.39320373535156,70.12000274658203,71.2300033569336,1253400.0,89279686.20758057,1.0
2026-02-09,71.98999786376953,73.73999786376953,71.9000015258789,73.54000091552734,1392700.0,102419159.27505492,1.0
2026-02-10,72.98999786376953,73.49500274658203,72.69499969482422,73.02999877929688,1229100.0,89761171.49963379,1.0
2026-02-11,73.26221192932131,73.59890945069824,72.33132986725758,73.51968383789062,1023100.0,75217988.5345459,1.0
2026-02-12,74.25,74.79000091552734,72.87999725341797,72.97000122070312,1079400.0,78763819.31762695,1.0
2026-02-13,72.55000305175781,73.11000061035156,71.70999908447266,72.62999725341797,1278300.0,92842925.4890442,1.0
2026-02-17,72.31999969482422,73.30000305175781,72.30000305175781,72.70999908447266,868800.0,63170447.20458984,1.0
2026-02-18,73.12999725341797,73.87000274658203,72.73999786376953,73.31999969482422,842200.0,61750103.74298096,1.0
2026-02-19,70.78646645378791,71.25685624078996,70.21209210811148,70.86568450927734,1216700.0,86222278.34243774,1.0
2026-02-20,71.49947490540393,72.46996975842333,71.49947490540393,72.05404663085938,1135300.0,81802959.14001465,1.0
2026-02-23,73.12999725341797,73.2300033569336,72.0199966430664,72.48999786376953,962700.0,69786120.94345093,1.0
2026-02-24,72.87999725341797,73.3499984741211,72.36000061035156,72.9800033569336,1295400.0,94538296.34857178,1.0
2026-02-25,71.0043312052203,72.04414665329237,70.97462348762464,71.92530822753906,1745900.0,125574395.63446043,1.0
2026-02-26,72.62841313757227,73.5890028964891,72.15307458092217,73.35133361816406,1685700.0,123648343.08013916,1.0
2026-02-27,73.66823028579807,74.06435079614745,73.35133538859263,73.6583251953125,1148900.0,84626049.81689453,1.0
2026-03-02,72.58000183105469,73.31999969482422,72.16000366210938,72.93000030517578,1092400.0,79668732.33337402,1.0
2026-03-03,67.88984471876843,68.781113970706,67.62741648838825,68.16217803955078,1623700.0,110674928.4828186,1.0
2026-03-04,69.79000091552734,70.16000366210938,69.21499633789062,69.41999816894531,1273100.0,88378599.66888428,1.0
2026-03-05,68.6500015258789,68.9000015258789,66.57499694824219,67.25,1410600.0,94862850.0,1.0
2026-03-06,64.78526367025272,65.83993297485566,64.31982261459939,65.5180892944336,1228900.0,80515179.93392944,1.0
2026-03-09,64.59500122070312,66.05999755859375,64.20500183105469,65.93000030517578,1714200.0,113017206.52313232,1.0
2026-03-10,66.03303599597388,66.49847701851137,65.29031288904046,65.39924621582031,1375500.0,89956663.16986084,1.0
2026-03-11,65.55000305175781,66.13999938964844,65.26000213623047,65.68000030517578,1353300.0,88884744.41299438,1.0
2026-03-12,64.93000030517578,65.12000274658203,63.77999877929688,64.3499984741211,1436200.0,92419467.80853271,1.0
2026-03-13,64.3499984741211,64.75,62.97999954223633,63.209999084472656,1157800.0,73184536.94000244,1.0
2026-03-16,63.42855543113829,64.1712785272623,63.34932982092959,64.0722427368164,1181500.0,75701354.79354858,1.0
2026-03-17,64.91400059220909,64.98332111119802,64.33962626037516,64.56739044189453,863800.0,55773311.863708496,1.0
2026-03-18,64.58720571484085,64.74070062217946,63.56720047412697,63.686031341552734,1137000.0,72411017.63534546,1.0
2026-03-19,62.06194331045868,63.03738696494243,61.853981739426615,62.88389205932617,1125000.0,70744378.56674194,1.0
2026-03-20,62.6165119961813,62.62641708692615,60.70028492706089,61.04193878173828,2934600.0,179133673.54888916,1.0
2026-03-23,62.57689853109903,63.58700244840111,62.26000362892801,62.4283561706543,1398500.0,87306056.10466003,1.0
2026-03-24,62.150001525878906,63.18999862670898,61.97999954223633,62.880001068115234,1040400.0,65420353.11126709,1.0
2026-03-25,63.26020449629545,63.63156227605326,62.74524934998572,63.10175704956055,1011300.0,63814806.90422058,1.0
2026-03-26,62.41844908749707,62.89379142557976,62.07184647983837,62.2798080444336,1639100.0,102082833.3656311,1.0
2026-03-27,62.68000030517578,63.34000015258789,62.45000076293945,62.560001373291016,1391600.0,87058497.91107178,1.0
2026-03-30,62.4382545586383,62.48776867646701,61.46776349399236,61.63611602783203,1419200.0,87473975.86669922,1.0
2026-03-31,63.95000076293945,65.25,63.54999923706055,65.05000305175781,1641200.0,106760065.00854492,1.0
2026-04-01,66.25,67.2699966430664,66.08000183105469,67.0199966430664,1359300.0,91100281.43692017,1.0
2026-04-02,65.19000244140625,66.51000213623047,65.05000305175781,66.47000122070312,967100.0,64283138.18054199,1.0
2026-04-06,65.6072059565294,66.00332644696357,65.27050845065082,65.54779052734375,673700.0,44159546.478271484,1.0
2026-04-07,65.42895668783417,65.77555930793183,64.72584635695881,65.6666259765625,1204300.0,79082317.66357422,1.0
2026-04-08,69.20198906143942,69.64762748564085,68.88509415229134,69.54859924316406,1430100.0,99461451.77764893,1.0
2026-04-09,69.50898592447732,71.24200659888717,69.49908083369122,70.77656555175781,919000.0,65043663.74206543,1.0
2026-04-10,71.00432408106526,71.3756856244921,70.56859834109598,70.69733428955078,1045900.0,73942341.93344116,1.0
2026-04-13,69.80606838860257,70.7666581687341,69.64762471801001,70.71714782714844,920200.0,65073919.43054199,1.0
2026-04-14,71.44006378310138,71.766863783913,71.16278168133539,71.57870483398438,1184600.0,84792133.74633789,1.0
2026-04-15,70.84588676238504,70.93500991421105,70.17248413445168,70.59831237792969,1183900.0,83581342.02423096,1.0
2026-04-16,70.52403047618368,70.68743046486074,69.12276620929596,69.36043548583984,1292600.0,89655298.90899658,1.0
2026-04-17,71.39054214036331,71.74704983975892,71.07364724705278,71.35093688964844,1813400.0,129387788.95568848,1.0
2026-04-20,70.77656601225284,71.01423530507165,70.21209671970155,70.98452758789062,1270600.0,90192940.75317384,1.0
2026-04-21,70.54878990535518,70.8161744542405,69.2317000075187,69.56839752197266,1614400.0,112311220.95947266,1.0
2026-04-22,69.85558505718559,69.93481066877388,69.02373124624886,69.25150299072266,1401400.0,97049056.29119872,1.0
2026-04-23,69.2118911743164,69.8308271073786,68.53848857692994,69.2118911743164,1192600.0,82542101.41448975,1.0
2026-04-24,68.53848563076978,68.62761633009197,68.0235342809604,68.41964721679688,1372300.0,93892281.87561037,1.0
2026-04-27,67.94431433409493,68.19188871731043,66.99362960919183,67.06295013427734,1370500.0,91909773.1590271,1.0
2026-04-28,67.07284906270138,67.24119781453172,66.35983369569065,67.23129272460938,1158700.0,77900898.88000488,1.0
2026-04-29,66.05284211650061,67.15207297736055,65.86469072377263,66.92430877685547,1391000.0,93091713.50860596,1.0
2026-04-30,67.33032226605157,68.4097504274649,67.17137994664252,68.24140167236328,1790100.0,122158933.13369752,1.0
2026-05-01,68.15227113034939,69.2217942041318,67.91460185463221,68.31072235107422,1420000.0,97001225.7385254,1.0
2026-05-04,67.78585787099156,68.10275275483673,66.92430391932783,67.19168090820312,1421900.0,95539851.08337402,1.0
2026-05-05,68.99402602917856,69.1376233998036,68.50878236252628,68.9247055053711,1174600.0,80958959.08660889,1.0
2026-05-06,70.20218951594644,71.27171263449709,70.09325618598089,70.99443054199219,1721100.0,122188514.40582275,1.0
2026-05-07,70.75675316471028,70.77656334566498,69.2217965770139,69.35053253173828,1479900.0,102631853.09371948,1.0
2026-05-08,70.78646822340508,71.01423241610756,69.4495605616815,69.73674774169922,1669400.0,116418526.67999268,1.0
2026-05-11,69.21189483551248,70.05364623793027,69.16237693609997,69.37034606933594,1838400.0,127530444.2138672,1.0
2026-05-12,68.4790709475285,68.5186837526177,67.53828382624239,68.24140167236328,1408000.0,96083893.5546875,1.0
2026-05-13,67.01838787655318,67.369939266134,66.63217244709706,67.24120330810547,1574100.0,105844378.12728882,1.0
2026-05-14,67.76605572574374,68.07304552169322,67.25110436911525,67.39964294433594,1031200.0,69502511.80419922,1.0
2026-05-15,66.68662815481811,66.81537166164765,66.12215889784973,66.24099731445312,1741100.0,115332200.42419434,1.0
2026-05-18,67.43000030517578,67.54499816894531,66.62999725341797,67.19000244140625,1674300.0,112496221.08764648,1.0
2026-05-19,65.43000030517578,65.62000274658203,64.66999816894531,64.98999786376953,1392400.0,90492073.0255127,1.0
2026-05-20,65.9000015258789,67.44000244140625,65.58999633789062,67.41000366210938,1741100.0,117367557.37609863,1.0
2026-05-21,67.04000091552734,68.83999633789062,66.97000122070312,68.37000274658203,1356600.0,92750745.72601318,1.0
2026-05-22,68.16999816894531,68.19999694824219,67.44000244140625,67.4800033569336,1262200.0,85173260.23712158,1.0
2026-05-26,69.02999877929688,69.41000366210938,68.6500015258789,69.4000015258789,1198200.0,83155081.8283081,1.0
2026-05-27,69.37999725341797,69.58999633789062,68.91000366210938,69.5199966430664,1138400.0,79141564.1784668,1.0
2026-05-28,68.37000274658203,68.75,67.61000061035156,68.30000305175781,1581500.0,108016454.82635498,1.0
2026-05-29,68.32499694824219,69.16000366210938,67.9800033569336,68.01000213623047,1287700.0,87576479.75082397,1.0
2026-06-01,66.56500244140625,66.69000244140625,65.58000183105469,66.58999633789062,1640600.0,109247547.99194336,1.0
2026-06-02,66.55000305175781,66.88999938964844,66.30000305175781,66.33999633789062,904800.0,60024428.68652344,1.0
2026-06-03,66.05999755859375,66.5250015258789,65.96499633789062,66.38999938964844,1771600.0,117616522.91870116,1.0
2026-06-04,66.62000274658203,66.86000061035156,66.22000122070312,66.45999908447266,2326200.0,154599249.8703003,1.0
2026-06-05,66.91500091552734,67.66999816894531,66.47000122070312,66.80999755859375,3188600.0,213030358.21533203,1.0
2026-06-08,67.37000274658203,67.44999694824219,65.95999908447266,66.0199966430664,1885500.0,124480703.67050171,1.0
2026-06-09,66.62000274658203,66.80999755859375,64.99749755859375,65.80999755859375,1858900.0,122334204.46166992,1.0
2026-06-10,65.27999877929688,65.61000061035156,64.1050033569336,64.30000305175781,1879600.0,120858285.73608398,1.0
2026-06-11,65.18000030517578,67.41000366210938,65.01000213623047,67.3499984741211,2410000.0,162313496.32263184,1.0
2026-06-12,67.3499984741211,68.0199966430664,66.81999969482422,67.94000244140625,1538300.0,104512105.75561523,1.0
2026-06-15,69.16999816894531,69.2300033569336,68.43000030517578,68.51000213623047,1622100.0,111130074.46517944,1.0
2026-06-16,68.70999908447266,69.70999908447266,68.68000030517578,69.58999633789062,1645100.0,114482502.97546387,1.0
2026-06-17,69.4000015258789,70.31999969482422,68.5199966430664,68.7300033569336,1898400.0,130477038.37280272,1.0
2026-06-18,70.04499816894531,70.1449966430664,69.12999725341797,69.22000122070312,2462200.0,170433487.00561523,1.0
2026-06-22,69.2699966430664,70.80500030517578,69.0199966430664,70.76000213623047,1558500.0,110279463.32931519,1.0
2026-06-23,69.75,70.4800033569336,69.43000030517578,70.01000213623047,1673400.0,117154737.57476807,1.0
2026-06-24,69.4000015258789,70.2699966430664,69.19000244140625,69.52999877929688,1892900.0,131613334.68933105,1.0
